village_code,q01,q02,q03,q04,q05,q06,q07,q08,q09,q10,q11,q12,q13,q14,q15,q16,q17,q18,q19,q20,q21,q22,q23,q24,q25
601010101002.0,9000.0,9000.0,9000.0,9000.0,12266.666666666664,16820.0,18852.444444444445,19958.466796875,20961.55029296875,21964.6337890625,22967.71728515625,25821.667317708332,26260.0,26282.5,26305.0,26327.5,26350.0,32263.777777777777,34001.11111111111,40188.333333333336,47550.09999999999,50612.85,53675.600000000006,56738.35,59474.07465277778
601010101004.0,5247.08349609375,6276.885942225303,7569.187051096271,8861.488159967239,10153.789268838205,11446.090377709173,14753.780393145162,14921.120715725807,15088.461038306452,15255.801360887097,15423.141683467742,16133.500000000002,19741.23828125,24126.248891129035,25505.89647177419,26885.544052419355,28265.191633064518,29644.839213709674,42270.42986111109,49734.580846774195,50954.02197580645,52173.46310483871,53392.90423387097,54612.34536290322,72300.4444444444
601010101009.0,6490.152770651932,8950.756811347695,9067.483416347039,9184.210021346382,9434.993083211139,9706.747210475234,10731.155785544564,18678.140329000296,19780.86191017077,19905.49164156939,20030.516882705575,20609.04149803194,22736.891487379475,22979.297964254543,23221.704441129612,27079.611431135243,30641.024023884143,36311.01886172721,41981.01369957029,45327.9638889464,48348.264793304385,51224.23542403165,53177.58220456753,55130.928985103405,84333.13888536936
601010101010.0,4090.0,4171.285684962894,5309.285699118738,6447.285713274583,7585.285727430426,8723.28574158627,9818.666668908483,10359.999764276583,11697.447365424592,13477.180786000605,15256.914206576617,17036.64762715263,18816.381047728642,19724.099732040504,20606.166216950845,23170.49995816584,25172.000005746926,28236.78605110228,33491.78712492504,45104.24994617089,53123.499779620375,57060.49982859363,60997.49987756688,64934.49992654012,68871.49997551338
601010102001.0,6968.0,7022.991789193509,7255.690865493402,11113.950208854352,16345.16664010305,16568.08331009017,16790.99998007729,17072.85701651151,18769.28561320921,20465.714209906906,22162.142806604603,22867.916663097956,23107.5,23347.083336902044,23707.619066016745,24325.17859902512,24942.73813203349,25560.297665041864,31020.7147917618,36682.91725705544,42345.11972234906,47337.80536365044,53056.5858682772,56599.512243354606,68309.39056969617
601010102003.0,187.06382978723414,3233.531914893617,6280.000000000001,9326.468085106384,12372.936170212766,15419.40425531915,23438.217872340425,23711.429787234043,23984.64170212766,24257.853617021276,24531.065531914894,24768.982127659576,24930.425531914894,25091.868936170213,25253.31234042553,25414.75574468085,25932.58,26584.84255319149,26586.00680851064,26587.17106382979,26588.335319148937,26589.499574468085,32898.200000000004,38626.479999999996,58682.60000000002
601010102010.0,10420.0,10420.0,10420.0,10420.0,11126.269132401316,12794.751101973685,14054.30527599299,14111.526379964953,14168.747483936915,14225.96858790888,14873.885106222588,18471.08210526316,23244.0,25345.65460526316,28066.30282072368,34043.5894736842,36726.45271028038,38029.62429906542,39332.795887850465,40635.96747663552,42242.27962616822,44002.07626168224,45761.87289719626,47521.66953271028,85458.80701754385
601010102013.0,7542.5,7542.5,7542.5,8715.803525589254,10328.5712415872,11874.178410765875,14153.857224359806,17620.214455471967,20654.837781794056,21103.663736736165,21552.489691678278,22466.938306878,23814.285755400757,24617.0000214747,24956.125019177794,26496.791572016093,37930.6427760138,49364.49398001149,59897.56798450923,67985.67598838193,76073.78399225461,84923.56769500465,94812.00000000001,104700.43230499535,154824.71360766402
601010103001.0,7580.0,8799.19995069504,9458.506757026023,10079.681231368857,10700.855705711689,11322.030180054522,15441.679980278017,18472.312562005063,19129.25895160188,19786.205341198696,20443.151730795515,21711.620092138644,25609.0,27630.079134631284,28398.39283460353,29012.920500368768,29627.448166134003,30241.975831899235,30919.275003466755,32499.231171323925,36478.52606690183,38496.73885319081,40514.95163947978,42533.164425768744,63421.57238048433
601010103002.0,9306.6669921875,9306.6669921875,9306.6669921875,9306.6669921875,12153.377877604167,13432.437446289063,13466.270688476563,13500.103930664063,13584.355234375,16441.599921875,19427.2,22473.600000000002,25520.0,28337.800000000003,29250.6,30163.4,31076.2,34597.142187499994,40558.770000000004,47257.97125000001,49135.5325,49694.57697916667,51898.666666666664,63875.19999999999,78671.73333333334
601010103003.0,24940.0,24940.0,24940.0,24940.0,24940.0,25143.264070060482,25300.43185735887,25569.892527721775,26965.688681955646,33581.80096522177,44150.115645161284,59289.3967842742,68904.03654233871,74238.34620535714,74853.6441007653,75468.94199617347,76084.23989158163,76699.5377869898,79818.94908266129,83012.4302869898,85879.6241135204,88746.81794005103,91614.01176658164,94481.20559311224,107999.38503024193
601010103005.0,5895.0,6695.874784189473,9651.666552495932,10677.666767244304,12292.021288798838,14056.885215498054,15889.66978794242,18863.999009299325,25030.466484975932,25878.265917205954,26709.54603993523,27536.106352716004,28972.99957385065,31142.908061688493,33397.37271018949,35651.83735869049,39117.13764998994,42696.97666154996,50199.065110492666,60209.99679457773,70012.36404350835,79419.39651299619,81216.22970653993,83013.06290008368,122908.75127941361
601010103007.0,8480.0,9559.98146973048,10947.242235267495,12334.503000804512,13721.763766341526,15109.710196513484,15946.12042630436,16047.474843678094,16148.829261051827,16250.183678425563,16351.538095799297,16629.384404153974,16708.738730794703,16788.093057435428,16867.447384076157,16946.801710716885,17101.564608314202,21393.78264115689,27098.17714459337,34637.55087778192,35493.46667785644,36349.38247793097,37205.2982780055,38061.214078080026,46544.290500731906
601010103008.0,19411.427734375,19507.078466082316,19919.572246570122,20332.06602705793,20744.55980754573,23635.6832421875,27976.965714285714,29752.82857142857,29935.985714285714,30150.264285714286,30896.621428571427,32508.100000000002,35201.07142857143,35861.70113185976,36319.90636051829,36778.11158917683,37309.18205357143,38139.809598214284,39139.082926829265,40151.53170731707,41163.980487804874,42647.278048780485,45862.34146341463,49077.40487804878,52292.46829268293
601010104002.0,7128.0,8190.352880981523,13184.088134969206,13937.591665323394,14349.641665976878,14761.691666630362,15173.741667283846,16807.953952119125,19475.92105248298,19961.44736738086,21277.010520628613,25056.99996860404,29152.47367561557,30296.985432610396,32623.698163573128,34950.41089453587,37277.12362549861,39603.83635646134,52661.76413653314,71593.02731532682,81797.62519132449,82239.80064543954,82396.04733602823,82552.29402661695,82708.54071720564
601010104004.0,5882.5,5882.5,9400.5313083164,13194.448185146675,13548.458905461157,13902.469625775637,14472.34385196608,16242.017878276798,18476.47022197488,21239.079905931983,23168.869592660132,24814.333150307335,25965.833169917263,27117.33318952719,28235.101702538286,29106.828382963464,29608.827933180262,29632.887238835527,29656.946544490787,30912.39260275692,33628.32122043748,36344.24983811804,55914.284099754026,93836.57045985234,131758.8568199508
601010104005.0,5880.0,5880.0,5880.0,5880.0,9576.000004846894,12864.148393913554,13999.00544103996,15133.862488166369,16268.719535292777,17260.658775231383,18513.435243424676,19342.69563927463,21887.571289062496,25037.964734521887,26613.176522478676,30238.712139963594,37254.52739066805,43959.27017676488,50664.01296286174,57368.755748958596,61752.13653363364,63160.250804427014,64568.36507522038,65976.47934601374,94739.71131790752
601010104006.0,16367.2001953125,17657.095087882182,21364.750599078423,21670.65005745979,25005.550275887676,29367.360438851036,31728.754332176413,32204.91432808541,32681.074323994406,33157.2343199034,34337.760146971006,36662.880126994365,38988.000107017724,41313.12008704108,43189.500007938695,43442.11434372051,44580.91433393633,45719.71432415215,46858.51431436796,47997.31430458378,52291.771467028426,57112.171425613196,61932.57138419796,66752.97134278271,88588.49974686388
601010104008.0,6540.0,6953.064287431951,8135.325873496722,8469.32016503984,8803.314456582959,9137.308748126077,9742.135194396695,10572.013635522604,11401.892076648517,12231.770517774426,12698.587082202472,13150.905870597355,13603.224658992236,14848.08747073249,17082.8037522271,17975.270502930707,18774.61305250972,19160.579317350082,25072.838669619785,30452.723951927823,32190.755213757107,36168.31065415621,40145.866094555306,44123.421534954396,67430.60038996597
601010105001.0,11025.7138671875,14159.543386254683,16916.216195902743,18972.100882344002,20374.538895963244,21507.589657179695,22688.59614672119,23869.60263626268,25050.609125804178,27404.974800725653,29458.69829513572,31058.20179717541,32631.43513739109,34204.66847760678,35777.90181782246,37805.48642825453,39150.5242921839,41500.79990806579,44302.826586990355,47104.85326591491,49906.87994483947,51488.94722206345,52349.72457825961,53210.501934455766,54071.27929065192
601010105003.0,8076.0,8222.823811766053,9325.460592292786,10428.09737281952,11530.734153346253,12960.038660755712,15249.98711308143,22996.4438438255,27290.634208634077,28284.55462222553,29704.279565902285,31124.00450957904,32543.729453255793,33625.40581647561,33977.31163295123,34227.770988686054,37686.62165034205,43445.18188614221,49203.74212194238,54962.30235774255,57659.577463570946,59194.90509895608,60730.23273434122,62265.56036972636,67473.78701456072
601010105004.0,5420.664274377208,12311.667939212624,19624.780587872374,20062.532487094253,20540.97409068229,23444.41492549329,25681.50049760589,27933.057625624508,30073.91934455281,30647.187082533263,31353.999171318123,38978.99635401566,40386.338256085204,41529.97275760387,42781.105812795235,44004.442185814776,45209.34345297995,46756.57648924459,52788.678247429474,52815.89721897878,53087.60505244822,55250.35948523751,57413.11391802679,66923.21010775746,78187.73670258583
601010105005.0,3831.666748046875,4542.070271443007,5486.333349609376,6651.5624947613105,9248.943971099852,11410.62931406657,13572.314657033285,14480.0,15210.453336588542,22532.152330247278,23435.52683291643,23715.914092499286,25296.0,26630.903472615562,27965.806945231117,28269.896000823974,28331.52800109863,29270.07814429584,32793.751392969025,40722.235499329436,53177.925438170554,64492.625024726614,72076.0,81288.84270772297,93182.12510463409
601010105006.0,7376.66650390625,7376.66650390625,7376.66650390625,7376.66650390625,7376.66650390625,10312.681127016094,14796.576185293652,16746.817206566342,18149.832043439797,18399.02113258482,18929.700414956704,19460.379697328593,19991.058979700476,20521.738262072362,26013.189584446292,28826.595306745607,31286.513096493487,31619.472263450138,31952.431430406785,32285.390597363436,32721.615466660336,35630.14536295804,38538.675259255746,41447.20515555344,44355.73505185115
601010105008.0,11892.5,12298.46001076577,12967.10000414068,13635.739997515591,19112.085979894993,21922.484787689842,22789.076685353386,23655.66858301693,24927.585968820465,26326.16757996289,27724.74919110532,28304.16773148084,28660.17810295338,29016.188474425922,35336.37291881214,47219.43995941162,50216.13327733821,60899.20001816489,62365.84000363298,63832.47998910106,67081.26659837202,80643.21608400045,103250.63985999924,125858.06363599797,149948.63967323996
601010105009.0,12206.0,12567.996582868273,13022.266796875,13476.537010881728,13930.807224888455,14744.51872666638,17827.91433131294,29143.75768653541,35826.33282204541,37154.80616105924,37942.140937801836,38729.47571454443,39516.810491287026,40304.14526802962,52822.84522682944,59504.69929737921,64484.010564628275,69463.32183187733,74442.6330991264,78236.43826833476,80240.36173166524,82244.28519499571,84248.2086583262,86252.13212165667,208493.32842650224
601010105010.0,7168.33349609375,9932.717908653845,13858.762862356085,13951.892765727796,14045.022669099506,14138.152572471217,14471.675328947369,15526.376644736842,16581.077960526316,17635.77927631579,18593.496794871793,19383.076923076922,28760.0,30062.153846153848,30912.809210526313,31734.756578947367,32556.703947368424,33378.65131578947,33753.10855263158,34022.45065789474,34291.79276315789,34561.13486842105,34890.86187900641,59857.42926682687,149585.21025641024
601010105011.0,9200.0,9200.0,9200.0,9247.412802507675,9712.509674038974,10284.344455556871,11281.409270022708,12327.17019677324,13486.906354191835,15632.736039812291,19269.731744369918,21284.524913405963,21655.97901282739,22027.433112248815,22729.145483140186,26446.49556846029,29634.083079380685,30667.881192975856,32574.11325377084,36554.16433972918,40534.21542568751,44514.26651164584,46783.21423768997,48857.92854261398,50932.642847537994
601010105012.0,2200.0,2383.367652167395,3909.779420278992,7906.6382732754155,11548.244457301043,13020.940751528462,14493.63704575588,15655.435296397556,16064.169414956577,17071.929422460875,17601.816692085835,17661.569990613003,17721.32328914017,18392.470754953985,19769.073009964544,21145.675264975107,23268.392598808387,26528.62963126536,29788.866663722343,35056.73755387114,44439.26400862885,45299.969036244285,50641.75929122706,59744.05557473622,68846.35185824541
601010106001.0,2400.0,2400.0,2400.0,2400.0,4868.499745400749,15988.800003204346,17019.99995930989,18779.99980333116,20539.99964735243,22299.999491373695,24838.66627909343,35353.19417007518,35662.68906089301,35972.18395171085,36281.678842528694,36591.17373334653,37794.357784050546,40020.511923426944,42246.66606280336,44472.82020217976,46698.97434155617,50907.820064573505,55513.20406398108,60118.58806338864,64723.972062796216
601010106003.0,15272.0,15272.0,15272.0,15272.0,15272.0,15655.148792067308,17564.248234375,17567.905234375,17571.562234375,17575.219234375,17578.876234375,21168.95384615385,23427.5,25155.5,26883.5,28611.5,30123.31436830357,31103.42893973214,32083.543511160715,33063.65808258929,34043.772654017856,38948.2104326923,47848.64609375,59187.0041225961,104400.55384615382
601010106004.0,16542.5,23524.3194475037,29988.787121381967,30740.217784891127,31238.057783956527,31735.897783021926,32233.737782087326,32794.795587977496,35865.62531750733,38036.0055657506,38793.7722309947,39551.5388962388,40309.305561482906,41067.07222672701,41313.02222318649,41550.088889408114,41787.15555562973,42024.22222185135,42766.692738749654,43754.28946758037,43871.49988402699,43988.71030047362,44105.92071692025,44223.13113336687,119705.46024323991
601010106006.0,13763.3330078125,14069.1108203125,14762.991240985577,15456.871661658653,16150.75208233173,16693.828205128204,16900.176923076924,17106.52564102564,17312.87435897436,17520.72,19059.599999999995,29775.39282051282,30034.871794871793,30294.35076923077,30553.829743589744,30813.30871794872,34870.798,41852.84999999999,47052.496,50199.32,52833.079999999994,55466.84,58100.600000000006,90386.95999999993,121297.51999999999
601010106010.0,7884.0,10920.879796890264,15082.355527292888,15793.60886547125,16504.862203649613,17216.115541827974,17927.368880006336,19075.499966526033,19592.249992827008,20109.85931400823,20825.77056888499,21541.681823761748,22257.593078638507,22973.504333515266,25349.333884320942,28871.259651486038,32490.815092808967,36110.37053413189,39729.925975454826,43363.332990471994,47822.398509826635,55657.4210631985,63492.44361657037,71327.4661699422,79162.48872331408
601010201002.0,8028.0,8427.77816971712,9395.495476606613,10505.333320626269,11615.17116464592,14654.181774769933,18917.67213915732,20891.37856978442,22633.54537322354,25801.98163151071,29159.321425866332,31294.961614916276,32762.498671232373,34230.03572754848,35696.56498196589,37163.08174689117,40549.751141304616,47139.891718552346,53730.03229580009,68604.37226371521,75420.99452447362,78218.55129681282,81634.05393894437,89900.4323633666,98166.81078778887
601010201003.0,5786.9091796875,6421.905609551631,10813.963776336052,15244.977956390381,18272.000061035156,19923.08620091274,27113.258123805976,31756.584321395127,35423.62003712727,39090.655752859406,42757.69146859154,46410.24255538408,46470.63829953339,46531.0340436827,46591.42978783202,46651.82553198133,48867.0740594864,56484.62970256804,57559.838299149895,58140.48510255032,58721.13190595075,59301.77870935118,60830.61096525192,65908.36657915116,149114.52166833877
601010201004.0,11012.0,11012.0,11012.0,11012.0,11058.622265625,11146.68654513889,11234.750824652778,11322.815104166666,12247.352854082663,14361.795186491936,16495.888911290323,16861.98316532258,17684.0,18667.733333333334,19651.466666666667,20635.2,21596.795715725806,21827.850050403224,22486.71655454282,23198.617625144674,23910.518695746527,24622.41976634838,30655.806451612905,32322.516129032258,65663.99999999994
601010201005.0,15411.4287109375,15646.093600657121,17118.285804748535,20142.039631418083,23165.793458087624,26189.547284757173,29213.30111142672,29504.800004733694,30346.790342392556,31238.43341357011,32130.076484747668,33021.71955592522,33956.875,34654.71079422753,37755.49032131945,42391.24395839251,42452.72088107329,42514.197803754076,42575.67472643485,42637.151649115636,46283.657165718076,50104.334064175535,53925.010962632994,57745.68786109044,62499.30904916653
601010201007.0,9607.5,9615.847368421053,9664.745614035088,12080.048771929825,14231.372756990131,15673.700865542763,16970.131030016448,20691.57894736842,22896.185974025975,23346.704415584416,23797.222857142857,24247.741298701298,24833.78947368421,25686.270454038153,26707.355348518668,27728.44024299919,28923.410751096522,44283.3708607456,54527.119480519475,62394.48571428572,70261.85194805195,78509.8909090909,90541.35064935066,102572.81038961037,114604.27012987013
601010201009.0,10266.6669921875,10266.6669921875,10602.666984558105,11121.066981506348,12868.224409805032,14929.7151767468,17817.93997218132,20968.299953635535,25694.49996338469,30581.50000523076,33178.318203547766,35434.04549559023,37941.36370480225,40499.00009033897,42083.27278586984,43418.54552457615,46831.40020373662,50903.0001797676,52977.850071597095,54834.250052014984,56440.75004255772,57975.20002581278,59228.000018437706,60490.30001130104,61770.10000376702
601010201011.0,8394.967584348762,20550.188976463392,20552.51968511476,20554.850393766123,20557.18110241749,20559.511811068856,27061.843446386618,29938.853362620543,32815.86327885447,35692.873195088396,38569.88311132233,40364.88663694069,41873.20474067192,43381.52284440315,44889.840948134384,46121.86282894023,47528.63942228262,48935.416015625,50342.19260896738,51748.96920230977,77706.02433278374,84731.40112335124,91756.77791391873,98782.15470448622,118492.07530912102
601010202001.0,6080.0,6080.0,6080.0,6080.0,9315.281527622417,12224.607995296337,13873.30300592592,14740.544552804475,15751.224683189104,16761.904813573732,17772.58494395836,17995.65727272204,20497.999999999996,26812.49824001245,34167.39706412493,34364.5984191442,34561.79977416345,34759.00112918272,37796.2499928068,43826.09799044997,50316.480261301775,54093.23984211905,65270.17131579933,76447.10278947958,87624.03426315986
601010202002.0,15115.7138671875,15331.33430926546,15759.668803644665,16188.003298023872,17027.725995620443,18774.706349370706,20222.905248920863,21224.336906712368,21978.366686392023,22732.396466071674,23490.615067907293,24285.972229513543,25081.329391119794,25876.686552726045,30681.45372811796,32268.613206895287,33439.94963703719,34611.28606717909,38688.11739700584,40881.43150635595,43194.629306480056,46155.54128104012,49116.45325560017,53330.50204981211,80921.21466990338
601010202003.0,7350.0,8528.537142857143,10426.527272727273,10475.986666666668,10525.44606060606,10574.905454545455,11139.541486607144,13479.90171875,16739.232138392857,17510.904545454545,18241.77727272727,18972.65,19703.522727272728,20434.395454545454,20850.68,22096.542424242427,23512.99090909091,24929.439393939392,26345.88787878788,28413.421714285716,35563.56346874999,42898.344550189395,48635.960392992434,54373.57623579545,60111.192078598484
601010202004.0,9152.0,9152.0,10850.827005165651,13945.557807231911,16012.719002828791,17388.77127202871,18764.823541228623,19260.809330842934,19482.275457203144,19703.74158356336,20510.733923338747,21364.116961669373,23808.64439322024,26293.085253423575,29110.9586085446,33979.085994769404,38357.314651304514,40630.95258405806,45646.53971164058,59452.38086507829,69961.27112723945,72267.71177137629,75377.83652714321,80078.70191628592,84779.56730542865
601010202005.0,11083.25,11164.24905263158,11421.095789473684,11677.94252631579,11934.789263157894,12341.719420797413,13264.291697198276,15124.696551724137,16650.05379310345,17002.40511595395,17195.88921792763,17389.373319901315,17582.857421875,17588.563214638158,17594.269007401315,17599.974800164473,18353.12413793104,24625.068965517243,30194.83448275862,31729.288546875,31935.006609375,32140.724671875,32346.442734375,41917.53580549569,56175.75172413793
601010202007.0,22971.666015625,25391.30798434705,30265.844994106956,32062.014222873688,32113.459556072234,32164.904889270783,32216.35022246933,32286.54444463253,32372.691111073495,32458.837777514458,32544.98444395542,32988.36289846984,38147.91601562499,43257.19121092781,44099.649302470585,44942.10739401336,45784.56548555613,48968.59673229414,65404.154803234196,113831.97445141569,166686.6971419972,193859.7068359184,212316.93345422746,230774.16007253644,249231.38669084548
601010202011.0,7272.0,14601.891428571429,17825.0,18003.168421052633,18149.863157894735,18296.55789473684,18443.252631578947,18629.22421875,19144.328571428574,28492.36672991071,30349.690703125,30805.283828125,31260.876953125,31716.470078125,32284.726315789474,33095.37894736842,33906.03157894737,34716.68421052631,35527.336842105266,35907.347368421055,36143.81052631579,36380.27368421053,36616.73684210526,38521.51999999998,61787.98857142855
601010203001.0,11963.3330078125,11963.3330078125,11963.3330078125,11963.3330078125,11963.3330078125,11963.3330078125,14197.014288163347,20748.94911815499,26716.75893332447,29386.53727505011,31478.94718724782,31646.144940667094,31813.342694086365,31980.54044750564,32147.73820092491,32314.935954344182,32482.133707763456,36872.83482074737,46013.72429795012,47857.88831915643,48783.484619082534,49709.08091900864,50634.67721893474,51560.27351886084,52485.869818786945
601010203002.0,8483.0,9132.780839071007,9883.009771596762,10633.238704122517,11383.467636648273,14787.889553029654,21328.367204069462,21419.784562708297,21511.201921347132,21602.619279985967,21694.036638624802,21800.331330486428,21917.19199694955,22034.05266341267,22150.91332987579,22357.377989824472,23382.692960955264,24105.674238660882,24828.655516366503,25551.63679407212,26274.61807177774,29681.445028586702,50206.97985144235,67418.57436609558,84199.70309907911
601010203004.0,8012.014548320771,8459.596085165464,8907.177622010158,9354.759158854851,9802.340695699546,10592.750371609372,12434.654764147026,12837.424125672831,13240.193487198634,13642.962848724439,14045.732210250242,18610.44086754169,32644.1669921875,47665.41355354135,57353.20523891327,58149.20089800954,58394.38217116231,58639.56344431508,58884.744717467845,59129.92599062061,77483.99022656295,79591.25281510453,81698.51540364609,83805.77799218765,85913.04058072921
601010203006.0,9306.0,10089.942609740616,10204.139139202864,10512.301821553354,10855.300354944296,11493.904911894087,12239.842953727486,13236.080870011374,14519.970126346907,15768.186580769132,16128.19194326998,16508.505747393967,17904.3330078125,20530.467666968314,25881.608965718555,26059.62322666004,26070.445665583637,27874.19292061736,30980.65923314955,35399.61564613573,44342.74806486699,50166.84889348658,53633.46349534756,55530.49756572072,55870.16585524024
601010203009.0,13335.5556640625,14304.72009359497,16478.97999731364,17311.81374256156,17373.60578073848,17435.397818915397,18126.125954294406,19884.654553088367,21643.183151882327,23423.83900502158,25778.739086166188,29196.322500891805,29296.745640053374,29397.168779214946,29497.591918376515,29585.82020016835,29672.329289928017,29758.838379687684,32778.24357317479,38006.29639627295,43234.349219371084,51918.262855488734,66478.09633747299,91531.27529333843,135485.09638018065
601010203010.0,10834.7998046875,11152.265049123871,11693.517281513989,12234.769513904106,12806.20471104065,13975.262505149756,15144.320299258865,16313.378093367972,17275.704992129693,18142.652638453434,19413.44735796075,19978.913041615757,20286.25,20593.586958384243,21161.9579052895,22918.782606845994,25360.521752078053,27802.26089731011,30244.000042542168,45803.95803620991,49901.630453185004,51636.84785500501,53372.065256825015,56061.05273397345,66579.78961189672
601010203011.0,156.0,1610.2640884128016,4327.687032819764,7045.109977226725,8285.208888134615,10341.66838635681,13120.965672227198,14425.994194737514,15271.445332598934,16116.896470460353,17590.66724033384,18104.27958781517,18528.714013043074,19010.385116684334,21033.18443232616,25842.0576669448,26443.90982709526,29018.65925746257,29527.88960974447,30037.11996202637,31250.32041698706,34052.36959070252,36854.41876441798,48449.1198883633,64846.56169475364
601010204001.0,16550.0,16550.0,16550.0,16550.0,16559.74999974966,17504.383297837972,18780.483284798862,20056.583271759748,21200.49997367859,21683.49998025894,21887.69999002695,22085.09998800993,22282.49998599291,23580.649791367054,26646.499790859212,30235.983241317215,32902.28437139269,36828.0003194809,39687.09996016264,41813.69993843317,43940.2999167037,46161.89983517647,49618.4998822689,59908.99977083205,103353.59960563658
601010204007.0,3730.0,3730.0,9568.738990990201,15657.194772801338,21236.584406548147,30715.332878721456,39563.92220396201,39782.38887242476,40000.85554088752,40219.32220935027,40437.78887781302,40663.78326841593,42192.08328098059,43720.38329354525,45248.6833061099,46776.98331867457,48305.283331239225,49444.50000727177,50505.90001599789,51567.300024724005,52628.70003345013,53690.100042176244,67452.72795476204,87385.96395888839,103368.6546529628
601010204008.0,8952.5,8952.5,8952.5,8994.281564862065,9838.709273520179,10969.314022770603,12450.0063283473,17786.14888324902,22309.146977467502,22361.656745230837,23267.040025634764,24630.312471693505,25993.584917752247,27582.71350362682,30074.427007253635,32612.68376811808,35188.840848744156,47070.55057264893,55069.68330512454,57270.162916836154,59470.64252854776,61671.122140259366,67250.8679959999,73006.52079759992,78762.17359919997
601010204009.0,10065.0,10065.0,10065.0,10065.0,12860.148108108107,14720.307361718751,15694.89278046875,16669.47819921875,17644.06361796875,17925.970015625,18198.802015625,18471.634015625,20999.68422719595,27174.71164695947,36097.30526182431,39077.9474984375,39938.9462609375,40799.945023437496,41707.776347128376,42891.502461993245,49452.86932010134,64496.89729729728,83794.32432432432,84960.59459459459,114983.10270270267
601010301006.0,12639.3330078125,13847.770827078602,18587.447979544042,26445.089420085467,29070.728291678428,29462.03829510212,29853.34829852581,30244.6583019495,30635.968305373193,33839.04374875455,37950.86934008904,38394.62026584655,38838.37119160406,39282.12211736158,39725.873043119085,40337.193643103106,42103.53935225707,44405.30770052094,46707.07604878482,49008.84439704869,51197.33665195273,52199.41027790768,53201.48390386263,54203.557529817575,55205.63115577253
601010301007.0,8530.0,8551.71891891892,8646.370550537109,8866.767049560547,9087.163548583985,9307.560047607421,9637.643693237305,10296.788778686523,10955.933864135743,11615.07894958496,12159.466014569256,13347.149317989866,19996.666015625,23321.550187922297,25118.85100524902,26657.501674194336,28196.15234313965,29734.80301208496,34859.00678771973,40404.74861877442,45950.4904498291,51496.23228088379,61873.34054054054,78586.11459459458,115983.8918918919
601010301008.0,7133.33349609375,7133.33349609375,7133.33349609375,7133.33349609375,7133.33349609375,7780.821043975735,8597.108819016777,9413.39659405782,10229.684369098863,11140.565800194563,14260.314280807987,20087.102291250594,21422.591084089436,22365.90912242952,23309.227160769602,24252.54519910969,25195.863237449772,28252.191101395485,36236.16375880261,36583.222454943694,36845.25496673215,37107.2874785206,37369.31999030906,37631.352502097514,40445.45709360539
601010301009.0,8158.888671875,8158.888671875,8158.888671875,8254.480867703996,9386.551020456973,11617.340032839247,13848.129045221522,15728.247798457976,17574.534435452184,19413.762659381224,20660.906346132306,21802.72138214692,22946.683984061277,24091.20495303716,25235.725922013036,25535.054540928926,25823.709083574468,28861.264635759475,44303.23878145571,53141.177621012794,57112.72559622888,67408.09334915946,95226.9103391821,146536.14620350918,197845.38206783638
601010301010.0,1620.0,2946.944500898727,6539.676072341669,7995.546305965838,13559.750043279597,14614.771916107875,14705.440222945013,14817.737841451417,15041.64270487085,15265.547568290283,17270.772594402624,21066.054632234285,24837.08334862082,28391.91668806916,31535.208911029724,32513.28214466083,33262.76780991132,34133.55667101985,35004.34553212838,48406.00010437436,54141.17848624513,58229.06416985733,62019.89715982217,64277.9382958933,66535.97943196443
601010301011.0,16882.666015625,16882.666015625,16882.666015625,16882.666015625,16882.666015625,16882.666015625,16882.666015625,16882.666015625,17540.445575420672,18311.635404146633,19082.825232872594,19854.01506159856,20625.20489032452,21396.39471905048,22167.58454777644,22912.363636363636,23555.272727272728,26947.27272727272,27989.090909090908,30677.77838541667,33803.27365056818,35292.0,41820.0,42578.72727272727,153935.7575757576
601010302001.0,9565.0,9604.095753724352,10120.159589540586,12683.29802191706,15773.02822271573,16930.35214847715,18279.25538374537,21965.425639575617,23599.946830473426,24047.640851734603,24191.26056782307,24416.796418573074,25641.708874705124,26663.53534248975,27576.73443707992,28156.79120406864,28539.190172325594,30574.499999999996,32609.809827674406,34124.04220800054,35595.563312000806,43485.052791709204,49985.90424434801,50361.542546608805,53204.22068533876
601010302003.0,5200.0,5308.030239027917,6517.828067650694,7247.148499257995,7748.896067397687,8250.643635537379,8576.377303975694,8786.070919949958,8995.764535924221,11777.893740500554,16307.417466969955,16543.66122576378,16779.904984557605,17053.546695524285,18221.487856942276,20377.995818726755,22546.41711196277,22678.620617757097,24823.871749403763,29313.030954395683,36632.072226923236,42611.79801747035,47012.340466113805,50263.40427966828,53514.46809322276
601010302006.0,9336.25,10354.808093509673,11547.354766225815,15218.867809135438,16290.718481239319,17287.06129282488,18013.883004845185,18903.370014064833,20355.84431309952,21668.043391157396,22399.32164312209,24317.071252375696,26780.0,27284.258106724636,27788.645099111767,28317.133664292647,28851.419640187214,31981.52045654138,36000.00000368146,37297.50502915949,38128.79795004308,40193.41954361626,52150.22856845856,52969.90857261658,57210.02834389812
601020201003.0,18005.41796875,18244.921578663794,19411.200026939656,25185.595016163796,29360.799690193966,31370.527922952588,31516.86455792683,32022.078887195123,32527.293216463415,33032.50754573171,33799.2140625,35018.74851371951,36238.282964939026,37457.817416158534,40488.355441810345,43245.07317073171,44523.512195121955,45801.95121951219,47080.39024390244,47838.553467987804,48423.29142530488,49008.02938262195,49568.36893857759,49879.844800646555,85134.73227370689
601020201005.0,3748.0,3919.1955223880595,5348.305970149254,6777.416417910448,8206.526865671642,11331.933962264151,14513.216922169811,14876.084610849057,16156.402395341982,17605.811036613806,19088.318685867536,20570.82633512127,22053.333984375,22182.943890035378,22453.842811333954,22811.41482625933,23168.986841184702,23517.10697965802,23802.088583431603,28315.960045695763,43004.70188679242,72631.38867924524,85298.50746268657,97787.10447761192,110275.70149253731
601020201007.0,364.0,5489.980395211511,8608.499096721758,9948.554133107138,11288.609169492516,12628.664205877896,13514.02882888988,13885.980194589458,14257.931560289036,14629.882925988615,16442.892752341326,22442.180065730223,24021.3046875,24409.731122699694,26388.299887231304,29180.63984312455,31972.979799017798,34765.319754911034,36617.40979024284,37110.92663605712,37604.44348187139,38097.96032768567,39151.10213198355,46866.50875448984,77241.72815242129
601020202001.0,12137.5,12495.035875185418,16283.39312530903,23514.409523124265,31542.934631598306,37651.73434139793,39713.080414909964,40531.08486181979,40781.517791593804,43732.048377369545,45368.008261815994,46328.703184408,47289.398107,48250.093029592,49182.674276710735,50091.70644546587,51000.738614221,51909.770782976135,52765.604899543556,53550.258535320965,54334.91217109838,55119.56580687579,56240.142725200065,58104.085635120035,84876.1138699434
601020202003.0,14900.0,15109.66986089939,16823.89377858232,17633.13025691106,18131.99198167067,18630.853706430287,19566.934615384616,21814.673076923078,24062.41153846154,26310.15,30198.005853658535,33402.45645960366,34605.71484375,35850.034996189024,37165.86538461538,38525.096153846156,39884.32692307692,42669.76922637192,55198.48822027438,61421.35213795732,77433.3560442073,113492.7961051829,122502.15198317308,131365.29118990383,140228.43039663462
601020202006.0,6535.0,6535.0,14429.961727430556,19010.130595486113,19129.759984375,20738.017021276595,22485.62553191489,24233.23404255319,24965.44,25246.851993055556,25282.36654861111,26006.084968417556,27077.423745013297,28148.762521609046,30047.994475694442,32875.32569791666,34685.296346409574,36433.69762300532,38182.098899601064,39264.757529920214,40125.50194481383,40986.246359707446,42119.16666666667,43631.16446874999,50681.50013541666
601020203002.0,8948.5712890625,8948.5712890625,8948.5712890625,8949.771289216555,8952.971289260571,8956.171289304586,9276.171417037283,10546.571492080202,12140.133610575267,14266.000354192196,16348.791372203177,17047.173335359534,17345.428371074886,17908.856913693242,18742.599914342623,19641.399926705544,20540.199939068465,21412.38889786104,22013.14492575546,23628.93368029083,25583.066832169763,27537.199984048704,31718.399810270163,37235.83988616209,42753.27996205403
601020203004.0,8531.0,8531.0,8531.0,8747.8127412063,11476.706169541043,15590.51496678032,16372.322046471863,16833.975916042436,17295.62978561301,17528.89425284824,20590.995440726383,24771.748611085277,28163.074469833184,29545.83684583829,34016.48882999033,38993.14388355832,43852.00620502587,48710.8685264934,55255.07589486108,65495.218064882465,75735.36023490383,85975.50240492521,89025.90309355807,91335.54185613483,93645.18061871162
601020203005.0,8928.07421875,9161.876129517723,9434.063424895157,9706.250720272592,9978.438015650027,10499.800202859651,14175.61051507433,21829.50001063943,23784.466317304337,26568.118962138262,26828.045023208157,27087.971084278055,27347.89714534795,27607.823206417845,33104.023852170336,39459.50811545466,42864.12115922259,46268.73420299051,49673.34724675845,53077.96029052638,59686.84034212969,73505.32026610087,87323.80019007207,101142.28011404321,114960.76003801441
601020203008.0,2912.0,2912.0,4713.683277529762,6940.532533318014,7016.433167509191,7092.333801700368,7168.234435891544,7924.388027033729,10139.566925843254,11298.267725694444,11725.862160218254,12622.532063492064,13565.14705882353,14332.300000000001,15099.45294117647,15866.605882352942,17474.760634920636,20298.19682539682,21286.107467757938,21418.226455853175,26191.228727678565,32503.317123161767,43285.22651654413,54067.13590992646,64849.04530330882
601020203012.0,10965.0,10965.0,10965.0,11631.718793418406,13608.063681749212,15048.494939809623,16089.807350792626,17440.249989528482,18911.464761225056,21402.274186352857,23908.41828236963,26453.88687638307,30149.599290898117,34922.70689619182,36837.643355185464,37810.75660482365,38783.869854461824,41011.112427818705,44111.668507132454,51876.27653893712,60628.165889812175,69380.05524068724,111095.97535030049,169593.5852101802,228091.19507006006
601020203015.0,7798.33349609375,8224.86673828125,8930.8,10563.78475,12815.68496875,15067.585187499999,17319.485406249998,19571.385624999995,20329.05709375,20730.9598125,21132.86253125,21534.76525,21936.66796875,24485.361031250002,27034.054093749997,29582.74715625,32131.44021875,34447.146875,37583.958125000005,44388.8,44867.2,45345.6,45824.0,46302.4,47919.999375
601020204003.0,9676.6669921875,9676.6669921875,10420.873888739225,11192.142854256466,11963.411819773708,12734.680785290948,13127.746203497023,14431.161904761906,20224.967619047624,26656.7825,32869.78395089286,35008.95196428571,36567.18470982143,37689.96716325431,38373.30656519397,39056.64596713362,39739.98536907328,40423.32477101293,41699.43148706896,43114.6352262931,44529.83896551724,45945.04270474138,58373.18013392859,80254.94857142845,133804.9828571428
601020204007.0,16540.0,16629.7,18184.5,20075.086666666666,21853.76,22095.04,25050.533333333333,27894.89285714286,27998.52142857143,28102.15,28205.77857142857,28309.407142857144,29020.625,29882.525,30744.425,31606.325,32352.375,32845.44642857143,33338.517857142855,33831.58928571429,34324.66071428572,35707.45333333333,42739.29375000002,58511.65749999999,66476.55520833333
601020205004.0,10541.6669921875,10541.6669921875,10541.6669921875,11099.024083677603,12587.609481771442,14359.711095362394,15478.231691339295,16596.752287316198,17427.284720310625,17991.216316386406,21424.86235465981,24805.78628272943,27646.300208221168,29699.250707181593,30993.782744358137,32086.262691426153,33178.74263849417,34493.0999467413,35885.82242948863,37278.544912235964,42294.788967726425,46512.085417067436,51737.0191585162,59153.41149510971,66569.80383170323
601020206008.0,13876.0,16011.894468085105,22563.35998828125,22599.79719453125,22636.23440078125,22672.67160703125,22709.10881328125,22745.54601953125,22845.96299368351,23516.870212765956,23931.573191489362,28335.73787234043,39343.2,43918.688,48494.17599999999,53069.664000000004,57645.152,62282.46808510638,68869.42978723404,71154.0032,72537.5808,73921.1584,75304.736,76688.3136,78413.53191489361
601020207007.0,7796.66650390625,7796.66650390625,8007.703559027777,8640.814724392361,9273.925889756945,9705.461538461539,9733.846153846154,11055.694444444442,18844.861111111117,26634.02777777778,33812.5,37937.5,42062.5,45681.73076923077,46772.11538461538,47862.5,50013.433293269234,52164.36658653846,53952.526442307695,55668.13161057692,56265.38461538462,56303.46153846154,70388.75000000001,98521.24999999996,126653.74999999999
601020207009.0,7435.71435546875,9484.11350496054,19714.792690559232,21428.62563827965,22200.79230958705,22972.95898089445,24290.76473625329,25619.65571251646,26905.3876280506,27511.764117253642,28118.140606456687,29467.93285498309,35408.02123570221,37710.33459481616,40256.63831199484,42901.11276417996,43322.338292539884,46133.342780772015,49096.1685561544,52186.81706086829,61569.182939131715,85040.85069737537,105262.07095888027,113450.57695032815,121639.08294177605
601020207010.0,240.0,240.0,3051.626666666668,5783.616000000001,7769.7919999999995,9285.389730603449,10629.620808189655,11973.851885775863,13211.108218750001,14337.9130078125,14748.5530078125,16141.856085937501,18586.7810546875,20077.579958333336,21320.485624999998,22256.2440625,22901.41901939655,23431.39224137931,23961.365463362068,26745.531034482763,30775.434482758617,34805.33793103448,39834.24137931035,45610.5448275862,51386.84827586207
601020207013.0,7860.0,7860.0,7863.1288845486115,7951.989205729166,10328.750082465276,15493.889761284721,16882.0,18776.571428571428,23450.4,28124.228571428575,31046.088888888888,34813.13333333334,42668.88888888889,45604.54285714286,45866.22857142857,47755.88571428572,56908.8,66061.71428571426,69011.73333333334,70903.7888888889,81694.2111111111,95845.56666666667,112754.61111111111,114990.08571428571,116690.02857142857
601020301003.0,5098.5712890625,5098.5712890625,5098.5712890625,5894.761879122711,14692.60500409618,21718.266691384713,23118.547554059303,23323.33216911253,23528.11678416576,25616.61669340084,26206.48112018728,26463.834965924667,26721.188811662058,27946.680532609556,32981.08020293055,41266.558647308084,42015.49977590382,42764.440904499555,44151.76390570493,46468.02330099516,48784.28269628539,53258.46795901797,66045.04620688343,79155.02772413004,92265.00924137668
601020301004.0,16440.0,17784.800030411614,18256.700002944468,18464.180002310277,18671.660001676082,19133.300008159214,20869.704400413284,24532.360048131315,28198.09983380144,31863.83961947156,36680.672335189214,41518.02294482231,44407.14293599129,47296.262927160264,50185.38291832924,51409.451448812484,52526.411445398335,53643.37144198418,54889.79715443373,56183.03715048075,57476.27714652776,92537.01155323326,125724.20015165805,145570.5200909948,165416.8400303316
601020301005.0,7265.71435546875,9192.740374818806,11544.134885100248,12265.788863696338,12999.66710530245,14921.85097986317,18863.186058400657,19395.86676716967,19928.54747593868,20322.290473917044,20388.705923022186,20455.121372127327,21187.865221952205,23720.998827145213,25302.12529125012,26883.251755355028,28121.24713637614,30081.708829660092,34497.12997577514,38912.55112189019,42968.441558894265,45971.64565214506,54122.10818656037,66369.2649119362,78616.42163731207
601020301007.0,10721.6669921875,10721.6669921875,10721.6669921875,10736.067939985902,10790.971558999732,10845.87517801356,10912.203366916094,11431.70716014357,11951.210953371046,12470.714746598522,12661.770078768242,12763.87057734141,12865.971075914575,12995.340012449284,13147.093497167749,13298.846981886214,15236.051718108845,21258.115322485795,29762.366612821035,32338.90295218696,40719.42747773898,55877.77842270092,71838.11749871938,74198.20487423163,78146.64572241863
601020301008.0,806.0,1273.744600699206,2704.580518141831,4135.416435584455,5566.252353027079,7864.531644051469,10443.438356268081,12219.552879128783,14083.588317478767,16482.89647946846,18158.714057060974,18411.370047141994,18664.02603722302,18916.68202730404,21541.263270918065,23085.247346783435,23222.389279029914,23359.531211276397,23999.48023202053,26471.692107382758,28943.90398274498,31416.11585810721,36503.420672584354,42024.719591050605,47546.01850951687
601020302001.0,10806.0,10806.0,10806.0,10806.0,11319.499557447212,11852.277236879925,12385.05491631264,12789.76745832798,13023.069786105045,13256.37211388211,13489.674441659174,13861.962075619644,17353.510430951093,22069.602107811803,26123.218331327906,28926.436438975845,30816.763688521743,31793.802353764688,32623.086082499525,33452.36981123436,34391.24551894241,35948.078003898845,40407.40169921346,45531.96790794166,66542.54616351852
601020303004.0,9740.0,9740.0,10251.99484206259,10522.95606559768,10750.160602672298,10977.365139746915,11105.351111297607,11116.977777862548,11128.60444442749,11296.815590231357,18040.968244004293,20458.89962503096,25137.5882822931,26549.021295594084,36985.393895733876,40161.9233945179,40898.036721410754,41634.1500483036,43829.23759312439,48397.35488648987,52965.472179855344,57533.589473220825,59375.11594795652,61043.73675627391,62712.3575645913
601020303006.0,2753.333251953125,2753.333251953125,2753.333251953125,2753.333251953125,3792.266591796876,12555.443458305028,16542.427826086958,18146.643478260867,21629.871304347827,23261.739425951087,23906.633283547795,24186.094473805148,24465.5556640625,24745.016854319852,25024.478044577205,27170.504150815214,29807.466379076086,32549.33216711956,33193.28497242647,33453.47320772059,33713.6614430147,33973.84967830883,35489.054177989135,38454.499694293474,39227.15044157609
601020303009.0,2714.0,3848.403931086619,6811.025319402636,9403.187480513085,9632.671526383197,9862.155572253312,10091.639618123425,10701.538420163668,16220.374787621138,18436.33952698972,18939.780466779663,19443.221406569606,21036.614847779845,22732.000093403247,22815.428926058583,22898.857758713915,23131.845138908735,24125.08866224096,25118.332185573192,26111.575708905424,33493.5013410316,37677.201931541975,43228.29735141638,49594.31122334982,55960.325095283275
601020401001.0,10632.857421875,11061.228781039175,12865.857309736777,14670.48583843438,16475.11436713198,18958.000051176547,20546.619994837285,22016.799901638034,24941.434900531454,25471.949443280046,26002.463986028637,26532.978528777232,27428.836694270838,28538.055520395843,29647.274346520844,30620.5280420433,31117.904029106903,37614.72021943471,43288.2960338499,49487.92785381662,55810.096271276474,56480.36295247078,57150.629633665085,57820.89631485939,167515.40186784737
601020401003.0,2173.33349609375,4191.501261806225,8042.790185990484,11894.079110174744,14683.854295508914,14754.56530782054,14825.276320132167,14943.418631273418,16249.731891189089,17129.764324458494,18009.7967577279,18889.829190997312,19912.03045394179,20965.79577680941,22019.561099677023,22961.238770143485,24009.295901637302,27177.302205841537,29957.56601503904,31869.06470655353,33780.563398068014,36783.68730236641,43864.94847911628,50173.0846035143,70198.59380580264
601020401012.0,4866.66650390625,4866.66650390625,4866.66650390625,4866.66650390625,4866.66650390625,6019.772230650438,11416.079973655524,12858.737168422964,15495.37776798692,16394.828191015626,16798.455672265623,17202.083153515625,17605.710634765626,18009.338116015624,19934.560465116272,22343.343376562498,22729.596832812498,23115.8502890625,23502.1037453125,23888.3572015625,24627.475968386614,31419.59198582849,54615.39418604652,60252.98953488372,114062.72558139535
601020401013.0,6580.0,6948.862045458414,8776.418624032194,14690.985878332573,15203.67428812073,15513.561613634427,15823.448939148124,17195.069734830635,20192.71989158631,22560.13484643448,23262.490672893568,23334.209192182985,23405.9277114724,23596.800591530602,24265.600385852154,24934.400180173707,25597.564596358905,26200.473806431506,32482.88647047411,36232.112604021866,38817.18303965424,41402.253475286634,45478.02810552124,50490.816863312735,55503.605621104245
601020401014.0,9465.0,10133.38388856497,10929.141538274993,11724.899187985018,12520.656837695042,13538.008685678382,16620.13069582499,17238.28989375686,17360.91389624863,17483.537898740396,17606.161901232164,17728.785903723932,24696.298703125543,24882.03376937594,25067.768835626328,25253.503901876724,25439.238968127116,25723.359385218937,31459.02859151023,33005.771459606716,34552.514327703204,36099.25719579969,37646.00006389618,39138.70099614448,61995.65052630748
601020401015.0,13603.3330078125,13656.588306497713,14001.251812595274,14345.915318692836,14690.578824790397,15635.496774193549,16772.632258064517,17263.16129032258,17807.27950933689,18357.054936166158,18906.830362995428,20102.038225806453,22520.0,22616.33457317073,22712.669146341465,22809.003719512195,23097.918014481707,23630.968807164634,24164.01959984756,24697.070392530488,26218.920181451613,29493.313699596772,36372.741935483864,52593.64516129029,57143.51483870968
601020402003.0,7874.0,10328.252097063083,11404.058603162632,11932.718223661679,12461.377844160726,12990.037464659774,13641.0966192357,14436.375392544087,15231.654165852473,16026.93293916086,16978.36203531627,19471.5409580444,21829.642578125,23898.36103169244,25011.795657401188,25845.838887639104,26679.882117877016,27513.925348114928,28701.67119598052,30005.982222480772,30913.662227134704,31821.342231788636,32729.022236442564,34114.767922788546,78702.92127037633
601020402004.0,8567.5,13893.47543486096,15589.268516166861,17622.984797377696,18339.187198362964,18982.94701479676,19921.935116857625,20860.92321891849,22004.30607574201,23872.361451108623,25740.416826475237,27608.472201841854,30221.972081527485,34521.278055847,38820.58403016649,43119.890004486,47260.72370874339,48542.21348012006,49370.368713072035,50198.52394602401,54117.1127527077,60967.9684081341,67751.52928988643,74536.25194893184,81320.97460797729
601020402007.0,9418.3330078125,10561.068891215353,18297.337474942255,21512.26920007672,23789.143027706035,26118.175535166396,26142.123035228757,26166.07053529112,26190.01803535348,26213.965535415842,26237.913035478203,26817.161529905556,27517.12988609737,29978.350142353615,38932.91253993963,47887.474937525665,56842.03733511171,65796.59973269772,74660.94370443095,80636.23121999111,86611.51873555128,92586.80625111144,98562.0937666716,104537.38128223177,127384.4359525007
601020402008.0,8058.888671875,8058.888671875,8058.888671875,8058.888671875,9717.063240690995,13270.28036027193,13868.609346055191,16746.874254615876,18053.58396004498,18547.525681748633,18901.943298155635,19256.360914562636,19610.77853096964,19986.270041191012,20395.26051433427,20804.25098747753,21213.24146062079,24732.936206417766,35534.29335620242,37425.12383764274,38673.56572200775,39789.72571369171,40905.88570537567,42022.04569705963,42892.94363082265
601020402009.0,15648.75,16048.208474576271,21695.34745762712,23797.54857142857,23918.44,24039.33142857143,24226.074333705357,24610.371668526786,24994.669003348215,25378.966338169645,25463.7679435911,25687.029152542375,26160.0,32426.631419491532,38142.86292902542,43860.52542372882,52099.0338983051,56819.9,60119.35142857143,63418.80285714286,67821.03728813559,74558.77288135594,103781.08571428574,135740.65142857138,167700.21714285715
601020402011.0,10421.111328125,10693.715516230077,11201.685505040414,11709.65549385075,12273.893160491367,14070.15318362518,19898.500627084144,23882.682245269996,30204.633495051687,40351.28791647969,42499.527060644046,44647.76620480841,46796.005348972765,47707.33693614912,48314.510853073094,48921.684769997075,51734.80424687768,58754.89124826537,65774.97824965307,72795.06525104078,79840.175559216,87919.44155651469,96085.93073914219,104252.41992176967,155859.59097472392
601020403002.0,12106.6669921875,16734.42719291821,22011.168049597534,22519.979898633348,23028.791747669162,23537.603596704972,24040.821926985594,24540.806504691693,25040.79108239779,25540.775660103885,28955.850686564147,30704.213764587344,39186.79180124269,44035.62270702681,48884.45361281091,53733.28451859503,58033.407452034306,58923.70374002792,59814.00002802154,60704.296316015156,61899.63798547889,65159.90197899424,68420.1659725096,71680.42996602494,74952.69587402344
601020403003.0,17440.0,18579.21196623034,18605.768272930396,18632.324579630447,18658.8808863305,19041.0410377851,20023.177357653283,21005.313677521466,21987.449997389645,23069.993054460738,24505.191595269458,24963.121328578527,25421.051061887596,25878.98079519667,32821.0044791779,38209.651413828164,39677.271070865754,40244.48723429814,40811.703397730525,41378.91956116291,44487.10335494391,45659.715912213585,46792.41695684093,47925.11800146826,51127.25549575361
601020403004.0,14477.0,14918.493167314702,15447.772327921397,15977.051488528094,16506.33064913479,16949.89106221135,17367.316057432054,17784.741052652753,18202.166047873456,19191.20171488476,19941.812977449503,20692.42424001425,21443.035502578998,22193.64676514374,25183.02094520314,30189.684331739423,30977.067271431595,31590.175597745158,32203.28392405872,32816.39225037228,49195.848942386685,57820.821172736585,72992.01512338329,88163.20907402995,103334.40302467665
601020403005.0,8740.0,15147.836043409867,19004.235847718817,19715.119724414264,20426.003601109707,21136.887477805154,21847.771354500597,22558.65523119604,23269.539107891487,23763.529032729642,24231.76129456678,24699.993556403915,25168.22581824105,25636.45808007819,26104.690341915324,26855.975780070912,35891.70909382214,37777.515063545914,42444.06842095062,47130.45555548377,51816.842690016914,56503.229824550064,61189.616959083214,65876.00409361636,143265.74809972572
601020403006.0,20644.0,20644.0,20644.0,24616.886500244364,26882.819330305116,27936.277321220463,28989.73531213581,37972.30000368834,38485.539999262335,38998.77999483633,39575.26831532196,40539.23830700902,41503.20829869608,42404.09531826412,42742.3073153475,43080.51931243087,43469.64496328651,45171.17985292756,58017.71719940528,73159.8058422627,88301.89448512008,102719.19998638153,105087.99996595383,107456.79994552612,117336.68412096439
601020403007.0,10932.0,10932.0,10932.0,10932.0,10932.0,10932.0,12128.254643222515,15411.47603599583,18083.125930546732,19074.15877669895,19924.26331353511,20774.367850371265,21624.472387207425,22474.576924043584,23324.681460879736,26308.794309972975,30778.11537284552,33438.278029452966,34371.09642198466,35303.91481451635,36236.73320704804,37169.55159957973,38102.36999211143,39975.55618043871,193886.9452512421
601020403008.0,8755.7138671875,8778.801065395404,8809.034831777795,8839.268598160186,8869.502364542577,8899.736130924968,38757.8682471941,40086.07145989217,41414.27467259025,42742.47788528832,44070.681097986395,45596.06691238947,48300.583984375,67592.4559422963,70783.16743768656,70905.36224348204,71027.55704927754,71149.75185507303,71271.94666086853,76274.92471851002,81622.27019934221,86969.6156801744,92316.96116100659,97664.30664183876,195482.42898524212
601020403009.0,6873.33349609375,10020.208889733745,14740.521839517456,19460.834789301167,21778.39135939791,24649.00003422032,27519.608709042735,29641.521737123934,30415.782601070947,31190.043465017956,31651.082253093617,34232.47759717513,37444.72074642074,40640.62851768017,43723.391298336835,47589.21735724209,51455.04341614734,59902.8570280075,74802.57166895867,81821.42876648903,116220.7529129746,151337.6203212025,178373.90830942095,179552.34498565257,180730.7816618842
601020403010.0,10280.0,10280.0,10280.0,10280.0,12462.399724014009,13490.933641364561,13684.355778399313,13877.777915434064,14071.200052468817,15535.083417543892,18632.416776788166,21729.750136032446,24827.083495276718,27204.46617092732,27559.871736236677,27739.960800243225,27920.04986424977,28642.93343238156,32255.946461567153,35800.440044475356,54015.9833326033,54079.4499998009,54142.9166669985,54206.3833341961,61260.48031269273
601020403011.0,11188.3330078125,11770.275970982142,13008.874196315455,13151.761715318835,13294.649234322213,13437.53675332559,13580.42427232897,13723.311791332348,13866.199310335727,14009.086829339105,14151.974348342483,14294.861867345862,14437.74938634924,14580.636905352618,14723.524424355997,14866.411943359375,15009.299462362753,15152.186981366132,15676.16804873512,17024.527931547622,17776.67776785714,19098.218125,20632.089341517858,33323.490725446405,50206.93732142856
601020403012.0,12442.857421875,12442.857421875,12442.857421875,12442.857421875,14614.606588541665,16717.549122596152,17431.90358974359,18168.875190304487,19112.50815504808,20230.399348958334,23014.376014994956,26757.06693737399,30499.757859753023,34242.44878213206,36919.93435897436,38322.0864516129,39021.13677419355,39720.18709677419,40419.23741935484,41578.94548387097,42892.20612903225,44205.46677419355,45518.72741935484,47725.39230769231,53583.351282051284
601020403013.0,5062.5,5923.860556495269,8340.007268445315,9850.943769573441,11316.387822646087,13115.745717535234,14984.365504024616,16852.985290513996,18721.60507700338,20590.22486349276,22458.844649982144,22955.08421231489,23171.842106705557,23388.600001096223,23605.35789548689,23822.115789877556,24038.873684268223,25367.988223207387,27154.75592445102,29059.78393785594,30964.811951260857,32869.83996466578,34774.8679780707,36679.89599147562,127549.89161489827
601020404002.0,6474.28564453125,10063.677893015003,15171.890896457318,15246.371144305667,16039.215121818488,17446.528346340983,20082.954565604785,23328.635533707482,23520.44505708558,23842.421517977447,24194.823106629177,24346.027689622417,24577.082218996915,24844.493508077983,24991.439008829042,25087.45629035911,25373.400584518637,27372.745479407753,31428.65189167383,33809.840417421176,35824.4009089217,38683.39214957938,45995.46024017411,69088.63238518851,70344.21079506284
601020404003.0,16188.5712890625,17179.048764305524,21819.367732175877,22175.739052478668,22194.259686576883,22388.18300661199,22660.88888759613,22895.098037383137,23082.862742323035,23377.999986457824,24061.999983024598,24745.999979591368,26967.95449081285,28497.579523187112,30770.852224473,34654.829516306025,38949.26135947229,45591.70457993534,52140.62506487288,56759.83007165124,57220.30065757527,57766.665782954355,61899.127343094486,66031.5889032346,67418.85580423957
601020404006.0,9596.111328125,9596.111328125,9596.111328125,9691.01345313734,9819.887467337398,13098.268047737143,17459.387864295957,19776.146363695425,21418.496807042615,23060.8472503898,24408.990150072575,25753.66157894254,25899.1103515625,26049.371694035264,28632.07834900802,31185.23709454647,31234.207176594937,31283.177258643405,32753.43914497962,38532.122259392374,44310.80537380511,52035.55869575039,61831.305318393155,79719.0265533672,105954.34218445575
601020404007.0,9300.0,9300.0,9300.0,9518.80860748437,10685.787650785507,11922.22913622458,13392.317004018016,14862.40487181145,16332.492739604888,16533.86792890441,16619.905665573984,16705.94340224356,16946.66117658155,17288.7210133285,18237.67700339757,19519.44693642167,22299.510722046092,25760.61706780338,29872.65416417248,34226.46552644838,38580.276888724264,50429.410747882976,72771.99428420214,86125.36507063026,88855.12169021009
601020404010.0,10048.0,10048.0,10235.251048165179,10618.95146743125,12154.934470514814,13405.659977871781,13799.930168492345,14180.979969450636,16381.226716404299,16736.24211619199,17165.6429214387,21528.492085327656,26692.0830078125,28429.39475197264,29415.760045512274,32627.013415596335,35875.047405109,40782.21231113084,49961.203876706386,50080.48898114143,54411.18684669981,67160.77642573256,76375.10964770454,80209.8214191599,86029.9404730533
601020404011.0,2300.0,3986.226603632722,6541.750000000001,9097.27339636728,10938.894422842217,11395.716634263326,11852.538845684436,12302.090570212746,12497.528153009936,12920.365233434477,16537.714802177117,20630.341638131064,21567.804947546167,26752.410927314402,26937.16832070834,27121.92571410228,27306.683107496217,27596.79014197502,27910.074085185013,28223.358028395003,28387.651734351326,29315.55493034327,30713.9287109375,32112.30249153173,36818.58510607243
601020404012.0,7910.0,7910.0,8177.030608018935,9684.618137448295,10696.489305622152,11487.4328530075,11832.756360475434,14299.62058223266,15050.92519524783,15802.229808262999,18415.66150970664,19990.22604921197,21526.124253436225,22286.64732796078,23047.17040248534,23552.755967606117,24022.897504584937,25108.862611831726,26778.768015843434,28760.73724036198,30825.207037090277,34720.574975049494,35907.95117907186,42418.7313842667,51922.060904558726
601030101002.0,9300.888671875,9355.060608723958,9439.2,9523.339391276042,9607.478782552083,13356.693726562502,20290.190312500003,22605.866796874998,23922.13806640625,25238.4093359375,26554.680605468748,29110.005234375003,31214.20760091146,33158.556422526046,35102.905244140624,37047.25406575521,38888.6910625,41288.72018229166,43761.79859375,46234.877005208335,48707.955416666664,52353.3543125,63890.799999999996,93272.56,119931.92
601030101003.0,15259.317697275723,17943.412327337213,18569.734783752607,19196.057240168,19822.37969658339,20448.702152998783,20831.012100773372,20950.754302041143,21070.496503308914,21190.238704576685,21309.980905844455,21517.782839422616,26238.93769017766,26409.292745963106,26579.647801748553,26750.002857534,26920.357913319447,27611.321273162026,38649.805465068646,38917.682135796895,39185.55880652514,39453.43547725339,39721.31214798164,39989.18881870989,88810.44933428906
601030101004.0,9145.0,11459.763058997843,16661.551555765087,20798.414102909483,23160.087702047414,24625.845901639343,25106.947540983605,25588.049180327867,26069.15081967213,26455.11181303879,28054.229269935346,33740.55737704918,34765.08196721311,35789.60655737705,36814.13114754098,37838.65573770492,40402.36652151639,42998.8259477459,45595.28537397541,48191.74480020492,48944.84144467213,49060.51357581967,49176.18570696721,49291.85783811475,53120.276724137926
601030102001.0,1560.0,2205.5825619146653,3114.546990361884,4023.511418809103,4932.475847256321,6956.144281883948,10877.85058867794,12716.620237719288,14555.389886760639,16394.159535801984,18232.929184843335,18315.09627792462,18351.114591617545,18387.13290531047,18423.151219003397,23226.535395366416,28016.264631652015,36971.97470573763,37140.42274186139,38294.42618053906,40094.09743024225,41893.76867994543,43693.43992964862,46780.80063520623,60873.489708516034
601030102002.0,2560.0,4474.324705882353,8089.835294117647,9005.973736213236,11642.902583165323,11721.896938004033,11800.891292842742,11879.88564768145,12013.661935483871,13595.246451612902,15176.830967741935,16758.41548387097,18340.0,18632.335483870967,18924.670967741935,19217.006451612902,19509.34193548387,21198.784880514704,23899.15265625,30046.110744485297,34041.485483870965,36235.85967741936,38430.23387096774,40624.60806451613,41796.666158088236
601030102003.0,6468.33349609375,6468.33349609375,6468.33349609375,6468.33349609375,6468.33349609375,6670.555690521623,7504.875593518151,12763.670724326432,15935.450969829968,18530.986493683053,23305.546345411378,25110.069909984737,26353.44488694729,28458.386191064645,29732.300957092102,30582.616389122537,31026.270667241217,31469.924945359897,31913.579223478577,32357.233501597257,32601.8753207996,32613.19208978858,32624.508858777557,32635.825627766535,32647.142396755513
601030102006.0,7540.0,8200.118839676315,11486.86473279386,13171.16341406098,14680.740354402442,15084.984614069223,15238.338461976926,17324.853265736554,19233.644367861594,19946.97937601977,20498.723849261463,20740.256159716097,21028.553402147318,21452.89072520946,21968.13719475642,22929.94905429706,26347.298253398996,30439.439146762674,34763.01333232777,41259.09443697193,49298.63481830906,53940.10501397622,54669.52404007153,54894.762504185965,61552.70276920215
601030103001.0,5266.0,5732.363,6876.755,8021.147000000001,9165.539,10175.9735,10929.2255,11682.477499999999,12435.729500000001,13355.648049600291,14491.691196402617,14966.48386446221,18376.666015625,18720.65617578125,19064.6463359375,19408.63649609375,19752.62665625,23861.511627906973,28016.928005087208,36212.40549055233,41339.33209302325,43057.226,43926.590000000004,44795.954,45665.318
601030103002.0,13708.0,14237.163588867188,15729.090830485025,17526.545007570785,24031.27271062672,27527.999233669838,30902.635679503084,33312.7269859314,36279.53626096347,40509.87430628863,44740.21235161379,48660.77796290001,51391.57891830909,51581.052604844364,51770.52629137964,51959.99997791491,54195.78924051215,56431.57874162837,58667.36824274459,61004.47352513007,63361.84197510642,65719.21042508277,74215.5259610235,85781.31557661407,97347.10519220469
601030103003.0,11930.0,12416.445717714807,15443.21922899042,18469.99274026603,21496.766251541638,24742.12554543831,28627.902812978893,29697.208327060358,31183.79997225404,33217.279961023334,35403.519969167704,37589.75997731209,39775.99998545647,41634.6666592492,42829.3333184984,43334.235424192426,43832.92342605018,44331.61142790794,44865.90000142554,45784.29999572337,47274.98513702488,48961.00114330578,50647.01714958668,52333.033155867575,53480.91474282693
601030103004.0,8046.0,10451.247272727273,15144.454616477273,16284.159552734376,18137.250912109375,19990.342271484376,21843.433630859374,23465.418181818182,23718.780625000003,25106.98,26855.073001953126,28633.026173828126,30410.979345703126,32188.932517578127,41083.87272727271,44545.19122159091,48738.61142045455,51825.0,53127.0,54429.0,55731.0,62450.279999999984,73930.2,85410.11999999998,96890.04
601030103007.0,8942.857421875,8942.857421875,8942.857421875,8965.57037860577,9404.687542067308,9774.975384615385,10859.837500000001,14199.1875,17538.537500000002,20877.8875,24298.523076923073,26639.613106971156,27337.142578125,28260.043876201926,29637.055,31317.895,32998.735,36775.55883413459,52349.777391826916,62172.74481445313,70078.62852539061,77984.51223632811,88816.74302884615,106421.37706730765,121721.01240384614
601030104001.0,6540.0,11864.162256084612,13649.845803950384,14131.815038898174,14613.784273845966,15095.753508793758,15577.72274374155,16639.707711888117,22356.60659354779,23602.446067489953,24848.285541432113,26094.12501537428,27339.96448931644,28024.693060093996,28329.007445745152,28633.321831396304,28937.63621704746,30034.562635595717,36741.62505047246,62922.74936765589,93223.99900414942,107393.64062400229,120629.7433028588,133865.84598171525,147101.94866057177
601030104003.0,9453.3330078125,9453.3330078125,9470.262021833987,9493.217337913933,9516.172653993877,11722.362313500795,15562.879228833073,17175.809516588848,18264.07616303762,19352.34280948639,20419.255611850054,21474.353028145815,22529.450444441576,23297.052586143367,23750.947331639865,24635.25782934206,25690.563112621425,28476.39466841828,35504.86830340694,60185.39508977925,76205.05369283765,80654.99466785864,85104.93564287963,152794.97497731238,398138.32499243744
601030104006.0,10788.0,10933.803348696913,11300.828978324438,11667.854607951962,11984.970578989136,12074.41340431334,12163.856229637544,12253.299054961748,15785.214719495685,16798.887810090182,18309.937571812505,19326.899513984077,20387.5,22372.00974814363,24306.192265247475,24873.410657652494,25440.629050057512,26642.748191352883,32342.243668158662,45199.26899552398,59246.10547753058,67906.25466612264,71800.9598602982,74292.57591617892,76784.19197205963
601030105002.0,6130.0,6130.0,6130.0,8208.832,13321.983999999997,16603.102040816328,19504.408163265307,22405.714285714283,23387.7792,23831.689599999998,25107.1264,31225.638400000007,40876.0,40964.0704,43382.31020408162,48995.812244897956,54609.31428571429,60610.69387755101,67405.73061224491,74200.76734693878,80182.688,83515.424,85666.72,88078.94399999999,100839.648
601030105004.0,5133.33349609375,5267.553531802322,6325.287461858037,8174.577424663675,9499.0135148923,9548.95946055542,9598.905406218537,12712.910441536738,17170.908098462285,18143.347577752964,19115.787057043643,19743.264252305315,19895.420204559407,21376.85422388317,22283.179068585614,22886.989875977233,23490.800683368856,26616.724202287605,29213.550705232483,30760.09123701545,32306.631768798416,32881.362070149386,34544.797371451314,39782.87842287078,45020.95947429026
601030105008.0,28096.666015625,28096.666015625,28096.666015625,28096.666015625,28420.431829044366,30291.945913890784,32689.351362036406,37807.07103517218,38964.79128323051,39538.863869029636,40112.936454828756,40687.00904062788,41319.5,41915.01618207265,42406.81376852564,42898.61135497863,43390.40894143162,45327.888247854324,57665.462711347434,86046.11186595769,117118.46043576575,153795.51912470438,191631.0850890746,229466.6510534447,267302.21701781487
601030105009.0,3087.5,3847.6857458826016,8412.440194784629,14181.881081081081,15963.213333333333,17537.18666666667,19111.16,20695.866666666665,22750.693333333336,24805.52,26860.346666666665,30038.504079391892,31580.26336263021,31905.31244596354,32230.361529296875,32855.08455859375,34201.07605859375,35547.06755859375,36893.059058593746,44831.71038006756,63661.6562162162,70323.9126484375,75200.14298177084,80076.37331510417,87279.99297297298
601030201002.0,13516.0,13516.0,13516.0,13516.0,14360.8,16276.12,17521.0,21571.666796874997,26037.400625000002,26751.80046875,27466.2003125,28180.60015625,28895.0,29405.0,29915.0,30425.0,30935.0,31514.0,32106.8,32699.6,33292.4,34422.799999999996,38982.99921875001,44303.466093749994,49519.467343749995
601030201003.0,8950.0,9740.536328125,11778.954044117647,13443.232965686275,15107.511887254903,16771.79080882353,18099.44827586207,18549.31027747845,19994.09131196121,21067.48970588235,22134.9931372549,23202.49656862745,24270.0,24814.36724137931,25617.13120404412,26459.469439338234,27301.807674632353,28144.14590992647,47250.60660021551,52775.834617456894,56301.55647977941,61896.26824448529,67490.98000919117,73085.69177389705,108599.14482758616
601030201004.0,6310.33349609375,7015.58681640625,13362.866699218752,19357.760000000002,23996.096,26192.384,28388.672,30584.96,31300.9716015625,31710.81159375,32045.30278125,32379.79396875,32714.28515625,37124.79984375,38908.64,39020.96,39133.28,39694.13328125,43035.89290625,46377.65253125,49719.41215624999,54383.73265625,59713.33281250001,65053.330937499995,69439.1990625
601030201005.0,9173.3330078125,9305.236563777882,11539.83893442147,12757.339537164838,13255.272283271051,13330.221679553506,14972.778533829367,16893.813613128248,18137.79659107339,19381.779569018534,19920.963812127586,20419.710982509805,20977.687309707777,21604.577961418814,22862.19245821535,24603.4911922684,28007.116891622572,40156.03513962783,52304.95338763311,60911.312749969504,68358.58561732763,74487.46978396829,78137.7829732805,80325.45448799763,82361.81816266588
601030201008.0,9313.3330078125,9313.3330078125,9423.833158524323,9640.912636748117,10368.707222371182,11430.899109333488,13437.01449764695,18603.881051654476,20165.757148778437,20500.966594304726,21207.03285689145,21914.621752785733,22750.297426306937,24667.708123115946,30535.742069073312,41762.54230142056,48876.19907182998,54475.331724804586,58632.3990678274,63311.19936113358,68832.7994772911,75842.39947328567,108813.99654603002,174488.3979276179,203783.59970345494
601030202006.0,5190.0,5903.162948393452,8589.962818264881,11276.76268813631,12878.512320388381,13340.272435351797,13802.032550315213,15281.88349197073,17292.425180895603,22320.67495741383,36380.17777786255,36408.977777723834,36437.777777585114,36937.299981127006,39027.099993708995,40087.09675397686,41140.69721765216,42011.00107113016,42216.2000176781,46274.49998756431,56765.56253806907,65277.06557147416,69853.20554943301,74429.34552739187,76046.21999835166
601030202007.0,13176.6669921875,13176.6669921875,13176.6669921875,13176.6669921875,13733.748877203525,15217.97209735577,17047.428219150643,17992.695783253206,18295.68840144231,18642.613333333335,19306.549056603773,20635.515094339622,21964.48113207547,23293.447169811323,27045.979487179484,30287.63076923077,30438.856603773587,31169.30188679245,31899.747169811322,32630.19245283019,33724.153846153844,35429.52452830189,38209.660377358494,40989.79622641509,43769.9320754717
601030202008.0,10985.599967481825,12583.692306705903,12679.23076845203,12774.769230198155,12870.307691944281,13801.520294114847,16493.62634839856,18577.14302961002,20660.65971082148,22744.17639203294,24827.693073244394,26723.99997558594,34551.53824437577,37014.614872325714,39477.69150027564,41940.76812822559,44172.81924092035,45249.74262066501,46326.66600040968,47403.58938015434,48480.51275989901,51790.76920218784,55547.69228727703,59304.615372366214,63061.538457455405
601030202010.0,4842.950639206264,9375.025520956657,10433.079363340352,11375.295456724696,11617.897442591398,12255.534814097087,13891.645600877895,16996.95390808979,19886.260456587734,22151.78424158592,25144.12857079584,27731.83258881176,29203.817702832494,29895.38153300527,29929.854933482657,30128.867720104066,30433.520109926656,32634.519225822103,34782.58353266442,38341.210835828344,42037.92976854676,44750.501815379524,77385.82513344611,136541.16954116512,197113.20251230913
601030203004.0,11816.0,11816.0,11816.0,13365.799956295567,17498.599972188087,18855.772867292282,20989.542248673944,23217.64248285349,23713.75764101128,30069.132927594015,36276.09917189061,40405.40000261645,40535.00000311482,41419.73336273932,42706.13335779252,43992.53335284571,44661.56000179414,45137.800052024475,47843.560062429366,51193.60007539565,54758.40006168734,58323.200047979044,59788.000001968874,59992.80000118133,60197.60000039377
601030203005.0,9150.0,9539.15995262146,11178.599921035766,13494.311842666626,19237.487382568357,23614.39189241028,24660.731156764523,25841.94189963214,26812.663476689635,27766.131807469916,28719.600138250193,29673.068469030473,30626.536799810754,31242.095478536394,31842.80748188065,32443.519485224908,33044.23148856917,33644.94349191342,41482.91438764953,44116.59252140991,44792.343038711,45468.09355601209,46143.84407331318,46819.59459061427,102415.12070022577
601030203006.0,5117.5,6468.04,8298.666666666666,9000.940622070313,9310.737879882812,9620.535137695313,9930.332395507812,10762.751171875,14939.191171875009,21020.631375,22178.373,23336.114625000002,24493.85625,26118.218628472216,43540.23555555553,70938.4875,73545.5875,76152.6875,78759.78749999999,81366.8875,84750.1946875,85687.1359375,86000.3359375,86313.5359375,86626.7359375
601030203007.0,10056.0,10392.960023895264,11481.600012359619,12570.240000823975,13100.84459012067,13462.476493134269,14446.476365519931,15430.476237905594,18041.120013671876,20648.793345316994,21206.109516432163,22088.7092727048,22971.309028977434,23756.887544415113,24399.787771977695,25042.68799954028,28825.649980039598,36130.11175523688,43843.04888102575,46267.04838659013,48691.04789215451,58595.96692663405,82555.50101761818,120969.30061057085,159383.10020352362
601030204003.0,9637.0,9645.894173990886,9809.324572753907,9972.754971516926,10136.185370279947,12586.817588559648,19594.394137146788,21421.791425387066,22599.807416470845,23777.823407554628,25427.49697023741,29406.873485118707,32450.914249420166,35136.22622909546,37821.53820877075,40513.60568941538,45847.11163113373,49704.94113912659,53504.201081085215,66199.62498499555,78895.04888890585,91590.47279281617,100456.47050738748,103361.88230443248,109995.76466776838
601030204005.0,15283.0,16765.58,18828.3,20891.02,22953.739999999998,24960.196184895834,25222.4741015625,25484.752018229166,25747.029934895832,26009.3078515625,27377.599531249998,29274.4,34370.0,38641.33296875001,45853.866093749995,47118.2,47679.26666666667,48240.333333333336,48801.4,49362.46666666667,79373.59999999998,101846.13333333333,124318.66666666669,146791.19999999995,169263.73333333334
601030204006.0,6161.4287109375,10954.508945723146,21573.136095010082,33748.22075221573,35257.58994788596,35283.01225242992,35308.43455697388,35333.85686151784,35359.279166061795,35384.70147060575,35601.954340334974,36578.329569410496,37835.85065250905,39093.3717356076,40350.892818706154,41608.413901804706,42865.93498490326,44044.350006954235,45029.67000139085,46014.98999582746,47000.30999026407,47985.62998470068,48970.949979137295,50236.816425694065,66945.960576785
601030204007.0,11626.0,15289.098204711227,16263.537166415126,18904.349568272424,20135.45700980415,21366.564451335875,22597.671892867602,23828.779334399325,25875.72801100424,27336.025297458677,30048.362792290023,32760.700287121374,35473.03778195272,38185.37527678407,39084.378398586305,39669.12683000801,40253.87526142972,40838.62369285142,42191.41609250757,47078.44648562052,48832.748133235335,49375.53953974385,49918.33094625237,50461.12235276088,64055.54801298693
601030205001.0,6926.66650390625,6926.66650390625,6926.66650390625,10256.392979029606,10443.968,10562.352,10839.557894736843,11905.18,13649.972000000002,15394.764,16486.731265625,17512.682546875,18938.456414473687,20321.616,20501.152,20680.688000000002,21984.021052631582,22786.06959292763,23208.666015625,24288.626015625,25421.506015624997,32604.911883223664,45380.0,124806.2105263157,258606.94736842104
601030205002.0,7506.66650390625,7506.66650390625,7506.66650390625,7506.66650390625,7506.66650390625,7506.66650390625,12486.7505748806,13627.402675502646,17878.816228273343,18800.664341363732,18853.98102539858,18907.29770943343,18960.61439346828,19013.93107750313,19098.43766391917,19260.815744683885,19423.1938254486,19585.571906213318,19747.949986978034,19910.32806774275,22111.070047129033,32704.409971099023,40289.00963338211,49583.01574036194,83570.30867603564
601030205003.0,3204.28564453125,3204.28564453125,3204.28564453125,3204.28564453125,3959.9629093903186,6101.9896576286765,9477.405646456868,13524.17276353433,17570.939880611797,21617.70699768926,23738.922175396125,24642.982448283452,25547.042721170772,26451.1029940581,29516.17856770833,31128.89400582108,32037.702274816176,33665.81432291666,46119.828489583335,56918.85434742647,65100.593854166655,70895.72153169013,77971.22966549295,85046.73779929576,92122.24593309859
601030205007.0,6714.39990234375,7291.309780598958,8432.165270182291,9573.020759765626,10713.876249348958,11684.278175223215,12359.447862723215,14139.857142857141,16692.485714285714,17873.704403645832,18542.895361979165,19212.0863203125,19881.277278645834,20630.970781250006,35310.933333333334,36273.066666666666,37235.2,38197.33333333333,39159.46666666667,49326.4,53542.93234375,55155.21670833333,56865.15479166667,58575.092874999995,60285.03095833333
601030205008.0,11107.1669921875,11292.075536931818,11674.200326704546,12056.325116477274,12438.44990625,14839.154019752357,20904.468824573865,21262.34412286932,21620.219421164773,21978.094719460227,22419.027062205187,25326.572163707388,26459.07625177557,27591.58033984375,28724.08442791193,29856.588515980115,38480.30592865567,46214.64432488207,48252.54409090909,48787.77681818182,49323.009545454544,49858.24227272727,50465.59433962264,53332.64145636792,61206.51659198113
601030301001.0,14778.0,14778.0,14778.0,14778.0,15011.102581097613,15283.44026404986,15555.777947002107,15802.36947903549,15953.185279365222,16104.001079694952,16254.816880024684,18803.465735575446,21474.853353142742,24535.233484382672,32733.16272900516,33031.88667163274,33330.61061426032,33629.334556887894,36333.57078265592,38186.499404160095,38691.27634212883,39196.05328009757,40517.80113532765,57207.328990446695,67058.49512893465
601030301002.0,12932.0,12932.0,12932.0,12932.0,12932.0,13405.573023216179,16987.96155109538,17194.466673002567,17400.97179490975,17607.476916816937,17813.98203872412,18272.564784651055,19168.66162047261,20064.758456294163,20960.855292115713,21856.952127937268,23481.864526627556,25961.461471336475,28808.160817284333,31683.487112911127,34558.81340853791,37434.13970416471,40259.73096344548,42780.38410826302,53692.75745254315
601030301003.0,794.3333129882812,7288.057529726662,14652.442233812044,15053.876628678772,15455.311023545499,15856.745418412227,16258.179813278954,16517.028397386774,16706.617174424617,16987.157861532367,17267.698548640117,17548.23923574787,17828.77992285562,18029.533590654642,18147.74895730155,18265.96432394845,18384.179690595356,18502.395057242262,19309.527461113084,22874.165880223125,26681.182785682282,28424.067513864,30166.952242045714,31909.836970227425,33652.72169840914
601030301004.0,6437.14306640625,6473.848725678065,11130.223787588444,13433.392452830189,13576.588679245282,15758.052830188679,16810.51724137931,16867.931034482757,16925.344827586207,17057.523001077585,17396.253615301724,17734.984229525864,18073.71484375,20032.197272995283,21413.408275862068,22235.267586206897,23057.126896551723,24767.981132075467,29261.596226415095,35838.660377358494,41327.46415094339,41686.01509433962,50062.09256465518,60890.58991379309,71719.08726293103
601030301005.0,7784.0,7784.0,9061.7,14683.580000000002,17655.394375,19277.45375,19764.28625,20251.11875,20982.0060546875,21493.2918359375,21658.4800390625,21725.56,22821.25,25622.950000000004,30119.829999999994,33892.38,35810.340000000004,40412.666666666664,45551.86666666667,48236.11666666667,48996.21666666667,54933.97499999999,73679.62500000003,84841.99999999999,93774.0
601030301006.0,10962.5,10962.5,10962.5,11166.333386864586,11709.889019718752,12253.44465257292,12707.155798548436,12891.333613709732,13075.51142887103,13544.760632169671,16009.507080930043,18207.43017582026,19885.75015156919,20978.43584784509,21598.835995130547,22021.128747487495,22383.528586000957,24672.500041976116,27267.650013381783,30972.049959854652,39768.64959281141,55871.44936013225,70363.99951137198,83890.39970682317,97416.79990227439
601030301007.0,6143.33349609375,8727.916425707526,17393.102366922456,18137.772219941435,19155.19297769933,20400.78099918801,21213.435381571475,21399.715600806325,22296.231285263817,23192.74696972131,24089.2626541788,28700.55785501024,32897.576264275405,34556.80478221975,36216.03330016409,37875.26181810843,49839.69770132893,53780.53014010342,54631.241404552115,55481.9526690008,57510.08333371249,63559.712365750405,69609.34139778832,75658.97042982621,122630.54844525689
601030301008.0,13490.0,13490.0,13490.0,13490.0,15414.197219330466,16286.481071394877,17063.21260327516,17084.85134119609,17106.490079117022,17128.128817037952,17172.567577109246,17262.09210422534,17351.61663134143,17441.14115845752,18130.568837880728,20722.520471110933,21604.97923068598,25827.01944119141,26890.41026690501,27609.86686114905,28329.32345539309,30949.47182336783,38454.91056691672,61331.24170624373,111209.08065890877
601030301009.0,9686.6669921875,9686.6669921875,9918.602599676724,11234.310045797414,12550.017491918103,13891.98,15238.482857142857,15827.157142857142,15929.225714285714,16164.348571428573,16630.565714285713,17222.14837284483,18717.682381465518,20213.216390086207,22376.581210937497,24708.915273437502,28911.92285714287,34617.95714285714,39186.04285714286,41231.87142857143,43743.59999999999,52711.37142857143,61679.14285714286,69241.89655172413,76503.96551724138
601030301010.0,18296.666015625,18296.666015625,18296.666015625,18296.666015625,19237.316834984755,21626.158536585364,24291.313559322032,24526.56779661017,24761.822033898305,24997.07627118644,27271.70703125,30101.835556806145,30297.993925450213,30494.15229409428,30690.310662738346,31460.48780487805,34742.926829268305,42461.62604801829,43153.65958460366,45664.22818216463,49186.10169491525,53167.11864406779,57148.135593220344,61129.152542372874,70786.58536585365
601030301011.0,11737.142578125,11901.260899665484,12697.022723400805,13227.45894594805,13595.353115963475,13832.71594171136,14059.90991623444,16941.4041333982,19822.89835056196,22704.39256772572,24362.678034552093,25476.941713905577,26591.205393259053,28352.724750047146,31180.140790182053,32109.050569713414,33037.96034924477,33966.87012877613,34353.79518431125,34559.43504255735,34804.26580858964,35049.09657462194,35701.69635809976,40605.73343985985,86774.66072493538
601030301012.0,15070.0,15070.0,16509.475990513394,17955.647218191963,19401.818445870536,20936.953521634616,23806.43076923077,30592.153846153844,32410.23681640625,32531.299874441964,32652.362932477678,34684.87054966518,38593.75034877232,42502.63014787947,45876.71428571428,47759.0,49641.28571428572,51508.0,52717.6,53674.94153846154,54398.763076923075,55173.70461538462,57723.53846153846,62355.064615384596,146825.02153846156
601030301013.0,7802.22216796875,7802.22216796875,9292.06896317705,10549.533590925224,11204.828902618146,11418.134281139373,11516.574282016754,11615.014282894135,11980.217730834484,12348.1194007802,13582.446779952215,18602.34033985665,20792.401778757572,21229.496782653332,21666.591786549092,23001.441415015022,24541.765640983274,26124.793836168956,31929.808957951383,35907.147181158834,37570.16543816855,39233.183695178275,41183.56601757363,43699.34651884065,51659.782172946885
601030302001.0,9660.0,11927.413632812499,15994.4875,16435.7075,16876.9275,17318.1475,17759.3675,22364.37825520833,24005.893765625,24058.586828125,24111.279890625,24163.972953125,24216.666015625,25095.996,25691.291999999998,26286.588,26881.884000000002,27477.18,29588.666666666664,34987.60000000002,69203.28,70611.44,72019.6,73427.76,74835.92
601030302002.0,8690.66662816648,16736.53315339967,21737.024343841746,21755.643233412844,21774.262122983946,21792.881012555048,22502.857213262956,23640.816536259255,24778.775859255555,25916.73518225185,33150.95258814592,37031.19985334608,41567.77837856893,43225.30100316359,43985.767356149365,44746.233709135144,45506.700062120915,45732.76213643339,45766.438643242276,45800.115150051155,45833.791656860034,46039.917769780805,46352.79840698629,46665.67904419178,46978.55968139726
601030302003.0,12234.0,14527.489952618302,17575.607236707427,18949.307589385215,19253.486068745187,19557.66454810516,19861.843027465133,20166.021506825102,20754.93471689499,21412.335799387336,22069.73688187968,22727.13796437202,23404.100739473095,24108.919365643727,24813.737991814356,25518.556617984985,26358.415425776293,33561.688947619914,38197.36531003774,42833.04167245557,47468.71803487338,52104.39439729121,70318.63495424972,74317.19246641498,95872.39813816636
601030302007.0,4991.0,4991.0,4991.0,5832.679944815158,7577.567964265536,9351.67198468523,10126.58977382288,10697.637304027796,13366.846951937532,14503.006521891348,17349.244765906064,25500.1790237847,29110.27833243406,32198.519294284073,35563.347824217584,38928.17635415111,42348.92584144184,45850.800083971015,49352.67432650021,59745.00818243144,80878.35242567329,97752.80052761555,108158.85728345599,112719.31437007358,117279.77145669119
601030302008.0,9178.400390625,11126.235085038155,16238.78622041201,16591.29283236808,16943.799444324148,17332.682804769713,17946.87700093191,19796.995001553176,20284.687805112695,20650.424390388685,21034.210365997387,21991.411585274393,22948.612804551394,24062.922498965207,26117.307499655068,27036.219511845506,27919.390243335823,29014.199997096053,32473.319998257637,33080.6432924602,33400.57621921086,33881.3974906736,41816.71249333828,57938.60499113689,74046.4399974165
601030302009.0,1745.0,2564.3587055656026,3830.8481600863784,9723.947238069457,20247.660123439284,20677.7057560283,21107.751388617315,21537.79702120633,22245.601950567823,22986.58164957459,23498.9137565298,24626.10100743385,25333.73705081869,25418.256038984484,25502.775027150274,25587.294015316067,26646.094114676365,29574.460442026608,32502.826769376858,35431.193096727104,37567.660738378625,38711.59966448136,39855.538590584096,40999.47751668682,65058.75933103991
601030302010.0,7860.0,8130.2183783783785,9867.697297297298,10780.542702702704,13979.973469387753,20013.31224489796,26046.651020408164,32079.989795918365,34394.4,35966.31020408163,37260.873469387756,38555.43673469388,39850.0,39909.5027027027,42037.916482263514,44261.77568239796,44288.92162627551,44316.06757015306,44343.21351403061,52372.22040816327,63068.514285714264,73764.80816326529,90501.4054054054,133164.84324324317,160489.88108108105
601030302011.0,8333.3330078125,8538.455896168767,9434.918809223565,10331.381722278362,11227.844635333158,12124.307548387955,13185.83328962326,14655.271589168502,15736.501150916301,17106.353556557482,18576.07165745482,20045.789758352163,21515.507859249505,22985.225960146847,23702.109712410842,24243.528743904393,25247.64910402863,27554.418542356852,28088.164001408604,28596.507995774187,29104.85199013977,29613.195984505353,30159.99994277954,31575.999965667725,44975.18319630623
601030302012.0,13357.5,13499.057900731914,14153.763167886524,16115.110570245173,17557.247398902837,18645.115824728462,19789.452760518907,22002.702403964122,23916.189815729387,25480.85710701332,26852.795557504174,28444.461033359,30036.12650921382,31692.262688322633,33624.70180373782,36791.9779264609,40088.26679410935,43384.55566175778,96319.4338019099,144237.01470520018,182945.92112243647,221654.8275396728,241914.66674041748,246492.80004425047,251070.9333480835
601030302014.0,8190.0,8564.858911187197,11050.764851978664,11688.96472076205,13801.55363032047,17819.28049163949,18070.76171435473,18322.24293706997,19094.235395348365,20391.153109905947,21986.16491210727,22738.705971596268,23642.469327671097,24886.91374448646,26131.358161301818,28952.64744309951,30446.294170875946,31360.000497323483,34346.66709768035,37333.333698037226,49330.00169867051,66332.22354341041,82576.6670215277,88970.00021291661,95363.33340430554
601030303001.0,8205.7138671875,9031.957394744795,17118.026811302974,21966.702058587147,22108.07916883681,23117.48577663846,24126.892384440107,25136.29899224176,26085.472497683168,26214.229373262377,26342.986248841582,26471.74312442079,26600.5,27503.681453338293,28406.862906676582,29310.044360014872,30213.225813353165,30304.539131147965,30336.24695737756,30367.95478360715,30399.662609836745,33052.720297020634,42047.33792593237,76626.20431403576,218784.97366888475
601030303002.0,11596.6669921875,11596.6669921875,11596.6669921875,11596.6669921875,12171.551570577065,13561.970148760858,14952.388726944651,16342.807305128443,17704.774290785437,19009.742821240427,20330.54281518459,21651.342809128764,22972.14280307293,24299.74153159846,27270.386001770174,33209.2766912626,38741.414836466865,42085.8319200067,42952.09073956434,43818.349559121976,44684.60837867961,46697.466473948516,53055.33319567752,73683.33306012326,95308.51101654714
601030303003.0,11728.3330078125,11728.3330078125,12756.388532366072,13990.055161830358,15223.721791294643,17830.47861328125,20347.29111328125,22219.79150390625,23192.5,23522.5,24716.0,26100.33330078125,27821.66650390625,28833.1109375,29337.491964285713,29841.87299107143,32990.75446428572,37461.88616071428,41933.017857142855,47123.50292968751,52109.73805803571,52211.594754464284,52313.451450892855,52863.165624999994,55652.167187499996
601030303004.0,3864.0,7326.642408308544,15492.544128483354,17536.754561408627,19580.9649943339,21737.0605635932,26466.514503279606,27093.305637071706,27243.04289105013,27392.78014502855,27666.666902137527,28451.18420539008,29567.5,30683.81579460992,33973.18184334147,42225.86358301856,55480.04502668385,67540.40629447305,69776.11215953623,84483.91897152009,101727.9535903346,118971.98820914913,135822.2202031794,152475.55087190762,169128.88154063586
601030303005.0,11792.5,12384.800862292494,18292.42340857404,24200.04595485558,29061.83950495095,31892.080026299052,33067.9941971158,34138.508094954,35171.99477074903,36036.44409024968,39516.67986385217,43790.45752468844,48154.75993698073,48284.39858645678,48329.68160459476,49148.863425648626,52711.03558944589,63881.717298246396,80547.88617692814,102176.39165219862,109107.16135179887,116037.93105139912,124123.83064673354,135490.2983880401,146856.7661293467
601030303006.0,9892.0,9892.0,9892.0,9892.0,10009.493789172235,10233.717239414696,10485.427586861768,11386.420702087808,11811.547324249645,12711.361885962906,15504.692736691877,16074.455202210447,16815.714330673218,17649.954325637817,18484.194320602415,19318.434315567014,19844.032012107848,20251.040009651184,20658.04800719452,21065.056004737853,22405.671501963003,24030.332660906693,25654.99381985038,27279.654978794064,54220.34900611838
601030303008.0,8403.5,8523.54263167935,8849.37265625,9175.20268082065,9501.0327053913,14819.238973623083,16880.153884183444,18142.92314030574,19405.692396428036,21275.232989190044,23476.395873949685,24088.153881894625,25274.92313649104,26461.69239108746,27648.461645683874,29562.605234382518,30753.94940514198,31204.103260333723,31654.257115525466,32464.03193220835,35132.32563256882,35600.697714220194,41768.41901972486,45030.88379933185,53725.02340768222
601030303009.0,12538.0,12538.0,12538.0,15247.86100507739,18579.249863670928,21565.90612162943,22179.989905107504,22794.07368858558,23167.679246850264,23235.592055027148,23679.12846347943,24223.81388604347,25002.419739899473,27856.763462079547,29470.095232118376,29559.42856463932,29648.761897160264,32768.3336120297,36584.915070122115,38390.31215068025,39608.025781718796,40128.4644968924,43318.1934470912,46608.7483830705,46862.916127690165
601030303010.0,19084.0,19084.0,19093.899999704958,19174.419999822974,19254.93999994099,19575.131250246428,19911.393750739284,20353.369253516386,20830.32614929672,21253.97656225483,21588.52343774517,22124.615003085884,23528.225005143137,24931.58276533644,26242.872418388088,27554.16207143974,28830.756252761,30086.593754601665,40129.11042494577,61359.63452854046,82421.96782609451,100976.06434781093,119530.16086952732,202342.74885476887,314596.478784923
601030303011.0,10923.3330078125,10923.3330078125,13983.922456344868,19572.825032632813,23120.67068046185,25280.597498342264,27648.857076301574,30132.85709209442,32616.85710788727,34397.75606987981,36013.21947599667,36301.951217640766,36369.56097338187,41699.831769768214,47584.06710129681,53084.841455256515,53600.62194034202,55091.89001429498,63801.76801715398,71521.4704914149,74290.29403843038,77059.11758544586,81579.70575481304,89603.82345288781,97627.94115096261
601030303012.0,12214.0,12214.0,12439.629984362875,13295.061988532774,13792.903419957976,13903.149317258776,14531.521736616116,15386.230643400826,16869.57938524382,19091.684538932863,20680.08823412933,21964.544605345916,24455.280511271016,27092.14857313615,29348.987100235896,31406.28425312157,33045.24198269874,35209.78137827165,43464.75627565433,54175.43648828148,70507.68513932341,87286.03808757696,104475.96102851407,112694.09237336378,117698.03079112126
601040101001.0,6566.66650390625,6566.66650390625,6566.66650390625,6566.66650390625,9069.266960830693,10079.281867002763,10744.856499737478,11410.431132472195,12076.005765206912,18656.040006027222,21468.486020105156,21982.824130501675,22362.77585644066,22742.72758237965,23122.67930831864,23806.05517169591,25017.613798128627,26229.172424561344,27440.73105099406,41686.88026153563,49599.517236589396,50334.41379179711,51069.31034700482,51804.206902212536,68295.13343313427
601040101002.0,8256.0,8256.0,8256.0,8256.0,8256.0,13026.395675182755,13117.452656308562,13208.50963743437,13299.566618560179,13390.623599685987,13632.373382644668,14126.702107235356,14844.959084355733,15563.216061476109,16281.473038596483,16999.730015716857,25128.691432974152,37019.51935671608,60815.48887377144,71737.46284508973,91715.66943839697,131583.29845208657,171450.92746577616,211318.55647946562,251186.1854931552
601040101003.0,11440.0,11440.0,11440.0,11440.0,11472.694973810923,11853.145636393905,12233.596298976889,12614.04696155987,12994.497624142854,14380.079708570025,15091.105789774803,15107.75092246856,15124.396055162315,15141.041187856072,15251.732921559309,22180.86568446813,23994.938985044446,27490.58507419733,30086.12381779371,37263.7493753029,37843.12547977091,38422.501584238926,39001.87768870695,39581.253793174954,49738.23433320896
601040101004.0,15396.6669921875,15618.098393176648,16152.345610957365,16686.59282873808,17209.2782325338,17667.116947103837,18124.955661673874,18582.79437624391,22724.90922962536,24708.919913259215,26048.16435171397,27387.40879016873,28091.550185687163,39564.30324105928,59491.898241139424,67572.23790264862,68004.33468145969,68436.43146027077,69026.0217270601,77437.77622723317,85849.53072740624,94261.28522757931,104791.78323323185,109963.63643022017,114051.63641801313
601040101005.0,11911.4287109375,17479.04842583955,17651.587045242537,17824.125664645522,17996.664284048507,18169.202903451493,18984.672796875,20928.73072527985,21045.90499766791,21163.07927005597,21280.25354244403,21397.42781483209,22798.890625,37406.16168750001,43545.6268125,46474.79471781716,47364.585762593284,48254.3768073694,49144.167852145525,50033.95889692164,59082.65258162313,60270.3348204291,61458.01705923508,62645.69929804104,63833.38153684702
601040101006.0,884.0,884.0,884.0,884.0,1359.0772093023236,5995.27062746511,7716.577626858314,9437.884626251518,11159.191625644722,12880.498625037926,13867.449550327035,14711.475609556686,15073.6669921875,16532.772432776183,26248.78139534883,30633.64660194175,32407.19223300971,34180.737864077666,35954.28349514563,37727.8291262136,39531.72465116279,40976.26500455097,42384.31540503641,43792.36580552184,45200.416206007285
601040101007.0,13187.5,13187.5,14658.177430021426,16884.248402029996,17337.187535056524,17404.38114004178,17471.574745027032,17906.15465801125,19085.52688089775,20264.89910378425,21444.271326670747,22201.4656282025,22877.849510792763,23554.233393383027,24731.7185627716,26846.608312707693,28938.451755154518,31008.064693943146,33077.67763273178,35379.87934214226,50358.08309811637,64064.68631252809,71926.20450894863,177596.10435043823,473689.3681168128
601040101008.0,4950.0,12448.702065677313,14048.19707747416,14183.683868477161,14319.170659480162,14454.657450483162,14778.763140821884,15550.838604258102,16322.91406769432,17094.989531130537,21368.533287310212,25944.221384120672,26550.54315537454,26913.003691000606,27275.46422662667,27637.92476225274,41484.26303256501,42959.745357577915,44435.227682590834,45910.710007603746,47417.39691142447,49393.83907777478,51370.281244125086,53346.72341047539,55281.17536093373
601040101009.0,6226.66650390625,22862.549471387654,25284.411984163173,28089.117867907356,30791.93969399882,30919.698414759867,31047.457135520915,31175.21585628196,31302.97457704301,31430.733297804058,31558.492018565106,31785.417249885093,32036.279215956976,32287.14118202886,32538.003148100743,32788.86511417263,33039.72708024451,33397.24138439963,33943.44827687993,34489.65516936022,35035.86206184052,35582.068954320814,36128.2758468011,36674.4827392814,40563.92109386969
601040101010.0,9863.62803588032,12828.132610067008,15792.637184253697,18757.141758440386,21683.97473354169,24575.96044071913,27467.946147896564,30359.931855074,35286.67618313517,36301.01903778485,37315.36189243453,38329.70474708421,39514.28569384984,40711.542833764215,41908.799973678586,42758.55474534133,42878.12240129745,42997.69005725356,43117.25771320967,45106.706107280916,49425.51525961203,53744.32441194316,58063.13356427429,61666.70760847802,139166.86070699073
601040101011.0,9802.6669921875,9802.6669921875,9802.6669921875,9802.6669921875,9802.6669921875,13621.130006592199,15086.352494654924,16491.706193039547,17897.059891424175,19302.4135898088,20707.767288193423,29296.021322315515,42217.11132812501,51134.66762620719,62534.23346594887,64085.337921683546,64948.841371350456,65812.34482101737,66675.84827068428,67539.35172035119,70558.97317169452,73580.21455587189,76601.45594004927,79622.69732422664,84375.12505906727
601040101012.0,3303.199951171875,3303.199951171875,3303.199951171875,3303.199951171875,3303.199951171875,13313.242578516929,13554.256771355906,13795.270964194882,14036.285157033859,14277.299349872836,18458.157671164932,23210.005231898776,25188.189319184006,26266.238484357607,27344.28764953121,28422.33681470481,29500.38597987841,34091.368409751194,34698.619350607165,35109.367736494925,35520.116122382686,35930.864508270446,36341.61289415821,42370.91454451155,96181.47334958964
601040101013.0,9557.142578125,11647.488672561258,15094.736911356285,16334.061189557244,17061.345892167934,17788.63059477862,18515.91529738931,18843.42105493321,19450.72941315595,19528.04705986696,19605.364706577973,19682.682353288987,19760.0,24113.431610707637,27969.473740796962,30391.55294127745,30396.541176549126,30401.529411820804,30406.51764709248,33142.63163359707,47287.33422707215,61135.98555079142,67514.27539342245,73892.56523605346,80270.85507868449
601040101014.0,9630.0,9630.0,9630.0,9630.0,9630.0,11190.520588235295,13769.935723756602,14247.729936454665,14725.524149152729,15203.318361850792,15681.112574548855,16158.906787246919,29704.3661971831,30850.011267605634,31995.65633802817,33141.3014084507,34286.946478873244,36221.40374540441,51617.183451286764,55799.038028169016,57964.539436619714,60130.04084507042,62295.542253521126,64461.04366197183,112526.61176470589
601040101015.0,2560.0,3358.4407650311787,4813.574079354605,6268.707393678031,7723.840708001455,13098.629776578873,19409.325951834893,22534.13374462889,26164.03218747071,28203.127481854757,29501.554131558736,30799.980781262715,32098.407430966694,39076.29710425099,44271.73333415985,44300.93333377838,44330.13333339691,44359.33333301544,44764.87275763035,45606.07607997418,46447.279402318,47288.48272466182,48206.975933554684,49322.44795491211,82376.77509969234
601040101016.0,7004.76171875,7302.904179614142,7701.658177633509,8100.412175652877,8499.166173672244,9208.385171953534,11841.264336059634,14206.371602318162,14657.467560077668,15006.139558345794,15354.811556613922,15703.48355488205,17061.055664062496,18347.658370245426,18582.5686547929,18817.478939340373,19052.389223887847,19531.78907175756,23440.42176662889,27349.054461500215,31257.687156371532,35166.319851242864,40792.66670367629,52266.31881101945,74370.09214842303
601040102001.0,9140.0,9140.0,9140.0,9140.0,10701.759986877441,11609.280006408691,13161.668487409315,13632.099992158077,16147.076156425479,20412.13726892695,21617.688523734516,22119.97601175881,22622.2634997831,24248.79227333069,28373.010298544486,29473.580746302156,30574.15119405982,31674.721641817487,33279.88075684676,35151.43756348572,37022.99437012468,38966.233014979516,41765.88072498537,44565.52843499122,47365.17614499707
601040102002.0,6723.33349609375,6723.33349609375,6723.33349609375,6723.33349609375,7221.940684498856,7928.8268088319355,8635.712933165014,9342.599057498093,15140.666736220137,17563.99417368264,23473.0311315199,26438.950543024963,29472.96467358926,32506.978804153558,35540.99293471785,41850.77030613211,45213.77766902751,47247.13700616875,47777.709214309994,48308.28142245125,48838.8536305925,51777.48526664659,54991.666015625,58205.846764603404,63599.555719348115
601040102003.0,9367.407303273214,11189.1497980614,13010.892292849589,14832.634787637775,16659.967245117765,22353.80303609888,29329.72400919707,30706.864867119166,32084.005725041265,33461.14658296336,35928.87395394444,44660.12013222164,46638.923014013664,48493.99256354726,50349.06211308085,52204.131662614454,68716.88386237518,70006.72732973099,71296.5707970868,72586.4142644426,73876.25773179843,76383.25172565419,78893.78735660262,81404.32298755106,83914.85861849951
601040102004.0,18813.333984375,18885.15263514727,18990.91988371049,19096.687132273706,19202.454380836924,19935.207883064515,26792.25806451613,31289.29032258064,43182.65806451613,53881.41935483871,72481.91885596263,81590.61520653736,90699.31155711206,99808.00790768678,108916.70425826148,116709.14192349138,123367.05287176724,130024.96382004309,136682.87476831896,143340.78571659484,162846.57060344826,173396.22158045977,183945.87255747127,194495.52353448275,205045.17451149423
601040102005.0,3040.0,3040.0,3040.0,3040.0,3040.0,3040.0,3040.0,7811.5202459716775,27159.293316955565,33771.12857417476,38874.129509769075,41018.982537941,43163.83556611293,45308.68859428487,47453.54162245679,49598.394650628725,51743.24767880066,52924.716979502446,53152.94339590049,53381.16981229853,53609.396228696576,53837.62264509463,54065.84906149267,54294.075477890714,58945.09476451622
601040102006.0,5748.0,10215.508705703072,12611.443597942849,12881.600494251132,12984.203806017147,13086.807117783163,13189.410429549176,16339.131457940903,19778.097550568382,23217.063643195856,26656.02973582333,29871.204114246306,30231.67037057871,30592.136626911117,30952.602883243522,31313.06913957593,42783.7403352767,47114.71191763939,49806.61699528748,52498.52207293556,55190.42715058364,61133.23735681247,68575.16954058033,76017.10172434819,83459.03390811606
601040102007.0,3349.7808188544846,15663.846767149811,16657.294636687344,17650.742506224873,18644.190375762406,19637.63824529994,21836.960684290087,28671.19478771561,31772.30214935353,34873.40951099145,37974.51687262936,41075.624234267285,44176.73159590521,48693.07781980066,49903.4747711005,51113.87172240033,52324.268673700164,53534.665625,54745.06257629983,82883.74737046895,83195.83158031263,83507.91579015632,83820.0,84132.08420984368,84444.16841968737
601040102008.0,11304.0,11553.321055567934,11857.678405422377,12162.03575527682,12475.485287536107,12983.418844109492,13491.352400682877,13999.285957256261,14445.788795750763,15857.668788891175,20067.619048236105,20375.606060213388,20683.59307219067,20991.580084167952,21524.748795936157,21715.366233715857,21724.90389602225,21734.441558328643,21743.979220635036,22182.51519709302,22904.051204063842,25771.382507484785,33232.13036248914,40692.878217493475,48153.62607249782
601040103001.0,19365.71484375,19365.71484375,19365.71484375,19365.71484375,19365.71484375,20484.191752232142,21644.936953125,23560.799944196428,23903.211674107144,25129.429189189188,26671.88972972973,28214.35027027027,29756.81081081081,31338.64864864865,33158.10810810811,34977.56756756757,36797.02702702703,38616.48648648649,48855.56098214285,56385.590312500004,69506.43891891892,69927.23027027027,70348.02162162162,70768.81297297297,71189.60432432432
601040103002.0,12048.0,12048.0,12048.0,12048.0,12278.020272890239,16822.377792284202,26364.870329657482,29602.712367303116,31403.737038531734,32718.814516093957,32994.17138300824,33269.528249922514,33544.88511683679,33748.1445159883,33929.964126584375,34111.78373718044,34293.603347776516,41010.646362256,47144.6935139552,53278.740665654404,59412.78781735359,65722.41140923147,72430.29386373676,79138.17631824205,85846.05877274735
601040103003.0,14392.7998046875,14756.014819115126,15355.377032688071,15954.739246261015,16554.10145983396,17153.463673406906,17752.825886979852,18192.737289529327,18237.859324144407,18282.981358759487,18328.103393374568,18373.22542798965,18418.347462604732,18931.473340260585,19599.522274510695,19778.093348586754,19956.664422662812,20135.23549673887,20313.80657081493,20492.37764489099,24239.479763151063,31042.692307753518,34135.44193398862,42509.238713240826,66763.72044974664
601040103004.0,16337.6669921875,16337.6669921875,16337.6669921875,16847.17429959581,18083.87199272461,19493.79997375488,20959.22900893824,22582.792239752423,23573.06699492694,24563.341750101456,25036.066664352416,25560.866605300904,26676.249997764826,26715.249998122454,26754.24999848008,28457.7784066365,34839.30699281149,44681.99989914894,46148.39991259575,47614.79992604256,51744.349764555685,57450.04981687664,62911.24995663762,64802.749973982565,66694.24999132752
601040103005.0,8850.0,9367.691453125,11673.7715625,12988.205750000001,15007.232,17135.502570043103,18873.12441271552,20610.74625538793,22348.368098060346,23082.9953359375,28667.716234374995,39585.039,39799.334375,42192.167078125,47793.937931034474,55347.3724137931,62900.80689655173,70454.24137931033,86070.90344827586,102603.84137931035,119136.7793103448,133412.8275862069,138603.44827586206,143794.06896551725,148984.6896551724
601040103006.0,5740.0,5849.76,6315.12,7487.088000000001,8659.056,9831.024000000001,10771.013333333334,11433.099999999999,17027.980000000003,17557.333484375,17562.666984375,17568.000484375,17573.333984375,20292.622317708338,23017.09333333333,26036.528,29209.904000000002,32383.279999999995,35556.656,40480.560000000005,42840.408,42903.384,42966.36,43029.336,53037.46666666666
601040104001.0,6660.0,9147.333260007554,9652.027647248135,9788.698615533152,9925.369583818168,10062.040552103186,10301.674086325007,12385.607014097928,14010.381012489685,15635.15501088144,17259.929009273197,18884.703007664953,20928.5185546875,24508.872555453345,45784.83783841302,48939.708880633145,51891.55486010467,54843.40083957618,57795.246819047694,65637.64813153258,92418.70951830957,101316.77406979633,110214.8386212831,119112.90317276985,128010.96772425662
601040104002.0,15072.0,15072.0,15072.0,15072.0,15619.425882352942,16040.272,16196.176,16352.08,16507.984,17880.235703125,20870.76116268382,24032.483975183823,24457.142578125,25456.859931066178,25813.686001838236,26458.4064,27688.4352,28918.464,30148.4928,31241.054117647058,36443.71764705881,48819.26400000001,70973.76000000002,93128.25599999998,115282.752
601040104003.0,19849.166015625,19849.166015625,19849.166015625,19849.166015625,19849.166015625,19849.166015625,20498.629377693967,24702.029162176725,26229.31027747845,26892.793090820312,26954.385498046875,27015.977905273438,27077.5703125,27139.162719726562,27200.755126953125,27262.347534179688,49959.42658943965,59046.225189208984,59559.2458190918,60072.26644897461,60585.28707885742,61098.307708740234,61611.32833862305,62124.34896850586,230311.44827586206
601040104004.0,5551.3330078125,5551.3330078125,5551.3330078125,5551.3330078125,5660.384007495498,6433.654672355609,7206.92533721572,7980.196002075831,8753.466666935941,19763.861427045482,20019.753672634477,20275.645918223472,20531.538163812467,20787.430409401462,22293.103447531998,22347.2697160507,22401.4359845694,22455.602253088105,22509.76852160681,25139.956165720927,25400.839496439243,25523.95744252122,25647.075388603196,25770.19333468517,50952.66053075975
601040104005.0,15110.0,17894.098700513867,20687.419499309482,23405.982532579557,23715.21110494137,24024.439677303177,24333.66824966499,24642.896822026796,28376.11563573196,45870.47131442542,59847.591403821505,60902.2784382545,61956.9654726875,63011.6525071205,64066.339541553505,67284.36360261125,70550.60009684361,73816.83659107596,77083.07308530832,79264.48694943462,129664.15565070519,167676.20180947933,203463.95664962812,239251.71148977682,275039.4663299256
601040104006.0,13162.5,13246.92,15174.8446875,17602.31149639423,19303.28918870192,21004.266881009615,22705.244573317308,24406.222265624998,26605.600000000002,28527.538329326922,29705.79448317308,30884.05063701923,32062.306790865383,33240.56294471154,34302.10957932692,35213.601117788465,36125.09265625,37036.58419471154,37948.07573317308,40525.824,49200.44799999998,59214.335999999996,63036.8,122645.37599999983,192533.408
601040104007.0,7139.583384866914,7455.027531449732,7770.471678032551,8085.915824615369,8401.359971198188,8716.804117781005,9032.248264363825,9408.104569834302,14134.971583655757,18158.38541153919,18280.191718601072,18401.998025662953,18523.804332724834,18645.61063978672,18767.4169468486,18889.22325391048,24945.872542269703,26157.10188394247,27260.825707173433,28364.5495304044,29468.273353635363,30571.997176866327,31675.721000097292,32779.44482332825,86301.5002967596
601040105001.0,23824.5739453125,25320.686363636363,25947.659090909092,26574.631818181817,27201.604545454546,27828.577272727274,29078.53347656251,31913.655104758524,32539.863474786933,33166.07184481534,33792.28021484375,34418.48858487216,38174.0,41964.58773792614,42379.629932528405,42794.67212713068,43209.71432173296,43624.75651633523,44039.7987109375,70189.78465198864,73695.30540482955,77200.82615767045,80706.34691051136,84211.86766335227,87717.38841619318
601040105002.0,7687.5531991652115,8981.73996653822,10275.926733911228,11570.113501284237,13243.212708529993,15992.423228970008,18741.633749410023,21490.844269850037,23366.55698799655,24209.954073852707,25053.351159708865,25896.748245565024,38727.5,45151.369890031885,49921.123296677295,54690.87670332271,59460.63010996813,63162.95891252717,64054.5753475163,64946.19178250543,65837.80821749456,137727.5837716047,257256.13126543202,376784.678759259,496313.2262530863
601040105003.0,11220.0,11220.0,11220.0,11588.99998497963,12722.999980688095,13856.99997639656,15521.574885553126,20174.12486794591,24826.674850338703,29479.22483273149,30381.81246776879,31192.93746469915,32004.06246162951,40994.9317866734,48487.79999508858,49136.699992632864,49785.59999017716,50308.124997764826,50426.24999731779,50544.374996870756,51082.699796056746,57818.974770563844,64555.249745070934,71291.52471957801,122859.1988307407
601040105004.0,8698.5712890625,8698.5712890625,8698.5712890625,8773.249846191406,9002.749802246093,9232.24975830078,10844.361855468756,19608.58330078125,21124.011860351562,22218.974624023438,23313.937387695314,25302.95942871094,25601.999633789062,25901.03983886719,28052.459999999992,30939.282499999998,32473.6475,34008.0125,48129.659999999996,50809.4625,53252.2875,55695.112499999996,60287.375,65916.42499999999,71545.47499999999
601040105005.0,936.0,936.0,936.0,2602.564978342365,9476.567765365107,13081.394487785985,14129.979857062715,14932.007140000178,15734.034422937642,16611.885296641783,17627.923531094522,18643.96176554726,19660.0,29868.57893300849,32344.672992107433,34820.76705120638,37716.11529017733,45890.649469978576,52198.04532663091,52572.19219945693,52946.339072282935,53320.48594510895,58905.539156540064,65379.32349392403,71853.107831308
601040105006.0,5958.0,10571.510565378288,14414.208172286184,15116.85387755102,15549.389387755102,15981.924897959183,16414.460408163264,16897.988851243623,17465.842193080356,18033.695534917093,18601.548876753826,19169.402218590563,20280.98098692602,21471.543027742347,22662.10506855867,23852.667109374997,30648.003182565786,45094.305263157876,49997.2393877551,50303.32265306122,50609.405918367345,50915.48918367347,51537.36842105263,59581.24210526311,74488.30988486842
601040105007.0,9876.6669921875,12623.554253350614,17230.183645016008,20791.149273046758,22604.750034246594,23526.03127996577,24447.312525684945,25794.67595341123,28743.88067325606,29021.572859465734,29299.265045675413,29576.957231885088,29923.37402880752,30293.194339589114,30663.014650370707,31027.29296895425,31378.949217320245,31730.60546568624,32082.261714052234,32313.291375528974,38894.423429490875,40657.44590060568,41901.75683232387,43146.067764042054,44436.21212135753
601040105008.0,10285.0,10285.0,10285.0,10285.0,10285.0,10285.0,11991.183312360112,14034.51999614792,14918.672156895154,19379.55817122361,21909.204007961507,22947.43908296877,23985.674157976027,25023.90923298329,26062.144307990548,27100.37938299781,28441.542503455454,29982.399488342257,31971.22149388618,133172.11565369528,142724.4582621143,152276.80087053333,161829.1434789524,171381.48608737142,180933.82869579046
601040107001.0,7185.0,7185.0,7185.0,7648.354710953685,9733.451570317895,12615.59119432676,13344.592088462796,13398.744629673447,13452.897170884098,13921.675919619163,14832.269550764413,15742.863181909666,16775.812322399193,18279.35989341371,19782.907464428226,21286.45503544275,22630.138594939694,23880.062804379417,30621.65081528743,41453.54830873312,45295.10117399787,49717.83789699362,51358.588300153926,52204.48579259235,53050.38328503078
601040107002.0,8188.33349609375,8231.980223940496,8282.60009765625,8333.219971372004,8383.839845087758,8469.50396484375,14378.461136718754,15125.1203125,15171.000338184931,15216.880363869863,15262.760389554795,18583.520000000004,24007.917808219176,25735.72493150685,27463.53205479452,29191.33917808219,30919.146301369867,34152.134335937495,36099.27725599315,36548.5560744863,36997.83489297945,37447.1137114726,37896.39252996576,43424.35199999998,77702.55999999998
601040107003.0,14154.8154296875,14154.8154296875,14154.8154296875,14154.8154296875,20491.270603210807,23576.668857319142,23860.891809758854,24145.11476219857,24429.337714638285,25896.03637621541,27053.885266528916,28260.18035537189,29466.47544421486,30672.770533057832,34950.015557321974,41496.30700671617,41875.58508264851,42254.86315858085,42634.14123451318,42985.02345727566,43256.696204725806,43528.36895217595,43800.0416996261,44789.19931991137,63934.545570405055
601040107004.0,4766.66650390625,4766.66650390625,4766.66650390625,4766.66650390625,7443.738877496797,9065.912752217126,13628.703019386163,14016.061205029488,15146.746922183038,16277.432639336586,17408.118356490133,23102.863485688133,30554.93250479747,32959.36281223528,35363.79311967308,37768.22342711089,46634.79988025427,52347.91831874847,57225.17547397613,62102.4326292038,85665.63280429388,198133.1999446392,204369.42853188515,210605.65711913106,216841.88570637704
601040107005.0,10177.619140625,10306.60483232514,10536.096694536724,10765.588556748307,10995.080418959891,11386.425235087761,13415.903931018467,15528.99119825455,16425.759071668777,18270.637653252146,20359.414083402353,22707.80569252993,24362.92425323177,27155.356632825493,29947.789012419205,32740.22139201293,34822.200194072735,38228.07900591154,42088.446500432816,45948.813994954086,51082.932635227604,65827.54540853006,76459.67529180719,87091.8051750843,97723.93505836144
601040107006.0,3313.333251953125,3625.2297826784047,3984.935270668144,4344.6407586578825,4704.346246647621,5064.05173463736,6621.885170242538,9096.721560167909,11571.557950093284,14046.394340018656,16521.23072994403,20277.675546875005,22995.71484375,26970.149253731342,28196.41791044776,29422.68656716418,30648.955223880595,31875.223880597012,34709.333515624974,52125.02054687501,58615.50089552238,64989.83402985075,71364.1671641791,77738.50029850745,84112.83343283582
601040201001.0,6401.66650390625,7071.628106362895,7858.904505119651,8646.180903876408,9433.457302633164,10220.73370138992,11008.010100146676,11795.286498903431,12582.562897660187,13369.839296416943,16105.066011889596,21277.79189820068,27677.389361950976,27730.97642130568,27784.563480660385,27838.15054001509,27891.737599369793,27945.324658724498,27998.9117180792,28052.498777433906,28106.08583678861,28159.672896143315,36231.05573288939,40255.0302035183,48924.23654081713
601040201002.0,7625.45458984375,7988.367344798285,8462.363485282236,8936.359625766187,9784.98486383921,13701.184955562148,16126.302186196242,21003.27444882834,22360.89615633594,23117.86348593402,24102.9574117549,25088.05133757578,26071.15278078388,26432.202780351003,26793.252779918123,27154.302779485242,27802.725698840237,29047.913197347323,30293.100695854417,31538.288194361507,33019.18782877188,41790.10957096723,88490.07826497663,135190.0469589859,181890.01565299532
601040201003.0,4044.4443359375,5476.609351995756,7075.0556640625,8673.501976129246,10116.746564003626,10238.56637096293,10375.69911288879,10512.83185481465,10649.96459674051,13405.952268721825,15582.997226961324,16034.706524633975,16486.415822306626,16938.12511997928,17715.55143287495,22820.180691485417,41720.66764356477,48024.572517092805,48205.65840429925,48386.74429150568,48567.83017871212,53098.10134217084,58133.33398437501,63168.56662657916,100412.55038082751
601040201004.0,3847.5,3847.5,3847.5,3847.5,5572.6082035480995,7441.323127137854,7458.718871705076,7476.114616272297,7493.510360839519,8733.110264890032,10155.023574639028,10194.223642675162,10226.364270789687,10258.504898904212,10290.645527018738,12629.279806365963,15718.67689944555,16578.961526228126,19752.598060407967,22849.644502238105,24908.35612079096,28807.67776538524,33145.07563598946,37482.47350659367,41819.87137719789
601040201005.0,11267.0,11267.0,12291.150790706373,13335.943386047093,14416.887002449821,15796.712997550178,16573.418423879968,16927.783601316685,17282.148778753406,17515.27557650032,18623.243991312884,23516.131973938656,25598.399993457795,26288.339677536227,26724.91745646234,27161.49523538845,27761.855449683142,28774.737207805232,32896.492938820855,36957.7666967998,37875.02147351802,38792.27625023624,44098.44436090179,56803.06661654105,69507.68887218036
601040201006.0,7160.0,7160.0,7160.0,7160.0,7160.0,8376.273898305086,9950.869152542375,11525.464406779662,13100.059661016952,14619.09052631579,15549.989231085527,16866.659444901317,23224.0,30081.947368421064,38312.099303495765,39719.4481806144,41126.79705773305,42534.145934851695,43941.49481197034,47743.31189883475,52343.285055614404,56943.25821239407,61543.231369173736,66641.2631578947,87277.30526315789
601040201007.0,7579.66650390625,7579.66650390625,7579.66650390625,7579.66650390625,9242.54696489145,11635.998686634823,11666.916480746397,11697.83427485797,11728.752068969547,12117.916091668132,13492.842944667877,14867.769797667623,16242.696650667367,17548.640378569442,18696.0021256574,28683.306010306867,32307.439965980528,34431.92645191518,38768.04402167769,43104.1615914402,47440.27916120269,52453.93091874312,58889.599483922306,69129.75969035338,106742.47955473835
601040201008.0,7230.0,7521.929780016448,9138.771638569078,10304.86304481908,14646.063157894736,20459.487139423076,21807.179266826923,23154.87139423077,24502.563521634616,26089.613384046053,28687.403001644736,33369.92981085526,36924.84210526316,40270.59230769231,43522.223076923074,46773.85384615385,49951.61538461538,51430.38461538462,52909.153846153844,54387.92307692308,55486.04807692308,56080.74038461538,56675.432692307695,57270.125,57639.89473684211
601040201009.0,10780.0,10780.0,10780.0,10975.34261127609,11662.369123740638,13763.880255560349,20847.72794723061,25861.49982726574,30294.366547671954,33746.23042770685,34065.85650859844,34341.3428481102,34608.809518019356,35695.32603073661,38658.152061473214,39375.073884626865,39646.080950665484,39705.92446701597,39765.767983366444,43507.341757593465,47335.59828837832,55390.72156767672,71291.1645772854,140230.69874637114,209170.23291545705
601040202001.0,7569.04736328125,7618.2468767031905,7784.134227712857,7950.021578722524,8115.90892973219,8752.714525398862,9398.461611485309,10044.208697571754,12097.68769601454,14018.562039304265,14786.09978832031,15038.856765742194,15291.613743164076,15544.37072058596,16840.725712068474,17883.11377916743,18814.95311384943,19746.792448531432,24489.410856678674,34768.55181262602,46386.7300968415,56458.84810302453,63085.57392074356,68931.34435244613,74777.11478414871
601040202002.0,9640.0,10050.702322328629,12425.456344506048,13374.819305695564,13985.81166015625,14523.83306640625,15061.85447265625,15599.87587890625,15948.350423387097,19707.71478326613,24236.231251860117,24536.327516741072,24836.423781622023,25136.520046502977,25365.41832310268,25559.714015066966,25754.00970703125,25948.67265625,26147.73453125,26938.89668346774,30948.95393649192,38306.69015625,38359.06439732143,38411.43863839286,38463.81287946428
601040202003.0,15127.6923828125,15127.6923828125,15127.6923828125,15162.166223546372,15413.491617773905,15664.81701200144,15916.142406228975,18448.922734274856,19391.757831868756,19594.565134322835,19800.046714114473,20005.528293906114,20853.081122527252,22733.601102843415,24126.578178610584,25466.255380598188,33065.080824980876,48384.34209628283,48883.9210457039,49383.49999512497,49883.07894454603,59889.718776764734,71139.80318415962,82393.21628549576,93646.62938683192
601040202004.0,2900.0,7758.969796954641,10541.348478018732,10734.933223280783,10928.517968542834,11122.102713804887,11315.687459066938,11618.53183347892,13248.311935631182,15711.80234592361,18690.62594683031,18732.998746331203,18775.371545832095,18817.744345332987,18860.11714483388,18902.48994433477,20532.763625095202,22992.11465093532,25508.052232057707,28023.989813180095,30539.927394302475,33055.86497542486,35097.78751948893,36779.050104091155,40845.7940314887
601040202005.0,10048.5712890625,10048.5712890625,10048.5712890625,10048.5712890625,11579.771397951567,13182.91654304613,14388.083049162644,15593.249555279155,16798.41606139567,17129.017334985594,17221.100831248223,17313.184327510855,17405.267823773484,21112.000004929763,21425.446429066113,21496.696429196785,21567.946429327458,21639.19642945813,23244.500048049784,28395.90002049446,33551.78571323837,34166.78571436628,34781.78571549418,35396.785716622086,52860.00029065061
601040202006.0,9318.5185546875,10200.066685695112,12322.963264559537,13709.972317743295,14103.44667871548,14496.921039687666,14921.699990920228,15919.166661534044,23545.396459371088,29956.644308362822,29986.805043875887,30016.965779388953,30047.126514902015,30341.99999165535,30804.438920472796,31261.30837181995,31718.177823167098,32729.80176866321,35006.26602430557,37282.73027994793,39559.19453559028,47115.15042616034,56263.333984375,65411.51754258963,91992.26687112373
601040202008.0,7038.66650390625,7038.66650390625,7038.66650390625,9061.798215226367,10551.071315073412,10741.987641639329,10744.892791328557,10747.797941017783,11202.436572421762,16801.743669294,17767.273237811572,17886.969626718288,18006.666015625,20215.444202958333,20676.467932816176,21137.49166267402,21701.914724590708,23370.536353377614,26646.27743520284,26764.812853707554,26883.348272212268,27697.07103638433,31641.2412388994,38660.74474333963,45680.24824777988
601040202009.0,13023.3330078125,14669.7332421875,15326.354838709678,15347.993548387098,15369.632258064516,15391.270967741935,15720.683333333334,18817.249999999996,26761.550000000003,31375.12,32451.453333333335,33829.27741935484,35267.41935483871,36705.561290322585,38143.70322580645,48386.600000000006,60393.673548387094,60586.53548387097,60779.39741935484,60972.25935483871,61203.01419354838,67913.45548387096,74623.89677419355,81334.33806451612,88044.77935483871
601040202010.0,10654.857421875,10654.857421875,10654.857421875,10654.857421875,10769.398359375,13070.368895733172,14868.477345252404,16666.585794771636,18464.694244290866,20262.802693810096,21095.50390249399,21508.359701772835,21921.215501051684,22334.071300330528,22972.191584821427,26429.47149553572,30639.75755408654,30810.016015625,30980.27447716346,31150.532938701923,31320.791400240385,46189.86666666667,52719.129873511905,75137.81627232126,311493.99999999965
601040203001.0,9310.793621886442,17604.678900296232,17724.899083580196,17845.119266864156,17965.339450148116,18085.55963343208,18205.77981671604,18326.0,18591.53487810917,19676.57549192825,20816.75888307175,21956.942274215253,23097.12566535875,24237.309056502254,25377.492447645753,26517.675838789255,30121.925574263998,55006.13736663918,91248.15876843953,101322.80020791038,111397.4416473812,121472.08308685204,131546.7245263229,141621.36596579372,151696.0074052646
601040203002.0,12733.3330078125,13873.535318116472,16265.083607836266,16315.61573321657,16366.147858596874,16416.67998397718,16467.212109357482,16517.744234737787,16568.276360118092,17484.266706516773,18895.41123997188,20306.555773426986,21717.700306882092,23128.8448403372,24539.9893737923,25951.133907247407,29164.705531391075,39277.976750283415,49067.62537735699,59903.37531930208,70739.12526124713,81574.87520319223,92410.62514513731,103246.37508708237,114082.12502902746
601040203003.0,12081.4287109375,12552.826651385154,13310.96946946646,14069.112287547765,14827.255105629069,16745.760094780966,16921.64899318033,17086.639592256182,17251.63019133204,17416.62079040789,17835.94165913217,18785.040739432046,19734.139819731918,20683.238900031793,22933.076668543832,24125.592451966273,24307.532099909087,24489.4717478519,24671.411395794716,26009.41841875405,27468.565765330164,28927.713111906283,31648.513966988787,40284.81095585237,57584.56772597887
601040203012.0,11943.770453931233,13837.250671040896,15730.73088815056,17624.211105260227,23872.857179164886,25414.657087982476,26895.47299375943,28376.28889953639,33953.22229018041,36416.82434835129,38880.42640652218,41344.02846469306,49385.71971002702,57856.494633224866,66327.26955642269,70390.3502414717,71147.66041342204,71904.97058537239,73649.54409165423,79014.08298139974,84378.62187114524,89743.16076089074,111080.70901586571,135080.42540951938,159080.14180317312
601040203013.0,12713.3330078125,15044.974696180554,16837.021538461537,17520.48246153846,18203.943384615384,18887.404307692308,19497.37846153846,19886.89230769231,20276.406153846154,20665.92,21055.433846153846,24585.688888888893,25597.523076923077,26325.370461538463,27053.217846153846,27781.06523076923,30243.74666666667,34440.777777777774,36568.19076923077,37659.735384615386,38751.28,39842.82461538461,41919.64444444444,64747.94666666665,160594.8148148148
601040203014.0,18668.932793426527,19459.567709303275,19523.09895906411,19586.630208824947,19650.161458585782,19815.810003124236,20323.808035769263,20837.124391258756,21350.44074674825,21863.75710223774,27306.84428064984,28279.68430449524,28584.080445927466,28888.47658735969,29192.872728791914,30422.337888610284,32096.31673973046,33770.295590850634,35444.27444197081,38354.89987613681,44216.05094325687,60204.067610021375,79301.47686430099,98398.88611858056,117496.29537286019
601040203015.0,4966.66650390625,6601.109635161496,8401.93338002665,12186.30850271605,13907.143604520597,15449.157035020553,16922.207308447585,17907.290931854557,18834.877894203804,19762.464856553055,20690.051818902302,21617.63878125155,22606.97388147563,24512.6522664099,26418.330651344164,28324.00903627843,30229.687421212697,32135.36580614696,33812.51344156756,34822.17019383458,35831.826946101595,36841.48369836862,37851.140450635634,38860.79720290266,51545.24088350547
601040203016.0,6860.0,7501.023636363636,8273.00909090909,9044.994545454545,9816.98,10588.965454545454,13484.962244318182,13566.71747159091,13648.472698863636,13730.227926136364,13811.983153409092,14066.855234375,15806.666015625,17085.67220880682,18364.678401988636,19643.684595170456,20922.690788352273,22118.660582386365,22467.659105113635,22816.65762784091,23165.656150568182,23514.654673295456,24836.087760416667,28155.39984375,36999.2
601040203017.0,4056.666748046875,11959.921554668974,14164.562895661,18626.960976615384,21290.044455921965,21382.60945569208,21475.17445546219,21567.739455232302,21660.304455002417,21741.188835162215,21820.21653766865,21899.244240175085,21978.27194268152,22142.670041537178,24112.980036643854,26083.290031750537,28053.600026857224,30023.9100219639,32886.875614463774,40386.35646374711,40851.308108427715,40926.03243256646,41000.75675670521,41075.48108084395,55803.10864246767
601040203018.0,5925.55517578125,6267.920723571778,6800.801802062988,7333.682880554199,7866.56395904541,8399.445037536621,8932.326116027833,10999.230769230768,15450.098461538462,21401.62615384615,25269.314453125,25964.33059082031,26418.519897460938,26872.709204101564,27326.898510742187,27781.087817382813,28235.277124023436,28496.641381835936,28598.634575195312,28700.62776855469,28802.62096191406,28904.614155273437,29006.607348632813,29320.718924278844,36845.03076923077
601040203019.0,15360.0,15685.214317798615,17210.357196331024,17411.42000471115,18390.843904143974,19867.8411465412,21344.83838893842,22710.000013717232,24069.999997256553,26654.17138748169,32513.828612518304,36852.26576043263,39470.666137550026,42032.80017318726,45195.762653994585,45801.863588439504,46407.96452288442,51585.52504973634,61996.877044027744,69359.50709190089,76722.13713977401,85331.62021062581,99875.71123729233,134541.42674237533,169207.14224745845
601040203020.0,14351.4287109375,16404.58555543171,18963.199996385207,19530.26086883982,19703.999999424686,19877.73913000955,20132.240216684484,20578.550950765675,21024.861684846866,21943.48841734623,27042.274803690074,32198.78228560477,36198.570085484345,36355.9270149681,36513.28394445186,36670.64087393562,49117.58984807829,55490.184594381484,59044.08597966766,62362.659895577846,65681.23381148801,69087.55383825768,75435.6521574446,83061.39129446674,90687.13043148891
601040203021.0,2307.142822265625,2469.4721867334965,2787.149019673576,3104.825852613655,3422.5026855537344,4341.4558201628715,5330.496370577185,6319.536920991497,7479.257290222378,8969.468107010178,10197.000031196312,11424.531955382448,12652.063879568583,16213.833472135784,21339.357194627206,26667.381088019305,31995.4049814114,37204.77492596579,40871.644717687064,44538.51450940834,48205.384301129605,52660.28392357373,59759.32097642205,67810.16687322147,136333.07909071486
601040203022.0,8343.3330078125,8343.3330078125,8343.3330078125,8343.3330078125,8658.948679804887,9307.127922724163,10415.290692425278,13800.361252363982,16641.090563253547,18495.85517752179,18653.041385990033,20226.987771738688,22404.495313262938,24582.00285478719,26759.510396311438,28107.210685745238,29363.303122095745,30619.395558446246,32628.108253890532,41417.675238328404,50724.69561951345,60253.176058114346,69781.65649671525,79310.13693531611,84504.58755187946
601040203023.0,14305.0,16115.0,19301.5,23708.370898437504,24313.44680706522,24745.310326086958,25177.173845108697,25609.037364130436,26040.900883152175,26472.764402173914,26838.06265285326,26946.609154211958,27055.155655570652,27163.702156929347,27272.248658288045,27380.79515964674,27489.341661005434,28700.597826086952,31308.619565217392,33916.641304347824,36524.66304347826,39132.684782608696,41740.706521739135,44348.72826086957,53224.80000000001
601040204001.0,13791.0,14654.14625,16510.188072916666,16606.35465625,16702.521239583333,16798.687822916665,16894.85440625,16931.196041666666,16965.426208333334,16999.656375,17033.886541666667,17631.0370703125,24408.083984375,33462.1027734375,39199.60742187499,43614.84,45688.12,47761.4,49834.68,51907.96000000001,62342.59999999998,67314.77333333333,70276.26666666666,73237.76,76199.25333333333
601040204002.0,5045.55517578125,10427.463770108934,11899.389412662194,11917.589194472317,11935.78897628244,11953.98875809256,12281.568324937716,13806.910833687474,14354.373789942536,14890.865221647513,15427.356653352488,15963.848085057463,16410.0,24624.999552900565,29474.934676258374,32389.873117505584,35304.811558752794,38219.74999999999,41173.73911960724,45739.239207334926,50257.078984404536,54837.117002943,61075.08357353072,67313.05014411842,73551.01671470614
601040204003.0,14162.0,14230.094071014646,14507.72856397198,14785.363056929313,15062.997549886646,15340.63204284398,16051.73387549699,18010.316957034705,20011.536608593062,24001.413915007968,27288.89725166955,29170.448625834775,31052.0,32933.551374165225,34815.10274833045,39349.87258434368,50273.36881634662,72506.48404326683,73424.79412093063,74275.60982470811,75126.42552848558,75977.24123226306,76889.88652585588,84269.93191551352,115618.12612054398
601040204004.0,5290.0,7148.640867132849,9362.04828816516,11575.455709197471,13788.863130229784,15280.644317477427,15537.968477883745,15795.292638290064,16052.616798696385,16306.093735530534,16556.40623186222,16806.718728193904,17057.03122452559,19392.709985175814,20157.51424915158,30872.57870926273,35568.431610679,36757.61218600722,37394.57262014687,38031.53305428652,38668.49348842617,43297.014783890394,44817.86770277885,46338.72062166731,47859.57354055577
601040204011.0,19358.21947295072,21078.461696265895,22407.467301690398,23736.4729071149,27656.902672399745,29909.977826631028,32163.05298086231,34714.00476366068,39397.20911614562,41682.72049988289,43968.23188362016,48142.12129637643,52626.665708260196,57111.21012014398,61595.75453202774,62731.98992680505,63094.214105568164,63456.43828433128,66966.06201533972,74168.84403108699,81371.62604683424,94048.49655169452,103072.33645069259,103614.90187041555,104157.46729013852
601040204012.0,8740.666015625,9004.770532002183,9323.24951171875,9641.728491435317,10199.62098310526,11905.602049188083,13596.80614756425,15288.010245940415,16979.21434431658,19370.357065500488,22443.181803699368,23144.8666639328,23615.0,24085.1333360672,25434.636408206843,29560.72725186072,31819.766574263573,36359.833267331116,40899.89996039867,45439.966653466225,48119.99999349767,57858.56492300052,79554.97494500039,101251.3849670002,122947.79498900007
601040204013.0,8822.083984375,8822.083984375,8822.083984375,8867.042196075097,9344.852315304694,10076.715256264926,10808.578197225159,11540.441138185392,11864.766897385922,12633.926749211536,13668.583522406432,14703.240295601328,16070.85006817182,18252.40004325867,21421.00003350575,29286.79913023208,40597.264744275366,47448.4703089484,58116.70566690306,68784.9410248577,79453.17638281232,80906.47058727172,81335.88235454714,81765.29412182255,126718.00056887302
601040204014.0,14441.2001953125,14442.20260757995,14448.73741888325,16967.345689824142,19670.162489056023,21707.320768782287,22370.4549902217,23033.589211661114,23696.72343310053,24926.27974847595,26156.500153178735,27386.720557881526,27787.81248773672,28080.184213354158,28372.555938971593,28631.00645552415,28855.637454791584,29191.971487061426,31276.226019386002,32451.757818833878,33290.347306318625,34128.936793803376,48983.05165909533,72620.23099545715,96257.41033181906
601040204015.0,2476.83349609375,2534.321338778409,3236.690909090911,14452.167272727276,17813.342352941178,19414.810588235294,21016.278823529414,22635.95882352941,25053.31411764706,27470.669411764706,29888.02470588235,31868.31272727273,32366.0,33055.45161764706,33744.903235294114,34434.35485294118,35079.514136029415,35553.28134191177,36027.04854779412,36500.81575367647,37219.36926136364,38180.79889204545,38658.66661931818,57976.31616477272,63828.35204545454
601040204016.0,12092.0,12092.0,12092.0,12111.224962567292,12995.574951872231,13879.924941177173,14764.274930482112,18097.713913181848,20551.32028437375,20984.007779140957,21416.695273908168,21853.878077186026,22325.953071476895,22798.02806576776,23270.10306005863,24946.28542000907,26016.449941267572,26490.24993553758,26964.049929807585,27582.475870603637,30042.132085048044,37099.19912923177,45278.57096717471,51281.39081941144,55582.32506394159
601040204017.0,13430.0,15203.460056586002,17758.661513613533,17813.78057221985,17868.899630826163,17924.01868943248,17979.137748038796,19992.116690441195,20591.451450410503,21419.136392219523,22304.3274585841,23189.51852494868,24074.709591313254,24677.555673669787,24960.36336740824,25243.17106114669,25525.978754885142,25940.469923884284,27906.838691870507,29873.20745985673,31839.57622784295,33805.94499582917,45609.17739931183,52915.25997304678,64640.08324335789
601040204018.0,6500.6669921875,6702.074466483059,7163.349663230013,7624.624859976966,8085.90005672392,9114.893688261547,10556.328646449463,11997.763604637377,13439.198562825293,14414.390565543674,15202.44124502971,17154.008229235893,20784.2861328125,23219.598187933956,23413.966798425212,23608.335408916468,23802.70401940772,24282.254189179934,24863.451065957095,25378.537655910965,25893.62424586483,26408.7108358187,28748.90560272483,38669.93682437776,55599.62472091889
601040204019.0,11805.0,15513.039881134033,21106.956510584387,21425.217381772112,21743.478252959838,22061.739124147563,22287.937425274176,22389.16189080381,22490.386356333445,22591.61082186308,25213.402094067038,26287.91303990536,26988.75,27689.58696009464,29454.889161322702,37163.42291071236,39501.46757316729,41044.14908578738,42586.830598407476,44129.51211102757,44602.25492721199,44819.733189190265,45037.21145116855,45847.30828812656,72487.893762207
601040204020.0,8988.5712890625,8988.5712890625,8988.5712890625,8988.5712890625,9700.841060274575,17197.237495042104,20656.145462684846,21540.897431694546,21852.4358936915,22163.97435568846,22475.51281768542,22746.887178785983,22839.102563537082,22931.317948288182,23023.533333039282,23383.902561248266,25046.27179446404,26708.641027679805,28371.01026089558,30102.17495465595,32198.759681299227,34295.34440794251,36391.929134585786,38969.73092236745,49280.115655052614
601040301001.0,10374.2861328125,10505.007827020669,10940.422825398622,11375.837823776576,11811.252822154527,11823.689075603204,11827.453781471533,11831.218487339862,12224.209295765848,13344.436814092776,14688.011082764575,14907.596081946558,15127.18108112854,15346.766080310523,17491.179799949423,19759.038615030404,22026.897430111385,25978.085854802826,30479.858549595712,34910.39067355301,41419.91629554966,45895.74888664899,58288.54130803838,72415.524784823,86542.50826160767
601040301002.0,8221.333984375,9873.497845695298,11454.668303707154,12292.237879830649,13108.307872045734,13374.57950145347,13640.851130861205,13907.12276026894,14183.18097186552,14807.205971712838,15431.230971560155,16055.255971407474,16679.28097125479,16996.094775574224,17013.07784529794,17030.060915021655,17047.04398474537,17064.027054469083,24756.25930008275,25477.381136213673,26176.888437876343,26876.395739539013,27575.903041201687,40297.65837431332,88258.12237001167
601040301003.0,10637.888671875,10786.421771012945,11728.184722521575,14163.115124235155,15683.432264081232,15809.040865263561,15934.649466445893,16758.225858642705,18864.733369287198,20971.24087993169,23154.65012791316,25593.283977489482,30541.6878880898,33471.74152382615,34471.305713029986,35470.86990223382,37782.934004109695,42589.25040788649,55334.7105710411,61444.44317175664,65242.180776891786,69039.91838202695,75377.52703374377,83266.51622024625,91155.50540674875
601040301004.0,7944.0,8037.637241379311,8346.475862068966,8655.31448275862,8964.153103448276,9190.80693426724,9315.708168103449,9440.609401939655,9565.510635775861,12415.746380208337,15537.23067887931,16164.119515086208,16791.008351293105,17417.897187500002,17787.453333333335,17926.718333333334,19220.506015625,27498.35490451388,29464.773428819444,30021.816379310345,30227.259051724137,30432.701724137933,30638.144396551725,33227.28791666666,44334.76982638888
601040301005.0,566.6666870117188,566.6666870117188,566.6666870117188,566.6666870117188,4618.189407535142,14242.791303440494,18199.280267006,19344.596358146122,20906.895030175925,22486.710843391975,24066.526656608024,25646.342469824078,26935.19921875,28087.848520400854,29201.47320471695,30315.097889033048,31428.722573349147,32598.57202191054,37204.61543634327,59051.999508491004,81782.3999633789,83971.19998168945,86160.0,88348.80001831055,123539.07768789736
601040301006.0,6496.66650390625,6496.66650390625,6841.95149193155,7426.4401533214905,9172.067201459953,10917.694249598419,12869.701671688112,15040.006449756605,17210.311227825103,18384.403869305308,19330.365366629947,19991.09453738984,20638.508468789434,21271.02372626735,21903.538983745268,23372.807919877127,24827.066034002593,25263.44339000432,26510.067763513343,28715.898283289276,30921.728803065205,35580.91316320366,41123.05074674719,48985.830448048306,56848.610149349435
601040301007.0,15758.0,15766.042861361711,16150.435828075024,16534.828794788336,16919.221761501645,17303.614728214958,17730.17591861132,18418.443244255144,19749.791973408413,21306.355706649807,22379.660598063925,23194.467100964324,24208.384255000623,26302.59647620077,27554.63529733546,28515.9595601556,29477.28382297574,30438.60808579588,31399.93234861602,32742.876914717555,34147.311251762156,35551.745588806756,36956.179925851364,38360.614262895964,44258.32939675157
601040301008.0,4054.0,20598.655859374998,25682.16075994318,25914.818556385868,26137.579385190216,26360.340213994565,26583.101042798913,26805.86187160326,30305.243636363637,30482.536306612317,30584.757579257246,30686.978851902175,30789.2001245471,33242.26566761365,43523.22727272726,47147.47826086957,48139.24637681159,49131.014492753624,50122.78260869565,51114.55072463768,53245.83188405797,55383.40869565217,57520.985507246376,59658.56231884057,88801.67272727269
601040301009.0,12324.0,15674.95946107542,18088.184989242898,18584.08798662269,19079.990984002477,19575.893981382265,20071.796978762053,26023.074546524305,32480.80119511691,33238.390111276065,33995.97902743522,34753.567943594375,35511.15685975353,36616.9958462412,41766.335538598265,43357.16071329613,44491.30209478927,45625.4434762824,46759.584857775546,48067.59348261865,85042.33777771408,97021.07868822207,108999.81959873006,120978.56050923801,132957.301419746
601040301010.0,15246.5712890625,18568.84915656888,21529.88528380102,22392.57125,30112.225306122447,35497.72623405612,36710.740475603074,37448.9115337171,38187.08259183114,38925.253649945174,42399.06870535714,45327.38511992873,45533.66144120066,45739.93776247259,45946.21408374452,48288.33157894738,60246.24035087721,72204.14912280702,84162.05789473685,96119.96666666669,107702.36228070175,119197.00789473683,130691.65350877194,142186.299122807,158457.53469387753
601040301011.0,5836.66650390625,5836.66650390625,5836.66650390625,5836.66650390625,5836.66650390625,5836.66650390625,5836.66650390625,5836.66650390625,5836.66650390625,5836.66650390625,9004.053755595469,19486.177570473872,24386.1904296875,28000.10980379722,28022.18039207178,28044.250980346344,28066.321568620908,28088.39215689547,28110.462745170033,28132.533333444597,28154.603921719157,28176.67450999372,28198.745098268286,41441.01272968337,67674.00465365636
601040301012.0,7000.0,10353.327852765666,13919.376270025426,19146.06598826331,20051.18753671925,21164.466146087645,22266.066132354736,23367.666118621826,24469.266104888917,25229.246008211063,25723.080114672688,26216.914221134313,26710.74832759594,27163.947175770885,27482.649058590294,27801.350941409706,28120.052824229115,28438.754707048523,37260.473643186015,37315.17384887203,37369.874054558044,37424.57426024405,37479.274465930066,50018.19109260035,58490.9148104207
601040301013.0,12154.0,13172.10029296875,13281.83349609375,13391.56669921875,13501.29990234375,13611.03310546875,13797.49970703125,14214.16650390625,14630.83330078125,15047.50009765625,15464.16689453125,16491.3337890625,20686.666015625,23480.266406250004,26273.866796874998,29067.467187500002,31861.067578125003,34654.66796875,38995.0,40784.778515625,41771.889453125,42759.000390625,43746.111328125,44733.222265625,51446.946875
601040302001.0,1325.7142333984375,1525.7394665527345,1855.192791748047,2184.6461169433596,2893.7232421874974,12506.349726562501,14099.900000000001,16692.5,19527.104375,20999.3709375,22522.438046875,24045.50515625,25568.572265625,26826.17203125,28083.771796874997,29341.371562499997,34511.199375,40978.665624999994,43691.85484375,46206.09953125,48720.34421875,51902.30000000001,63764.500000000015,75626.69999999998,87488.9
601040302002.0,12055.7138671875,13903.428261444775,15720.909075176092,19651.090406221614,23463.93091554313,24993.31023804237,26522.689560541614,28052.068883040854,29902.704096424102,38916.65904203013,41643.488487979754,66397.29642206653,67605.79298339493,68814.28954472333,70022.78610605175,71231.28266738015,76008.20606309889,83560.573364499,91112.94066589914,98665.30796729928,106197.44544271269,113102.45756655432,120007.46969039596,126912.48181423756,133817.4939380792
601040302003.0,9393.3330078125,9393.3330078125,9393.3330078125,10502.9482027717,12515.738333215566,14984.254961940796,17259.753606044804,17710.79709365673,18161.840581268654,18662.22501072213,19381.77498927787,19791.634997018726,19858.32499503121,20536.213300843003,21401.900054524158,22267.586808205317,23735.8004898159,25339.66161342049,26943.522737025083,31481.930074305237,39195.178729972744,61426.31050880448,83657.44228763622,102123.50247519067,106374.50082506356
601040302004.0,7624.0,7712.925714285714,8584.971428571429,9457.017142857143,10329.062857142857,11201.108571428571,12862.211764705884,15133.470588235294,15675.30588235294,16071.048235294118,16741.744705882353,18189.857647058823,18778.093864889706,20092.44453584559,22093.469683314728,23200.174303850446,24306.87892438616,25413.583544921876,26520.28816545759,27248.760265066965,27603.944059709822,27959.12785435268,28314.311648995536,28669.495443638392,51434.91448529411
601040302005.0,10303.3330078125,11416.606111290588,13687.879265686064,14926.364580745092,15474.7812236528,16237.65468483347,17000.528146014138,17763.401607194806,18287.301787310327,20301.99042546712,26305.667013782822,27500.36966019642,28695.072306610018,29889.774953023614,30701.806442103298,31870.390605379784,36562.07415882321,44454.45785062859,45188.53013721144,45922.6024237943,46656.674710377156,48775.22897872006,53913.734984800045,59052.24099088002,64190.746996960006
601040302006.0,4893.33349609375,5062.766737188549,5203.620740690231,5209.999407373429,5216.378074056625,5222.756740739823,5690.997498850841,6874.666663646697,8273.066667270661,9671.466670894624,11069.866674518586,11851.625000125729,15082.499999999995,20728.899977167697,27297.39992134421,36115.48810613912,42483.75305538294,47022.25585881116,51560.75866223939,56099.261465667616,68078.98791601011,88069.35980713845,109332.39986224176,130595.43991734502,151858.47997244832
601040302007.0,6851.4287109375,9999.168647518147,15565.143347634501,18125.361879797816,19878.340026707574,21572.735604096775,22407.685581754115,23242.63555941145,24255.573260045367,26648.617101823445,27001.61647787715,27354.615853930856,27707.61522998456,27861.377693801067,28005.854844771784,28150.331995742497,28279.90690414282,28407.133448035896,28534.359991928974,29284.406438008325,30218.118131202435,31151.82982439655,34159.23947552641,36184.97593437866,52171.26597453192
601040303001.0,14459.6923828125,14459.6923828125,14459.6923828125,14459.6923828125,14459.6923828125,14544.536978766622,14883.91532859919,15223.293678431759,15562.672028264325,15902.050378096894,16241.428737660994,16775.17377133421,17239.324339959116,18252.837864729678,19410.270290809447,21754.054077647776,22171.513228547232,22254.560847990855,22337.608467434475,22420.656086878094,22503.703706321718,23068.756781530163,28783.02721322257,37676.216321795466,48004.054102005124
601040303002.0,14234.0,14346.952501145412,15473.69342395731,19591.58975287229,20167.17075028853,21325.959732454972,22079.84818167024,22833.736630885505,23587.62508010077,24341.51352931604,25095.401978531303,26977.141606341076,27616.651338617565,28256.161070894053,28895.67080317054,29535.180535447027,30174.690267723512,32059.999999999996,34948.80737335511,37837.61474671022,40726.42212006532,43615.22949342043,46862.54699013451,70565.67311512338,116693.31042341748
601040303003.0,0.0,3582.4727272727273,9479.5,11487.224145951706,13607.269985405219,16805.967347184065,20004.66470896291,23203.362070741758,26402.059432520608,28657.69684659091,29802.452747252748,30706.39120879121,31610.32967032967,32514.26813186813,33108.56336881868,33252.33505151099,33396.1067342033,33539.878416895604,33712.71071022727,35738.15693181819,36763.10857142857,37739.45318681319,38715.797802197805,39692.142417582414,52906.80454545454
601040303004.0,5586.66650390625,5586.66650390625,5586.66650390625,5586.66650390625,6508.799871093749,10103.52,11820.000000000002,16208.318181818182,16951.881818181817,17695.445454545454,18439.00909090909,19182.572727272727,19439.375,20217.56,21844.741818181818,23972.567272727272,26100.39272727273,28228.218181818178,30356.043636363633,31214.6565,39022.13386718749,48989.06704900568,58956.00023082387,68922.93341264204,79849.59999999999
601040303005.0,0.0,9790.399968435251,14681.942100675735,15147.83205728044,15613.722013885146,18331.20819987607,20598.66141900017,21606.6537185118,22289.026085294354,22862.269563970764,23435.513042647177,24055.282608224676,24705.0,25354.717391775328,25894.941176712582,28101.066664023805,30511.004593104302,31870.333984375,33229.6633756457,35727.151059774325,38790.90195956701,41974.913040553234,46010.0,50045.08695944675,53805.93407080783
601040303006.0,13750.0,14202.4,15084.0,15965.6,16847.2,17754.387692307693,18744.024615384616,19733.661538461536,20723.298461538463,21712.935384615383,22660.12,23337.18666666667,23558.76923076923,23774.375384615385,23989.98153846154,24205.587692307694,26062.240000000005,27303.23076923077,28053.876923076925,28804.523076923077,29555.169230769232,30645.466666666667,39682.666666666686,64156.799999999974,143814.26666666663
601040303007.0,10006.6669921875,10552.979851526788,11421.224584981694,13113.866816406251,14782.742871268136,15270.031957814077,17465.175160931754,19876.32114813934,20295.37436786117,20714.427587583,21115.133220532447,21152.557270341407,21189.981320150368,21227.405369959328,21456.931707448693,21783.901209775566,22110.870712102438,22466.348750862267,23445.530363757738,25917.49985106424,28389.469338370738,30861.438825677244,38355.94663148331,46505.56797888997,54655.18932629666
601040303008.0,18210.0,18992.483942046747,21899.463424748126,25091.09727112431,25581.46289118902,26958.624642627183,27453.193656781517,27954.762041046142,28496.38107776245,29038.00011447876,33232.00160740272,36875.87159021044,37312.634979804054,37547.78418141973,37782.93338303541,38193.72708981447,38746.38739614979,39299.047702485106,40089.02721006447,41815.79225466994,43542.5572992754,45269.32234388087,52457.67501302598,60601.80500781558,68745.9350026052
601040303009.0,9625.0,11307.103713344803,15348.696504603846,16773.097217498474,16927.51366064534,17081.93010379221,17273.86610165734,17722.666679845566,21003.7330068152,21890.564745988682,22311.938294766576,22733.311843544474,28298.786022093846,30710.025084068096,31841.918131090202,32931.193115813534,34020.46810053686,38209.1074291419,40945.31722498218,40998.1872242407,41051.05722349922,43280.070038216116,47053.04998530149,50826.02993238687,60731.0570096444
601040303010.0,4571.4287109375,14670.800077525564,19420.588316620426,21029.29418952902,22638.000062437615,24246.70593534621,26171.840101165773,27795.000333786007,31125.279436061537,31503.426492665054,31881.573549268567,32259.72060587208,34897.00026035309,40951.970902584,47090.85321948519,53229.73553638639,59368.6178532876,60145.000019774714,60858.29413323419,61571.58824669366,62326.61766636743,64236.32353750892,66146.02940865041,68055.7352797919,69934.5999830246
601040303011.0,6350.0,6350.0,6350.0,6350.0,6350.0,6350.0,20728.805852935606,21010.8,21292.794147064396,21574.78829412879,21856.782441193183,22138.77658825758,23954.27317104107,24002.5424394575,24050.811707873927,24099.080976290355,24147.35024470678,24195.61951312321,29301.70927093709,48376.60089964751,48838.667006015,49300.7331123825,49762.79921875,50224.8653251175,50686.931431485
601040401001.0,20106.666015625,20148.878181665335,20378.0299196309,20607.181657596462,22012.44997307062,26304.55002692938,26966.95001062155,27214.545455964144,27297.4545461166,27380.363636269056,28598.490892967508,30168.927242271962,31739.363591576413,32472.700367793153,33079.2038423718,33685.707316950444,34175.51365050161,40218.49971978663,48444.099870753285,55198.999983549125,57821.00001645088,62815.40151844982,79417.4265322882,112335.78716937287,145254.14780645762
601040401002.0,9500.0,9500.0,9500.0,9915.725986027937,11438.089780531249,13866.76574434358,15863.266833494392,16727.31138915732,17359.427581200373,17947.958557416187,18548.33167506483,19846.330181444493,26357.515902789753,30532.013867771486,32456.137870531937,34581.296169890644,36706.45446924936,40680.58108807973,44206.74279646462,44402.21208248905,44597.681368513484,48521.10843043556,53587.50002917789,54256.50001750673,54925.50000583558
601040401003.0,15587.5,17348.4375,18847.260273972603,19178.657534246577,19510.054794520547,19841.45205479452,21011.375,23656.164383561645,23844.87671232877,24033.58904109589,24222.301369863013,24411.013698630137,28173.333984375,29737.99175406678,31302.64952375856,32867.30729345034,34431.965063142125,38724.42016601561,51470.37499999999,55527.72602739726,55698.02739726027,55868.32876712329,56038.6301369863,57465.99999999999,68596.59999999998
601040402001.0,4200.0,4587.499989529451,5311.756045630943,6063.853549253566,6800.509100500815,7665.92579100604,14199.073719202734,17079.67472852518,17234.406189070145,17389.13764961511,17523.609459256724,17646.090862440862,17768.572265625,17987.89599028242,18207.21971493984,19014.013910706286,20022.048780814177,20057.814634690294,20093.58048856641,21095.55557236848,23705.853709089373,26475.804945452503,29403.000087141987,33757.500097342316,44505.41675442788
601040402002.0,5414.4443359375,8640.1987861071,11076.264245463068,14675.378364412394,20140.577809502483,20540.089079408423,20939.60034931436,21339.1116192203,21805.770559748216,22406.34664134979,22835.919979286195,23265.493317222594,23695.066655158997,24364.659972286227,26088.886657428742,27813.113342571258,29537.340027713777,31261.566712856293,34692.000013811834,36341.386666488645,36374.613333511355,36407.84000053406,36441.06666755676,36701.58626649836,38883.93106809382
601040402003.0,16272.7275390625,17187.139889955688,17670.52018602919,18116.85584854085,18563.19151105251,19009.527173564173,19419.658824215465,20728.791269302368,22929.265328598023,25129.73938789368,27330.21344718933,29530.687506484985,37316.66796875,39947.583963202196,53971.732009267806,54540.257931375505,55108.7838534832,55677.3097755909,56245.835697698596,59455.85425036864,89139.0223097144,96629.60936588899,104120.19642206357,111610.78347823813,119101.37053441271
601040402004.0,9636.0,9636.0,10519.445493502064,12980.578871113239,14668.589278296113,16227.902116491865,16786.100529132855,17165.382173314792,18913.500040281906,21797.538844654875,22212.063211501907,22769.16341774116,24266.372918080473,25763.58241841979,26167.574584689573,28128.743195079816,31583.229829326567,32787.85085336718,34507.696495567914,37824.04382626032,41300.544969607414,71898.69126859371,90957.18385845696,105790.16136103112,156433.89377604626
601040402005.0,14100.0,14293.745422585227,15499.272496448864,16704.7995703125,17910.326644176137,24199.59385416667,27940.516363636365,29040.763636363637,30141.01090909091,31258.236363636363,32420.49090909091,33582.74545454545,34745.0,36365.43636363636,37985.87272727273,39606.30909090909,42018.41454545455,44729.01818181818,47439.62181818182,50873.87895833334,55122.54934027777,58888.23725694444,70575.69758522727,84578.75292613634,98581.80826704545
601040402006.0,7758.0,7758.0,9118.750074757882,11114.516901536033,12071.390707398372,12864.228725087305,13657.066742776236,14449.904760465168,17783.351398830077,21442.517132943358,25101.68286705664,28760.848601169928,30498.414306649138,32043.820029308798,33589.22575196845,35134.631474628106,38719.02024567442,42170.3797044334,43420.39908620676,44670.418467980126,45920.43784975348,53496.501581154764,101137.50112939626,133942.00001439452,134954.00000479817
601040402007.0,12250.0,12250.0,12250.0,12250.0,13676.464,16617.344,18818.874114583334,18894.370572916665,18969.86703125,19045.363489583335,19298.160515625,20254.83434375,22105.71484375,23946.354343750005,24179.008,26565.856,31450.176000000003,35992.66666666666,39413.64444444444,42834.62222222222,46255.59999999999,51572.533333333326,58654.66666666667,65736.79999999999,72818.93333333332
601040403001.0,9220.0,12189.04004601751,19817.45000880531,20918.036994437,22373.664165980572,23013.68805473708,23653.711943493585,24293.73583225009,24933.7597210066,25573.783609763108,26150.28133858064,26680.657337032255,27211.03333548387,27741.409333935484,28271.7853323871,28802.161330838713,30934.183843903716,33852.58340113249,34473.24570536586,35638.045483215334,36802.8452610648,37967.64503891427,39132.444816763746,40297.24459461321,48253.59991134914
601040403002.0,9512.857421875,9512.857421875,9512.857421875,9512.857421875,11053.732247348706,13418.77894266081,14043.115972123493,15219.218331648197,16608.255286441774,17997.29224123535,20505.494666548915,25895.957881255956,27645.68408299285,30370.77815411674,33023.50706276999,35676.23597142325,39026.61220271853,45543.23447349336,52059.8567442682,58576.47901504305,62875.23400976161,71501.97319652558,76748.26656894684,81994.55994136809,87240.85331378937
601040403003.0,8828.888671875,9672.022643743596,10877.87924320513,12083.735842666665,13176.516173480237,13578.364274210697,13980.212374941157,14382.060475671617,16029.626453523739,17212.28301019018,18014.40565053769,18816.528290885202,19958.703105850494,21948.665274456107,28178.38784392305,42203.49919769711,48223.646896285216,51207.69691288233,52338.772860742545,53469.84880860276,54600.92475646297,55122.23628732541,55543.75527410561,55965.27426088582,76823.2148875795
601040403004.0,8897.5,8897.5,8897.5,8897.5,9353.421031761169,9839.736816596986,10326.0526014328,10884.930189588018,12119.410613788885,15871.224342177602,22930.945916348923,26138.15540483954,30364.999023437504,35532.015137023714,41043.877051961295,50275.1125805226,54723.30003810138,59171.48749568015,63619.67495325893,66523.74268951415,67551.11110076905,68578.47951202393,69605.84792327881,107509.76663569441,133095.34872256586
601040403005.0,14188.0,14569.155294117647,15242.905882352941,15916.656470588236,16590.40705882353,17616.196934267242,20492.366093750003,23147.91176470588,23426.358823529412,23704.805882352943,23983.25294117647,24261.7,24755.0,26300.7351724138,29633.35,36011.38529411765,42389.420588235305,48767.45588235294,55145.49117647059,68941.93103448278,84940.70294117645,100878.37352941177,116816.04411764706,132753.71470588233,160792.29183189652
601040403006.0,13592.0,13592.0,13592.0,13592.0,17103.952432432434,23232.526153846156,28296.747692307694,33360.96923076923,38425.19076923077,41842.338461538464,42796.43076923077,43750.52307692308,44704.61538461538,45314.56,45445.12,45575.68,45706.24,48880.972972972966,60290.57297297298,80368.25945945946,94092.97297297296,103796.75675675675,132618.4864864865,151040.627027027,191969.59999999995
601040403007.0,11696.6669921875,16191.93961172623,18307.39139032167,18811.6069436877,23099.667516086578,24386.803520290374,25673.93952449417,26961.07552869797,28248.211532901765,28641.068441196443,28867.660441936492,29094.252442676545,29320.844443416594,30066.37866520691,31215.69066896057,32365.002672714232,33514.3146764679,35382.43481546448,37951.47826249207,43436.53982117164,52955.584727260895,62474.62963335018,71993.67453943947,84590.92614943023,123741.67916811374
601040403008.0,15367.0,18338.568918049114,19599.916090166058,22142.82061724935,23467.08269513812,24791.34477302689,26115.60685091566,27439.868928804433,32117.609845479332,33652.89874013265,35188.187634785965,36723.47652943929,38258.765424092606,45421.628007759566,48621.60989368734,50223.184036282975,51837.11856317602,53451.053090069065,55064.98761696212,57050.383768083164,84198.73939158005,137020.60760145166,191129.00542960837,245237.40325776493,299345.80108592164
601040404001.0,16059.6669921875,27940.32,31718.321428571428,31773.292857142857,31828.264285714286,31883.235714285714,31938.207142857143,31993.178571428572,32048.15,37732.534125000006,40234.86439732143,40461.435825892855,40688.00725446428,40914.57868303572,41141.150111607145,41367.72154017857,42153.014562500015,52990.53571428571,55973.107142857145,58955.67857142857,61938.25,64920.821428571435,67903.39285714287,70885.96428571429,90596.86400000002
601040404002.0,4998.54541015625,5342.995589937315,6040.314327230508,6737.633064523701,7434.951801816893,7693.80477362492,8736.495737435827,9875.279928855096,11014.064120274366,13782.572664515736,18755.672211086956,20180.312569764497,21604.95292844204,23029.59328711958,25136.20984314069,26461.617486673178,32540.537116711454,35592.09994988203,36225.658774992226,36848.788194224195,37471.91761345616,38058.44312788913,38281.74509134938,38505.04705480963,38728.34901826987
601040404003.0,7685.0,7685.0,7685.0,7685.0,7961.328571428571,9504.957142857143,11048.585714285715,12592.214285714286,14135.84285714286,17449.3259125,24742.732778125,28343.405309375,28484.553571428572,28510.010714285716,28535.467857142856,28560.925,30436.075,33335.87499999999,36235.674999999996,39135.475,46862.82623124997,58997.28558125,60948.608,62438.0096,75889.88799999996
601040404004.0,6760.0,7328.533333333333,7911.8,8111.32,8310.84,8510.36,9582.844444444445,12537.555555555555,13795.600000000002,15489.2,17182.8,18876.4,20570.0,21648.8,22727.6,23806.4,24885.2,27667.644444444442,28757.004444444443,31758.311614583334,38250.49553320311,45456.80204882812,52663.10856445313,59869.41508007812,88624.35555555556
601040404005.0,15460.0,15532.988381382042,15670.929726012324,15808.871070642606,15946.812415272887,16223.285974121094,16849.378364257813,17865.375,20776.58638671875,23347.631371038733,26083.981415052815,28820.331459066903,31556.68150308099,34214.1320703125,34315.17746478873,35605.72394366197,36896.27042253521,38186.81690140845,39477.36338028169,40360.55211267606,41107.95492957746,41855.357746478876,42602.76056338028,43150.433925781246,48298.934003906244
601040404006.0,6872.0,7795.54,10384.458276367188,12717.233022460938,13662.633305664061,14286.564745762713,14875.687457627118,15464.810169491526,16053.932881355933,16481.845,16678.99055746822,16735.35208818856,16791.7136189089,16848.075149629236,18976.35523437499,25898.88275390625,28368.2333203125,29332.709507415253,30261.77688559322,31190.844263771185,32119.91164194915,34139.14429819915,36544.38878442797,38949.63327065678,41354.877756885595
601040404007.0,3562.5,9251.41241054274,9306.651428311667,9333.403428367616,9360.155428423564,10736.013007103342,13128.76795714389,14321.339475263023,15513.910993382156,16706.48251150129,21480.86504880082,26594.26677824495,31707.66850768907,34067.76571313302,34769.24571460009,35470.72571606716,35974.212500143425,45273.49989621338,51248.4799757576,55206.55998403549,59164.63999231339,90759.19971238774,119751.99988468489,141807.1999308109,163862.39997693698
601040404008.0,3390.0,5112.824133383948,6936.990895164989,8761.15765694603,10585.324418727068,12610.821359914404,12945.520832703563,12991.145833047074,13036.770833390585,13082.395833734096,13379.722221232994,13594.722222851731,13809.722224470468,14024.722226089205,15175.000053937807,16489.200762205215,16804.409260672175,17119.61775913913,17434.826257606088,18580.25007975478,27203.999478510777,44816.24998438672,45408.74998884766,46001.24999330859,46593.74999776953
601040404009.0,3146.25,3945.0162790697673,6138.484034338663,7680.439560011773,9004.65243244328,10328.865304874787,11653.078177306294,13009.316279069768,14683.169302325583,16531.027906976742,17523.806153706395,18230.582327696917,18916.306694135274,19602.03106057363,20287.755427011987,21050.53488372093,23005.52265732021,26007.75063677226,29009.978616224314,32012.206595676373,38361.481533430226,44012.984109589044,45728.13150684931,47443.27890410959,49158.426301369866
601040404010.0,15842.0,17294.015370244564,18873.923681640626,18911.395595703125,18948.867509765623,18986.339423828125,19271.68685221354,20300.66082356771,21329.634794921876,22358.60876627604,23507.956042798913,29372.548273925782,31382.37384033203,33392.199406738284,35402.02497314453,37411.85053955078,43013.624157608705,54461.98220108694,61650.443478260866,63471.5282421875,64093.5658984375,64715.6035546875,65337.6412109375,68165.89894021739,91800.9565217391
601040404011.0,11804.0,11920.580203445812,12073.79990234375,12227.019601241689,12380.239300139627,12533.458999037564,12686.678697935502,12979.11766643755,15698.529395593496,17845.753157811105,18655.580435938893,19465.407714066685,20275.234992194473,21085.06227032226,21894.88954845005,22591.432691103142,23260.420240053714,23929.407789004283,24598.395337954855,25267.382886905427,25936.370435855995,28178.382592341964,36116.03006696618,56811.471288275105,70834.5588695706
601040501001.0,10198.0,10702.720042785644,12871.786961324065,16384.856914624826,16466.753568451983,16548.65022227914,16990.408931233724,17501.200002996273,17550.160002397017,17599.120001797764,19250.26044414828,20568.77011282466,21466.666778564453,23204.975930081804,25800.1029295683,28395.229929054804,31486.507536946778,34123.64487195084,36287.70524319073,38451.76561443062,49423.42827657883,61459.74543039466,73996.2186281718,88583.33117690306,103170.44372563435
601040501002.0,13813.3330078125,13813.3330078125,13813.3330078125,13813.3330078125,14425.429180197792,14886.118857027039,16870.32223141982,19677.973711169645,21764.19205274026,25944.0184664974,30394.545961457035,30584.223368889678,30773.90077632232,30963.578183754966,31989.756311338722,34116.227857547776,36242.69940375683,38369.170949965875,39478.53474288489,39700.48906286756,39922.44338285022,40144.397702832895,41673.45652530419,45785.0587885415,48835.39924976419
601040501003.0,2830.0,3234.0350675884047,3990.526257966694,4747.017448344984,5503.508638723273,7502.964579503677,12807.811764705883,14471.447368421052,16095.742105263158,17720.036842105263,19344.331578947367,20968.626315789475,21328.061549136513,21642.854682360197,21957.64781558388,22272.440948807565,26362.156640625006,29040.350328947367,30101.753988486842,31163.157648026317,32224.56130756579,35011.37205882353,40079.48943014706,44204.3294117647,56201.17647058824
601040501004.0,11915.0,12563.6584859375,14271.7238671875,16537.565990625,19633.629115625,21340.330991210936,22196.947124023438,23053.563256835936,23910.179389648438,29026.691562499997,38403.324406249994,41142.62805385044,42117.93404715402,43093.24004045759,44068.54603376116,44989.38428571429,45453.16714285714,45916.95,46380.73285714286,46844.51571428571,75338.05599999995,84165.19,87035.13571428572,89905.08142857143,92775.02714285714
601040501005.0,11098.0,11258.303712022569,12249.888981119791,13241.474250217014,14233.059519314236,15201.373603515625,16087.09779622396,16972.82198893229,17858.546181640624,20442.702938701925,22623.681995192306,27501.343161057695,31117.152777777777,31835.708333333336,32554.26388888889,33272.819444444445,39705.76153846155,43963.97222222222,48003.35,52042.72777777778,55823.311111111114,56617.26666666667,57411.222222222226,58205.177777777775,65584.64615384616
601040501006.0,5122.85693359375,5122.85693359375,5122.85693359375,5122.85693359375,7969.205253116455,11775.79970541375,13098.962907920619,14723.289622270991,15948.406837775565,16463.57201615086,16469.720164369654,16475.868312588445,16482.016460807234,26467.945447114274,36868.05815322849,40209.364359299696,43904.03254989978,47598.700740499844,51293.368931099925,53234.09374500769,53471.78115514614,53709.46856528459,53947.15597542303,67987.17342563583,108737.14537451035
601040501007.0,10420.0,10508.0,11979.0,15942.600000000002,19609.8,23705.039999999997,33433.68,35332.0,36140.8,36145.6,36150.4,36155.2,36160.0,38320.0,40480.0,42640.0,44800.0,45669.2,46280.24,46891.28,47502.32,55074.639999999985,66127.6,77180.55999999998,88233.51999999999
601040501008.0,11780.0,12131.372545256334,12617.254901142682,13103.13725702903,13589.019612915376,14166.681828733317,19091.371324764135,22668.599992262232,22716.21994569706,22720.958600137546,22725.697254578034,22730.435909018524,24921.6669921875,27550.872716017795,33892.19543314099,34681.861133435195,35738.03055160186,36794.199969768524,37850.36938793519,38906.53880610186,46059.04568379098,48755.92442072632,51452.80315766166,54149.68189459699,56846.56063153233
601040501009.0,12234.2861328125,12234.2861328125,12234.2861328125,12234.2861328125,12630.599358742707,17460.87503527943,22935.04531111311,23505.242031399273,23608.335825670518,23862.287104078292,24152.868378175008,24421.907564315545,24690.946750456085,24959.985936596626,25508.682421906753,26271.54684496902,27034.41126803129,27797.275691093557,31068.197507495595,39480.99867821958,45329.33646563176,46955.09967544928,48298.13592889234,49641.1721823354,50984.20843577847
601040501010.0,10152.0,10818.245834493719,12004.662137933417,13191.078441373116,14508.58876739917,17198.90569251807,20936.121966526898,22501.875175087804,23669.766112178873,24837.657049269943,25888.552004369812,26314.0960170482,27598.27266616174,28882.449315275288,30166.625964388833,35080.83617858825,45224.29392981273,46796.190535171845,48354.72111708347,49913.25169899509,58296.65301901903,62494.95690072925,64422.77560590675,66389.66536354405,68356.55512118134
601040502001.0,19837.142578125,20091.85059851695,20662.14025423729,21232.429909957627,21802.719565677966,22639.2,24231.70666666667,26405.81333333333,28986.305762711865,30398.479322033898,31810.65288135593,33222.82644067796,34635.0,35361.24,35428.94041048729,35459.512476165255,35490.08454184322,35520.65660752119,47193.43319791667,53355.872,58727.98644067795,64969.45084745762,71210.91525423729,77452.37966101695,102603.44
601040502002.0,7470.0,7779.432452185108,9605.339894266846,12579.5255748257,14978.77520412869,16608.928303612603,18239.081403096516,19869.23450258043,21399.85601160659,22638.46329776744,23877.070583928293,25115.67787008915,26354.28515625,27396.481838984953,28438.678521719903,29480.87520445486,30523.071887189813,33496.46323544192,35911.038160887816,37246.81700028076,45440.90633398843,50035.36780526903,53456.69128947788,56878.01477368672,60299.33825789558
601040502003.0,8137.14306640625,12232.190039987652,14316.194183509913,14489.34370618293,14662.493228855948,14835.642751528965,15008.792274201984,16746.81254041486,16869.332211748915,16991.85188308297,17114.371554417026,17236.891225751086,17756.15557782862,18490.795621460067,19225.435665091514,19960.07570872296,21015.8545650663,33358.775349683725,35535.71426333213,44880.28583135411,52157.580041778085,54260.34003249407,56363.10002321005,58465.86001392602,60568.62000464201
601040502004.0,8838.333984375,8838.333984375,9035.746788919794,9260.08702551132,9484.427262102845,9767.358606396463,10117.695243180346,11683.462501089485,13472.191097890047,15260.919694690605,16310.346997155255,16379.94678420682,16449.546571258386,16522.306612184293,16801.254813286094,18345.390775095133,21826.808998142787,30881.6930238267,41208.927247726424,49653.218256820735,57593.56987981255,65095.879240014416,72598.18860021628,80451.39526934178,90877.13175644726
601040502005.0,7584.0,7584.0,7584.0,7584.0,8262.58731707317,8853.210277248476,9382.311935022866,10744.288306451614,13099.00120967742,15453.714112903226,17808.42701612903,20694.49512195122,25227.5,39231.48048780488,45680.60564516128,49692.28951612903,53703.973387096776,57715.657258064515,63029.54146341464,72740.87741935485,83915.38064516128,95089.88387096772,106264.38709677418,116167.99999999999,149463.6292682927
601040502006.0,10350.0,10350.0,10613.50965001764,11022.233976667843,12211.048009555625,15841.751990444374,18425.785992697096,19350.709987828493,20496.968178833326,21838.294041618276,23014.542727378288,23075.629744634865,23285.937492020428,23892.3124888286,24296.368723523054,24419.152508005547,24577.31465354076,26943.503856194933,29309.693058849116,30686.047501978934,31437.952498021063,34434.54922930872,38148.238439630964,52137.34650767626,84772.44883589208
601040502007.0,6437.14306640625,6558.057349076704,12180.571493252843,16001.48181818182,18186.893948863635,18642.50015625,19325.86748963648,20170.130297353317,21014.393105070154,21858.65591278699,22612.54578125,22994.16546875,26192.472018494896,30503.369878826532,34814.26773915815,39125.16559948979,42074.57142857143,42211.22448979592,42347.87755102041,42484.5306122449,42621.183673469386,43711.96363636364,44482.181818181816,44793.30909090909,46103.781818181815
601040502008.0,9242.857421875,9353.695559895834,10078.635264756944,12366.407391493056,14039.6663671875,14299.367491179435,14416.124562752017,14532.881634324596,14649.638705897178,16637.2,18053.541197916667,20670.369359879034,23993.3068296371,27316.244299395163,30639.181769153223,39323.206666666665,44964.98,45876.56451612903,46058.02258064516,46239.48064516129,46420.93870967742,418713.40645161277,1238375.290322581,2058037.174193547,2877699.0580645157
601040502009.0,2311.111083984375,3759.735970245002,4963.0168036075775,5677.762866745098,6392.508929882618,7107.2549930201385,10112.066881088664,13334.660814887355,13961.819962101265,14171.02845733376,14380.236952566253,14589.445447798747,14820.6310779837,15078.933110381966,15337.23514278023,15595.537175178493,16888.17218620311,22007.41554266065,27909.883427053483,32241.89638267606,34053.81137051694,35808.80295376517,37563.7945370134,39318.78612026162,46714.6059022838
601040502010.0,9545.7138671875,11141.49065338654,11781.831722888415,12092.011830909025,12402.191938929634,12712.372046950244,14125.327639416253,15911.75088044749,17420.18190580249,18998.561375388766,20576.940844975048,22155.320314561333,25270.0,27706.980641533642,28127.171603482846,28547.362565432053,28967.553527381257,29705.726937279138,31599.13478574095,32890.46640798918,38881.338661419984,50464.93866566644,62518.7664576189,74572.59424957132,86626.42204152377
601040502011.0,4015.0,4015.0,6772.142996139755,9559.920861200984,12222.600270602055,13812.066526272945,16401.416833435054,19443.13812712091,19893.747237572185,20344.356348023455,20742.462511524587,20927.640061909853,21112.817612295115,21476.290894939488,22230.763631646492,23025.054550482026,25712.109227271718,32982.18204545285,34668.870449487455,34782.77482344296,34896.67919739846,36692.38943321922,38684.138373288326,41047.31569230018,76839.10523076673
601040502012.0,5680.0,6794.177419354838,10440.306451612903,11628.229032258065,12661.314285714285,13670.685714285713,14680.057142857142,15749.62367691532,18299.98980594758,18886.229081632653,19064.819387755102,19243.40969387755,19422.0,20059.52258064516,21042.399999999998,22512.425806451614,23904.122448979593,24664.285714285714,25424.448979591838,26184.61224489796,26624.887846779337,26791.636316167092,26958.38478555485,27125.1332549426,36772.36509576613
601040503001.0,2465.0,12282.096669244373,13114.04487486158,13876.399123992453,14638.753373123323,15401.107622254196,16721.44888900034,16954.70573413531,17072.82135835761,17190.93698257991,17309.052606802208,17633.936640240267,18161.358511767598,18688.78038329493,19216.202254822256,22722.48364308143,28199.933057908172,28980.15213201937,33384.08401863847,38035.25047971332,42686.41694078816,50561.69575598636,69806.21125427599,89050.72675256556,108295.24225085518
601040503002.0,6848.5712890625,7435.94080916374,9502.727937390728,11569.515065617716,13636.302193844702,16215.969101985113,21451.534062359133,21764.606755399403,23050.662643965712,28522.216638994072,35451.06114739203,37550.83924386301,39650.617340334,41750.39543680499,43630.960324914995,44487.270015365844,45343.5797058167,46199.88939626755,47037.95625381963,47556.1312385411,48186.92533640092,48839.46728181531,49492.009227229704,50144.55117264409,53565.18131663138
601040503003.0,5840.0,7034.722409587297,10131.296596810933,10591.014844910307,12706.533224858864,15449.254233416803,18323.016693002493,21196.77915258818,25862.14714987873,30821.624559086584,31497.45474756499,32720.98176412767,33944.50878069035,35168.03579725303,35642.70001881626,36922.29745986272,38923.10825356138,40923.91904726004,42590.49543699062,43120.675225530525,43650.85501407043,44181.03480261033,66746.93652605881,92792.16191563524,118837.38730521176
601040503004.0,3941.666748046875,6405.054115021465,15029.912670902815,19859.766348034318,21571.24379701619,23011.525130279922,24643.842374869535,25833.527055958242,26991.400734114854,28149.274412271465,29307.148090428072,30465.021768584684,31700.5417165894,34367.85738109735,37035.17304560529,39702.48871011324,42369.80437462119,45037.120039129135,47579.27084070999,49578.12368387746,51576.97652704492,53575.829370212385,55574.682213379856,57573.53505654731,68599.9606050983
601040503005.0,14995.6669921875,14995.6669921875,14995.6669921875,15002.960654918146,15017.61261766577,15037.605741709229,15682.935181032264,16684.16925706541,17685.403333098555,19194.14109030588,21822.836646614982,27591.79665859496,29119.324967143475,29412.52064179313,29705.716316442784,31886.665826872508,37286.03575935579,47723.00751559297,51270.895282398065,54153.00211432311,57035.10894624816,68289.06377732138,82363.64588302997,98692.85315481795,115022.06042660598
601040503006.0,10175.0,10516.81937072354,11420.61290667903,12324.406442634521,13228.199978590012,14055.610702305545,14726.840325154139,15931.547228868149,18511.716185247908,21671.01375419533,22054.86717492688,22976.24006547928,23897.612956031677,24818.985846584073,26718.436248354756,30722.234902960256,34726.03355756575,38729.83221217124,42060.23712831351,52234.38313782499,65454.77341499329,68901.93723854558,72349.10106209786,75796.26488565013,132750.28480564815
601040503007.0,10719.2216796875,10719.2216796875,10719.2216796875,12084.661528004424,13665.956171974723,14580.17653781905,15435.19758220715,16290.21862659525,17907.499888129536,20052.499856166545,22197.499824203554,27288.695182980562,29684.965082626088,29755.624505401305,29826.283928176523,30867.777382456658,35589.999545035156,40371.04108901264,44301.24891619017,48231.4567433677,54014.75262252311,71321.36352697574,87133.82715968008,113498.25974195432,292884.3501649732
601040503008.0,5210.0,7830.21517530713,15369.093436988242,15419.017139908538,15606.70945270057,15805.882473675381,16005.05549465019,16077.8666015625,16083.780227394853,16089.693853227207,16794.408112958954,18277.203754158552,18332.0,18685.37689580743,21040.752989330667,22480.39418071332,23042.52824527017,23594.76716180012,24147.006078330072,28215.02283791206,51619.81630929474,52728.82353259816,52946.0,53163.17646740184,62322.9031201302
601040503009.0,14700.0,14700.0,14700.0,14700.0,16715.936429454272,19573.972755480405,20413.376862926005,20547.475761126672,20681.57465932734,20815.67355752801,21100.935217250022,21394.75325315626,22001.33351487179,22613.600358320502,23225.86720176922,23803.197576810424,24229.136633705293,25414.707760074052,29243.798192639813,32988.80768025708,36493.17169664151,39696.97874949175,42181.27053535125,44665.562321210746,47149.85410707025
601040503010.0,11379.5234375,11391.555982142858,18418.56205357143,24609.272000000004,29954.674285714285,31351.268571428573,32383.515789473684,33061.26315789474,33739.01052631579,34372.70285714286,34876.61142857143,35957.82135485198,37226.22877261513,38494.63619037829,40843.5449609375,44265.5796484375,47687.6143359375,51710.88359374999,57554.44234374999,61238.681805098684,64203.14817023026,67167.61453536185,79066.85714285716,100024.11428571424,100286.53714285714
601040504001.0,4217.3330078125,4217.3330078125,4217.3330078125,6829.360931423615,14496.926771701388,16394.381161458332,16764.741366319446,17008.46464409722,17482.280890625,18028.49210258152,18447.883406929348,18867.274711277176,19286.666015625,20316.15297214674,21345.639928668475,22375.126885190217,22684.848624320653,22858.144276494564,23031.43992866848,24189.770015625003,25771.823406249998,27118.67775347222,28317.484444444446,30804.540520833292,62583.737465277765
601040504002.0,7322.5,7322.5,9838.618965110554,13554.733348029777,15009.600067682093,16090.783158683776,17555.84985030038,19020.916541916984,20485.98323353359,21951.04992515019,23258.009965765817,24263.12998288291,25268.25,26273.370017117093,27278.490034234183,31029.960132578635,36219.9943046541,37581.91427483406,38176.684426574706,38626.39110089983,39076.09777522496,39525.80444955009,39975.51112387521,42660.80024214762,50033.60008071587
601040504003.0,13567.0,13567.0,13567.0,13855.486785011715,14476.815801093131,15555.755292656868,16825.84658762874,18114.23293814371,19519.525528435806,21254.036874407273,22988.54822037874,23823.85896374629,24354.584554232082,26483.470732539252,27527.04820213905,28058.90198937,28635.186074410005,29211.470159450007,29725.648459541913,30429.609811311115,33635.244094938884,39228.69965188705,46292.03052810492,53355.361404322786,155166.9788844915
601040504004.0,11622.0,11689.620393878247,12369.634250213745,13370.604463354804,14480.315118453032,15520.526846877257,16560.738575301482,17431.063571606825,17815.604156499558,18678.858766316876,19620.988032963352,20563.117299609825,20989.88909642915,21303.017921178827,21616.1467459285,22307.82041156482,23106.193425132904,23904.56643870099,24467.747486834913,27918.48515279806,37125.51484720192,40197.023045571324,42875.345683569925,45553.668321568526,54596.950161744346
601040504005.0,15940.0,16359.333329583136,17478.985506431116,18598.6376832791,20165.7651106878,21808.028936030023,21974.20096283234,22671.54589219652,23368.890821560697,24321.057876479415,26372.213616742607,26517.040850227826,27189.401946240927,32530.868753790055,34946.1431506151,35377.02431116485,35807.90547171461,37790.457421313804,44076.608607961,53064.0868923894,62051.56517681777,75687.31054167014,101522.46353270402,137445.47811962233,173368.4927065408
601040504006.0,10771.6669921875,11086.948428819444,12822.691391782408,13950.826454814189,14982.734022381757,16014.641589949324,17127.928752111486,18485.354698057432,19842.78064400338,21200.206589949325,22414.558046875,24527.693333333336,28740.0,29718.335135135138,30696.670270270268,31675.005405405405,34384.94666666667,41070.49890046294,64512.76853009259,74253.15815972222,78384.74432432432,81144.93027027027,83905.11621621622,86665.30216216216,105964.76444444443
601040504007.0,10581.4287109375,11188.303537515112,15701.93428127519,17038.738117670575,18180.389458061123,20360.553847522566,20375.200001617577,20817.61333622141,21468.563061517274,22119.512786813135,22770.462512109,23421.412237404864,24072.36196270073,24723.311687996593,25374.261413292457,29961.46721216514,34341.4842363996,38434.091261804024,42526.698287208455,46619.30531261289,50711.91233801731,54804.51936342174,58897.126388826175,62989.7334142306,102572.24577072891
601040504008.0,18573.333984375,18573.333984375,19491.119221778437,21228.447884023873,22965.776546269313,24703.10520851475,27421.28298767676,36246.03772167125,43649.22942788084,43944.605995165904,44239.98256245097,44535.359129736025,44830.73569702109,47805.42214989841,51550.02527032522,56036.37734799573,60702.33962114225,61574.91525407291,61688.8135589604,61802.71186384789,61916.61016873538,68149.91244149425,82063.27227963875,91304.96800727145,95314.98933575716
601040504009.0,9984.0,10405.013233782596,11042.263746474477,11679.514259166359,12308.110711338204,15018.226483163595,18916.683994201176,19643.846772932353,20371.00955166353,21095.648540608272,22269.431115039566,27123.470867985518,27487.036024264835,27850.601180544156,28214.166336823473,34322.7965960671,37736.73804696599,46884.92778611625,48984.226898935194,52337.42276063748,55690.61862233975,59043.81448404203,61059.33777143793,63060.26828786275,65061.19880428758
601040504010.0,13937.5,14037.95523161515,14433.31601456352,14828.67679751189,15224.037580460259,15558.148630477242,15830.000891007134,16101.853151537025,16373.705412066916,16801.265188268444,19596.77749103483,23655.356854508198,24260.0,25680.642622950818,28402.563934426227,30540.359130434783,31702.094782608696,32863.830434782605,34025.56608695652,45749.76524590164,54381.836304347824,56508.13717391304,58634.438043478265,60760.738913043475,66687.4006557377
601040504011.0,11322.857421875,11402.14463342386,11656.580417903408,11911.016202382956,12428.570914475173,13918.230991785198,15411.351713675767,16904.47243556634,18397.593157456908,19068.677032970852,21178.17779553731,28006.800206756598,36474.53721470303,41144.467686863,42836.68812746052,44528.90856805805,46275.82227121989,48707.70378536648,50198.91594719202,51568.57048135735,52938.22501552267,57219.98297021643,62290.028382972625,67360.07379572881,84858.04428914387
601040504012.0,5966.66650390625,5966.66650390625,5966.66650390625,5966.66650390625,8561.29647561961,12712.487477101293,15893.674063331116,15921.702347905584,15949.730632480054,15977.758917054522,16037.31914893617,16147.27659574468,16257.234042553191,16367.191489361701,17166.195862068962,18159.210835272606,18242.347457613032,18325.484079953458,18408.620702293883,18640.99005387931,22887.637931034456,36988.95862068965,44607.827586206906,48108.213793103445,67396.89044181033
601040504013.0,8605.0,11170.71691375978,15844.253599927231,15921.843330860138,15999.433061793045,16077.02279272595,16728.648695778204,17896.21790307277,19063.78711036734,20231.356317661906,21115.959016986417,24348.261329562858,32346.25,39664.04891017802,41939.640772308005,42696.19654034984,42851.204591740025,43006.2126431302,43161.22069452039,43359.255164907794,43605.16063324805,43851.06610158831,44096.971569928566,56493.90418972209,69012.50149592196
601040504014.0,11873.3330078125,11873.3330078125,11873.3330078125,11873.3330078125,11984.45464655147,12128.407675646242,12272.360704741013,12497.260931074505,14486.808744859605,14952.262427813166,15290.574193934131,15628.885960055099,16416.39514288849,19143.851165731965,22930.831431038965,23545.734915726607,24004.95374117683,24464.172566627054,25239.21485744316,26991.94872335342,27806.503500925523,34234.82731507754,38631.809845341966,58936.60893644858,70279.7195726854
601040504015.0,1466.6666259765625,1883.0116257957543,3691.959027856414,5500.906429917073,7309.853831977733,9118.801234038392,12100.281352890095,15641.40629899781,18747.437498747186,19212.062491230296,19470.140348926343,19704.456141592327,19938.77193425831,20173.087726924296,20387.56250634901,20806.750046969948,23295.250006709997,34643.12482311948,40739.94735997351,41396.47368470744,42053.00000944138,42709.52633417531,44682.813868647376,78521.68832118837,710038.1940538998
601040504016.0,10726.6669921875,10726.6669921875,10726.6669921875,11304.871727120537,16169.76673828125,19021.914285714287,20475.22833096591,20516.141654829546,20557.05497869318,20597.96830255682,20848.0258499053,21129.652336647727,21411.278823390152,23807.866093750006,28395.98385890151,32449.83474905303,36503.685639204545,40557.53652935605,42133.44770089286,43022.93986607143,45587.49696428571,50727.68,57334.857142857145,65372.914285714265,67914.54285714285
601040504017.0,3980.0,3980.0,3980.0,3980.0,6590.701207386361,17302.863316761363,21816.95135091146,22334.756754557293,22852.562158203124,23370.367561848958,23888.172965494792,27328.068430397732,27961.725545247395,28542.39240722656,29123.05926920573,29703.726131184896,31638.250000000004,34162.916666666664,36687.58333333333,39212.25,43415.672727272715,47831.527272727275,50395.909090909096,61213.909090909074,146397.81818181806
601040505001.0,6887.14306640625,8104.262171899232,11480.861638913919,14892.590817324397,16154.47390798851,16172.0,19815.94647260809,20966.829886254385,20967.054623094813,20967.279359935244,20983.447925103315,21858.30331924527,22368.406456803023,22833.315927023385,23298.22539724375,23996.26830947036,25764.91408576661,27533.55986206285,29302.2056383591,33422.05171864628,38082.55841021518,38590.9657748483,39099.373139481424,39607.78050411455,42393.78516980804
601040505002.0,8603.3330078125,8603.3330078125,8603.3330078125,8780.147797621436,9841.036635665478,12047.799404978243,12713.84065361771,12952.06291812905,13190.285182640391,14910.758928881356,17660.23105528124,18252.931443135443,18845.63183098964,19438.332218843843,20806.1469464519,22038.70000543875,22826.597408164682,23304.297015306496,23781.99662244831,24719.360666240427,27342.161044604163,29964.961422967906,32587.761801331646,44725.199811744664,51138.51998470867
601040505003.0,12432.0,12600.640012336211,14118.400020560352,15981.36283472896,17977.09594891487,19972.829063100784,21236.479629949223,22592.10002425692,26173.380043662462,27395.840012375225,27836.50666839426,27930.58666788448,28024.6666673747,28301.933480320848,28995.53395282919,29289.36935058613,29546.862474190875,29804.35559779562,32099.239996164928,34395.77777732503,35899.77776917544,37403.77776102586,42500.39980442308,56937.83988265384,96735.91988358626
601040505004.0,6761.66650390625,7426.2926576485925,8521.971033472002,9617.649409295413,10713.327785118821,11809.006160942232,13006.883535965986,15724.759300010372,16028.053342682424,16331.347385354477,16634.641428026527,16937.93547069858,18294.131985836662,18501.267508372926,18708.403030909187,18915.53855344545,19122.674075981715,23005.973345986335,38553.000026158086,43352.75632614136,48130.63065113612,52908.50497613089,57686.379301125664,62464.25362612042,176444.84458323653
601040505005.0,7270.0,7270.0,7270.0,7270.0,14100.999801731105,16283.92221984421,16498.98888472737,16714.055549610526,16929.122214493684,17833.213977335723,20228.11400011333,21222.696174304372,21460.740443163646,21698.78471202292,21936.828980882194,24119.42918973063,26132.666402863368,26234.76171451671,26336.85702617005,26438.952337823393,26786.999966749936,29616.999828114705,30329.99999794753,37301.599586937926,64703.99976407755
601040505006.0,13377.142578125,13489.922455729167,14501.783962673611,17530.941518987343,17663.291898734176,17795.642278481013,17927.99265822785,18688.03447916667,24234.90581250001,26625.05667361111,31364.41333333333,33098.113500791136,33452.75840585443,33807.403310917725,34162.04821598101,34350.793649129744,34478.75497824367,34606.716307357594,34734.67763647152,39712.33821875,42307.00211926424,42407.66677116298,42508.33142306171,42608.99607496044,46164.971277777775
601040505007.0,12988.0,12988.0,12988.0,13597.599985466004,14410.399995155334,19336.400032863618,24850.00000951507,25382.12145318867,25914.242896862266,27109.956100798714,30296.444680451285,32528.400011463164,33169.46668577194,34317.27277837509,35971.81821678295,37626.36365519082,40126.00004973412,42907.333416223526,44960.98530715557,46910.682731321045,50282.72855895804,63611.21280395886,76939.69704895967,87147.99991044997,92155.99997014999
601040505008.0,8062.5,8062.5,8062.5,8062.5,14751.348128714802,17878.06792094748,18647.62788477619,19417.187848604895,20175.26917623375,23884.69231616084,29230.61622921259,31818.313566624678,33344.456252848,34692.77808519403,36041.09991754005,37692.50928258916,39827.58973169523,41962.6701808013,44097.75062990738,46171.72512877032,46713.097144744504,47254.46916071868,47795.84117669286,78138.84307469972,98960.14181392646
601040505009.0,10760.0,10760.0,10760.0,10760.0,10929.949999999999,15889.250000000002,20668.28,24100.033333333333,27156.900000000005,31782.054704391892,31931.964467905404,32081.87423141892,32231.783994932433,32381.693758445945,33288.06052083333,51364.0,52612.0,53860.0,55108.0,56356.0,65341.666666666664,68109.26486486486,70315.18918918919,72521.11351351351,74727.03783783784
601040505010.0,5100.0,14994.468998099092,15423.750051515444,16574.828612659116,18008.96495836236,19443.10130406561,20877.23764976886,22311.373995472106,23745.51034117535,24093.62537515273,24485.989122021998,24878.352868891263,25270.71661576053,25663.0803626298,26055.444109499065,27727.185268027722,31284.037491026203,35750.370251751454,45593.16098939875,52480.50070249492,62694.9551202231,72909.40953795132,83123.86395567951,93338.31837340769,103552.7727911359
601040505011.0,1340.0,5663.291007364271,5915.82016709055,6168.34932681683,6420.87848654311,6936.693301957242,7715.793773059226,8494.894244161209,9273.994715263192,13234.067597983187,13997.351641115403,14760.635684247622,15523.919727379838,16023.817881557763,17462.000004985108,20884.303475338696,22377.972112600804,23337.1669921875,24296.361871774196,25090.14545485875,26720.000001766057,29760.000005298185,32800.00000883031,35840.000012362434,47474.54551188414
601040506001.0,7704.0,7704.0,7704.0,7704.0,9781.54668006897,10630.186687850952,11478.826695632935,12327.466703414917,12859.420697921862,14685.79313176934,15328.612605410777,15726.215984056778,16123.81936270278,16521.422741348782,17734.894574070597,23319.22479488686,26792.38325253903,36724.27499559745,44830.42634077072,50298.05305757523,55765.67977437972,61524.78188190505,69748.17679064648,77971.57169938787,86194.9666081293
601040506002.0,6172.0,6970.529834676607,8584.892385329478,10983.450250314481,12298.679738237013,13164.845828251582,14031.011918266153,14566.097890761595,14679.937339041076,14793.776787320558,17103.439864439002,31655.619017604116,33077.60789540937,34499.596773214624,35921.58565101988,40527.160067128185,52596.453685457294,62259.402680487554,81762.71200191833,83331.52554008475,84900.33907825116,86469.15261641757,103250.67864857403,123494.40718914437,143738.1357297148
601040506003.0,11250.0,13827.416317195903,14752.988174299375,15021.080129902875,15289.172085506376,15552.81118225912,15793.729280392794,16034.647378526466,16275.565476660138,16891.3100078392,17527.242496266364,17791.93275730709,18014.75,18237.56724269291,19268.923105805698,22759.061450111065,27225.228693470937,40034.02683449852,43674.70716066413,44632.78646767734,45590.86577469055,48008.153154012565,58352.491092151846,68696.82903029109,79041.16696843036
601040506004.0,15926.3330078125,19953.71127064046,24509.30909815514,28383.891201332295,29824.603039554477,29863.423891120878,29902.244742687282,29941.065594253683,29979.886445820084,30018.70729738649,30057.52814895289,30096.34900051929,30135.169852085695,30173.990703652096,39138.52781565426,46109.83429198553,49037.04499151337,51964.2556910412,54891.46639056905,57818.677090096884,60745.88778962472,63673.09848915256,66600.3091886804,69527.51988820823,72454.73058773608
601040506005.0,12314.0,13446.514366354058,13455.5028097861,13464.491253218139,13473.47969665018,20677.37848905772,23380.030781744783,23621.69231812065,23863.35385449652,24778.863641912678,27107.433067453243,27572.672594687974,28037.91212192271,28571.0769363155,29292.923083931735,30014.76923154797,30850.09229131507,33018.769195675144,35187.446100035224,37356.123004395304,43347.31742034221,48621.46643732348,53895.615454304745,59169.764471286,69461.19993495941
601040506006.0,1915.3333740234375,2482.52009765625,9061.789192708333,10300.458290441176,12253.192959558823,14205.92762867647,16158.662297794119,18111.396966911765,26266.348437500008,28710.25176470588,28838.61882352941,28966.985882352943,29095.352941176472,29218.773359375,29320.370363051472,29421.967366727942,29523.564370404412,29625.161374080883,34308.19575520833,38331.18159926471,40959.423731617644,43587.665863970586,46215.90799632353,51998.722187499945,71346.42895833333
601040506007.0,11745.0,18100.40793334599,20637.525351046643,21015.085043823758,21392.644736600872,21770.204429377987,22147.764122155102,22525.323814932213,22902.883507709328,25528.412551291796,26759.366987186633,27896.810955311827,29034.254923437016,30171.698891562213,31309.142859687403,32446.586827812596,33353.392375962634,33408.43416827106,33463.475960579475,33518.5177528879,33573.55954519632,33628.60133750474,33683.643129813165,38282.26606441778,48851.71829480321
601040506008.0,11774.666015625,11992.664376780838,12323.639994675323,12654.615612569807,13026.237495637917,21053.43953455727,23943.536536810738,26133.857602512304,28998.343700417958,31058.159496850523,33117.97529328309,35177.79108971566,43800.57139669146,45140.95391271559,46365.690758958495,47590.42760520142,48815.16445144433,51578.289960227645,55173.284955925614,58768.27995162358,62363.27494732154,62547.4587271724,62715.16514221267,62882.871557252925,66150.87164955502
601040506009.0,8822.22265625,10220.98823101899,11720.029877035684,13219.071523052378,18510.617378202718,21481.96469641449,23259.08791789045,25036.211139366416,31425.003674486834,37365.38606173072,41950.14591815504,43523.00593898833,45095.865959821625,50054.53115713716,67653.57733601723,67878.95092306321,68104.32451010919,68329.69809715517,73503.15410485012,83419.59193487318,93336.02976489623,103233.91173271633,109643.26954122595,116052.62734973556,122461.98515824518
601040506010.0,17088.0,17779.693680139524,18732.18987697674,19684.68607381396,20637.18227065117,21589.67846748839,22542.174664325605,23901.367109510647,24868.58591019466,25428.14297271173,25987.700035228798,26547.257097745867,27106.814160262937,27666.371222780006,28394.999961853027,40640.00986183752,50675.641021141644,56412.051507216216,64518.55256574881,66943.91922450843,69369.28588326804,71794.65254202764,74220.01920078727,76645.38585954686,105634.53587566278
601040506011.0,7328.33349609375,7816.690636464405,16041.805109556299,16693.53935652734,18458.111826007727,20922.1104263578,21323.043984258595,21723.977542159388,22124.911100060184,22633.354935341325,23146.003083898348,23658.651232455373,28126.4212363746,31726.61889044005,32365.75506716509,33004.891243890124,36004.60272326135,48550.8801237284,53329.75010051616,58359.45861870599,63389.1671368958,68418.87565508562,69483.9074054134,70483.94444324804,71483.98148108268
601040507001.0,8942.857421875,8942.857421875,8942.857421875,8942.857421875,18471.578959703947,18827.568252467107,20131.733,20347.565,20563.397,20779.229,20908.123454101562,20994.603633789062,21081.08381347656,21183.70097558594,21600.092795898436,22016.48461621094,22432.87643652344,23769.32631578947,25058.151578947367,25615.523,26281.787,26948.051,29457.26328125002,49403.39745888157,93538.31578947371
601040507002.0,9072.22265625,10796.802067561035,13833.80979180826,15288.167151199073,16360.790852870114,17455.171953010966,19691.87516243843,20365.62514646088,21039.375130483328,21864.53640621684,25869.322274265025,26043.112766736038,26157.965705188843,26272.81864364165,28691.357607945632,31376.14342379241,32069.50002178164,32177.558842748505,32285.617663715373,32403.823545446856,32526.764719001974,32649.70589255709,33820.93123608433,35717.89155415059,37614.85187221687
601040507003.0,3025.0,3025.0,3025.0,3025.0,5329.350048476457,8853.650059249005,12377.95007002155,15902.250080794094,19728.199818437846,20268.590546432704,20570.06664110421,20871.542735775718,21245.49944862262,22567.286559851946,24647.798350107216,27965.12283905315,30124.9167706514,34914.931367874684,36347.9918397907,36834.538169402906,37321.0844990151,37807.630828627305,56384.26574978302,75005.76018161008,104545.24809180095
601040507004.0,6751.4287109375,12904.3919140625,15701.940155029297,17560.716094970703,19419.49203491211,20789.871320800783,21482.185349121093,22174.499377441407,22753.404562988282,22765.265534667968,22777.126506347657,22788.987478027342,28897.818359375,32721.491467285156,33051.33626708984,33381.18106689453,33711.025866699216,36317.375,39324.725,42332.075,45339.424999999996,67631.36666666667,77321.57500000001,82855.345,88389.11499999999
601040507005.0,5120.0,6140.468181818182,7794.795454545455,9449.122727272728,11103.45,13545.919999999998,19568.48165246212,20938.408262310604,22308.334872159092,23678.261482007576,25048.18809185606,25871.30572716346,31910.0,34601.97246394232,42909.05928503788,43832.17125473485,44755.28322443182,45678.39519412879,46601.50716382576,48811.88188701923,64825.41536057691,70358.0303030303,75682.87878787878,81007.72727272726,86332.57575757575
601040507006.0,10061.6669921875,10061.6669921875,10061.6669921875,10061.6669921875,10061.6669921875,17476.166449653403,19064.999983086305,19874.999978542328,20684.99997399835,21494.999969454373,22304.999964910396,22394.95555322647,22442.555552959442,22490.155552692413,22537.755552425384,22585.355552158355,24694.799985095753,29820.953012674796,37721.99986428654,50280.88888728198,55436.88885835759,60592.888829433214,65748.88880050884,70904.88877158445,97013.99794127524
601040507007.0,12380.0,12380.0,12380.0,12380.0,12380.0,12487.273118627558,15937.315302300833,17088.158165388428,18239.001028476025,19389.84389156362,20540.686754651215,21356.787495423534,24609.000000000004,28773.890940929134,35503.87996434618,40459.87925452628,41695.30162317488,42447.61907927195,43199.93653536902,43952.253991466096,44669.30615065828,45155.17474912311,45641.04334758793,46126.91194605276,46612.78054451758
601040507008.0,5140.0,7483.96923076923,11652.194252784653,13853.25026454208,16054.306276299503,18255.36228805693,20366.059516225963,23045.97447415865,28662.417462871286,29449.938097153467,30237.458731435643,31024.979365717823,31812.5,35891.71538461539,40584.227692307686,41874.21306930693,42675.99366336634,43477.77425742574,44279.55485148515,68436.26923076928,81988.91881188119,87198.79603960396,92408.67326732674,97618.5504950495,137141.96923076917
601040507009.0,6120.0,6120.0,6120.0,6120.0,9038.347796238315,14914.157431709888,17884.800483792093,20855.443535874292,23826.086587956503,26772.466146359795,28867.356530208624,30840.136851000392,34390.666015625,36129.451300835906,37986.811266074474,44744.60361812683,47529.184940099774,47841.88388564059,48154.58283118141,48467.28177672222,50058.81944148551,52593.375894816505,55127.9323481475,57662.48880147849,71039.23139764731
601040507010.0,14276.400390625,15092.007218424478,16666.972127278645,18241.93703613281,19816.901944986977,21933.590909090908,25475.909090909092,29374.54545454545,35672.0,37622.27373046875,38650.94013671875,39679.60654296875,40708.27294921875,41806.6872159091,46740.95833333332,51667.791666666664,56594.625,61521.45833333333,66448.29166666666,68806.61420454546,71459.05452473958,74459.25634765625,77459.45817057292,80459.65999348958,201415.51647727253
601040507011.0,5520.0,10469.33332881221,12235.5267814309,12798.32326265678,13361.11974388266,13923.91622510854,14486.71270633442,15049.5091875603,15612.30566878618,21247.01200073827,24700.404960998632,27753.30868527967,28315.810089909788,28888.12070201256,29460.43131411533,30032.741926218103,30605.052538320873,31177.363150423644,32633.749980075016,35339.37498505626,38044.999990037504,40750.62499501875,43456.25,46161.87500498124,75768.77849816659
601040507012.0,1884.0,1884.0,1884.0,1884.0,1884.0,1884.0,2060.419869529475,3768.4844648417006,5476.5490601539295,7184.613655466155,8892.678250778381,10600.742846090609,12308.807441402834,16636.309830905386,19398.4236460853,26731.030338186647,31182.868716685975,38806.16152295432,42553.16666405369,64085.781204479565,88088.18462184687,112090.58803921424,136092.99145658163,160095.39487394894,184097.7982913163
601040601001.0,5510.0,6560.038888888888,8566.083333333334,10572.12777777778,12567.116666666667,13158.05,13748.983333333334,14339.916666666666,14949.4,15578.022222222222,16206.644444444444,16835.266666666666,19071.25,22540.168333333335,26009.086666666662,29478.004999999997,31510.53295138889,32014.00017361111,32517.467395833333,33020.93461805556,38523.897239583326,44188.13390625,49852.37057291667,55423.119999999995,77669.86793749998
601040601002.0,6907.33349609375,6907.33349609375,11529.457198660715,14011.08,14156.245714285715,15736.834285714285,18809.21142857143,23550.62857142857,24803.95,25900.15,26991.333493303573,28074.00059151786,28250.380859375,28454.18666015625,28973.41580078125,29492.64494140625,31881.96166666667,34838.60833333333,37365.653515625,37949.263411458334,38532.873307291666,39731.654910714286,42162.200000000004,53207.71999999999,64253.23999999999
601040601003.0,11360.0,11842.385408715349,12618.77943667725,13395.173464639152,14171.567492601052,16419.7065931806,19092.11482577224,19134.942288354618,19177.769750936994,19220.597213519366,19986.68505287025,23459.54018487413,30095.833984375,37556.29404286533,40302.703246511206,45154.31072526688,48391.17613746434,49941.23354040971,51491.29094335508,53041.34834630045,54591.40574924582,63757.76818478674,75161.26298913339,86564.75779348002,97968.25259782668
601040601004.0,10360.5,10728.536771498322,12139.001778361202,13549.466785224082,14959.931792086958,16451.408836321847,18313.697054559387,19710.77663811857,21078.284818600558,22445.792999082547,23813.301179564536,24306.074493302563,24654.791321171186,25003.508149039808,25352.22497690843,25785.33293870513,26032.22296551664,26264.396996332423,26886.22996810807,27508.06293988371,28129.895911659354,35260.89848290643,65851.11833600464,66993.64706547615,71790.36473482125
601040601005.0,8296.0,8296.0,8296.0,8470.940095365706,10792.871236113402,11439.033448848722,11698.731668943166,11944.741671353579,12190.75167376399,12567.107653972223,13749.0442628044,14549.023135678628,15483.600014209747,16527.792024440765,17571.984034671783,18635.8314538388,19776.75455818648,21626.19732917519,22435.124535774514,24013.02666840553,27207.506699705118,30401.986731004712,33604.18193309563,37474.50915985737,48687.01826249429
601040601006.0,3416.666748046875,3416.666748046875,3416.666748046875,5329.395587128691,8483.853490999392,11519.987216223042,14347.96164866913,17175.93608111522,18798.86945422772,19571.860565771454,20569.68664698159,22370.574706183463,24780.8330078125,27191.09130944154,29342.243483880156,30835.46086658521,32267.516120711178,34215.0,36162.48387928882,38214.08696266023,39320.69626335259,51236.94722468505,78513.333984375,105789.72074406488,351337.7403217342
601040601007.0,4330.83349609375,4330.83349609375,5554.239007222877,6798.789798791274,8043.3405903596695,9068.8126390625,10519.400585937501,13445.0029296875,16015.139948437502,17994.121321875,18297.561896875,19088.434371875002,20441.36,23376.777600000005,24486.9091745283,24677.736108490564,24868.56304245283,25050.8828125,25222.7640625,26019.1253125,26861.0215625,27702.9178125,30188.749395636798,33326.58244988207,36464.41550412736
601040601008.0,5550.0,5550.0,5572.171155326861,5612.539617457604,5797.478132605218,6079.425015285,6560.535961363245,7446.867748105408,9218.242473202377,12441.311751260197,14422.115410468989,14742.500030554258,16146.666911855153,18738.22242164219,20910.807441796063,21490.82224636745,22070.837050938837,22240.14285804355,22382.94285552161,23450.961596030455,24973.720828396814,27578.084398872437,31794.345999194604,34137.72922941544,34199.243076471816
601040601009.0,7696.7998046875,7696.7998046875,10765.599934895834,13044.583333333334,14533.75,16800.875,19068.0,19079.809895833332,20641.143229166668,23752.0,24839.3330078125,25926.666015625,26031.666015625,26136.666015625,26735.555338541664,27334.8212890625,27934.4638671875,31709.523437499985,38660.0,39210.0,39760.0,44236.666666666664,58525.55468750002,82626.6640625,107255.11197916667
601040601010.0,8740.0,10424.33111968949,14614.094248323663,16085.92374703726,17836.18767476219,18183.218602025645,18355.516276912163,18527.813951798682,18700.1116266852,18897.942075474773,20896.17869820315,24939.288029723153,28827.677787582907,30784.602626407148,31357.69751168445,31930.79239696175,32503.887282239055,33076.982167516355,33887.90678057963,34810.4172482012,35732.92771582276,36655.438183444334,37577.948651065904,42957.48938134363,53200.82297428667
601040601011.0,13953.3330078125,13953.3330078125,13953.3330078125,16737.152976779384,21116.7856979954,25053.42294828174,33126.864923773544,34643.55649944252,36160.2480751115,37449.335307408386,37501.68074947272,37554.02619153705,37647.66664659241,38039.26664177459,38430.866636956765,39029.069480330734,41768.03181803502,44921.391513220275,45619.68028974511,46054.79139550309,46489.902501261065,48388.080124934684,49642.5713807865,66972.90214975219,100193.23677287149
601040601012.0,8948.3330078125,8960.047287568592,9241.19014073932,9585.999785387947,9947.02342808706,10103.21093001792,10259.398431948779,11138.902868124062,12873.23650772873,14607.570147333397,15829.920974459643,16913.91185192329,17990.6474609375,19067.38306995171,19584.331530692474,20051.7619608155,21394.619399291503,22737.4768377675,27707.475951621138,35096.56372291677,35335.31274930579,35574.06177569481,35896.189189608136,36335.04632626488,46293.2749616641
601040601013.0,1908.0,2198.88553799097,5672.4,9145.91446200903,11560.495771564369,12205.543755002802,12850.591738441237,14541.727505025898,16552.512133221466,17937.3831233536,18541.33724762527,18988.183778083694,19822.898194138113,23419.23495182602,24983.55539197847,25916.540534812655,27365.017588083538,28813.49464135442,31140.814809306594,33635.269721204335,33772.25335143991,36933.020634888555,39895.69532218389,40424.08281831034,53340.61100538082
601040601014.0,8780.0,8780.0,8780.0,9634.900000000001,12601.300000000001,14629.026915118244,15895.188874577703,17161.350834037163,18045.1993671875,18187.8279921875,18514.041368243245,18960.534408783784,19407.027449324323,19831.82550390625,20223.02512890625,20492.00524609375,20696.96562109375,21948.58697265625,25424.33600000001,38358.992000000006,46265.4003359375,47974.2010859375,68659.35236486487,97027.61141891888,125395.87047297297
601040601015.0,15155.0,15155.0,16149.888466282895,17569.621196546053,18336.366171875,19031.776350446427,19724.053893914475,20406.93353207237,21060.060234375,21676.933359375,22301.506171875,22930.197421875,23558.888671875,26049.44317845395,28330.458928571425,29777.273214285713,31224.0875,32237.45535714286,32895.09821428572,33552.74107142857,33963.275789473686,35036.109473684206,42429.22105263159,50298.21732730263,59281.62712993421
601040602001.0,14992.5,14992.5,20203.790687305267,24101.192337248875,24498.21797016095,24895.24360307302,25292.269235985095,28350.591862459725,30991.912753638244,31316.42556751936,31640.938381400476,31965.451195281592,33164.70130567936,34595.333568109796,36025.96583054023,41634.4664914685,56600.01526332434,62138.34730849017,64026.99390541119,65267.13025827304,66507.2666111349,67747.40296399675,69966.12885771853,77719.35235411195,142146.45078470398
601040602002.0,11946.6669921875,11946.6669921875,11946.6669921875,11946.6669921875,11946.6669921875,12281.078302453185,16282.530622684291,25438.400278828933,28762.674101039895,34372.94653615239,34792.911024488836,35212.87551282529,35632.840001161734,36052.80448949819,36472.76897783463,40467.22739014191,44571.91260640842,48676.59782267492,52781.28303894144,56885.96825520795,64609.928163905905,67386.96066075147,68993.7999337387,74662.35982675932,102915.0396791992
601040602003.0,6201.66650390625,6211.8423046875,6999.054545454546,12869.076363636364,13454.42909090909,14203.885625,15039.82130452474,15826.964188639322,16614.107072753908,17401.24995686849,18188.392840983073,19135.85,20322.916666666664,21509.983333333334,22697.05,23884.11666666667,24800.0,25054.836363636357,30967.039999999997,37012.39272727273,39837.2,41082.26666666666,42327.333333333336,43572.399999999994,44817.46666666667
601040602004.0,11840.0,12338.90199850767,13118.891738806014,13898.88147910436,14678.871219402705,17298.054811784943,23671.14058625549,29244.388173718966,32053.168716931978,33475.16572334923,35318.48643820836,37527.86736944752,37840.018097296976,38152.16882514643,38464.31955299588,38776.47028084534,42974.13722169414,44821.04525075953,46667.95327982493,48514.86130889032,50361.76933795572,58216.918084988225,67443.51291784874,76670.10775070923,85896.70258356974
601040602005.0,9064.0,11206.229588490049,13289.438776950763,15981.056410548468,16000.625641279326,16020.194872010185,16039.764102741043,16967.91137802264,18774.4411120604,20580.970846098164,22387.500580135922,23476.71339166804,23765.90313469072,24055.092877713403,24344.28262073608,28235.60000208446,29998.442888521422,32953.988625783466,35307.73221091167,37661.475796039886,40015.219381168085,56176.07739730464,56682.34099807474,57188.604598844846,57694.868199614946
601040602006.0,1914.2857666015625,1914.2857666015625,1914.2857666015625,3031.428506742206,4946.530499181943,6861.632491621681,10455.702592199683,12818.004622798931,13184.371916082824,13550.739209366715,13720.479996539307,14114.119933045195,15068.17458574354,16267.603361321992,17467.03213690044,18899.19359660764,21731.939478324493,28904.799056960994,45856.479434176625,50097.333213901526,52749.33317174911,55401.33312959671,63845.59952103041,75831.03957433469,149961.75881932673
601040602007.0,7126.25,7454.908609375,7996.228671875,8537.548734375001,9078.868796875,10552.533515625002,18602.399531250005,29234.856640624996,34588.02303125,34605.30340625,34622.58378125,34639.86415625,34657.14453125,34839.47265625,35021.80078125,35204.12890625,35386.45703125,35562.69046875,35733.64184375,35904.59321875,36075.54459375,36566.34234375,40415.2,45359.679999999964,128962.39999999988
601040602008.0,9036.6669921875,9186.73707768636,9845.964906791718,11650.350869508406,13565.578936860567,14437.835331691358,15030.590049448196,15623.344767205032,16216.09948496187,18291.693563690642,22008.85729798492,24652.821612297692,24671.500857605155,24690.180102912618,24708.85934822008,25476.85576152557,28284.00401940035,34238.8537960405,39297.07835128912,41235.07924344186,42708.996226502764,44182.913209563674,45656.830192624584,57062.52633967234,63480.47719495797
601040602009.0,5195.5556640625,5195.5556640625,5195.5556640625,5195.5556640625,5835.321423519726,10870.358073226536,13092.670200222805,13745.930663193913,14399.191126165022,15052.451589136132,15675.613396377563,16216.973386154175,17570.407187920995,19238.03440710141,21117.532587753594,21564.491457294418,21683.099612330057,21801.707767365697,21920.315922401336,23171.355376934524,25860.20020896915,26149.068514300063,31856.731097418447,43793.718345951034,46219.036688213346
601040602010.0,11905.7138671875,12340.748316159938,14187.841808080673,17753.5305231804,18448.82440033909,20265.52228622865,23464.940318870544,26011.114491093507,28238.84986096372,30466.58523083393,32694.320600704137,34922.05597057435,37160.22237523397,39720.91574529012,40561.22743144877,41217.80919392985,41874.39095641091,42530.972718891986,43187.55448137305,44033.373062855244,45627.91105710883,47222.449051362426,48816.98704561602,50411.52503986961,52006.0630341232
601040602011.0,965.0,3030.5047970771434,10748.81083500613,16477.48985650858,20911.727071588048,22743.00266208178,22801.75466289889,23313.982196478668,25209.310504088422,27104.638811698176,33104.716588904805,35429.0423692715,40708.54170490529,48978.87999678564,49017.75999732637,49056.63999786711,54103.09961613567,55946.89315485913,57417.737306543364,60594.788538229004,64217.07958620381,70828.83967815852,77440.59977011323,94305.23959956439,113500.07986652147
601040602012.0,8441.4287109375,8452.33849499537,9219.99096018921,9987.643425383052,10302.555875618304,10412.758493416835,10811.489508307464,11716.42866664819,14501.942243781767,17550.570034122742,19096.548753651456,19621.08445030218,22976.3652323587,25239.54577152019,26999.061490161508,31512.939291088485,33304.20416662991,33343.97916685045,33758.446641469716,35122.47719590775,36486.50775034577,43027.01976779345,58417.98725846241,83467.99235507744,232944.72036466844
601040602013.0,8233.3330078125,8255.757279829546,8435.15145596591,8938.181818181818,10020.363636363636,11888.0,12030.476283482143,12172.952566964286,12315.42885044643,13019.047674005682,14158.84312220982,14423.877162388393,14688.911202566964,14953.945242745536,16818.484374999996,19306.547014508928,20786.071010044645,22265.595005580355,23745.119001116072,24197.5,24307.5,24417.5,25521.818181818184,29609.090909090908,30526.50958806818
601040602014.0,8209.142578125,8787.313992469819,12168.888555158032,13138.145099225305,13654.577243541102,17177.866455078125,23969.886309237092,27434.83758462442,28165.989403034062,28526.59383733337,29314.131206899583,30138.139214017814,30962.147221136045,32417.43191685,34679.903547709,37787.54414187558,40879.36571146906,42763.66013578876,44647.954560108476,56252.44526340076,70247.81962577131,75373.85970893325,80499.89979209518,81895.54397672821,82851.84799224274
601040602015.0,6764.66650390625,7219.084125282691,8976.362513513299,11260.243921564552,11518.349542735914,11776.455163907276,12034.560785078638,19640.506251289768,23957.029385369544,27106.79385558875,30565.439904022216,32332.231036461722,34099.02216890123,35865.813301340735,38365.77023068868,39000.51031939017,39290.388753445084,39580.2671875,39977.02638992422,40638.051217348446,41299.076044772664,41960.10087219688,46621.61789300532,53045.55898089804,191911.40188751777
601040602016.0,10160.0,10160.0,10160.0,10160.0,10160.0,10160.0,28099.99420673077,37111.44098557692,43359.3642548077,45760.95230769231,48600.06,49833.2705882353,50228.23529411765,50623.2,51018.16470588235,51413.129411764705,54773.53846153847,70144.35294117648,78493.8705882353,86843.38823529413,95192.90588235293,103542.42352941175,111891.94117647059,117791.46153846153,145958.70860576924
601040603001.0,6828.0,7089.1641237282265,10267.273539547044,11380.294767778665,12722.484617953558,17953.88137333213,18865.58601511012,18974.441453533247,19212.407553483,19450.373653432755,19894.37029394478,20435.590867306164,20976.81144066755,22780.07841901329,24652.68857477174,26192.898305393504,26529.711862245465,26866.525419097423,27071.924031334696,27418.678152469976,31669.322628780017,36968.14408392592,42833.09319345679,48698.042302987655,62282.301977788185
601040603002.0,9535.75,9535.75,9535.75,9766.987509691036,10039.031653084905,10614.851213471442,12405.773122630566,14196.695031789688,16467.898447117772,20088.464423614558,23709.030400111344,25609.62728634502,26422.080102791693,27234.532919238365,27535.31911947372,27816.17018866032,28133.364656375277,29867.95557632847,31602.546496281666,32759.0063378084,32951.91392127506,33144.82150474171,36185.38864319712,42887.23318591826,49589.07772863942
601040603003.0,6585.0,6585.0,10386.917222290607,15336.397228440059,17246.372208010434,19156.34718758081,21066.32216715119,22183.008630555392,23124.185191392327,24124.93416534447,24796.822207149835,24811.28448674705,24825.746766344262,24874.848286317738,25156.481728885476,26452.55283836296,29342.29285106504,32232.032863767115,35067.72393108304,37665.58211300088,39269.30150151706,39630.515269114076,39991.72903671108,45231.34767022309,65860.44922340769
601040603004.0,5522.85693359375,5931.713950525122,10242.380672750203,11849.958303660569,12956.762644034874,15862.340934434436,18767.919224833997,21673.497515233554,24579.075805633118,27875.448042802494,32480.880628597486,35185.00428668296,36778.165976857264,37393.44166117724,38008.717345497214,38623.9930298172,39239.26871413717,41185.20461182219,45446.63169872005,49708.058785617905,53969.48587251575,58230.9129594136,61951.014312721534,64467.942962632915,72986.35611794355
601040603005.0,11102.1669921875,11102.1669921875,11444.026279150521,13053.394105410209,15255.742361736391,17850.49735706789,20289.623576886548,22389.04906903934,25295.328701772996,28342.803116208222,29449.357719036743,30555.912321865268,30895.252359796195,31049.126650032067,32755.22484065548,35907.17214977603,36461.88261041696,37056.43015198797,38376.81352187352,40028.89634466994,41832.94227937812,43445.5585486032,44768.898324632995,46251.557075611425,47777.18569187047
601040603006.0,6362.299819374085,11074.477581089368,12345.625096386822,13616.772611684275,14887.920126981728,15952.442648290082,16382.840159928728,16813.237671567374,17243.635183206017,17674.032694844664,17912.826923070574,17919.634615407893,17926.442307745212,17933.25000008253,17997.680110015866,22039.24100966362,22620.39101219269,23201.54101472176,23782.691017250832,24363.841019779902,34805.099635887134,52968.37473017894,70683.12480727068,88397.87488436239,106112.62496145413
601040603007.0,10520.0,11180.053416190014,15104.53368844169,17466.34017212949,18915.368442409916,19768.315805259503,20621.26316810909,21273.82869468456,21328.892041057206,23388.0840626757,24503.999572367906,24834.20090244787,25164.40223252783,25799.63306015598,27040.262859891936,27155.394778119156,28986.881922983088,32206.445866154885,36504.69501389955,43030.1265502227,49555.55808654584,56080.98962286899,63618.88433903143,71488.13060341885,79357.37686780628
601040603008.0,9448.5712890625,10148.555663666986,11762.232549166736,13375.909434666486,16996.693289587467,23555.24252204991,27334.898420622234,27751.450883368576,27924.030141469582,28903.24253099923,28990.44887841794,29077.655225836654,29164.861573255366,44744.032756874905,54364.93248408165,62994.811307525815,71624.69013096998,78772.54712910189,81550.45121577286,82837.99137422195,84125.53153267103,84735.4134763407,84975.61020140741,85215.80692647414,104953.0162245746
601040603009.0,14916.0,14916.0,16575.39723738705,18221.66607142857,19171.96931818182,20122.272564935065,20893.71265060241,21128.56325301205,21419.847194602273,21744.43031148539,22069.013428368507,22300.809638554216,22476.0,23359.045783132533,23994.737012987014,24224.97077922078,24455.204545454544,25114.60240963855,26501.32048192771,33450.94939759037,41182.05714285714,41663.47012987013,42144.88311688312,42940.14939759036,46013.38313253012
601040603010.0,8146.0,8146.0,8856.160655737705,9493.897216968202,9683.05852727522,9872.219837582237,11519.215126152665,17539.71234951332,19885.985536629098,20118.576558657787,20480.99614882172,21034.854481907896,21871.59998629386,22708.345490679825,23846.696182154603,25467.78134662829,27088.866511101973,28574.776315789473,29825.990350877193,31077.204385964913,40175.66857581963,64080.71792008195,72233.59042008196,76656.3908196721,96925.46360655737
601040603011.0,6255.0,7930.823752898373,9634.268515763597,10741.992749663485,11813.083824086556,12973.478221526077,14455.325929163726,17306.7883497711,17916.45174205526,17933.988263436248,17957.82041333813,18086.68223580897,18309.41342181728,18595.65597598795,20104.146493753993,21612.63701152004,24296.663843238704,26788.517379374192,28910.16484793319,32381.612420118312,39417.02010252382,46452.42778492934,47918.079708641104,48183.16665974907,58077.57084153618
601040603012.0,15327.77734375,15531.947296549479,16006.988142903647,16482.02898925781,16957.06983561198,17652.8032,18647.149583333332,19131.747916666667,19616.34625,20100.944583333334,20549.316,20801.299892578125,21389.571533203125,21977.843173828125,22566.114814453125,23154.386455078125,23219.073946875,28420.640171874995,29546.64,30025.52,30632.879999999997,31240.239999999998,31847.6,40236.553599999985,45858.528
601050101001.0,4479.0,4995.697096774194,5774.575806451613,6553.4545161290325,7332.333225806451,8111.2119354838715,8890.09064516129,9815.146774193548,10854.580322580647,11894.013870967741,12933.44741935484,13972.880967741938,15012.314516129034,17026.910160845593,19789.70212775735,23200.922352941176,30100.086838235344,50458.235294117636,55054.3294117647,59328.729032258074,65967.14193548386,72605.55483870968,79243.96774193548,85882.38064516128,92520.7935483871
601050101002.0,5743.63623046875,9028.733567425272,10217.662694135919,10534.28604080384,10850.909387471762,11167.532734139684,11484.156080807606,11800.779427475527,16460.219174592392,19946.942608695652,20102.914782608696,20454.610602409637,20871.698795180724,21288.786987951808,21705.87518072289,22122.963373493974,22540.05156626506,25366.98651494563,30802.715896084337,31075.985477221384,31349.255058358434,31622.52463949548,31895.79422063253,32169.06380176958,39336.59676970107
601050101003.0,4430.573712713068,4728.477644328328,5026.381575943587,5324.285507558848,5622.189439174107,5920.093370789367,11063.783006290585,11388.247062702922,11712.71111911526,12037.175175527598,12361.639231939935,12686.103288352273,20871.44528713474,20882.788091517858,20894.130895900973,20905.473700284092,20916.816504667207,20968.066666666666,38464.23,42548.000779220776,42958.001818181816,43368.002857142856,43778.003896103895,44188.004935064935,52606.423281250005
601050101004.0,8898.282666666666,9927.274418604651,10009.953488372093,10092.632558139536,10175.311627906976,10257.990697674419,10431.80465116279,10879.023255813954,11326.241860465116,11773.460465116279,12220.67906976744,12667.897674418604,15534.88383448401,18588.998685501454,21643.11353651889,24697.228387536332,27751.343238553774,29362.047088481104,30036.00665606831,30709.966223655523,31383.92579124273,32057.885358829943,32917.2,38177.38696874999,73782.76666666666
601050101008.0,12805.7138671875,12865.604383988624,15169.237470960148,16816.96165645562,18464.68584195109,20112.41002744656,24805.714636456785,26695.678093947747,28277.5424751582,29859.40685636865,31441.271237579098,33492.211660594636,33728.79238001302,33905.275428007815,34081.75847600261,34321.0652120709,34623.195636212695,34925.32606035449,35414.0095502626,42233.269096824544,46049.957624452276,46379.87287335682,46709.788122261365,47397.46085106263,58981.46137235573
601050101009.0,12135.0,12135.0,12135.0,12135.0,12584.707468641054,15521.993633185624,21598.596708611265,21634.226338069064,21669.85596752686,21705.485596984658,22792.647767594975,24488.668250166276,26105.603427553448,27722.538604940622,29339.47378232779,31274.418218230963,48422.45371835292,48953.28704912619,49484.12037989947,50014.953710672744,50906.21250519913,52119.22949276994,52153.73535197853,52188.241211187116,52222.74707039571
601050101010.0,3297.5,4831.148322147651,7375.057046979866,9918.965771812082,12462.874496644296,14692.77,15256.373333333333,16026.2,16918.685273699666,18517.58524433725,20116.485214974833,21715.385185612417,23314.28515625,24653.516437500002,26313.43033557047,26475.91731543624,26638.404295302014,26800.891275167785,26963.378255033556,27070.9922147651,27160.315167785237,27249.638120805368,27338.961073825503,27640.784,31047.173333333332
601050101011.0,14948.0,14948.0,14948.0,14948.0,15266.51487034432,15618.48106549028,15970.44726063624,17039.76994068914,19706.40606298936,22373.042185289578,25039.6783075898,30549.02050437782,33027.168723730916,36622.09197072648,44231.40473158892,46961.620378599,48585.087037307,50208.55369601499,51832.02035472299,59604.33640277253,71753.83519547405,149623.0341236297,166279.31008830696,182935.58605298414,199591.8620176614
601050101012.0,10635.0,10635.0,10635.0,10635.0,13042.066484374998,15878.909392755682,15983.697194602273,16088.484996448864,16193.272798295455,16418.618181818183,18090.654545454545,19762.69090909091,21434.727272727276,23106.76363636364,31722.559999999976,34533.236363636366,35490.98181818182,36448.72727272727,37406.472727272725,45084.500000000015,63254.56,65997.12727272727,69655.09090909091,73313.05454545454,76971.01818181819
601050101013.0,7696.0,7696.0,7696.0,7696.0,7736.316090013417,10624.55306643032,11286.245272274624,11947.937478118925,12609.629683963227,13271.321889807528,14587.88425710641,15811.161254039625,17019.927885122226,18228.69451620483,19437.461147287424,21090.41981699952,29345.54835370724,37960.56442353926,48077.33870465017,50033.41772144656,50634.93670748457,51236.455693522585,51837.974679560604,52688.34835071001,78379.62558633884
601050103001.0,10280.0,10484.6,10931.0,11377.4,11823.8,13232.14,17139.97984375,21177.332812499997,24941.60000000001,33153.47,34101.23,35048.99,35996.75,36944.51,37596.72,41194.2,45060.6,48926.99999999999,52793.399999999994,58180.80000000001,65246.49999999999,72794.5,80342.5,87890.49999999999,95990.13468749999
601050103002.0,13300.0,14746.897142857142,18418.790476190476,21068.933333333334,23116.81142857143,24870.2355,26582.4715,28294.7075,30390.35703125,33220.20771484375,36108.71513671875,38997.22255859375,41885.72998046875,42376.55299609375,42635.93929296875,42895.32558984375,45897.751629464285,51775.82857142856,57570.03773437499,64644.289140625,71718.540546875,79847.68992187503,136853.77851562508,193859.86710937496,250865.955703125
601050103003.0,10840.0,10859.010187230604,10960.890025592673,16755.27686287716,20007.555862068966,20842.42482758621,22386.502068965518,26487.82068965517,28266.086,28505.102,28744.118,28983.134,29222.15,29461.166,29700.182,30062.15613685345,30719.247270996093,32769.69736083984,34820.147450683595,36870.59754052734,38921.04763037109,40971.497720214844,43021.9478100586,45072.39789990234,45962.83448275862
601050103004.0,13581.6669921875,15262.999018095588,17526.75440087375,23656.17341303394,23838.542925301,24020.912437568066,24203.281949835127,24385.65146210219,24568.02097436925,25057.519405970696,31308.65615628002,34700.90324555825,35487.981650265734,36275.06005497321,37062.1384596807,37849.21686438818,38636.295269095666,40392.55880927978,44717.845355605954,49043.13190193214,53368.41844825831,57693.70499458449,62018.991540910676,67036.15815543347,93572.16496750398
601050103005.0,8566.6669921875,8569.082644761029,8579.843278952207,8590.603913143383,8601.364547334559,8612.125181525735,11742.603662683825,15267.529227941177,18792.454793198533,22317.380358455885,25820.239999999998,29622.640000000003,34260.0,35329.92941176471,36399.85882352941,37469.788235294116,38539.717647058824,39490.72,40445.86352941176,41502.88,42559.89647058823,43616.91294117647,44943.04,51274.62399999998,55160.831999999995
601050103006.0,2600.0,10273.047611917962,14064.204047053798,18196.79087294029,22329.377698826785,26461.964524713283,30594.551350599777,33514.892198016794,33520.20402202753,33525.51584603826,33530.827670048995,33536.13949405973,33780.544224855854,34660.93606675207,35541.32790864828,36421.71975054449,37302.111592440706,38043.39690330381,38373.3781169731,38703.35933064239,39033.340544311686,39363.32175798098,40230.084240110074,64684.00149828187,83066.36669692451
601050103007.0,10690.0,10690.0,10690.0,10690.0,10690.0,11117.929459244915,11690.078210357628,12262.226961470338,12834.37571258305,13406.524463695761,13659.552023207903,13911.255452501513,14162.958881795123,14414.662311088734,19494.59057411204,38687.55566408279,39765.23144532655,41492.24143695037,42573.10345244889,46805.114292202416,55142.268062195144,62755.09738170734,70367.92670121953,77980.7560207317,85593.58534024391
601050103008.0,5698.3330078125,7216.446556980461,10375.024472305537,13533.60238763061,16692.180302955683,19195.216293195903,20276.311756751504,20434.22836597549,20473.344951804902,20512.461537634317,20551.57812346373,20671.63784368958,24735.4169921875,29127.157327526544,30169.456471655092,31683.386665138587,33522.731584099936,35362.076503061275,37201.42142202262,38397.16248778522,39989.62195518694,41535.91864817042,41645.65617726458,41755.39370635875,41865.131235452915
601050103009.0,5065.0,5734.875,6666.875,7598.875,8530.875,9446.425,9852.025,10257.625,10663.225,11068.825,14058.159999999996,17705.2346875,18505.318033854168,19439.2101171875,20373.102200520832,21306.99428385417,22710.693906250006,28972.799999999992,34797.92,36492.96,37144.90666666666,37796.85333333333,38448.8,39975.19999999998,51414.4
601050103010.0,2602.5,2602.5,2602.5,2602.5,2602.5,2602.5,2602.5,5044.519495406757,12071.42150513377,12413.685715405147,12668.88571448326,12924.085713561375,13179.28571263949,13434.485711717605,13689.68571079572,13944.885709873835,16880.480395459603,38354.60113861077,45902.44021022373,48201.09063461239,50499.74105900104,52798.3914833897,55097.04190777836,57395.69233216701,59694.34275655567
601050103011.0,12185.0,13125.137100457503,16032.148606138591,19248.099971402327,22464.05133666606,25680.002701929792,31890.7336058899,35881.60308905385,36395.01375718923,36908.42442532461,37421.83509345998,40230.19981253568,45946.801881290594,46310.05486081982,46673.30784034905,47036.56081987828,48687.507389565544,73438.69076969173,91800.06974860694,101910.31116707282,102543.91217438372,103177.51318169461,103811.1141890055,106833.19721896443,138500.63465171796
601050103012.0,4764.4443359375,10737.892884530716,16125.462484712774,17432.463730857893,18306.914634513952,19281.449532140086,20541.161279719792,21800.873027299494,23060.5847748792,24227.793051938243,24632.463928043133,25355.674438712387,26078.884949381645,26802.0954600509,27525.305970720154,28097.04477668289,28558.507103507465,29019.969430332036,29481.43175715661,30124.75745566331,38034.455771157904,41564.5767109006,45094.697650643284,48624.81859038596,52154.93953012866
601050103013.0,8729.0,9668.671532256798,10835.160336496043,12001.649140735288,13139.226368978634,13815.177777702946,14543.97777904992,15272.777780396891,16001.577781743865,17328.15234848227,18262.52452602983,19126.659944293595,19990.79536255736,20791.69023840615,21430.97086162627,25098.222214247005,28796.888887749574,32495.555561252135,36194.22223475471,40361.943139154944,48037.85716219277,102124.39991915651,114621.99994225467,127119.59996535278,139617.1999884509
601050103014.0,12070.0,12558.628448406309,15353.714048413607,29857.788622334934,32785.95232584511,33316.61899663745,33847.2856674298,34377.952338222145,34908.61900901449,35415.06854146833,35876.188545053315,36337.308548638306,36798.42855222329,37259.54855580827,38954.119120787356,41282.08330555283,43610.0474903183,45938.01167508376,48265.97585984923,48536.29738368171,48749.98655200971,48963.675720337706,49177.3648886657,49770.533803942766,169802.93759781582
601050103015.0,9559.2001953125,11171.952412770213,18012.09777128369,18910.096808861952,19634.122546992985,20358.148285124018,21082.17402325505,24374.589933114294,30191.216258389093,34758.712051829505,35801.16027980543,36843.608507781355,37886.05673575728,41073.30451524217,47916.11860179675,54502.51286363264,61031.35959844209,64845.698515068994,66663.60537972646,68481.51224438394,70299.4191090414,74696.45459911399,81311.75328508142,87927.05197104884,94542.35065701627
601050201001.0,15446.6669921875,15446.6669921875,15446.6669921875,15618.746423570054,18163.435691911498,20708.124960252942,23252.814228594387,25039.587194818254,26472.13697264517,31039.817817374504,33908.476301395254,34383.16686163513,34844.5234375,35826.85944666469,38973.72084645437,40815.07205980216,41729.889973825484,42644.70788784881,43987.10073382931,47705.36576726204,50827.95958004288,53448.10647461209,56068.25336918129,59800.54294314681,72524.62368938226
601050201002.0,12799.1669921875,12799.1669921875,12799.1669921875,12959.92259765625,14300.692753906249,20161.930556640622,23211.682,24481.816816406248,28059.211342865565,28388.343418337263,28717.47549380896,29046.60756928066,30943.978515625,33732.109140625,36520.239765624996,39425.398929834904,42667.7393307783,45910.07973172169,49152.42013266509,50003.13978125,51929.45946874999,59295.66096874998,76850.40000000002,110962.23999999992,132603.99999999997
601050201003.0,8239.5830078125,8472.584363687154,9663.274674562155,11937.03932652363,14210.803978485106,15958.777756913501,16449.563304072955,17570.91462507428,20823.78507795637,21746.768205959226,23765.66114061683,24925.26489313574,26071.64899968159,27218.033106227445,27357.082234597547,27376.617218049727,27396.15220150191,29213.43147667908,31471.666717244127,33729.90195780917,42050.84607732611,48376.3402384893,71205.7555177109,107107.45331062647,143009.15110354216
601050201004.0,9720.0,9889.60389820772,10512.411655560662,11135.219412913602,11758.027170266543,12446.225255681818,13433.861818181818,15096.384317555146,16368.001744025736,17639.619170496324,18911.23659696691,20014.73390625,20547.94140625,21081.14890625,21614.35640625,21954.290717329546,22434.93629971591,24439.26061789773,27228.26909090909,28439.49818181818,39449.716363636326,69052.23529411765,120545.88235294122,172039.52941176464,223533.17647058822
601050201005.0,2600.0,10240.493519651338,15937.208285866927,16719.199954104424,17262.391238323213,17780.983243335722,18299.575248348236,18818.16725336075,19932.812430849302,20645.643613405227,21219.883618955613,21794.123624506,22368.36363005638,22933.1909392577,23739.39100850894,24574.75389158324,25410.11677465754,26245.479657731838,29744.350024177136,31219.87344191742,32588.577455146788,33957.28146837616,35325.98548160553,36694.6894948349,54394.25852178476
601050201006.0,10398.0,10398.0,10398.0,10398.0,10398.0,10398.0,13466.628,15782.46,26222.272000000015,31446.96,32619.92,33772.96,34926.0,36079.04,37232.08,38384.1325625,39330.36532169118,39817.85928308823,40305.3532444853,40792.84720588235,41280.34116727941,41767.83512867647,42391.20109375,44566.61371874999,69280.58740624994
601050202001.0,19695.0,19695.0,19695.0,19695.0,19741.44230637025,20169.59354331239,21142.516995979204,21807.20714351796,22423.005114118256,23038.803084718547,23566.78370805948,23909.372123093155,24251.96053812683,24594.548953160505,25838.922977604947,27231.499947293905,28271.80765581886,29864.999963989623,32547.723045959196,40492.830862122435,44828.19497812383,46647.67730937509,48467.15964062635,50959.999626801524,66919.99987560051
601050202002.0,7552.39990234375,8225.062625330547,10915.713750550913,11534.08131149508,12152.448782608166,12770.816253721254,13218.999992769415,13959.333306220073,16086.666863083105,17433.33329335995,18800.178465952897,20173.74990473165,21547.3213435104,23129.464165395617,25337.321324659846,27545.178483924086,29753.03564318832,32968.57134059983,36519.99993841988,40071.42853623994,48643.99979508136,72279.99938524418,87295.23856033155,102310.4775111989,117325.71646206631
601050202003.0,7753.0,7753.0,7753.0,7753.0,7762.5389461818495,7808.436489777816,7854.334033373782,7900.231576969749,7946.129120565715,11222.549311224173,15121.929058986972,20766.154037127006,23544.017458949795,26073.896123143648,28603.774787337494,31133.653451531347,33793.18033980038,37230.29313803653,40667.40593627269,44104.51873450885,47541.63153274499,56556.02676802446,75121.23018156987,90295.25838328982,105442.63670975312
601050202004.0,5862.85693359375,6590.056992187499,8991.111067708334,12390.221901041667,12547.07308984375,12652.45983984375,12757.84658984375,13252.999999999998,18347.4,19285.133333333335,20076.12,20969.56,21863.0,22756.440000000002,25495.222682291664,26617.963875,26693.590375,26769.216875,26844.843375,27121.61625,29667.719445312494,33820.8929453125,37974.0664453125,42127.239945312496,46154.08963541666
601050202005.0,9297.142578125,9984.583699066727,10020.056291891027,10055.528884715328,10091.001477539628,10126.474070363927,12990.568521989313,19239.115647860184,22462.694659219225,35145.230768200454,37933.21808456491,38317.14401299865,38701.06994143239,39084.99586986612,39558.73857271434,40409.143798176614,41259.54902363888,42109.954249101145,42960.35947456342,43608.63010884744,44103.948630601386,44599.267152355336,45094.58567410929,45589.90419586323,69532.90600550536
601050202006.0,8912.5,10822.64533921615,14412.25608463794,16538.064290508788,18663.87249637963,20789.680702250476,22120.956532685654,23082.26092977109,25382.31260490254,27734.312590179376,30086.31257545621,33585.06142893921,40189.561873464874,41955.6988487105,43721.83582395611,45487.972799201736,46810.04106488493,47837.98592146385,48865.93077804277,49893.87563462169,50932.68492009712,51974.219160152614,53015.75340020811,54057.2876402636,83786.95599099861
601050203001.0,7132.85693359375,7132.85693359375,7132.85693359375,7519.776851603911,10703.896413662429,11814.139259962376,12924.382106262325,14034.624952562273,15073.290867350252,15972.106983439127,19843.547271613228,24449.960337376895,28472.800198237106,39611.84104817709,45613.85726917032,47367.5715377574,49121.28580634448,50395.333335654446,50449.65714464772,50503.98095364098,50558.30476263425,53398.728583026204,56565.452361623,59732.17614021979,72090.71978200275
601050203002.0,9552.0,9552.0,10012.307767427885,10533.989903846154,11055.672040264422,11746.424556107955,15142.303142755682,17528.30769230769,18635.138461538463,19741.96923076923,20848.8,21644.14520596591,22246.666015625,22399.15166903409,22702.90958806818,23251.030397727274,23896.0,24570.76923076923,25245.53846153846,25920.307692307695,26271.384615384613,26602.23076923077,26933.076923076922,35380.27272727262,104700.09090909088
601050203003.0,3528.0,4555.366705063184,7276.500019860268,9997.633334657352,12718.766649454436,15517.68177840887,19085.772740530374,19518.45238014062,19852.119044534367,20185.78570892811,20519.452373321852,21111.28182877718,21822.559753619484,22533.837678461787,23245.11560330409,24081.65188580902,26711.317952863054,32770.454513841425,34441.32727013864,35138.01818958409,37928.79049518267,40931.323808062865,43933.85712094307,46936.39043382326,59072.18168683011
601050203004.0,5056.0,5276.977760620117,5945.777774047851,6614.577787475586,7283.377800903319,7999.205292688543,8734.056216533314,9468.907140378085,10314.600211958877,12234.075158969155,13291.133130617123,15790.83372030737,17665.36084532047,18746.126747701208,19826.892650081943,20907.65855246268,24720.788992755464,25951.44044375333,26499.193182023482,27046.945920293634,29029.575432664584,37570.393220313665,40275.0420323669,43429.32513418554,69936.17552435036
601050203005.0,12270.0,12485.70540109776,14969.509001829603,16014.017947297685,16361.385569608125,16708.753191918564,17056.120814229,17465.112719811368,19734.459499226912,23692.26981270508,23809.737447383566,24484.782706378668,26661.472426719512,32588.02778061963,34751.599862125935,36149.542732399656,37547.485602673376,39098.99970101174,43343.13307421017,47587.26644740861,51831.39982060704,54951.33332724041,55136.66666231458,55321.999997388746,55507.33333246291
601050203006.0,9718.0,11629.739933210041,23615.29067247472,25678.031110509914,27740.771548545108,29803.5119865803,31866.252424615494,33747.6666367054,35116.466645002365,36485.26665329933,37854.0666615963,39222.866669893265,40700.0,42949.58155451938,45394.94327146956,47840.30498841975,50285.66670536995,52731.028422320145,59862.06214802137,70661.46204191564,89353.5911883699,100388.34870206549,111423.10621576107,122457.86372945661,133492.6212431522
601050203007.0,12885.0,12885.0,12955.107694464463,13089.900016314334,13595.209101290939,14100.518186267545,14565.958822913533,15019.076633228404,15447.187599019766,15750.427277752979,15893.118185168652,16498.954584415293,19817.499999999996,23136.045415584707,24292.820837433643,24971.13905102852,25081.415590585555,26438.18172565701,29207.635954506404,32035.817453162934,35136.90804175517,38237.99863034741,40915.793504568246,43089.49642594555,43380.94412114852
601050203008.0,5100.0,6480.414020406789,12200.690034011317,12424.858523911835,12551.923020188213,12678.987516464591,14060.647965905697,14647.042726219122,14949.33120192309,15251.619677627059,17066.219025414393,19380.26516866469,21694.311311914982,23950.99046059442,26513.811525082627,29391.46728762395,32269.123050165268,35406.85645738429,39659.84022872094,46364.61375642974,49133.38624357026,52422.87599987162,56490.85249927342,61193.17712456404,65895.50174985468
601050203009.0,18150.908203125,18150.908203125,18150.908203125,18150.908203125,18628.05394606614,19857.599922091955,19875.799374927683,26951.333055535943,30760.319904230124,32760.06851471615,34251.188526566504,35742.308538416866,37233.42855026722,38394.92709861817,39963.4678149414,44828.80101337888,50798.400748321,56768.00048326311,62737.60021820523,68707.19995314736,71531.77141159534,73832.17142987729,76132.57144815921,78432.97146644116,80267.30001291752
601050203010.0,11256.6669921875,11647.611208514036,12777.647132424747,15287.846503571116,19968.95633242893,20250.00396251667,20787.472706959466,21324.941451402265,24292.417872709397,30310.136493857608,32859.85146749462,35409.56644113164,36621.62220075665,36751.20327363558,36880.78434651452,38582.74402785016,40603.03793274242,43558.274679744936,53911.60957570048,59662.98451623368,65414.35945676686,73573.27817787892,87211.2030368685,100849.12789585802,135142.30540556062
601050203011.0,7309.16650390625,8086.7834079180075,9613.216455078125,11139.649502238244,12666.082549398361,14192.515596558478,15216.448469244902,17047.068019138456,19234.403592193645,20746.00010108948,24059.71474164848,30556.97289046409,35765.50725412508,41656.08316377915,46731.96154173241,48938.61595839086,51145.27037504931,53351.92479170776,55558.57920836621,60126.561096626814,66083.78084913502,71359.53267432723,76635.28449951946,81911.03632471166,87186.78814990389
601050301001.0,5615.0,9547.08765595447,11653.067803985665,12503.966966663012,12706.411819771176,12908.85667287934,13111.301525987503,14132.248027809977,15201.122074643536,16269.996121477092,20642.360633908003,21856.484403056682,22690.034099147604,23523.583795238526,32041.948330592077,34227.26877853192,35656.293117633824,37085.31745673573,43740.02050397187,56325.70965720697,68911.39881044204,81497.08796367714,94857.60390835807,108230.56234501481,121603.5207816716
601050301002.0,8628.947873310806,12951.324631753163,13511.775705885346,13968.404015896145,14404.80007659549,14841.196137294832,15277.592197994176,15713.98825869352,15920.787213801032,15957.01735088662,15993.247487972207,16029.477625057796,16065.707762143384,20598.85646741159,45040.777162352,45352.54702622008,45664.31689008817,45976.08675395626,46287.85661782434,46680.76955310874,47416.81339074226,48152.85722837579,48888.90106600931,49624.944903642834,50360.988741276364
601050301003.0,5292.0,5292.0,5292.0,5292.0,5292.0,5709.478279569892,7055.0197849462365,8400.561290322581,9746.102795698926,11091.64430107527,13274.608832236836,17190.026600722445,18068.409557711693,18946.79251470094,19825.17547169019,20703.558428679436,21672.89263157895,24711.999999999993,26231.54064516129,26764.130752688172,27296.720860215053,27829.310967741934,28361.90107526882,29254.770526315777,33387.74736842105
601050301004.0,8364.0,10442.719876098634,10803.996116341752,10808.530485317286,10813.064854292817,10817.599223268351,10822.133592243883,10826.667961219417,11848.933326721191,12035.182135972038,12076.639223748336,12118.096311524634,12159.553399300932,12201.01048707723,12242.46757485353,15844.595714823401,22842.168293130708,22992.504322333658,23142.840351536608,23293.17638073956,23443.51240994251,23593.84843914546,23744.18446834841,34519.157170376166,47881.55577341714
601050302001.0,4520.0,11864.571549033568,17877.57958997824,27843.132816991867,42108.06845119529,42487.924901254715,42867.78135131414,43247.63780137356,43627.49425143298,44288.10910768847,45963.01088910806,47637.91267052766,49312.81445194725,50987.716233366846,52173.927093684186,52637.92682824806,53101.92656281193,53565.9262973758,54029.92603193968,55280.13405918853,57075.88306208208,58871.63206497563,60667.38106786918,62463.13007076272,85313.21745775809
601050302002.0,12100.0,12344.238269154232,12782.660493294397,13221.082717434565,13659.504941574733,13993.775481083134,16392.67169865012,18928.174317028403,20692.83643890218,21881.837335111795,22394.54088336164,22907.24443161148,23419.94797986133,24326.37402751195,30002.783363636197,40581.30980809597,44417.629255390624,44938.2054989874,45458.78174258419,45979.35798618098,53787.42818060977,75817.59958343502,103023.99970245361,130230.39982147212,157436.7999404907
601050302003.0,13654.0,15941.288205648618,17509.80203442802,18168.69311424036,18827.5841940527,19486.47527386504,19999.374269342923,20460.079213337693,20920.784157332462,21381.48910132723,25531.285391873145,30757.59394499555,44398.602542605455,57020.29566041047,60785.31342907042,64550.33119773038,68315.34896639035,72710.01707565672,79474.45854890249,86238.90002214827,93003.34149539402,112551.75552377924,155331.25394555664,198110.75236733392,240890.2507891113
601050302004.0,11852.5,12926.047771170479,13494.937993708685,14098.398871105019,14701.859748501352,15305.320625897686,15908.78150329402,16826.566357267482,20617.107389608038,22935.725877180663,22971.194508864173,23006.663140547684,23042.131772231194,23077.600403914705,23305.737913206805,23584.667045443075,23863.59617767935,24142.525309915618,24421.454442151888,36969.385122621534,37857.481436354814,38745.577750088094,39633.674063821374,40521.77037755465,52724.620795798764
601050302005.0,5749.0,11543.084759791736,14048.285573487059,15169.064930736,16289.84428798494,17410.62364523388,18500.361878318883,19177.56245403141,20698.00025228497,21192.971991795137,21558.428267883755,21923.88454397237,22289.340820060985,22654.797096149603,23076.532271903838,23518.092971496313,23959.65367108879,24401.21437068126,24842.775070273732,25134.45176600841,26400.39763849479,27666.34351098117,28932.289383467552,30198.23525595393,35759.953847307035
601050302006.0,13753.3330078125,13753.3330078125,13753.3330078125,13753.3330078125,14021.793905704317,14373.303879541389,14724.813853378459,15077.166059272646,15459.333382800667,15841.500706328687,16223.668029856704,17988.43225991302,20683.30410466617,23358.380152077563,29969.478286660415,36803.18288358842,37053.86109009274,37316.333984375,37578.80687865726,38022.319841117875,39020.929409533965,39382.7882286019,39744.64704766983,40106.50586673776,55434.544271413935
601050302007.0,200.0,786.6666503906251,2230.7691744290873,3674.8716984675493,5118.97422250601,6468.815208082933,7638.7023475060105,8808.589486929086,9978.476626352163,10981.379184194711,11557.54336688702,12133.707549579327,12709.871732271635,13324.5,14004.115384615385,14177.038461538461,14349.961538461539,14522.884615384615,15048.14285714285,20858.428571428576,23970.82857142857,27651.1328125,33679.04743303572,36005.142857142855,38092.652455357136
601050302008.0,18627.5,19532.185294117648,20908.54411764706,22284.90294117647,23661.261764705883,25037.620588235295,26832.56911764706,28683.507352941175,30534.445588235296,32385.38382352941,34047.57006893383,34130.20018841912,34212.83030790441,34295.460427389706,34378.090546875,37559.02143229166,42987.293984375,44229.803515625,45472.313046875,46714.822578125,47957.332109375,60561.777578124995,63692.33333333335,98236.73218749995,202222.17468749994
601050302009.0,20207.4528736687,20222.473563277563,20237.494252886427,20252.51494249529,20267.535632104155,20282.55632171302,20297.577011321882,20312.597700930746,24830.699565964303,25507.540854287083,26184.382142609866,26861.22343093265,27538.064719255428,28214.90600757821,28891.747295900994,31834.549351585832,37431.9949834149,54664.25093603983,66848.99334173636,78739.91744300771,90630.84154427901,102521.76564555036,114412.68974682169,126303.613848093,138194.53794936434
601050302010.0,2650.0,6354.800346893324,11824.285676356702,13672.757066471147,15491.66021017533,16907.591241259765,17797.617899438475,18687.644557617186,19577.671215795897,20467.69787397461,20992.711139282226,21278.577803222655,21564.444467163084,21850.311131103517,22136.177795043946,23221.866725585936,24380.266714538575,25538.66670349121,26697.06669244385,48857.4019913409,124635.68008598633,126639.30673354492,128642.93338110352,130646.5600286621,132650.1866762207
601050302011.0,9053.3330078125,14749.933153764705,17684.999999046326,17729.39999923706,17773.799999427796,17818.19999961853,17862.599999809267,17907.0,18134.432493010292,20697.42330972438,23086.851817352665,23535.068562898636,23866.007135748863,24196.94570859909,24527.88428144932,24858.822854299546,25189.761427149773,30767.851764893494,54566.862173401976,63935.71028176398,64409.94477598871,64884.17927021344,65358.41376443817,65832.6482586629,66306.88275288763
601050303001.0,8559.6669921875,8559.6669921875,8559.6669921875,8559.6669921875,9165.108188690157,19199.500801286416,24693.333449745147,29922.66726315827,33314.66828019901,37108.995257224655,38624.758920064996,40140.522582905345,41656.28624574569,43678.230642041184,46206.355626972385,48734.480611903586,51262.605596834794,54130.626119967514,57338.54211647184,60546.45811297618,63754.3741094805,69507.29070045178,77805.20764317985,86103.12458590789,94401.04152863596
601050303002.0,18416.666015625,20271.546260210274,22198.33819660445,22363.870692461252,22409.59482991466,22455.31896736806,22632.74071013272,23736.723536253845,23822.212422753077,23907.70130925231,23993.190195751537,25286.264768224548,27082.5,28878.735231775456,30224.712043216987,30490.068553106732,30755.425062996474,31020.78157288622,39943.55521636962,43085.11108551025,65379.40768330888,105477.33473815914,131363.48339457402,155715.69003674437,180067.89667891478
601050303003.0,6854.28564453125,6854.28564453125,6854.28564453125,6854.28564453125,11182.79129240005,13299.049134762025,14013.585985833544,14728.122836905064,15442.659687976584,20715.782056950437,22092.653742664992,32661.437796774728,35385.06138293444,35778.566651030174,36172.071919125905,36736.9473292821,39410.421047040305,42083.8947647985,44757.3684825567,46959.57285415214,48285.304449735246,49611.03604531835,50936.76764090146,66280.69669321434,83493.44022178648
601050303004.0,7994.28564453125,12094.341074498385,17712.266612815856,19762.86217294057,21813.457733065286,23864.05329319,25914.648853314717,27965.24441343943,31451.859656502405,32700.668548173904,33949.4774398454,35198.2863315169,36447.0952231884,38312.14405408335,41292.78029820283,42540.16252320448,43787.54474820614,45034.92697320779,46282.30919820945,48768.82348458454,50223.81705953544,50519.47663658312,50815.1362136308,51110.79579067848,51406.45536772616
601050303005.0,7267.5,7267.5,7267.5,7267.5,8951.93792018291,15150.059027089816,15182.558528404905,15215.058029719994,15247.557531035083,15280.057032350172,19159.207947697712,21261.481061973598,26371.0,31075.47675934551,31276.25361134773,31606.73109280798,31937.208574268232,32267.68605572848,32733.599937652743,36956.97557766678,50644.64883272899,54792.86522647261,55514.903733194726,56236.94223991683,56958.98074663895
601050303006.0,12290.0,12290.0,12290.0,12290.0,12290.0,25128.317890625003,30916.442695833335,31107.924416666665,31299.406137500002,31490.88785833333,31682.369579166665,34208.57142857143,41895.0,49466.99148125,50665.27030625,51863.54913125,53061.82795625,54260.10678125,57983.462857142855,61363.6992,64067.29813333333,66770.89706666667,69474.496,72724.74285714285,81682.34285714285
601050303007.0,3143.333251953125,3143.333251953125,3143.333251953125,3143.333251953125,3143.333251953125,9454.90665861431,13765.199854029606,16818.127738683364,18388.90414263557,19959.680546587777,21530.45695053998,23101.23335449219,23606.985294117647,23617.220588235294,23627.45588235294,23637.691176470587,23647.926470588234,26569.74788602941,27176.554494485295,27783.361102941177,28390.167711397058,28996.97431985294,30055.68384046053,47262.105263157864,79638.98947368414
601050303008.0,7940.0,8085.658071721395,8286.447406895955,8487.236742070516,8727.337937311044,9861.674455692868,11936.515793822855,15165.318421681723,16818.225103505454,18471.131785329184,20124.038467152914,21602.406852692347,24103.206706188244,24802.153094115256,25113.945096974374,25425.737099833488,26013.953962950705,27386.129975533484,28758.305988116263,30130.482000699045,31076.11572109806,31796.99714437517,32517.878567652282,33291.948269962406,36468.124218607794
601050303009.0,5916.66650390625,10821.081233294188,13137.637103015351,13226.309565224781,13314.982027434211,14087.42640061102,15403.32657214801,16706.176122962865,18009.02567377772,19589.411508723944,21259.58849127606,22929.765473828174,25764.0,25788.21238925588,25812.424778511762,25836.637167767647,28979.14413723889,32676.01775241893,36817.61065145136,40959.20355048379,45100.79644951621,47037.657687913306,52314.44256317873,58942.265537907224,65570.08851263575
601050303010.0,7038.75,7440.4713247846175,8811.04988804898,10181.628451313343,11552.207014577703,13045.142992800756,13884.000004577636,14062.13592414234,14129.708739313872,14197.281554485404,14264.854369656936,14520.603360848756,14830.71435546875,15140.825350088746,15531.322320078556,16200.07845082096,16868.834581563362,17537.590712305766,22091.502830388592,32242.92320324841,43258.392865685055,44961.699200330215,54081.21371452159,63200.72822871294,72320.24274290432
601050303011.0,6351.25,6351.25,6351.25,6351.25,6351.25,10728.031750556347,16273.925918898301,20586.507313134014,32823.94633003902,41454.52241188951,44192.9138694389,45470.81767265585,46748.721475872815,48026.62527908977,49343.885527138045,51060.92452220386,52777.963517269665,54495.00251233547,56212.041507401285,57358.79999609347,63871.90379081919,64200.369615081596,64528.835439343995,64857.301263606394,65185.7670878688
601050304001.0,10020.0,10020.0,10020.0,10020.0,11258.659364544379,15210.796255841518,18394.261084382193,19586.302232551574,20778.343380720955,21970.384528890336,22800.907054037365,23092.191626764026,23383.476199490684,23674.76077221734,24626.361167216153,26510.081376732924,27921.32102713433,33571.02749401519,40030.064231811404,45202.07681572178,51527.434247956946,56446.98855559485,61366.54286323275,66286.09717087063,105326.17871143781
601050304002.0,9733.3330078125,9733.3330078125,9733.3330078125,9733.3330078125,9831.127322807311,10295.08161502838,10759.03590724945,11222.99019947052,11686.944491691589,11892.3540545698,12075.759847320567,12259.165640071336,12442.571432822104,12684.956294562386,12890.358767920787,16592.128421558362,23392.973038943997,23625.338604702836,23857.70417046168,24090.069736220517,24322.435301979356,28744.135402560198,29443.849506265626,35479.63348626822,47259.41271507683
601050304003.0,6087.5,6087.5,6087.5,6087.5,6510.0971953125,10826.9057578125,20292.800515625,24548.799453125,26244.517390625,26311.22310444079,27464.79206825658,28618.361032072367,29771.929995888157,30925.498959703946,33855.49221875,34767.69607730263,35281.84127467105,35795.986472039476,36310.13166940789,41325.56457236842,47841.426710526306,54357.288848684206,60873.1509868421,65272.31999999999,77497.92
601050304004.0,6758.75,11816.424660589004,16685.789894126276,17257.265281557102,18127.41161661121,18997.55795166532,19867.704286719432,20737.85062177354,21607.996956827654,21755.919298376786,22731.14026084085,23880.945130420427,25030.75,26180.554869579573,27330.359739159147,29505.313889336827,36354.684440470104,38022.53808672165,39690.3917329732,41358.24537922475,43026.09902547629,44693.952671727835,79438.94449816254,124565.26278445593,142183.6208964137
601050304005.0,7250.0,8219.846153846154,10604.923076923078,11600.5354296875,11826.8577734375,12053.1801171875,12279.5024609375,13123.861192908653,14475.155516777664,14484.283385630122,14493.411254482582,14502.53912333504,14511.6669921875,14748.821075819673,15386.630689036885,16024.440302254097,16662.24991547131,17300.059528688522,27262.10751802884,33110.738461538465,42322.82461538461,49856.541639344265,56980.38688524591,64104.23213114754,71228.07737704918
601050304006.0,8880.0,8946.172,11088.069088541666,12533.266552734374,12734.185693359375,12935.104833984375,13136.023974609376,13953.279999999999,15695.14246875,17021.808020833334,18755.048430606617,19514.75965303309,20274.47087545956,21034.18209788603,23108.43010416664,37005.01203125,38690.398750000015,46513.48924632353,54336.57974264706,62159.67023897059,69982.7607352941,71627.87400735295,72067.52830882353,72507.18261029411,72946.83691176471
601050305001.0,9270.0,9270.0,9270.0,9270.0,9677.897968926762,10119.653073132708,10561.408177338655,11282.980807681053,12097.477053931012,12565.094403161673,13032.711752392335,13500.329101622998,14402.570630201386,15197.543332200386,15992.516034199385,16787.488736198386,18348.303832206017,19031.974806125036,19418.85018270231,19805.72555927959,20564.320105690582,21946.86464776462,22875.56093882404,35611.050313579086,95137.46254420425
601050305002.0,7147.77783203125,7147.77783203125,7147.77783203125,7147.77783203125,7147.77783203125,11993.392342342679,13819.948005014403,16572.184023712958,18412.461025025004,18682.90199899643,21098.869675749334,24136.369315543543,26849.2308477255,29562.092379907466,32274.95391208942,34987.815444271386,41031.63089045012,47192.615491573626,53353.60009269715,59514.58469382067,65157.6615794842,69095.95900626549,73034.25643304679,76972.55385982807,80910.85128660935
601050305003.0,8290.0,9720.302505003508,16281.282230948867,17969.12281001081,18686.297709784172,18839.84800918586,18993.398308587544,19146.94860798923,19496.91808320254,20588.14273174485,21679.367380287164,22770.592028829476,23861.81667737179,27516.15360811989,28941.967830315705,29891.213447093072,30840.45906387044,31789.704680647803,36246.655467904326,44038.90145292644,49476.81996882335,52502.28879519594,55527.75762156853,58553.22644794112,61578.69527431371
601050305004.0,9426.6669921875,10432.329215949405,10964.823381879689,11497.317547809973,12029.811713740255,12562.30587967054,19240.708119926072,26160.042339847452,27757.751499709408,27827.941943062302,27898.132386415196,27968.322829768087,28038.51327312098,29766.052612412717,32438.488751922876,35110.92489143304,37783.361030943204,40403.809383031876,40585.323307931954,40764.59056680393,40943.8578256759,41123.12508454787,41302.392343419844,44501.78924455694,99860.32310242305
601050305005.0,13158.888671875,13256.427043505832,13673.461238128644,14090.495432751459,14507.529627374272,14924.563821997084,16815.775646498623,18034.402848803926,18711.51431690727,19383.63573768045,20055.757158453634,20727.878579226817,21400.0,22300.977787272135,23201.95557454427,24102.933361816406,25003.91114908854,26183.43276740914,27452.82618888972,28615.95592785332,29714.405974150828,30812.85602044834,31911.306066745852,33009.75611304336,65883.08466446043
601050305006.0,11410.0,11510.781229059492,12893.593079849641,18038.78123685642,19631.72233552236,21224.663434188304,22817.604532854246,24410.545631520188,26003.48673018613,27784.88517578317,31064.066011550047,37472.22054805193,41578.889290199906,41930.06845578531,42702.25357753911,43576.959710035386,44451.66584253166,45326.371975027934,46201.07810752421,46989.705836482775,47347.94113894045,47706.17644139813,48064.4117438558,48422.64704631348,48780.88234877116
601050305007.0,6543.33349609375,6543.33349609375,6543.33349609375,6543.33349609375,6543.33349609375,7933.505393986899,10446.891653121198,14761.03398885661,14971.790381846318,15182.546774836026,15393.303167825734,15604.059560815442,17061.000000000004,18678.52202310416,19560.35223949232,20442.18245588048,21324.01267226864,22205.8428886568,23650.040654348148,28041.399524569093,32210.970450512417,36365.24567279553,40519.52089507865,44673.79611736175,55705.70948604928
601050305008.0,9678.0,9835.980901227678,10037.04750279018,10238.114104352679,10439.180705915178,10640.247307477679,11493.862820870536,12525.446219308036,13557.029617745537,14588.613016183037,15620.196414620536,16612.101088169646,17593.184291294645,18574.267494419644,19555.350697544643,20536.433900669643,27484.000000000007,32817.857142857145,33791.857142857145,34765.857142857145,35739.857142857145,36713.857142857145,37660.0,41267.998828125,65304.699999999975
601050305009.0,7102.85693359375,7102.85693359375,7102.85693359375,7102.85693359375,7102.85693359375,8535.123963431291,8638.400607523397,8741.677251615503,8844.953895707611,8948.230539799717,10969.829642554218,12984.943477668316,13151.77625743657,13318.842559221346,13485.908861006123,13652.975162790899,14482.25517093177,24516.482438134084,30073.963485237164,62687.55421242154,88653.35497676246,96861.27609303748,105069.1972093125,113277.11832558748,121485.0394418625
601050305010.0,9690.0,11936.836567711296,15912.31381232674,15929.335434121054,15946.357055915369,15963.378677709683,15980.400299503997,16285.598090815198,19367.704765717837,19893.258056522795,20418.811347327755,20944.364638132713,21469.917928937673,22140.15379178481,23750.736264254596,25187.666008562657,26624.595752870715,28061.525497178773,29498.45524148683,49522.39491878057,53281.026800387604,58245.24306696814,63209.45933354867,68173.6756001292,73137.89186670973
601050305011.0,8224.2861328125,12438.571623018914,14257.200100350417,15170.91370996256,17463.220398700723,18261.897516687925,18801.205201760647,19340.51288683337,19744.217950500377,19760.48718105135,19776.756411602324,19793.025642153298,20856.100142251853,23247.57712232649,25746.115550346327,28244.653978366172,33829.600739088084,41674.400122616295,43604.00018581518,45734.92323415131,47865.84628248743,50952.492811617645,61684.92343686975,72417.35406212183,83149.78468737393
601050305012.0,12716.0,13990.81027027027,15018.451546391752,15762.331134020618,16506.210721649484,17250.090309278352,18695.731891891894,23098.64324324324,25968.837113402064,26224.127835051546,26479.41855670103,26734.709278350514,26990.0,27326.924750724873,28033.75014376611,28740.575536807344,29447.400929848583,30154.22632288982,30649.563015202704,37366.11778716218,48726.29156008376,60407.7769595683,72089.26235905284,83770.74775853736,99576.48439189186
601050306001.0,7228.0,9472.79995943994,10755.99997102853,12039.199982617118,13322.399994205705,15379.46636790074,16965.333222961424,18373.33349609375,19781.33376922608,21073.05619352546,21550.83380200694,22028.61141048842,22506.389018969898,24560.000190193005,25730.0,25730.0,25730.0,25730.000377134827,33311.0004444339,38270.83442530268,43233.499915849075,83978.222329048,86091.11193146286,88204.00153387772,90316.89113629257
601050306002.0,10687.5,10706.115384615385,10729.807692307691,10753.5,10777.192307692309,11434.000000000002,14388.0,15203.58984375,15964.615625,16725.64140625,17486.6671875,18232.7205078125,19106.030048076922,20558.75637019231,22011.48269230769,23464.20901442308,24916.935336538463,27220.0,32202.400000000005,37067.13846153847,40523.63076923077,43980.123076923075,47436.61538461539,50893.10769230769,129018.99999999999
601050306003.0,9078.195813143637,17850.328400577335,19857.444182545853,19859.78717429183,19862.1301660378,19864.473157783774,19866.81614952975,19869.159141275723,19871.502133021695,21713.333616529202,24319.71035640146,24919.75732563366,25519.80429486585,26119.851264098048,26719.89823333024,27319.945202562438,27919.992171794634,39371.49981377806,42230.59411757467,42232.04117640934,42233.488235244,42234.93529407867,42236.38235291334,42237.829411748,42239.27647058267
601050306004.0,4775.0,10518.057031249999,18495.0,22459.2,26575.458349609376,26899.125146484374,27222.791943359374,27546.458740234375,27870.125537109376,28246.208984375,28989.208984375,29732.208984375,30475.208984375,31218.208984375,31896.375634765624,32120.708837890626,32345.042041015626,32569.375244140625,32793.70844726563,33116.16669921875,34125.50029296875,35134.83388671875,36144.16748046875,37153.50107421875,38578.834375
601050306005.0,11388.0,16402.229243350557,21901.706602393257,26591.423998209637,26846.741332736547,27102.058667263456,27515.199994277955,33974.479862594606,37893.455880915324,41812.43189923604,44832.27195838928,46810.25596763611,48788.239976882935,51681.3434417137,52571.08519587313,53460.82695003256,55672.47992540996,60231.19994672139,64789.91996803284,71917.52512785171,79909.24783187866,87900.97053590562,117589.08433796647,209886.7881027797,302184.49186759326
601050306006.0,2060.0,3220.385318903347,12374.73938857905,20927.082903943177,27810.391408841017,28419.218177208913,29072.77806480534,29726.337952401773,30379.897839998204,31033.457727594632,32000.579436216023,36747.31555179904,36813.3106811867,36879.305810574355,36945.30093996202,37011.29606934968,37077.29119873734,43584.73220325978,47979.426070014284,50371.808690004764,52764.191309995236,55156.57392998571,57548.95654997618,59829.67501627095,229156.59043767743
601050306007.0,2932.0,7471.599267808319,11308.60067948956,12818.770388887548,14328.940098285533,15839.10980768352,17349.279517081508,18639.59445040226,18906.014448752405,19172.434447102547,19438.85444545269,19705.274443802835,20587.5,24609.272000339173,25777.471878521537,26945.671756703905,28113.871634886273,29282.071513068637,30330.66888209343,30929.21554505348,31527.762208013533,32126.308870973586,32724.855533933638,35500.48918210671,69685.94666028992
601050306008.0,12550.0,12550.0,12550.0,12942.888810318687,14837.999898981167,16733.11098764365,18628.22207630613,18855.69442191487,19236.083306297845,19616.47219068082,19996.861075063793,22305.166358591603,25194.907065101783,28084.647771611963,29703.58723032536,29921.3860848056,30139.18493928584,31661.75362338886,37135.085469366575,41826.45613197696,62657.52563099389,75328.49937104326,83596.285226963,95304.57061128222,249795.70979383524
601050306009.0,14230.0,22997.500205936696,26470.000017616483,43434.61109761177,45679.999050214625,46612.13045304585,48158.09549747346,49704.06054190108,51250.025586328695,52795.99063075631,54341.955675183926,55887.92071961154,57433.88576403916,58979.85080846677,60525.81585289438,71770.0001765887,77617.36857905304,83464.73698151739,89312.10538398175,95159.47378644609,101006.84218891044,106854.21059137478,112701.57899383914,118548.94739630347,124396.31579876783
601050401001.0,9283.599609375,9283.599609375,9847.655848612381,10696.99207667426,12903.241765991905,15178.317962390576,17560.13358623432,18542.92681318461,18895.31705494256,19768.78624491501,20649.273360908082,21529.76047690116,22036.356693679452,22414.639920959475,24212.61326426188,26010.58660756429,27808.559950866704,30506.90060409531,33516.09437078014,36525.28813746497,40336.02102936513,45039.776907752355,51160.88879818386,57704.533278910305,64248.17775963677
601050401002.0,5440.0,5606.007128091418,6732.67854681903,8915.087424921523,10557.866047158139,11767.830008814504,19016.52637405351,22247.937382329575,24962.7389746329,29088.731581497326,31277.57386659815,33466.41615169898,35655.258436799806,36458.18697600798,37558.706077655705,39496.60313509666,42730.01333140228,45963.42352770789,49196.83372401351,49981.85760194875,50533.70167432171,51085.54574669466,63529.745402303786,80913.84724138225,98297.94908046073
601050401003.0,11145.0,11145.0,11145.0,12081.861799711342,13747.393742486009,15412.925685260678,16204.318204090812,16471.227288636295,16738.136373181776,16988.72731038296,17168.60628336704,17348.485256351116,17528.364229335195,18464.82311684316,19653.475397379527,20842.127677915898,21102.735330654996,21149.178815475014,21195.622300295036,22570.518875186477,24135.19440606352,25699.869936940566,28281.24825814082,32169.816142384487,36058.38402662816
601050401004.0,12936.6669921875,15536.128009185792,16075.520006561279,16614.912003936766,17154.304001312255,17693.695998687745,25422.782663320097,27083.695832038917,31148.824386140997,42481.95840435791,42567.25760394287,42652.556803527834,42737.85600311279,42823.15520269775,43552.26622241469,47501.591920433224,52077.36461483563,56653.13730923801,61228.91000364041,65804.68269804282,67817.46881585693,69446.93440792846,71076.40000000001,72705.86559207152,75188.27816992797
601050401005.0,5292.85693359375,5312.039096631555,5449.589249594259,7718.474938143543,9682.12498067692,10348.38790361609,10493.44937952564,10638.510855435192,10783.572331344742,10928.633807254293,11073.695283163843,20628.563571845385,26522.238973447907,28373.954365070967,30225.66975669402,32077.38514831708,33929.10053994014,36314.60713845491,39571.707150781156,42828.8071631074,46085.90717543363,49343.00718775988,55900.250279563195,74084.15016773788,208104.10046981074
601050401006.0,8709.3330078125,12418.072778161535,13815.799929305113,15285.485906235624,15304.448795265798,15323.411684295972,15342.374573326144,15361.337462356318,21944.88125516538,22738.619191945396,23999.276979115803,25259.934766286216,26520.592553456627,27781.250340627037,35645.56927588988,47296.00957891049,93037.0666191101,93787.99995803833,94538.93329696656,95289.86663589478,96040.79997482299,348591.98375114426,630831.4169651032,913070.8501790614,1195310.2833930205
601050401007.0,8016.66650390625,10599.996855478,13784.120973660567,14790.598952434,15408.307601283861,16026.016250133724,21039.880198038787,31537.445798195255,36302.48146107935,38086.63679222865,39890.54793749907,41694.45908276949,43184.51054685652,43848.11668161399,44213.85406227705,44579.591442940124,44924.902352955454,44995.69023308379,45066.47811321213,45137.265993340465,46811.18474628962,49243.535344748205,51675.88594320679,58036.38198429326,124224.20711185754
601050401008.0,11500.0,11500.0,11500.0,11669.09043556762,12619.421186270303,14122.318511189735,17517.89382960342,20120.623797105254,20622.856428539457,20993.064989944727,21085.376659963153,21177.688329981574,21270.0,26250.484184749155,31016.029361237765,31523.09189341915,32297.553421624933,35587.238960144176,38876.92449866342,42166.610037182676,44975.96529354809,47645.088318432725,54556.37254501602,62385.8235270096,70215.2745090032
601050402001.0,6940.0,6940.0,6940.0,6940.0,6940.0,7779.9454446580785,11131.410912399735,12807.083599267688,12977.49121793202,13147.898836596352,13318.306455260685,13488.714073925019,13829.999997615814,14593.1999958992,15356.399994182586,16119.599992465972,16882.799990749358,18840.618135393128,23806.125493145948,24205.223773498285,24604.322053850618,25003.420334202954,25402.51861455529,27842.263516709612,40017.017948543056
601050402002.0,12381.818359375,12435.033916109423,12525.091015625,12615.148115140575,12705.205214656151,12770.085716411046,12819.11428854806,12868.142860685077,12917.171432822091,15271.833384040954,19443.99963454667,22111.666659511477,22932.57145291283,23606.400034077964,24280.228615243093,24954.057196408226,25088.091437450592,25182.628581673758,25277.165725896924,25371.702870120094,31569.033606302888,33237.46783236915,36801.500848233685,51473.00065839287,70294.62526469925
601050402003.0,8362.857421875,11971.158253769932,16679.61531198942,18285.549081547757,19092.3705144758,19899.19194740384,20966.215330299965,23724.57142313159,23926.057138505275,24127.542853878957,24329.028569252638,26248.996877177313,28388.21425290132,30332.7856919729,32277.35713104447,33836.4269191962,34668.162931898456,35864.11829549914,37060.07365909983,38256.02902270052,40015.54460477388,47820.4429298753,56087.14274575273,64338.685647451624,72590.22854915055
601050402004.0,11667.5,11667.5,11793.583333333334,12403.382857142858,14067.451428571429,15731.52,17395.588571428572,19059.657142857144,21246.182765625003,23708.803578125,26171.424390625,28634.045203125002,31096.666015625,32106.13663169643,33115.60724776785,34125.07786383929,35134.548479910714,35822.96334821429,35903.841955357144,35984.7205625,36065.599169642854,36146.477776785716,36550.699609375,40397.86789062494,75399.28929687498
601050402005.0,6034.28564453125,7175.405818271392,8973.038501594325,10770.671184917257,12568.30386824019,13775.39259293874,13791.659259732563,13807.925926526388,13824.192593320211,13851.094757213223,14320.938977246058,16029.014576629455,19028.3330078125,20852.52336600645,22478.41529091843,24104.307215830413,25730.1991407424,27563.24170502006,29737.565377923223,35736.52219400202,42687.400136091135,48299.16779900596,53910.93546192079,59522.70312483559,65254.762904949
601050403001.0,7272.0,8776.10301426187,13730.153456660324,14073.578367196946,14417.00327773357,14760.42818827019,15103.853098806814,15447.278009343436,15792.585772187382,16139.302755641242,16486.019739095103,16832.73672254896,17179.453706002823,17549.418436531792,18204.128403942806,18685.366788183757,20050.585820362332,21752.341605391728,23010.381164702172,23455.03149870631,23899.681832710445,24344.33216671458,24788.982500718717,25233.632834722852,31302.449440013675
601050403002.0,4606.66650390625,4606.66650390625,4804.09204568819,5069.606071275046,5335.120096861901,6595.83127550925,8615.521566514046,10635.211857518843,12686.639864242552,14787.479898181911,15684.17666009034,15887.71333004517,19281.250000000004,22727.92811845964,23367.837785874643,24007.74745328965,24647.65712070465,26583.536191090338,28594.04389151289,30604.551591935444,32299.84358284539,34037.88597357703,46295.63283826933,75742.44398490498,155029.70007830166
601050403004.0,7620.0,7651.512000918143,7914.466676207951,8510.38667308535,9106.306669962747,9702.226666840144,10698.906379934147,12069.849302437948,13440.79222494175,14811.735147445552,17672.582900714486,20166.67629224076,21936.90507202732,23707.133851813876,25477.36263160043,26217.563090431857,29281.63991948591,33864.739949943534,36469.30399824611,37306.03777753421,38142.717773150034,38979.39776876586,39816.077764381684,47224.31985968889,102345.91962897599
601050403005.0,7167.5,9119.445823006465,12933.89573679957,16031.104331896553,17832.304,18634.016,19435.728,20237.44,20883.605333333333,20956.704,21029.802666666666,21102.901333333335,21176.0,22145.63006465517,22357.96634765625,22556.218483072917,22754.470618489584,22952.72275390625,23081.588386314656,24625.6405390625,26648.398236979163,28671.155934895833,30693.913632812502,40980.454776400846,55193.32480064655
601050403006.0,3374.583251953125,3748.5245600482126,5236.789202321825,9048.571680125555,10193.132828888141,10541.716759821344,10890.300690754544,12717.385423109103,15012.880189638416,17308.374956167725,18408.681744481513,19107.731532978974,19806.781321476432,20270.76319074,20651.251000237575,21031.73880973515,22524.52770580407,23662.037898658215,24487.152163805567,26927.605669185188,33460.42416197149,36006.010002020776,38609.46313832142,42517.677882992844,46425.89262766428
601050403007.0,5422.0,9935.273515624998,21560.1784375,21683.9829375,21807.7874375,21931.5919375,22769.9928125,25600.504140625,26641.207140625,27681.910140625,28722.613140625,31136.700000000004,40168.0,42554.77333333334,45115.514749999995,47712.36275,50309.21075,52906.05875,67120.30666666666,72788.8,83406.71999999997,99954.56,116502.40000000001,133050.24,164385.49333333332
601050403008.0,6653.888671875,6720.248288287975,6833.000901665864,6945.753515043753,7057.952764308685,7168.290697516147,7278.62863072361,7388.9665639310715,10019.666436386797,11662.32649870642,13245.623841688328,14828.921184670238,16162.021518353125,17327.598523245975,18493.17552813882,19501.85987891435,20445.942318528236,21565.846666914964,21689.59433814948,21813.342009383996,22474.87402863942,30876.239414414107,33269.301706765735,42864.39831269119,61000.62821477577
601050403009.0,6915.888671875,7273.8857316967005,8620.13106708099,9571.302897344316,10522.474727607641,11473.646557870965,12424.818388134292,13375.990218397616,15451.76369379316,18141.91816348314,20205.44681648178,20294.37721224603,20383.307608010276,20472.23800377452,20561.16839953877,20650.098795303013,22432.41743568333,26968.041656152363,32893.421835826426,33614.69242847106,34335.96302111569,35057.23361376033,35778.50420640497,36499.7747990496,39640.382245358676
601050403010.0,9080.0,9240.404017262255,9668.348699404838,10096.29338154742,10524.238063690003,14126.415892131301,16607.14602696535,16633.143015075726,16659.140003186098,16685.13699129647,17302.68000668138,19914.94711737016,27513.333007812493,35749.787478214595,41533.14993176794,48248.57266759601,51005.543588058536,58393.668783227906,65781.7939783973,73169.91917356668,85500.15608109417,109037.1230889909,138883.65934927925,168730.1956095675,198576.73186985584
601050403011.0,9826.0,9826.0,9826.0,9826.0,9826.0,9826.0,10193.56280960226,12237.370008560452,16666.711123174035,19180.615417479905,20342.076944986602,21503.538472493303,22665.0,23826.4615275067,24987.923055013398,26149.3845825201,30034.666647720343,33241.44451287587,34168.3538522011,34443.130772686345,34717.90769317158,34992.68461365683,35267.46153414207,35542.23845462731,44011.999800872785
601050403012.0,4864.0,13956.239765130453,17798.437459527384,18736.737494702636,19014.99820332173,19428.7262053348,19842.45420734787,20256.18220936094,21242.354756428613,27857.14497803271,31707.8354954092,34655.61959159833,35562.07322100885,36468.526850419374,37374.98047982989,38258.702195919584,39062.86219983237,39867.02220374516,40671.18220765795,41475.34221157074,43211.5822051784,45245.50221507481,47279.42222497123,49313.34223486764,92119.70085685086
601050403013.0,16310.0,17432.428483145577,18339.122340085552,18346.356382729406,18353.59042537326,18496.518078438894,19619.36114520057,20313.53987730472,21007.71860940887,21701.897341513017,21932.952380589075,27495.313964625773,33629.69484056745,44426.505479125975,48955.95716865852,51965.31890850144,54974.68064834435,64060.791292124115,79323.6419931768,89054.87615768808,98786.11032219933,108517.34448671059,110115.21621834651,111337.7016060079,112560.1869936693
601050403014.0,11690.0,15465.713392148433,24184.084164004973,25174.111971984865,25624.543975097655,26074.97597821045,26525.407981323242,26975.839984436036,27865.28438335774,29145.630279705805,30425.976176053868,31706.322072401934,32986.66796875,33986.0762071537,39537.84062592705,45876.27295722996,52214.70528853286,58553.13761983575,69862.16430916425,100315.04744771836,170309.0040479034,194493.669815036,218678.3355821686,242863.0013493011,267047.66711643373
601050403015.0,13282.857421875,13282.857421875,13282.857421875,14266.256831325238,15637.840256346733,17009.42368136823,19006.41739583007,21457.557068257986,23831.55106059135,24071.517020197116,24170.143179318435,24228.23334044871,24286.323501578987,24522.94562844134,25646.250823188217,27339.37623478233,29032.501646376437,31043.744634100727,32304.72711411287,32524.63219728256,32744.537280452256,35139.64749850229,43503.45997528719,64851.4119226723,79195.35265230978
601050404001.0,9472.0,19420.42060065851,19669.084014194766,19917.747427731025,20166.410841267283,20415.07425480354,20851.544511146745,24157.723078172447,24342.044452667236,24687.644451141357,25033.24444961548,25378.8444480896,25724.44444656372,26164.026017095985,26650.816258849165,27137.60650060235,27624.396742355533,28111.186984108714,32608.653837564427,35229.972465454666,37961.476843638535,40692.98122182242,43424.485600006294,46155.98997819016,47944.05535729583
601050404002.0,11645.3330078125,11645.3330078125,11645.3330078125,12497.726032716739,15409.271147240195,18977.961689480726,24376.297926423096,28557.551355247273,28793.192439445094,29342.67575090449,31092.72982810587,32559.999368521076,32727.848533081513,32895.69769764195,33063.54686220238,35479.29041097397,37960.99919379863,42736.65063290717,47651.00544303503,52565.36025316288,56615.46278926392,60355.155811700446,62849.37442104633,64828.02465262779,66806.67488420926
601050404003.0,4916.66650390625,6740.783137618901,11989.571767988957,12468.974700738027,12948.377633487094,13330.741105104596,13439.629728846858,13548.518352589119,14076.110853204797,15219.44430777199,16362.777762339183,18012.750061646104,19467.02989023506,20250.73570185376,23209.552004784586,23656.41843585832,24901.64267420634,26381.310066468308,27860.977458730278,39291.39966129859,42825.176638665995,47286.73502276991,55053.818861434665,62820.902700099396,91982.14016498446
601050404004.0,15990.0,15990.0,16624.938199417593,18114.468947934634,19328.788648250367,20037.655309667116,20978.491902818838,22519.383084983274,23918.630849257548,24768.811224905494,25604.678853764573,26345.881409442205,27087.083965119833,27951.6565889326,28934.586525229337,30379.05316581606,32419.01191269649,34458.97065957691,36023.817538647774,37481.29447667049,40074.443301779254,47364.83891618883,55332.02406870849,68217.21444122508,81102.40481374168
601050404005.0,6574.0,6879.195019169052,8395.325031948421,11039.053895059786,12950.271603732624,14301.211307047204,15652.15101036178,17003.09071367636,17870.63633749439,18450.149236488858,19029.66213548333,19609.175034477797,21142.857421875,24208.23379170368,28994.929339524544,30843.71160740553,32692.49387528652,34541.2761431675,36578.188731029775,40946.281463160674,50715.956348752545,68189.44040801153,92392.45743429397,116595.47446057634,140798.49148685878
601050404006.0,9127.5,14158.524923617395,19174.39998648167,20137.86498320535,23742.424868256603,26237.309080555024,26667.56362724383,27097.818173932636,27528.07272062144,27958.327267310244,28884.181790597184,31721.63634419146,34559.09089778573,37396.54545138001,40234.00000497428,43071.454558568556,46341.07500295267,51991.87497323379,58005.59994217158,66126.73987436356,75146.69157298359,84237.79657065391,93328.90156832422,102420.00656599452,111511.11156366483
601050404007.0,7140.0,7140.0,7140.0,7706.316556106299,9025.141469363938,10744.250008821487,12242.750026464462,15197.500099658966,16795.627552774436,16852.65816458083,16909.68877638722,17078.515308238722,17353.75,17628.984691761278,19142.02036489719,21955.530547345792,24769.040729794393,26618.49973433814,29373.806207523325,38967.447902507774,39199.16796641447,39372.73939365131,39546.31082088815,40942.42423246864,45260.249441105516
601050404008.0,3711.428466796875,7030.45701171875,8280.893000816232,8535.240295592352,8789.58759036847,9043.93488514459,9541.570162760416,15169.21893073694,15435.758371035448,15702.297811333956,15968.837251632463,16235.376691930971,16911.5478515625,18879.222161458336,19983.569451958956,20542.846802705222,21102.124153451492,21661.401504197762,22220.67885494403,22601.39162109375,24965.877444029837,32022.34912313432,39078.820802238806,46135.29248134328,53191.76416044776
601050404009.0,4868.0,8139.019904892516,19840.605439582112,21367.859652595198,22895.11386560828,24422.368078621363,25949.62229163445,28963.983033220644,32069.135526238457,35174.288019256266,38279.44051227407,40436.51606902997,45008.33398437499,49221.3557651714,51013.29067570889,56849.93601356334,71939.94150898774,95757.3839513099,123082.88796613525,150408.39198096062,177733.89599578595,197389.56012773677,211872.5429483834,226355.52576903004,240838.50858967667
601050404010.0,6395.0,8647.812847438581,10080.200607618513,10912.387005196108,11744.573402773702,12576.759800351298,12898.57692208657,12980.961536810948,13063.346151535328,13145.730766259707,15825.358179339362,17277.400557984543,18698.83743776338,20305.438975368736,21912.040512974083,23518.642050579438,24811.95496369255,26008.87135233756,27205.787740982567,28402.704129627575,30071.999869369873,31947.90233928174,36728.536073487834,52033.8043782956,82894.9416403145
601050404011.0,6377.14306640625,7193.545758010877,10381.772669847935,13569.999581684991,16445.358499087342,18361.894331424104,19569.652525522317,20632.795709698574,21649.893466609337,22666.991223520097,25079.097161968723,27959.220420524252,30839.343679079782,31671.53729914597,33434.62728231911,36366.60382851797,37756.27320037421,39145.94257223045,47082.16552479078,75579.16871659696,77149.31920100765,89452.28736508999,120729.07116833267,166861.44270099953,212993.81423366652
601050501001.0,10677.5,10677.5,10677.5,10677.5,11382.896365785513,12295.76222484896,13208.628083912408,14090.285724094936,14327.6693707521,14598.346820906561,14869.024271061022,15139.701721215484,19008.762140498096,24310.857262693142,29443.142875780373,30971.128048539234,31297.103660225373,31623.079271911512,31949.05488359765,39774.628680212845,44744.09354186281,83810.12189467644,86538.65849619746,89267.19509771848,91995.73169923949
601050501002.0,5876.0,5876.0,5876.0,6164.487490174175,7345.912487366795,8527.337484559417,9708.762481752037,10062.399941406245,15104.439996772766,15714.249994405678,17732.178561039116,19750.107127672556,21768.035694305992,22286.511737200115,22488.20201294852,22689.89228869693,23401.90638140105,24180.999993705747,26318.83329988093,29371.833292626197,32424.833285371456,35467.61595302429,37783.359438919084,40978.7859155197,47499.88998335456
601050501003.0,2408.0,2408.0,2408.0,2408.0,2500.135948277853,5246.097362621397,10586.21846398048,12537.466112803555,12914.63958993929,13291.813067075023,13668.986544210758,14554.63995088196,16480.300178458387,16955.289431948422,17430.27868543846,17905.267938928497,18380.257192418536,18685.464802829,19908.063409285496,21130.66201574199,22353.26062219848,23575.859228654976,24583.33238296242,35008.63998297012,86064.69857574871
601050501004.0,12457.77734375,12457.77734375,12457.77734375,12457.77734375,12457.77734375,12793.614890667515,14188.446510836136,14313.860463486162,14439.274416136188,14564.688368786214,14690.10232143624,20349.129969799214,30964.256354671634,34693.275148785215,38422.29394289878,42151.312737012355,45880.331531125936,48969.52317453315,50479.21244078731,54124.8439425804,57770.47544437348,61416.10694616656,65061.73844795965,72024.8999387895,203435.1341478019
601050501005.0,6780.0,7096.0341446691455,7470.22977547681,7844.425406284474,8218.621037092138,8992.52352882668,10000.082557282625,11007.641585738571,12015.200614194518,21936.142536372536,27676.727104642232,28233.985768323262,28791.244432004292,29348.503095685322,29641.671108601888,29717.617774861654,29793.56444112142,29869.511107381186,32245.295605361993,39259.06851892296,41881.511440767266,42156.32666749001,42200.23333392143,42244.14000035286,42288.046666784285
601050501006.0,11950.0,12073.619020488377,12230.95232201985,12388.285623551323,12545.618925082797,12702.95222661427,12860.285528145745,13017.618829677218,13174.95213120869,13332.285432740166,13489.618734271638,20247.500115489962,24738.3330078125,25975.665996665957,47965.59712719733,88844.99970781803,95294.99973857404,101744.99976933002,108194.99980008602,114644.99983084203,121094.99986159801,127544.99989235401,133994.99992311,140444.999953866,146894.999984622
601050501007.0,5457.60009765625,7339.184576523881,9242.969322621653,11146.754068719423,13050.538814817195,14747.12558756705,18165.958217597232,26588.406900962407,31793.399967504105,32357.901704685108,32708.928733464832,33059.95576224456,33410.98279102428,33762.009819804014,33975.20618870812,34135.02673004666,34294.847271385195,34454.667812723725,34614.48835406226,36325.726208766355,37204.14957041589,38082.57293206542,38960.996293714954,39839.41965536449,55958.55835953294
601050501008.0,8027.4287109375,8815.559413268795,10087.822208859794,10925.333259488332,12861.262327638759,15467.653859850856,18074.045392062955,20680.436924275054,23286.82845648715,25893.21998869925,28499.611520911345,31106.003053123444,33712.39458533554,35483.57346651864,36313.5694523131,37143.565438107566,37973.56142390203,38803.5574096965,39633.55339549096,40463.549381285426,41293.54536707989,42123.54135287436,48191.907672751266,65594.40042566368,121823.07088268473
601050501009.0,10578.0,11023.066666591676,11488.666666650364,11954.266666709053,12419.86666676774,14974.639609499056,16224.256410152328,16403.333333251823,16582.41025635132,16761.487179450814,17237.846707136676,18469.774396594843,19701.702086053006,20933.629775511174,21858.424256056864,21916.928352618725,21975.432449180586,22033.936545742446,23549.470191824483,34072.92916169487,93425.63137894818,99806.58333205667,102700.41666575476,105594.24999945285,108488.08333315095
601050502001.0,1580.3333740234375,1580.3333740234375,1580.3333740234375,1580.3333740234375,1580.3333740234375,2040.63457826785,2630.301492001209,3219.968405734568,3809.6353194679277,4808.12640304303,12124.15413324509,17351.099028456574,20224.999999999996,23507.150008747976,25807.240058937336,42681.29060216945,45429.74058517594,47048.59463397876,48667.4486827816,50286.30273158443,52538.76763335562,57045.7081592766,61552.64868519757,66059.58921111854,70566.52973703951
601050502002.0,4117.14306640625,4117.14306640625,4117.14306640625,4117.14306640625,5111.015305878649,13494.108540689067,18455.83445703459,20310.849763897662,20615.163640970466,20919.47751804327,21223.791395116074,21968.911590299213,24067.276146775275,26165.640703251345,28264.005259727404,30362.36981620347,31563.0145167606,32622.665529016995,33682.316541273394,34741.967553529794,38086.04749732814,42891.542200842814,44525.95871488773,59187.046028131736,86838.54381762854
601050502003.0,8755.0,10045.07908118882,11651.592628201113,13258.106175213408,14864.6197222257,15708.64833794678,16336.095624289555,16963.54291063233,17590.990196975108,17960.312614483522,18245.666690646405,18531.02076680929,18816.374842972175,27191.34140901745,31807.41153380257,31837.94086289664,31868.470191990717,31898.999521084792,33199.66292973394,35536.07489586279,36769.22624575428,38002.377595645776,39235.52894553727,43868.91284962528,76508.47765622346
601050502004.0,7881.0,7881.0,7881.0,7881.0,9075.455622504907,12593.877046713533,15133.907589767341,20121.484549903627,26093.841902109325,28158.755508748305,30223.66911538729,32288.582722026273,35952.015625,38673.81225755649,38840.5215863398,39007.2309151231,39173.94024390641,49588.60560956057,62389.46239518492,68693.96600828246,85343.49943547686,131989.2184628868,200009.44175920493,268029.6650555228,336049.88835184096
601050502005.0,5200.0,5200.0,5200.0,5200.0,5736.080618609463,8315.957228038618,10598.272918983612,13200.887949010377,15803.502979037146,18406.11800906391,20613.27951723849,21004.94536856076,21847.842189263607,22075.088565533402,22302.334941803198,22529.581318072997,23365.58058087857,27447.758062405417,32138.403210729502,38974.693559914354,44768.43803277499,51966.11917503467,59163.80031729436,66361.48145955402,76646.45157112037
601050502006.0,17540.0,17540.0,17540.0,17540.0,17540.0,17540.0,19933.600134887696,22980.000155639646,26026.400176391602,29072.80019714355,32119.200217895508,35003.381806697296,35778.726255401045,42501.030162369956,47483.869118156326,48111.36922008708,48738.86932201783,49366.36942394859,49993.869525879345,50621.3696278101,54558.85772825955,60072.00031460847,65468.18183946215,66040.90910367729,91118.36386556702
601050502007.0,9860.0,10452.701778703655,11500.00009765625,12547.298416608844,13594.596735561438,14641.895054514032,15400.784646143138,17092.54925715084,21384.399652679298,24472.952563110022,25129.092726200815,25459.79997367298,26387.452574679726,27473.322059743783,28559.191544807836,29645.06102987189,30730.930514935946,32404.902656024966,39222.6472177848,44364.99781467638,46911.46520978425,49457.93260489213,52004.4,54550.86739510787,80058.18872234711
601050502008.0,4101.323333333334,4696.247777777778,5291.172222222222,5886.096666666666,6481.021111111111,7075.945555555556,9778.69420024671,15722.210526315786,17255.815,17846.788333333334,18437.761666666665,19028.735,19619.708333333332,28644.74947368421,39602.29,43487.64333333333,47372.99666666667,51258.34999999999,55143.70333333333,59029.056666666664,65300.50666666665,72113.7274074074,78926.94814814815,85740.16888888887,92553.38962962962
601050502009.0,4100.0,4100.0,4100.0,4668.347115672257,7435.017720150043,10201.68832462783,12968.358929105618,14622.20007305145,16578.588783686188,17862.6919024381,19146.79502119001,23117.88605832778,24169.705885991094,24318.435298628956,24467.164711266818,25133.59623652878,26178.749381451402,27223.902526374022,28271.059481461987,29323.294584146774,30375.529686831556,31427.764789516343,32298.285556956755,35485.600738372865,48176.3335908635
601050504001.0,4746.39990234375,21564.56402727727,23485.164818590907,25405.765609904545,27326.36640121818,29246.967192531818,30226.381295585095,30453.74669055849,30681.112085531888,30908.47748050528,31135.842875478676,33057.59996231743,34115.0,34321.33381722303,34479.28939740767,34637.24497759232,34795.200557776974,34953.15613796162,37229.52171743479,40313.76338030318,40322.23661969682,40330.70985909046,40339.18309848409,40347.65633787773,62119.53905914637
601050504002.0,4881.66650390625,17769.680813769024,19829.130785270863,23418.60833480259,23544.75833466116,23670.908334519736,23797.05833437831,23923.208334236886,24049.35833409546,24175.508333954036,24750.551366181182,25420.37227452116,26090.19318286114,26760.01409120112,27429.834999541097,28099.65590788108,28644.631513916112,29066.66060435207,29488.68969478803,29910.718785223988,30332.747875659945,30754.776966095902,31219.428565648137,34080.31425946585,39277.38284832506
601050504003.0,7821.4287109375,8101.990956208838,8507.26527240953,8912.539588610223,9317.813904810915,9723.088221011607,10128.362537212299,10610.705252670596,11114.518410037606,11618.331567404613,12122.144724771622,12625.957882138631,13129.77103950564,16082.54261336874,18910.037594242935,19327.431576730607,25037.577552468734,27566.032930410565,28545.086700329357,34171.32675304667,45161.99461612907,56152.66247921151,67143.33034229395,78133.99820537635,89124.66606845878
601050504004.0,6960.0,6960.0,6960.0,6960.0,7410.198643625766,13740.527039867771,26692.113513705364,27142.5783852812,46384.98929417599,54017.612059987405,54746.90019501023,55476.18833003305,56205.47646505588,59499.36718205324,64631.88061818725,69764.39405432128,74896.90749045531,78903.43171307328,82584.90132089307,86266.37092871284,89947.8405365326,92775.18832549905,95575.69679788497,98376.20527027089,213702.6477846104
601050504005.0,21200.0,22148.91798041537,27044.042725383963,33690.13060355628,34665.03595371582,36261.28036001458,38556.78069865146,39747.452685344666,40938.12467203787,42128.79665873107,43319.46864542428,45959.617013015646,49098.87208904285,52238.12716507005,55377.38224109725,58559.916406682336,61823.0630368805,65086.20966707865,68349.35629727681,71612.50292747497,98876.64973658744,181146.3074664611,269767.36247604375,358388.41748562607,447009.47249520867
601050504006.0,5440.0,5440.0,5440.0,5440.0,5440.0,13235.588530543037,16440.62454041686,16749.883015196472,17059.141489976086,17368.3999647557,17677.658439535313,19280.86519521039,30401.6669921875,31196.828847315086,31466.69752564772,31736.566203980357,32006.43488231299,32276.303560645625,36024.102342862585,39295.19336571754,40651.15100423884,41817.6308646808,42984.110725122766,44150.59058556473,50764.65356111163
601050504007.0,16086.400390625,16415.757491341326,17140.81701578072,17865.87654022012,18590.936064659516,19831.97088606755,21483.062311689304,23134.153737311055,24785.24516293281,26275.27850612407,27682.39086266525,29089.503219206435,30496.615575747615,30840.94531284984,35547.10169192402,40315.84297262842,42974.19741385632,47691.472115574,50889.573553592665,51839.66405611959,58017.46865531003,83437.35856635371,129771.44808310983,176105.5375998658,222439.62711662194
601050504008.0,14384.0,14571.187231074653,14884.617019421657,15198.046807768664,15511.476596115668,15824.906384462673,16138.336172809679,17111.282106156872,27628.81971151816,40763.89635603863,48606.099368980766,51613.75935306497,54621.41933714917,57629.07932123337,60636.73930531756,63644.399289401765,66652.05927348597,71190.78242790046,76035.718216381,80880.65400486157,85725.58979334211,90570.52558182266,95415.46137030321,103327.23105580873,138781.23119260967
601050504009.0,8845.0,12613.55,22376.0,29039.46671875,29251.37796875,29463.28921875,29675.20046875,29887.11171875,30862.666171875,53893.2,55358.8,56824.4,58290.0,59755.6,61909.066666666666,64946.933333333334,67984.8,71022.66666666666,74060.53333333333,97405.59750000002,116041.19999999998,131887.6,147734.0,163580.39999999997,179426.8
