grid,dgp,metric,method,mean,standard_error,n,merged_checksum,git_revision
main,D0,mean_quantile_rmse,cwdb_v1,0.10910113757955271,0.00210847595183902,40,a871fd7b6ab72544e1f0f317c16cb18551759b575899188c0bfb1d048f9a4a69,63651f1b650ba00f6a69f98bd79b8b8708ada257
main,D0,mean_quantile_rmse,cwdb_v0,0.12147392768950116,0.0016788449780291129,40,a871fd7b6ab72544e1f0f317c16cb18551759b575899188c0bfb1d048f9a4a69,63651f1b650ba00f6a69f98bd79b8b8708ada257
main,D0,mean_quantile_rmse,wdrft,0.1430220634606969,0.0030912392384162633,40,a871fd7b6ab72544e1f0f317c16cb18551759b575899188c0bfb1d048f9a4a69,63651f1b650ba00f6a69f98bd79b8b8708ada257
main,D0,mean_quantile_rmse,causal_drf,0.15920134760944285,0.006815495396494446,40,a871fd7b6ab72544e1f0f317c16cb18551759b575899188c0bfb1d048f9a4a69,63651f1b650ba00f6a69f98bd79b8b8708ada257
main,D0,mean_quantile_rmse,pta_s,0.054744238836065814,0.0013479863344232769,40,a871fd7b6ab72544e1f0f317c16cb18551759b575899188c0bfb1d048f9a4a69,63651f1b650ba00f6a69f98bd79b8b8708ada257
main,D0,kernel_law_error,cwdb_v1,0.025190154435793578,0.0009822182275694927,40,a871fd7b6ab72544e1f0f317c16cb18551759b575899188c0bfb1d048f9a4a69,63651f1b650ba00f6a69f98bd79b8b8708ada257
main,D0,kernel_law_error,cwdb_v0,0.032136599283747666,0.001211013971268755,40,a871fd7b6ab72544e1f0f317c16cb18551759b575899188c0bfb1d048f9a4a69,63651f1b650ba00f6a69f98bd79b8b8708ada257
main,D0,kernel_law_error,wdrft,0.09642631883625444,0.002955039852994321,40,a871fd7b6ab72544e1f0f317c16cb18551759b575899188c0bfb1d048f9a4a69,63651f1b650ba00f6a69f98bd79b8b8708ada257
main,D0,kernel_law_error,causal_drf,0.16514196479954762,0.00513790727876934,40,a871fd7b6ab72544e1f0f317c16cb18551759b575899188c0bfb1d048f9a4a69,63651f1b650ba00f6a69f98bd79b8b8708ada257
main,D0,arm_energy_risk,cwdb_v1,0.05621686176302002,0.001047912847062902,40,a871fd7b6ab72544e1f0f317c16cb18551759b575899188c0bfb1d048f9a4a69,63651f1b650ba00f6a69f98bd79b8b8708ada257
main,D0,arm_energy_risk,cwdb_v0,0.06251121619370821,0.0012298401564848891,40,a871fd7b6ab72544e1f0f317c16cb18551759b575899188c0bfb1d048f9a4a69,63651f1b650ba00f6a69f98bd79b8b8708ada257
main,D0,arm_energy_risk,wdrft,0.11924730948068825,0.0017206925396529781,40,a871fd7b6ab72544e1f0f317c16cb18551759b575899188c0bfb1d048f9a4a69,63651f1b650ba00f6a69f98bd79b8b8708ada257
main,D0,arm_energy_risk,causal_drf,0.1651057361906277,0.0035676088009219693,40,a871fd7b6ab72544e1f0f317c16cb18551759b575899188c0bfb1d048f9a4a69,63651f1b650ba00f6a69f98bd79b8b8708ada257
main,D0,tcate_functional_rmse,cwdb_v1,0.04757577667275088,0.0012647099530644825,40,a871fd7b6ab72544e1f0f317c16cb18551759b575899188c0bfb1d048f9a4a69,63651f1b650ba00f6a69f98bd79b8b8708ada257
main,D0,tcate_functional_rmse,cwdb_v0,0.03652009739796748,0.0012537165581612054,40,a871fd7b6ab72544e1f0f317c16cb18551759b575899188c0bfb1d048f9a4a69,63651f1b650ba00f6a69f98bd79b8b8708ada257
main,D0,tcate_functional_rmse,wdrft,0.03653576450012391,0.0017243559826191253,40,a871fd7b6ab72544e1f0f317c16cb18551759b575899188c0bfb1d048f9a4a69,63651f1b650ba00f6a69f98bd79b8b8708ada257
main,D0,tcate_functional_rmse,causal_drf,0.061764532959890074,0.003775459595501389,40,a871fd7b6ab72544e1f0f317c16cb18551759b575899188c0bfb1d048f9a4a69,63651f1b650ba00f6a69f98bd79b8b8708ada257
main,D0,tcate_functional_rmse,pta_s,0.0061838914991836445,0.00044931111834885105,40,a871fd7b6ab72544e1f0f317c16cb18551759b575899188c0bfb1d048f9a4a69,63651f1b650ba00f6a69f98bd79b8b8708ada257
main,D0,reference_tcate_rmse,cwdb_v1,0.057495073826424645,0.0016409484595207744,40,a871fd7b6ab72544e1f0f317c16cb18551759b575899188c0bfb1d048f9a4a69,63651f1b650ba00f6a69f98bd79b8b8708ada257
main,D0,reference_tcate_rmse,cwdb_v0,0.03595503754228879,0.0016315482520124869,40,a871fd7b6ab72544e1f0f317c16cb18551759b575899188c0bfb1d048f9a4a69,63651f1b650ba00f6a69f98bd79b8b8708ada257
main,D0,reference_tcate_rmse,wdrft,0.06574981938638083,0.0027424094857066562,40,a871fd7b6ab72544e1f0f317c16cb18551759b575899188c0bfb1d048f9a4a69,63651f1b650ba00f6a69f98bd79b8b8708ada257
main,D0,reference_tcate_rmse,causal_drf,0.07053052863850322,0.004766267941007144,40,a871fd7b6ab72544e1f0f317c16cb18551759b575899188c0bfb1d048f9a4a69,63651f1b650ba00f6a69f98bd79b8b8708ada257
main,D0,reference_tcate_rmse,pta_s,0.015849631259526733,0.0012213048533902529,40,a871fd7b6ab72544e1f0f317c16cb18551759b575899188c0bfb1d048f9a4a69,63651f1b650ba00f6a69f98bd79b8b8708ada257
main,D0,reference_effect_rmse,cwdb_v1,0.042111998979010704,0.0016686128315541444,40,a871fd7b6ab72544e1f0f317c16cb18551759b575899188c0bfb1d048f9a4a69,63651f1b650ba00f6a69f98bd79b8b8708ada257
main,D0,reference_effect_rmse,cwdb_v0,0.026669667911396633,0.0017586616348584812,40,a871fd7b6ab72544e1f0f317c16cb18551759b575899188c0bfb1d048f9a4a69,63651f1b650ba00f6a69f98bd79b8b8708ada257
main,D0,reference_effect_rmse,wdrft,0.00912542592938178,0.0012058197557390253,40,a871fd7b6ab72544e1f0f317c16cb18551759b575899188c0bfb1d048f9a4a69,63651f1b650ba00f6a69f98bd79b8b8708ada257
main,D0,reference_effect_rmse,causal_drf,0.013021605024109522,0.0014861621117397774,40,a871fd7b6ab72544e1f0f317c16cb18551759b575899188c0bfb1d048f9a4a69,63651f1b650ba00f6a69f98bd79b8b8708ada257
main,D0,reference_effect_rmse,pta_s,0.005768102208869934,0.0007689235489230339,40,a871fd7b6ab72544e1f0f317c16cb18551759b575899188c0bfb1d048f9a4a69,63651f1b650ba00f6a69f98bd79b8b8708ada257
main,D0,tail_calibration,cwdb_v1,0.07161875,0.0019000672116148535,40,a871fd7b6ab72544e1f0f317c16cb18551759b575899188c0bfb1d048f9a4a69,63651f1b650ba00f6a69f98bd79b8b8708ada257
main,D0,tail_calibration,cwdb_v0,0.07125000000000001,0.0020820508873310222,40,a871fd7b6ab72544e1f0f317c16cb18551759b575899188c0bfb1d048f9a4a69,63651f1b650ba00f6a69f98bd79b8b8708ada257
main,D0,tail_calibration,wdrft,0.1435314546736695,0.0031652901841056555,40,a871fd7b6ab72544e1f0f317c16cb18551759b575899188c0bfb1d048f9a4a69,63651f1b650ba00f6a69f98bd79b8b8708ada257
main,D0,tail_calibration,causal_drf,0.2089739046876539,0.003386078294827203,40,a871fd7b6ab72544e1f0f317c16cb18551759b575899188c0bfb1d048f9a4a69,63651f1b650ba00f6a69f98bd79b8b8708ada257
main,D0,mode_coverage,cwdb_v1,1.0,0.0,40,a871fd7b6ab72544e1f0f317c16cb18551759b575899188c0bfb1d048f9a4a69,63651f1b650ba00f6a69f98bd79b8b8708ada257
main,D0,mode_coverage,cwdb_v0,1.0,0.0,40,a871fd7b6ab72544e1f0f317c16cb18551759b575899188c0bfb1d048f9a4a69,63651f1b650ba00f6a69f98bd79b8b8708ada257
main,D0,mode_coverage,wdrft,1.0,0.0,40,a871fd7b6ab72544e1f0f317c16cb18551759b575899188c0bfb1d048f9a4a69,63651f1b650ba00f6a69f98bd79b8b8708ada257
main,D0,mode_coverage,causal_drf,1.0,0.0,40,a871fd7b6ab72544e1f0f317c16cb18551759b575899188c0bfb1d048f9a4a69,63651f1b650ba00f6a69f98bd79b8b8708ada257
main,D0,barycenter_rmse,cwdb_v1,0.10272805883986988,0.0016068139880085796,40,a871fd7b6ab72544e1f0f317c16cb18551759b575899188c0bfb1d048f9a4a69,63651f1b650ba00f6a69f98bd79b8b8708ada257
main,D0,barycenter_rmse,cwdb_v0,0.11228936916904213,0.0018033896441861004,40,a871fd7b6ab72544e1f0f317c16cb18551759b575899188c0bfb1d048f9a4a69,63651f1b650ba00f6a69f98bd79b8b8708ada257
main,D0,barycenter_rmse,wdrft,0.18965574428538373,0.0024685724147319025,40,a871fd7b6ab72544e1f0f317c16cb18551759b575899188c0bfb1d048f9a4a69,63651f1b650ba00f6a69f98bd79b8b8708ada257
main,D0,barycenter_rmse,causal_drf,0.28585980286288654,0.007799869597733042,40,a871fd7b6ab72544e1f0f317c16cb18551759b575899188c0bfb1d048f9a4a69,63651f1b650ba00f6a69f98bd79b8b8708ada257
main,D0,barycenter_rmse,pta_s,0.05439048519013943,0.0013693549212137092,40,a871fd7b6ab72544e1f0f317c16cb18551759b575899188c0bfb1d048f9a4a69,63651f1b650ba00f6a69f98bd79b8b8708ada257
main,D1,mean_quantile_rmse,cwdb_v1,0.18993759274801542,0.00419888926964312,40,a871fd7b6ab72544e1f0f317c16cb18551759b575899188c0bfb1d048f9a4a69,63651f1b650ba00f6a69f98bd79b8b8708ada257
main,D1,mean_quantile_rmse,cwdb_v0,0.31040913622645905,0.005017973102080618,40,a871fd7b6ab72544e1f0f317c16cb18551759b575899188c0bfb1d048f9a4a69,63651f1b650ba00f6a69f98bd79b8b8708ada257
main,D1,mean_quantile_rmse,wdrft,0.16996281339385094,0.003822999278582594,40,a871fd7b6ab72544e1f0f317c16cb18551759b575899188c0bfb1d048f9a4a69,63651f1b650ba00f6a69f98bd79b8b8708ada257
main,D1,mean_quantile_rmse,causal_drf,0.18025639484372044,0.006495498786780233,40,a871fd7b6ab72544e1f0f317c16cb18551759b575899188c0bfb1d048f9a4a69,63651f1b650ba00f6a69f98bd79b8b8708ada257
main,D1,mean_quantile_rmse,pta_s,0.14268652166979204,0.003008818064172531,40,a871fd7b6ab72544e1f0f317c16cb18551759b575899188c0bfb1d048f9a4a69,63651f1b650ba00f6a69f98bd79b8b8708ada257
main,D1,kernel_law_error,cwdb_v1,0.013264641772180188,0.00047928388551666016,40,a871fd7b6ab72544e1f0f317c16cb18551759b575899188c0bfb1d048f9a4a69,63651f1b650ba00f6a69f98bd79b8b8708ada257
main,D1,kernel_law_error,cwdb_v0,0.016447998967124546,0.000528568487957857,40,a871fd7b6ab72544e1f0f317c16cb18551759b575899188c0bfb1d048f9a4a69,63651f1b650ba00f6a69f98bd79b8b8708ada257
main,D1,kernel_law_error,wdrft,0.01234248216143961,0.0003121950540534984,40,a871fd7b6ab72544e1f0f317c16cb18551759b575899188c0bfb1d048f9a4a69,63651f1b650ba00f6a69f98bd79b8b8708ada257
main,D1,kernel_law_error,causal_drf,0.02344743770253919,0.0010317165208241102,40,a871fd7b6ab72544e1f0f317c16cb18551759b575899188c0bfb1d048f9a4a69,63651f1b650ba00f6a69f98bd79b8b8708ada257
main,D1,arm_energy_risk,cwdb_v1,0.062429414958839094,0.001966098368436328,40,a871fd7b6ab72544e1f0f317c16cb18551759b575899188c0bfb1d048f9a4a69,63651f1b650ba00f6a69f98bd79b8b8708ada257
main,D1,arm_energy_risk,cwdb_v0,0.07824179526561012,0.0019466282945709609,40,a871fd7b6ab72544e1f0f317c16cb18551759b575899188c0bfb1d048f9a4a69,63651f1b650ba00f6a69f98bd79b8b8708ada257
main,D1,arm_energy_risk,wdrft,0.03602764749197111,0.0008400125779542064,40,a871fd7b6ab72544e1f0f317c16cb18551759b575899188c0bfb1d048f9a4a69,63651f1b650ba00f6a69f98bd79b8b8708ada257
main,D1,arm_energy_risk,causal_drf,0.06037739080553034,0.002160967260103759,40,a871fd7b6ab72544e1f0f317c16cb18551759b575899188c0bfb1d048f9a4a69,63651f1b650ba00f6a69f98bd79b8b8708ada257
main,D1,tcate_functional_rmse,cwdb_v1,0.06462917090990324,0.002406956819670564,40,a871fd7b6ab72544e1f0f317c16cb18551759b575899188c0bfb1d048f9a4a69,63651f1b650ba00f6a69f98bd79b8b8708ada257
main,D1,tcate_functional_rmse,cwdb_v0,0.05140274757396899,0.002351469394051974,40,a871fd7b6ab72544e1f0f317c16cb18551759b575899188c0bfb1d048f9a4a69,63651f1b650ba00f6a69f98bd79b8b8708ada257
main,D1,tcate_functional_rmse,wdrft,0.05327285296057831,0.0024800723015275584,40,a871fd7b6ab72544e1f0f317c16cb18551759b575899188c0bfb1d048f9a4a69,63651f1b650ba00f6a69f98bd79b8b8708ada257
main,D1,tcate_functional_rmse,causal_drf,0.07228734167540832,0.003707069675491512,40,a871fd7b6ab72544e1f0f317c16cb18551759b575899188c0bfb1d048f9a4a69,63651f1b650ba00f6a69f98bd79b8b8708ada257
main,D1,tcate_functional_rmse,pta_s,0.03980590267558939,0.0020299708685269165,40,a871fd7b6ab72544e1f0f317c16cb18551759b575899188c0bfb1d048f9a4a69,63651f1b650ba00f6a69f98bd79b8b8708ada257
main,D1,reference_tcate_rmse,cwdb_v1,0.05617028152888644,0.003208903783503568,40,a871fd7b6ab72544e1f0f317c16cb18551759b575899188c0bfb1d048f9a4a69,63651f1b650ba00f6a69f98bd79b8b8708ada257
main,D1,reference_tcate_rmse,cwdb_v0,0.05061741500940109,0.0033897923924453037,40,a871fd7b6ab72544e1f0f317c16cb18551759b575899188c0bfb1d048f9a4a69,63651f1b650ba00f6a69f98bd79b8b8708ada257
main,D1,reference_tcate_rmse,wdrft,0.0765793723187933,0.003777859192750478,40,a871fd7b6ab72544e1f0f317c16cb18551759b575899188c0bfb1d048f9a4a69,63651f1b650ba00f6a69f98bd79b8b8708ada257
main,D1,reference_tcate_rmse,causal_drf,0.08037881573333801,0.004414234229674304,40,a871fd7b6ab72544e1f0f317c16cb18551759b575899188c0bfb1d048f9a4a69,63651f1b650ba00f6a69f98bd79b8b8708ada257
main,D1,reference_tcate_rmse,pta_s,0.05780566422539657,0.003857324374124368,40,a871fd7b6ab72544e1f0f317c16cb18551759b575899188c0bfb1d048f9a4a69,63651f1b650ba00f6a69f98bd79b8b8708ada257
main,D1,reference_effect_rmse,cwdb_v1,0.026896138372713086,0.0035210701449072805,40,a871fd7b6ab72544e1f0f317c16cb18551759b575899188c0bfb1d048f9a4a69,63651f1b650ba00f6a69f98bd79b8b8708ada257
main,D1,reference_effect_rmse,cwdb_v0,0.027884970494271855,0.0036902564076301755,40,a871fd7b6ab72544e1f0f317c16cb18551759b575899188c0bfb1d048f9a4a69,63651f1b650ba00f6a69f98bd79b8b8708ada257
main,D1,reference_effect_rmse,wdrft,0.02053685728451931,0.0029824297569227545,40,a871fd7b6ab72544e1f0f317c16cb18551759b575899188c0bfb1d048f9a4a69,63651f1b650ba00f6a69f98bd79b8b8708ada257
main,D1,reference_effect_rmse,causal_drf,0.02027145566645788,0.0030431440084096903,40,a871fd7b6ab72544e1f0f317c16cb18551759b575899188c0bfb1d048f9a4a69,63651f1b650ba00f6a69f98bd79b8b8708ada257
main,D1,reference_effect_rmse,pta_s,0.018841247379365204,0.002944539807270074,40,a871fd7b6ab72544e1f0f317c16cb18551759b575899188c0bfb1d048f9a4a69,63651f1b650ba00f6a69f98bd79b8b8708ada257
main,D1,tail_calibration,cwdb_v1,0.1065341715282317,0.002424454544224351,40,a871fd7b6ab72544e1f0f317c16cb18551759b575899188c0bfb1d048f9a4a69,63651f1b650ba00f6a69f98bd79b8b8708ada257
main,D1,tail_calibration,cwdb_v0,0.1205505869870109,0.002185742809316396,40,a871fd7b6ab72544e1f0f317c16cb18551759b575899188c0bfb1d048f9a4a69,63651f1b650ba00f6a69f98bd79b8b8708ada257
main,D1,tail_calibration,wdrft,0.08329712905090333,0.0016274991900603328,40,a871fd7b6ab72544e1f0f317c16cb18551759b575899188c0bfb1d048f9a4a69,63651f1b650ba00f6a69f98bd79b8b8708ada257
main,D1,tail_calibration,causal_drf,0.12036815427467891,0.0024136760276021723,40,a871fd7b6ab72544e1f0f317c16cb18551759b575899188c0bfb1d048f9a4a69,63651f1b650ba00f6a69f98bd79b8b8708ada257
main,D1,mode_coverage,cwdb_v1,1.0,0.0,40,a871fd7b6ab72544e1f0f317c16cb18551759b575899188c0bfb1d048f9a4a69,63651f1b650ba00f6a69f98bd79b8b8708ada257
main,D1,mode_coverage,cwdb_v0,1.0,0.0,40,a871fd7b6ab72544e1f0f317c16cb18551759b575899188c0bfb1d048f9a4a69,63651f1b650ba00f6a69f98bd79b8b8708ada257
main,D1,mode_coverage,wdrft,1.0,0.0,40,a871fd7b6ab72544e1f0f317c16cb18551759b575899188c0bfb1d048f9a4a69,63651f1b650ba00f6a69f98bd79b8b8708ada257
main,D1,mode_coverage,causal_drf,1.0,0.0,40,a871fd7b6ab72544e1f0f317c16cb18551759b575899188c0bfb1d048f9a4a69,63651f1b650ba00f6a69f98bd79b8b8708ada257
main,D1,barycenter_rmse,cwdb_v1,0.21238691547807384,0.003760978642979399,40,a871fd7b6ab72544e1f0f317c16cb18551759b575899188c0bfb1d048f9a4a69,63651f1b650ba00f6a69f98bd79b8b8708ada257
main,D1,barycenter_rmse,cwdb_v0,0.23652044989896606,0.0035691447797491106,40,a871fd7b6ab72544e1f0f317c16cb18551759b575899188c0bfb1d048f9a4a69,63651f1b650ba00f6a69f98bd79b8b8708ada257
main,D1,barycenter_rmse,wdrft,0.208585991973117,0.0026191964041590663,40,a871fd7b6ab72544e1f0f317c16cb18551759b575899188c0bfb1d048f9a4a69,63651f1b650ba00f6a69f98bd79b8b8708ada257
main,D1,barycenter_rmse,causal_drf,0.2946611909644675,0.006917953544214179,40,a871fd7b6ab72544e1f0f317c16cb18551759b575899188c0bfb1d048f9a4a69,63651f1b650ba00f6a69f98bd79b8b8708ada257
main,D1,barycenter_rmse,pta_s,0.1497133790253849,0.0028253454242186775,40,a871fd7b6ab72544e1f0f317c16cb18551759b575899188c0bfb1d048f9a4a69,63651f1b650ba00f6a69f98bd79b8b8708ada257
main,D2,mean_quantile_rmse,cwdb_v1,0.14663776109532134,0.0037616588217291294,40,a871fd7b6ab72544e1f0f317c16cb18551759b575899188c0bfb1d048f9a4a69,63651f1b650ba00f6a69f98bd79b8b8708ada257
main,D2,mean_quantile_rmse,cwdb_v0,0.3076824111095956,0.005581198133804777,40,a871fd7b6ab72544e1f0f317c16cb18551759b575899188c0bfb1d048f9a4a69,63651f1b650ba00f6a69f98bd79b8b8708ada257
main,D2,mean_quantile_rmse,wdrft,0.09758249282782955,0.003453892623546696,40,a871fd7b6ab72544e1f0f317c16cb18551759b575899188c0bfb1d048f9a4a69,63651f1b650ba00f6a69f98bd79b8b8708ada257
main,D2,mean_quantile_rmse,causal_drf,0.10981166948431804,0.004798155101063371,40,a871fd7b6ab72544e1f0f317c16cb18551759b575899188c0bfb1d048f9a4a69,63651f1b650ba00f6a69f98bd79b8b8708ada257
main,D2,mean_quantile_rmse,pta_s,0.054504210911322,0.0029540049117271136,40,a871fd7b6ab72544e1f0f317c16cb18551759b575899188c0bfb1d048f9a4a69,63651f1b650ba00f6a69f98bd79b8b8708ada257
main,D2,kernel_law_error,cwdb_v1,0.01268259548385775,0.00046275846394861533,40,a871fd7b6ab72544e1f0f317c16cb18551759b575899188c0bfb1d048f9a4a69,63651f1b650ba00f6a69f98bd79b8b8708ada257
main,D2,kernel_law_error,cwdb_v0,0.01738659295724379,0.0005920650326702239,40,a871fd7b6ab72544e1f0f317c16cb18551759b575899188c0bfb1d048f9a4a69,63651f1b650ba00f6a69f98bd79b8b8708ada257
main,D2,kernel_law_error,wdrft,0.012463029732515894,0.00027431301195979073,40,a871fd7b6ab72544e1f0f317c16cb18551759b575899188c0bfb1d048f9a4a69,63651f1b650ba00f6a69f98bd79b8b8708ada257
main,D2,kernel_law_error,causal_drf,0.03442343594360364,0.0007291224258218468,40,a871fd7b6ab72544e1f0f317c16cb18551759b575899188c0bfb1d048f9a4a69,63651f1b650ba00f6a69f98bd79b8b8708ada257
main,D2,arm_energy_risk,cwdb_v1,0.058469296988103034,0.0019383073774072478,40,a871fd7b6ab72544e1f0f317c16cb18551759b575899188c0bfb1d048f9a4a69,63651f1b650ba00f6a69f98bd79b8b8708ada257
main,D2,arm_energy_risk,cwdb_v0,0.07807895664134765,0.002168563212666195,40,a871fd7b6ab72544e1f0f317c16cb18551759b575899188c0bfb1d048f9a4a69,63651f1b650ba00f6a69f98bd79b8b8708ada257
main,D2,arm_energy_risk,wdrft,0.03270039500288395,0.0006553687765082028,40,a871fd7b6ab72544e1f0f317c16cb18551759b575899188c0bfb1d048f9a4a69,63651f1b650ba00f6a69f98bd79b8b8708ada257
main,D2,arm_energy_risk,causal_drf,0.07715099698583536,0.001416729511899003,40,a871fd7b6ab72544e1f0f317c16cb18551759b575899188c0bfb1d048f9a4a69,63651f1b650ba00f6a69f98bd79b8b8708ada257
main,D2,tcate_functional_rmse,cwdb_v1,0.03432903737587485,0.0018752809458058364,40,a871fd7b6ab72544e1f0f317c16cb18551759b575899188c0bfb1d048f9a4a69,63651f1b650ba00f6a69f98bd79b8b8708ada257
main,D2,tcate_functional_rmse,cwdb_v0,0.04216258191199642,0.002554353000272713,40,a871fd7b6ab72544e1f0f317c16cb18551759b575899188c0bfb1d048f9a4a69,63651f1b650ba00f6a69f98bd79b8b8708ada257
main,D2,tcate_functional_rmse,wdrft,0.03220675635299954,0.0021007618177442044,40,a871fd7b6ab72544e1f0f317c16cb18551759b575899188c0bfb1d048f9a4a69,63651f1b650ba00f6a69f98bd79b8b8708ada257
main,D2,tcate_functional_rmse,causal_drf,0.052223392033816284,0.0028163231973140396,40,a871fd7b6ab72544e1f0f317c16cb18551759b575899188c0bfb1d048f9a4a69,63651f1b650ba00f6a69f98bd79b8b8708ada257
main,D2,tcate_functional_rmse,pta_s,0.024586500695382964,0.0016503778898046067,40,a871fd7b6ab72544e1f0f317c16cb18551759b575899188c0bfb1d048f9a4a69,63651f1b650ba00f6a69f98bd79b8b8708ada257
main,D2,reference_tcate_rmse,cwdb_v1,0.03283328650665159,0.002362831553385763,40,a871fd7b6ab72544e1f0f317c16cb18551759b575899188c0bfb1d048f9a4a69,63651f1b650ba00f6a69f98bd79b8b8708ada257
main,D2,reference_tcate_rmse,cwdb_v0,0.043097873255475,0.0022479155348565016,40,a871fd7b6ab72544e1f0f317c16cb18551759b575899188c0bfb1d048f9a4a69,63651f1b650ba00f6a69f98bd79b8b8708ada257
main,D2,reference_tcate_rmse,wdrft,0.035009006180177694,0.002998170532739335,40,a871fd7b6ab72544e1f0f317c16cb18551759b575899188c0bfb1d048f9a4a69,63651f1b650ba00f6a69f98bd79b8b8708ada257
main,D2,reference_tcate_rmse,causal_drf,0.021933115514794883,0.002740266565959308,40,a871fd7b6ab72544e1f0f317c16cb18551759b575899188c0bfb1d048f9a4a69,63651f1b650ba00f6a69f98bd79b8b8708ada257
main,D2,reference_tcate_rmse,pta_s,0.023227783517534115,0.0023821022315505197,40,a871fd7b6ab72544e1f0f317c16cb18551759b575899188c0bfb1d048f9a4a69,63651f1b650ba00f6a69f98bd79b8b8708ada257
main,D2,reference_effect_rmse,cwdb_v1,0.020518194956263114,0.002746901261017102,40,a871fd7b6ab72544e1f0f317c16cb18551759b575899188c0bfb1d048f9a4a69,63651f1b650ba00f6a69f98bd79b8b8708ada257
main,D2,reference_effect_rmse,cwdb_v0,0.024748124601154886,0.0023447838342046685,40,a871fd7b6ab72544e1f0f317c16cb18551759b575899188c0bfb1d048f9a4a69,63651f1b650ba00f6a69f98bd79b8b8708ada257
main,D2,reference_effect_rmse,wdrft,0.018073142033095558,0.0029028816790453555,40,a871fd7b6ab72544e1f0f317c16cb18551759b575899188c0bfb1d048f9a4a69,63651f1b650ba00f6a69f98bd79b8b8708ada257
main,D2,reference_effect_rmse,causal_drf,0.017425616198734582,0.0029747968782190587,40,a871fd7b6ab72544e1f0f317c16cb18551759b575899188c0bfb1d048f9a4a69,63651f1b650ba00f6a69f98bd79b8b8708ada257
main,D2,reference_effect_rmse,pta_s,0.016770167618432048,0.0025960734434802056,40,a871fd7b6ab72544e1f0f317c16cb18551759b575899188c0bfb1d048f9a4a69,63651f1b650ba00f6a69f98bd79b8b8708ada257
main,D2,tail_calibration,cwdb_v1,0.1174466380831507,0.0021886433265135507,40,a871fd7b6ab72544e1f0f317c16cb18551759b575899188c0bfb1d048f9a4a69,63651f1b650ba00f6a69f98bd79b8b8708ada257
main,D2,tail_calibration,cwdb_v0,0.13652171788274248,0.002233464261387474,40,a871fd7b6ab72544e1f0f317c16cb18551759b575899188c0bfb1d048f9a4a69,63651f1b650ba00f6a69f98bd79b8b8708ada257
main,D2,tail_calibration,wdrft,0.079636131532719,0.0011452217542838523,40,a871fd7b6ab72544e1f0f317c16cb18551759b575899188c0bfb1d048f9a4a69,63651f1b650ba00f6a69f98bd79b8b8708ada257
main,D2,tail_calibration,causal_drf,0.13895931822388005,0.0014648123810290451,40,a871fd7b6ab72544e1f0f317c16cb18551759b575899188c0bfb1d048f9a4a69,63651f1b650ba00f6a69f98bd79b8b8708ada257
main,D2,mode_coverage,cwdb_v1,1.0,0.0,40,a871fd7b6ab72544e1f0f317c16cb18551759b575899188c0bfb1d048f9a4a69,63651f1b650ba00f6a69f98bd79b8b8708ada257
main,D2,mode_coverage,cwdb_v0,1.0,0.0,40,a871fd7b6ab72544e1f0f317c16cb18551759b575899188c0bfb1d048f9a4a69,63651f1b650ba00f6a69f98bd79b8b8708ada257
main,D2,mode_coverage,wdrft,1.0,0.0,40,a871fd7b6ab72544e1f0f317c16cb18551759b575899188c0bfb1d048f9a4a69,63651f1b650ba00f6a69f98bd79b8b8708ada257
main,D2,mode_coverage,causal_drf,1.0,0.0,40,a871fd7b6ab72544e1f0f317c16cb18551759b575899188c0bfb1d048f9a4a69,63651f1b650ba00f6a69f98bd79b8b8708ada257
main,D2,barycenter_rmse,cwdb_v1,0.19737993137155135,0.0037045917505502293,40,a871fd7b6ab72544e1f0f317c16cb18551759b575899188c0bfb1d048f9a4a69,63651f1b650ba00f6a69f98bd79b8b8708ada257
main,D2,barycenter_rmse,cwdb_v0,0.23163094317866628,0.003835029592831717,40,a871fd7b6ab72544e1f0f317c16cb18551759b575899188c0bfb1d048f9a4a69,63651f1b650ba00f6a69f98bd79b8b8708ada257
main,D2,barycenter_rmse,wdrft,0.20400414876063194,0.002169176755622851,40,a871fd7b6ab72544e1f0f317c16cb18551759b575899188c0bfb1d048f9a4a69,63651f1b650ba00f6a69f98bd79b8b8708ada257
main,D2,barycenter_rmse,causal_drf,0.35051731321181606,0.00335540184843223,40,a871fd7b6ab72544e1f0f317c16cb18551759b575899188c0bfb1d048f9a4a69,63651f1b650ba00f6a69f98bd79b8b8708ada257
main,D2,barycenter_rmse,pta_s,0.13160284391010615,0.002660094091131868,40,a871fd7b6ab72544e1f0f317c16cb18551759b575899188c0bfb1d048f9a4a69,63651f1b650ba00f6a69f98bd79b8b8708ada257
main,D3,mean_quantile_rmse,cwdb_v1,0.2890814149945933,0.005845239372346544,40,a871fd7b6ab72544e1f0f317c16cb18551759b575899188c0bfb1d048f9a4a69,63651f1b650ba00f6a69f98bd79b8b8708ada257
main,D3,mean_quantile_rmse,cwdb_v0,0.3219117393406644,0.005277886882831752,40,a871fd7b6ab72544e1f0f317c16cb18551759b575899188c0bfb1d048f9a4a69,63651f1b650ba00f6a69f98bd79b8b8708ada257
main,D3,mean_quantile_rmse,wdrft,0.3302014010240514,0.006300498446697709,40,a871fd7b6ab72544e1f0f317c16cb18551759b575899188c0bfb1d048f9a4a69,63651f1b650ba00f6a69f98bd79b8b8708ada257
main,D3,mean_quantile_rmse,causal_drf,0.42529957541340063,0.005013550133885001,40,a871fd7b6ab72544e1f0f317c16cb18551759b575899188c0bfb1d048f9a4a69,63651f1b650ba00f6a69f98bd79b8b8708ada257
main,D3,mean_quantile_rmse,pta_s,0.2946728963857022,0.005786951850213647,40,a871fd7b6ab72544e1f0f317c16cb18551759b575899188c0bfb1d048f9a4a69,63651f1b650ba00f6a69f98bd79b8b8708ada257
main,D3,kernel_law_error,cwdb_v1,0.01648210292376806,0.000557966754721842,40,a871fd7b6ab72544e1f0f317c16cb18551759b575899188c0bfb1d048f9a4a69,63651f1b650ba00f6a69f98bd79b8b8708ada257
main,D3,kernel_law_error,cwdb_v0,0.01604245405321781,0.00047518181516602477,40,a871fd7b6ab72544e1f0f317c16cb18551759b575899188c0bfb1d048f9a4a69,63651f1b650ba00f6a69f98bd79b8b8708ada257
main,D3,kernel_law_error,wdrft,0.01584546824514107,0.0005684494701626753,40,a871fd7b6ab72544e1f0f317c16cb18551759b575899188c0bfb1d048f9a4a69,63651f1b650ba00f6a69f98bd79b8b8708ada257
main,D3,kernel_law_error,causal_drf,0.025423426713661747,0.0005505286347831731,40,a871fd7b6ab72544e1f0f317c16cb18551759b575899188c0bfb1d048f9a4a69,63651f1b650ba00f6a69f98bd79b8b8708ada257
main,D3,arm_energy_risk,cwdb_v1,0.06839428227299085,0.002044536932667652,40,a871fd7b6ab72544e1f0f317c16cb18551759b575899188c0bfb1d048f9a4a69,63651f1b650ba00f6a69f98bd79b8b8708ada257
main,D3,arm_energy_risk,cwdb_v0,0.07617658249480572,0.001847024890237071,40,a871fd7b6ab72544e1f0f317c16cb18551759b575899188c0bfb1d048f9a4a69,63651f1b650ba00f6a69f98bd79b8b8708ada257
main,D3,arm_energy_risk,wdrft,0.04211418048150199,0.0013501157015493423,40,a871fd7b6ab72544e1f0f317c16cb18551759b575899188c0bfb1d048f9a4a69,63651f1b650ba00f6a69f98bd79b8b8708ada257
main,D3,arm_energy_risk,causal_drf,0.06442696452111205,0.001228584180079162,40,a871fd7b6ab72544e1f0f317c16cb18551759b575899188c0bfb1d048f9a4a69,63651f1b650ba00f6a69f98bd79b8b8708ada257
main,D3,tcate_functional_rmse,cwdb_v1,0.06925325988119978,0.002623653340961964,40,a871fd7b6ab72544e1f0f317c16cb18551759b575899188c0bfb1d048f9a4a69,63651f1b650ba00f6a69f98bd79b8b8708ada257
main,D3,tcate_functional_rmse,cwdb_v0,0.048956684066029904,0.0019571052648061963,40,a871fd7b6ab72544e1f0f317c16cb18551759b575899188c0bfb1d048f9a4a69,63651f1b650ba00f6a69f98bd79b8b8708ada257
main,D3,tcate_functional_rmse,wdrft,0.0376299036181922,0.0017410273490123974,40,a871fd7b6ab72544e1f0f317c16cb18551759b575899188c0bfb1d048f9a4a69,63651f1b650ba00f6a69f98bd79b8b8708ada257
main,D3,tcate_functional_rmse,causal_drf,0.050857769878098466,0.0026289988928173418,40,a871fd7b6ab72544e1f0f317c16cb18551759b575899188c0bfb1d048f9a4a69,63651f1b650ba00f6a69f98bd79b8b8708ada257
main,D3,tcate_functional_rmse,pta_s,0.048658808389417885,0.002167345435469758,40,a871fd7b6ab72544e1f0f317c16cb18551759b575899188c0bfb1d048f9a4a69,63651f1b650ba00f6a69f98bd79b8b8708ada257
main,D3,reference_tcate_rmse,cwdb_v1,0.0440620254833068,0.003373509702381963,40,a871fd7b6ab72544e1f0f317c16cb18551759b575899188c0bfb1d048f9a4a69,63651f1b650ba00f6a69f98bd79b8b8708ada257
main,D3,reference_tcate_rmse,cwdb_v0,0.04050211105907738,0.003635923390046354,40,a871fd7b6ab72544e1f0f317c16cb18551759b575899188c0bfb1d048f9a4a69,63651f1b650ba00f6a69f98bd79b8b8708ada257
main,D3,reference_tcate_rmse,wdrft,0.034530245758599795,0.0027677121830936434,40,a871fd7b6ab72544e1f0f317c16cb18551759b575899188c0bfb1d048f9a4a69,63651f1b650ba00f6a69f98bd79b8b8708ada257
main,D3,reference_tcate_rmse,causal_drf,0.03604429312189454,0.003089689362897032,40,a871fd7b6ab72544e1f0f317c16cb18551759b575899188c0bfb1d048f9a4a69,63651f1b650ba00f6a69f98bd79b8b8708ada257
main,D3,reference_tcate_rmse,pta_s,0.0353913243977503,0.002449941860616034,40,a871fd7b6ab72544e1f0f317c16cb18551759b575899188c0bfb1d048f9a4a69,63651f1b650ba00f6a69f98bd79b8b8708ada257
main,D3,reference_effect_rmse,cwdb_v1,0.03008908661895693,0.0033970430380713943,40,a871fd7b6ab72544e1f0f317c16cb18551759b575899188c0bfb1d048f9a4a69,63651f1b650ba00f6a69f98bd79b8b8708ada257
main,D3,reference_effect_rmse,cwdb_v0,0.02733568088973807,0.00364088778507662,40,a871fd7b6ab72544e1f0f317c16cb18551759b575899188c0bfb1d048f9a4a69,63651f1b650ba00f6a69f98bd79b8b8708ada257
main,D3,reference_effect_rmse,wdrft,0.024183837284768105,0.003091593204057194,40,a871fd7b6ab72544e1f0f317c16cb18551759b575899188c0bfb1d048f9a4a69,63651f1b650ba00f6a69f98bd79b8b8708ada257
main,D3,reference_effect_rmse,causal_drf,0.02422829814813691,0.0032308658918773383,40,a871fd7b6ab72544e1f0f317c16cb18551759b575899188c0bfb1d048f9a4a69,63651f1b650ba00f6a69f98bd79b8b8708ada257
main,D3,reference_effect_rmse,pta_s,0.02513168228513054,0.0030331731259405814,40,a871fd7b6ab72544e1f0f317c16cb18551759b575899188c0bfb1d048f9a4a69,63651f1b650ba00f6a69f98bd79b8b8708ada257
main,D3,tail_calibration,cwdb_v1,0.11339088924176446,0.0021835456153877766,40,a871fd7b6ab72544e1f0f317c16cb18551759b575899188c0bfb1d048f9a4a69,63651f1b650ba00f6a69f98bd79b8b8708ada257
main,D3,tail_calibration,cwdb_v0,0.12126804506606259,0.0020662633053036305,40,a871fd7b6ab72544e1f0f317c16cb18551759b575899188c0bfb1d048f9a4a69,63651f1b650ba00f6a69f98bd79b8b8708ada257
main,D3,tail_calibration,wdrft,0.08770171492085367,0.002182568468680569,40,a871fd7b6ab72544e1f0f317c16cb18551759b575899188c0bfb1d048f9a4a69,63651f1b650ba00f6a69f98bd79b8b8708ada257
main,D3,tail_calibration,causal_drf,0.1262091302695921,0.002030687583855902,40,a871fd7b6ab72544e1f0f317c16cb18551759b575899188c0bfb1d048f9a4a69,63651f1b650ba00f6a69f98bd79b8b8708ada257
main,D3,mode_coverage,cwdb_v1,1.0,0.0,40,a871fd7b6ab72544e1f0f317c16cb18551759b575899188c0bfb1d048f9a4a69,63651f1b650ba00f6a69f98bd79b8b8708ada257
main,D3,mode_coverage,cwdb_v0,1.0,0.0,40,a871fd7b6ab72544e1f0f317c16cb18551759b575899188c0bfb1d048f9a4a69,63651f1b650ba00f6a69f98bd79b8b8708ada257
main,D3,mode_coverage,wdrft,1.0,0.0,40,a871fd7b6ab72544e1f0f317c16cb18551759b575899188c0bfb1d048f9a4a69,63651f1b650ba00f6a69f98bd79b8b8708ada257
main,D3,mode_coverage,causal_drf,1.0,0.0,40,a871fd7b6ab72544e1f0f317c16cb18551759b575899188c0bfb1d048f9a4a69,63651f1b650ba00f6a69f98bd79b8b8708ada257
main,D3,barycenter_rmse,cwdb_v1,0.2356660319614554,0.004109539166595424,40,a871fd7b6ab72544e1f0f317c16cb18551759b575899188c0bfb1d048f9a4a69,63651f1b650ba00f6a69f98bd79b8b8708ada257
main,D3,barycenter_rmse,cwdb_v0,0.2273519733009018,0.0034933183345564637,40,a871fd7b6ab72544e1f0f317c16cb18551759b575899188c0bfb1d048f9a4a69,63651f1b650ba00f6a69f98bd79b8b8708ada257
main,D3,barycenter_rmse,wdrft,0.23188260200458935,0.004514666259024635,40,a871fd7b6ab72544e1f0f317c16cb18551759b575899188c0bfb1d048f9a4a69,63651f1b650ba00f6a69f98bd79b8b8708ada257
main,D3,barycenter_rmse,causal_drf,0.29681363402132627,0.0032756195052404697,40,a871fd7b6ab72544e1f0f317c16cb18551759b575899188c0bfb1d048f9a4a69,63651f1b650ba00f6a69f98bd79b8b8708ada257
main,D3,barycenter_rmse,pta_s,0.195042499109161,0.0033191909767503443,40,a871fd7b6ab72544e1f0f317c16cb18551759b575899188c0bfb1d048f9a4a69,63651f1b650ba00f6a69f98bd79b8b8708ada257
main,D4,mean_quantile_rmse,cwdb_v1,0.1979088108034126,0.005122632964375946,40,a871fd7b6ab72544e1f0f317c16cb18551759b575899188c0bfb1d048f9a4a69,63651f1b650ba00f6a69f98bd79b8b8708ada257
main,D4,mean_quantile_rmse,cwdb_v0,0.3062327362060704,0.005116265560917737,40,a871fd7b6ab72544e1f0f317c16cb18551759b575899188c0bfb1d048f9a4a69,63651f1b650ba00f6a69f98bd79b8b8708ada257
main,D4,mean_quantile_rmse,wdrft,0.13372381806896003,0.00400671348674878,40,a871fd7b6ab72544e1f0f317c16cb18551759b575899188c0bfb1d048f9a4a69,63651f1b650ba00f6a69f98bd79b8b8708ada257
main,D4,mean_quantile_rmse,causal_drf,0.20376311679843068,0.01118509466876923,40,a871fd7b6ab72544e1f0f317c16cb18551759b575899188c0bfb1d048f9a4a69,63651f1b650ba00f6a69f98bd79b8b8708ada257
main,D4,mean_quantile_rmse,pta_s,0.13717772589471894,0.003580436390295438,40,a871fd7b6ab72544e1f0f317c16cb18551759b575899188c0bfb1d048f9a4a69,63651f1b650ba00f6a69f98bd79b8b8708ada257
main,D4,kernel_law_error,cwdb_v1,0.011108596748682309,0.00039062722080373966,40,a871fd7b6ab72544e1f0f317c16cb18551759b575899188c0bfb1d048f9a4a69,63651f1b650ba00f6a69f98bd79b8b8708ada257
main,D4,kernel_law_error,cwdb_v0,0.013770429947864782,0.00042457815597738563,40,a871fd7b6ab72544e1f0f317c16cb18551759b575899188c0bfb1d048f9a4a69,63651f1b650ba00f6a69f98bd79b8b8708ada257
main,D4,kernel_law_error,wdrft,0.00647083260169618,0.00042181115862884846,40,a871fd7b6ab72544e1f0f317c16cb18551759b575899188c0bfb1d048f9a4a69,63651f1b650ba00f6a69f98bd79b8b8708ada257
main,D4,kernel_law_error,causal_drf,0.0365083361514727,0.0024536136336062767,40,a871fd7b6ab72544e1f0f317c16cb18551759b575899188c0bfb1d048f9a4a69,63651f1b650ba00f6a69f98bd79b8b8708ada257
main,D4,arm_energy_risk,cwdb_v1,0.059940556848941354,0.0017281768390105074,40,a871fd7b6ab72544e1f0f317c16cb18551759b575899188c0bfb1d048f9a4a69,63651f1b650ba00f6a69f98bd79b8b8708ada257
main,D4,arm_energy_risk,cwdb_v0,0.07394831945393336,0.0017283728216161507,40,a871fd7b6ab72544e1f0f317c16cb18551759b575899188c0bfb1d048f9a4a69,63651f1b650ba00f6a69f98bd79b8b8708ada257
main,D4,arm_energy_risk,wdrft,0.023326544751958684,0.001263912819680519,40,a871fd7b6ab72544e1f0f317c16cb18551759b575899188c0bfb1d048f9a4a69,63651f1b650ba00f6a69f98bd79b8b8708ada257
main,D4,arm_energy_risk,causal_drf,0.09229955198480648,0.005325530674059436,40,a871fd7b6ab72544e1f0f317c16cb18551759b575899188c0bfb1d048f9a4a69,63651f1b650ba00f6a69f98bd79b8b8708ada257
main,D4,tcate_functional_rmse,cwdb_v1,0.08261611907964882,0.0031158808960797505,40,a871fd7b6ab72544e1f0f317c16cb18551759b575899188c0bfb1d048f9a4a69,63651f1b650ba00f6a69f98bd79b8b8708ada257
main,D4,tcate_functional_rmse,cwdb_v0,0.06359422828325177,0.0031741994530915733,40,a871fd7b6ab72544e1f0f317c16cb18551759b575899188c0bfb1d048f9a4a69,63651f1b650ba00f6a69f98bd79b8b8708ada257
main,D4,tcate_functional_rmse,wdrft,0.041708948194165596,0.002602784734436777,40,a871fd7b6ab72544e1f0f317c16cb18551759b575899188c0bfb1d048f9a4a69,63651f1b650ba00f6a69f98bd79b8b8708ada257
main,D4,tcate_functional_rmse,causal_drf,0.10919296071063438,0.007111924875270891,40,a871fd7b6ab72544e1f0f317c16cb18551759b575899188c0bfb1d048f9a4a69,63651f1b650ba00f6a69f98bd79b8b8708ada257
main,D4,tcate_functional_rmse,pta_s,0.04789245256054268,0.002528825873249463,40,a871fd7b6ab72544e1f0f317c16cb18551759b575899188c0bfb1d048f9a4a69,63651f1b650ba00f6a69f98bd79b8b8708ada257
main,D4,reference_tcate_rmse,cwdb_v1,0.06919519088895382,0.003881921533649492,40,a871fd7b6ab72544e1f0f317c16cb18551759b575899188c0bfb1d048f9a4a69,63651f1b650ba00f6a69f98bd79b8b8708ada257
main,D4,reference_tcate_rmse,cwdb_v0,0.06299501825728263,0.003894994924236629,40,a871fd7b6ab72544e1f0f317c16cb18551759b575899188c0bfb1d048f9a4a69,63651f1b650ba00f6a69f98bd79b8b8708ada257
main,D4,reference_tcate_rmse,wdrft,0.05860465348613566,0.004152222537481955,40,a871fd7b6ab72544e1f0f317c16cb18551759b575899188c0bfb1d048f9a4a69,63651f1b650ba00f6a69f98bd79b8b8708ada257
main,D4,reference_tcate_rmse,causal_drf,0.09861598767056637,0.006072611555900662,40,a871fd7b6ab72544e1f0f317c16cb18551759b575899188c0bfb1d048f9a4a69,63651f1b650ba00f6a69f98bd79b8b8708ada257
main,D4,reference_tcate_rmse,pta_s,0.06071352988068983,0.004567089722069877,40,a871fd7b6ab72544e1f0f317c16cb18551759b575899188c0bfb1d048f9a4a69,63651f1b650ba00f6a69f98bd79b8b8708ada257
main,D4,reference_effect_rmse,cwdb_v1,0.029820327870336394,0.003909162258201197,40,a871fd7b6ab72544e1f0f317c16cb18551759b575899188c0bfb1d048f9a4a69,63651f1b650ba00f6a69f98bd79b8b8708ada257
main,D4,reference_effect_rmse,cwdb_v0,0.031797193029206375,0.00441719325477813,40,a871fd7b6ab72544e1f0f317c16cb18551759b575899188c0bfb1d048f9a4a69,63651f1b650ba00f6a69f98bd79b8b8708ada257
main,D4,reference_effect_rmse,wdrft,0.021399009850309736,0.0029320226043438166,40,a871fd7b6ab72544e1f0f317c16cb18551759b575899188c0bfb1d048f9a4a69,63651f1b650ba00f6a69f98bd79b8b8708ada257
main,D4,reference_effect_rmse,causal_drf,0.024459237151579098,0.003129931678680531,40,a871fd7b6ab72544e1f0f317c16cb18551759b575899188c0bfb1d048f9a4a69,63651f1b650ba00f6a69f98bd79b8b8708ada257
main,D4,reference_effect_rmse,pta_s,0.019751996313236958,0.002859390329876195,40,a871fd7b6ab72544e1f0f317c16cb18551759b575899188c0bfb1d048f9a4a69,63651f1b650ba00f6a69f98bd79b8b8708ada257
main,D4,tail_calibration,cwdb_v1,0.07865666456582594,0.0019754959022768733,40,a871fd7b6ab72544e1f0f317c16cb18551759b575899188c0bfb1d048f9a4a69,63651f1b650ba00f6a69f98bd79b8b8708ada257
main,D4,tail_calibration,cwdb_v0,0.08677448844419082,0.0019494816289227135,40,a871fd7b6ab72544e1f0f317c16cb18551759b575899188c0bfb1d048f9a4a69,63651f1b650ba00f6a69f98bd79b8b8708ada257
main,D4,tail_calibration,wdrft,0.0414058136288603,0.0017654952694818916,40,a871fd7b6ab72544e1f0f317c16cb18551759b575899188c0bfb1d048f9a4a69,63651f1b650ba00f6a69f98bd79b8b8708ada257
main,D4,tail_calibration,causal_drf,0.158108859421702,0.006368414540542538,40,a871fd7b6ab72544e1f0f317c16cb18551759b575899188c0bfb1d048f9a4a69,63651f1b650ba00f6a69f98bd79b8b8708ada257
main,D4,mode_coverage,cwdb_v1,1.0,0.0,40,a871fd7b6ab72544e1f0f317c16cb18551759b575899188c0bfb1d048f9a4a69,63651f1b650ba00f6a69f98bd79b8b8708ada257
main,D4,mode_coverage,cwdb_v0,1.0,0.0,40,a871fd7b6ab72544e1f0f317c16cb18551759b575899188c0bfb1d048f9a4a69,63651f1b650ba00f6a69f98bd79b8b8708ada257
main,D4,mode_coverage,wdrft,1.0,0.0,40,a871fd7b6ab72544e1f0f317c16cb18551759b575899188c0bfb1d048f9a4a69,63651f1b650ba00f6a69f98bd79b8b8708ada257
main,D4,mode_coverage,causal_drf,1.0,0.0,40,a871fd7b6ab72544e1f0f317c16cb18551759b575899188c0bfb1d048f9a4a69,63651f1b650ba00f6a69f98bd79b8b8708ada257
main,D4,barycenter_rmse,cwdb_v1,0.21700355325682513,0.0040291852865047585,40,a871fd7b6ab72544e1f0f317c16cb18551759b575899188c0bfb1d048f9a4a69,63651f1b650ba00f6a69f98bd79b8b8708ada257
main,D4,barycenter_rmse,cwdb_v0,0.23924887890370203,0.003599999165614084,40,a871fd7b6ab72544e1f0f317c16cb18551759b575899188c0bfb1d048f9a4a69,63651f1b650ba00f6a69f98bd79b8b8708ada257
main,D4,barycenter_rmse,wdrft,0.1547007193820978,0.005192447081621223,40,a871fd7b6ab72544e1f0f317c16cb18551759b575899188c0bfb1d048f9a4a69,63651f1b650ba00f6a69f98bd79b8b8708ada257
main,D4,barycenter_rmse,causal_drf,0.40966604942990853,0.015040935523867777,40,a871fd7b6ab72544e1f0f317c16cb18551759b575899188c0bfb1d048f9a4a69,63651f1b650ba00f6a69f98bd79b8b8708ada257
main,D4,barycenter_rmse,pta_s,0.14022586481445531,0.0030189509446460912,40,a871fd7b6ab72544e1f0f317c16cb18551759b575899188c0bfb1d048f9a4a69,63651f1b650ba00f6a69f98bd79b8b8708ada257
main,D5,mean_quantile_rmse,cwdb_v1,0.17573113525520154,0.003719305582355826,40,a871fd7b6ab72544e1f0f317c16cb18551759b575899188c0bfb1d048f9a4a69,63651f1b650ba00f6a69f98bd79b8b8708ada257
main,D5,mean_quantile_rmse,cwdb_v0,0.3014793551170168,0.005356048116653537,40,a871fd7b6ab72544e1f0f317c16cb18551759b575899188c0bfb1d048f9a4a69,63651f1b650ba00f6a69f98bd79b8b8708ada257
main,D5,mean_quantile_rmse,wdrft,0.11137096086942506,0.0032620921476256997,40,a871fd7b6ab72544e1f0f317c16cb18551759b575899188c0bfb1d048f9a4a69,63651f1b650ba00f6a69f98bd79b8b8708ada257
main,D5,mean_quantile_rmse,causal_drf,0.08759979416766994,0.0041166441197802136,40,a871fd7b6ab72544e1f0f317c16cb18551759b575899188c0bfb1d048f9a4a69,63651f1b650ba00f6a69f98bd79b8b8708ada257
main,D5,mean_quantile_rmse,pta_s,0.05000566233046257,0.003102937480889893,40,a871fd7b6ab72544e1f0f317c16cb18551759b575899188c0bfb1d048f9a4a69,63651f1b650ba00f6a69f98bd79b8b8708ada257
main,D5,kernel_law_error,cwdb_v1,0.023392219317903105,0.0007087563234879502,40,a871fd7b6ab72544e1f0f317c16cb18551759b575899188c0bfb1d048f9a4a69,63651f1b650ba00f6a69f98bd79b8b8708ada257
main,D5,kernel_law_error,cwdb_v0,0.022983407790827286,0.0006004913375907986,40,a871fd7b6ab72544e1f0f317c16cb18551759b575899188c0bfb1d048f9a4a69,63651f1b650ba00f6a69f98bd79b8b8708ada257
main,D5,kernel_law_error,wdrft,0.03632588425569619,0.0009835403517628658,40,a871fd7b6ab72544e1f0f317c16cb18551759b575899188c0bfb1d048f9a4a69,63651f1b650ba00f6a69f98bd79b8b8708ada257
main,D5,kernel_law_error,causal_drf,0.06690270824180289,0.002953919671166203,40,a871fd7b6ab72544e1f0f317c16cb18551759b575899188c0bfb1d048f9a4a69,63651f1b650ba00f6a69f98bd79b8b8708ada257
main,D5,arm_energy_risk,cwdb_v1,0.058067249204381735,0.0016399893647518619,40,a871fd7b6ab72544e1f0f317c16cb18551759b575899188c0bfb1d048f9a4a69,63651f1b650ba00f6a69f98bd79b8b8708ada257
main,D5,arm_energy_risk,cwdb_v0,0.06783611745675144,0.001694235227529807,40,a871fd7b6ab72544e1f0f317c16cb18551759b575899188c0bfb1d048f9a4a69,63651f1b650ba00f6a69f98bd79b8b8708ada257
main,D5,arm_energy_risk,wdrft,0.045623095296175954,0.0009618081347551165,40,a871fd7b6ab72544e1f0f317c16cb18551759b575899188c0bfb1d048f9a4a69,63651f1b650ba00f6a69f98bd79b8b8708ada257
main,D5,arm_energy_risk,causal_drf,0.07407183838368007,0.002890297691383657,40,a871fd7b6ab72544e1f0f317c16cb18551759b575899188c0bfb1d048f9a4a69,63651f1b650ba00f6a69f98bd79b8b8708ada257
main,D5,tcate_functional_rmse,cwdb_v1,0.04387882351613813,0.002179017283503684,40,a871fd7b6ab72544e1f0f317c16cb18551759b575899188c0bfb1d048f9a4a69,63651f1b650ba00f6a69f98bd79b8b8708ada257
main,D5,tcate_functional_rmse,cwdb_v0,0.04844383349090583,0.0021990298942355974,40,a871fd7b6ab72544e1f0f317c16cb18551759b575899188c0bfb1d048f9a4a69,63651f1b650ba00f6a69f98bd79b8b8708ada257
main,D5,tcate_functional_rmse,wdrft,0.03657767927696813,0.0022765259156709915,40,a871fd7b6ab72544e1f0f317c16cb18551759b575899188c0bfb1d048f9a4a69,63651f1b650ba00f6a69f98bd79b8b8708ada257
main,D5,tcate_functional_rmse,causal_drf,0.03992855946863601,0.002533120157251345,40,a871fd7b6ab72544e1f0f317c16cb18551759b575899188c0bfb1d048f9a4a69,63651f1b650ba00f6a69f98bd79b8b8708ada257
main,D5,tcate_functional_rmse,pta_s,0.023075149026557225,0.002131691968075756,40,a871fd7b6ab72544e1f0f317c16cb18551759b575899188c0bfb1d048f9a4a69,63651f1b650ba00f6a69f98bd79b8b8708ada257
main,D5,reference_tcate_rmse,cwdb_v1,0.10322223821496901,0.004214775114496149,40,a871fd7b6ab72544e1f0f317c16cb18551759b575899188c0bfb1d048f9a4a69,63651f1b650ba00f6a69f98bd79b8b8708ada257
main,D5,reference_tcate_rmse,cwdb_v0,0.08891781893654149,0.00430509113194915,40,a871fd7b6ab72544e1f0f317c16cb18551759b575899188c0bfb1d048f9a4a69,63651f1b650ba00f6a69f98bd79b8b8708ada257
main,D5,reference_tcate_rmse,wdrft,0.03677787306092249,0.0028910284444685604,40,a871fd7b6ab72544e1f0f317c16cb18551759b575899188c0bfb1d048f9a4a69,63651f1b650ba00f6a69f98bd79b8b8708ada257
main,D5,reference_tcate_rmse,causal_drf,0.029708065168854304,0.002553634606675274,40,a871fd7b6ab72544e1f0f317c16cb18551759b575899188c0bfb1d048f9a4a69,63651f1b650ba00f6a69f98bd79b8b8708ada257
main,D5,reference_tcate_rmse,pta_s,0.028628366469107457,0.002496237731969038,40,a871fd7b6ab72544e1f0f317c16cb18551759b575899188c0bfb1d048f9a4a69,63651f1b650ba00f6a69f98bd79b8b8708ada257
main,D5,reference_effect_rmse,cwdb_v1,0.09976364253510986,0.004319619021688197,40,a871fd7b6ab72544e1f0f317c16cb18551759b575899188c0bfb1d048f9a4a69,63651f1b650ba00f6a69f98bd79b8b8708ada257
main,D5,reference_effect_rmse,cwdb_v0,0.08188825586379599,0.004855433241426359,40,a871fd7b6ab72544e1f0f317c16cb18551759b575899188c0bfb1d048f9a4a69,63651f1b650ba00f6a69f98bd79b8b8708ada257
main,D5,reference_effect_rmse,wdrft,0.02235154644821772,0.0026054291177681752,40,a871fd7b6ab72544e1f0f317c16cb18551759b575899188c0bfb1d048f9a4a69,63651f1b650ba00f6a69f98bd79b8b8708ada257
main,D5,reference_effect_rmse,causal_drf,0.02286491243856395,0.0026561360948339076,40,a871fd7b6ab72544e1f0f317c16cb18551759b575899188c0bfb1d048f9a4a69,63651f1b650ba00f6a69f98bd79b8b8708ada257
main,D5,reference_effect_rmse,pta_s,0.02228759925791098,0.002434039578655881,40,a871fd7b6ab72544e1f0f317c16cb18551759b575899188c0bfb1d048f9a4a69,63651f1b650ba00f6a69f98bd79b8b8708ada257
main,D5,tail_calibration,cwdb_v1,0.09360632436129619,0.0028609518430651984,40,a871fd7b6ab72544e1f0f317c16cb18551759b575899188c0bfb1d048f9a4a69,63651f1b650ba00f6a69f98bd79b8b8708ada257
main,D5,tail_calibration,cwdb_v0,0.10376013217668904,0.002621203583704909,40,a871fd7b6ab72544e1f0f317c16cb18551759b575899188c0bfb1d048f9a4a69,63651f1b650ba00f6a69f98bd79b8b8708ada257
main,D5,tail_calibration,wdrft,0.06902979625694909,0.0014833570022662495,40,a871fd7b6ab72544e1f0f317c16cb18551759b575899188c0bfb1d048f9a4a69,63651f1b650ba00f6a69f98bd79b8b8708ada257
main,D5,tail_calibration,causal_drf,0.08945605478127408,0.0021986292087731356,40,a871fd7b6ab72544e1f0f317c16cb18551759b575899188c0bfb1d048f9a4a69,63651f1b650ba00f6a69f98bd79b8b8708ada257
main,D5,mode_coverage,cwdb_v1,1.0,0.0,40,a871fd7b6ab72544e1f0f317c16cb18551759b575899188c0bfb1d048f9a4a69,63651f1b650ba00f6a69f98bd79b8b8708ada257
main,D5,mode_coverage,cwdb_v0,0.9999375,6.249999999999867e-05,40,a871fd7b6ab72544e1f0f317c16cb18551759b575899188c0bfb1d048f9a4a69,63651f1b650ba00f6a69f98bd79b8b8708ada257
main,D5,mode_coverage,wdrft,1.0,0.0,40,a871fd7b6ab72544e1f0f317c16cb18551759b575899188c0bfb1d048f9a4a69,63651f1b650ba00f6a69f98bd79b8b8708ada257
main,D5,mode_coverage,causal_drf,1.0,0.0,40,a871fd7b6ab72544e1f0f317c16cb18551759b575899188c0bfb1d048f9a4a69,63651f1b650ba00f6a69f98bd79b8b8708ada257
main,D5,barycenter_rmse,cwdb_v1,0.18455257883394113,0.0033552696780416854,40,a871fd7b6ab72544e1f0f317c16cb18551759b575899188c0bfb1d048f9a4a69,63651f1b650ba00f6a69f98bd79b8b8708ada257
main,D5,barycenter_rmse,cwdb_v0,0.21332696079078958,0.0035275817047087984,40,a871fd7b6ab72544e1f0f317c16cb18551759b575899188c0bfb1d048f9a4a69,63651f1b650ba00f6a69f98bd79b8b8708ada257
main,D5,barycenter_rmse,wdrft,0.20469145362545094,0.0025163956490159567,40,a871fd7b6ab72544e1f0f317c16cb18551759b575899188c0bfb1d048f9a4a69,63651f1b650ba00f6a69f98bd79b8b8708ada257
main,D5,barycenter_rmse,causal_drf,0.2821047532930209,0.00781597931193577,40,a871fd7b6ab72544e1f0f317c16cb18551759b575899188c0bfb1d048f9a4a69,63651f1b650ba00f6a69f98bd79b8b8708ada257
main,D5,barycenter_rmse,pta_s,0.14054472741521268,0.0029628676043369747,40,a871fd7b6ab72544e1f0f317c16cb18551759b575899188c0bfb1d048f9a4a69,63651f1b650ba00f6a69f98bd79b8b8708ada257
main,D6,mean_quantile_rmse,cwdb_v1,0.2898203872846684,0.012540975149515575,40,a871fd7b6ab72544e1f0f317c16cb18551759b575899188c0bfb1d048f9a4a69,63651f1b650ba00f6a69f98bd79b8b8708ada257
main,D6,mean_quantile_rmse,cwdb_v0,0.6273697735002164,0.015667083708785022,40,a871fd7b6ab72544e1f0f317c16cb18551759b575899188c0bfb1d048f9a4a69,63651f1b650ba00f6a69f98bd79b8b8708ada257
main,D6,mean_quantile_rmse,wdrft,0.2367307603454499,0.009645521171870359,40,a871fd7b6ab72544e1f0f317c16cb18551759b575899188c0bfb1d048f9a4a69,63651f1b650ba00f6a69f98bd79b8b8708ada257
main,D6,mean_quantile_rmse,causal_drf,0.2819274664956167,0.014219136053913083,40,a871fd7b6ab72544e1f0f317c16cb18551759b575899188c0bfb1d048f9a4a69,63651f1b650ba00f6a69f98bd79b8b8708ada257
main,D6,mean_quantile_rmse,pta_s,0.23204346172665372,0.009841513179188017,40,a871fd7b6ab72544e1f0f317c16cb18551759b575899188c0bfb1d048f9a4a69,63651f1b650ba00f6a69f98bd79b8b8708ada257
main,D6,kernel_law_error,cwdb_v1,0.02779820442128374,0.001571986804971357,40,a871fd7b6ab72544e1f0f317c16cb18551759b575899188c0bfb1d048f9a4a69,63651f1b650ba00f6a69f98bd79b8b8708ada257
main,D6,kernel_law_error,cwdb_v0,0.043549055594955935,0.0019791386174864358,40,a871fd7b6ab72544e1f0f317c16cb18551759b575899188c0bfb1d048f9a4a69,63651f1b650ba00f6a69f98bd79b8b8708ada257
main,D6,kernel_law_error,wdrft,0.006635569966461507,0.00027720008776250366,40,a871fd7b6ab72544e1f0f317c16cb18551759b575899188c0bfb1d048f9a4a69,63651f1b650ba00f6a69f98bd79b8b8708ada257
main,D6,kernel_law_error,causal_drf,0.011489033123144057,0.0005118596739596691,40,a871fd7b6ab72544e1f0f317c16cb18551759b575899188c0bfb1d048f9a4a69,63651f1b650ba00f6a69f98bd79b8b8708ada257
main,D6,arm_energy_risk,cwdb_v1,0.09199457179102025,0.003948821610188056,40,a871fd7b6ab72544e1f0f317c16cb18551759b575899188c0bfb1d048f9a4a69,63651f1b650ba00f6a69f98bd79b8b8708ada257
main,D6,arm_energy_risk,cwdb_v0,0.13129502797078818,0.004889430561932643,40,a871fd7b6ab72544e1f0f317c16cb18551759b575899188c0bfb1d048f9a4a69,63651f1b650ba00f6a69f98bd79b8b8708ada257
main,D6,arm_energy_risk,wdrft,0.0298890918394153,0.0007959201578018683,40,a871fd7b6ab72544e1f0f317c16cb18551759b575899188c0bfb1d048f9a4a69,63651f1b650ba00f6a69f98bd79b8b8708ada257
main,D6,arm_energy_risk,causal_drf,0.05173227568294638,0.0017575525418452255,40,a871fd7b6ab72544e1f0f317c16cb18551759b575899188c0bfb1d048f9a4a69,63651f1b650ba00f6a69f98bd79b8b8708ada257
main,D6,tcate_functional_rmse,cwdb_v1,0.10573377951213177,0.0076164815264891505,40,a871fd7b6ab72544e1f0f317c16cb18551759b575899188c0bfb1d048f9a4a69,63651f1b650ba00f6a69f98bd79b8b8708ada257
main,D6,tcate_functional_rmse,cwdb_v0,0.10117850644560852,0.007351039684648663,40,a871fd7b6ab72544e1f0f317c16cb18551759b575899188c0bfb1d048f9a4a69,63651f1b650ba00f6a69f98bd79b8b8708ada257
main,D6,tcate_functional_rmse,wdrft,0.09472354842909896,0.005942824467384167,40,a871fd7b6ab72544e1f0f317c16cb18551759b575899188c0bfb1d048f9a4a69,63651f1b650ba00f6a69f98bd79b8b8708ada257
main,D6,tcate_functional_rmse,causal_drf,0.1256869346057807,0.007964542303517409,40,a871fd7b6ab72544e1f0f317c16cb18551759b575899188c0bfb1d048f9a4a69,63651f1b650ba00f6a69f98bd79b8b8708ada257
main,D6,tcate_functional_rmse,pta_s,0.10073975254517735,0.005914918918057585,40,a871fd7b6ab72544e1f0f317c16cb18551759b575899188c0bfb1d048f9a4a69,63651f1b650ba00f6a69f98bd79b8b8708ada257
main,D6,reference_tcate_rmse,cwdb_v1,0.08974379901596546,0.007013146064618717,40,a871fd7b6ab72544e1f0f317c16cb18551759b575899188c0bfb1d048f9a4a69,63651f1b650ba00f6a69f98bd79b8b8708ada257
main,D6,reference_tcate_rmse,cwdb_v0,0.11967635063851198,0.00813503024425259,40,a871fd7b6ab72544e1f0f317c16cb18551759b575899188c0bfb1d048f9a4a69,63651f1b650ba00f6a69f98bd79b8b8708ada257
main,D6,reference_tcate_rmse,wdrft,0.06757211921281067,0.005852546499522355,40,a871fd7b6ab72544e1f0f317c16cb18551759b575899188c0bfb1d048f9a4a69,63651f1b650ba00f6a69f98bd79b8b8708ada257
main,D6,reference_tcate_rmse,causal_drf,0.05413142826884705,0.005680684202224714,40,a871fd7b6ab72544e1f0f317c16cb18551759b575899188c0bfb1d048f9a4a69,63651f1b650ba00f6a69f98bd79b8b8708ada257
main,D6,reference_tcate_rmse,pta_s,0.054931417887077096,0.006216043346172362,40,a871fd7b6ab72544e1f0f317c16cb18551759b575899188c0bfb1d048f9a4a69,63651f1b650ba00f6a69f98bd79b8b8708ada257
main,D6,reference_effect_rmse,cwdb_v1,0.06428171655681816,0.007150985496396552,40,a871fd7b6ab72544e1f0f317c16cb18551759b575899188c0bfb1d048f9a4a69,63651f1b650ba00f6a69f98bd79b8b8708ada257
main,D6,reference_effect_rmse,cwdb_v0,0.08359457603488912,0.008446541327611782,40,a871fd7b6ab72544e1f0f317c16cb18551759b575899188c0bfb1d048f9a4a69,63651f1b650ba00f6a69f98bd79b8b8708ada257
main,D6,reference_effect_rmse,wdrft,0.04162506599823072,0.006086646083413075,40,a871fd7b6ab72544e1f0f317c16cb18551759b575899188c0bfb1d048f9a4a69,63651f1b650ba00f6a69f98bd79b8b8708ada257
main,D6,reference_effect_rmse,causal_drf,0.03906634898194007,0.00603969164087157,40,a871fd7b6ab72544e1f0f317c16cb18551759b575899188c0bfb1d048f9a4a69,63651f1b650ba00f6a69f98bd79b8b8708ada257
main,D6,reference_effect_rmse,pta_s,0.042413134312042786,0.006361319545793266,40,a871fd7b6ab72544e1f0f317c16cb18551759b575899188c0bfb1d048f9a4a69,63651f1b650ba00f6a69f98bd79b8b8708ada257
main,D6,tail_calibration,cwdb_v1,0.10101325983146255,0.00404763728212698,40,a871fd7b6ab72544e1f0f317c16cb18551759b575899188c0bfb1d048f9a4a69,63651f1b650ba00f6a69f98bd79b8b8708ada257
main,D6,tail_calibration,cwdb_v0,0.13943166032435175,0.004423048436822301,40,a871fd7b6ab72544e1f0f317c16cb18551759b575899188c0bfb1d048f9a4a69,63651f1b650ba00f6a69f98bd79b8b8708ada257
main,D6,tail_calibration,wdrft,0.054733132969741916,0.0013170070944115294,40,a871fd7b6ab72544e1f0f317c16cb18551759b575899188c0bfb1d048f9a4a69,63651f1b650ba00f6a69f98bd79b8b8708ada257
main,D6,tail_calibration,causal_drf,0.06087764681484468,0.0014804594209578412,40,a871fd7b6ab72544e1f0f317c16cb18551759b575899188c0bfb1d048f9a4a69,63651f1b650ba00f6a69f98bd79b8b8708ada257
main,D6,mode_coverage,cwdb_v1,0.9896875000000002,0.002000475704644223,40,a871fd7b6ab72544e1f0f317c16cb18551759b575899188c0bfb1d048f9a4a69,63651f1b650ba00f6a69f98bd79b8b8708ada257
main,D6,mode_coverage,cwdb_v0,0.96925,0.004776620747896025,40,a871fd7b6ab72544e1f0f317c16cb18551759b575899188c0bfb1d048f9a4a69,63651f1b650ba00f6a69f98bd79b8b8708ada257
main,D6,mode_coverage,wdrft,1.0,0.0,40,a871fd7b6ab72544e1f0f317c16cb18551759b575899188c0bfb1d048f9a4a69,63651f1b650ba00f6a69f98bd79b8b8708ada257
main,D6,mode_coverage,causal_drf,1.0,0.0,40,a871fd7b6ab72544e1f0f317c16cb18551759b575899188c0bfb1d048f9a4a69,63651f1b650ba00f6a69f98bd79b8b8708ada257
main,D6,barycenter_rmse,cwdb_v1,0.3788885973194803,0.009611429253274458,40,a871fd7b6ab72544e1f0f317c16cb18551759b575899188c0bfb1d048f9a4a69,63651f1b650ba00f6a69f98bd79b8b8708ada257
main,D6,barycenter_rmse,cwdb_v0,0.4602148994067254,0.010171535403027315,40,a871fd7b6ab72544e1f0f317c16cb18551759b575899188c0bfb1d048f9a4a69,63651f1b650ba00f6a69f98bd79b8b8708ada257
main,D6,barycenter_rmse,wdrft,0.24926652780970762,0.004264789354868603,40,a871fd7b6ab72544e1f0f317c16cb18551759b575899188c0bfb1d048f9a4a69,63651f1b650ba00f6a69f98bd79b8b8708ada257
main,D6,barycenter_rmse,causal_drf,0.3694967527168556,0.007994196325960616,40,a871fd7b6ab72544e1f0f317c16cb18551759b575899188c0bfb1d048f9a4a69,63651f1b650ba00f6a69f98bd79b8b8708ada257
main,D6,barycenter_rmse,pta_s,0.27881405503643303,0.0051422218673592745,40,a871fd7b6ab72544e1f0f317c16cb18551759b575899188c0bfb1d048f9a4a69,63651f1b650ba00f6a69f98bd79b8b8708ada257
main,D7,mean_quantile_rmse,cwdb_v1,0.14602615113526002,0.003684418771744236,40,a871fd7b6ab72544e1f0f317c16cb18551759b575899188c0bfb1d048f9a4a69,63651f1b650ba00f6a69f98bd79b8b8708ada257
main,D7,mean_quantile_rmse,cwdb_v0,0.3041320040243748,0.005377004622908419,40,a871fd7b6ab72544e1f0f317c16cb18551759b575899188c0bfb1d048f9a4a69,63651f1b650ba00f6a69f98bd79b8b8708ada257
main,D7,mean_quantile_rmse,wdrft,0.09914710713565783,0.003470589118051699,40,a871fd7b6ab72544e1f0f317c16cb18551759b575899188c0bfb1d048f9a4a69,63651f1b650ba00f6a69f98bd79b8b8708ada257
main,D7,mean_quantile_rmse,causal_drf,0.09973574267546989,0.004904263695213251,40,a871fd7b6ab72544e1f0f317c16cb18551759b575899188c0bfb1d048f9a4a69,63651f1b650ba00f6a69f98bd79b8b8708ada257
main,D7,mean_quantile_rmse,pta_s,0.06363372891670202,0.0026050223823163156,40,a871fd7b6ab72544e1f0f317c16cb18551759b575899188c0bfb1d048f9a4a69,63651f1b650ba00f6a69f98bd79b8b8708ada257
main,D7,kernel_law_error,cwdb_v1,0.012731201133769724,0.000472562457082516,40,a871fd7b6ab72544e1f0f317c16cb18551759b575899188c0bfb1d048f9a4a69,63651f1b650ba00f6a69f98bd79b8b8708ada257
main,D7,kernel_law_error,cwdb_v0,0.017189295925432634,0.000546511832901573,40,a871fd7b6ab72544e1f0f317c16cb18551759b575899188c0bfb1d048f9a4a69,63651f1b650ba00f6a69f98bd79b8b8708ada257
main,D7,kernel_law_error,wdrft,0.012944103058610764,0.00027754134917271805,40,a871fd7b6ab72544e1f0f317c16cb18551759b575899188c0bfb1d048f9a4a69,63651f1b650ba00f6a69f98bd79b8b8708ada257
main,D7,kernel_law_error,causal_drf,0.02916666374327239,0.0010055952618974984,40,a871fd7b6ab72544e1f0f317c16cb18551759b575899188c0bfb1d048f9a4a69,63651f1b650ba00f6a69f98bd79b8b8708ada257
main,D7,arm_energy_risk,cwdb_v1,0.05900118028551542,0.0019197307108479774,40,a871fd7b6ab72544e1f0f317c16cb18551759b575899188c0bfb1d048f9a4a69,63651f1b650ba00f6a69f98bd79b8b8708ada257
main,D7,arm_energy_risk,cwdb_v0,0.07740076606917785,0.002009099125405614,40,a871fd7b6ab72544e1f0f317c16cb18551759b575899188c0bfb1d048f9a4a69,63651f1b650ba00f6a69f98bd79b8b8708ada257
main,D7,arm_energy_risk,wdrft,0.034477221752643894,0.0006662688118654829,40,a871fd7b6ab72544e1f0f317c16cb18551759b575899188c0bfb1d048f9a4a69,63651f1b650ba00f6a69f98bd79b8b8708ada257
main,D7,arm_energy_risk,causal_drf,0.06725483432914697,0.0020091564453365344,40,a871fd7b6ab72544e1f0f317c16cb18551759b575899188c0bfb1d048f9a4a69,63651f1b650ba00f6a69f98bd79b8b8708ada257
main,D7,tcate_functional_rmse,cwdb_v1,0.035583961743806264,0.002334276197995429,40,a871fd7b6ab72544e1f0f317c16cb18551759b575899188c0bfb1d048f9a4a69,63651f1b650ba00f6a69f98bd79b8b8708ada257
main,D7,tcate_functional_rmse,cwdb_v0,0.0462429772389882,0.0027688412710391826,40,a871fd7b6ab72544e1f0f317c16cb18551759b575899188c0bfb1d048f9a4a69,63651f1b650ba00f6a69f98bd79b8b8708ada257
main,D7,tcate_functional_rmse,wdrft,0.043994060605782315,0.0022209424752533792,40,a871fd7b6ab72544e1f0f317c16cb18551759b575899188c0bfb1d048f9a4a69,63651f1b650ba00f6a69f98bd79b8b8708ada257
main,D7,tcate_functional_rmse,causal_drf,0.0661654168557202,0.0032968262504026557,40,a871fd7b6ab72544e1f0f317c16cb18551759b575899188c0bfb1d048f9a4a69,63651f1b650ba00f6a69f98bd79b8b8708ada257
main,D7,tcate_functional_rmse,pta_s,0.024118433065767407,0.001636319483568721,40,a871fd7b6ab72544e1f0f317c16cb18551759b575899188c0bfb1d048f9a4a69,63651f1b650ba00f6a69f98bd79b8b8708ada257
main,D7,reference_tcate_rmse,cwdb_v1,0.030944645968999752,0.0021347187097389545,40,a871fd7b6ab72544e1f0f317c16cb18551759b575899188c0bfb1d048f9a4a69,63651f1b650ba00f6a69f98bd79b8b8708ada257
main,D7,reference_tcate_rmse,cwdb_v0,0.03740762419744554,0.002309979236615326,40,a871fd7b6ab72544e1f0f317c16cb18551759b575899188c0bfb1d048f9a4a69,63651f1b650ba00f6a69f98bd79b8b8708ada257
main,D7,reference_tcate_rmse,wdrft,0.03287524455123415,0.0022929371088139267,40,a871fd7b6ab72544e1f0f317c16cb18551759b575899188c0bfb1d048f9a4a69,63651f1b650ba00f6a69f98bd79b8b8708ada257
main,D7,reference_tcate_rmse,causal_drf,0.025006741798850474,0.0020844895942432194,40,a871fd7b6ab72544e1f0f317c16cb18551759b575899188c0bfb1d048f9a4a69,63651f1b650ba00f6a69f98bd79b8b8708ada257
main,D7,reference_tcate_rmse,pta_s,0.024341649229076924,0.0018935031522175666,40,a871fd7b6ab72544e1f0f317c16cb18551759b575899188c0bfb1d048f9a4a69,63651f1b650ba00f6a69f98bd79b8b8708ada257
main,D7,reference_effect_rmse,cwdb_v1,0.020358185102170842,0.0022879704696259283,40,a871fd7b6ab72544e1f0f317c16cb18551759b575899188c0bfb1d048f9a4a69,63651f1b650ba00f6a69f98bd79b8b8708ada257
main,D7,reference_effect_rmse,cwdb_v0,0.021242551012765242,0.0018512201428377477,40,a871fd7b6ab72544e1f0f317c16cb18551759b575899188c0bfb1d048f9a4a69,63651f1b650ba00f6a69f98bd79b8b8708ada257
main,D7,reference_effect_rmse,wdrft,0.01683958354847769,0.0023365051833951268,40,a871fd7b6ab72544e1f0f317c16cb18551759b575899188c0bfb1d048f9a4a69,63651f1b650ba00f6a69f98bd79b8b8708ada257
main,D7,reference_effect_rmse,causal_drf,0.0166701072925399,0.002374614586572291,40,a871fd7b6ab72544e1f0f317c16cb18551759b575899188c0bfb1d048f9a4a69,63651f1b650ba00f6a69f98bd79b8b8708ada257
main,D7,reference_effect_rmse,pta_s,0.015766535740793487,0.002170382827457494,40,a871fd7b6ab72544e1f0f317c16cb18551759b575899188c0bfb1d048f9a4a69,63651f1b650ba00f6a69f98bd79b8b8708ada257
main,D7,tail_calibration,cwdb_v1,0.05414676853523538,0.001069913128581608,40,a871fd7b6ab72544e1f0f317c16cb18551759b575899188c0bfb1d048f9a4a69,63651f1b650ba00f6a69f98bd79b8b8708ada257
main,D7,tail_calibration,cwdb_v0,0.05919253591000308,0.0011684517358916005,40,a871fd7b6ab72544e1f0f317c16cb18551759b575899188c0bfb1d048f9a4a69,63651f1b650ba00f6a69f98bd79b8b8708ada257
main,D7,tail_calibration,wdrft,0.037164308665774096,0.000994135202819043,40,a871fd7b6ab72544e1f0f317c16cb18551759b575899188c0bfb1d048f9a4a69,63651f1b650ba00f6a69f98bd79b8b8708ada257
main,D7,tail_calibration,causal_drf,0.05492380221978721,0.00108769589589475,40,a871fd7b6ab72544e1f0f317c16cb18551759b575899188c0bfb1d048f9a4a69,63651f1b650ba00f6a69f98bd79b8b8708ada257
main,D7,mode_coverage,cwdb_v1,1.0,0.0,40,a871fd7b6ab72544e1f0f317c16cb18551759b575899188c0bfb1d048f9a4a69,63651f1b650ba00f6a69f98bd79b8b8708ada257
main,D7,mode_coverage,cwdb_v0,1.0,0.0,40,a871fd7b6ab72544e1f0f317c16cb18551759b575899188c0bfb1d048f9a4a69,63651f1b650ba00f6a69f98bd79b8b8708ada257
main,D7,mode_coverage,wdrft,1.0,0.0,40,a871fd7b6ab72544e1f0f317c16cb18551759b575899188c0bfb1d048f9a4a69,63651f1b650ba00f6a69f98bd79b8b8708ada257
main,D7,mode_coverage,causal_drf,1.0,0.0,40,a871fd7b6ab72544e1f0f317c16cb18551759b575899188c0bfb1d048f9a4a69,63651f1b650ba00f6a69f98bd79b8b8708ada257
main,D7,barycenter_rmse,cwdb_v1,0.19710095844966175,0.0037576175259373523,40,a871fd7b6ab72544e1f0f317c16cb18551759b575899188c0bfb1d048f9a4a69,63651f1b650ba00f6a69f98bd79b8b8708ada257
main,D7,barycenter_rmse,cwdb_v0,0.23028797619039815,0.0037021515918003053,40,a871fd7b6ab72544e1f0f317c16cb18551759b575899188c0bfb1d048f9a4a69,63651f1b650ba00f6a69f98bd79b8b8708ada257
main,D7,barycenter_rmse,wdrft,0.20815056805726204,0.0021421768223588997,40,a871fd7b6ab72544e1f0f317c16cb18551759b575899188c0bfb1d048f9a4a69,63651f1b650ba00f6a69f98bd79b8b8708ada257
main,D7,barycenter_rmse,causal_drf,0.32007404790926086,0.005508912956204261,40,a871fd7b6ab72544e1f0f317c16cb18551759b575899188c0bfb1d048f9a4a69,63651f1b650ba00f6a69f98bd79b8b8708ada257
main,D7,barycenter_rmse,pta_s,0.13271361976468943,0.002721075270777124,40,a871fd7b6ab72544e1f0f317c16cb18551759b575899188c0bfb1d048f9a4a69,63651f1b650ba00f6a69f98bd79b8b8708ada257
main,D8,mean_quantile_rmse,cwdb_v1,0.18484591079692025,0.004090070207190177,40,a871fd7b6ab72544e1f0f317c16cb18551759b575899188c0bfb1d048f9a4a69,63651f1b650ba00f6a69f98bd79b8b8708ada257
main,D8,mean_quantile_rmse,cwdb_v0,0.34895407245280496,0.005828050284513071,40,a871fd7b6ab72544e1f0f317c16cb18551759b575899188c0bfb1d048f9a4a69,63651f1b650ba00f6a69f98bd79b8b8708ada257
main,D8,mean_quantile_rmse,wdrft,0.20132200230021352,0.00412895109088085,40,a871fd7b6ab72544e1f0f317c16cb18551759b575899188c0bfb1d048f9a4a69,63651f1b650ba00f6a69f98bd79b8b8708ada257
main,D8,mean_quantile_rmse,causal_drf,0.37690853518437095,0.012385948070061827,40,a871fd7b6ab72544e1f0f317c16cb18551759b575899188c0bfb1d048f9a4a69,63651f1b650ba00f6a69f98bd79b8b8708ada257
main,D8,mean_quantile_rmse,pta_s,0.09497675239928709,0.0029658315597439183,40,a871fd7b6ab72544e1f0f317c16cb18551759b575899188c0bfb1d048f9a4a69,63651f1b650ba00f6a69f98bd79b8b8708ada257
main,D8,kernel_law_error,cwdb_v1,0.017610212725947094,0.0005120507477996083,40,a871fd7b6ab72544e1f0f317c16cb18551759b575899188c0bfb1d048f9a4a69,63651f1b650ba00f6a69f98bd79b8b8708ada257
main,D8,kernel_law_error,cwdb_v0,0.024707717951139706,0.0007679159880705888,40,a871fd7b6ab72544e1f0f317c16cb18551759b575899188c0bfb1d048f9a4a69,63651f1b650ba00f6a69f98bd79b8b8708ada257
main,D8,kernel_law_error,wdrft,0.037550596909816485,0.0008298585803804725,40,a871fd7b6ab72544e1f0f317c16cb18551759b575899188c0bfb1d048f9a4a69,63651f1b650ba00f6a69f98bd79b8b8708ada257
main,D8,kernel_law_error,causal_drf,0.09306222309337134,0.00269606875762257,40,a871fd7b6ab72544e1f0f317c16cb18551759b575899188c0bfb1d048f9a4a69,63651f1b650ba00f6a69f98bd79b8b8708ada257
main,D8,arm_energy_risk,cwdb_v1,0.07267934483238939,0.001738523503075749,40,a871fd7b6ab72544e1f0f317c16cb18551759b575899188c0bfb1d048f9a4a69,63651f1b650ba00f6a69f98bd79b8b8708ada257
main,D8,arm_energy_risk,cwdb_v0,0.09933177696103199,0.0023355942869645574,40,a871fd7b6ab72544e1f0f317c16cb18551759b575899188c0bfb1d048f9a4a69,63651f1b650ba00f6a69f98bd79b8b8708ada257
main,D8,arm_energy_risk,wdrft,0.09715265016214578,0.0018315406092798724,40,a871fd7b6ab72544e1f0f317c16cb18551759b575899188c0bfb1d048f9a4a69,63651f1b650ba00f6a69f98bd79b8b8708ada257
main,D8,arm_energy_risk,causal_drf,0.20729073702811993,0.005209138607408337,40,a871fd7b6ab72544e1f0f317c16cb18551759b575899188c0bfb1d048f9a4a69,63651f1b650ba00f6a69f98bd79b8b8708ada257
main,D8,tcate_functional_rmse,cwdb_v1,0.05627165801411902,0.003013776136311967,40,a871fd7b6ab72544e1f0f317c16cb18551759b575899188c0bfb1d048f9a4a69,63651f1b650ba00f6a69f98bd79b8b8708ada257
main,D8,tcate_functional_rmse,cwdb_v0,0.054239161599013895,0.0029322846050572927,40,a871fd7b6ab72544e1f0f317c16cb18551759b575899188c0bfb1d048f9a4a69,63651f1b650ba00f6a69f98bd79b8b8708ada257
main,D8,tcate_functional_rmse,wdrft,0.05968328363686652,0.0025408962068912493,40,a871fd7b6ab72544e1f0f317c16cb18551759b575899188c0bfb1d048f9a4a69,63651f1b650ba00f6a69f98bd79b8b8708ada257
main,D8,tcate_functional_rmse,causal_drf,0.18929408973310274,0.006217156304514146,40,a871fd7b6ab72544e1f0f317c16cb18551759b575899188c0bfb1d048f9a4a69,63651f1b650ba00f6a69f98bd79b8b8708ada257
main,D8,tcate_functional_rmse,pta_s,0.03935844520455443,0.0020855686460666376,40,a871fd7b6ab72544e1f0f317c16cb18551759b575899188c0bfb1d048f9a4a69,63651f1b650ba00f6a69f98bd79b8b8708ada257
main,D8,reference_tcate_rmse,cwdb_v1,0.057577399088601246,0.003761121881104309,40,a871fd7b6ab72544e1f0f317c16cb18551759b575899188c0bfb1d048f9a4a69,63651f1b650ba00f6a69f98bd79b8b8708ada257
main,D8,reference_tcate_rmse,cwdb_v0,0.07281337341132707,0.005477803882977586,40,a871fd7b6ab72544e1f0f317c16cb18551759b575899188c0bfb1d048f9a4a69,63651f1b650ba00f6a69f98bd79b8b8708ada257
main,D8,reference_tcate_rmse,wdrft,0.08531045738811305,0.004703209053966244,40,a871fd7b6ab72544e1f0f317c16cb18551759b575899188c0bfb1d048f9a4a69,63651f1b650ba00f6a69f98bd79b8b8708ada257
main,D8,reference_tcate_rmse,causal_drf,0.08332076452172171,0.006537492303907703,40,a871fd7b6ab72544e1f0f317c16cb18551759b575899188c0bfb1d048f9a4a69,63651f1b650ba00f6a69f98bd79b8b8708ada257
main,D8,reference_tcate_rmse,pta_s,0.055813187886241344,0.0037611635628119816,40,a871fd7b6ab72544e1f0f317c16cb18551759b575899188c0bfb1d048f9a4a69,63651f1b650ba00f6a69f98bd79b8b8708ada257
main,D8,reference_effect_rmse,cwdb_v1,0.03284159075141503,0.004016551790713445,40,a871fd7b6ab72544e1f0f317c16cb18551759b575899188c0bfb1d048f9a4a69,63651f1b650ba00f6a69f98bd79b8b8708ada257
main,D8,reference_effect_rmse,cwdb_v0,0.034839607470128806,0.004414274519556805,40,a871fd7b6ab72544e1f0f317c16cb18551759b575899188c0bfb1d048f9a4a69,63651f1b650ba00f6a69f98bd79b8b8708ada257
main,D8,reference_effect_rmse,wdrft,0.05431257053675701,0.005993233711847917,40,a871fd7b6ab72544e1f0f317c16cb18551759b575899188c0bfb1d048f9a4a69,63651f1b650ba00f6a69f98bd79b8b8708ada257
main,D8,reference_effect_rmse,causal_drf,0.05714020920348497,0.006943516631477078,40,a871fd7b6ab72544e1f0f317c16cb18551759b575899188c0bfb1d048f9a4a69,63651f1b650ba00f6a69f98bd79b8b8708ada257
main,D8,reference_effect_rmse,pta_s,0.039737345182203246,0.004246153012697649,40,a871fd7b6ab72544e1f0f317c16cb18551759b575899188c0bfb1d048f9a4a69,63651f1b650ba00f6a69f98bd79b8b8708ada257
main,D8,tail_calibration,cwdb_v1,0.10273457089711621,0.0025753876101005753,40,a871fd7b6ab72544e1f0f317c16cb18551759b575899188c0bfb1d048f9a4a69,63651f1b650ba00f6a69f98bd79b8b8708ada257
main,D8,tail_calibration,cwdb_v0,0.11841199683177331,0.0030032470455925633,40,a871fd7b6ab72544e1f0f317c16cb18551759b575899188c0bfb1d048f9a4a69,63651f1b650ba00f6a69f98bd79b8b8708ada257
main,D8,tail_calibration,wdrft,0.11308306151298994,0.0021936072634469207,40,a871fd7b6ab72544e1f0f317c16cb18551759b575899188c0bfb1d048f9a4a69,63651f1b650ba00f6a69f98bd79b8b8708ada257
main,D8,tail_calibration,causal_drf,0.21520822901739237,0.0036314625126050073,40,a871fd7b6ab72544e1f0f317c16cb18551759b575899188c0bfb1d048f9a4a69,63651f1b650ba00f6a69f98bd79b8b8708ada257
main,D8,mode_coverage,cwdb_v1,1.0,0.0,40,a871fd7b6ab72544e1f0f317c16cb18551759b575899188c0bfb1d048f9a4a69,63651f1b650ba00f6a69f98bd79b8b8708ada257
main,D8,mode_coverage,cwdb_v0,0.9996875,0.0001323935227712977,40,a871fd7b6ab72544e1f0f317c16cb18551759b575899188c0bfb1d048f9a4a69,63651f1b650ba00f6a69f98bd79b8b8708ada257
main,D8,mode_coverage,wdrft,1.0,0.0,40,a871fd7b6ab72544e1f0f317c16cb18551759b575899188c0bfb1d048f9a4a69,63651f1b650ba00f6a69f98bd79b8b8708ada257
main,D8,mode_coverage,causal_drf,0.9999375,6.249999999999867e-05,40,a871fd7b6ab72544e1f0f317c16cb18551759b575899188c0bfb1d048f9a4a69,63651f1b650ba00f6a69f98bd79b8b8708ada257
main,D8,barycenter_rmse,cwdb_v1,0.271156430977578,0.00367790841158096,40,a871fd7b6ab72544e1f0f317c16cb18551759b575899188c0bfb1d048f9a4a69,63651f1b650ba00f6a69f98bd79b8b8708ada257
main,D8,barycenter_rmse,cwdb_v0,0.31868757720197466,0.004788790103021927,40,a871fd7b6ab72544e1f0f317c16cb18551759b575899188c0bfb1d048f9a4a69,63651f1b650ba00f6a69f98bd79b8b8708ada257
main,D8,barycenter_rmse,wdrft,0.39275165170796117,0.003896626932523839,40,a871fd7b6ab72544e1f0f317c16cb18551759b575899188c0bfb1d048f9a4a69,63651f1b650ba00f6a69f98bd79b8b8708ada257
main,D8,barycenter_rmse,causal_drf,0.660713166630684,0.010622078639862363,40,a871fd7b6ab72544e1f0f317c16cb18551759b575899188c0bfb1d048f9a4a69,63651f1b650ba00f6a69f98bd79b8b8708ada257
main,D8,barycenter_rmse,pta_s,0.19425828498599185,0.0034202038559758485,40,a871fd7b6ab72544e1f0f317c16cb18551759b575899188c0bfb1d048f9a4a69,63651f1b650ba00f6a69f98bd79b8b8708ada257
main,D9,mean_quantile_rmse,cwdb_v1,0.2503155041520706,0.006514126737212268,40,a871fd7b6ab72544e1f0f317c16cb18551759b575899188c0bfb1d048f9a4a69,63651f1b650ba00f6a69f98bd79b8b8708ada257
main,D9,mean_quantile_rmse,cwdb_v0,0.3406842932105452,0.005667179696423815,40,a871fd7b6ab72544e1f0f317c16cb18551759b575899188c0bfb1d048f9a4a69,63651f1b650ba00f6a69f98bd79b8b8708ada257
main,D9,mean_quantile_rmse,wdrft,0.22396952527306951,0.00666339074260483,40,a871fd7b6ab72544e1f0f317c16cb18551759b575899188c0bfb1d048f9a4a69,63651f1b650ba00f6a69f98bd79b8b8708ada257
main,D9,mean_quantile_rmse,causal_drf,0.27796845046771407,0.006973094964288739,40,a871fd7b6ab72544e1f0f317c16cb18551759b575899188c0bfb1d048f9a4a69,63651f1b650ba00f6a69f98bd79b8b8708ada257
main,D9,mean_quantile_rmse,pta_s,0.18995968498554322,0.004500875193069593,40,a871fd7b6ab72544e1f0f317c16cb18551759b575899188c0bfb1d048f9a4a69,63651f1b650ba00f6a69f98bd79b8b8708ada257
main,D9,kernel_law_error,cwdb_v1,0.01688362384226882,0.0007308322529876387,40,a871fd7b6ab72544e1f0f317c16cb18551759b575899188c0bfb1d048f9a4a69,63651f1b650ba00f6a69f98bd79b8b8708ada257
main,D9,kernel_law_error,cwdb_v0,0.019084532104792284,0.0005972863067557338,40,a871fd7b6ab72544e1f0f317c16cb18551759b575899188c0bfb1d048f9a4a69,63651f1b650ba00f6a69f98bd79b8b8708ada257
main,D9,kernel_law_error,wdrft,0.01616638214360685,0.0006187784970176784,40,a871fd7b6ab72544e1f0f317c16cb18551759b575899188c0bfb1d048f9a4a69,63651f1b650ba00f6a69f98bd79b8b8708ada257
main,D9,kernel_law_error,causal_drf,0.026014433315470896,0.0008440296684025545,40,a871fd7b6ab72544e1f0f317c16cb18551759b575899188c0bfb1d048f9a4a69,63651f1b650ba00f6a69f98bd79b8b8708ada257
main,D9,arm_energy_risk,cwdb_v1,0.06746392399194956,0.002380663854745769,40,a871fd7b6ab72544e1f0f317c16cb18551759b575899188c0bfb1d048f9a4a69,63651f1b650ba00f6a69f98bd79b8b8708ada257
main,D9,arm_energy_risk,cwdb_v0,0.08503100702738128,0.0019676662654595045,40,a871fd7b6ab72544e1f0f317c16cb18551759b575899188c0bfb1d048f9a4a69,63651f1b650ba00f6a69f98bd79b8b8708ada257
main,D9,arm_energy_risk,wdrft,0.04489255374055012,0.0014322431273101717,40,a871fd7b6ab72544e1f0f317c16cb18551759b575899188c0bfb1d048f9a4a69,63651f1b650ba00f6a69f98bd79b8b8708ada257
main,D9,arm_energy_risk,causal_drf,0.06685194330405435,0.0018160862515852734,40,a871fd7b6ab72544e1f0f317c16cb18551759b575899188c0bfb1d048f9a4a69,63651f1b650ba00f6a69f98bd79b8b8708ada257
main,D9,tcate_functional_rmse,cwdb_v1,0.10979763824625426,0.004141266414672183,40,a871fd7b6ab72544e1f0f317c16cb18551759b575899188c0bfb1d048f9a4a69,63651f1b650ba00f6a69f98bd79b8b8708ada257
main,D9,tcate_functional_rmse,cwdb_v0,0.07153660652221885,0.003988591481349887,40,a871fd7b6ab72544e1f0f317c16cb18551759b575899188c0bfb1d048f9a4a69,63651f1b650ba00f6a69f98bd79b8b8708ada257
main,D9,tcate_functional_rmse,wdrft,0.1004744313148985,0.004455465519930161,40,a871fd7b6ab72544e1f0f317c16cb18551759b575899188c0bfb1d048f9a4a69,63651f1b650ba00f6a69f98bd79b8b8708ada257
main,D9,tcate_functional_rmse,causal_drf,0.133211106159852,0.004229376546326851,40,a871fd7b6ab72544e1f0f317c16cb18551759b575899188c0bfb1d048f9a4a69,63651f1b650ba00f6a69f98bd79b8b8708ada257
main,D9,tcate_functional_rmse,pta_s,0.07523262144180029,0.0030237535656980146,40,a871fd7b6ab72544e1f0f317c16cb18551759b575899188c0bfb1d048f9a4a69,63651f1b650ba00f6a69f98bd79b8b8708ada257
main,D9,reference_tcate_rmse,cwdb_v1,0.08317456335487686,0.005766437668798438,40,a871fd7b6ab72544e1f0f317c16cb18551759b575899188c0bfb1d048f9a4a69,63651f1b650ba00f6a69f98bd79b8b8708ada257
main,D9,reference_tcate_rmse,cwdb_v0,0.07644499889427954,0.00472402121610807,40,a871fd7b6ab72544e1f0f317c16cb18551759b575899188c0bfb1d048f9a4a69,63651f1b650ba00f6a69f98bd79b8b8708ada257
main,D9,reference_tcate_rmse,wdrft,0.09805439516739205,0.004859910258850233,40,a871fd7b6ab72544e1f0f317c16cb18551759b575899188c0bfb1d048f9a4a69,63651f1b650ba00f6a69f98bd79b8b8708ada257
main,D9,reference_tcate_rmse,causal_drf,0.10331874025219853,0.0031714368681296807,40,a871fd7b6ab72544e1f0f317c16cb18551759b575899188c0bfb1d048f9a4a69,63651f1b650ba00f6a69f98bd79b8b8708ada257
main,D9,reference_tcate_rmse,pta_s,0.10211697917048852,0.004796567241580779,40,a871fd7b6ab72544e1f0f317c16cb18551759b575899188c0bfb1d048f9a4a69,63651f1b650ba00f6a69f98bd79b8b8708ada257
main,D9,reference_effect_rmse,cwdb_v1,0.04374061889571575,0.0055982517456985475,40,a871fd7b6ab72544e1f0f317c16cb18551759b575899188c0bfb1d048f9a4a69,63651f1b650ba00f6a69f98bd79b8b8708ada257
main,D9,reference_effect_rmse,cwdb_v0,0.03783750119352061,0.0047747940572797016,40,a871fd7b6ab72544e1f0f317c16cb18551759b575899188c0bfb1d048f9a4a69,63651f1b650ba00f6a69f98bd79b8b8708ada257
main,D9,reference_effect_rmse,wdrft,0.025837303477262586,0.0032664945682492055,40,a871fd7b6ab72544e1f0f317c16cb18551759b575899188c0bfb1d048f9a4a69,63651f1b650ba00f6a69f98bd79b8b8708ada257
main,D9,reference_effect_rmse,causal_drf,0.03138567941456405,0.003371509057656628,40,a871fd7b6ab72544e1f0f317c16cb18551759b575899188c0bfb1d048f9a4a69,63651f1b650ba00f6a69f98bd79b8b8708ada257
main,D9,reference_effect_rmse,pta_s,0.04489433444030777,0.00491029653919091,40,a871fd7b6ab72544e1f0f317c16cb18551759b575899188c0bfb1d048f9a4a69,63651f1b650ba00f6a69f98bd79b8b8708ada257
main,D9,tail_calibration,cwdb_v1,0.11527921818474536,0.002826129822240839,40,a871fd7b6ab72544e1f0f317c16cb18551759b575899188c0bfb1d048f9a4a69,63651f1b650ba00f6a69f98bd79b8b8708ada257
main,D9,tail_calibration,cwdb_v0,0.1255072515654202,0.002330985509894307,40,a871fd7b6ab72544e1f0f317c16cb18551759b575899188c0bfb1d048f9a4a69,63651f1b650ba00f6a69f98bd79b8b8708ada257
main,D9,tail_calibration,wdrft,0.10498287311742827,0.0023561625594541893,40,a871fd7b6ab72544e1f0f317c16cb18551759b575899188c0bfb1d048f9a4a69,63651f1b650ba00f6a69f98bd79b8b8708ada257
main,D9,tail_calibration,causal_drf,0.13096725914924956,0.0024478851709894417,40,a871fd7b6ab72544e1f0f317c16cb18551759b575899188c0bfb1d048f9a4a69,63651f1b650ba00f6a69f98bd79b8b8708ada257
main,D9,mode_coverage,cwdb_v1,1.0,0.0,40,a871fd7b6ab72544e1f0f317c16cb18551759b575899188c0bfb1d048f9a4a69,63651f1b650ba00f6a69f98bd79b8b8708ada257
main,D9,mode_coverage,cwdb_v0,1.0,0.0,40,a871fd7b6ab72544e1f0f317c16cb18551759b575899188c0bfb1d048f9a4a69,63651f1b650ba00f6a69f98bd79b8b8708ada257
main,D9,mode_coverage,wdrft,1.0,0.0,40,a871fd7b6ab72544e1f0f317c16cb18551759b575899188c0bfb1d048f9a4a69,63651f1b650ba00f6a69f98bd79b8b8708ada257
main,D9,mode_coverage,causal_drf,1.0,0.0,40,a871fd7b6ab72544e1f0f317c16cb18551759b575899188c0bfb1d048f9a4a69,63651f1b650ba00f6a69f98bd79b8b8708ada257
main,D9,barycenter_rmse,cwdb_v1,0.24174708656673585,0.005091543941697773,40,a871fd7b6ab72544e1f0f317c16cb18551759b575899188c0bfb1d048f9a4a69,63651f1b650ba00f6a69f98bd79b8b8708ada257
main,D9,barycenter_rmse,cwdb_v0,0.2543454598473791,0.003867536989400256,40,a871fd7b6ab72544e1f0f317c16cb18551759b575899188c0bfb1d048f9a4a69,63651f1b650ba00f6a69f98bd79b8b8708ada257
main,D9,barycenter_rmse,wdrft,0.23916898664183286,0.004451079094361538,40,a871fd7b6ab72544e1f0f317c16cb18551759b575899188c0bfb1d048f9a4a69,63651f1b650ba00f6a69f98bd79b8b8708ada257
main,D9,barycenter_rmse,causal_drf,0.30840210251671996,0.005491098481439243,40,a871fd7b6ab72544e1f0f317c16cb18551759b575899188c0bfb1d048f9a4a69,63651f1b650ba00f6a69f98bd79b8b8708ada257
main,D9,barycenter_rmse,pta_s,0.17732414525447887,0.0036741121777952544,40,a871fd7b6ab72544e1f0f317c16cb18551759b575899188c0bfb1d048f9a4a69,63651f1b650ba00f6a69f98bd79b8b8708ada257
particles,D1,mean_quantile_rmse,cwdb_v1,0.1663986892971299,0.0014212869879914655,80,a871fd7b6ab72544e1f0f317c16cb18551759b575899188c0bfb1d048f9a4a69,63651f1b650ba00f6a69f98bd79b8b8708ada257
particles,D1,mean_quantile_rmse,sqw2_booster,0.13654439112477296,0.0011518597763317884,80,a871fd7b6ab72544e1f0f317c16cb18551759b575899188c0bfb1d048f9a4a69,63651f1b650ba00f6a69f98bd79b8b8708ada257
particles,D1,kernel_law_error,cwdb_v1,0.010860211203473887,0.0001331447281598144,80,a871fd7b6ab72544e1f0f317c16cb18551759b575899188c0bfb1d048f9a4a69,63651f1b650ba00f6a69f98bd79b8b8708ada257
particles,D1,kernel_law_error,sqw2_booster,0.00912110849705903,0.00010652126601657118,80,a871fd7b6ab72544e1f0f317c16cb18551759b575899188c0bfb1d048f9a4a69,63651f1b650ba00f6a69f98bd79b8b8708ada257
particles,D1,arm_energy_risk,cwdb_v1,0.06140457473978134,0.0019421984690976115,80,a871fd7b6ab72544e1f0f317c16cb18551759b575899188c0bfb1d048f9a4a69,63651f1b650ba00f6a69f98bd79b8b8708ada257
particles,D1,arm_energy_risk,sqw2_booster,0.13180659862363336,0.00033359395036259117,80,a871fd7b6ab72544e1f0f317c16cb18551759b575899188c0bfb1d048f9a4a69,63651f1b650ba00f6a69f98bd79b8b8708ada257
particles,D1,tcate_functional_rmse,cwdb_v1,0.05202543791042104,0.0014463775423526352,80,a871fd7b6ab72544e1f0f317c16cb18551759b575899188c0bfb1d048f9a4a69,63651f1b650ba00f6a69f98bd79b8b8708ada257
particles,D1,tcate_functional_rmse,sqw2_booster,0.03908177478276399,0.0008508141825092196,80,a871fd7b6ab72544e1f0f317c16cb18551759b575899188c0bfb1d048f9a4a69,63651f1b650ba00f6a69f98bd79b8b8708ada257
particles,D1,reference_tcate_rmse,cwdb_v1,0.05055043154116423,0.0017353026782383912,80,a871fd7b6ab72544e1f0f317c16cb18551759b575899188c0bfb1d048f9a4a69,63651f1b650ba00f6a69f98bd79b8b8708ada257
particles,D1,reference_tcate_rmse,sqw2_booster,0.06316841964126971,0.002218012624400648,80,a871fd7b6ab72544e1f0f317c16cb18551759b575899188c0bfb1d048f9a4a69,63651f1b650ba00f6a69f98bd79b8b8708ada257
particles,D1,reference_effect_rmse,cwdb_v1,0.02454947061116053,0.0020306627285855403,80,a871fd7b6ab72544e1f0f317c16cb18551759b575899188c0bfb1d048f9a4a69,63651f1b650ba00f6a69f98bd79b8b8708ada257
particles,D1,reference_effect_rmse,sqw2_booster,0.053226721757540396,0.002721210489092385,80,a871fd7b6ab72544e1f0f317c16cb18551759b575899188c0bfb1d048f9a4a69,63651f1b650ba00f6a69f98bd79b8b8708ada257
particles,D1,tail_calibration,cwdb_v1,0.106632923155588,0.002179193037154294,80,a871fd7b6ab72544e1f0f317c16cb18551759b575899188c0bfb1d048f9a4a69,63651f1b650ba00f6a69f98bd79b8b8708ada257
particles,D1,tail_calibration,sqw2_booster,0.16519761265180416,0.0011532358659591742,80,a871fd7b6ab72544e1f0f317c16cb18551759b575899188c0bfb1d048f9a4a69,63651f1b650ba00f6a69f98bd79b8b8708ada257
particles,D1,mode_coverage,cwdb_v1,1.0,0.0,80,a871fd7b6ab72544e1f0f317c16cb18551759b575899188c0bfb1d048f9a4a69,63651f1b650ba00f6a69f98bd79b8b8708ada257
particles,D1,mode_coverage,sqw2_booster,1.0,0.0,80,a871fd7b6ab72544e1f0f317c16cb18551759b575899188c0bfb1d048f9a4a69,63651f1b650ba00f6a69f98bd79b8b8708ada257
particles,D1,barycenter_rmse,cwdb_v1,0.19060533069181287,0.0008087253104963907,80,a871fd7b6ab72544e1f0f317c16cb18551759b575899188c0bfb1d048f9a4a69,63651f1b650ba00f6a69f98bd79b8b8708ada257
particles,D1,barycenter_rmse,sqw2_booster,0.1606237990680766,0.0005752316683638112,80,a871fd7b6ab72544e1f0f317c16cb18551759b575899188c0bfb1d048f9a4a69,63651f1b650ba00f6a69f98bd79b8b8708ada257
particles,D6,mean_quantile_rmse,cwdb_v1,0.24142419735303955,0.005100682466456692,80,a871fd7b6ab72544e1f0f317c16cb18551759b575899188c0bfb1d048f9a4a69,63651f1b650ba00f6a69f98bd79b8b8708ada257
particles,D6,mean_quantile_rmse,sqw2_booster,0.3643577870543105,0.0044943707575991814,80,a871fd7b6ab72544e1f0f317c16cb18551759b575899188c0bfb1d048f9a4a69,63651f1b650ba00f6a69f98bd79b8b8708ada257
particles,D6,kernel_law_error,cwdb_v1,0.019504891034802997,0.00040945970916400897,80,a871fd7b6ab72544e1f0f317c16cb18551759b575899188c0bfb1d048f9a4a69,63651f1b650ba00f6a69f98bd79b8b8708ada257
particles,D6,kernel_law_error,sqw2_booster,0.1759526594011976,0.0005679561340449795,80,a871fd7b6ab72544e1f0f317c16cb18551759b575899188c0bfb1d048f9a4a69,63651f1b650ba00f6a69f98bd79b8b8708ada257
particles,D6,arm_energy_risk,cwdb_v1,0.08155265609409097,0.0019370273184989876,80,a871fd7b6ab72544e1f0f317c16cb18551759b575899188c0bfb1d048f9a4a69,63651f1b650ba00f6a69f98bd79b8b8708ada257
particles,D6,arm_energy_risk,sqw2_booster,0.6732835810067661,0.0002878607016521296,80,a871fd7b6ab72544e1f0f317c16cb18551759b575899188c0bfb1d048f9a4a69,63651f1b650ba00f6a69f98bd79b8b8708ada257
particles,D6,tcate_functional_rmse,cwdb_v1,0.08154262812697985,0.003233935275866032,80,a871fd7b6ab72544e1f0f317c16cb18551759b575899188c0bfb1d048f9a4a69,63651f1b650ba00f6a69f98bd79b8b8708ada257
particles,D6,tcate_functional_rmse,sqw2_booster,0.08050294438475743,0.0033116259483298377,80,a871fd7b6ab72544e1f0f317c16cb18551759b575899188c0bfb1d048f9a4a69,63651f1b650ba00f6a69f98bd79b8b8708ada257
particles,D6,reference_tcate_rmse,cwdb_v1,0.07117435810802922,0.0034037800369341406,80,a871fd7b6ab72544e1f0f317c16cb18551759b575899188c0bfb1d048f9a4a69,63651f1b650ba00f6a69f98bd79b8b8708ada257
particles,D6,reference_tcate_rmse,sqw2_booster,0.2598925084085174,0.0048668909843800475,80,a871fd7b6ab72544e1f0f317c16cb18551759b575899188c0bfb1d048f9a4a69,63651f1b650ba00f6a69f98bd79b8b8708ada257
particles,D6,reference_effect_rmse,cwdb_v1,0.04247343340340519,0.003346081427162119,80,a871fd7b6ab72544e1f0f317c16cb18551759b575899188c0bfb1d048f9a4a69,63651f1b650ba00f6a69f98bd79b8b8708ada257
particles,D6,reference_effect_rmse,sqw2_booster,0.2298527757002235,0.004572456686874895,80,a871fd7b6ab72544e1f0f317c16cb18551759b575899188c0bfb1d048f9a4a69,63651f1b650ba00f6a69f98bd79b8b8708ada257
particles,D6,tail_calibration,cwdb_v1,0.08950980232638195,0.0020887202990355846,80,a871fd7b6ab72544e1f0f317c16cb18551759b575899188c0bfb1d048f9a4a69,63651f1b650ba00f6a69f98bd79b8b8708ada257
particles,D6,tail_calibration,sqw2_booster,0.4340472150320583,0.0007484330357175924,80,a871fd7b6ab72544e1f0f317c16cb18551759b575899188c0bfb1d048f9a4a69,63651f1b650ba00f6a69f98bd79b8b8708ada257
particles,D6,mode_coverage,cwdb_v1,0.9945625,0.0010566667872925165,80,a871fd7b6ab72544e1f0f317c16cb18551759b575899188c0bfb1d048f9a4a69,63651f1b650ba00f6a69f98bd79b8b8708ada257
particles,D6,mode_coverage,sqw2_booster,0.175125,0.0021108988576769307,80,a871fd7b6ab72544e1f0f317c16cb18551759b575899188c0bfb1d048f9a4a69,63651f1b650ba00f6a69f98bd79b8b8708ada257
particles,D6,barycenter_rmse,cwdb_v1,0.31413501226058405,0.004099009319245921,80,a871fd7b6ab72544e1f0f317c16cb18551759b575899188c0bfb1d048f9a4a69,63651f1b650ba00f6a69f98bd79b8b8708ada257
particles,D6,barycenter_rmse,sqw2_booster,0.5555423723410435,0.0026677744859417677,80,a871fd7b6ab72544e1f0f317c16cb18551759b575899188c0bfb1d048f9a4a69,63651f1b650ba00f6a69f98bd79b8b8708ada257
resolution,D1,mean_quantile_rmse,cwdb_v1,0.17394350544451545,0.005260302003561286,10,a871fd7b6ab72544e1f0f317c16cb18551759b575899188c0bfb1d048f9a4a69,63651f1b650ba00f6a69f98bd79b8b8708ada257
resolution,D1,mean_quantile_rmse,cwdb_v0,0.2759673047426565,0.0031597109461381197,10,a871fd7b6ab72544e1f0f317c16cb18551759b575899188c0bfb1d048f9a4a69,63651f1b650ba00f6a69f98bd79b8b8708ada257
resolution,D1,mean_quantile_rmse,wdrft,0.1517352488282496,0.003361443502762537,10,a871fd7b6ab72544e1f0f317c16cb18551759b575899188c0bfb1d048f9a4a69,63651f1b650ba00f6a69f98bd79b8b8708ada257
resolution,D1,mean_quantile_rmse,causal_drf,0.16379798387085698,0.006770759520442883,10,a871fd7b6ab72544e1f0f317c16cb18551759b575899188c0bfb1d048f9a4a69,63651f1b650ba00f6a69f98bd79b8b8708ada257
resolution,D1,kernel_law_error,cwdb_v1,0.011023379034389432,0.00018851133118394343,10,a871fd7b6ab72544e1f0f317c16cb18551759b575899188c0bfb1d048f9a4a69,63651f1b650ba00f6a69f98bd79b8b8708ada257
resolution,D1,kernel_law_error,cwdb_v0,0.013597011659843736,0.0003031150967925955,10,a871fd7b6ab72544e1f0f317c16cb18551759b575899188c0bfb1d048f9a4a69,63651f1b650ba00f6a69f98bd79b8b8708ada257
resolution,D1,kernel_law_error,wdrft,0.01096429516179514,0.0002458359257151829,10,a871fd7b6ab72544e1f0f317c16cb18551759b575899188c0bfb1d048f9a4a69,63651f1b650ba00f6a69f98bd79b8b8708ada257
resolution,D1,kernel_law_error,causal_drf,0.02052872106086017,0.000652352506611663,10,a871fd7b6ab72544e1f0f317c16cb18551759b575899188c0bfb1d048f9a4a69,63651f1b650ba00f6a69f98bd79b8b8708ada257
resolution,D1,arm_energy_risk,cwdb_v1,0.05201537874946538,0.0006195756129193372,10,a871fd7b6ab72544e1f0f317c16cb18551759b575899188c0bfb1d048f9a4a69,63651f1b650ba00f6a69f98bd79b8b8708ada257
resolution,D1,arm_energy_risk,cwdb_v0,0.06593099875730869,0.0009617578231075107,10,a871fd7b6ab72544e1f0f317c16cb18551759b575899188c0bfb1d048f9a4a69,63651f1b650ba00f6a69f98bd79b8b8708ada257
resolution,D1,arm_energy_risk,wdrft,0.031754960708873584,0.0004272441507601428,10,a871fd7b6ab72544e1f0f317c16cb18551759b575899188c0bfb1d048f9a4a69,63651f1b650ba00f6a69f98bd79b8b8708ada257
resolution,D1,arm_energy_risk,causal_drf,0.05323993314503526,0.0013495918583808794,10,a871fd7b6ab72544e1f0f317c16cb18551759b575899188c0bfb1d048f9a4a69,63651f1b650ba00f6a69f98bd79b8b8708ada257
resolution,D1,tcate_functional_rmse,cwdb_v1,0.062389332774960025,0.0043630723802984385,10,a871fd7b6ab72544e1f0f317c16cb18551759b575899188c0bfb1d048f9a4a69,63651f1b650ba00f6a69f98bd79b8b8708ada257
resolution,D1,tcate_functional_rmse,cwdb_v0,0.04643180630533378,0.003279823758767198,10,a871fd7b6ab72544e1f0f317c16cb18551759b575899188c0bfb1d048f9a4a69,63651f1b650ba00f6a69f98bd79b8b8708ada257
resolution,D1,tcate_functional_rmse,wdrft,0.05404718188887451,0.002842004300238222,10,a871fd7b6ab72544e1f0f317c16cb18551759b575899188c0bfb1d048f9a4a69,63651f1b650ba00f6a69f98bd79b8b8708ada257
resolution,D1,tcate_functional_rmse,causal_drf,0.06438518632180208,0.004569719941730893,10,a871fd7b6ab72544e1f0f317c16cb18551759b575899188c0bfb1d048f9a4a69,63651f1b650ba00f6a69f98bd79b8b8708ada257
resolution,D1,reference_tcate_rmse,cwdb_v1,0.052837744131864296,0.005658039600574281,10,a871fd7b6ab72544e1f0f317c16cb18551759b575899188c0bfb1d048f9a4a69,63651f1b650ba00f6a69f98bd79b8b8708ada257
resolution,D1,reference_tcate_rmse,cwdb_v0,0.038426597045752776,0.005209204052902395,10,a871fd7b6ab72544e1f0f317c16cb18551759b575899188c0bfb1d048f9a4a69,63651f1b650ba00f6a69f98bd79b8b8708ada257
resolution,D1,reference_tcate_rmse,wdrft,0.07913390550084018,0.00439574751227013,10,a871fd7b6ab72544e1f0f317c16cb18551759b575899188c0bfb1d048f9a4a69,63651f1b650ba00f6a69f98bd79b8b8708ada257
resolution,D1,reference_tcate_rmse,causal_drf,0.06391367822793506,0.00616489030105017,10,a871fd7b6ab72544e1f0f317c16cb18551759b575899188c0bfb1d048f9a4a69,63651f1b650ba00f6a69f98bd79b8b8708ada257
resolution,D1,reference_effect_rmse,cwdb_v1,0.027804997600724423,0.006270441704527426,10,a871fd7b6ab72544e1f0f317c16cb18551759b575899188c0bfb1d048f9a4a69,63651f1b650ba00f6a69f98bd79b8b8708ada257
resolution,D1,reference_effect_rmse,cwdb_v0,0.02565429648511981,0.0071258911219669605,10,a871fd7b6ab72544e1f0f317c16cb18551759b575899188c0bfb1d048f9a4a69,63651f1b650ba00f6a69f98bd79b8b8708ada257
resolution,D1,reference_effect_rmse,wdrft,0.011951085212454499,0.004430510966506218,10,a871fd7b6ab72544e1f0f317c16cb18551759b575899188c0bfb1d048f9a4a69,63651f1b650ba00f6a69f98bd79b8b8708ada257
resolution,D1,reference_effect_rmse,causal_drf,0.012145508143571005,0.00514319993994502,10,a871fd7b6ab72544e1f0f317c16cb18551759b575899188c0bfb1d048f9a4a69,63651f1b650ba00f6a69f98bd79b8b8708ada257
resolution,D1,tail_calibration,cwdb_v1,0.08307868994190284,0.003261076929770805,10,a871fd7b6ab72544e1f0f317c16cb18551759b575899188c0bfb1d048f9a4a69,63651f1b650ba00f6a69f98bd79b8b8708ada257
resolution,D1,tail_calibration,cwdb_v0,0.09616391065160781,0.0034517565536419004,10,a871fd7b6ab72544e1f0f317c16cb18551759b575899188c0bfb1d048f9a4a69,63651f1b650ba00f6a69f98bd79b8b8708ada257
resolution,D1,tail_calibration,wdrft,0.06465412809972744,0.0020188000346660112,10,a871fd7b6ab72544e1f0f317c16cb18551759b575899188c0bfb1d048f9a4a69,63651f1b650ba00f6a69f98bd79b8b8708ada257
resolution,D1,tail_calibration,causal_drf,0.09241182181995766,0.0018583609749814412,10,a871fd7b6ab72544e1f0f317c16cb18551759b575899188c0bfb1d048f9a4a69,63651f1b650ba00f6a69f98bd79b8b8708ada257
resolution,D1,mode_coverage,cwdb_v1,1.0,0.0,10,a871fd7b6ab72544e1f0f317c16cb18551759b575899188c0bfb1d048f9a4a69,63651f1b650ba00f6a69f98bd79b8b8708ada257
resolution,D1,mode_coverage,cwdb_v0,1.0,0.0,10,a871fd7b6ab72544e1f0f317c16cb18551759b575899188c0bfb1d048f9a4a69,63651f1b650ba00f6a69f98bd79b8b8708ada257
resolution,D1,mode_coverage,wdrft,1.0,0.0,10,a871fd7b6ab72544e1f0f317c16cb18551759b575899188c0bfb1d048f9a4a69,63651f1b650ba00f6a69f98bd79b8b8708ada257
resolution,D1,mode_coverage,causal_drf,1.0,0.0,10,a871fd7b6ab72544e1f0f317c16cb18551759b575899188c0bfb1d048f9a4a69,63651f1b650ba00f6a69f98bd79b8b8708ada257
resolution,D1,barycenter_rmse,cwdb_v1,0.1920861238749904,0.0021128720626205875,10,a871fd7b6ab72544e1f0f317c16cb18551759b575899188c0bfb1d048f9a4a69,63651f1b650ba00f6a69f98bd79b8b8708ada257
resolution,D1,barycenter_rmse,cwdb_v0,0.2148555771699398,0.002601043861624319,10,a871fd7b6ab72544e1f0f317c16cb18551759b575899188c0bfb1d048f9a4a69,63651f1b650ba00f6a69f98bd79b8b8708ada257
resolution,D1,barycenter_rmse,wdrft,0.19689600863459145,0.001605863004598834,10,a871fd7b6ab72544e1f0f317c16cb18551759b575899188c0bfb1d048f9a4a69,63651f1b650ba00f6a69f98bd79b8b8708ada257
resolution,D1,barycenter_rmse,causal_drf,0.27605607867957394,0.004804684585422446,10,a871fd7b6ab72544e1f0f317c16cb18551759b575899188c0bfb1d048f9a4a69,63651f1b650ba00f6a69f98bd79b8b8708ada257
resolution,D5,mean_quantile_rmse,cwdb_v1,0.15373388407648753,0.003871408727687319,10,a871fd7b6ab72544e1f0f317c16cb18551759b575899188c0bfb1d048f9a4a69,63651f1b650ba00f6a69f98bd79b8b8708ada257
resolution,D5,mean_quantile_rmse,cwdb_v0,0.26734342220791724,0.0037322550966302145,10,a871fd7b6ab72544e1f0f317c16cb18551759b575899188c0bfb1d048f9a4a69,63651f1b650ba00f6a69f98bd79b8b8708ada257
resolution,D5,mean_quantile_rmse,wdrft,0.10453004478843131,0.004420877900479905,10,a871fd7b6ab72544e1f0f317c16cb18551759b575899188c0bfb1d048f9a4a69,63651f1b650ba00f6a69f98bd79b8b8708ada257
resolution,D5,mean_quantile_rmse,causal_drf,0.08675380646296546,0.00787378535693688,10,a871fd7b6ab72544e1f0f317c16cb18551759b575899188c0bfb1d048f9a4a69,63651f1b650ba00f6a69f98bd79b8b8708ada257
resolution,D5,kernel_law_error,cwdb_v1,0.020029683139853042,0.0003001976082368438,10,a871fd7b6ab72544e1f0f317c16cb18551759b575899188c0bfb1d048f9a4a69,63651f1b650ba00f6a69f98bd79b8b8708ada257
resolution,D5,kernel_law_error,cwdb_v0,0.02107125967228634,0.0006256664176278532,10,a871fd7b6ab72544e1f0f317c16cb18551759b575899188c0bfb1d048f9a4a69,63651f1b650ba00f6a69f98bd79b8b8708ada257
resolution,D5,kernel_law_error,wdrft,0.03547638098529431,0.001098908804318426,10,a871fd7b6ab72544e1f0f317c16cb18551759b575899188c0bfb1d048f9a4a69,63651f1b650ba00f6a69f98bd79b8b8708ada257
resolution,D5,kernel_law_error,causal_drf,0.06627797890184786,0.005074545490781887,10,a871fd7b6ab72544e1f0f317c16cb18551759b575899188c0bfb1d048f9a4a69,63651f1b650ba00f6a69f98bd79b8b8708ada257
resolution,D5,arm_energy_risk,cwdb_v1,0.048018143066946815,0.000565548983883694,10,a871fd7b6ab72544e1f0f317c16cb18551759b575899188c0bfb1d048f9a4a69,63651f1b650ba00f6a69f98bd79b8b8708ada257
resolution,D5,arm_energy_risk,cwdb_v0,0.05824183871652487,0.000836562036429726,10,a871fd7b6ab72544e1f0f317c16cb18551759b575899188c0bfb1d048f9a4a69,63651f1b650ba00f6a69f98bd79b8b8708ada257
resolution,D5,arm_energy_risk,wdrft,0.04303387636649296,0.000689990680389229,10,a871fd7b6ab72544e1f0f317c16cb18551759b575899188c0bfb1d048f9a4a69,63651f1b650ba00f6a69f98bd79b8b8708ada257
resolution,D5,arm_energy_risk,causal_drf,0.07223941107895214,0.005103496393569649,10,a871fd7b6ab72544e1f0f317c16cb18551759b575899188c0bfb1d048f9a4a69,63651f1b650ba00f6a69f98bd79b8b8708ada257
resolution,D5,tcate_functional_rmse,cwdb_v1,0.032221272031819584,0.003231099799572802,10,a871fd7b6ab72544e1f0f317c16cb18551759b575899188c0bfb1d048f9a4a69,63651f1b650ba00f6a69f98bd79b8b8708ada257
resolution,D5,tcate_functional_rmse,cwdb_v0,0.03642565259481043,0.002761110152701267,10,a871fd7b6ab72544e1f0f317c16cb18551759b575899188c0bfb1d048f9a4a69,63651f1b650ba00f6a69f98bd79b8b8708ada257
resolution,D5,tcate_functional_rmse,wdrft,0.03143959348536536,0.0031489099721555853,10,a871fd7b6ab72544e1f0f317c16cb18551759b575899188c0bfb1d048f9a4a69,63651f1b650ba00f6a69f98bd79b8b8708ada257
resolution,D5,tcate_functional_rmse,causal_drf,0.038721338573960595,0.005887805889482019,10,a871fd7b6ab72544e1f0f317c16cb18551759b575899188c0bfb1d048f9a4a69,63651f1b650ba00f6a69f98bd79b8b8708ada257
resolution,D5,reference_tcate_rmse,cwdb_v1,0.08884147931521438,0.006389894239219394,10,a871fd7b6ab72544e1f0f317c16cb18551759b575899188c0bfb1d048f9a4a69,63651f1b650ba00f6a69f98bd79b8b8708ada257
resolution,D5,reference_tcate_rmse,cwdb_v0,0.0765277937922633,0.0069612964051051825,10,a871fd7b6ab72544e1f0f317c16cb18551759b575899188c0bfb1d048f9a4a69,63651f1b650ba00f6a69f98bd79b8b8708ada257
resolution,D5,reference_tcate_rmse,wdrft,0.02400620148081587,0.0022516553124221363,10,a871fd7b6ab72544e1f0f317c16cb18551759b575899188c0bfb1d048f9a4a69,63651f1b650ba00f6a69f98bd79b8b8708ada257
resolution,D5,reference_tcate_rmse,causal_drf,0.021083429278502163,0.0027461667386437967,10,a871fd7b6ab72544e1f0f317c16cb18551759b575899188c0bfb1d048f9a4a69,63651f1b650ba00f6a69f98bd79b8b8708ada257
resolution,D5,reference_effect_rmse,cwdb_v1,0.08604599598580231,0.0062610200029582135,10,a871fd7b6ab72544e1f0f317c16cb18551759b575899188c0bfb1d048f9a4a69,63651f1b650ba00f6a69f98bd79b8b8708ada257
resolution,D5,reference_effect_rmse,cwdb_v0,0.07264452089210624,0.007333986244996371,10,a871fd7b6ab72544e1f0f317c16cb18551759b575899188c0bfb1d048f9a4a69,63651f1b650ba00f6a69f98bd79b8b8708ada257
resolution,D5,reference_effect_rmse,wdrft,0.011740869806849755,0.002815497370288629,10,a871fd7b6ab72544e1f0f317c16cb18551759b575899188c0bfb1d048f9a4a69,63651f1b650ba00f6a69f98bd79b8b8708ada257
resolution,D5,reference_effect_rmse,causal_drf,0.014994666774492882,0.003549050818831941,10,a871fd7b6ab72544e1f0f317c16cb18551759b575899188c0bfb1d048f9a4a69,63651f1b650ba00f6a69f98bd79b8b8708ada257
resolution,D5,tail_calibration,cwdb_v1,0.06227766546112632,0.0022158551559878456,10,a871fd7b6ab72544e1f0f317c16cb18551759b575899188c0bfb1d048f9a4a69,63651f1b650ba00f6a69f98bd79b8b8708ada257
resolution,D5,tail_calibration,cwdb_v0,0.07539426818758307,0.0029854616668074313,10,a871fd7b6ab72544e1f0f317c16cb18551759b575899188c0bfb1d048f9a4a69,63651f1b650ba00f6a69f98bd79b8b8708ada257
resolution,D5,tail_calibration,wdrft,0.04024828850575394,0.0018508991666469144,10,a871fd7b6ab72544e1f0f317c16cb18551759b575899188c0bfb1d048f9a4a69,63651f1b650ba00f6a69f98bd79b8b8708ada257
resolution,D5,tail_calibration,causal_drf,0.05216990457278229,0.0029489823654549824,10,a871fd7b6ab72544e1f0f317c16cb18551759b575899188c0bfb1d048f9a4a69,63651f1b650ba00f6a69f98bd79b8b8708ada257
resolution,D5,mode_coverage,cwdb_v1,1.0,0.0,10,a871fd7b6ab72544e1f0f317c16cb18551759b575899188c0bfb1d048f9a4a69,63651f1b650ba00f6a69f98bd79b8b8708ada257
resolution,D5,mode_coverage,cwdb_v0,1.0,0.0,10,a871fd7b6ab72544e1f0f317c16cb18551759b575899188c0bfb1d048f9a4a69,63651f1b650ba00f6a69f98bd79b8b8708ada257
resolution,D5,mode_coverage,wdrft,1.0,0.0,10,a871fd7b6ab72544e1f0f317c16cb18551759b575899188c0bfb1d048f9a4a69,63651f1b650ba00f6a69f98bd79b8b8708ada257
resolution,D5,mode_coverage,causal_drf,1.0,0.0,10,a871fd7b6ab72544e1f0f317c16cb18551759b575899188c0bfb1d048f9a4a69,63651f1b650ba00f6a69f98bd79b8b8708ada257
resolution,D5,barycenter_rmse,cwdb_v1,0.16521002653434452,0.0008821942937734224,10,a871fd7b6ab72544e1f0f317c16cb18551759b575899188c0bfb1d048f9a4a69,63651f1b650ba00f6a69f98bd79b8b8708ada257
resolution,D5,barycenter_rmse,cwdb_v0,0.19300761393507052,0.0025409956911843774,10,a871fd7b6ab72544e1f0f317c16cb18551759b575899188c0bfb1d048f9a4a69,63651f1b650ba00f6a69f98bd79b8b8708ada257
resolution,D5,barycenter_rmse,wdrft,0.20026030011552823,0.002136600404110021,10,a871fd7b6ab72544e1f0f317c16cb18551759b575899188c0bfb1d048f9a4a69,63651f1b650ba00f6a69f98bd79b8b8708ada257
resolution,D5,barycenter_rmse,causal_drf,0.2790213235729954,0.01397725752986573,10,a871fd7b6ab72544e1f0f317c16cb18551759b575899188c0bfb1d048f9a4a69,63651f1b650ba00f6a69f98bd79b8b8708ada257
resolution,D6,mean_quantile_rmse,cwdb_v1,0.25297957432600826,0.00926254665361096,10,a871fd7b6ab72544e1f0f317c16cb18551759b575899188c0bfb1d048f9a4a69,63651f1b650ba00f6a69f98bd79b8b8708ada257
resolution,D6,mean_quantile_rmse,cwdb_v0,0.5405215496983499,0.009115333192101836,10,a871fd7b6ab72544e1f0f317c16cb18551759b575899188c0bfb1d048f9a4a69,63651f1b650ba00f6a69f98bd79b8b8708ada257
resolution,D6,mean_quantile_rmse,wdrft,0.22011578079475122,0.01303261691726425,10,a871fd7b6ab72544e1f0f317c16cb18551759b575899188c0bfb1d048f9a4a69,63651f1b650ba00f6a69f98bd79b8b8708ada257
resolution,D6,mean_quantile_rmse,causal_drf,0.25139633957083646,0.010463383349895805,10,a871fd7b6ab72544e1f0f317c16cb18551759b575899188c0bfb1d048f9a4a69,63651f1b650ba00f6a69f98bd79b8b8708ada257
resolution,D6,kernel_law_error,cwdb_v1,0.018783235907313893,0.0008044622052939058,10,a871fd7b6ab72544e1f0f317c16cb18551759b575899188c0bfb1d048f9a4a69,63651f1b650ba00f6a69f98bd79b8b8708ada257
resolution,D6,kernel_law_error,cwdb_v0,0.03199672093210032,0.0006764217557883235,10,a871fd7b6ab72544e1f0f317c16cb18551759b575899188c0bfb1d048f9a4a69,63651f1b650ba00f6a69f98bd79b8b8708ada257
resolution,D6,kernel_law_error,wdrft,0.005682322455272936,0.00038224497348762743,10,a871fd7b6ab72544e1f0f317c16cb18551759b575899188c0bfb1d048f9a4a69,63651f1b650ba00f6a69f98bd79b8b8708ada257
resolution,D6,kernel_law_error,causal_drf,0.009859285999330017,0.0004122157970529752,10,a871fd7b6ab72544e1f0f317c16cb18551759b575899188c0bfb1d048f9a4a69,63651f1b650ba00f6a69f98bd79b8b8708ada257
resolution,D6,arm_energy_risk,cwdb_v1,0.06871793810332728,0.002125531894376028,10,a871fd7b6ab72544e1f0f317c16cb18551759b575899188c0bfb1d048f9a4a69,63651f1b650ba00f6a69f98bd79b8b8708ada257
resolution,D6,arm_energy_risk,cwdb_v0,0.10172707188525536,0.0015592823572006123,10,a871fd7b6ab72544e1f0f317c16cb18551759b575899188c0bfb1d048f9a4a69,63651f1b650ba00f6a69f98bd79b8b8708ada257
resolution,D6,arm_energy_risk,wdrft,0.026171396523661787,0.0007815498230531267,10,a871fd7b6ab72544e1f0f317c16cb18551759b575899188c0bfb1d048f9a4a69,63651f1b650ba00f6a69f98bd79b8b8708ada257
resolution,D6,arm_energy_risk,causal_drf,0.045620028810962346,0.0013877044926270546,10,a871fd7b6ab72544e1f0f317c16cb18551759b575899188c0bfb1d048f9a4a69,63651f1b650ba00f6a69f98bd79b8b8708ada257
resolution,D6,tcate_functional_rmse,cwdb_v1,0.08860533466288575,0.006601022707422032,10,a871fd7b6ab72544e1f0f317c16cb18551759b575899188c0bfb1d048f9a4a69,63651f1b650ba00f6a69f98bd79b8b8708ada257
resolution,D6,tcate_functional_rmse,cwdb_v0,0.08075168451250288,0.010239487113669857,10,a871fd7b6ab72544e1f0f317c16cb18551759b575899188c0bfb1d048f9a4a69,63651f1b650ba00f6a69f98bd79b8b8708ada257
resolution,D6,tcate_functional_rmse,wdrft,0.08192049407759316,0.007600382566131175,10,a871fd7b6ab72544e1f0f317c16cb18551759b575899188c0bfb1d048f9a4a69,63651f1b650ba00f6a69f98bd79b8b8708ada257
resolution,D6,tcate_functional_rmse,causal_drf,0.1065140803963518,0.006436059169871692,10,a871fd7b6ab72544e1f0f317c16cb18551759b575899188c0bfb1d048f9a4a69,63651f1b650ba00f6a69f98bd79b8b8708ada257
resolution,D6,reference_tcate_rmse,cwdb_v1,0.06797624791895843,0.009656409239770309,10,a871fd7b6ab72544e1f0f317c16cb18551759b575899188c0bfb1d048f9a4a69,63651f1b650ba00f6a69f98bd79b8b8708ada257
resolution,D6,reference_tcate_rmse,cwdb_v0,0.09441076268300032,0.009619495098704585,10,a871fd7b6ab72544e1f0f317c16cb18551759b575899188c0bfb1d048f9a4a69,63651f1b650ba00f6a69f98bd79b8b8708ada257
resolution,D6,reference_tcate_rmse,wdrft,0.05621374021458077,0.007962379377924874,10,a871fd7b6ab72544e1f0f317c16cb18551759b575899188c0bfb1d048f9a4a69,63651f1b650ba00f6a69f98bd79b8b8708ada257
resolution,D6,reference_tcate_rmse,causal_drf,0.044958516034771155,0.006003952173162856,10,a871fd7b6ab72544e1f0f317c16cb18551759b575899188c0bfb1d048f9a4a69,63651f1b650ba00f6a69f98bd79b8b8708ada257
resolution,D6,reference_effect_rmse,cwdb_v1,0.04625788305680653,0.008810306941881795,10,a871fd7b6ab72544e1f0f317c16cb18551759b575899188c0bfb1d048f9a4a69,63651f1b650ba00f6a69f98bd79b8b8708ada257
resolution,D6,reference_effect_rmse,cwdb_v0,0.06277245025267468,0.010943573104396106,10,a871fd7b6ab72544e1f0f317c16cb18551759b575899188c0bfb1d048f9a4a69,63651f1b650ba00f6a69f98bd79b8b8708ada257
resolution,D6,reference_effect_rmse,wdrft,0.022934333539133513,0.004944585701538825,10,a871fd7b6ab72544e1f0f317c16cb18551759b575899188c0bfb1d048f9a4a69,63651f1b650ba00f6a69f98bd79b8b8708ada257
resolution,D6,reference_effect_rmse,causal_drf,0.02065909460077467,0.007096716963568022,10,a871fd7b6ab72544e1f0f317c16cb18551759b575899188c0bfb1d048f9a4a69,63651f1b650ba00f6a69f98bd79b8b8708ada257
resolution,D6,tail_calibration,cwdb_v1,0.08795120012794326,0.004622598050475545,10,a871fd7b6ab72544e1f0f317c16cb18551759b575899188c0bfb1d048f9a4a69,63651f1b650ba00f6a69f98bd79b8b8708ada257
resolution,D6,tail_calibration,cwdb_v0,0.11601267420725456,0.0037321693706873645,10,a871fd7b6ab72544e1f0f317c16cb18551759b575899188c0bfb1d048f9a4a69,63651f1b650ba00f6a69f98bd79b8b8708ada257
resolution,D6,tail_calibration,wdrft,0.05564966721619198,0.0009470504641864383,10,a871fd7b6ab72544e1f0f317c16cb18551759b575899188c0bfb1d048f9a4a69,63651f1b650ba00f6a69f98bd79b8b8708ada257
resolution,D6,tail_calibration,causal_drf,0.07344070704351369,0.001533911109859493,10,a871fd7b6ab72544e1f0f317c16cb18551759b575899188c0bfb1d048f9a4a69,63651f1b650ba00f6a69f98bd79b8b8708ada257
resolution,D6,mode_coverage,cwdb_v1,0.9958749999999998,0.0012644992421244612,10,a871fd7b6ab72544e1f0f317c16cb18551759b575899188c0bfb1d048f9a4a69,63651f1b650ba00f6a69f98bd79b8b8708ada257
resolution,D6,mode_coverage,cwdb_v0,0.9870000000000001,0.00273353657780946,10,a871fd7b6ab72544e1f0f317c16cb18551759b575899188c0bfb1d048f9a4a69,63651f1b650ba00f6a69f98bd79b8b8708ada257
resolution,D6,mode_coverage,wdrft,1.0,0.0,10,a871fd7b6ab72544e1f0f317c16cb18551759b575899188c0bfb1d048f9a4a69,63651f1b650ba00f6a69f98bd79b8b8708ada257
resolution,D6,mode_coverage,causal_drf,1.0,0.0,10,a871fd7b6ab72544e1f0f317c16cb18551759b575899188c0bfb1d048f9a4a69,63651f1b650ba00f6a69f98bd79b8b8708ada257
resolution,D6,barycenter_rmse,cwdb_v1,0.3197458816888704,0.007950098150373919,10,a871fd7b6ab72544e1f0f317c16cb18551759b575899188c0bfb1d048f9a4a69,63651f1b650ba00f6a69f98bd79b8b8708ada257
resolution,D6,barycenter_rmse,cwdb_v0,0.3986733530039048,0.006281452447265266,10,a871fd7b6ab72544e1f0f317c16cb18551759b575899188c0bfb1d048f9a4a69,63651f1b650ba00f6a69f98bd79b8b8708ada257
resolution,D6,barycenter_rmse,wdrft,0.2314352068556028,0.0058107365358894,10,a871fd7b6ab72544e1f0f317c16cb18551759b575899188c0bfb1d048f9a4a69,63651f1b650ba00f6a69f98bd79b8b8708ada257
resolution,D6,barycenter_rmse,causal_drf,0.3420562981098808,0.007219446524138738,10,a871fd7b6ab72544e1f0f317c16cb18551759b575899188c0bfb1d048f9a4a69,63651f1b650ba00f6a69f98bd79b8b8708ada257
resolution,D7,mean_quantile_rmse,cwdb_v1,0.127516989226851,0.0021930243256328215,10,a871fd7b6ab72544e1f0f317c16cb18551759b575899188c0bfb1d048f9a4a69,63651f1b650ba00f6a69f98bd79b8b8708ada257
resolution,D7,mean_quantile_rmse,cwdb_v0,0.2733426855393366,0.0028568032603838466,10,a871fd7b6ab72544e1f0f317c16cb18551759b575899188c0bfb1d048f9a4a69,63651f1b650ba00f6a69f98bd79b8b8708ada257
resolution,D7,mean_quantile_rmse,wdrft,0.08144134510376219,0.002761110457349875,10,a871fd7b6ab72544e1f0f317c16cb18551759b575899188c0bfb1d048f9a4a69,63651f1b650ba00f6a69f98bd79b8b8708ada257
resolution,D7,mean_quantile_rmse,causal_drf,0.08349189769985793,0.0067865753708355615,10,a871fd7b6ab72544e1f0f317c16cb18551759b575899188c0bfb1d048f9a4a69,63651f1b650ba00f6a69f98bd79b8b8708ada257
resolution,D7,kernel_law_error,cwdb_v1,0.010249383727449548,0.0003071772350257957,10,a871fd7b6ab72544e1f0f317c16cb18551759b575899188c0bfb1d048f9a4a69,63651f1b650ba00f6a69f98bd79b8b8708ada257
resolution,D7,kernel_law_error,cwdb_v0,0.014072526991875955,0.0002708821373622593,10,a871fd7b6ab72544e1f0f317c16cb18551759b575899188c0bfb1d048f9a4a69,63651f1b650ba00f6a69f98bd79b8b8708ada257
resolution,D7,kernel_law_error,wdrft,0.011828755365339784,0.0002718425450910884,10,a871fd7b6ab72544e1f0f317c16cb18551759b575899188c0bfb1d048f9a4a69,63651f1b650ba00f6a69f98bd79b8b8708ada257
resolution,D7,kernel_law_error,causal_drf,0.02226928707730467,0.001401452690446877,10,a871fd7b6ab72544e1f0f317c16cb18551759b575899188c0bfb1d048f9a4a69,63651f1b650ba00f6a69f98bd79b8b8708ada257
resolution,D7,arm_energy_risk,cwdb_v1,0.04845638646682962,0.00114043648108132,10,a871fd7b6ab72544e1f0f317c16cb18551759b575899188c0bfb1d048f9a4a69,63651f1b650ba00f6a69f98bd79b8b8708ada257
resolution,D7,arm_energy_risk,cwdb_v0,0.06621494613687565,0.0009902135355249308,10,a871fd7b6ab72544e1f0f317c16cb18551759b575899188c0bfb1d048f9a4a69,63651f1b650ba00f6a69f98bd79b8b8708ada257
resolution,D7,arm_energy_risk,wdrft,0.03179126327421814,0.0005338279865489963,10,a871fd7b6ab72544e1f0f317c16cb18551759b575899188c0bfb1d048f9a4a69,63651f1b650ba00f6a69f98bd79b8b8708ada257
resolution,D7,arm_energy_risk,causal_drf,0.05342718270307343,0.00265005762044178,10,a871fd7b6ab72544e1f0f317c16cb18551759b575899188c0bfb1d048f9a4a69,63651f1b650ba00f6a69f98bd79b8b8708ada257
resolution,D7,tcate_functional_rmse,cwdb_v1,0.030518824854124223,0.0029871092438436254,10,a871fd7b6ab72544e1f0f317c16cb18551759b575899188c0bfb1d048f9a4a69,63651f1b650ba00f6a69f98bd79b8b8708ada257
resolution,D7,tcate_functional_rmse,cwdb_v0,0.03606857890623973,0.002926886728030927,10,a871fd7b6ab72544e1f0f317c16cb18551759b575899188c0bfb1d048f9a4a69,63651f1b650ba00f6a69f98bd79b8b8708ada257
resolution,D7,tcate_functional_rmse,wdrft,0.036572114238991836,0.0019888007731308694,10,a871fd7b6ab72544e1f0f317c16cb18551759b575899188c0bfb1d048f9a4a69,63651f1b650ba00f6a69f98bd79b8b8708ada257
resolution,D7,tcate_functional_rmse,causal_drf,0.05452057517496256,0.005130830389010666,10,a871fd7b6ab72544e1f0f317c16cb18551759b575899188c0bfb1d048f9a4a69,63651f1b650ba00f6a69f98bd79b8b8708ada257
resolution,D7,reference_tcate_rmse,cwdb_v1,0.022017213320256936,0.002744391251848842,10,a871fd7b6ab72544e1f0f317c16cb18551759b575899188c0bfb1d048f9a4a69,63651f1b650ba00f6a69f98bd79b8b8708ada257
resolution,D7,reference_tcate_rmse,cwdb_v0,0.02594879274599059,0.002773280559198737,10,a871fd7b6ab72544e1f0f317c16cb18551759b575899188c0bfb1d048f9a4a69,63651f1b650ba00f6a69f98bd79b8b8708ada257
resolution,D7,reference_tcate_rmse,wdrft,0.024274158134744706,0.003279251600334895,10,a871fd7b6ab72544e1f0f317c16cb18551759b575899188c0bfb1d048f9a4a69,63651f1b650ba00f6a69f98bd79b8b8708ada257
resolution,D7,reference_tcate_rmse,causal_drf,0.022234185908880356,0.003603641792939162,10,a871fd7b6ab72544e1f0f317c16cb18551759b575899188c0bfb1d048f9a4a69,63651f1b650ba00f6a69f98bd79b8b8708ada257
resolution,D7,reference_effect_rmse,cwdb_v1,0.01365849341599042,0.003168406884133957,10,a871fd7b6ab72544e1f0f317c16cb18551759b575899188c0bfb1d048f9a4a69,63651f1b650ba00f6a69f98bd79b8b8708ada257
resolution,D7,reference_effect_rmse,cwdb_v0,0.013682253250078505,0.003592110228622803,10,a871fd7b6ab72544e1f0f317c16cb18551759b575899188c0bfb1d048f9a4a69,63651f1b650ba00f6a69f98bd79b8b8708ada257
resolution,D7,reference_effect_rmse,wdrft,0.010723536243627547,0.004118288398333411,10,a871fd7b6ab72544e1f0f317c16cb18551759b575899188c0bfb1d048f9a4a69,63651f1b650ba00f6a69f98bd79b8b8708ada257
resolution,D7,reference_effect_rmse,causal_drf,0.014386406793995821,0.004124581059905261,10,a871fd7b6ab72544e1f0f317c16cb18551759b575899188c0bfb1d048f9a4a69,63651f1b650ba00f6a69f98bd79b8b8708ada257
resolution,D7,tail_calibration,cwdb_v1,0.021073543273869726,0.0011151222421562333,10,a871fd7b6ab72544e1f0f317c16cb18551759b575899188c0bfb1d048f9a4a69,63651f1b650ba00f6a69f98bd79b8b8708ada257
resolution,D7,tail_calibration,cwdb_v0,0.022209073990756955,0.0012237822632893208,10,a871fd7b6ab72544e1f0f317c16cb18551759b575899188c0bfb1d048f9a4a69,63651f1b650ba00f6a69f98bd79b8b8708ada257
resolution,D7,tail_calibration,wdrft,0.014475050472377701,0.0008982342324549637,10,a871fd7b6ab72544e1f0f317c16cb18551759b575899188c0bfb1d048f9a4a69,63651f1b650ba00f6a69f98bd79b8b8708ada257
resolution,D7,tail_calibration,causal_drf,0.019052601563039555,0.0010308104503945624,10,a871fd7b6ab72544e1f0f317c16cb18551759b575899188c0bfb1d048f9a4a69,63651f1b650ba00f6a69f98bd79b8b8708ada257
resolution,D7,mode_coverage,cwdb_v1,1.0,0.0,10,a871fd7b6ab72544e1f0f317c16cb18551759b575899188c0bfb1d048f9a4a69,63651f1b650ba00f6a69f98bd79b8b8708ada257
resolution,D7,mode_coverage,cwdb_v0,1.0,0.0,10,a871fd7b6ab72544e1f0f317c16cb18551759b575899188c0bfb1d048f9a4a69,63651f1b650ba00f6a69f98bd79b8b8708ada257
resolution,D7,mode_coverage,wdrft,1.0,0.0,10,a871fd7b6ab72544e1f0f317c16cb18551759b575899188c0bfb1d048f9a4a69,63651f1b650ba00f6a69f98bd79b8b8708ada257
resolution,D7,mode_coverage,causal_drf,1.0,0.0,10,a871fd7b6ab72544e1f0f317c16cb18551759b575899188c0bfb1d048f9a4a69,63651f1b650ba00f6a69f98bd79b8b8708ada257
resolution,D7,barycenter_rmse,cwdb_v1,0.17714002638022452,0.00235517419579197,10,a871fd7b6ab72544e1f0f317c16cb18551759b575899188c0bfb1d048f9a4a69,63651f1b650ba00f6a69f98bd79b8b8708ada257
resolution,D7,barycenter_rmse,cwdb_v0,0.21007015959461822,0.002107268145186102,10,a871fd7b6ab72544e1f0f317c16cb18551759b575899188c0bfb1d048f9a4a69,63651f1b650ba00f6a69f98bd79b8b8708ada257
resolution,D7,barycenter_rmse,wdrft,0.20052573089067943,0.001748620894184677,10,a871fd7b6ab72544e1f0f317c16cb18551759b575899188c0bfb1d048f9a4a69,63651f1b650ba00f6a69f98bd79b8b8708ada257
resolution,D7,barycenter_rmse,causal_drf,0.27821200237486865,0.009700243211394401,10,a871fd7b6ab72544e1f0f317c16cb18551759b575899188c0bfb1d048f9a4a69,63651f1b650ba00f6a69f98bd79b8b8708ada257
scaling,D1,mean_quantile_rmse,cwdb_v1,0.1375323228409984,0.003432257365212826,10,a871fd7b6ab72544e1f0f317c16cb18551759b575899188c0bfb1d048f9a4a69,63651f1b650ba00f6a69f98bd79b8b8708ada257
scaling,D1,mean_quantile_rmse,cwdb_v0,0.2263116262039479,0.0015670218427598817,10,a871fd7b6ab72544e1f0f317c16cb18551759b575899188c0bfb1d048f9a4a69,63651f1b650ba00f6a69f98bd79b8b8708ada257
scaling,D1,mean_quantile_rmse,wdrft,0.13286584833958665,0.004382221335360977,10,a871fd7b6ab72544e1f0f317c16cb18551759b575899188c0bfb1d048f9a4a69,63651f1b650ba00f6a69f98bd79b8b8708ada257
scaling,D1,mean_quantile_rmse,causal_drf,0.11700780135157236,0.005489322058141684,10,a871fd7b6ab72544e1f0f317c16cb18551759b575899188c0bfb1d048f9a4a69,63651f1b650ba00f6a69f98bd79b8b8708ada257
scaling,D1,mean_quantile_rmse,pta_s,0.11712123250821775,0.0023462628131616673,10,a871fd7b6ab72544e1f0f317c16cb18551759b575899188c0bfb1d048f9a4a69,63651f1b650ba00f6a69f98bd79b8b8708ada257
scaling,D1,kernel_law_error,cwdb_v1,0.006848182175387248,0.00016773736305838636,10,a871fd7b6ab72544e1f0f317c16cb18551759b575899188c0bfb1d048f9a4a69,63651f1b650ba00f6a69f98bd79b8b8708ada257
scaling,D1,kernel_law_error,cwdb_v0,0.009280610773682654,0.0002541627449190241,10,a871fd7b6ab72544e1f0f317c16cb18551759b575899188c0bfb1d048f9a4a69,63651f1b650ba00f6a69f98bd79b8b8708ada257
scaling,D1,kernel_law_error,wdrft,0.008051437862157576,0.00020267609305591304,10,a871fd7b6ab72544e1f0f317c16cb18551759b575899188c0bfb1d048f9a4a69,63651f1b650ba00f6a69f98bd79b8b8708ada257
scaling,D1,kernel_law_error,causal_drf,0.011774850678197031,0.0005843971937736674,10,a871fd7b6ab72544e1f0f317c16cb18551759b575899188c0bfb1d048f9a4a69,63651f1b650ba00f6a69f98bd79b8b8708ada257
scaling,D1,arm_energy_risk,cwdb_v1,0.033628500437244815,0.0005214600478651935,10,a871fd7b6ab72544e1f0f317c16cb18551759b575899188c0bfb1d048f9a4a69,63651f1b650ba00f6a69f98bd79b8b8708ada257
scaling,D1,arm_energy_risk,cwdb_v0,0.045772262247120825,0.0007421510057629564,10,a871fd7b6ab72544e1f0f317c16cb18551759b575899188c0bfb1d048f9a4a69,63651f1b650ba00f6a69f98bd79b8b8708ada257
scaling,D1,arm_energy_risk,wdrft,0.023901763398101232,0.0005043791256288183,10,a871fd7b6ab72544e1f0f317c16cb18551759b575899188c0bfb1d048f9a4a69,63651f1b650ba00f6a69f98bd79b8b8708ada257
scaling,D1,arm_energy_risk,causal_drf,0.03335779482609513,0.0012302777790123968,10,a871fd7b6ab72544e1f0f317c16cb18551759b575899188c0bfb1d048f9a4a69,63651f1b650ba00f6a69f98bd79b8b8708ada257
scaling,D1,tcate_functional_rmse,cwdb_v1,0.04501172280809394,0.0037303813191647585,10,a871fd7b6ab72544e1f0f317c16cb18551759b575899188c0bfb1d048f9a4a69,63651f1b650ba00f6a69f98bd79b8b8708ada257
scaling,D1,tcate_functional_rmse,cwdb_v0,0.03155745305901869,0.003048882488396644,10,a871fd7b6ab72544e1f0f317c16cb18551759b575899188c0bfb1d048f9a4a69,63651f1b650ba00f6a69f98bd79b8b8708ada257
scaling,D1,tcate_functional_rmse,wdrft,0.03325623403278899,0.002562259516379624,10,a871fd7b6ab72544e1f0f317c16cb18551759b575899188c0bfb1d048f9a4a69,63651f1b650ba00f6a69f98bd79b8b8708ada257
scaling,D1,tcate_functional_rmse,causal_drf,0.036928639926792683,0.0038643031364517045,10,a871fd7b6ab72544e1f0f317c16cb18551759b575899188c0bfb1d048f9a4a69,63651f1b650ba00f6a69f98bd79b8b8708ada257
scaling,D1,tcate_functional_rmse,pta_s,0.026668933286104153,0.0021126396513035106,10,a871fd7b6ab72544e1f0f317c16cb18551759b575899188c0bfb1d048f9a4a69,63651f1b650ba00f6a69f98bd79b8b8708ada257
scaling,D1,reference_tcate_rmse,cwdb_v1,0.0425471798394869,0.0033612414129670348,10,a871fd7b6ab72544e1f0f317c16cb18551759b575899188c0bfb1d048f9a4a69,63651f1b650ba00f6a69f98bd79b8b8708ada257
scaling,D1,reference_tcate_rmse,cwdb_v0,0.029374873879619505,0.004555765282923469,10,a871fd7b6ab72544e1f0f317c16cb18551759b575899188c0bfb1d048f9a4a69,63651f1b650ba00f6a69f98bd79b8b8708ada257
scaling,D1,reference_tcate_rmse,wdrft,0.046283840301011334,0.0034573644673724043,10,a871fd7b6ab72544e1f0f317c16cb18551759b575899188c0bfb1d048f9a4a69,63651f1b650ba00f6a69f98bd79b8b8708ada257
scaling,D1,reference_tcate_rmse,causal_drf,0.0452980835864175,0.00470428438387656,10,a871fd7b6ab72544e1f0f317c16cb18551759b575899188c0bfb1d048f9a4a69,63651f1b650ba00f6a69f98bd79b8b8708ada257
scaling,D1,reference_tcate_rmse,pta_s,0.034109263559733025,0.0022030910891609806,10,a871fd7b6ab72544e1f0f317c16cb18551759b575899188c0bfb1d048f9a4a69,63651f1b650ba00f6a69f98bd79b8b8708ada257
scaling,D1,reference_effect_rmse,cwdb_v1,0.016600674589495833,0.0036502771961228584,10,a871fd7b6ab72544e1f0f317c16cb18551759b575899188c0bfb1d048f9a4a69,63651f1b650ba00f6a69f98bd79b8b8708ada257
scaling,D1,reference_effect_rmse,cwdb_v0,0.016519596071969324,0.00335141816758996,10,a871fd7b6ab72544e1f0f317c16cb18551759b575899188c0bfb1d048f9a4a69,63651f1b650ba00f6a69f98bd79b8b8708ada257
scaling,D1,reference_effect_rmse,wdrft,0.01476552171939779,0.0025736896323919844,10,a871fd7b6ab72544e1f0f317c16cb18551759b575899188c0bfb1d048f9a4a69,63651f1b650ba00f6a69f98bd79b8b8708ada257
scaling,D1,reference_effect_rmse,causal_drf,0.01369435167006396,0.0025436730656795093,10,a871fd7b6ab72544e1f0f317c16cb18551759b575899188c0bfb1d048f9a4a69,63651f1b650ba00f6a69f98bd79b8b8708ada257
scaling,D1,reference_effect_rmse,pta_s,0.01253026574631388,0.0026754473016359004,10,a871fd7b6ab72544e1f0f317c16cb18551759b575899188c0bfb1d048f9a4a69,63651f1b650ba00f6a69f98bd79b8b8708ada257
scaling,D1,tail_calibration,cwdb_v1,0.0786972018665245,0.002747395055274119,10,a871fd7b6ab72544e1f0f317c16cb18551759b575899188c0bfb1d048f9a4a69,63651f1b650ba00f6a69f98bd79b8b8708ada257
scaling,D1,tail_calibration,cwdb_v0,0.09251514645956319,0.0040213014886788905,10,a871fd7b6ab72544e1f0f317c16cb18551759b575899188c0bfb1d048f9a4a69,63651f1b650ba00f6a69f98bd79b8b8708ada257
scaling,D1,tail_calibration,wdrft,0.06197728552700987,0.00223999717445257,10,a871fd7b6ab72544e1f0f317c16cb18551759b575899188c0bfb1d048f9a4a69,63651f1b650ba00f6a69f98bd79b8b8708ada257
scaling,D1,tail_calibration,causal_drf,0.08713250097201983,0.0022103125880978064,10,a871fd7b6ab72544e1f0f317c16cb18551759b575899188c0bfb1d048f9a4a69,63651f1b650ba00f6a69f98bd79b8b8708ada257
scaling,D1,mode_coverage,cwdb_v1,1.0,0.0,10,a871fd7b6ab72544e1f0f317c16cb18551759b575899188c0bfb1d048f9a4a69,63651f1b650ba00f6a69f98bd79b8b8708ada257
scaling,D1,mode_coverage,cwdb_v0,1.0,0.0,10,a871fd7b6ab72544e1f0f317c16cb18551759b575899188c0bfb1d048f9a4a69,63651f1b650ba00f6a69f98bd79b8b8708ada257
scaling,D1,mode_coverage,wdrft,1.0,0.0,10,a871fd7b6ab72544e1f0f317c16cb18551759b575899188c0bfb1d048f9a4a69,63651f1b650ba00f6a69f98bd79b8b8708ada257
scaling,D1,mode_coverage,causal_drf,1.0,0.0,10,a871fd7b6ab72544e1f0f317c16cb18551759b575899188c0bfb1d048f9a4a69,63651f1b650ba00f6a69f98bd79b8b8708ada257
scaling,D1,barycenter_rmse,cwdb_v1,0.15436700938273915,0.0015762246067849291,10,a871fd7b6ab72544e1f0f317c16cb18551759b575899188c0bfb1d048f9a4a69,63651f1b650ba00f6a69f98bd79b8b8708ada257
scaling,D1,barycenter_rmse,cwdb_v0,0.17503147461990035,0.002035277928215954,10,a871fd7b6ab72544e1f0f317c16cb18551759b575899188c0bfb1d048f9a4a69,63651f1b650ba00f6a69f98bd79b8b8708ada257
scaling,D1,barycenter_rmse,wdrft,0.16902607570323933,0.0015504438954167053,10,a871fd7b6ab72544e1f0f317c16cb18551759b575899188c0bfb1d048f9a4a69,63651f1b650ba00f6a69f98bd79b8b8708ada257
scaling,D1,barycenter_rmse,causal_drf,0.2044911371225902,0.004360483561416289,10,a871fd7b6ab72544e1f0f317c16cb18551759b575899188c0bfb1d048f9a4a69,63651f1b650ba00f6a69f98bd79b8b8708ada257
scaling,D1,barycenter_rmse,pta_s,0.11416280924966578,0.0010202092430056807,10,a871fd7b6ab72544e1f0f317c16cb18551759b575899188c0bfb1d048f9a4a69,63651f1b650ba00f6a69f98bd79b8b8708ada257
scaling,D4,mean_quantile_rmse,cwdb_v1,0.1471800469278639,0.007220889737880856,10,a871fd7b6ab72544e1f0f317c16cb18551759b575899188c0bfb1d048f9a4a69,63651f1b650ba00f6a69f98bd79b8b8708ada257
scaling,D4,mean_quantile_rmse,cwdb_v0,0.22689451188191323,0.004178442976524339,10,a871fd7b6ab72544e1f0f317c16cb18551759b575899188c0bfb1d048f9a4a69,63651f1b650ba00f6a69f98bd79b8b8708ada257
scaling,D4,mean_quantile_rmse,wdrft,0.09990398659690798,0.003344655691231768,10,a871fd7b6ab72544e1f0f317c16cb18551759b575899188c0bfb1d048f9a4a69,63651f1b650ba00f6a69f98bd79b8b8708ada257
scaling,D4,mean_quantile_rmse,causal_drf,0.11076189545305544,0.008137110981260525,10,a871fd7b6ab72544e1f0f317c16cb18551759b575899188c0bfb1d048f9a4a69,63651f1b650ba00f6a69f98bd79b8b8708ada257
scaling,D4,mean_quantile_rmse,pta_s,0.10836377821373258,0.002405990395769662,10,a871fd7b6ab72544e1f0f317c16cb18551759b575899188c0bfb1d048f9a4a69,63651f1b650ba00f6a69f98bd79b8b8708ada257
scaling,D4,kernel_law_error,cwdb_v1,0.005973535618660806,0.00026464024043102526,10,a871fd7b6ab72544e1f0f317c16cb18551759b575899188c0bfb1d048f9a4a69,63651f1b650ba00f6a69f98bd79b8b8708ada257
scaling,D4,kernel_law_error,cwdb_v0,0.007853892466557131,0.00026695625820142893,10,a871fd7b6ab72544e1f0f317c16cb18551759b575899188c0bfb1d048f9a4a69,63651f1b650ba00f6a69f98bd79b8b8708ada257
scaling,D4,kernel_law_error,wdrft,0.0020927553692492522,0.00010129340935466703,10,a871fd7b6ab72544e1f0f317c16cb18551759b575899188c0bfb1d048f9a4a69,63651f1b650ba00f6a69f98bd79b8b8708ada257
scaling,D4,kernel_law_error,causal_drf,0.013644238388535079,0.0018680847583554196,10,a871fd7b6ab72544e1f0f317c16cb18551759b575899188c0bfb1d048f9a4a69,63651f1b650ba00f6a69f98bd79b8b8708ada257
scaling,D4,arm_energy_risk,cwdb_v1,0.034035064996039976,0.0009627405353155815,10,a871fd7b6ab72544e1f0f317c16cb18551759b575899188c0bfb1d048f9a4a69,63651f1b650ba00f6a69f98bd79b8b8708ada257
scaling,D4,arm_energy_risk,cwdb_v0,0.04473051348875755,0.0008717772980425933,10,a871fd7b6ab72544e1f0f317c16cb18551759b575899188c0bfb1d048f9a4a69,63651f1b650ba00f6a69f98bd79b8b8708ada257
scaling,D4,arm_energy_risk,wdrft,0.009610671062013135,0.0002451194850855621,10,a871fd7b6ab72544e1f0f317c16cb18551759b575899188c0bfb1d048f9a4a69,63651f1b650ba00f6a69f98bd79b8b8708ada257
scaling,D4,arm_energy_risk,causal_drf,0.038472232154064964,0.004105440311021834,10,a871fd7b6ab72544e1f0f317c16cb18551759b575899188c0bfb1d048f9a4a69,63651f1b650ba00f6a69f98bd79b8b8708ada257
scaling,D4,tcate_functional_rmse,cwdb_v1,0.06484538599347452,0.005556127483011351,10,a871fd7b6ab72544e1f0f317c16cb18551759b575899188c0bfb1d048f9a4a69,63651f1b650ba00f6a69f98bd79b8b8708ada257
scaling,D4,tcate_functional_rmse,cwdb_v0,0.050252480713994005,0.004998716140291238,10,a871fd7b6ab72544e1f0f317c16cb18551759b575899188c0bfb1d048f9a4a69,63651f1b650ba00f6a69f98bd79b8b8708ada257
scaling,D4,tcate_functional_rmse,wdrft,0.025810062057136613,0.002023119623387601,10,a871fd7b6ab72544e1f0f317c16cb18551759b575899188c0bfb1d048f9a4a69,63651f1b650ba00f6a69f98bd79b8b8708ada257
scaling,D4,tcate_functional_rmse,causal_drf,0.046678728028772064,0.006465672257558418,10,a871fd7b6ab72544e1f0f317c16cb18551759b575899188c0bfb1d048f9a4a69,63651f1b650ba00f6a69f98bd79b8b8708ada257
scaling,D4,tcate_functional_rmse,pta_s,0.03068318267869664,0.0025152146504395785,10,a871fd7b6ab72544e1f0f317c16cb18551759b575899188c0bfb1d048f9a4a69,63651f1b650ba00f6a69f98bd79b8b8708ada257
scaling,D4,reference_tcate_rmse,cwdb_v1,0.055621107875020094,0.0022171287107238557,10,a871fd7b6ab72544e1f0f317c16cb18551759b575899188c0bfb1d048f9a4a69,63651f1b650ba00f6a69f98bd79b8b8708ada257
scaling,D4,reference_tcate_rmse,cwdb_v0,0.04165209169650465,0.003134565829078973,10,a871fd7b6ab72544e1f0f317c16cb18551759b575899188c0bfb1d048f9a4a69,63651f1b650ba00f6a69f98bd79b8b8708ada257
scaling,D4,reference_tcate_rmse,wdrft,0.03555105279637107,0.00342772759185121,10,a871fd7b6ab72544e1f0f317c16cb18551759b575899188c0bfb1d048f9a4a69,63651f1b650ba00f6a69f98bd79b8b8708ada257
scaling,D4,reference_tcate_rmse,causal_drf,0.04339927011791711,0.00402097534805361,10,a871fd7b6ab72544e1f0f317c16cb18551759b575899188c0bfb1d048f9a4a69,63651f1b650ba00f6a69f98bd79b8b8708ada257
scaling,D4,reference_tcate_rmse,pta_s,0.03522468926742816,0.0029635227845694065,10,a871fd7b6ab72544e1f0f317c16cb18551759b575899188c0bfb1d048f9a4a69,63651f1b650ba00f6a69f98bd79b8b8708ada257
scaling,D4,reference_effect_rmse,cwdb_v1,0.017635275948535457,0.0037247385911923204,10,a871fd7b6ab72544e1f0f317c16cb18551759b575899188c0bfb1d048f9a4a69,63651f1b650ba00f6a69f98bd79b8b8708ada257
scaling,D4,reference_effect_rmse,cwdb_v0,0.017091872733223924,0.0030336937086445667,10,a871fd7b6ab72544e1f0f317c16cb18551759b575899188c0bfb1d048f9a4a69,63651f1b650ba00f6a69f98bd79b8b8708ada257
scaling,D4,reference_effect_rmse,wdrft,0.01550304820599252,0.0031687485377895016,10,a871fd7b6ab72544e1f0f317c16cb18551759b575899188c0bfb1d048f9a4a69,63651f1b650ba00f6a69f98bd79b8b8708ada257
scaling,D4,reference_effect_rmse,causal_drf,0.014433906193908075,0.003122738604669545,10,a871fd7b6ab72544e1f0f317c16cb18551759b575899188c0bfb1d048f9a4a69,63651f1b650ba00f6a69f98bd79b8b8708ada257
scaling,D4,reference_effect_rmse,pta_s,0.012881679094858434,0.002551839464857912,10,a871fd7b6ab72544e1f0f317c16cb18551759b575899188c0bfb1d048f9a4a69,63651f1b650ba00f6a69f98bd79b8b8708ada257
scaling,D4,tail_calibration,cwdb_v1,0.07017507609354516,0.004231875621281409,10,a871fd7b6ab72544e1f0f317c16cb18551759b575899188c0bfb1d048f9a4a69,63651f1b650ba00f6a69f98bd79b8b8708ada257
scaling,D4,tail_calibration,cwdb_v0,0.07643365168634361,0.005317417059951673,10,a871fd7b6ab72544e1f0f317c16cb18551759b575899188c0bfb1d048f9a4a69,63651f1b650ba00f6a69f98bd79b8b8708ada257
scaling,D4,tail_calibration,wdrft,0.02332763665977742,0.0007211690974026426,10,a871fd7b6ab72544e1f0f317c16cb18551759b575899188c0bfb1d048f9a4a69,63651f1b650ba00f6a69f98bd79b8b8708ada257
scaling,D4,tail_calibration,causal_drf,0.08703982761673786,0.006634142558343674,10,a871fd7b6ab72544e1f0f317c16cb18551759b575899188c0bfb1d048f9a4a69,63651f1b650ba00f6a69f98bd79b8b8708ada257
scaling,D4,mode_coverage,cwdb_v1,1.0,0.0,10,a871fd7b6ab72544e1f0f317c16cb18551759b575899188c0bfb1d048f9a4a69,63651f1b650ba00f6a69f98bd79b8b8708ada257
scaling,D4,mode_coverage,cwdb_v0,1.0,0.0,10,a871fd7b6ab72544e1f0f317c16cb18551759b575899188c0bfb1d048f9a4a69,63651f1b650ba00f6a69f98bd79b8b8708ada257
scaling,D4,mode_coverage,wdrft,1.0,0.0,10,a871fd7b6ab72544e1f0f317c16cb18551759b575899188c0bfb1d048f9a4a69,63651f1b650ba00f6a69f98bd79b8b8708ada257
scaling,D4,mode_coverage,causal_drf,1.0,0.0,10,a871fd7b6ab72544e1f0f317c16cb18551759b575899188c0bfb1d048f9a4a69,63651f1b650ba00f6a69f98bd79b8b8708ada257
scaling,D4,barycenter_rmse,cwdb_v1,0.15579309719074916,0.003198509687260208,10,a871fd7b6ab72544e1f0f317c16cb18551759b575899188c0bfb1d048f9a4a69,63651f1b650ba00f6a69f98bd79b8b8708ada257
scaling,D4,barycenter_rmse,cwdb_v0,0.17865366443552166,0.002070323461069294,10,a871fd7b6ab72544e1f0f317c16cb18551759b575899188c0bfb1d048f9a4a69,63651f1b650ba00f6a69f98bd79b8b8708ada257
scaling,D4,barycenter_rmse,wdrft,0.0880544559377435,0.0024692096883939633,10,a871fd7b6ab72544e1f0f317c16cb18551759b575899188c0bfb1d048f9a4a69,63651f1b650ba00f6a69f98bd79b8b8708ada257
scaling,D4,barycenter_rmse,causal_drf,0.24293075675647638,0.01806901284380312,10,a871fd7b6ab72544e1f0f317c16cb18551759b575899188c0bfb1d048f9a4a69,63651f1b650ba00f6a69f98bd79b8b8708ada257
scaling,D4,barycenter_rmse,pta_s,0.10345435279629175,0.001415620026599905,10,a871fd7b6ab72544e1f0f317c16cb18551759b575899188c0bfb1d048f9a4a69,63651f1b650ba00f6a69f98bd79b8b8708ada257
scaling,D6,mean_quantile_rmse,cwdb_v1,0.19490160204917237,0.01245606347092609,10,a871fd7b6ab72544e1f0f317c16cb18551759b575899188c0bfb1d048f9a4a69,63651f1b650ba00f6a69f98bd79b8b8708ada257
scaling,D6,mean_quantile_rmse,cwdb_v0,0.4098942055565568,0.010753556813308019,10,a871fd7b6ab72544e1f0f317c16cb18551759b575899188c0bfb1d048f9a4a69,63651f1b650ba00f6a69f98bd79b8b8708ada257
scaling,D6,mean_quantile_rmse,wdrft,0.2105006572526893,0.011806659322982712,10,a871fd7b6ab72544e1f0f317c16cb18551759b575899188c0bfb1d048f9a4a69,63651f1b650ba00f6a69f98bd79b8b8708ada257
scaling,D6,mean_quantile_rmse,causal_drf,0.21489918057292456,0.01694965383591342,10,a871fd7b6ab72544e1f0f317c16cb18551759b575899188c0bfb1d048f9a4a69,63651f1b650ba00f6a69f98bd79b8b8708ada257
scaling,D6,mean_quantile_rmse,pta_s,0.20084813564379247,0.014529830717957354,10,a871fd7b6ab72544e1f0f317c16cb18551759b575899188c0bfb1d048f9a4a69,63651f1b650ba00f6a69f98bd79b8b8708ada257
scaling,D6,kernel_law_error,cwdb_v1,0.009595908163227479,0.0005151931425789293,10,a871fd7b6ab72544e1f0f317c16cb18551759b575899188c0bfb1d048f9a4a69,63651f1b650ba00f6a69f98bd79b8b8708ada257
scaling,D6,kernel_law_error,cwdb_v0,0.01731370762951893,0.000668320696018493,10,a871fd7b6ab72544e1f0f317c16cb18551759b575899188c0bfb1d048f9a4a69,63651f1b650ba00f6a69f98bd79b8b8708ada257
scaling,D6,kernel_law_error,wdrft,0.004722942213115725,0.00028399650124070054,10,a871fd7b6ab72544e1f0f317c16cb18551759b575899188c0bfb1d048f9a4a69,63651f1b650ba00f6a69f98bd79b8b8708ada257
scaling,D6,kernel_law_error,causal_drf,0.006834541924511892,0.0003752153989782305,10,a871fd7b6ab72544e1f0f317c16cb18551759b575899188c0bfb1d048f9a4a69,63651f1b650ba00f6a69f98bd79b8b8708ada257
scaling,D6,arm_energy_risk,cwdb_v1,0.04227486371218135,0.0014295924281763853,10,a871fd7b6ab72544e1f0f317c16cb18551759b575899188c0bfb1d048f9a4a69,63651f1b650ba00f6a69f98bd79b8b8708ada257
scaling,D6,arm_energy_risk,cwdb_v0,0.06314627578977797,0.0017181627508747184,10,a871fd7b6ab72544e1f0f317c16cb18551759b575899188c0bfb1d048f9a4a69,63651f1b650ba00f6a69f98bd79b8b8708ada257
scaling,D6,arm_energy_risk,wdrft,0.020889390484598848,0.0006711873309481669,10,a871fd7b6ab72544e1f0f317c16cb18551759b575899188c0bfb1d048f9a4a69,63651f1b650ba00f6a69f98bd79b8b8708ada257
scaling,D6,arm_energy_risk,causal_drf,0.03143644241787926,0.0015188101115874194,10,a871fd7b6ab72544e1f0f317c16cb18551759b575899188c0bfb1d048f9a4a69,63651f1b650ba00f6a69f98bd79b8b8708ada257
scaling,D6,tcate_functional_rmse,cwdb_v1,0.07185197571118296,0.008135134285583007,10,a871fd7b6ab72544e1f0f317c16cb18551759b575899188c0bfb1d048f9a4a69,63651f1b650ba00f6a69f98bd79b8b8708ada257
scaling,D6,tcate_functional_rmse,cwdb_v0,0.06537687223221986,0.01051330594167874,10,a871fd7b6ab72544e1f0f317c16cb18551759b575899188c0bfb1d048f9a4a69,63651f1b650ba00f6a69f98bd79b8b8708ada257
scaling,D6,tcate_functional_rmse,wdrft,0.07463995102868375,0.0073419295778351535,10,a871fd7b6ab72544e1f0f317c16cb18551759b575899188c0bfb1d048f9a4a69,63651f1b650ba00f6a69f98bd79b8b8708ada257
scaling,D6,tcate_functional_rmse,causal_drf,0.08254157088981455,0.012040419406962767,10,a871fd7b6ab72544e1f0f317c16cb18551759b575899188c0bfb1d048f9a4a69,63651f1b650ba00f6a69f98bd79b8b8708ada257
scaling,D6,tcate_functional_rmse,pta_s,0.08110927035749135,0.0065200106391056795,10,a871fd7b6ab72544e1f0f317c16cb18551759b575899188c0bfb1d048f9a4a69,63651f1b650ba00f6a69f98bd79b8b8708ada257
scaling,D6,reference_tcate_rmse,cwdb_v1,0.04797087019505203,0.011515394375099281,10,a871fd7b6ab72544e1f0f317c16cb18551759b575899188c0bfb1d048f9a4a69,63651f1b650ba00f6a69f98bd79b8b8708ada257
scaling,D6,reference_tcate_rmse,cwdb_v0,0.06668996278443111,0.011639216733571562,10,a871fd7b6ab72544e1f0f317c16cb18551759b575899188c0bfb1d048f9a4a69,63651f1b650ba00f6a69f98bd79b8b8708ada257
scaling,D6,reference_tcate_rmse,wdrft,0.05281488030528823,0.004114027645945237,10,a871fd7b6ab72544e1f0f317c16cb18551759b575899188c0bfb1d048f9a4a69,63651f1b650ba00f6a69f98bd79b8b8708ada257
scaling,D6,reference_tcate_rmse,causal_drf,0.050633539117179494,0.0055626411950762435,10,a871fd7b6ab72544e1f0f317c16cb18551759b575899188c0bfb1d048f9a4a69,63651f1b650ba00f6a69f98bd79b8b8708ada257
scaling,D6,reference_tcate_rmse,pta_s,0.042485260836908206,0.007128988222272314,10,a871fd7b6ab72544e1f0f317c16cb18551759b575899188c0bfb1d048f9a4a69,63651f1b650ba00f6a69f98bd79b8b8708ada257
scaling,D6,reference_effect_rmse,cwdb_v1,0.03090476486784155,0.010622969839088283,10,a871fd7b6ab72544e1f0f317c16cb18551759b575899188c0bfb1d048f9a4a69,63651f1b650ba00f6a69f98bd79b8b8708ada257
scaling,D6,reference_effect_rmse,cwdb_v0,0.03179359688521426,0.00902083058089723,10,a871fd7b6ab72544e1f0f317c16cb18551759b575899188c0bfb1d048f9a4a69,63651f1b650ba00f6a69f98bd79b8b8708ada257
scaling,D6,reference_effect_rmse,wdrft,0.03224637376553898,0.004284159331733662,10,a871fd7b6ab72544e1f0f317c16cb18551759b575899188c0bfb1d048f9a4a69,63651f1b650ba00f6a69f98bd79b8b8708ada257
scaling,D6,reference_effect_rmse,causal_drf,0.03523328470459157,0.005693315853331877,10,a871fd7b6ab72544e1f0f317c16cb18551759b575899188c0bfb1d048f9a4a69,63651f1b650ba00f6a69f98bd79b8b8708ada257
scaling,D6,reference_effect_rmse,pta_s,0.030644790043355418,0.004756978276617817,10,a871fd7b6ab72544e1f0f317c16cb18551759b575899188c0bfb1d048f9a4a69,63651f1b650ba00f6a69f98bd79b8b8708ada257
scaling,D6,tail_calibration,cwdb_v1,0.051342568979704364,0.0023475247865616497,10,a871fd7b6ab72544e1f0f317c16cb18551759b575899188c0bfb1d048f9a4a69,63651f1b650ba00f6a69f98bd79b8b8708ada257
scaling,D6,tail_calibration,cwdb_v0,0.07538308366441908,0.0020578033261034454,10,a871fd7b6ab72544e1f0f317c16cb18551759b575899188c0bfb1d048f9a4a69,63651f1b650ba00f6a69f98bd79b8b8708ada257
scaling,D6,tail_calibration,wdrft,0.042514998750200636,0.0014471255953577866,10,a871fd7b6ab72544e1f0f317c16cb18551759b575899188c0bfb1d048f9a4a69,63651f1b650ba00f6a69f98bd79b8b8708ada257
scaling,D6,tail_calibration,causal_drf,0.04847613006483185,0.0015359472809383548,10,a871fd7b6ab72544e1f0f317c16cb18551759b575899188c0bfb1d048f9a4a69,63651f1b650ba00f6a69f98bd79b8b8708ada257
scaling,D6,mode_coverage,cwdb_v1,0.998875,0.00039308254716901675,10,a871fd7b6ab72544e1f0f317c16cb18551759b575899188c0bfb1d048f9a4a69,63651f1b650ba00f6a69f98bd79b8b8708ada257
scaling,D6,mode_coverage,cwdb_v0,0.9970000000000001,0.0007264831572567843,10,a871fd7b6ab72544e1f0f317c16cb18551759b575899188c0bfb1d048f9a4a69,63651f1b650ba00f6a69f98bd79b8b8708ada257
scaling,D6,mode_coverage,wdrft,1.0,0.0,10,a871fd7b6ab72544e1f0f317c16cb18551759b575899188c0bfb1d048f9a4a69,63651f1b650ba00f6a69f98bd79b8b8708ada257
scaling,D6,mode_coverage,causal_drf,1.0,0.0,10,a871fd7b6ab72544e1f0f317c16cb18551759b575899188c0bfb1d048f9a4a69,63651f1b650ba00f6a69f98bd79b8b8708ada257
scaling,D6,barycenter_rmse,cwdb_v1,0.255365402456013,0.005027511213639209,10,a871fd7b6ab72544e1f0f317c16cb18551759b575899188c0bfb1d048f9a4a69,63651f1b650ba00f6a69f98bd79b8b8708ada257
scaling,D6,barycenter_rmse,cwdb_v0,0.3132705832310453,0.005187591499951978,10,a871fd7b6ab72544e1f0f317c16cb18551759b575899188c0bfb1d048f9a4a69,63651f1b650ba00f6a69f98bd79b8b8708ada257
scaling,D6,barycenter_rmse,wdrft,0.21457603986480356,0.00374378329874705,10,a871fd7b6ab72544e1f0f317c16cb18551759b575899188c0bfb1d048f9a4a69,63651f1b650ba00f6a69f98bd79b8b8708ada257
scaling,D6,barycenter_rmse,causal_drf,0.2739766636878984,0.0099477908777619,10,a871fd7b6ab72544e1f0f317c16cb18551759b575899188c0bfb1d048f9a4a69,63651f1b650ba00f6a69f98bd79b8b8708ada257
scaling,D6,barycenter_rmse,pta_s,0.2157636614278923,0.006892025306178744,10,a871fd7b6ab72544e1f0f317c16cb18551759b575899188c0bfb1d048f9a4a69,63651f1b650ba00f6a69f98bd79b8b8708ada257
shrinkage,D2,mean_quantile_rmse,cwdb_v1,0.12661229486874595,0.002369901569589565,20,a871fd7b6ab72544e1f0f317c16cb18551759b575899188c0bfb1d048f9a4a69,63651f1b650ba00f6a69f98bd79b8b8708ada257
shrinkage,D2,mean_quantile_rmse,cwdb_v1_noshrink,0.16045282146135792,0.0015535938207265332,20,a871fd7b6ab72544e1f0f317c16cb18551759b575899188c0bfb1d048f9a4a69,63651f1b650ba00f6a69f98bd79b8b8708ada257
shrinkage,D2,kernel_law_error,cwdb_v1,0.009998470474662093,0.00024011027102665224,20,a871fd7b6ab72544e1f0f317c16cb18551759b575899188c0bfb1d048f9a4a69,63651f1b650ba00f6a69f98bd79b8b8708ada257
shrinkage,D2,kernel_law_error,cwdb_v1_noshrink,0.010957411405256433,0.000216813438902319,20,a871fd7b6ab72544e1f0f317c16cb18551759b575899188c0bfb1d048f9a4a69,63651f1b650ba00f6a69f98bd79b8b8708ada257
shrinkage,D2,arm_energy_risk,cwdb_v1,0.04688522285434511,0.0008673529721883913,20,a871fd7b6ab72544e1f0f317c16cb18551759b575899188c0bfb1d048f9a4a69,63651f1b650ba00f6a69f98bd79b8b8708ada257
shrinkage,D2,arm_energy_risk,cwdb_v1_noshrink,0.05083801160817096,0.0007009694013215787,20,a871fd7b6ab72544e1f0f317c16cb18551759b575899188c0bfb1d048f9a4a69,63651f1b650ba00f6a69f98bd79b8b8708ada257
shrinkage,D2,tcate_functional_rmse,cwdb_v1,0.029195611364194785,0.0018398004386905153,20,a871fd7b6ab72544e1f0f317c16cb18551759b575899188c0bfb1d048f9a4a69,63651f1b650ba00f6a69f98bd79b8b8708ada257
shrinkage,D2,tcate_functional_rmse,cwdb_v1_noshrink,0.0288526324009954,0.0015705609175623004,20,a871fd7b6ab72544e1f0f317c16cb18551759b575899188c0bfb1d048f9a4a69,63651f1b650ba00f6a69f98bd79b8b8708ada257
shrinkage,D2,reference_tcate_rmse,cwdb_v1,0.03005584915173315,0.002824906723190788,20,a871fd7b6ab72544e1f0f317c16cb18551759b575899188c0bfb1d048f9a4a69,63651f1b650ba00f6a69f98bd79b8b8708ada257
shrinkage,D2,reference_tcate_rmse,cwdb_v1_noshrink,0.031658978288852835,0.002691447265540198,20,a871fd7b6ab72544e1f0f317c16cb18551759b575899188c0bfb1d048f9a4a69,63651f1b650ba00f6a69f98bd79b8b8708ada257
shrinkage,D2,reference_effect_rmse,cwdb_v1,0.0212098059324279,0.0032891041346876848,20,a871fd7b6ab72544e1f0f317c16cb18551759b575899188c0bfb1d048f9a4a69,63651f1b650ba00f6a69f98bd79b8b8708ada257
shrinkage,D2,reference_effect_rmse,cwdb_v1_noshrink,0.02196479694553264,0.0034594465243040413,20,a871fd7b6ab72544e1f0f317c16cb18551759b575899188c0bfb1d048f9a4a69,63651f1b650ba00f6a69f98bd79b8b8708ada257
shrinkage,D2,tail_calibration,cwdb_v1,0.10606965721446485,0.0016749426448042116,20,a871fd7b6ab72544e1f0f317c16cb18551759b575899188c0bfb1d048f9a4a69,63651f1b650ba00f6a69f98bd79b8b8708ada257
shrinkage,D2,tail_calibration,cwdb_v1_noshrink,0.11085570426383669,0.0013418956679351476,20,a871fd7b6ab72544e1f0f317c16cb18551759b575899188c0bfb1d048f9a4a69,63651f1b650ba00f6a69f98bd79b8b8708ada257
shrinkage,D2,mode_coverage,cwdb_v1,1.0,0.0,20,a871fd7b6ab72544e1f0f317c16cb18551759b575899188c0bfb1d048f9a4a69,63651f1b650ba00f6a69f98bd79b8b8708ada257
shrinkage,D2,mode_coverage,cwdb_v1_noshrink,1.0,0.0,20,a871fd7b6ab72544e1f0f317c16cb18551759b575899188c0bfb1d048f9a4a69,63651f1b650ba00f6a69f98bd79b8b8708ada257
shrinkage,D2,barycenter_rmse,cwdb_v1,0.17565644619724743,0.0017399548547373188,20,a871fd7b6ab72544e1f0f317c16cb18551759b575899188c0bfb1d048f9a4a69,63651f1b650ba00f6a69f98bd79b8b8708ada257
shrinkage,D2,barycenter_rmse,cwdb_v1_noshrink,0.1844540321850605,0.0015554451386095244,20,a871fd7b6ab72544e1f0f317c16cb18551759b575899188c0bfb1d048f9a4a69,63651f1b650ba00f6a69f98bd79b8b8708ada257
shrinkage,D8,mean_quantile_rmse,cwdb_v1,0.17414614936570544,0.00576069508240774,20,a871fd7b6ab72544e1f0f317c16cb18551759b575899188c0bfb1d048f9a4a69,63651f1b650ba00f6a69f98bd79b8b8708ada257
shrinkage,D8,mean_quantile_rmse,cwdb_v1_noshrink,0.20614568255414664,0.003981148555872003,20,a871fd7b6ab72544e1f0f317c16cb18551759b575899188c0bfb1d048f9a4a69,63651f1b650ba00f6a69f98bd79b8b8708ada257
shrinkage,D8,kernel_law_error,cwdb_v1,0.015168889017442237,0.0002590095078262367,20,a871fd7b6ab72544e1f0f317c16cb18551759b575899188c0bfb1d048f9a4a69,63651f1b650ba00f6a69f98bd79b8b8708ada257
shrinkage,D8,kernel_law_error,cwdb_v1_noshrink,0.016254919517675992,0.0003436129806613184,20,a871fd7b6ab72544e1f0f317c16cb18551759b575899188c0bfb1d048f9a4a69,63651f1b650ba00f6a69f98bd79b8b8708ada257
shrinkage,D8,arm_energy_risk,cwdb_v1,0.0633848048914663,0.0007630544581170222,20,a871fd7b6ab72544e1f0f317c16cb18551759b575899188c0bfb1d048f9a4a69,63651f1b650ba00f6a69f98bd79b8b8708ada257
shrinkage,D8,arm_energy_risk,cwdb_v1_noshrink,0.0680603333286287,0.0009802899331915146,20,a871fd7b6ab72544e1f0f317c16cb18551759b575899188c0bfb1d048f9a4a69,63651f1b650ba00f6a69f98bd79b8b8708ada257
shrinkage,D8,tcate_functional_rmse,cwdb_v1,0.0549608885375482,0.004710114545860411,20,a871fd7b6ab72544e1f0f317c16cb18551759b575899188c0bfb1d048f9a4a69,63651f1b650ba00f6a69f98bd79b8b8708ada257
shrinkage,D8,tcate_functional_rmse,cwdb_v1_noshrink,0.050666109449483646,0.003667766858570388,20,a871fd7b6ab72544e1f0f317c16cb18551759b575899188c0bfb1d048f9a4a69,63651f1b650ba00f6a69f98bd79b8b8708ada257
shrinkage,D8,reference_tcate_rmse,cwdb_v1,0.04537988150254972,0.0022323286613537365,20,a871fd7b6ab72544e1f0f317c16cb18551759b575899188c0bfb1d048f9a4a69,63651f1b650ba00f6a69f98bd79b8b8708ada257
shrinkage,D8,reference_tcate_rmse,cwdb_v1_noshrink,0.047936439360494236,0.0036860562618760357,20,a871fd7b6ab72544e1f0f317c16cb18551759b575899188c0bfb1d048f9a4a69,63651f1b650ba00f6a69f98bd79b8b8708ada257
shrinkage,D8,reference_effect_rmse,cwdb_v1,0.024776659358831197,0.0030232249311917155,20,a871fd7b6ab72544e1f0f317c16cb18551759b575899188c0bfb1d048f9a4a69,63651f1b650ba00f6a69f98bd79b8b8708ada257
shrinkage,D8,reference_effect_rmse,cwdb_v1_noshrink,0.0237940786422275,0.0032077844827801275,20,a871fd7b6ab72544e1f0f317c16cb18551759b575899188c0bfb1d048f9a4a69,63651f1b650ba00f6a69f98bd79b8b8708ada257
shrinkage,D8,tail_calibration,cwdb_v1,0.09577438925567325,0.003691657586264612,20,a871fd7b6ab72544e1f0f317c16cb18551759b575899188c0bfb1d048f9a4a69,63651f1b650ba00f6a69f98bd79b8b8708ada257
shrinkage,D8,tail_calibration,cwdb_v1_noshrink,0.10089457227516227,0.0038810692999144292,20,a871fd7b6ab72544e1f0f317c16cb18551759b575899188c0bfb1d048f9a4a69,63651f1b650ba00f6a69f98bd79b8b8708ada257
shrinkage,D8,mode_coverage,cwdb_v1,1.0,0.0,20,a871fd7b6ab72544e1f0f317c16cb18551759b575899188c0bfb1d048f9a4a69,63651f1b650ba00f6a69f98bd79b8b8708ada257
shrinkage,D8,mode_coverage,cwdb_v1_noshrink,1.0,0.0,20,a871fd7b6ab72544e1f0f317c16cb18551759b575899188c0bfb1d048f9a4a69,63651f1b650ba00f6a69f98bd79b8b8708ada257
shrinkage,D8,barycenter_rmse,cwdb_v1,0.25119048023972856,0.0018873495989008286,20,a871fd7b6ab72544e1f0f317c16cb18551759b575899188c0bfb1d048f9a4a69,63651f1b650ba00f6a69f98bd79b8b8708ada257
shrinkage,D8,barycenter_rmse,cwdb_v1_noshrink,0.2599559749564629,0.0023354425354761305,20,a871fd7b6ab72544e1f0f317c16cb18551759b575899188c0bfb1d048f9a4a69,63651f1b650ba00f6a69f98bd79b8b8708ada257
smallk,D0,mean_quantile_rmse,cwdb_v1,0.11579335866455023,0.0027430192196401873,20,a871fd7b6ab72544e1f0f317c16cb18551759b575899188c0bfb1d048f9a4a69,63651f1b650ba00f6a69f98bd79b8b8708ada257
smallk,D0,mean_quantile_rmse,cwdb_v0,0.12504391372720308,0.0019516283330598852,20,a871fd7b6ab72544e1f0f317c16cb18551759b575899188c0bfb1d048f9a4a69,63651f1b650ba00f6a69f98bd79b8b8708ada257
smallk,D0,mean_quantile_rmse,sqw2_booster,0.08413296685542115,0.0010831838664144835,20,a871fd7b6ab72544e1f0f317c16cb18551759b575899188c0bfb1d048f9a4a69,63651f1b650ba00f6a69f98bd79b8b8708ada257
smallk,D0,mean_quantile_rmse,wdrft,0.13973187073935697,0.001830007824179156,20,a871fd7b6ab72544e1f0f317c16cb18551759b575899188c0bfb1d048f9a4a69,63651f1b650ba00f6a69f98bd79b8b8708ada257
smallk,D0,mean_quantile_rmse,causal_drf,0.1751815697173021,0.0082847091532251,20,a871fd7b6ab72544e1f0f317c16cb18551759b575899188c0bfb1d048f9a4a69,63651f1b650ba00f6a69f98bd79b8b8708ada257
smallk,D0,mean_quantile_rmse,pta_s,0.06253712347114236,0.0004335264663552245,20,a871fd7b6ab72544e1f0f317c16cb18551759b575899188c0bfb1d048f9a4a69,63651f1b650ba00f6a69f98bd79b8b8708ada257
smallk,D0,mean_quantile_rmse,pta_f,0.12136429744651352,0.002599520124665839,20,a871fd7b6ab72544e1f0f317c16cb18551759b575899188c0bfb1d048f9a4a69,63651f1b650ba00f6a69f98bd79b8b8708ada257
smallk,D0,kernel_law_error,cwdb_v1,0.02940698578242191,0.001242253201584889,20,a871fd7b6ab72544e1f0f317c16cb18551759b575899188c0bfb1d048f9a4a69,63651f1b650ba00f6a69f98bd79b8b8708ada257
smallk,D0,kernel_law_error,cwdb_v0,0.037973563461299834,0.0016209022638512603,20,a871fd7b6ab72544e1f0f317c16cb18551759b575899188c0bfb1d048f9a4a69,63651f1b650ba00f6a69f98bd79b8b8708ada257
smallk,D0,kernel_law_error,sqw2_booster,0.024370467709198523,0.0010381616993459075,20,a871fd7b6ab72544e1f0f317c16cb18551759b575899188c0bfb1d048f9a4a69,63651f1b650ba00f6a69f98bd79b8b8708ada257
smallk,D0,kernel_law_error,wdrft,0.1033660407269386,0.0031721249126970812,20,a871fd7b6ab72544e1f0f317c16cb18551759b575899188c0bfb1d048f9a4a69,63651f1b650ba00f6a69f98bd79b8b8708ada257
smallk,D0,kernel_law_error,causal_drf,0.1776545687277775,0.008374698458272064,20,a871fd7b6ab72544e1f0f317c16cb18551759b575899188c0bfb1d048f9a4a69,63651f1b650ba00f6a69f98bd79b8b8708ada257
smallk,D0,arm_energy_risk,cwdb_v1,0.060511049569242095,0.0007502009368183306,20,a871fd7b6ab72544e1f0f317c16cb18551759b575899188c0bfb1d048f9a4a69,63651f1b650ba00f6a69f98bd79b8b8708ada257
smallk,D0,arm_energy_risk,cwdb_v0,0.06858638397398469,0.000839528618378807,20,a871fd7b6ab72544e1f0f317c16cb18551759b575899188c0bfb1d048f9a4a69,63651f1b650ba00f6a69f98bd79b8b8708ada257
smallk,D0,arm_energy_risk,sqw2_booster,0.07223184826671628,0.0008689605009668723,20,a871fd7b6ab72544e1f0f317c16cb18551759b575899188c0bfb1d048f9a4a69,63651f1b650ba00f6a69f98bd79b8b8708ada257
smallk,D0,arm_energy_risk,wdrft,0.12428527370391262,0.0005934474162596178,20,a871fd7b6ab72544e1f0f317c16cb18551759b575899188c0bfb1d048f9a4a69,63651f1b650ba00f6a69f98bd79b8b8708ada257
smallk,D0,arm_energy_risk,causal_drf,0.1718435151189858,0.005265472219392577,20,a871fd7b6ab72544e1f0f317c16cb18551759b575899188c0bfb1d048f9a4a69,63651f1b650ba00f6a69f98bd79b8b8708ada257
smallk,D0,tcate_functional_rmse,cwdb_v1,0.04995567238551509,0.001958067450673096,20,a871fd7b6ab72544e1f0f317c16cb18551759b575899188c0bfb1d048f9a4a69,63651f1b650ba00f6a69f98bd79b8b8708ada257
smallk,D0,tcate_functional_rmse,cwdb_v0,0.0357938570088001,0.0017277720620500396,20,a871fd7b6ab72544e1f0f317c16cb18551759b575899188c0bfb1d048f9a4a69,63651f1b650ba00f6a69f98bd79b8b8708ada257
smallk,D0,tcate_functional_rmse,sqw2_booster,0.027345428625652063,0.0007780059408284368,20,a871fd7b6ab72544e1f0f317c16cb18551759b575899188c0bfb1d048f9a4a69,63651f1b650ba00f6a69f98bd79b8b8708ada257
smallk,D0,tcate_functional_rmse,wdrft,0.03751921750426186,0.0020141027020117133,20,a871fd7b6ab72544e1f0f317c16cb18551759b575899188c0bfb1d048f9a4a69,63651f1b650ba00f6a69f98bd79b8b8708ada257
smallk,D0,tcate_functional_rmse,causal_drf,0.06731173477166619,0.005783270010020793,20,a871fd7b6ab72544e1f0f317c16cb18551759b575899188c0bfb1d048f9a4a69,63651f1b650ba00f6a69f98bd79b8b8708ada257
smallk,D0,tcate_functional_rmse,pta_s,0.008125058111742182,0.0006727809846872006,20,a871fd7b6ab72544e1f0f317c16cb18551759b575899188c0bfb1d048f9a4a69,63651f1b650ba00f6a69f98bd79b8b8708ada257
smallk,D0,tcate_functional_rmse,pta_f,0.03861827606399164,0.0018176182465489794,20,a871fd7b6ab72544e1f0f317c16cb18551759b575899188c0bfb1d048f9a4a69,63651f1b650ba00f6a69f98bd79b8b8708ada257
smallk,D0,reference_tcate_rmse,cwdb_v1,0.06575223039415548,0.0019689377791570293,20,a871fd7b6ab72544e1f0f317c16cb18551759b575899188c0bfb1d048f9a4a69,63651f1b650ba00f6a69f98bd79b8b8708ada257
smallk,D0,reference_tcate_rmse,cwdb_v0,0.03501580589101977,0.002147979826976536,20,a871fd7b6ab72544e1f0f317c16cb18551759b575899188c0bfb1d048f9a4a69,63651f1b650ba00f6a69f98bd79b8b8708ada257
smallk,D0,reference_tcate_rmse,sqw2_booster,0.04255558165027924,0.0014148218245294496,20,a871fd7b6ab72544e1f0f317c16cb18551759b575899188c0bfb1d048f9a4a69,63651f1b650ba00f6a69f98bd79b8b8708ada257
smallk,D0,reference_tcate_rmse,wdrft,0.06501433647716562,0.0027114910935013984,20,a871fd7b6ab72544e1f0f317c16cb18551759b575899188c0bfb1d048f9a4a69,63651f1b650ba00f6a69f98bd79b8b8708ada257
smallk,D0,reference_tcate_rmse,causal_drf,0.0784920369387809,0.005554249013529072,20,a871fd7b6ab72544e1f0f317c16cb18551759b575899188c0bfb1d048f9a4a69,63651f1b650ba00f6a69f98bd79b8b8708ada257
smallk,D0,reference_tcate_rmse,pta_s,0.017830482486762757,0.0013676589836809406,20,a871fd7b6ab72544e1f0f317c16cb18551759b575899188c0bfb1d048f9a4a69,63651f1b650ba00f6a69f98bd79b8b8708ada257
smallk,D0,reference_tcate_rmse,pta_f,0.07499027603027067,0.002436903626887881,20,a871fd7b6ab72544e1f0f317c16cb18551759b575899188c0bfb1d048f9a4a69,63651f1b650ba00f6a69f98bd79b8b8708ada257
smallk,D0,reference_effect_rmse,cwdb_v1,0.04512531762110457,0.0021693586251583592,20,a871fd7b6ab72544e1f0f317c16cb18551759b575899188c0bfb1d048f9a4a69,63651f1b650ba00f6a69f98bd79b8b8708ada257
smallk,D0,reference_effect_rmse,cwdb_v0,0.02312440440437033,0.002420627488679418,20,a871fd7b6ab72544e1f0f317c16cb18551759b575899188c0bfb1d048f9a4a69,63651f1b650ba00f6a69f98bd79b8b8708ada257
smallk,D0,reference_effect_rmse,sqw2_booster,0.01686916931736056,0.0018826504260999887,20,a871fd7b6ab72544e1f0f317c16cb18551759b575899188c0bfb1d048f9a4a69,63651f1b650ba00f6a69f98bd79b8b8708ada257
smallk,D0,reference_effect_rmse,wdrft,0.010083231998934964,0.0018959401499450055,20,a871fd7b6ab72544e1f0f317c16cb18551759b575899188c0bfb1d048f9a4a69,63651f1b650ba00f6a69f98bd79b8b8708ada257
smallk,D0,reference_effect_rmse,causal_drf,0.01493124293295962,0.0018743211073711224,20,a871fd7b6ab72544e1f0f317c16cb18551759b575899188c0bfb1d048f9a4a69,63651f1b650ba00f6a69f98bd79b8b8708ada257
smallk,D0,reference_effect_rmse,pta_s,0.005795177624900791,0.0012783516508139206,20,a871fd7b6ab72544e1f0f317c16cb18551759b575899188c0bfb1d048f9a4a69,63651f1b650ba00f6a69f98bd79b8b8708ada257
smallk,D0,reference_effect_rmse,pta_f,0.013463416341041614,0.0025535663997401717,20,a871fd7b6ab72544e1f0f317c16cb18551759b575899188c0bfb1d048f9a4a69,63651f1b650ba00f6a69f98bd79b8b8708ada257
smallk,D0,tail_calibration,cwdb_v1,0.07145,0.0032546323262309324,20,a871fd7b6ab72544e1f0f317c16cb18551759b575899188c0bfb1d048f9a4a69,63651f1b650ba00f6a69f98bd79b8b8708ada257
smallk,D0,tail_calibration,cwdb_v0,0.08691249999999999,0.0039867904829904415,20,a871fd7b6ab72544e1f0f317c16cb18551759b575899188c0bfb1d048f9a4a69,63651f1b650ba00f6a69f98bd79b8b8708ada257
smallk,D0,tail_calibration,sqw2_booster,0.034625,0.0025922137968194393,20,a871fd7b6ab72544e1f0f317c16cb18551759b575899188c0bfb1d048f9a4a69,63651f1b650ba00f6a69f98bd79b8b8708ada257
smallk,D0,tail_calibration,wdrft,0.14772089973929647,0.003079797002082887,20,a871fd7b6ab72544e1f0f317c16cb18551759b575899188c0bfb1d048f9a4a69,63651f1b650ba00f6a69f98bd79b8b8708ada257
smallk,D0,tail_calibration,causal_drf,0.23596851176443073,0.011799144103886045,20,a871fd7b6ab72544e1f0f317c16cb18551759b575899188c0bfb1d048f9a4a69,63651f1b650ba00f6a69f98bd79b8b8708ada257
smallk,D0,mode_coverage,cwdb_v1,1.0,0.0,20,a871fd7b6ab72544e1f0f317c16cb18551759b575899188c0bfb1d048f9a4a69,63651f1b650ba00f6a69f98bd79b8b8708ada257
smallk,D0,mode_coverage,cwdb_v0,1.0,0.0,20,a871fd7b6ab72544e1f0f317c16cb18551759b575899188c0bfb1d048f9a4a69,63651f1b650ba00f6a69f98bd79b8b8708ada257
smallk,D0,mode_coverage,sqw2_booster,1.0,0.0,20,a871fd7b6ab72544e1f0f317c16cb18551759b575899188c0bfb1d048f9a4a69,63651f1b650ba00f6a69f98bd79b8b8708ada257
smallk,D0,mode_coverage,wdrft,1.0,0.0,20,a871fd7b6ab72544e1f0f317c16cb18551759b575899188c0bfb1d048f9a4a69,63651f1b650ba00f6a69f98bd79b8b8708ada257
smallk,D0,mode_coverage,causal_drf,1.0,0.0,20,a871fd7b6ab72544e1f0f317c16cb18551759b575899188c0bfb1d048f9a4a69,63651f1b650ba00f6a69f98bd79b8b8708ada257
smallk,D0,barycenter_rmse,cwdb_v1,0.11022834838765358,0.001557561186470288,20,a871fd7b6ab72544e1f0f317c16cb18551759b575899188c0bfb1d048f9a4a69,63651f1b650ba00f6a69f98bd79b8b8708ada257
smallk,D0,barycenter_rmse,cwdb_v0,0.12072219995548553,0.0014792534918897588,20,a871fd7b6ab72544e1f0f317c16cb18551759b575899188c0bfb1d048f9a4a69,63651f1b650ba00f6a69f98bd79b8b8708ada257
smallk,D0,barycenter_rmse,sqw2_booster,0.09003564471254928,0.0010728790801973211,20,a871fd7b6ab72544e1f0f317c16cb18551759b575899188c0bfb1d048f9a4a69,63651f1b650ba00f6a69f98bd79b8b8708ada257
smallk,D0,barycenter_rmse,wdrft,0.19591009754277383,0.0008191048529982089,20,a871fd7b6ab72544e1f0f317c16cb18551759b575899188c0bfb1d048f9a4a69,63651f1b650ba00f6a69f98bd79b8b8708ada257
smallk,D0,barycenter_rmse,causal_drf,0.29876146136744197,0.012815256000514244,20,a871fd7b6ab72544e1f0f317c16cb18551759b575899188c0bfb1d048f9a4a69,63651f1b650ba00f6a69f98bd79b8b8708ada257
smallk,D0,barycenter_rmse,pta_s,0.06207644587043679,0.0003061989322844125,20,a871fd7b6ab72544e1f0f317c16cb18551759b575899188c0bfb1d048f9a4a69,63651f1b650ba00f6a69f98bd79b8b8708ada257
smallk,D0,barycenter_rmse,pta_f,0.1353808022686383,0.004926469594215007,20,a871fd7b6ab72544e1f0f317c16cb18551759b575899188c0bfb1d048f9a4a69,63651f1b650ba00f6a69f98bd79b8b8708ada257
smallk,D1,mean_quantile_rmse,cwdb_v1,0.20230088754643857,0.005344712629258613,20,a871fd7b6ab72544e1f0f317c16cb18551759b575899188c0bfb1d048f9a4a69,63651f1b650ba00f6a69f98bd79b8b8708ada257
smallk,D1,mean_quantile_rmse,cwdb_v0,0.32892741776618795,0.00341982830881561,20,a871fd7b6ab72544e1f0f317c16cb18551759b575899188c0bfb1d048f9a4a69,63651f1b650ba00f6a69f98bd79b8b8708ada257
smallk,D1,mean_quantile_rmse,sqw2_booster,0.16278837941474006,0.0038298462418351166,20,a871fd7b6ab72544e1f0f317c16cb18551759b575899188c0bfb1d048f9a4a69,63651f1b650ba00f6a69f98bd79b8b8708ada257
smallk,D1,mean_quantile_rmse,wdrft,0.17661223953058766,0.0036973130124597253,20,a871fd7b6ab72544e1f0f317c16cb18551759b575899188c0bfb1d048f9a4a69,63651f1b650ba00f6a69f98bd79b8b8708ada257
smallk,D1,mean_quantile_rmse,causal_drf,0.2047000696462627,0.009184987263136615,20,a871fd7b6ab72544e1f0f317c16cb18551759b575899188c0bfb1d048f9a4a69,63651f1b650ba00f6a69f98bd79b8b8708ada257
smallk,D1,mean_quantile_rmse,pta_s,0.15181215024654748,0.004535547826414742,20,a871fd7b6ab72544e1f0f317c16cb18551759b575899188c0bfb1d048f9a4a69,63651f1b650ba00f6a69f98bd79b8b8708ada257
smallk,D1,mean_quantile_rmse,pta_f,0.3470320737945824,0.0123327040335161,20,a871fd7b6ab72544e1f0f317c16cb18551759b575899188c0bfb1d048f9a4a69,63651f1b650ba00f6a69f98bd79b8b8708ada257
smallk,D1,kernel_law_error,cwdb_v1,0.016396187967499018,0.0003570400554439036,20,a871fd7b6ab72544e1f0f317c16cb18551759b575899188c0bfb1d048f9a4a69,63651f1b650ba00f6a69f98bd79b8b8708ada257
smallk,D1,kernel_law_error,cwdb_v0,0.019924441451084907,0.00031539544210571103,20,a871fd7b6ab72544e1f0f317c16cb18551759b575899188c0bfb1d048f9a4a69,63651f1b650ba00f6a69f98bd79b8b8708ada257
smallk,D1,kernel_law_error,sqw2_booster,0.013873476698969123,0.0002512398724996384,20,a871fd7b6ab72544e1f0f317c16cb18551759b575899188c0bfb1d048f9a4a69,63651f1b650ba00f6a69f98bd79b8b8708ada257
smallk,D1,kernel_law_error,wdrft,0.014485060641672773,0.0002391635182865411,20,a871fd7b6ab72544e1f0f317c16cb18551759b575899188c0bfb1d048f9a4a69,63651f1b650ba00f6a69f98bd79b8b8708ada257
smallk,D1,kernel_law_error,causal_drf,0.029915203561462777,0.0015327453089212268,20,a871fd7b6ab72544e1f0f317c16cb18551759b575899188c0bfb1d048f9a4a69,63651f1b650ba00f6a69f98bd79b8b8708ada257
smallk,D1,arm_energy_risk,cwdb_v1,0.07175133599561499,0.0009708039582973001,20,a871fd7b6ab72544e1f0f317c16cb18551759b575899188c0bfb1d048f9a4a69,63651f1b650ba00f6a69f98bd79b8b8708ada257
smallk,D1,arm_energy_risk,cwdb_v0,0.08640671445136812,0.0009196776487321224,20,a871fd7b6ab72544e1f0f317c16cb18551759b575899188c0bfb1d048f9a4a69,63651f1b650ba00f6a69f98bd79b8b8708ada257
smallk,D1,arm_energy_risk,sqw2_booster,0.14129470101442007,0.0006912310317874592,20,a871fd7b6ab72544e1f0f317c16cb18551759b575899188c0bfb1d048f9a4a69,63651f1b650ba00f6a69f98bd79b8b8708ada257
smallk,D1,arm_energy_risk,wdrft,0.040162050629763926,0.0004805866944297893,20,a871fd7b6ab72544e1f0f317c16cb18551759b575899188c0bfb1d048f9a4a69,63651f1b650ba00f6a69f98bd79b8b8708ada257
smallk,D1,arm_energy_risk,causal_drf,0.07098531794058013,0.0027756511319866105,20,a871fd7b6ab72544e1f0f317c16cb18551759b575899188c0bfb1d048f9a4a69,63651f1b650ba00f6a69f98bd79b8b8708ada257
smallk,D1,tcate_functional_rmse,cwdb_v1,0.0681102337179417,0.0028862478607626293,20,a871fd7b6ab72544e1f0f317c16cb18551759b575899188c0bfb1d048f9a4a69,63651f1b650ba00f6a69f98bd79b8b8708ada257
smallk,D1,tcate_functional_rmse,cwdb_v0,0.05396697163357045,0.0036557151928930344,20,a871fd7b6ab72544e1f0f317c16cb18551759b575899188c0bfb1d048f9a4a69,63651f1b650ba00f6a69f98bd79b8b8708ada257
smallk,D1,tcate_functional_rmse,sqw2_booster,0.045187217479922145,0.0027001778034984546,20,a871fd7b6ab72544e1f0f317c16cb18551759b575899188c0bfb1d048f9a4a69,63651f1b650ba00f6a69f98bd79b8b8708ada257
smallk,D1,tcate_functional_rmse,wdrft,0.053120687483502085,0.0039412271504456345,20,a871fd7b6ab72544e1f0f317c16cb18551759b575899188c0bfb1d048f9a4a69,63651f1b650ba00f6a69f98bd79b8b8708ada257
smallk,D1,tcate_functional_rmse,causal_drf,0.0857165611293003,0.006067763387637152,20,a871fd7b6ab72544e1f0f317c16cb18551759b575899188c0bfb1d048f9a4a69,63651f1b650ba00f6a69f98bd79b8b8708ada257
smallk,D1,tcate_functional_rmse,pta_s,0.043518669374940394,0.002981639549812361,20,a871fd7b6ab72544e1f0f317c16cb18551759b575899188c0bfb1d048f9a4a69,63651f1b650ba00f6a69f98bd79b8b8708ada257
smallk,D1,tcate_functional_rmse,pta_f,0.16393011430544047,0.006975004925621784,20,a871fd7b6ab72544e1f0f317c16cb18551759b575899188c0bfb1d048f9a4a69,63651f1b650ba00f6a69f98bd79b8b8708ada257
smallk,D1,reference_tcate_rmse,cwdb_v1,0.06067850980030161,0.004700168324491871,20,a871fd7b6ab72544e1f0f317c16cb18551759b575899188c0bfb1d048f9a4a69,63651f1b650ba00f6a69f98bd79b8b8708ada257
smallk,D1,reference_tcate_rmse,cwdb_v0,0.05375608473705915,0.004946449136590396,20,a871fd7b6ab72544e1f0f317c16cb18551759b575899188c0bfb1d048f9a4a69,63651f1b650ba00f6a69f98bd79b8b8708ada257
smallk,D1,reference_tcate_rmse,sqw2_booster,0.06054976885737231,0.0037975150093492956,20,a871fd7b6ab72544e1f0f317c16cb18551759b575899188c0bfb1d048f9a4a69,63651f1b650ba00f6a69f98bd79b8b8708ada257
smallk,D1,reference_tcate_rmse,wdrft,0.07437222786506853,0.005736158456538959,20,a871fd7b6ab72544e1f0f317c16cb18551759b575899188c0bfb1d048f9a4a69,63651f1b650ba00f6a69f98bd79b8b8708ada257
smallk,D1,reference_tcate_rmse,causal_drf,0.0895831780327533,0.007121864418865131,20,a871fd7b6ab72544e1f0f317c16cb18551759b575899188c0bfb1d048f9a4a69,63651f1b650ba00f6a69f98bd79b8b8708ada257
smallk,D1,reference_tcate_rmse,pta_s,0.0685070430336,0.005892343079872264,20,a871fd7b6ab72544e1f0f317c16cb18551759b575899188c0bfb1d048f9a4a69,63651f1b650ba00f6a69f98bd79b8b8708ada257
smallk,D1,reference_tcate_rmse,pta_f,0.1478105898641652,0.003580447486726517,20,a871fd7b6ab72544e1f0f317c16cb18551759b575899188c0bfb1d048f9a4a69,63651f1b650ba00f6a69f98bd79b8b8708ada257
smallk,D1,reference_effect_rmse,cwdb_v1,0.025927920194244208,0.00535616540768855,20,a871fd7b6ab72544e1f0f317c16cb18551759b575899188c0bfb1d048f9a4a69,63651f1b650ba00f6a69f98bd79b8b8708ada257
smallk,D1,reference_effect_rmse,cwdb_v0,0.027546155938566453,0.005883876705545007,20,a871fd7b6ab72544e1f0f317c16cb18551759b575899188c0bfb1d048f9a4a69,63651f1b650ba00f6a69f98bd79b8b8708ada257
smallk,D1,reference_effect_rmse,sqw2_booster,0.04155098858008837,0.004386843411037231,20,a871fd7b6ab72544e1f0f317c16cb18551759b575899188c0bfb1d048f9a4a69,63651f1b650ba00f6a69f98bd79b8b8708ada257
smallk,D1,reference_effect_rmse,wdrft,0.02081627690392508,0.005145117632623526,20,a871fd7b6ab72544e1f0f317c16cb18551759b575899188c0bfb1d048f9a4a69,63651f1b650ba00f6a69f98bd79b8b8708ada257
smallk,D1,reference_effect_rmse,causal_drf,0.0202478857283401,0.005281785266613554,20,a871fd7b6ab72544e1f0f317c16cb18551759b575899188c0bfb1d048f9a4a69,63651f1b650ba00f6a69f98bd79b8b8708ada257
smallk,D1,reference_effect_rmse,pta_s,0.01996558905017408,0.005015534128583719,20,a871fd7b6ab72544e1f0f317c16cb18551759b575899188c0bfb1d048f9a4a69,63651f1b650ba00f6a69f98bd79b8b8708ada257
smallk,D1,reference_effect_rmse,pta_f,0.022138257250056914,0.005473768744703794,20,a871fd7b6ab72544e1f0f317c16cb18551759b575899188c0bfb1d048f9a4a69,63651f1b650ba00f6a69f98bd79b8b8708ada257
smallk,D1,tail_calibration,cwdb_v1,0.12417346178530801,0.0020411114608403953,20,a871fd7b6ab72544e1f0f317c16cb18551759b575899188c0bfb1d048f9a4a69,63651f1b650ba00f6a69f98bd79b8b8708ada257
smallk,D1,tail_calibration,cwdb_v0,0.13361745723307078,0.0025427689562662306,20,a871fd7b6ab72544e1f0f317c16cb18551759b575899188c0bfb1d048f9a4a69,63651f1b650ba00f6a69f98bd79b8b8708ada257
smallk,D1,tail_calibration,sqw2_booster,0.17192409734481903,0.0023623446035660346,20,a871fd7b6ab72544e1f0f317c16cb18551759b575899188c0bfb1d048f9a4a69,63651f1b650ba00f6a69f98bd79b8b8708ada257
smallk,D1,tail_calibration,wdrft,0.09948331406840225,0.001660786374271112,20,a871fd7b6ab72544e1f0f317c16cb18551759b575899188c0bfb1d048f9a4a69,63651f1b650ba00f6a69f98bd79b8b8708ada257
smallk,D1,tail_calibration,causal_drf,0.16175030920746167,0.005114766302641024,20,a871fd7b6ab72544e1f0f317c16cb18551759b575899188c0bfb1d048f9a4a69,63651f1b650ba00f6a69f98bd79b8b8708ada257
smallk,D1,mode_coverage,cwdb_v1,1.0,0.0,20,a871fd7b6ab72544e1f0f317c16cb18551759b575899188c0bfb1d048f9a4a69,63651f1b650ba00f6a69f98bd79b8b8708ada257
smallk,D1,mode_coverage,cwdb_v0,1.0,0.0,20,a871fd7b6ab72544e1f0f317c16cb18551759b575899188c0bfb1d048f9a4a69,63651f1b650ba00f6a69f98bd79b8b8708ada257
smallk,D1,mode_coverage,sqw2_booster,1.0,0.0,20,a871fd7b6ab72544e1f0f317c16cb18551759b575899188c0bfb1d048f9a4a69,63651f1b650ba00f6a69f98bd79b8b8708ada257
smallk,D1,mode_coverage,wdrft,1.0,0.0,20,a871fd7b6ab72544e1f0f317c16cb18551759b575899188c0bfb1d048f9a4a69,63651f1b650ba00f6a69f98bd79b8b8708ada257
smallk,D1,mode_coverage,causal_drf,1.0,0.0,20,a871fd7b6ab72544e1f0f317c16cb18551759b575899188c0bfb1d048f9a4a69,63651f1b650ba00f6a69f98bd79b8b8708ada257
smallk,D1,barycenter_rmse,cwdb_v1,0.23151474016213877,0.0023414763500452813,20,a871fd7b6ab72544e1f0f317c16cb18551759b575899188c0bfb1d048f9a4a69,63651f1b650ba00f6a69f98bd79b8b8708ada257
smallk,D1,barycenter_rmse,cwdb_v0,0.2528273164243466,0.0017921459866002067,20,a871fd7b6ab72544e1f0f317c16cb18551759b575899188c0bfb1d048f9a4a69,63651f1b650ba00f6a69f98bd79b8b8708ada257
smallk,D1,barycenter_rmse,sqw2_booster,0.19691099356592728,0.0018607004126139145,20,a871fd7b6ab72544e1f0f317c16cb18551759b575899188c0bfb1d048f9a4a69,63651f1b650ba00f6a69f98bd79b8b8708ada257
smallk,D1,barycenter_rmse,wdrft,0.21865276794174132,0.001389594138387018,20,a871fd7b6ab72544e1f0f317c16cb18551759b575899188c0bfb1d048f9a4a69,63651f1b650ba00f6a69f98bd79b8b8708ada257
smallk,D1,barycenter_rmse,causal_drf,0.3252475590135005,0.008835113565121974,20,a871fd7b6ab72544e1f0f317c16cb18551759b575899188c0bfb1d048f9a4a69,63651f1b650ba00f6a69f98bd79b8b8708ada257
smallk,D1,barycenter_rmse,pta_s,0.16295887036093654,0.0022039665365223204,20,a871fd7b6ab72544e1f0f317c16cb18551759b575899188c0bfb1d048f9a4a69,63651f1b650ba00f6a69f98bd79b8b8708ada257
smallk,D1,barycenter_rmse,pta_f,0.269787468151797,0.0044187285401137595,20,a871fd7b6ab72544e1f0f317c16cb18551759b575899188c0bfb1d048f9a4a69,63651f1b650ba00f6a69f98bd79b8b8708ada257
smallk,D2,mean_quantile_rmse,cwdb_v1,0.16032803013404015,0.003761641132760364,20,a871fd7b6ab72544e1f0f317c16cb18551759b575899188c0bfb1d048f9a4a69,63651f1b650ba00f6a69f98bd79b8b8708ada257
smallk,D2,mean_quantile_rmse,cwdb_v0,0.33150769799753477,0.003778548097882792,20,a871fd7b6ab72544e1f0f317c16cb18551759b575899188c0bfb1d048f9a4a69,63651f1b650ba00f6a69f98bd79b8b8708ada257
smallk,D2,mean_quantile_rmse,sqw2_booster,0.13689872384803276,0.003138241558464619,20,a871fd7b6ab72544e1f0f317c16cb18551759b575899188c0bfb1d048f9a4a69,63651f1b650ba00f6a69f98bd79b8b8708ada257
smallk,D2,mean_quantile_rmse,wdrft,0.10220154393440495,0.005273296450851887,20,a871fd7b6ab72544e1f0f317c16cb18551759b575899188c0bfb1d048f9a4a69,63651f1b650ba00f6a69f98bd79b8b8708ada257
smallk,D2,mean_quantile_rmse,causal_drf,0.11234957298198726,0.007812049857023778,20,a871fd7b6ab72544e1f0f317c16cb18551759b575899188c0bfb1d048f9a4a69,63651f1b650ba00f6a69f98bd79b8b8708ada257
smallk,D2,mean_quantile_rmse,pta_s,0.05985743943608586,0.0045427716214853755,20,a871fd7b6ab72544e1f0f317c16cb18551759b575899188c0bfb1d048f9a4a69,63651f1b650ba00f6a69f98bd79b8b8708ada257
smallk,D2,mean_quantile_rmse,pta_f,0.029655010557019513,0.005321225264635034,20,a871fd7b6ab72544e1f0f317c16cb18551759b575899188c0bfb1d048f9a4a69,63651f1b650ba00f6a69f98bd79b8b8708ada257
smallk,D2,kernel_law_error,cwdb_v1,0.015733118144640897,0.0003498509578468801,20,a871fd7b6ab72544e1f0f317c16cb18551759b575899188c0bfb1d048f9a4a69,63651f1b650ba00f6a69f98bd79b8b8708ada257
smallk,D2,kernel_law_error,cwdb_v0,0.02139555365137214,0.0003409952777844349,20,a871fd7b6ab72544e1f0f317c16cb18551759b575899188c0bfb1d048f9a4a69,63651f1b650ba00f6a69f98bd79b8b8708ada257
smallk,D2,kernel_law_error,sqw2_booster,0.013955220629494416,0.0002719027053661742,20,a871fd7b6ab72544e1f0f317c16cb18551759b575899188c0bfb1d048f9a4a69,63651f1b650ba00f6a69f98bd79b8b8708ada257
smallk,D2,kernel_law_error,wdrft,0.01461089384355089,0.00025812291102242157,20,a871fd7b6ab72544e1f0f317c16cb18551759b575899188c0bfb1d048f9a4a69,63651f1b650ba00f6a69f98bd79b8b8708ada257
smallk,D2,kernel_law_error,causal_drf,0.038380395898346645,0.0008410494723635892,20,a871fd7b6ab72544e1f0f317c16cb18551759b575899188c0bfb1d048f9a4a69,63651f1b650ba00f6a69f98bd79b8b8708ada257
smallk,D2,arm_energy_risk,cwdb_v1,0.06777473998423258,0.0010897644071995458,20,a871fd7b6ab72544e1f0f317c16cb18551759b575899188c0bfb1d048f9a4a69,63651f1b650ba00f6a69f98bd79b8b8708ada257
smallk,D2,arm_energy_risk,cwdb_v0,0.08749855033134307,0.0008159594428679418,20,a871fd7b6ab72544e1f0f317c16cb18551759b575899188c0bfb1d048f9a4a69,63651f1b650ba00f6a69f98bd79b8b8708ada257
smallk,D2,arm_energy_risk,sqw2_booster,0.1375600704783262,0.000700175333956039,20,a871fd7b6ab72544e1f0f317c16cb18551759b575899188c0bfb1d048f9a4a69,63651f1b650ba00f6a69f98bd79b8b8708ada257
smallk,D2,arm_energy_risk,wdrft,0.03634066383704655,0.0004940145904844239,20,a871fd7b6ab72544e1f0f317c16cb18551759b575899188c0bfb1d048f9a4a69,63651f1b650ba00f6a69f98bd79b8b8708ada257
smallk,D2,arm_energy_risk,causal_drf,0.08117364993092503,0.0014147978766745986,20,a871fd7b6ab72544e1f0f317c16cb18551759b575899188c0bfb1d048f9a4a69,63651f1b650ba00f6a69f98bd79b8b8708ada257
smallk,D2,tcate_functional_rmse,cwdb_v1,0.03368217860129406,0.0025673763269484446,20,a871fd7b6ab72544e1f0f317c16cb18551759b575899188c0bfb1d048f9a4a69,63651f1b650ba00f6a69f98bd79b8b8708ada257
smallk,D2,tcate_functional_rmse,cwdb_v0,0.0470754789265601,0.002717036551630923,20,a871fd7b6ab72544e1f0f317c16cb18551759b575899188c0bfb1d048f9a4a69,63651f1b650ba00f6a69f98bd79b8b8708ada257
smallk,D2,tcate_functional_rmse,sqw2_booster,0.0339760214440154,0.002348591937438507,20,a871fd7b6ab72544e1f0f317c16cb18551759b575899188c0bfb1d048f9a4a69,63651f1b650ba00f6a69f98bd79b8b8708ada257
smallk,D2,tcate_functional_rmse,wdrft,0.03855256785705872,0.003179882704015871,20,a871fd7b6ab72544e1f0f317c16cb18551759b575899188c0bfb1d048f9a4a69,63651f1b650ba00f6a69f98bd79b8b8708ada257
smallk,D2,tcate_functional_rmse,causal_drf,0.053339690437573195,0.004516313123331864,20,a871fd7b6ab72544e1f0f317c16cb18551759b575899188c0bfb1d048f9a4a69,63651f1b650ba00f6a69f98bd79b8b8708ada257
smallk,D2,tcate_functional_rmse,pta_s,0.02682048127437625,0.002683314256443123,20,a871fd7b6ab72544e1f0f317c16cb18551759b575899188c0bfb1d048f9a4a69,63651f1b650ba00f6a69f98bd79b8b8708ada257
smallk,D2,tcate_functional_rmse,pta_f,0.01803144379690356,0.002942539500481754,20,a871fd7b6ab72544e1f0f317c16cb18551759b575899188c0bfb1d048f9a4a69,63651f1b650ba00f6a69f98bd79b8b8708ada257
smallk,D2,reference_tcate_rmse,cwdb_v1,0.04056455384755678,0.003996798762592359,20,a871fd7b6ab72544e1f0f317c16cb18551759b575899188c0bfb1d048f9a4a69,63651f1b650ba00f6a69f98bd79b8b8708ada257
smallk,D2,reference_tcate_rmse,cwdb_v0,0.050950604717716175,0.004397119800455207,20,a871fd7b6ab72544e1f0f317c16cb18551759b575899188c0bfb1d048f9a4a69,63651f1b650ba00f6a69f98bd79b8b8708ada257
smallk,D2,reference_tcate_rmse,sqw2_booster,0.04177613424813277,0.0037359160690156896,20,a871fd7b6ab72544e1f0f317c16cb18551759b575899188c0bfb1d048f9a4a69,63651f1b650ba00f6a69f98bd79b8b8708ada257
smallk,D2,reference_tcate_rmse,wdrft,0.0417847617089835,0.0048660727741271954,20,a871fd7b6ab72544e1f0f317c16cb18551759b575899188c0bfb1d048f9a4a69,63651f1b650ba00f6a69f98bd79b8b8708ada257
smallk,D2,reference_tcate_rmse,causal_drf,0.025263163065356524,0.004533879955459239,20,a871fd7b6ab72544e1f0f317c16cb18551759b575899188c0bfb1d048f9a4a69,63651f1b650ba00f6a69f98bd79b8b8708ada257
smallk,D2,reference_tcate_rmse,pta_s,0.025565687561372306,0.004150968757606148,20,a871fd7b6ab72544e1f0f317c16cb18551759b575899188c0bfb1d048f9a4a69,63651f1b650ba00f6a69f98bd79b8b8708ada257
smallk,D2,reference_tcate_rmse,pta_f,0.015853503022763466,0.0043206675496126655,20,a871fd7b6ab72544e1f0f317c16cb18551759b575899188c0bfb1d048f9a4a69,63651f1b650ba00f6a69f98bd79b8b8708ada257
smallk,D2,reference_effect_rmse,cwdb_v1,0.025999966027466404,0.005086675912262693,20,a871fd7b6ab72544e1f0f317c16cb18551759b575899188c0bfb1d048f9a4a69,63651f1b650ba00f6a69f98bd79b8b8708ada257
smallk,D2,reference_effect_rmse,cwdb_v0,0.028066523548040585,0.004775085359659627,20,a871fd7b6ab72544e1f0f317c16cb18551759b575899188c0bfb1d048f9a4a69,63651f1b650ba00f6a69f98bd79b8b8708ada257
smallk,D2,reference_effect_rmse,sqw2_booster,0.021817457915100567,0.004152327808258322,20,a871fd7b6ab72544e1f0f317c16cb18551759b575899188c0bfb1d048f9a4a69,63651f1b650ba00f6a69f98bd79b8b8708ada257
smallk,D2,reference_effect_rmse,wdrft,0.018248733472367277,0.0048332238189985185,20,a871fd7b6ab72544e1f0f317c16cb18551759b575899188c0bfb1d048f9a4a69,63651f1b650ba00f6a69f98bd79b8b8708ada257
smallk,D2,reference_effect_rmse,causal_drf,0.018935196947581542,0.00488017951760846,20,a871fd7b6ab72544e1f0f317c16cb18551759b575899188c0bfb1d048f9a4a69,63651f1b650ba00f6a69f98bd79b8b8708ada257
smallk,D2,reference_effect_rmse,pta_s,0.018079978679521897,0.004306600720254358,20,a871fd7b6ab72544e1f0f317c16cb18551759b575899188c0bfb1d048f9a4a69,63651f1b650ba00f6a69f98bd79b8b8708ada257
smallk,D2,reference_effect_rmse,pta_f,0.01585351806113814,0.004320660534681939,20,a871fd7b6ab72544e1f0f317c16cb18551759b575899188c0bfb1d048f9a4a69,63651f1b650ba00f6a69f98bd79b8b8708ada257
smallk,D2,tail_calibration,cwdb_v1,0.14903066114404082,0.0019254411136197553,20,a871fd7b6ab72544e1f0f317c16cb18551759b575899188c0bfb1d048f9a4a69,63651f1b650ba00f6a69f98bd79b8b8708ada257
smallk,D2,tail_calibration,cwdb_v0,0.17003454946808838,0.0022037112713619252,20,a871fd7b6ab72544e1f0f317c16cb18551759b575899188c0bfb1d048f9a4a69,63651f1b650ba00f6a69f98bd79b8b8708ada257
smallk,D2,tail_calibration,sqw2_booster,0.23616519676374098,0.0020137912198289667,20,a871fd7b6ab72544e1f0f317c16cb18551759b575899188c0bfb1d048f9a4a69,63651f1b650ba00f6a69f98bd79b8b8708ada257
smallk,D2,tail_calibration,wdrft,0.11878842333999431,0.0018760086089843545,20,a871fd7b6ab72544e1f0f317c16cb18551759b575899188c0bfb1d048f9a4a69,63651f1b650ba00f6a69f98bd79b8b8708ada257
smallk,D2,tail_calibration,causal_drf,0.20987074173809867,0.002266705913662975,20,a871fd7b6ab72544e1f0f317c16cb18551759b575899188c0bfb1d048f9a4a69,63651f1b650ba00f6a69f98bd79b8b8708ada257
smallk,D2,mode_coverage,cwdb_v1,1.0,0.0,20,a871fd7b6ab72544e1f0f317c16cb18551759b575899188c0bfb1d048f9a4a69,63651f1b650ba00f6a69f98bd79b8b8708ada257
smallk,D2,mode_coverage,cwdb_v0,1.0,0.0,20,a871fd7b6ab72544e1f0f317c16cb18551759b575899188c0bfb1d048f9a4a69,63651f1b650ba00f6a69f98bd79b8b8708ada257
smallk,D2,mode_coverage,sqw2_booster,1.0,0.0,20,a871fd7b6ab72544e1f0f317c16cb18551759b575899188c0bfb1d048f9a4a69,63651f1b650ba00f6a69f98bd79b8b8708ada257
smallk,D2,mode_coverage,wdrft,1.0,0.0,20,a871fd7b6ab72544e1f0f317c16cb18551759b575899188c0bfb1d048f9a4a69,63651f1b650ba00f6a69f98bd79b8b8708ada257
smallk,D2,mode_coverage,causal_drf,1.0,0.0,20,a871fd7b6ab72544e1f0f317c16cb18551759b575899188c0bfb1d048f9a4a69,63651f1b650ba00f6a69f98bd79b8b8708ada257
smallk,D2,barycenter_rmse,cwdb_v1,0.2157248885356549,0.0022668458539592154,20,a871fd7b6ab72544e1f0f317c16cb18551759b575899188c0bfb1d048f9a4a69,63651f1b650ba00f6a69f98bd79b8b8708ada257
smallk,D2,barycenter_rmse,cwdb_v0,0.24897193417962304,0.001977891975144128,20,a871fd7b6ab72544e1f0f317c16cb18551759b575899188c0bfb1d048f9a4a69,63651f1b650ba00f6a69f98bd79b8b8708ada257
smallk,D2,barycenter_rmse,sqw2_booster,0.18877618408114522,0.0016300558629127313,20,a871fd7b6ab72544e1f0f317c16cb18551759b575899188c0bfb1d048f9a4a69,63651f1b650ba00f6a69f98bd79b8b8708ada257
smallk,D2,barycenter_rmse,wdrft,0.21353689535820525,0.001333658874827814,20,a871fd7b6ab72544e1f0f317c16cb18551759b575899188c0bfb1d048f9a4a69,63651f1b650ba00f6a69f98bd79b8b8708ada257
smallk,D2,barycenter_rmse,causal_drf,0.3585844606879363,0.003459358722108296,20,a871fd7b6ab72544e1f0f317c16cb18551759b575899188c0bfb1d048f9a4a69,63651f1b650ba00f6a69f98bd79b8b8708ada257
smallk,D2,barycenter_rmse,pta_s,0.1447807456046079,0.0022517375209113164,20,a871fd7b6ab72544e1f0f317c16cb18551759b575899188c0bfb1d048f9a4a69,63651f1b650ba00f6a69f98bd79b8b8708ada257
smallk,D2,barycenter_rmse,pta_f,0.2240877126433629,0.0018815667678098466,20,a871fd7b6ab72544e1f0f317c16cb18551759b575899188c0bfb1d048f9a4a69,63651f1b650ba00f6a69f98bd79b8b8708ada257
smallk,D3,mean_quantile_rmse,cwdb_v1,0.3162070505657769,0.004114007147284593,20,a871fd7b6ab72544e1f0f317c16cb18551759b575899188c0bfb1d048f9a4a69,63651f1b650ba00f6a69f98bd79b8b8708ada257
smallk,D3,mean_quantile_rmse,cwdb_v0,0.3457502160758502,0.003907175767880005,20,a871fd7b6ab72544e1f0f317c16cb18551759b575899188c0bfb1d048f9a4a69,63651f1b650ba00f6a69f98bd79b8b8708ada257
smallk,D3,mean_quantile_rmse,sqw2_booster,0.299033520017296,0.004028854755330517,20,a871fd7b6ab72544e1f0f317c16cb18551759b575899188c0bfb1d048f9a4a69,63651f1b650ba00f6a69f98bd79b8b8708ada257
smallk,D3,mean_quantile_rmse,wdrft,0.34472567037021973,0.0032792331299011253,20,a871fd7b6ab72544e1f0f317c16cb18551759b575899188c0bfb1d048f9a4a69,63651f1b650ba00f6a69f98bd79b8b8708ada257
smallk,D3,mean_quantile_rmse,causal_drf,0.44260026452346696,0.003682230596564905,20,a871fd7b6ab72544e1f0f317c16cb18551759b575899188c0bfb1d048f9a4a69,63651f1b650ba00f6a69f98bd79b8b8708ada257
smallk,D3,mean_quantile_rmse,pta_s,0.32492140049188917,0.003687770932531226,20,a871fd7b6ab72544e1f0f317c16cb18551759b575899188c0bfb1d048f9a4a69,63651f1b650ba00f6a69f98bd79b8b8708ada257
smallk,D3,mean_quantile_rmse,pta_f,0.7996548849398157,0.00395339872910815,20,a871fd7b6ab72544e1f0f317c16cb18551759b575899188c0bfb1d048f9a4a69,63651f1b650ba00f6a69f98bd79b8b8708ada257
smallk,D3,kernel_law_error,cwdb_v1,0.020790606764989082,0.00040575547393533785,20,a871fd7b6ab72544e1f0f317c16cb18551759b575899188c0bfb1d048f9a4a69,63651f1b650ba00f6a69f98bd79b8b8708ada257
smallk,D3,kernel_law_error,cwdb_v0,0.019656453219831067,0.0002917330545806057,20,a871fd7b6ab72544e1f0f317c16cb18551759b575899188c0bfb1d048f9a4a69,63651f1b650ba00f6a69f98bd79b8b8708ada257
smallk,D3,kernel_law_error,sqw2_booster,0.020138650136488474,0.0004410055976990226,20,a871fd7b6ab72544e1f0f317c16cb18551759b575899188c0bfb1d048f9a4a69,63651f1b650ba00f6a69f98bd79b8b8708ada257
smallk,D3,kernel_law_error,wdrft,0.018479329075269744,0.00028170261105852615,20,a871fd7b6ab72544e1f0f317c16cb18551759b575899188c0bfb1d048f9a4a69,63651f1b650ba00f6a69f98bd79b8b8708ada257
smallk,D3,kernel_law_error,causal_drf,0.02933804886933693,0.00037017692986513086,20,a871fd7b6ab72544e1f0f317c16cb18551759b575899188c0bfb1d048f9a4a69,63651f1b650ba00f6a69f98bd79b8b8708ada257
smallk,D3,arm_energy_risk,cwdb_v1,0.07973330883439202,0.0011931564455166248,20,a871fd7b6ab72544e1f0f317c16cb18551759b575899188c0bfb1d048f9a4a69,63651f1b650ba00f6a69f98bd79b8b8708ada257
smallk,D3,arm_energy_risk,cwdb_v0,0.08548788700523416,0.0007203745683293679,20,a871fd7b6ab72544e1f0f317c16cb18551759b575899188c0bfb1d048f9a4a69,63651f1b650ba00f6a69f98bd79b8b8708ada257
smallk,D3,arm_energy_risk,sqw2_booster,0.15726674322117729,0.0011265381995273,20,a871fd7b6ab72544e1f0f317c16cb18551759b575899188c0bfb1d048f9a4a69,63651f1b650ba00f6a69f98bd79b8b8708ada257
smallk,D3,arm_energy_risk,wdrft,0.04736831461266307,0.0005266275923229639,20,a871fd7b6ab72544e1f0f317c16cb18551759b575899188c0bfb1d048f9a4a69,63651f1b650ba00f6a69f98bd79b8b8708ada257
smallk,D3,arm_energy_risk,causal_drf,0.07019542952641009,0.0006660248267492235,20,a871fd7b6ab72544e1f0f317c16cb18551759b575899188c0bfb1d048f9a4a69,63651f1b650ba00f6a69f98bd79b8b8708ada257
smallk,D3,tcate_functional_rmse,cwdb_v1,0.07746372404034273,0.002672282664300442,20,a871fd7b6ab72544e1f0f317c16cb18551759b575899188c0bfb1d048f9a4a69,63651f1b650ba00f6a69f98bd79b8b8708ada257
smallk,D3,tcate_functional_rmse,cwdb_v0,0.05196363134700958,0.0028465708935882465,20,a871fd7b6ab72544e1f0f317c16cb18551759b575899188c0bfb1d048f9a4a69,63651f1b650ba00f6a69f98bd79b8b8708ada257
smallk,D3,tcate_functional_rmse,sqw2_booster,0.06227809193382039,0.0028989330972072082,20,a871fd7b6ab72544e1f0f317c16cb18551759b575899188c0bfb1d048f9a4a69,63651f1b650ba00f6a69f98bd79b8b8708ada257
smallk,D3,tcate_functional_rmse,wdrft,0.04224733258591455,0.0019129402201114908,20,a871fd7b6ab72544e1f0f317c16cb18551759b575899188c0bfb1d048f9a4a69,63651f1b650ba00f6a69f98bd79b8b8708ada257
smallk,D3,tcate_functional_rmse,causal_drf,0.05534736025265713,0.0033954587974301073,20,a871fd7b6ab72544e1f0f317c16cb18551759b575899188c0bfb1d048f9a4a69,63651f1b650ba00f6a69f98bd79b8b8708ada257
smallk,D3,tcate_functional_rmse,pta_s,0.05590749588573536,0.0025180422127128147,20,a871fd7b6ab72544e1f0f317c16cb18551759b575899188c0bfb1d048f9a4a69,63651f1b650ba00f6a69f98bd79b8b8708ada257
smallk,D3,tcate_functional_rmse,pta_f,0.29576232509393596,0.002581105341914267,20,a871fd7b6ab72544e1f0f317c16cb18551759b575899188c0bfb1d048f9a4a69,63651f1b650ba00f6a69f98bd79b8b8708ada257
smallk,D3,reference_tcate_rmse,cwdb_v1,0.05077992018998647,0.004174180505444117,20,a871fd7b6ab72544e1f0f317c16cb18551759b575899188c0bfb1d048f9a4a69,63651f1b650ba00f6a69f98bd79b8b8708ada257
smallk,D3,reference_tcate_rmse,cwdb_v0,0.04753852326315625,0.004633284688803798,20,a871fd7b6ab72544e1f0f317c16cb18551759b575899188c0bfb1d048f9a4a69,63651f1b650ba00f6a69f98bd79b8b8708ada257
smallk,D3,reference_tcate_rmse,sqw2_booster,0.06987239054192772,0.0061107910026402075,20,a871fd7b6ab72544e1f0f317c16cb18551759b575899188c0bfb1d048f9a4a69,63651f1b650ba00f6a69f98bd79b8b8708ada257
smallk,D3,reference_tcate_rmse,wdrft,0.04347468990606658,0.003825960029356927,20,a871fd7b6ab72544e1f0f317c16cb18551759b575899188c0bfb1d048f9a4a69,63651f1b650ba00f6a69f98bd79b8b8708ada257
smallk,D3,reference_tcate_rmse,causal_drf,0.04447159482751918,0.0047554946620187765,20,a871fd7b6ab72544e1f0f317c16cb18551759b575899188c0bfb1d048f9a4a69,63651f1b650ba00f6a69f98bd79b8b8708ada257
smallk,D3,reference_tcate_rmse,pta_s,0.03751759073172622,0.004189197584685397,20,a871fd7b6ab72544e1f0f317c16cb18551759b575899188c0bfb1d048f9a4a69,63651f1b650ba00f6a69f98bd79b8b8708ada257
smallk,D3,reference_tcate_rmse,pta_f,0.033007998405942755,0.004439385064633498,20,a871fd7b6ab72544e1f0f317c16cb18551759b575899188c0bfb1d048f9a4a69,63651f1b650ba00f6a69f98bd79b8b8708ada257
smallk,D3,reference_effect_rmse,cwdb_v1,0.03645680075970729,0.004672779481267299,20,a871fd7b6ab72544e1f0f317c16cb18551759b575899188c0bfb1d048f9a4a69,63651f1b650ba00f6a69f98bd79b8b8708ada257
smallk,D3,reference_effect_rmse,cwdb_v0,0.03169677952644141,0.004133062362021269,20,a871fd7b6ab72544e1f0f317c16cb18551759b575899188c0bfb1d048f9a4a69,63651f1b650ba00f6a69f98bd79b8b8708ada257
smallk,D3,reference_effect_rmse,sqw2_booster,0.04944176186466871,0.0061782651378943735,20,a871fd7b6ab72544e1f0f317c16cb18551759b575899188c0bfb1d048f9a4a69,63651f1b650ba00f6a69f98bd79b8b8708ada257
smallk,D3,reference_effect_rmse,wdrft,0.030442384173804526,0.004565836558299506,20,a871fd7b6ab72544e1f0f317c16cb18551759b575899188c0bfb1d048f9a4a69,63651f1b650ba00f6a69f98bd79b8b8708ada257
smallk,D3,reference_effect_rmse,causal_drf,0.033636630714348505,0.0048040667593290745,20,a871fd7b6ab72544e1f0f317c16cb18551759b575899188c0bfb1d048f9a4a69,63651f1b650ba00f6a69f98bd79b8b8708ada257
smallk,D3,reference_effect_rmse,pta_s,0.031961979416761266,0.004288801671158628,20,a871fd7b6ab72544e1f0f317c16cb18551759b575899188c0bfb1d048f9a4a69,63651f1b650ba00f6a69f98bd79b8b8708ada257
smallk,D3,reference_effect_rmse,pta_f,0.02962689953608877,0.004755118388929112,20,a871fd7b6ab72544e1f0f317c16cb18551759b575899188c0bfb1d048f9a4a69,63651f1b650ba00f6a69f98bd79b8b8708ada257
smallk,D3,tail_calibration,cwdb_v1,0.1486591616435119,0.0023191481940314463,20,a871fd7b6ab72544e1f0f317c16cb18551759b575899188c0bfb1d048f9a4a69,63651f1b650ba00f6a69f98bd79b8b8708ada257
smallk,D3,tail_calibration,cwdb_v0,0.1508611627123262,0.0019398214692073743,20,a871fd7b6ab72544e1f0f317c16cb18551759b575899188c0bfb1d048f9a4a69,63651f1b650ba00f6a69f98bd79b8b8708ada257
smallk,D3,tail_calibration,sqw2_booster,0.22138752205643675,0.002689880500939806,20,a871fd7b6ab72544e1f0f317c16cb18551759b575899188c0bfb1d048f9a4a69,63651f1b650ba00f6a69f98bd79b8b8708ada257
smallk,D3,tail_calibration,wdrft,0.1341150668554575,0.0018369700748226438,20,a871fd7b6ab72544e1f0f317c16cb18551759b575899188c0bfb1d048f9a4a69,63651f1b650ba00f6a69f98bd79b8b8708ada257
smallk,D3,tail_calibration,causal_drf,0.16457286553212905,0.0015685885493730634,20,a871fd7b6ab72544e1f0f317c16cb18551759b575899188c0bfb1d048f9a4a69,63651f1b650ba00f6a69f98bd79b8b8708ada257
smallk,D3,mode_coverage,cwdb_v1,1.0,0.0,20,a871fd7b6ab72544e1f0f317c16cb18551759b575899188c0bfb1d048f9a4a69,63651f1b650ba00f6a69f98bd79b8b8708ada257
smallk,D3,mode_coverage,cwdb_v0,1.0,0.0,20,a871fd7b6ab72544e1f0f317c16cb18551759b575899188c0bfb1d048f9a4a69,63651f1b650ba00f6a69f98bd79b8b8708ada257
smallk,D3,mode_coverage,sqw2_booster,0.9998750000000001,0.00012499999999999732,20,a871fd7b6ab72544e1f0f317c16cb18551759b575899188c0bfb1d048f9a4a69,63651f1b650ba00f6a69f98bd79b8b8708ada257
smallk,D3,mode_coverage,wdrft,1.0,0.0,20,a871fd7b6ab72544e1f0f317c16cb18551759b575899188c0bfb1d048f9a4a69,63651f1b650ba00f6a69f98bd79b8b8708ada257
smallk,D3,mode_coverage,causal_drf,1.0,0.0,20,a871fd7b6ab72544e1f0f317c16cb18551759b575899188c0bfb1d048f9a4a69,63651f1b650ba00f6a69f98bd79b8b8708ada257
smallk,D3,barycenter_rmse,cwdb_v1,0.25669797592688315,0.002099497355550343,20,a871fd7b6ab72544e1f0f317c16cb18551759b575899188c0bfb1d048f9a4a69,63651f1b650ba00f6a69f98bd79b8b8708ada257
smallk,D3,barycenter_rmse,cwdb_v0,0.24436984687449392,0.002044007993892869,20,a871fd7b6ab72544e1f0f317c16cb18551759b575899188c0bfb1d048f9a4a69,63651f1b650ba00f6a69f98bd79b8b8708ada257
smallk,D3,barycenter_rmse,sqw2_booster,0.23891018777760004,0.002331878287522105,20,a871fd7b6ab72544e1f0f317c16cb18551759b575899188c0bfb1d048f9a4a69,63651f1b650ba00f6a69f98bd79b8b8708ada257
smallk,D3,barycenter_rmse,wdrft,0.24351604232164586,0.0019696618791660266,20,a871fd7b6ab72544e1f0f317c16cb18551759b575899188c0bfb1d048f9a4a69,63651f1b650ba00f6a69f98bd79b8b8708ada257
smallk,D3,barycenter_rmse,causal_drf,0.3088095240921671,0.0016647475880853318,20,a871fd7b6ab72544e1f0f317c16cb18551759b575899188c0bfb1d048f9a4a69,63651f1b650ba00f6a69f98bd79b8b8708ada257
smallk,D3,barycenter_rmse,pta_s,0.2122648540034604,0.0016591676116872517,20,a871fd7b6ab72544e1f0f317c16cb18551759b575899188c0bfb1d048f9a4a69,63651f1b650ba00f6a69f98bd79b8b8708ada257
smallk,D3,barycenter_rmse,pta_f,0.4954591116666358,0.002598943785350554,20,a871fd7b6ab72544e1f0f317c16cb18551759b575899188c0bfb1d048f9a4a69,63651f1b650ba00f6a69f98bd79b8b8708ada257
smallk,D4,mean_quantile_rmse,cwdb_v1,0.21418936940509553,0.007196683617263756,20,a871fd7b6ab72544e1f0f317c16cb18551759b575899188c0bfb1d048f9a4a69,63651f1b650ba00f6a69f98bd79b8b8708ada257
smallk,D4,mean_quantile_rmse,cwdb_v0,0.3310519512728255,0.003809620647201541,20,a871fd7b6ab72544e1f0f317c16cb18551759b575899188c0bfb1d048f9a4a69,63651f1b650ba00f6a69f98bd79b8b8708ada257
smallk,D4,mean_quantile_rmse,sqw2_booster,0.15287371732070787,0.004362626912214369,20,a871fd7b6ab72544e1f0f317c16cb18551759b575899188c0bfb1d048f9a4a69,63651f1b650ba00f6a69f98bd79b8b8708ada257
smallk,D4,mean_quantile_rmse,wdrft,0.15468257500366098,0.004562499962831468,20,a871fd7b6ab72544e1f0f317c16cb18551759b575899188c0bfb1d048f9a4a69,63651f1b650ba00f6a69f98bd79b8b8708ada257
smallk,D4,mean_quantile_rmse,causal_drf,0.2543069832547442,0.01236603665893351,20,a871fd7b6ab72544e1f0f317c16cb18551759b575899188c0bfb1d048f9a4a69,63651f1b650ba00f6a69f98bd79b8b8708ada257
smallk,D4,mean_quantile_rmse,pta_s,0.14791802183777933,0.004874788084772196,20,a871fd7b6ab72544e1f0f317c16cb18551759b575899188c0bfb1d048f9a4a69,63651f1b650ba00f6a69f98bd79b8b8708ada257
smallk,D4,mean_quantile_rmse,pta_f,0.22545517696505274,0.007077063069133187,20,a871fd7b6ab72544e1f0f317c16cb18551759b575899188c0bfb1d048f9a4a69,63651f1b650ba00f6a69f98bd79b8b8708ada257
smallk,D4,kernel_law_error,cwdb_v1,0.013972854397659776,0.00036269092986779077,20,a871fd7b6ab72544e1f0f317c16cb18551759b575899188c0bfb1d048f9a4a69,63651f1b650ba00f6a69f98bd79b8b8708ada257
smallk,D4,kernel_law_error,cwdb_v0,0.016656414166677305,0.00035784653559101044,20,a871fd7b6ab72544e1f0f317c16cb18551759b575899188c0bfb1d048f9a4a69,63651f1b650ba00f6a69f98bd79b8b8708ada257
smallk,D4,kernel_law_error,sqw2_booster,0.010533085635964355,0.0002376758787015142,20,a871fd7b6ab72544e1f0f317c16cb18551759b575899188c0bfb1d048f9a4a69,63651f1b650ba00f6a69f98bd79b8b8708ada257
smallk,D4,kernel_law_error,wdrft,0.009415652157882547,0.0002674594624949112,20,a871fd7b6ab72544e1f0f317c16cb18551759b575899188c0bfb1d048f9a4a69,63651f1b650ba00f6a69f98bd79b8b8708ada257
smallk,D4,kernel_law_error,causal_drf,0.05112629613046926,0.003236201579001964,20,a871fd7b6ab72544e1f0f317c16cb18551759b575899188c0bfb1d048f9a4a69,63651f1b650ba00f6a69f98bd79b8b8708ada257
smallk,D4,arm_energy_risk,cwdb_v1,0.0694281555267143,0.0010179073048394449,20,a871fd7b6ab72544e1f0f317c16cb18551759b575899188c0bfb1d048f9a4a69,63651f1b650ba00f6a69f98bd79b8b8708ada257
smallk,D4,arm_energy_risk,cwdb_v0,0.08197358952967956,0.0008139865526942809,20,a871fd7b6ab72544e1f0f317c16cb18551759b575899188c0bfb1d048f9a4a69,63651f1b650ba00f6a69f98bd79b8b8708ada257
smallk,D4,arm_energy_risk,sqw2_booster,0.13736782207320153,0.0007569768298430736,20,a871fd7b6ab72544e1f0f317c16cb18551759b575899188c0bfb1d048f9a4a69,63651f1b650ba00f6a69f98bd79b8b8708ada257
smallk,D4,arm_energy_risk,wdrft,0.03072438159104034,0.0006544870590277372,20,a871fd7b6ab72544e1f0f317c16cb18551759b575899188c0bfb1d048f9a4a69,63651f1b650ba00f6a69f98bd79b8b8708ada257
smallk,D4,arm_energy_risk,causal_drf,0.11936433067043717,0.006303086786789742,20,a871fd7b6ab72544e1f0f317c16cb18551759b575899188c0bfb1d048f9a4a69,63651f1b650ba00f6a69f98bd79b8b8708ada257
smallk,D4,tcate_functional_rmse,cwdb_v1,0.08751342486141486,0.0058735550836085835,20,a871fd7b6ab72544e1f0f317c16cb18551759b575899188c0bfb1d048f9a4a69,63651f1b650ba00f6a69f98bd79b8b8708ada257
smallk,D4,tcate_functional_rmse,cwdb_v0,0.0701539739416782,0.004982841896569006,20,a871fd7b6ab72544e1f0f317c16cb18551759b575899188c0bfb1d048f9a4a69,63651f1b650ba00f6a69f98bd79b8b8708ada257
smallk,D4,tcate_functional_rmse,sqw2_booster,0.041901550377116445,0.0032092760604687,20,a871fd7b6ab72544e1f0f317c16cb18551759b575899188c0bfb1d048f9a4a69,63651f1b650ba00f6a69f98bd79b8b8708ada257
smallk,D4,tcate_functional_rmse,wdrft,0.0495694320699949,0.003944723628322544,20,a871fd7b6ab72544e1f0f317c16cb18551759b575899188c0bfb1d048f9a4a69,63651f1b650ba00f6a69f98bd79b8b8708ada257
smallk,D4,tcate_functional_rmse,causal_drf,0.13858066855424667,0.007949181227184762,20,a871fd7b6ab72544e1f0f317c16cb18551759b575899188c0bfb1d048f9a4a69,63651f1b650ba00f6a69f98bd79b8b8708ada257
smallk,D4,tcate_functional_rmse,pta_s,0.05046649987330013,0.0032563975157178693,20,a871fd7b6ab72544e1f0f317c16cb18551759b575899188c0bfb1d048f9a4a69,63651f1b650ba00f6a69f98bd79b8b8708ada257
smallk,D4,tcate_functional_rmse,pta_f,0.11916392575259278,0.005287724235447165,20,a871fd7b6ab72544e1f0f317c16cb18551759b575899188c0bfb1d048f9a4a69,63651f1b650ba00f6a69f98bd79b8b8708ada257
smallk,D4,reference_tcate_rmse,cwdb_v1,0.07640394229196175,0.005897552762901204,20,a871fd7b6ab72544e1f0f317c16cb18551759b575899188c0bfb1d048f9a4a69,63651f1b650ba00f6a69f98bd79b8b8708ada257
smallk,D4,reference_tcate_rmse,cwdb_v0,0.07064322070031967,0.005850244405088835,20,a871fd7b6ab72544e1f0f317c16cb18551759b575899188c0bfb1d048f9a4a69,63651f1b650ba00f6a69f98bd79b8b8708ada257
smallk,D4,reference_tcate_rmse,sqw2_booster,0.053491913128888645,0.004285447639561934,20,a871fd7b6ab72544e1f0f317c16cb18551759b575899188c0bfb1d048f9a4a69,63651f1b650ba00f6a69f98bd79b8b8708ada257
smallk,D4,reference_tcate_rmse,wdrft,0.0735128309275681,0.0062611088979097505,20,a871fd7b6ab72544e1f0f317c16cb18551759b575899188c0bfb1d048f9a4a69,63651f1b650ba00f6a69f98bd79b8b8708ada257
smallk,D4,reference_tcate_rmse,causal_drf,0.12589654094328198,0.007555804965475588,20,a871fd7b6ab72544e1f0f317c16cb18551759b575899188c0bfb1d048f9a4a69,63651f1b650ba00f6a69f98bd79b8b8708ada257
smallk,D4,reference_tcate_rmse,pta_s,0.07769659661256076,0.007534828361934388,20,a871fd7b6ab72544e1f0f317c16cb18551759b575899188c0bfb1d048f9a4a69,63651f1b650ba00f6a69f98bd79b8b8708ada257
smallk,D4,reference_tcate_rmse,pta_f,0.14166904507428768,0.007909990069909629,20,a871fd7b6ab72544e1f0f317c16cb18551759b575899188c0bfb1d048f9a4a69,63651f1b650ba00f6a69f98bd79b8b8708ada257
smallk,D4,reference_effect_rmse,cwdb_v1,0.03523222582689201,0.0059080734926146685,20,a871fd7b6ab72544e1f0f317c16cb18551759b575899188c0bfb1d048f9a4a69,63651f1b650ba00f6a69f98bd79b8b8708ada257
smallk,D4,reference_effect_rmse,cwdb_v0,0.038303124109809045,0.006992493615711766,20,a871fd7b6ab72544e1f0f317c16cb18551759b575899188c0bfb1d048f9a4a69,63651f1b650ba00f6a69f98bd79b8b8708ada257
smallk,D4,reference_effect_rmse,sqw2_booster,0.019340710162569677,0.003792820606205314,20,a871fd7b6ab72544e1f0f317c16cb18551759b575899188c0bfb1d048f9a4a69,63651f1b650ba00f6a69f98bd79b8b8708ada257
smallk,D4,reference_effect_rmse,wdrft,0.022659439200039704,0.005283637821156613,20,a871fd7b6ab72544e1f0f317c16cb18551759b575899188c0bfb1d048f9a4a69,63651f1b650ba00f6a69f98bd79b8b8708ada257
smallk,D4,reference_effect_rmse,causal_drf,0.03114938035221786,0.005152756679919057,20,a871fd7b6ab72544e1f0f317c16cb18551759b575899188c0bfb1d048f9a4a69,63651f1b650ba00f6a69f98bd79b8b8708ada257
smallk,D4,reference_effect_rmse,pta_s,0.023314982610713735,0.00555373958363081,20,a871fd7b6ab72544e1f0f317c16cb18551759b575899188c0bfb1d048f9a4a69,63651f1b650ba00f6a69f98bd79b8b8708ada257
smallk,D4,reference_effect_rmse,pta_f,0.027245045252082878,0.005688017137486333,20,a871fd7b6ab72544e1f0f317c16cb18551759b575899188c0bfb1d048f9a4a69,63651f1b650ba00f6a69f98bd79b8b8708ada257
smallk,D4,tail_calibration,cwdb_v1,0.08416071985392755,0.002391784526758882,20,a871fd7b6ab72544e1f0f317c16cb18551759b575899188c0bfb1d048f9a4a69,63651f1b650ba00f6a69f98bd79b8b8708ada257
smallk,D4,tail_calibration,cwdb_v0,0.08458924971526535,0.002572479217633609,20,a871fd7b6ab72544e1f0f317c16cb18551759b575899188c0bfb1d048f9a4a69,63651f1b650ba00f6a69f98bd79b8b8708ada257
smallk,D4,tail_calibration,sqw2_booster,0.06914962899316277,0.002340475947478336,20,a871fd7b6ab72544e1f0f317c16cb18551759b575899188c0bfb1d048f9a4a69,63651f1b650ba00f6a69f98bd79b8b8708ada257
smallk,D4,tail_calibration,wdrft,0.054517487100448236,0.002033433190636893,20,a871fd7b6ab72544e1f0f317c16cb18551759b575899188c0bfb1d048f9a4a69,63651f1b650ba00f6a69f98bd79b8b8708ada257
smallk,D4,tail_calibration,causal_drf,0.19938285451084695,0.009096835703314482,20,a871fd7b6ab72544e1f0f317c16cb18551759b575899188c0bfb1d048f9a4a69,63651f1b650ba00f6a69f98bd79b8b8708ada257
smallk,D4,mode_coverage,cwdb_v1,1.0,0.0,20,a871fd7b6ab72544e1f0f317c16cb18551759b575899188c0bfb1d048f9a4a69,63651f1b650ba00f6a69f98bd79b8b8708ada257
smallk,D4,mode_coverage,cwdb_v0,1.0,0.0,20,a871fd7b6ab72544e1f0f317c16cb18551759b575899188c0bfb1d048f9a4a69,63651f1b650ba00f6a69f98bd79b8b8708ada257
smallk,D4,mode_coverage,sqw2_booster,1.0,0.0,20,a871fd7b6ab72544e1f0f317c16cb18551759b575899188c0bfb1d048f9a4a69,63651f1b650ba00f6a69f98bd79b8b8708ada257
smallk,D4,mode_coverage,wdrft,1.0,0.0,20,a871fd7b6ab72544e1f0f317c16cb18551759b575899188c0bfb1d048f9a4a69,63651f1b650ba00f6a69f98bd79b8b8708ada257
smallk,D4,mode_coverage,causal_drf,1.0,0.0,20,a871fd7b6ab72544e1f0f317c16cb18551759b575899188c0bfb1d048f9a4a69,63651f1b650ba00f6a69f98bd79b8b8708ada257
smallk,D4,barycenter_rmse,cwdb_v1,0.2385267924858137,0.003638527045147648,20,a871fd7b6ab72544e1f0f317c16cb18551759b575899188c0bfb1d048f9a4a69,63651f1b650ba00f6a69f98bd79b8b8708ada257
smallk,D4,barycenter_rmse,cwdb_v0,0.2580454639085842,0.002576235251293049,20,a871fd7b6ab72544e1f0f317c16cb18551759b575899188c0bfb1d048f9a4a69,63651f1b650ba00f6a69f98bd79b8b8708ada257
smallk,D4,barycenter_rmse,sqw2_booster,0.18532067908571687,0.0020779061836646313,20,a871fd7b6ab72544e1f0f317c16cb18551759b575899188c0bfb1d048f9a4a69,63651f1b650ba00f6a69f98bd79b8b8708ada257
smallk,D4,barycenter_rmse,wdrft,0.18354913996015643,0.002622609023362399,20,a871fd7b6ab72544e1f0f317c16cb18551759b575899188c0bfb1d048f9a4a69,63651f1b650ba00f6a69f98bd79b8b8708ada257
smallk,D4,barycenter_rmse,causal_drf,0.48072179318711,0.01826132815971344,20,a871fd7b6ab72544e1f0f317c16cb18551759b575899188c0bfb1d048f9a4a69,63651f1b650ba00f6a69f98bd79b8b8708ada257
smallk,D4,barycenter_rmse,pta_s,0.15425311662219984,0.002549476205359852,20,a871fd7b6ab72544e1f0f317c16cb18551759b575899188c0bfb1d048f9a4a69,63651f1b650ba00f6a69f98bd79b8b8708ada257
smallk,D4,barycenter_rmse,pta_f,0.19448698066847558,0.003914966889575942,20,a871fd7b6ab72544e1f0f317c16cb18551759b575899188c0bfb1d048f9a4a69,63651f1b650ba00f6a69f98bd79b8b8708ada257
smallk,D5,mean_quantile_rmse,cwdb_v1,0.18513422160383688,0.0035879714831362998,20,a871fd7b6ab72544e1f0f317c16cb18551759b575899188c0bfb1d048f9a4a69,63651f1b650ba00f6a69f98bd79b8b8708ada257
smallk,D5,mean_quantile_rmse,cwdb_v0,0.31999410526252575,0.004293915942943997,20,a871fd7b6ab72544e1f0f317c16cb18551759b575899188c0bfb1d048f9a4a69,63651f1b650ba00f6a69f98bd79b8b8708ada257
smallk,D5,mean_quantile_rmse,sqw2_booster,0.2027474771930302,0.005059743068307386,20,a871fd7b6ab72544e1f0f317c16cb18551759b575899188c0bfb1d048f9a4a69,63651f1b650ba00f6a69f98bd79b8b8708ada257
smallk,D5,mean_quantile_rmse,wdrft,0.10619137174617847,0.0049783569496953135,20,a871fd7b6ab72544e1f0f317c16cb18551759b575899188c0bfb1d048f9a4a69,63651f1b650ba00f6a69f98bd79b8b8708ada257
smallk,D5,mean_quantile_rmse,causal_drf,0.09622176186690076,0.005457267544229341,20,a871fd7b6ab72544e1f0f317c16cb18551759b575899188c0bfb1d048f9a4a69,63651f1b650ba00f6a69f98bd79b8b8708ada257
smallk,D5,mean_quantile_rmse,pta_s,0.05794227164649209,0.004858961151180606,20,a871fd7b6ab72544e1f0f317c16cb18551759b575899188c0bfb1d048f9a4a69,63651f1b650ba00f6a69f98bd79b8b8708ada257
smallk,D5,mean_quantile_rmse,pta_f,0.03571765111602008,0.004064120342906127,20,a871fd7b6ab72544e1f0f317c16cb18551759b575899188c0bfb1d048f9a4a69,63651f1b650ba00f6a69f98bd79b8b8708ada257
smallk,D5,kernel_law_error,cwdb_v1,0.027258969488771788,0.0007643369005095442,20,a871fd7b6ab72544e1f0f317c16cb18551759b575899188c0bfb1d048f9a4a69,63651f1b650ba00f6a69f98bd79b8b8708ada257
smallk,D5,kernel_law_error,cwdb_v0,0.026127527194034966,0.0006866996194761148,20,a871fd7b6ab72544e1f0f317c16cb18551759b575899188c0bfb1d048f9a4a69,63651f1b650ba00f6a69f98bd79b8b8708ada257
smallk,D5,kernel_law_error,sqw2_booster,0.02205434752800598,0.0008394061395134416,20,a871fd7b6ab72544e1f0f317c16cb18551759b575899188c0bfb1d048f9a4a69,63651f1b650ba00f6a69f98bd79b8b8708ada257
smallk,D5,kernel_law_error,wdrft,0.03893190619189986,0.0007192567059535502,20,a871fd7b6ab72544e1f0f317c16cb18551759b575899188c0bfb1d048f9a4a69,63651f1b650ba00f6a69f98bd79b8b8708ada257
smallk,D5,kernel_law_error,causal_drf,0.07705974234541059,0.0038201370206262355,20,a871fd7b6ab72544e1f0f317c16cb18551759b575899188c0bfb1d048f9a4a69,63651f1b650ba00f6a69f98bd79b8b8708ada257
smallk,D5,arm_energy_risk,cwdb_v1,0.0667303167283381,0.0010826816197598119,20,a871fd7b6ab72544e1f0f317c16cb18551759b575899188c0bfb1d048f9a4a69,63651f1b650ba00f6a69f98bd79b8b8708ada257
smallk,D5,arm_energy_risk,cwdb_v0,0.07684348705523032,0.0009609433285300635,20,a871fd7b6ab72544e1f0f317c16cb18551759b575899188c0bfb1d048f9a4a69,63651f1b650ba00f6a69f98bd79b8b8708ada257
smallk,D5,arm_energy_risk,sqw2_booster,0.1424276915920256,0.0015755284156208046,20,a871fd7b6ab72544e1f0f317c16cb18551759b575899188c0bfb1d048f9a4a69,63651f1b650ba00f6a69f98bd79b8b8708ada257
smallk,D5,arm_energy_risk,wdrft,0.04921549171310754,0.0005622779584744793,20,a871fd7b6ab72544e1f0f317c16cb18551759b575899188c0bfb1d048f9a4a69,63651f1b650ba00f6a69f98bd79b8b8708ada257
smallk,D5,arm_energy_risk,causal_drf,0.0836758990704729,0.003425043858113056,20,a871fd7b6ab72544e1f0f317c16cb18551759b575899188c0bfb1d048f9a4a69,63651f1b650ba00f6a69f98bd79b8b8708ada257
smallk,D5,tcate_functional_rmse,cwdb_v1,0.04766423073009253,0.003497416305399617,20,a871fd7b6ab72544e1f0f317c16cb18551759b575899188c0bfb1d048f9a4a69,63651f1b650ba00f6a69f98bd79b8b8708ada257
smallk,D5,tcate_functional_rmse,cwdb_v0,0.05034430153218129,0.003403917400325553,20,a871fd7b6ab72544e1f0f317c16cb18551759b575899188c0bfb1d048f9a4a69,63651f1b650ba00f6a69f98bd79b8b8708ada257
smallk,D5,tcate_functional_rmse,sqw2_booster,0.04008362014100771,0.002613235519291938,20,a871fd7b6ab72544e1f0f317c16cb18551759b575899188c0bfb1d048f9a4a69,63651f1b650ba00f6a69f98bd79b8b8708ada257
smallk,D5,tcate_functional_rmse,wdrft,0.04195070124610488,0.0031683408431600513,20,a871fd7b6ab72544e1f0f317c16cb18551759b575899188c0bfb1d048f9a4a69,63651f1b650ba00f6a69f98bd79b8b8708ada257
smallk,D5,tcate_functional_rmse,causal_drf,0.04468437335651737,0.003371236145230297,20,a871fd7b6ab72544e1f0f317c16cb18551759b575899188c0bfb1d048f9a4a69,63651f1b650ba00f6a69f98bd79b8b8708ada257
smallk,D5,tcate_functional_rmse,pta_s,0.02777980329267938,0.0029084064512744897,20,a871fd7b6ab72544e1f0f317c16cb18551759b575899188c0bfb1d048f9a4a69,63651f1b650ba00f6a69f98bd79b8b8708ada257
smallk,D5,tcate_functional_rmse,pta_f,0.022101667121353284,0.0025577671002822745,20,a871fd7b6ab72544e1f0f317c16cb18551759b575899188c0bfb1d048f9a4a69,63651f1b650ba00f6a69f98bd79b8b8708ada257
smallk,D5,reference_tcate_rmse,cwdb_v1,0.09746209043024381,0.007076826632579062,20,a871fd7b6ab72544e1f0f317c16cb18551759b575899188c0bfb1d048f9a4a69,63651f1b650ba00f6a69f98bd79b8b8708ada257
smallk,D5,reference_tcate_rmse,cwdb_v0,0.07922303916944509,0.006827511707607102,20,a871fd7b6ab72544e1f0f317c16cb18551759b575899188c0bfb1d048f9a4a69,63651f1b650ba00f6a69f98bd79b8b8708ada257
smallk,D5,reference_tcate_rmse,sqw2_booster,0.1698313148317625,0.006732294755472457,20,a871fd7b6ab72544e1f0f317c16cb18551759b575899188c0bfb1d048f9a4a69,63651f1b650ba00f6a69f98bd79b8b8708ada257
smallk,D5,reference_tcate_rmse,wdrft,0.04434882383406792,0.004116763041655547,20,a871fd7b6ab72544e1f0f317c16cb18551759b575899188c0bfb1d048f9a4a69,63651f1b650ba00f6a69f98bd79b8b8708ada257
smallk,D5,reference_tcate_rmse,causal_drf,0.035104693986375626,0.0036571391152560233,20,a871fd7b6ab72544e1f0f317c16cb18551759b575899188c0bfb1d048f9a4a69,63651f1b650ba00f6a69f98bd79b8b8708ada257
smallk,D5,reference_tcate_rmse,pta_s,0.03264139104048599,0.0038315986414555014,20,a871fd7b6ab72544e1f0f317c16cb18551759b575899188c0bfb1d048f9a4a69,63651f1b650ba00f6a69f98bd79b8b8708ada257
smallk,D5,reference_tcate_rmse,pta_f,0.025632196342010555,0.0032794211974993513,20,a871fd7b6ab72544e1f0f317c16cb18551759b575899188c0bfb1d048f9a4a69,63651f1b650ba00f6a69f98bd79b8b8708ada257
smallk,D5,reference_effect_rmse,cwdb_v1,0.09287148175230572,0.007194632410863335,20,a871fd7b6ab72544e1f0f317c16cb18551759b575899188c0bfb1d048f9a4a69,63651f1b650ba00f6a69f98bd79b8b8708ada257
smallk,D5,reference_effect_rmse,cwdb_v0,0.0684843238078702,0.008005415028203415,20,a871fd7b6ab72544e1f0f317c16cb18551759b575899188c0bfb1d048f9a4a69,63651f1b650ba00f6a69f98bd79b8b8708ada257
smallk,D5,reference_effect_rmse,sqw2_booster,0.16661991509126192,0.006901832380475708,20,a871fd7b6ab72544e1f0f317c16cb18551759b575899188c0bfb1d048f9a4a69,63651f1b650ba00f6a69f98bd79b8b8708ada257
smallk,D5,reference_effect_rmse,wdrft,0.02572927461953246,0.003685561767643201,20,a871fd7b6ab72544e1f0f317c16cb18551759b575899188c0bfb1d048f9a4a69,63651f1b650ba00f6a69f98bd79b8b8708ada257
smallk,D5,reference_effect_rmse,causal_drf,0.025313563770245785,0.004132701939320136,20,a871fd7b6ab72544e1f0f317c16cb18551759b575899188c0bfb1d048f9a4a69,63651f1b650ba00f6a69f98bd79b8b8708ada257
smallk,D5,reference_effect_rmse,pta_s,0.026101522314629384,0.003721052113513446,20,a871fd7b6ab72544e1f0f317c16cb18551759b575899188c0bfb1d048f9a4a69,63651f1b650ba00f6a69f98bd79b8b8708ada257
smallk,D5,reference_effect_rmse,pta_f,0.0252539186711087,0.0033449128923577036,20,a871fd7b6ab72544e1f0f317c16cb18551759b575899188c0bfb1d048f9a4a69,63651f1b650ba00f6a69f98bd79b8b8708ada257
smallk,D5,tail_calibration,cwdb_v1,0.13406529244783247,0.0025356086452487823,20,a871fd7b6ab72544e1f0f317c16cb18551759b575899188c0bfb1d048f9a4a69,63651f1b650ba00f6a69f98bd79b8b8708ada257
smallk,D5,tail_calibration,cwdb_v0,0.14992686041223333,0.003271979284631836,20,a871fd7b6ab72544e1f0f317c16cb18551759b575899188c0bfb1d048f9a4a69,63651f1b650ba00f6a69f98bd79b8b8708ada257
smallk,D5,tail_calibration,sqw2_booster,0.21969944690278873,0.00246315158737536,20,a871fd7b6ab72544e1f0f317c16cb18551759b575899188c0bfb1d048f9a4a69,63651f1b650ba00f6a69f98bd79b8b8708ada257
smallk,D5,tail_calibration,wdrft,0.1212745437897818,0.0018475136944737195,20,a871fd7b6ab72544e1f0f317c16cb18551759b575899188c0bfb1d048f9a4a69,63651f1b650ba00f6a69f98bd79b8b8708ada257
smallk,D5,tail_calibration,causal_drf,0.20381695508361597,0.006671743771625933,20,a871fd7b6ab72544e1f0f317c16cb18551759b575899188c0bfb1d048f9a4a69,63651f1b650ba00f6a69f98bd79b8b8708ada257
smallk,D5,mode_coverage,cwdb_v1,1.0,0.0,20,a871fd7b6ab72544e1f0f317c16cb18551759b575899188c0bfb1d048f9a4a69,63651f1b650ba00f6a69f98bd79b8b8708ada257
smallk,D5,mode_coverage,cwdb_v0,1.0,0.0,20,a871fd7b6ab72544e1f0f317c16cb18551759b575899188c0bfb1d048f9a4a69,63651f1b650ba00f6a69f98bd79b8b8708ada257
smallk,D5,mode_coverage,sqw2_booster,0.998875,0.00046151210282356875,20,a871fd7b6ab72544e1f0f317c16cb18551759b575899188c0bfb1d048f9a4a69,63651f1b650ba00f6a69f98bd79b8b8708ada257
smallk,D5,mode_coverage,wdrft,1.0,0.0,20,a871fd7b6ab72544e1f0f317c16cb18551759b575899188c0bfb1d048f9a4a69,63651f1b650ba00f6a69f98bd79b8b8708ada257
smallk,D5,mode_coverage,causal_drf,1.0,0.0,20,a871fd7b6ab72544e1f0f317c16cb18551759b575899188c0bfb1d048f9a4a69,63651f1b650ba00f6a69f98bd79b8b8708ada257
smallk,D5,barycenter_rmse,cwdb_v1,0.200087475480283,0.0020919491120033632,20,a871fd7b6ab72544e1f0f317c16cb18551759b575899188c0bfb1d048f9a4a69,63651f1b650ba00f6a69f98bd79b8b8708ada257
smallk,D5,barycenter_rmse,cwdb_v0,0.22834883300388373,0.002024397329754098,20,a871fd7b6ab72544e1f0f317c16cb18551759b575899188c0bfb1d048f9a4a69,63651f1b650ba00f6a69f98bd79b8b8708ada257
smallk,D5,barycenter_rmse,sqw2_booster,0.19405323101892202,0.002951434439290774,20,a871fd7b6ab72544e1f0f317c16cb18551759b575899188c0bfb1d048f9a4a69,63651f1b650ba00f6a69f98bd79b8b8708ada257
smallk,D5,barycenter_rmse,wdrft,0.21096338553236293,0.0013469361948636417,20,a871fd7b6ab72544e1f0f317c16cb18551759b575899188c0bfb1d048f9a4a69,63651f1b650ba00f6a69f98bd79b8b8708ada257
smallk,D5,barycenter_rmse,causal_drf,0.30870637378365257,0.009260403217330807,20,a871fd7b6ab72544e1f0f317c16cb18551759b575899188c0bfb1d048f9a4a69,63651f1b650ba00f6a69f98bd79b8b8708ada257
smallk,D5,barycenter_rmse,pta_s,0.1539390566622592,0.002213358085076158,20,a871fd7b6ab72544e1f0f317c16cb18551759b575899188c0bfb1d048f9a4a69,63651f1b650ba00f6a69f98bd79b8b8708ada257
smallk,D5,barycenter_rmse,pta_f,0.22972211819034327,0.00270869080525992,20,a871fd7b6ab72544e1f0f317c16cb18551759b575899188c0bfb1d048f9a4a69,63651f1b650ba00f6a69f98bd79b8b8708ada257
smallk,D6,mean_quantile_rmse,cwdb_v1,0.3222962169134913,0.018367530714726098,20,a871fd7b6ab72544e1f0f317c16cb18551759b575899188c0bfb1d048f9a4a69,63651f1b650ba00f6a69f98bd79b8b8708ada257
smallk,D6,mean_quantile_rmse,cwdb_v0,0.7017706385805605,0.014294772372753421,20,a871fd7b6ab72544e1f0f317c16cb18551759b575899188c0bfb1d048f9a4a69,63651f1b650ba00f6a69f98bd79b8b8708ada257
smallk,D6,mean_quantile_rmse,sqw2_booster,0.44392810690612805,0.01746844985920335,20,a871fd7b6ab72544e1f0f317c16cb18551759b575899188c0bfb1d048f9a4a69,63651f1b650ba00f6a69f98bd79b8b8708ada257
smallk,D6,mean_quantile_rmse,wdrft,0.2435122660699592,0.018040469335827276,20,a871fd7b6ab72544e1f0f317c16cb18551759b575899188c0bfb1d048f9a4a69,63651f1b650ba00f6a69f98bd79b8b8708ada257
smallk,D6,mean_quantile_rmse,causal_drf,0.31228385924466556,0.023335341077443707,20,a871fd7b6ab72544e1f0f317c16cb18551759b575899188c0bfb1d048f9a4a69,63651f1b650ba00f6a69f98bd79b8b8708ada257
smallk,D6,mean_quantile_rmse,pta_s,0.24808166595204892,0.01623951900584113,20,a871fd7b6ab72544e1f0f317c16cb18551759b575899188c0bfb1d048f9a4a69,63651f1b650ba00f6a69f98bd79b8b8708ada257
smallk,D6,mean_quantile_rmse,pta_f,0.4394209280928979,0.008334578396139913,20,a871fd7b6ab72544e1f0f317c16cb18551759b575899188c0bfb1d048f9a4a69,63651f1b650ba00f6a69f98bd79b8b8708ada257
smallk,D6,kernel_law_error,cwdb_v1,0.03680579382690593,0.0013820731959418816,20,a871fd7b6ab72544e1f0f317c16cb18551759b575899188c0bfb1d048f9a4a69,63651f1b650ba00f6a69f98bd79b8b8708ada257
smallk,D6,kernel_law_error,cwdb_v0,0.055379373675098265,0.001530646549049143,20,a871fd7b6ab72544e1f0f317c16cb18551759b575899188c0bfb1d048f9a4a69,63651f1b650ba00f6a69f98bd79b8b8708ada257
smallk,D6,kernel_law_error,sqw2_booster,0.1970060011010381,0.0016643091077351677,20,a871fd7b6ab72544e1f0f317c16cb18551759b575899188c0bfb1d048f9a4a69,63651f1b650ba00f6a69f98bd79b8b8708ada257
smallk,D6,kernel_law_error,wdrft,0.007219225000644015,0.000508206985838529,20,a871fd7b6ab72544e1f0f317c16cb18551759b575899188c0bfb1d048f9a4a69,63651f1b650ba00f6a69f98bd79b8b8708ada257
smallk,D6,kernel_law_error,causal_drf,0.013168320423451441,0.0006564948254503195,20,a871fd7b6ab72544e1f0f317c16cb18551759b575899188c0bfb1d048f9a4a69,63651f1b650ba00f6a69f98bd79b8b8708ada257
smallk,D6,arm_energy_risk,cwdb_v1,0.11280741522851279,0.002922742501265466,20,a871fd7b6ab72544e1f0f317c16cb18551759b575899188c0bfb1d048f9a4a69,63651f1b650ba00f6a69f98bd79b8b8708ada257
smallk,D6,arm_energy_risk,cwdb_v0,0.15729703493631503,0.003254836151310438,20,a871fd7b6ab72544e1f0f317c16cb18551759b575899188c0bfb1d048f9a4a69,63651f1b650ba00f6a69f98bd79b8b8708ada257
smallk,D6,arm_energy_risk,sqw2_booster,0.6818249147512184,0.001249351954404128,20,a871fd7b6ab72544e1f0f317c16cb18551759b575899188c0bfb1d048f9a4a69,63651f1b650ba00f6a69f98bd79b8b8708ada257
smallk,D6,arm_energy_risk,wdrft,0.0313583315498644,0.0010624453873874702,20,a871fd7b6ab72544e1f0f317c16cb18551759b575899188c0bfb1d048f9a4a69,63651f1b650ba00f6a69f98bd79b8b8708ada257
smallk,D6,arm_energy_risk,causal_drf,0.0585046726759058,0.0018019455213868424,20,a871fd7b6ab72544e1f0f317c16cb18551759b575899188c0bfb1d048f9a4a69,63651f1b650ba00f6a69f98bd79b8b8708ada257
smallk,D6,tcate_functional_rmse,cwdb_v1,0.11858433242218809,0.011447360252117025,20,a871fd7b6ab72544e1f0f317c16cb18551759b575899188c0bfb1d048f9a4a69,63651f1b650ba00f6a69f98bd79b8b8708ada257
smallk,D6,tcate_functional_rmse,cwdb_v0,0.11519857204587322,0.011473010193785884,20,a871fd7b6ab72544e1f0f317c16cb18551759b575899188c0bfb1d048f9a4a69,63651f1b650ba00f6a69f98bd79b8b8708ada257
smallk,D6,tcate_functional_rmse,sqw2_booster,0.10944479180166669,0.011624535908780438,20,a871fd7b6ab72544e1f0f317c16cb18551759b575899188c0bfb1d048f9a4a69,63651f1b650ba00f6a69f98bd79b8b8708ada257
smallk,D6,tcate_functional_rmse,wdrft,0.10418436429650883,0.010745079739758677,20,a871fd7b6ab72544e1f0f317c16cb18551759b575899188c0bfb1d048f9a4a69,63651f1b650ba00f6a69f98bd79b8b8708ada257
smallk,D6,tcate_functional_rmse,causal_drf,0.14493793648680112,0.012763983204101052,20,a871fd7b6ab72544e1f0f317c16cb18551759b575899188c0bfb1d048f9a4a69,63651f1b650ba00f6a69f98bd79b8b8708ada257
smallk,D6,tcate_functional_rmse,pta_s,0.11185241691704224,0.008911139981866592,20,a871fd7b6ab72544e1f0f317c16cb18551759b575899188c0bfb1d048f9a4a69,63651f1b650ba00f6a69f98bd79b8b8708ada257
smallk,D6,tcate_functional_rmse,pta_f,0.2202564751441344,0.004509830061656192,20,a871fd7b6ab72544e1f0f317c16cb18551759b575899188c0bfb1d048f9a4a69,63651f1b650ba00f6a69f98bd79b8b8708ada257
smallk,D6,reference_tcate_rmse,cwdb_v1,0.0961485716429779,0.011890507873501127,20,a871fd7b6ab72544e1f0f317c16cb18551759b575899188c0bfb1d048f9a4a69,63651f1b650ba00f6a69f98bd79b8b8708ada257
smallk,D6,reference_tcate_rmse,cwdb_v0,0.13590181798001544,0.012695585117553695,20,a871fd7b6ab72544e1f0f317c16cb18551759b575899188c0bfb1d048f9a4a69,63651f1b650ba00f6a69f98bd79b8b8708ada257
smallk,D6,reference_tcate_rmse,sqw2_booster,0.21595454416809093,0.022452402445440226,20,a871fd7b6ab72544e1f0f317c16cb18551759b575899188c0bfb1d048f9a4a69,63651f1b650ba00f6a69f98bd79b8b8708ada257
smallk,D6,reference_tcate_rmse,wdrft,0.08348789642756976,0.01000022787920099,20,a871fd7b6ab72544e1f0f317c16cb18551759b575899188c0bfb1d048f9a4a69,63651f1b650ba00f6a69f98bd79b8b8708ada257
smallk,D6,reference_tcate_rmse,causal_drf,0.06465198186186769,0.00950497619640702,20,a871fd7b6ab72544e1f0f317c16cb18551759b575899188c0bfb1d048f9a4a69,63651f1b650ba00f6a69f98bd79b8b8708ada257
smallk,D6,reference_tcate_rmse,pta_s,0.0694917090280593,0.010052408432626262,20,a871fd7b6ab72544e1f0f317c16cb18551759b575899188c0bfb1d048f9a4a69,63651f1b650ba00f6a69f98bd79b8b8708ada257
smallk,D6,reference_tcate_rmse,pta_f,0.05537024953008485,0.009696772971291177,20,a871fd7b6ab72544e1f0f317c16cb18551759b575899188c0bfb1d048f9a4a69,63651f1b650ba00f6a69f98bd79b8b8708ada257
smallk,D6,reference_effect_rmse,cwdb_v1,0.07080534813874677,0.011193599036784196,20,a871fd7b6ab72544e1f0f317c16cb18551759b575899188c0bfb1d048f9a4a69,63651f1b650ba00f6a69f98bd79b8b8708ada257
smallk,D6,reference_effect_rmse,cwdb_v0,0.09781507249257773,0.013508030338282403,20,a871fd7b6ab72544e1f0f317c16cb18551759b575899188c0bfb1d048f9a4a69,63651f1b650ba00f6a69f98bd79b8b8708ada257
smallk,D6,reference_effect_rmse,sqw2_booster,0.18144577745284193,0.019958119651224952,20,a871fd7b6ab72544e1f0f317c16cb18551759b575899188c0bfb1d048f9a4a69,63651f1b650ba00f6a69f98bd79b8b8708ada257
smallk,D6,reference_effect_rmse,wdrft,0.05955080416718902,0.010428986310676439,20,a871fd7b6ab72544e1f0f317c16cb18551759b575899188c0bfb1d048f9a4a69,63651f1b650ba00f6a69f98bd79b8b8708ada257
smallk,D6,reference_effect_rmse,causal_drf,0.05490004840384559,0.010081389823947478,20,a871fd7b6ab72544e1f0f317c16cb18551759b575899188c0bfb1d048f9a4a69,63651f1b650ba00f6a69f98bd79b8b8708ada257
smallk,D6,reference_effect_rmse,pta_s,0.05916514434043925,0.010674038081272506,20,a871fd7b6ab72544e1f0f317c16cb18551759b575899188c0bfb1d048f9a4a69,63651f1b650ba00f6a69f98bd79b8b8708ada257
smallk,D6,reference_effect_rmse,pta_f,0.05516942024567998,0.009717047787145166,20,a871fd7b6ab72544e1f0f317c16cb18551759b575899188c0bfb1d048f9a4a69,63651f1b650ba00f6a69f98bd79b8b8708ada257
smallk,D6,tail_calibration,cwdb_v1,0.11293735944003809,0.0033979811860970154,20,a871fd7b6ab72544e1f0f317c16cb18551759b575899188c0bfb1d048f9a4a69,63651f1b650ba00f6a69f98bd79b8b8708ada257
smallk,D6,tail_calibration,cwdb_v0,0.16166200426067534,0.003638608172900119,20,a871fd7b6ab72544e1f0f317c16cb18551759b575899188c0bfb1d048f9a4a69,63651f1b650ba00f6a69f98bd79b8b8708ada257
smallk,D6,tail_calibration,sqw2_booster,0.48665870207908074,0.0004342750700068433,20,a871fd7b6ab72544e1f0f317c16cb18551759b575899188c0bfb1d048f9a4a69,63651f1b650ba00f6a69f98bd79b8b8708ada257
smallk,D6,tail_calibration,wdrft,0.04516349152138037,0.0025669457929423808,20,a871fd7b6ab72544e1f0f317c16cb18551759b575899188c0bfb1d048f9a4a69,63651f1b650ba00f6a69f98bd79b8b8708ada257
smallk,D6,tail_calibration,causal_drf,0.039165035444453995,0.0021368097399755317,20,a871fd7b6ab72544e1f0f317c16cb18551759b575899188c0bfb1d048f9a4a69,63651f1b650ba00f6a69f98bd79b8b8708ada257
smallk,D6,mode_coverage,cwdb_v1,0.9853125,0.0018670335146260364,20,a871fd7b6ab72544e1f0f317c16cb18551759b575899188c0bfb1d048f9a4a69,63651f1b650ba00f6a69f98bd79b8b8708ada257
smallk,D6,mode_coverage,cwdb_v0,0.95425,0.0037328555458677744,20,a871fd7b6ab72544e1f0f317c16cb18551759b575899188c0bfb1d048f9a4a69,63651f1b650ba00f6a69f98bd79b8b8708ada257
smallk,D6,mode_coverage,sqw2_booster,0.2303125,0.003830146821083056,20,a871fd7b6ab72544e1f0f317c16cb18551759b575899188c0bfb1d048f9a4a69,63651f1b650ba00f6a69f98bd79b8b8708ada257
smallk,D6,mode_coverage,wdrft,1.0,0.0,20,a871fd7b6ab72544e1f0f317c16cb18551759b575899188c0bfb1d048f9a4a69,63651f1b650ba00f6a69f98bd79b8b8708ada257
smallk,D6,mode_coverage,causal_drf,1.0,0.0,20,a871fd7b6ab72544e1f0f317c16cb18551759b575899188c0bfb1d048f9a4a69,63651f1b650ba00f6a69f98bd79b8b8708ada257
smallk,D6,barycenter_rmse,cwdb_v1,0.42784843925579497,0.0074508531135275575,20,a871fd7b6ab72544e1f0f317c16cb18551759b575899188c0bfb1d048f9a4a69,63651f1b650ba00f6a69f98bd79b8b8708ada257
smallk,D6,barycenter_rmse,cwdb_v0,0.5138216775488188,0.007790798533492219,20,a871fd7b6ab72544e1f0f317c16cb18551759b575899188c0bfb1d048f9a4a69,63651f1b650ba00f6a69f98bd79b8b8708ada257
smallk,D6,barycenter_rmse,sqw2_booster,0.6850826163866688,0.0071737153279116325,20,a871fd7b6ab72544e1f0f317c16cb18551759b575899188c0bfb1d048f9a4a69,63651f1b650ba00f6a69f98bd79b8b8708ada257
smallk,D6,barycenter_rmse,wdrft,0.2507983650719373,0.006647887042100417,20,a871fd7b6ab72544e1f0f317c16cb18551759b575899188c0bfb1d048f9a4a69,63651f1b650ba00f6a69f98bd79b8b8708ada257
smallk,D6,barycenter_rmse,causal_drf,0.39991144682709395,0.00839791127730581,20,a871fd7b6ab72544e1f0f317c16cb18551759b575899188c0bfb1d048f9a4a69,63651f1b650ba00f6a69f98bd79b8b8708ada257
smallk,D6,barycenter_rmse,pta_s,0.29836603987297056,0.006463618353890535,20,a871fd7b6ab72544e1f0f317c16cb18551759b575899188c0bfb1d048f9a4a69,63651f1b650ba00f6a69f98bd79b8b8708ada257
smallk,D6,barycenter_rmse,pta_f,0.5584978912727588,0.01886872281997535,20,a871fd7b6ab72544e1f0f317c16cb18551759b575899188c0bfb1d048f9a4a69,63651f1b650ba00f6a69f98bd79b8b8708ada257
smallk,D7,mean_quantile_rmse,cwdb_v1,0.1586124930265607,0.003759222077730016,20,a871fd7b6ab72544e1f0f317c16cb18551759b575899188c0bfb1d048f9a4a69,63651f1b650ba00f6a69f98bd79b8b8708ada257
smallk,D7,mean_quantile_rmse,cwdb_v0,0.32802453605402654,0.0031526828127478126,20,a871fd7b6ab72544e1f0f317c16cb18551759b575899188c0bfb1d048f9a4a69,63651f1b650ba00f6a69f98bd79b8b8708ada257
smallk,D7,mean_quantile_rmse,sqw2_booster,0.1341248398973615,0.0033812869780523963,20,a871fd7b6ab72544e1f0f317c16cb18551759b575899188c0bfb1d048f9a4a69,63651f1b650ba00f6a69f98bd79b8b8708ada257
smallk,D7,mean_quantile_rmse,wdrft,0.10197774124468428,0.0052679085210810845,20,a871fd7b6ab72544e1f0f317c16cb18551759b575899188c0bfb1d048f9a4a69,63651f1b650ba00f6a69f98bd79b8b8708ada257
smallk,D7,mean_quantile_rmse,causal_drf,0.11136325788747843,0.007590736205876018,20,a871fd7b6ab72544e1f0f317c16cb18551759b575899188c0bfb1d048f9a4a69,63651f1b650ba00f6a69f98bd79b8b8708ada257
smallk,D7,mean_quantile_rmse,pta_s,0.06602384165374306,0.004494026845431857,20,a871fd7b6ab72544e1f0f317c16cb18551759b575899188c0bfb1d048f9a4a69,63651f1b650ba00f6a69f98bd79b8b8708ada257
smallk,D7,mean_quantile_rmse,pta_f,0.04816700100186694,0.0047173838109384756,20,a871fd7b6ab72544e1f0f317c16cb18551759b575899188c0bfb1d048f9a4a69,63651f1b650ba00f6a69f98bd79b8b8708ada257
smallk,D7,kernel_law_error,cwdb_v1,0.016303646713001274,0.00035026515582343455,20,a871fd7b6ab72544e1f0f317c16cb18551759b575899188c0bfb1d048f9a4a69,63651f1b650ba00f6a69f98bd79b8b8708ada257
smallk,D7,kernel_law_error,cwdb_v0,0.022381144110571398,0.000393287051162415,20,a871fd7b6ab72544e1f0f317c16cb18551759b575899188c0bfb1d048f9a4a69,63651f1b650ba00f6a69f98bd79b8b8708ada257
smallk,D7,kernel_law_error,sqw2_booster,0.014437746689993671,0.0002503763393440179,20,a871fd7b6ab72544e1f0f317c16cb18551759b575899188c0bfb1d048f9a4a69,63651f1b650ba00f6a69f98bd79b8b8708ada257
smallk,D7,kernel_law_error,wdrft,0.015300979559860572,0.00028379689687372124,20,a871fd7b6ab72544e1f0f317c16cb18551759b575899188c0bfb1d048f9a4a69,63651f1b650ba00f6a69f98bd79b8b8708ada257
smallk,D7,kernel_law_error,causal_drf,0.0375861949869012,0.0009184029757948051,20,a871fd7b6ab72544e1f0f317c16cb18551759b575899188c0bfb1d048f9a4a69,63651f1b650ba00f6a69f98bd79b8b8708ada257
smallk,D7,arm_energy_risk,cwdb_v1,0.06704169774675882,0.0008864449653300239,20,a871fd7b6ab72544e1f0f317c16cb18551759b575899188c0bfb1d048f9a4a69,63651f1b650ba00f6a69f98bd79b8b8708ada257
smallk,D7,arm_energy_risk,cwdb_v0,0.08762852133101551,0.0008766428053185946,20,a871fd7b6ab72544e1f0f317c16cb18551759b575899188c0bfb1d048f9a4a69,63651f1b650ba00f6a69f98bd79b8b8708ada257
smallk,D7,arm_energy_risk,sqw2_booster,0.13514130675500988,0.0006219904068945874,20,a871fd7b6ab72544e1f0f317c16cb18551759b575899188c0bfb1d048f9a4a69,63651f1b650ba00f6a69f98bd79b8b8708ada257
smallk,D7,arm_energy_risk,wdrft,0.03680702423616479,0.0005162905531768898,20,a871fd7b6ab72544e1f0f317c16cb18551759b575899188c0bfb1d048f9a4a69,63651f1b650ba00f6a69f98bd79b8b8708ada257
smallk,D7,arm_energy_risk,causal_drf,0.0772754072930135,0.0015621464512015585,20,a871fd7b6ab72544e1f0f317c16cb18551759b575899188c0bfb1d048f9a4a69,63651f1b650ba00f6a69f98bd79b8b8708ada257
smallk,D7,tcate_functional_rmse,cwdb_v1,0.037337178694380614,0.003212136928439846,20,a871fd7b6ab72544e1f0f317c16cb18551759b575899188c0bfb1d048f9a4a69,63651f1b650ba00f6a69f98bd79b8b8708ada257
smallk,D7,tcate_functional_rmse,cwdb_v0,0.05885783380638619,0.0031956447869570135,20,a871fd7b6ab72544e1f0f317c16cb18551759b575899188c0bfb1d048f9a4a69,63651f1b650ba00f6a69f98bd79b8b8708ada257
smallk,D7,tcate_functional_rmse,sqw2_booster,0.03588417717705435,0.0024758154478076015,20,a871fd7b6ab72544e1f0f317c16cb18551759b575899188c0bfb1d048f9a4a69,63651f1b650ba00f6a69f98bd79b8b8708ada257
smallk,D7,tcate_functional_rmse,wdrft,0.04366407952593433,0.0030794329962818712,20,a871fd7b6ab72544e1f0f317c16cb18551759b575899188c0bfb1d048f9a4a69,63651f1b650ba00f6a69f98bd79b8b8708ada257
smallk,D7,tcate_functional_rmse,causal_drf,0.06400046304331766,0.004336955059543091,20,a871fd7b6ab72544e1f0f317c16cb18551759b575899188c0bfb1d048f9a4a69,63651f1b650ba00f6a69f98bd79b8b8708ada257
smallk,D7,tcate_functional_rmse,pta_s,0.026485267806883917,0.0026889530060917174,20,a871fd7b6ab72544e1f0f317c16cb18551759b575899188c0bfb1d048f9a4a69,63651f1b650ba00f6a69f98bd79b8b8708ada257
smallk,D7,tcate_functional_rmse,pta_f,0.026175387811408202,0.0026433931292051487,20,a871fd7b6ab72544e1f0f317c16cb18551759b575899188c0bfb1d048f9a4a69,63651f1b650ba00f6a69f98bd79b8b8708ada257
smallk,D7,reference_tcate_rmse,cwdb_v1,0.032848045312569726,0.0036463813542617247,20,a871fd7b6ab72544e1f0f317c16cb18551759b575899188c0bfb1d048f9a4a69,63651f1b650ba00f6a69f98bd79b8b8708ada257
smallk,D7,reference_tcate_rmse,cwdb_v0,0.041366275410850334,0.004086181034357802,20,a871fd7b6ab72544e1f0f317c16cb18551759b575899188c0bfb1d048f9a4a69,63651f1b650ba00f6a69f98bd79b8b8708ada257
smallk,D7,reference_tcate_rmse,sqw2_booster,0.03684981456213069,0.0038956374156855897,20,a871fd7b6ab72544e1f0f317c16cb18551759b575899188c0bfb1d048f9a4a69,63651f1b650ba00f6a69f98bd79b8b8708ada257
smallk,D7,reference_tcate_rmse,wdrft,0.03974080067730441,0.004221199317255336,20,a871fd7b6ab72544e1f0f317c16cb18551759b575899188c0bfb1d048f9a4a69,63651f1b650ba00f6a69f98bd79b8b8708ada257
smallk,D7,reference_tcate_rmse,causal_drf,0.027550506674694237,0.0042530997915554095,20,a871fd7b6ab72544e1f0f317c16cb18551759b575899188c0bfb1d048f9a4a69,63651f1b650ba00f6a69f98bd79b8b8708ada257
smallk,D7,reference_tcate_rmse,pta_s,0.024948798215639195,0.0035711584452919705,20,a871fd7b6ab72544e1f0f317c16cb18551759b575899188c0bfb1d048f9a4a69,63651f1b650ba00f6a69f98bd79b8b8708ada257
smallk,D7,reference_tcate_rmse,pta_f,0.02359160568812534,0.003862811880438859,20,a871fd7b6ab72544e1f0f317c16cb18551759b575899188c0bfb1d048f9a4a69,63651f1b650ba00f6a69f98bd79b8b8708ada257
smallk,D7,reference_effect_rmse,cwdb_v1,0.018698082502965518,0.004088278837626655,20,a871fd7b6ab72544e1f0f317c16cb18551759b575899188c0bfb1d048f9a4a69,63651f1b650ba00f6a69f98bd79b8b8708ada257
smallk,D7,reference_effect_rmse,cwdb_v0,0.015934350262126886,0.004331742361672901,20,a871fd7b6ab72544e1f0f317c16cb18551759b575899188c0bfb1d048f9a4a69,63651f1b650ba00f6a69f98bd79b8b8708ada257
smallk,D7,reference_effect_rmse,sqw2_booster,0.01946543868934434,0.00430814249456541,20,a871fd7b6ab72544e1f0f317c16cb18551759b575899188c0bfb1d048f9a4a69,63651f1b650ba00f6a69f98bd79b8b8708ada257
smallk,D7,reference_effect_rmse,wdrft,0.0147900387601362,0.004333432363413577,20,a871fd7b6ab72544e1f0f317c16cb18551759b575899188c0bfb1d048f9a4a69,63651f1b650ba00f6a69f98bd79b8b8708ada257
smallk,D7,reference_effect_rmse,causal_drf,0.01804787181342141,0.004879403152213351,20,a871fd7b6ab72544e1f0f317c16cb18551759b575899188c0bfb1d048f9a4a69,63651f1b650ba00f6a69f98bd79b8b8708ada257
smallk,D7,reference_effect_rmse,pta_s,0.01572465401534385,0.0040430915879521995,20,a871fd7b6ab72544e1f0f317c16cb18551759b575899188c0bfb1d048f9a4a69,63651f1b650ba00f6a69f98bd79b8b8708ada257
smallk,D7,reference_effect_rmse,pta_f,0.015597408745425955,0.00427122112503541,20,a871fd7b6ab72544e1f0f317c16cb18551759b575899188c0bfb1d048f9a4a69,63651f1b650ba00f6a69f98bd79b8b8708ada257
smallk,D7,tail_calibration,cwdb_v1,0.15114255418014913,0.0025046496342569385,20,a871fd7b6ab72544e1f0f317c16cb18551759b575899188c0bfb1d048f9a4a69,63651f1b650ba00f6a69f98bd79b8b8708ada257
smallk,D7,tail_calibration,cwdb_v0,0.17048879039614084,0.0028263738131304415,20,a871fd7b6ab72544e1f0f317c16cb18551759b575899188c0bfb1d048f9a4a69,63651f1b650ba00f6a69f98bd79b8b8708ada257
smallk,D7,tail_calibration,sqw2_booster,0.23558117313569293,0.00233071081395571,20,a871fd7b6ab72544e1f0f317c16cb18551759b575899188c0bfb1d048f9a4a69,63651f1b650ba00f6a69f98bd79b8b8708ada257
smallk,D7,tail_calibration,wdrft,0.11895197655685355,0.0018032197470037167,20,a871fd7b6ab72544e1f0f317c16cb18551759b575899188c0bfb1d048f9a4a69,63651f1b650ba00f6a69f98bd79b8b8708ada257
smallk,D7,tail_calibration,causal_drf,0.2039243896807065,0.0025132730590906216,20,a871fd7b6ab72544e1f0f317c16cb18551759b575899188c0bfb1d048f9a4a69,63651f1b650ba00f6a69f98bd79b8b8708ada257
smallk,D7,mode_coverage,cwdb_v1,1.0,0.0,20,a871fd7b6ab72544e1f0f317c16cb18551759b575899188c0bfb1d048f9a4a69,63651f1b650ba00f6a69f98bd79b8b8708ada257
smallk,D7,mode_coverage,cwdb_v0,1.0,0.0,20,a871fd7b6ab72544e1f0f317c16cb18551759b575899188c0bfb1d048f9a4a69,63651f1b650ba00f6a69f98bd79b8b8708ada257
smallk,D7,mode_coverage,sqw2_booster,1.0,0.0,20,a871fd7b6ab72544e1f0f317c16cb18551759b575899188c0bfb1d048f9a4a69,63651f1b650ba00f6a69f98bd79b8b8708ada257
smallk,D7,mode_coverage,wdrft,1.0,0.0,20,a871fd7b6ab72544e1f0f317c16cb18551759b575899188c0bfb1d048f9a4a69,63651f1b650ba00f6a69f98bd79b8b8708ada257
smallk,D7,mode_coverage,causal_drf,1.0,0.0,20,a871fd7b6ab72544e1f0f317c16cb18551759b575899188c0bfb1d048f9a4a69,63651f1b650ba00f6a69f98bd79b8b8708ada257
smallk,D7,barycenter_rmse,cwdb_v1,0.2120810287643912,0.0018456971664361067,20,a871fd7b6ab72544e1f0f317c16cb18551759b575899188c0bfb1d048f9a4a69,63651f1b650ba00f6a69f98bd79b8b8708ada257
smallk,D7,barycenter_rmse,cwdb_v0,0.24725372251267222,0.0019708978652702375,20,a871fd7b6ab72544e1f0f317c16cb18551759b575899188c0bfb1d048f9a4a69,63651f1b650ba00f6a69f98bd79b8b8708ada257
smallk,D7,barycenter_rmse,sqw2_booster,0.18667453044513105,0.0017027943331183995,20,a871fd7b6ab72544e1f0f317c16cb18551759b575899188c0bfb1d048f9a4a69,63651f1b650ba00f6a69f98bd79b8b8708ada257
smallk,D7,barycenter_rmse,wdrft,0.21305662534899028,0.0013489147760975492,20,a871fd7b6ab72544e1f0f317c16cb18551759b575899188c0bfb1d048f9a4a69,63651f1b650ba00f6a69f98bd79b8b8708ada257
smallk,D7,barycenter_rmse,causal_drf,0.34587446943294503,0.003998917726635073,20,a871fd7b6ab72544e1f0f317c16cb18551759b575899188c0bfb1d048f9a4a69,63651f1b650ba00f6a69f98bd79b8b8708ada257
smallk,D7,barycenter_rmse,pta_s,0.1429719516804308,0.0024927542925482476,20,a871fd7b6ab72544e1f0f317c16cb18551759b575899188c0bfb1d048f9a4a69,63651f1b650ba00f6a69f98bd79b8b8708ada257
smallk,D7,barycenter_rmse,pta_f,0.22292732342376786,0.0020032839299270974,20,a871fd7b6ab72544e1f0f317c16cb18551759b575899188c0bfb1d048f9a4a69,63651f1b650ba00f6a69f98bd79b8b8708ada257
smallk,D8,mean_quantile_rmse,cwdb_v1,0.19221710785061547,0.004965698721602045,20,a871fd7b6ab72544e1f0f317c16cb18551759b575899188c0bfb1d048f9a4a69,63651f1b650ba00f6a69f98bd79b8b8708ada257
smallk,D8,mean_quantile_rmse,cwdb_v0,0.3787592318573916,0.004920879507610317,20,a871fd7b6ab72544e1f0f317c16cb18551759b575899188c0bfb1d048f9a4a69,63651f1b650ba00f6a69f98bd79b8b8708ada257
smallk,D8,mean_quantile_rmse,sqw2_booster,0.17434123497481824,0.004831084774749227,20,a871fd7b6ab72544e1f0f317c16cb18551759b575899188c0bfb1d048f9a4a69,63651f1b650ba00f6a69f98bd79b8b8708ada257
smallk,D8,mean_quantile_rmse,wdrft,0.2091174913314696,0.005763665339136327,20,a871fd7b6ab72544e1f0f317c16cb18551759b575899188c0bfb1d048f9a4a69,63651f1b650ba00f6a69f98bd79b8b8708ada257
smallk,D8,mean_quantile_rmse,causal_drf,0.4163161690171554,0.01847516324062066,20,a871fd7b6ab72544e1f0f317c16cb18551759b575899188c0bfb1d048f9a4a69,63651f1b650ba00f6a69f98bd79b8b8708ada257
smallk,D8,mean_quantile_rmse,pta_s,0.10424463914221811,0.004118261867725417,20,a871fd7b6ab72544e1f0f317c16cb18551759b575899188c0bfb1d048f9a4a69,63651f1b650ba00f6a69f98bd79b8b8708ada257
smallk,D8,mean_quantile_rmse,pta_f,0.08715499109386113,0.0033113994486304453,20,a871fd7b6ab72544e1f0f317c16cb18551759b575899188c0bfb1d048f9a4a69,63651f1b650ba00f6a69f98bd79b8b8708ada257
smallk,D8,kernel_law_error,cwdb_v1,0.021347780668925422,0.000647620821434535,20,a871fd7b6ab72544e1f0f317c16cb18551759b575899188c0bfb1d048f9a4a69,63651f1b650ba00f6a69f98bd79b8b8708ada257
smallk,D8,kernel_law_error,cwdb_v0,0.030265943872016067,0.0007314529834059793,20,a871fd7b6ab72544e1f0f317c16cb18551759b575899188c0bfb1d048f9a4a69,63651f1b650ba00f6a69f98bd79b8b8708ada257
smallk,D8,kernel_law_error,sqw2_booster,0.020078947452789386,0.000545719761970316,20,a871fd7b6ab72544e1f0f317c16cb18551759b575899188c0bfb1d048f9a4a69,63651f1b650ba00f6a69f98bd79b8b8708ada257
smallk,D8,kernel_law_error,wdrft,0.04351596628154468,0.0008269081149409501,20,a871fd7b6ab72544e1f0f317c16cb18551759b575899188c0bfb1d048f9a4a69,63651f1b650ba00f6a69f98bd79b8b8708ada257
smallk,D8,kernel_law_error,causal_drf,0.10990818683975793,0.003359088788820797,20,a871fd7b6ab72544e1f0f317c16cb18551759b575899188c0bfb1d048f9a4a69,63651f1b650ba00f6a69f98bd79b8b8708ada257
smallk,D8,arm_energy_risk,cwdb_v1,0.08207386981138062,0.001611291426821387,20,a871fd7b6ab72544e1f0f317c16cb18551759b575899188c0bfb1d048f9a4a69,63651f1b650ba00f6a69f98bd79b8b8708ada257
smallk,D8,arm_energy_risk,cwdb_v0,0.11136705329380694,0.0017613144232484733,20,a871fd7b6ab72544e1f0f317c16cb18551759b575899188c0bfb1d048f9a4a69,63651f1b650ba00f6a69f98bd79b8b8708ada257
smallk,D8,arm_energy_risk,sqw2_booster,0.16411223665074454,0.0017259256242357819,20,a871fd7b6ab72544e1f0f317c16cb18551759b575899188c0bfb1d048f9a4a69,63651f1b650ba00f6a69f98bd79b8b8708ada257
smallk,D8,arm_energy_risk,wdrft,0.10630373698624955,0.001371893627901501,20,a871fd7b6ab72544e1f0f317c16cb18551759b575899188c0bfb1d048f9a4a69,63651f1b650ba00f6a69f98bd79b8b8708ada257
smallk,D8,arm_energy_risk,causal_drf,0.23064009454467876,0.005756880980126703,20,a871fd7b6ab72544e1f0f317c16cb18551759b575899188c0bfb1d048f9a4a69,63651f1b650ba00f6a69f98bd79b8b8708ada257
smallk,D8,tcate_functional_rmse,cwdb_v1,0.05715792682030468,0.0034852972319648996,20,a871fd7b6ab72544e1f0f317c16cb18551759b575899188c0bfb1d048f9a4a69,63651f1b650ba00f6a69f98bd79b8b8708ada257
smallk,D8,tcate_functional_rmse,cwdb_v0,0.061865586723239066,0.004011485324059504,20,a871fd7b6ab72544e1f0f317c16cb18551759b575899188c0bfb1d048f9a4a69,63651f1b650ba00f6a69f98bd79b8b8708ada257
smallk,D8,tcate_functional_rmse,sqw2_booster,0.04550489994287195,0.0031729306232364273,20,a871fd7b6ab72544e1f0f317c16cb18551759b575899188c0bfb1d048f9a4a69,63651f1b650ba00f6a69f98bd79b8b8708ada257
smallk,D8,tcate_functional_rmse,wdrft,0.06391504332729732,0.0038078773860753343,20,a871fd7b6ab72544e1f0f317c16cb18551759b575899188c0bfb1d048f9a4a69,63651f1b650ba00f6a69f98bd79b8b8708ada257
smallk,D8,tcate_functional_rmse,causal_drf,0.20922271248048824,0.009087025917502612,20,a871fd7b6ab72544e1f0f317c16cb18551759b575899188c0bfb1d048f9a4a69,63651f1b650ba00f6a69f98bd79b8b8708ada257
smallk,D8,tcate_functional_rmse,pta_s,0.041059482168777944,0.0024832703003536192,20,a871fd7b6ab72544e1f0f317c16cb18551759b575899188c0bfb1d048f9a4a69,63651f1b650ba00f6a69f98bd79b8b8708ada257
smallk,D8,tcate_functional_rmse,pta_f,0.04739400757503069,0.002021847710772248,20,a871fd7b6ab72544e1f0f317c16cb18551759b575899188c0bfb1d048f9a4a69,63651f1b650ba00f6a69f98bd79b8b8708ada257
smallk,D8,reference_tcate_rmse,cwdb_v1,0.06271950016088254,0.005301470202373216,20,a871fd7b6ab72544e1f0f317c16cb18551759b575899188c0bfb1d048f9a4a69,63651f1b650ba00f6a69f98bd79b8b8708ada257
smallk,D8,reference_tcate_rmse,cwdb_v0,0.08679228102717315,0.008263494401281483,20,a871fd7b6ab72544e1f0f317c16cb18551759b575899188c0bfb1d048f9a4a69,63651f1b650ba00f6a69f98bd79b8b8708ada257
smallk,D8,reference_tcate_rmse,sqw2_booster,0.07053251571950744,0.006003384721992547,20,a871fd7b6ab72544e1f0f317c16cb18551759b575899188c0bfb1d048f9a4a69,63651f1b650ba00f6a69f98bd79b8b8708ada257
smallk,D8,reference_tcate_rmse,wdrft,0.09338371425551815,0.008275625083509949,20,a871fd7b6ab72544e1f0f317c16cb18551759b575899188c0bfb1d048f9a4a69,63651f1b650ba00f6a69f98bd79b8b8708ada257
smallk,D8,reference_tcate_rmse,causal_drf,0.0947377397713334,0.011148806206288966,20,a871fd7b6ab72544e1f0f317c16cb18551759b575899188c0bfb1d048f9a4a69,63651f1b650ba00f6a69f98bd79b8b8708ada257
smallk,D8,reference_tcate_rmse,pta_s,0.06941616317861654,0.006509658806868705,20,a871fd7b6ab72544e1f0f317c16cb18551759b575899188c0bfb1d048f9a4a69,63651f1b650ba00f6a69f98bd79b8b8708ada257
smallk,D8,reference_tcate_rmse,pta_f,0.07549805462300654,0.005843387065663554,20,a871fd7b6ab72544e1f0f317c16cb18551759b575899188c0bfb1d048f9a4a69,63651f1b650ba00f6a69f98bd79b8b8708ada257
smallk,D8,reference_effect_rmse,cwdb_v1,0.03405420998456234,0.005659008784253948,20,a871fd7b6ab72544e1f0f317c16cb18551759b575899188c0bfb1d048f9a4a69,63651f1b650ba00f6a69f98bd79b8b8708ada257
smallk,D8,reference_effect_rmse,cwdb_v0,0.04320075549393275,0.007385539347702135,20,a871fd7b6ab72544e1f0f317c16cb18551759b575899188c0bfb1d048f9a4a69,63651f1b650ba00f6a69f98bd79b8b8708ada257
smallk,D8,reference_effect_rmse,sqw2_booster,0.04151341319036255,0.006234678725100453,20,a871fd7b6ab72544e1f0f317c16cb18551759b575899188c0bfb1d048f9a4a69,63651f1b650ba00f6a69f98bd79b8b8708ada257
smallk,D8,reference_effect_rmse,wdrft,0.06316791368976113,0.00989086544780415,20,a871fd7b6ab72544e1f0f317c16cb18551759b575899188c0bfb1d048f9a4a69,63651f1b650ba00f6a69f98bd79b8b8708ada257
smallk,D8,reference_effect_rmse,causal_drf,0.071971689709002,0.011279973580520165,20,a871fd7b6ab72544e1f0f317c16cb18551759b575899188c0bfb1d048f9a4a69,63651f1b650ba00f6a69f98bd79b8b8708ada257
smallk,D8,reference_effect_rmse,pta_s,0.052629977208260216,0.0075966078045589715,20,a871fd7b6ab72544e1f0f317c16cb18551759b575899188c0bfb1d048f9a4a69,63651f1b650ba00f6a69f98bd79b8b8708ada257
smallk,D8,reference_effect_rmse,pta_f,0.05013416206447178,0.008177172054584923,20,a871fd7b6ab72544e1f0f317c16cb18551759b575899188c0bfb1d048f9a4a69,63651f1b650ba00f6a69f98bd79b8b8708ada257
smallk,D8,tail_calibration,cwdb_v1,0.10760277024001667,0.002619729223017081,20,a871fd7b6ab72544e1f0f317c16cb18551759b575899188c0bfb1d048f9a4a69,63651f1b650ba00f6a69f98bd79b8b8708ada257
smallk,D8,tail_calibration,cwdb_v0,0.11893554427260492,0.0025372853281047493,20,a871fd7b6ab72544e1f0f317c16cb18551759b575899188c0bfb1d048f9a4a69,63651f1b650ba00f6a69f98bd79b8b8708ada257
smallk,D8,tail_calibration,sqw2_booster,0.12118948425845921,0.0028187221972791054,20,a871fd7b6ab72544e1f0f317c16cb18551759b575899188c0bfb1d048f9a4a69,63651f1b650ba00f6a69f98bd79b8b8708ada257
smallk,D8,tail_calibration,wdrft,0.13061666134905742,0.0026227776678611485,20,a871fd7b6ab72544e1f0f317c16cb18551759b575899188c0bfb1d048f9a4a69,63651f1b650ba00f6a69f98bd79b8b8708ada257
smallk,D8,tail_calibration,causal_drf,0.27925542911342227,0.005146828038676519,20,a871fd7b6ab72544e1f0f317c16cb18551759b575899188c0bfb1d048f9a4a69,63651f1b650ba00f6a69f98bd79b8b8708ada257
smallk,D8,mode_coverage,cwdb_v1,1.0,0.0,20,a871fd7b6ab72544e1f0f317c16cb18551759b575899188c0bfb1d048f9a4a69,63651f1b650ba00f6a69f98bd79b8b8708ada257
smallk,D8,mode_coverage,cwdb_v0,0.99975,0.00017206180040291766,20,a871fd7b6ab72544e1f0f317c16cb18551759b575899188c0bfb1d048f9a4a69,63651f1b650ba00f6a69f98bd79b8b8708ada257
smallk,D8,mode_coverage,sqw2_booster,0.999375,0.0003075262076978988,20,a871fd7b6ab72544e1f0f317c16cb18551759b575899188c0bfb1d048f9a4a69,63651f1b650ba00f6a69f98bd79b8b8708ada257
smallk,D8,mode_coverage,wdrft,1.0,0.0,20,a871fd7b6ab72544e1f0f317c16cb18551759b575899188c0bfb1d048f9a4a69,63651f1b650ba00f6a69f98bd79b8b8708ada257
smallk,D8,mode_coverage,causal_drf,0.99975,0.00017206180040291766,20,a871fd7b6ab72544e1f0f317c16cb18551759b575899188c0bfb1d048f9a4a69,63651f1b650ba00f6a69f98bd79b8b8708ada257
smallk,D8,barycenter_rmse,cwdb_v1,0.2896175582847782,0.0037420173137566112,20,a871fd7b6ab72544e1f0f317c16cb18551759b575899188c0bfb1d048f9a4a69,63651f1b650ba00f6a69f98bd79b8b8708ada257
smallk,D8,barycenter_rmse,cwdb_v0,0.34158172860610925,0.003278196592887234,20,a871fd7b6ab72544e1f0f317c16cb18551759b575899188c0bfb1d048f9a4a69,63651f1b650ba00f6a69f98bd79b8b8708ada257
smallk,D8,barycenter_rmse,sqw2_booster,0.25684808010063914,0.003168417396432732,20,a871fd7b6ab72544e1f0f317c16cb18551759b575899188c0bfb1d048f9a4a69,63651f1b650ba00f6a69f98bd79b8b8708ada257
smallk,D8,barycenter_rmse,wdrft,0.40846765585933253,0.0025993269718799132,20,a871fd7b6ab72544e1f0f317c16cb18551759b575899188c0bfb1d048f9a4a69,63651f1b650ba00f6a69f98bd79b8b8708ada257
smallk,D8,barycenter_rmse,causal_drf,0.7036680391843402,0.011580296352722808,20,a871fd7b6ab72544e1f0f317c16cb18551759b575899188c0bfb1d048f9a4a69,63651f1b650ba00f6a69f98bd79b8b8708ada257
smallk,D8,barycenter_rmse,pta_s,0.2107011257757932,0.0024564517164807342,20,a871fd7b6ab72544e1f0f317c16cb18551759b575899188c0bfb1d048f9a4a69,63651f1b650ba00f6a69f98bd79b8b8708ada257
smallk,D8,barycenter_rmse,pta_f,0.3783816195499995,0.0031487906071136582,20,a871fd7b6ab72544e1f0f317c16cb18551759b575899188c0bfb1d048f9a4a69,63651f1b650ba00f6a69f98bd79b8b8708ada257
smallk,D9,mean_quantile_rmse,cwdb_v1,0.27827194406458755,0.008100059606872231,20,a871fd7b6ab72544e1f0f317c16cb18551759b575899188c0bfb1d048f9a4a69,63651f1b650ba00f6a69f98bd79b8b8708ada257
smallk,D9,mean_quantile_rmse,cwdb_v0,0.3636819523983795,0.0042582328732681295,20,a871fd7b6ab72544e1f0f317c16cb18551759b575899188c0bfb1d048f9a4a69,63651f1b650ba00f6a69f98bd79b8b8708ada257
smallk,D9,mean_quantile_rmse,sqw2_booster,0.21996236998332486,0.005741284911220504,20,a871fd7b6ab72544e1f0f317c16cb18551759b575899188c0bfb1d048f9a4a69,63651f1b650ba00f6a69f98bd79b8b8708ada257
smallk,D9,mean_quantile_rmse,wdrft,0.24060696753781713,0.007728145956020287,20,a871fd7b6ab72544e1f0f317c16cb18551759b575899188c0bfb1d048f9a4a69,63651f1b650ba00f6a69f98bd79b8b8708ada257
smallk,D9,mean_quantile_rmse,causal_drf,0.2929702624519522,0.006203234555612663,20,a871fd7b6ab72544e1f0f317c16cb18551759b575899188c0bfb1d048f9a4a69,63651f1b650ba00f6a69f98bd79b8b8708ada257
smallk,D9,mean_quantile_rmse,pta_s,0.20759314430811976,0.006213439869659246,20,a871fd7b6ab72544e1f0f317c16cb18551759b575899188c0bfb1d048f9a4a69,63651f1b650ba00f6a69f98bd79b8b8708ada257
smallk,D9,mean_quantile_rmse,pta_f,0.4300943748362803,0.0018415183090372245,20,a871fd7b6ab72544e1f0f317c16cb18551759b575899188c0bfb1d048f9a4a69,63651f1b650ba00f6a69f98bd79b8b8708ada257
smallk,D9,kernel_law_error,cwdb_v1,0.021964407320722492,0.0007191998556263118,20,a871fd7b6ab72544e1f0f317c16cb18551759b575899188c0bfb1d048f9a4a69,63651f1b650ba00f6a69f98bd79b8b8708ada257
smallk,D9,kernel_law_error,cwdb_v0,0.023283046088334848,0.0006692629735548812,20,a871fd7b6ab72544e1f0f317c16cb18551759b575899188c0bfb1d048f9a4a69,63651f1b650ba00f6a69f98bd79b8b8708ada257
smallk,D9,kernel_law_error,sqw2_booster,0.019111906299374166,0.0006520220276974774,20,a871fd7b6ab72544e1f0f317c16cb18551759b575899188c0bfb1d048f9a4a69,63651f1b650ba00f6a69f98bd79b8b8708ada257
smallk,D9,kernel_law_error,wdrft,0.01948355572179606,0.0005645293721994415,20,a871fd7b6ab72544e1f0f317c16cb18551759b575899188c0bfb1d048f9a4a69,63651f1b650ba00f6a69f98bd79b8b8708ada257
smallk,D9,kernel_law_error,causal_drf,0.029586859518822763,0.0007293095126533463,20,a871fd7b6ab72544e1f0f317c16cb18551759b575899188c0bfb1d048f9a4a69,63651f1b650ba00f6a69f98bd79b8b8708ada257
smallk,D9,arm_energy_risk,cwdb_v1,0.08010374974428122,0.001881634353906787,20,a871fd7b6ab72544e1f0f317c16cb18551759b575899188c0bfb1d048f9a4a69,63651f1b650ba00f6a69f98bd79b8b8708ada257
smallk,D9,arm_energy_risk,cwdb_v0,0.09486211852223152,0.001566003514623899,20,a871fd7b6ab72544e1f0f317c16cb18551759b575899188c0bfb1d048f9a4a69,63651f1b650ba00f6a69f98bd79b8b8708ada257
smallk,D9,arm_energy_risk,sqw2_booster,0.15621701390915774,0.0016745166452421096,20,a871fd7b6ab72544e1f0f317c16cb18551759b575899188c0bfb1d048f9a4a69,63651f1b650ba00f6a69f98bd79b8b8708ada257
smallk,D9,arm_energy_risk,wdrft,0.050817942390008045,0.0010371580344572988,20,a871fd7b6ab72544e1f0f317c16cb18551759b575899188c0bfb1d048f9a4a69,63651f1b650ba00f6a69f98bd79b8b8708ada257
smallk,D9,arm_energy_risk,causal_drf,0.07129871439367852,0.0012827441086314553,20,a871fd7b6ab72544e1f0f317c16cb18551759b575899188c0bfb1d048f9a4a69,63651f1b650ba00f6a69f98bd79b8b8708ada257
smallk,D9,tcate_functional_rmse,cwdb_v1,0.12459133151348616,0.005586474517679521,20,a871fd7b6ab72544e1f0f317c16cb18551759b575899188c0bfb1d048f9a4a69,63651f1b650ba00f6a69f98bd79b8b8708ada257
smallk,D9,tcate_functional_rmse,cwdb_v0,0.08290250175208583,0.004267893405094435,20,a871fd7b6ab72544e1f0f317c16cb18551759b575899188c0bfb1d048f9a4a69,63651f1b650ba00f6a69f98bd79b8b8708ada257
smallk,D9,tcate_functional_rmse,sqw2_booster,0.08962036675474563,0.004091975579472507,20,a871fd7b6ab72544e1f0f317c16cb18551759b575899188c0bfb1d048f9a4a69,63651f1b650ba00f6a69f98bd79b8b8708ada257
smallk,D9,tcate_functional_rmse,wdrft,0.11288204131210469,0.0051626689182665934,20,a871fd7b6ab72544e1f0f317c16cb18551759b575899188c0bfb1d048f9a4a69,63651f1b650ba00f6a69f98bd79b8b8708ada257
smallk,D9,tcate_functional_rmse,causal_drf,0.14061134631483269,0.0045568775372058275,20,a871fd7b6ab72544e1f0f317c16cb18551759b575899188c0bfb1d048f9a4a69,63651f1b650ba00f6a69f98bd79b8b8708ada257
smallk,D9,tcate_functional_rmse,pta_s,0.0832888818580608,0.004322324071176518,20,a871fd7b6ab72544e1f0f317c16cb18551759b575899188c0bfb1d048f9a4a69,63651f1b650ba00f6a69f98bd79b8b8708ada257
smallk,D9,tcate_functional_rmse,pta_f,0.2181156373590834,0.0026662337942461823,20,a871fd7b6ab72544e1f0f317c16cb18551759b575899188c0bfb1d048f9a4a69,63651f1b650ba00f6a69f98bd79b8b8708ada257
smallk,D9,reference_tcate_rmse,cwdb_v1,0.09811372251822299,0.007306646380613466,20,a871fd7b6ab72544e1f0f317c16cb18551759b575899188c0bfb1d048f9a4a69,63651f1b650ba00f6a69f98bd79b8b8708ada257
smallk,D9,reference_tcate_rmse,cwdb_v0,0.08794473172287372,0.005571368039352804,20,a871fd7b6ab72544e1f0f317c16cb18551759b575899188c0bfb1d048f9a4a69,63651f1b650ba00f6a69f98bd79b8b8708ada257
smallk,D9,reference_tcate_rmse,sqw2_booster,0.0899006026045154,0.0070616628573454635,20,a871fd7b6ab72544e1f0f317c16cb18551759b575899188c0bfb1d048f9a4a69,63651f1b650ba00f6a69f98bd79b8b8708ada257
smallk,D9,reference_tcate_rmse,wdrft,0.11270765777878045,0.006263649162979914,20,a871fd7b6ab72544e1f0f317c16cb18551759b575899188c0bfb1d048f9a4a69,63651f1b650ba00f6a69f98bd79b8b8708ada257
smallk,D9,reference_tcate_rmse,causal_drf,0.11635368861740167,0.0030687930119381655,20,a871fd7b6ab72544e1f0f317c16cb18551759b575899188c0bfb1d048f9a4a69,63651f1b650ba00f6a69f98bd79b8b8708ada257
smallk,D9,reference_tcate_rmse,pta_s,0.12214655196846298,0.005206103406596755,20,a871fd7b6ab72544e1f0f317c16cb18551759b575899188c0bfb1d048f9a4a69,63651f1b650ba00f6a69f98bd79b8b8708ada257
smallk,D9,reference_tcate_rmse,pta_f,0.15929160371556997,0.003512339119032556,20,a871fd7b6ab72544e1f0f317c16cb18551759b575899188c0bfb1d048f9a4a69,63651f1b650ba00f6a69f98bd79b8b8708ada257
smallk,D9,reference_effect_rmse,cwdb_v1,0.05061217009115605,0.0065745520570855255,20,a871fd7b6ab72544e1f0f317c16cb18551759b575899188c0bfb1d048f9a4a69,63651f1b650ba00f6a69f98bd79b8b8708ada257
smallk,D9,reference_effect_rmse,cwdb_v0,0.03908289267900803,0.006605101418121412,20,a871fd7b6ab72544e1f0f317c16cb18551759b575899188c0bfb1d048f9a4a69,63651f1b650ba00f6a69f98bd79b8b8708ada257
smallk,D9,reference_effect_rmse,sqw2_booster,0.036633620673443945,0.006834307923303492,20,a871fd7b6ab72544e1f0f317c16cb18551759b575899188c0bfb1d048f9a4a69,63651f1b650ba00f6a69f98bd79b8b8708ada257
smallk,D9,reference_effect_rmse,wdrft,0.03271781198398736,0.005500225447077554,20,a871fd7b6ab72544e1f0f317c16cb18551759b575899188c0bfb1d048f9a4a69,63651f1b650ba00f6a69f98bd79b8b8708ada257
smallk,D9,reference_effect_rmse,causal_drf,0.026048306956837342,0.004080962989112909,20,a871fd7b6ab72544e1f0f317c16cb18551759b575899188c0bfb1d048f9a4a69,63651f1b650ba00f6a69f98bd79b8b8708ada257
smallk,D9,reference_effect_rmse,pta_s,0.05495579991997122,0.008121109240919112,20,a871fd7b6ab72544e1f0f317c16cb18551759b575899188c0bfb1d048f9a4a69,63651f1b650ba00f6a69f98bd79b8b8708ada257
smallk,D9,reference_effect_rmse,pta_f,0.07601759559885182,0.006831680852344726,20,a871fd7b6ab72544e1f0f317c16cb18551759b575899188c0bfb1d048f9a4a69,63651f1b650ba00f6a69f98bd79b8b8708ada257
smallk,D9,tail_calibration,cwdb_v1,0.1379813662992076,0.0021519870569205405,20,a871fd7b6ab72544e1f0f317c16cb18551759b575899188c0bfb1d048f9a4a69,63651f1b650ba00f6a69f98bd79b8b8708ada257
smallk,D9,tail_calibration,cwdb_v0,0.14662510838849396,0.002056823375481315,20,a871fd7b6ab72544e1f0f317c16cb18551759b575899188c0bfb1d048f9a4a69,63651f1b650ba00f6a69f98bd79b8b8708ada257
smallk,D9,tail_calibration,sqw2_booster,0.1819324562295657,0.002177545091689387,20,a871fd7b6ab72544e1f0f317c16cb18551759b575899188c0bfb1d048f9a4a69,63651f1b650ba00f6a69f98bd79b8b8708ada257
smallk,D9,tail_calibration,wdrft,0.12351804991613706,0.0023476602987798525,20,a871fd7b6ab72544e1f0f317c16cb18551759b575899188c0bfb1d048f9a4a69,63651f1b650ba00f6a69f98bd79b8b8708ada257
smallk,D9,tail_calibration,causal_drf,0.16267063552622346,0.0028038888324689966,20,a871fd7b6ab72544e1f0f317c16cb18551759b575899188c0bfb1d048f9a4a69,63651f1b650ba00f6a69f98bd79b8b8708ada257
smallk,D9,mode_coverage,cwdb_v1,1.0,0.0,20,a871fd7b6ab72544e1f0f317c16cb18551759b575899188c0bfb1d048f9a4a69,63651f1b650ba00f6a69f98bd79b8b8708ada257
smallk,D9,mode_coverage,cwdb_v0,1.0,0.0,20,a871fd7b6ab72544e1f0f317c16cb18551759b575899188c0bfb1d048f9a4a69,63651f1b650ba00f6a69f98bd79b8b8708ada257
smallk,D9,mode_coverage,sqw2_booster,0.999875,0.00012499999999999735,20,a871fd7b6ab72544e1f0f317c16cb18551759b575899188c0bfb1d048f9a4a69,63651f1b650ba00f6a69f98bd79b8b8708ada257
smallk,D9,mode_coverage,wdrft,1.0,0.0,20,a871fd7b6ab72544e1f0f317c16cb18551759b575899188c0bfb1d048f9a4a69,63651f1b650ba00f6a69f98bd79b8b8708ada257
smallk,D9,mode_coverage,causal_drf,1.0,0.0,20,a871fd7b6ab72544e1f0f317c16cb18551759b575899188c0bfb1d048f9a4a69,63651f1b650ba00f6a69f98bd79b8b8708ada257
smallk,D9,barycenter_rmse,cwdb_v1,0.2677395746537706,0.0040184557535633105,20,a871fd7b6ab72544e1f0f317c16cb18551759b575899188c0bfb1d048f9a4a69,63651f1b650ba00f6a69f98bd79b8b8708ada257
smallk,D9,barycenter_rmse,cwdb_v0,0.2699920742306816,0.0029662964507959043,20,a871fd7b6ab72544e1f0f317c16cb18551759b575899188c0bfb1d048f9a4a69,63651f1b650ba00f6a69f98bd79b8b8708ada257
smallk,D9,barycenter_rmse,sqw2_booster,0.23110740846449151,0.002984265237690902,20,a871fd7b6ab72544e1f0f317c16cb18551759b575899188c0bfb1d048f9a4a69,63651f1b650ba00f6a69f98bd79b8b8708ada257
smallk,D9,barycenter_rmse,wdrft,0.25500745590485774,0.0032870605211009507,20,a871fd7b6ab72544e1f0f317c16cb18551759b575899188c0bfb1d048f9a4a69,63651f1b650ba00f6a69f98bd79b8b8708ada257
smallk,D9,barycenter_rmse,causal_drf,0.319452094782163,0.0038291593322579962,20,a871fd7b6ab72544e1f0f317c16cb18551759b575899188c0bfb1d048f9a4a69,63651f1b650ba00f6a69f98bd79b8b8708ada257
smallk,D9,barycenter_rmse,pta_s,0.19345901429372658,0.004231673878018343,20,a871fd7b6ab72544e1f0f317c16cb18551759b575899188c0bfb1d048f9a4a69,63651f1b650ba00f6a69f98bd79b8b8708ada257
smallk,D9,barycenter_rmse,pta_f,0.33311941379366566,0.002909377036328718,20,a871fd7b6ab72544e1f0f317c16cb18551759b575899188c0bfb1d048f9a4a69,63651f1b650ba00f6a69f98bd79b8b8708ada257
