paper_dgp,dgp,metric,target_id,detail,arm,method_left,method_right,rmse_difference,paired_mc_se,ci95_low,ci95_high,n_pairs
LS0,IC0,aipw_reference_tate_abs_error,REF-ATE-K,aipw reference contrast; marginal absolute error,,causal_drf,cwdb_dr,0.0021763659454349417,0.001533649203553317,-0.0008295864935295594,0.005182318384399443,50
LS0,IC0,aipw_reference_tate_abs_error,REF-ATE-K,aipw reference contrast; marginal absolute error,,causal_drf,drf,-0.0001485407844142861,0.00039061413939404466,-0.0009141444976266136,0.0006170629287980414,50
LS0,IC0,aipw_reference_tate_abs_error,REF-ATE-K,aipw reference contrast; marginal absolute error,,cwdb_dr,drf,-0.0023249067298492278,0.0016902875783513316,-0.005637870383417837,0.000988056923719382,50
LS0,IC0,aipw_reference_tcate_rmse,REF-TCATE-K,"aipw reference contrast; RMSE over four strata of X1 with edges (-0.5, 0.0, 0.5)",,causal_drf,cwdb_dr,0.013733210901535196,0.002311510382378798,0.009202650552072752,0.01826377125099764,50
LS0,IC0,aipw_reference_tcate_rmse,REF-TCATE-K,"aipw reference contrast; RMSE over four strata of X1 with edges (-0.5, 0.0, 0.5)",,causal_drf,drf,-0.006945467375638115,0.0007952257644974582,-0.008504109874053133,-0.005386824877223096,50
LS0,IC0,aipw_reference_tcate_rmse,REF-TCATE-K,"aipw reference contrast; RMSE over four strata of X1 with edges (-0.5, 0.0, 0.5)",,cwdb_dr,drf,-0.02067867827717331,0.0027795830466477017,-0.026126661048602805,-0.015230695505743816,50
LS0,IC0,aipw_tate_abs_error,TATE-K-grid_mean,aipw functional contrast; marginal absolute error,,causal_drf,cwdb_dr,0.0027753189399486802,0.0017542548210712243,-0.0006630205093509194,0.00621365838924828,50
LS0,IC0,aipw_tate_abs_error,TATE-K-grid_mean,aipw functional contrast; marginal absolute error,,causal_drf,drf,-0.00025425092327501647,0.0004433374141316439,-0.0011231922549730384,0.0006146904084230055,50
LS0,IC0,aipw_tate_abs_error,TATE-K-grid_mean,aipw functional contrast; marginal absolute error,,cwdb_dr,drf,-0.0030295698632236967,0.0018956543332644548,-0.006745052356422028,0.0006859126299746344,50
LS0,IC0,aipw_tate_abs_error,TATE-K-grid_sd,aipw functional contrast; marginal absolute error,,causal_drf,cwdb_dr,-0.00021629664412417537,0.0010058837818019363,-0.0021878288564559705,0.0017552355682076198,50
LS0,IC0,aipw_tate_abs_error,TATE-K-grid_sd,aipw functional contrast; marginal absolute error,,causal_drf,drf,-5.215949880572196e-05,6.01035391250851e-05,-0.00016996243549088875,6.564343787944483e-05,50
LS0,IC0,aipw_tate_abs_error,TATE-K-grid_sd,aipw functional contrast; marginal absolute error,,cwdb_dr,drf,0.00016413714531845341,0.001024313620437007,-0.00184351755073808,0.0021717918413749868,50
LS0,IC0,aipw_tate_abs_error,TATE-K-grid_skewness,aipw functional contrast; marginal absolute error,,causal_drf,cwdb_dr,0.00019807668401943933,0.0006517388834624033,-0.001079331527566871,0.0014754848956057497,50
LS0,IC0,aipw_tate_abs_error,TATE-K-grid_skewness,aipw functional contrast; marginal absolute error,,causal_drf,drf,-0.00023341024858770498,0.00017175610224013052,-0.0005700522089783608,0.00010323171180295085,50
LS0,IC0,aipw_tate_abs_error,TATE-K-grid_skewness,aipw functional contrast; marginal absolute error,,cwdb_dr,drf,-0.0004314869326071443,0.0007341547722158107,-0.0018704302861501333,0.0010074564209358447,50
LS0,IC0,aipw_tate_abs_error,TATE-K-grid_upper_tail_mean,aipw functional contrast; marginal absolute error,,causal_drf,cwdb_dr,0.001837332331599724,0.0016768622618149986,-0.0014493177015576734,0.005123982364757121,50
LS0,IC0,aipw_tate_abs_error,TATE-K-grid_upper_tail_mean,aipw functional contrast; marginal absolute error,,causal_drf,drf,-0.0004424430226150425,0.0004208716455213686,-0.001267351447836925,0.0003824654026068399,50
LS0,IC0,aipw_tate_abs_error,TATE-K-grid_upper_tail_mean,aipw functional contrast; marginal absolute error,,cwdb_dr,drf,-0.0022797753542147664,0.001771894679760671,-0.005752688926545681,0.0011931382181161487,50
LS0,IC0,aipw_tcate_rmse,TCATE-K-grid_mean,"aipw functional contrast; RMSE over four strata of X1 with edges (-0.5, 0.0, 0.5)",,causal_drf,cwdb_dr,0.018276938064401074,0.0028637169924569236,0.012664052759185505,0.023889823369616644,50
LS0,IC0,aipw_tcate_rmse,TCATE-K-grid_mean,"aipw functional contrast; RMSE over four strata of X1 with edges (-0.5, 0.0, 0.5)",,causal_drf,drf,-0.00830259626610668,0.0009167880612770381,-0.010099500866209676,-0.006505691666003686,50
LS0,IC0,aipw_tcate_rmse,TCATE-K-grid_mean,"aipw functional contrast; RMSE over four strata of X1 with edges (-0.5, 0.0, 0.5)",,cwdb_dr,drf,-0.026579534330507755,0.00333161956492988,-0.03310950867777032,-0.02004955998324519,50
LS0,IC0,aipw_tcate_rmse,TCATE-K-grid_sd,"aipw functional contrast; RMSE over four strata of X1 with edges (-0.5, 0.0, 0.5)",,causal_drf,cwdb_dr,-0.000658704355318715,0.0009454252285495513,-0.0025117378032758356,0.0011943290926384057,50
LS0,IC0,aipw_tcate_rmse,TCATE-K-grid_sd,"aipw functional contrast; RMSE over four strata of X1 with edges (-0.5, 0.0, 0.5)",,causal_drf,drf,-0.0002583981694114987,9.26980320168209e-05,-0.0004400863121644677,-7.67100266585297e-05,50
LS0,IC0,aipw_tcate_rmse,TCATE-K-grid_sd,"aipw functional contrast; RMSE over four strata of X1 with edges (-0.5, 0.0, 0.5)",,cwdb_dr,drf,0.0004003061859072163,0.000985137178615903,-0.0015305626841799534,0.0023311750559943858,50
LS0,IC0,aipw_tcate_rmse,TCATE-K-grid_skewness,"aipw functional contrast; RMSE over four strata of X1 with edges (-0.5, 0.0, 0.5)",,causal_drf,cwdb_dr,0.007291698006501663,0.0010830873381814969,0.005168846823665929,0.009414549189337398,50
LS0,IC0,aipw_tcate_rmse,TCATE-K-grid_skewness,"aipw functional contrast; RMSE over four strata of X1 with edges (-0.5, 0.0, 0.5)",,causal_drf,drf,-0.0029892856354112284,0.0002827810920276147,-0.0035435365757853533,-0.0024350346950371034,50
LS0,IC0,aipw_tcate_rmse,TCATE-K-grid_skewness,"aipw functional contrast; RMSE over four strata of X1 with edges (-0.5, 0.0, 0.5)",,cwdb_dr,drf,-0.010280983641912891,0.001162371364735084,-0.012559231516793657,-0.008002735767032126,50
LS0,IC0,aipw_tcate_rmse,TCATE-K-grid_upper_tail_mean,"aipw functional contrast; RMSE over four strata of X1 with edges (-0.5, 0.0, 0.5)",,causal_drf,cwdb_dr,0.017556439060200296,0.002890344225118552,0.011891364378967935,0.023221513741432658,50
LS0,IC0,aipw_tcate_rmse,TCATE-K-grid_upper_tail_mean,"aipw functional contrast; RMSE over four strata of X1 with edges (-0.5, 0.0, 0.5)",,causal_drf,drf,-0.007924441267539342,0.0008933781997241957,-0.009675462538998765,-0.0061734199960799185,50
LS0,IC0,aipw_tcate_rmse,TCATE-K-grid_upper_tail_mean,"aipw functional contrast; RMSE over four strata of X1 with edges (-0.5, 0.0, 0.5)",,cwdb_dr,drf,-0.02548088032773964,0.0033243457276441834,-0.031996597953922234,-0.01896516270155704,50
LS0,IC0,barycenter_rmse,MEANQ-A-K,,0.0,causal_drf,cwdb_dr,0.1205453241188546,0.0020071833688988868,0.11661124471581279,0.12447940352189642,50
LS0,IC0,barycenter_rmse,MEANQ-A-K,,0.0,causal_drf,drf,-0.04954617994717431,0.0011072330585109244,-0.05171635674185572,-0.04737600315249289,50
LS0,IC0,barycenter_rmse,MEANQ-A-K,,0.0,cwdb_dr,drf,-0.1700915040660289,0.0020583604486411407,-0.17412589054536554,-0.16605711758669228,50
LS0,IC0,barycenter_rmse,MEANQ-A-K,,1.0,causal_drf,cwdb_dr,0.11932591148818175,0.0018683313608516294,0.11566398202091256,0.12298784095545094,50
LS0,IC0,barycenter_rmse,MEANQ-A-K,,1.0,causal_drf,drf,-0.04844696257682146,0.001159665781593763,-0.050719907508745235,-0.04617401764489769,50
LS0,IC0,barycenter_rmse,MEANQ-A-K,,1.0,cwdb_dr,drf,-0.1677728740650032,0.0020498304522230688,-0.17179054175136044,-0.163755206378646,50
LS0,IC0,mean_quantile_rmse,MEANQ-A-K,"arm contrast, the mandatory common target",,causal_drf,cwdb_dr,0.15276279303942883,0.006736557795099945,0.13955913976103293,0.16596644631782473,50
LS0,IC0,mean_quantile_rmse,MEANQ-A-K,"arm contrast, the mandatory common target",,causal_drf,drf,0.001215383193607894,0.001615708277336463,-0.0019514050299715736,0.004382171417187362,50
LS0,IC0,mean_quantile_rmse,MEANQ-A-K,"arm contrast, the mandatory common target",,cwdb_dr,drf,-0.15154740984582094,0.006653486791180499,-0.1645882439565347,-0.13850657573510716,50
LS0,IC0,plugin_reference_tate_abs_error,REF-ATE-K,plugin reference contrast; marginal absolute error,,causal_drf,cwdb_dr,0.1521790924925173,0.0030952177936294546,0.14611246561700356,0.15824571936803103,50
LS0,IC0,plugin_reference_tate_abs_error,REF-ATE-K,plugin reference contrast; marginal absolute error,,causal_drf,drf,0.006146303039245932,0.0013364265795345251,0.0035269069433582624,0.0087656991351336,50
LS0,IC0,plugin_reference_tate_abs_error,REF-ATE-K,plugin reference contrast; marginal absolute error,,cwdb_dr,drf,-0.14603278945327136,0.002828674064780096,-0.15157699062024035,-0.14048858828630237,50
LS0,IC0,plugin_reference_tcate_rmse,REF-TCATE-K,"plugin reference contrast; RMSE over four strata of X1 with edges (-0.5, 0.0, 0.5)",,causal_drf,cwdb_dr,0.1510100734190022,0.0031767654055786716,0.144783613224068,0.15723653361393639,50
LS0,IC0,plugin_reference_tcate_rmse,REF-TCATE-K,"plugin reference contrast; RMSE over four strata of X1 with edges (-0.5, 0.0, 0.5)",,causal_drf,drf,0.006172774666690806,0.0013354277669832965,0.003555336243403545,0.008790213089978067,50
LS0,IC0,plugin_reference_tcate_rmse,REF-TCATE-K,"plugin reference contrast; RMSE over four strata of X1 with edges (-0.5, 0.0, 0.5)",,cwdb_dr,drf,-0.14483729875231138,0.0029050670950336514,-0.15053123025857734,-0.13914336724604542,50
LS0,IC0,plugin_tate_abs_error,TATE-K-grid_mean,plugin functional contrast; marginal absolute error,,causal_drf,cwdb_dr,0.17868162289394787,0.0035176366035114958,0.17178705515106535,0.1855761906368304,50
LS0,IC0,plugin_tate_abs_error,TATE-K-grid_mean,plugin functional contrast; marginal absolute error,,causal_drf,drf,0.007094332590445368,0.0015643881692143263,0.004028131778785289,0.010160533402105447,50
LS0,IC0,plugin_tate_abs_error,TATE-K-grid_mean,plugin functional contrast; marginal absolute error,,cwdb_dr,drf,-0.1715872903035025,0.0030592944996696288,-0.17758350752285498,-0.16559107308415003,50
LS0,IC0,plugin_tate_abs_error,TATE-K-grid_sd,plugin functional contrast; marginal absolute error,,causal_drf,cwdb_dr,0.008100758640025699,0.0014174694691382616,0.005322518480514706,0.010878998799536691,50
LS0,IC0,plugin_tate_abs_error,TATE-K-grid_sd,plugin functional contrast; marginal absolute error,,causal_drf,drf,0.0009282417797722986,0.00025240337288407556,0.00043353116891951056,0.0014229523906250866,50
LS0,IC0,plugin_tate_abs_error,TATE-K-grid_sd,plugin functional contrast; marginal absolute error,,cwdb_dr,drf,-0.0071725168602534,0.001360876143289193,-0.009839834101100219,-0.004505199619406581,50
LS0,IC0,plugin_tate_abs_error,TATE-K-grid_skewness,plugin functional contrast; marginal absolute error,,causal_drf,cwdb_dr,0.06603411582276468,0.001010743504783014,0.06405305855338997,0.06801517309213939,50
LS0,IC0,plugin_tate_abs_error,TATE-K-grid_skewness,plugin functional contrast; marginal absolute error,,causal_drf,drf,0.005704318088076407,0.0008671143633349,0.004004773935940003,0.007403862240212811,50
LS0,IC0,plugin_tate_abs_error,TATE-K-grid_skewness,plugin functional contrast; marginal absolute error,,cwdb_dr,drf,-0.06032979773468827,0.0009859513087376874,-0.06226226229981414,-0.05839733316956241,50
LS0,IC0,plugin_tate_abs_error,TATE-K-grid_upper_tail_mean,plugin functional contrast; marginal absolute error,,causal_drf,cwdb_dr,0.17781617296371738,0.003693072750781912,0.17057775037218484,0.18505459555524992,50
LS0,IC0,plugin_tate_abs_error,TATE-K-grid_upper_tail_mean,plugin functional contrast; marginal absolute error,,causal_drf,drf,0.0069663264671588065,0.00160846350886388,0.0038137379897856018,0.010118914944532011,50
LS0,IC0,plugin_tate_abs_error,TATE-K-grid_upper_tail_mean,plugin functional contrast; marginal absolute error,,cwdb_dr,drf,-0.17084984649655857,0.003217034602028219,-0.17715523431653388,-0.16454445867658327,50
LS0,IC0,plugin_tcate_rmse,TCATE-K-grid_mean,"plugin functional contrast; RMSE over four strata of X1 with edges (-0.5, 0.0, 0.5)",,causal_drf,cwdb_dr,0.1776348976641161,0.0035819568033554332,0.17061426232953947,0.18465553299869275,50
LS0,IC0,plugin_tcate_rmse,TCATE-K-grid_mean,"plugin functional contrast; RMSE over four strata of X1 with edges (-0.5, 0.0, 0.5)",,causal_drf,drf,0.007115918178719816,0.0015626336969767668,0.004053156132645353,0.01017868022479428,50
LS0,IC0,plugin_tcate_rmse,TCATE-K-grid_mean,"plugin functional contrast; RMSE over four strata of X1 with edges (-0.5, 0.0, 0.5)",,cwdb_dr,drf,-0.1705189794853963,0.0031199803984745186,-0.17663414106640635,-0.16440381790438624,50
LS0,IC0,plugin_tcate_rmse,TCATE-K-grid_sd,"plugin functional contrast; RMSE over four strata of X1 with edges (-0.5, 0.0, 0.5)",,causal_drf,cwdb_dr,0.006762614905124798,0.0014383550799865626,0.003943438948351136,0.00958179086189846,50
LS0,IC0,plugin_tcate_rmse,TCATE-K-grid_sd,"plugin functional contrast; RMSE over four strata of X1 with edges (-0.5, 0.0, 0.5)",,causal_drf,drf,0.0010824607424307457,0.0002546384304413955,0.0005833694187656105,0.001581552066095881,50
LS0,IC0,plugin_tcate_rmse,TCATE-K-grid_sd,"plugin functional contrast; RMSE over four strata of X1 with edges (-0.5, 0.0, 0.5)",,cwdb_dr,drf,-0.005680154162694052,0.0013978207228790736,-0.008419882779537036,-0.0029404255458510683,50
LS0,IC0,plugin_tcate_rmse,TCATE-K-grid_skewness,"plugin functional contrast; RMSE over four strata of X1 with edges (-0.5, 0.0, 0.5)",,causal_drf,cwdb_dr,0.06558881117113982,0.001017874319331932,0.06359377750524924,0.06758384483703041,50
LS0,IC0,plugin_tcate_rmse,TCATE-K-grid_skewness,"plugin functional contrast; RMSE over four strata of X1 with edges (-0.5, 0.0, 0.5)",,causal_drf,drf,0.005696469930151549,0.000867553894958205,0.003996064296033467,0.00739687556426963,50
LS0,IC0,plugin_tcate_rmse,TCATE-K-grid_skewness,"plugin functional contrast; RMSE over four strata of X1 with edges (-0.5, 0.0, 0.5)",,cwdb_dr,drf,-0.05989234124098827,0.0009953396106580391,-0.06184320687787803,-0.057941475604098513,50
LS0,IC0,plugin_tcate_rmse,TCATE-K-grid_upper_tail_mean,"plugin functional contrast; RMSE over four strata of X1 with edges (-0.5, 0.0, 0.5)",,causal_drf,cwdb_dr,0.17657563388180295,0.0037106483172929723,0.16930276317990872,0.18384850458369717,50
LS0,IC0,plugin_tcate_rmse,TCATE-K-grid_upper_tail_mean,"plugin functional contrast; RMSE over four strata of X1 with edges (-0.5, 0.0, 0.5)",,causal_drf,drf,0.006997543102482545,0.0016060595694016324,0.003849666346455346,0.010145419858509745,50
LS0,IC0,plugin_tcate_rmse,TCATE-K-grid_upper_tail_mean,"plugin functional contrast; RMSE over four strata of X1 with edges (-0.5, 0.0, 0.5)",,cwdb_dr,drf,-0.1695780907793204,0.0032514822736812803,-0.17595099603573572,-0.16320518552290508,50
LS1,IC1,aipw_reference_tate_abs_error,REF-ATE-K,aipw reference contrast; marginal absolute error,,causal_drf,cwdb_dr,0.00017723903282746908,0.0012735475906923007,-0.0023189142449294405,0.0026733923105843787,50
LS1,IC1,aipw_reference_tate_abs_error,REF-ATE-K,aipw reference contrast; marginal absolute error,,causal_drf,drf,-0.0007837281713483427,0.00046329019507647666,-0.001691776953698237,0.00012432061100155157,50
LS1,IC1,aipw_reference_tate_abs_error,REF-ATE-K,aipw reference contrast; marginal absolute error,,cwdb_dr,drf,-0.0009609672041758117,0.0014938895476849842,-0.0038889907176383807,0.0019670563092867572,50
LS1,IC1,aipw_reference_tcate_rmse,REF-TCATE-K,"aipw reference contrast; RMSE over four strata of X4 with edges (-0.5, 0.0, 0.5)",,causal_drf,cwdb_dr,0.013802800945720322,0.002227314085592417,0.009437265337959185,0.01816833655348146,50
LS1,IC1,aipw_reference_tcate_rmse,REF-TCATE-K,"aipw reference contrast; RMSE over four strata of X4 with edges (-0.5, 0.0, 0.5)",,causal_drf,drf,-0.004979263974758799,0.0005954590981927115,-0.006146363807216513,-0.003812164142301085,50
LS1,IC1,aipw_reference_tcate_rmse,REF-TCATE-K,"aipw reference contrast; RMSE over four strata of X4 with edges (-0.5, 0.0, 0.5)",,cwdb_dr,drf,-0.01878206492047912,0.002638750218665545,-0.02395401534906359,-0.013610114491894653,50
LS1,IC1,aipw_tate_abs_error,TATE-K-grid_mean,aipw functional contrast; marginal absolute error,,causal_drf,cwdb_dr,-4.6984413323843816e-05,0.0013887478331156456,-0.002768930166230509,0.0026749613395828215,50
LS1,IC1,aipw_tate_abs_error,TATE-K-grid_mean,aipw functional contrast; marginal absolute error,,causal_drf,drf,-0.0009256333317387427,0.00043132316429595846,-0.0017710267337588213,-8.023992971866421e-05,50
LS1,IC1,aipw_tate_abs_error,TATE-K-grid_mean,aipw functional contrast; marginal absolute error,,cwdb_dr,drf,-0.0008786489184148989,0.0015425618929418854,-0.003902070228580994,0.0021447723917511962,50
LS1,IC1,aipw_tate_abs_error,TATE-K-grid_sd,aipw functional contrast; marginal absolute error,,causal_drf,cwdb_dr,-0.0015668300497429996,0.0009976416280963675,-0.00352220764081188,0.00038854754132588076,50
LS1,IC1,aipw_tate_abs_error,TATE-K-grid_sd,aipw functional contrast; marginal absolute error,,causal_drf,drf,-4.994572177827172e-05,6.669948716606544e-05,-0.00018067671662375998,8.078527306721654e-05,50
LS1,IC1,aipw_tate_abs_error,TATE-K-grid_sd,aipw functional contrast; marginal absolute error,,cwdb_dr,drf,0.0015168843279647279,0.001006485739505139,-0.0004558277214653447,0.0034895963773948005,50
LS1,IC1,aipw_tate_abs_error,TATE-K-grid_skewness,aipw functional contrast; marginal absolute error,,causal_drf,cwdb_dr,-0.001388796780141476,0.0006249637356831137,-0.002613725702080379,-0.0001638678582025733,50
LS1,IC1,aipw_tate_abs_error,TATE-K-grid_skewness,aipw functional contrast; marginal absolute error,,causal_drf,drf,-0.00012662454149754004,0.00016606416199477285,-0.0004521102990072948,0.00019886121601221473,50
LS1,IC1,aipw_tate_abs_error,TATE-K-grid_skewness,aipw functional contrast; marginal absolute error,,cwdb_dr,drf,0.001262172238643936,0.0006812624273577696,-7.310211897729245e-05,0.0025974465962651646,50
LS1,IC1,aipw_tate_abs_error,TATE-K-grid_upper_tail_mean,aipw functional contrast; marginal absolute error,,causal_drf,cwdb_dr,-0.001220116086097716,0.0016026040242713175,-0.004361219973669499,0.0019209878014740662,50
LS1,IC1,aipw_tate_abs_error,TATE-K-grid_upper_tail_mean,aipw functional contrast; marginal absolute error,,causal_drf,drf,-0.0010836226612987825,0.00036132411612726465,-0.0017918179289082212,-0.0003754273936893437,50
LS1,IC1,aipw_tate_abs_error,TATE-K-grid_upper_tail_mean,aipw functional contrast; marginal absolute error,,cwdb_dr,drf,0.00013649342479893356,0.001690535719943876,-0.0031769565862910633,0.0034499434358889304,50
LS1,IC1,aipw_tcate_rmse,TCATE-K-grid_mean,"aipw functional contrast; RMSE over four strata of X4 with edges (-0.5, 0.0, 0.5)",,causal_drf,cwdb_dr,0.018204678763806305,0.002849362655109227,0.012619927959792221,0.02378942956782039,50
LS1,IC1,aipw_tcate_rmse,TCATE-K-grid_mean,"aipw functional contrast; RMSE over four strata of X4 with edges (-0.5, 0.0, 0.5)",,causal_drf,drf,-0.006085844422119076,0.0008509931810262723,-0.007753791056930569,-0.0044178977873075825,50
LS1,IC1,aipw_tcate_rmse,TCATE-K-grid_mean,"aipw functional contrast; RMSE over four strata of X4 with edges (-0.5, 0.0, 0.5)",,cwdb_dr,drf,-0.02429052318592538,0.003454045122931789,-0.031060451626871686,-0.017520594744979075,50
LS1,IC1,aipw_tcate_rmse,TCATE-K-grid_sd,"aipw functional contrast; RMSE over four strata of X4 with edges (-0.5, 0.0, 0.5)",,causal_drf,cwdb_dr,-0.0015996978219114562,0.0009823656110634234,-0.003525134419595766,0.0003257387757728536,50
LS1,IC1,aipw_tcate_rmse,TCATE-K-grid_sd,"aipw functional contrast; RMSE over four strata of X4 with edges (-0.5, 0.0, 0.5)",,causal_drf,drf,-0.000520370146074832,0.00011462775850798751,-0.0007450405527504875,-0.0002956997393991764,50
LS1,IC1,aipw_tcate_rmse,TCATE-K-grid_sd,"aipw functional contrast; RMSE over four strata of X4 with edges (-0.5, 0.0, 0.5)",,cwdb_dr,drf,0.0010793276758366242,0.001038118755758889,-0.0009553850854507983,0.003114040437124047,50
LS1,IC1,aipw_tcate_rmse,TCATE-K-grid_skewness,"aipw functional contrast; RMSE over four strata of X4 with edges (-0.5, 0.0, 0.5)",,causal_drf,cwdb_dr,0.0018470741055139437,0.0009714252219371759,-5.691932948292109e-05,0.0037510675405108083,50
LS1,IC1,aipw_tcate_rmse,TCATE-K-grid_skewness,"aipw functional contrast; RMSE over four strata of X4 with edges (-0.5, 0.0, 0.5)",,causal_drf,drf,-0.0015145484582468824,0.0002774271239970408,-0.0020583056212810824,-0.0009707912952126825,50
LS1,IC1,aipw_tcate_rmse,TCATE-K-grid_skewness,"aipw functional contrast; RMSE over four strata of X4 with edges (-0.5, 0.0, 0.5)",,cwdb_dr,drf,-0.003361622563760826,0.0011264466431525613,-0.005569457984339846,-0.0011537871431818061,50
LS1,IC1,aipw_tcate_rmse,TCATE-K-grid_upper_tail_mean,"aipw functional contrast; RMSE over four strata of X4 with edges (-0.5, 0.0, 0.5)",,causal_drf,cwdb_dr,0.016219362356919835,0.0026563999000735433,0.01101281855277569,0.02142590616106398,50
LS1,IC1,aipw_tcate_rmse,TCATE-K-grid_upper_tail_mean,"aipw functional contrast; RMSE over four strata of X4 with edges (-0.5, 0.0, 0.5)",,causal_drf,drf,-0.006052301544124436,0.0009077220011950885,-0.00783143666646681,-0.0042731664217820625,50
LS1,IC1,aipw_tcate_rmse,TCATE-K-grid_upper_tail_mean,"aipw functional contrast; RMSE over four strata of X4 with edges (-0.5, 0.0, 0.5)",,cwdb_dr,drf,-0.02227166390104427,0.0032653997795085415,-0.02867184746888101,-0.01587148033320753,50
LS1,IC1,barycenter_rmse,MEANQ-A-K,,0.0,causal_drf,cwdb_dr,0.11137367771776394,0.001930964733174225,0.10758898684074246,0.11515836859478541,50
LS1,IC1,barycenter_rmse,MEANQ-A-K,,0.0,causal_drf,drf,-0.04316782188936241,0.0011883673228667419,-0.045497021842181226,-0.0408386219365436,50
LS1,IC1,barycenter_rmse,MEANQ-A-K,,0.0,cwdb_dr,drf,-0.15454149960712635,0.0019162144469388033,-0.1582972799231264,-0.1507857192911263,50
LS1,IC1,barycenter_rmse,MEANQ-A-K,,1.0,causal_drf,cwdb_dr,0.09589953022971479,0.0017283876336354547,0.09251189046778929,0.09928716999164028,50
LS1,IC1,barycenter_rmse,MEANQ-A-K,,1.0,causal_drf,drf,-0.039442161253521985,0.0011048879165881076,-0.041607741570034676,-0.03727658093700929,50
LS1,IC1,barycenter_rmse,MEANQ-A-K,,1.0,cwdb_dr,drf,-0.13534169148323677,0.0015534255243947778,-0.13838640551105053,-0.13229697745542301,50
LS1,IC1,mean_quantile_rmse,MEANQ-A-K,"arm contrast, the mandatory common target",,causal_drf,cwdb_dr,0.07881495685577022,0.0052781005216570205,0.06846987983332246,0.08916003387821798,50
LS1,IC1,mean_quantile_rmse,MEANQ-A-K,"arm contrast, the mandatory common target",,causal_drf,drf,-0.011339140603127656,0.0018925961625641113,-0.015048629081753315,-0.007629652124501998,50
LS1,IC1,mean_quantile_rmse,MEANQ-A-K,"arm contrast, the mandatory common target",,cwdb_dr,drf,-0.09015409745889788,0.004533358777386297,-0.09903948066257502,-0.08126871425522074,50
LS1,IC1,plugin_reference_tate_abs_error,REF-ATE-K,plugin reference contrast; marginal absolute error,,causal_drf,cwdb_dr,0.09314958362647463,0.0028744966871330174,0.08751557011969392,0.09878359713325534,50
LS1,IC1,plugin_reference_tate_abs_error,REF-ATE-K,plugin reference contrast; marginal absolute error,,causal_drf,drf,-0.005789408222674319,0.0015132875663460294,-0.008755451852712537,-0.0028233645926361017,50
LS1,IC1,plugin_reference_tate_abs_error,REF-ATE-K,plugin reference contrast; marginal absolute error,,cwdb_dr,drf,-0.09893899184914895,0.0021393260453940904,-0.10313207089812136,-0.09474591280017654,50
LS1,IC1,plugin_reference_tcate_rmse,REF-TCATE-K,"plugin reference contrast; RMSE over four strata of X4 with edges (-0.5, 0.0, 0.5)",,causal_drf,cwdb_dr,0.0878347523309578,0.0033979690502199643,0.08117473299252667,0.09449477166938894,50
LS1,IC1,plugin_reference_tcate_rmse,REF-TCATE-K,"plugin reference contrast; RMSE over four strata of X4 with edges (-0.5, 0.0, 0.5)",,causal_drf,drf,-0.003959782587668381,0.0015221671360678946,-0.006943230174361454,-0.000976335000975308,50
LS1,IC1,plugin_reference_tcate_rmse,REF-TCATE-K,"plugin reference contrast; RMSE over four strata of X4 with edges (-0.5, 0.0, 0.5)",,cwdb_dr,drf,-0.09179453491862619,0.0028318820608707633,-0.09734502375793289,-0.08624404607931949,50
LS1,IC1,plugin_tate_abs_error,TATE-K-grid_mean,plugin functional contrast; marginal absolute error,,causal_drf,cwdb_dr,0.11343973437446417,0.003342338941018676,0.10688875005006757,0.11999071869886077,50
LS1,IC1,plugin_tate_abs_error,TATE-K-grid_mean,plugin functional contrast; marginal absolute error,,causal_drf,drf,-0.007824570531958758,0.0018300527179573212,-0.011411473859155107,-0.004237667204762409,50
LS1,IC1,plugin_tate_abs_error,TATE-K-grid_mean,plugin functional contrast; marginal absolute error,,cwdb_dr,drf,-0.12126430490642293,0.002520222061624487,-0.12620394014720693,-0.11632466966563892,50
LS1,IC1,plugin_tate_abs_error,TATE-K-grid_sd,plugin functional contrast; marginal absolute error,,causal_drf,cwdb_dr,0.005575701982997708,0.0015334052674259196,0.002570227658842906,0.008581176307152511,50
LS1,IC1,plugin_tate_abs_error,TATE-K-grid_sd,plugin functional contrast; marginal absolute error,,causal_drf,drf,0.0003953679721068262,0.00024340731211429384,-8.171035963718969e-05,0.0008724463038508421,50
LS1,IC1,plugin_tate_abs_error,TATE-K-grid_sd,plugin functional contrast; marginal absolute error,,cwdb_dr,drf,-0.005180334010890882,0.0014341792530747056,-0.007991325346917304,-0.002369342674864459,50
LS1,IC1,plugin_tate_abs_error,TATE-K-grid_skewness,plugin functional contrast; marginal absolute error,,causal_drf,cwdb_dr,0.011915180355230315,0.003057215691596531,0.005923037599701114,0.017907323110759515,50
LS1,IC1,plugin_tate_abs_error,TATE-K-grid_skewness,plugin functional contrast; marginal absolute error,,causal_drf,drf,-0.002081548184290169,0.0008076370129326878,-0.003664516729638237,-0.0004985796389421009,50
LS1,IC1,plugin_tate_abs_error,TATE-K-grid_skewness,plugin functional contrast; marginal absolute error,,cwdb_dr,drf,-0.013996728539520484,0.0029008200115694946,-0.019682335762196693,-0.008311121316844274,50
LS1,IC1,plugin_tate_abs_error,TATE-K-grid_upper_tail_mean,plugin functional contrast; marginal absolute error,,causal_drf,cwdb_dr,0.10937846758052323,0.0035100031339613427,0.102498861437959,0.11625807372308747,50
LS1,IC1,plugin_tate_abs_error,TATE-K-grid_upper_tail_mean,plugin functional contrast; marginal absolute error,,causal_drf,drf,-0.008405289436506536,0.0018290958818039799,-0.011990317364842335,-0.004820261508170736,50
LS1,IC1,plugin_tate_abs_error,TATE-K-grid_upper_tail_mean,plugin functional contrast; marginal absolute error,,cwdb_dr,drf,-0.11778375701702977,0.0028940541735187277,-0.12345610319712648,-0.11211141083693306,50
LS1,IC1,plugin_tcate_rmse,TCATE-K-grid_mean,"plugin functional contrast; RMSE over four strata of X4 with edges (-0.5, 0.0, 0.5)",,causal_drf,cwdb_dr,0.10649810400048469,0.003896415260847632,0.09886113008922333,0.11413507791174606,50
LS1,IC1,plugin_tcate_rmse,TCATE-K-grid_mean,"plugin functional contrast; RMSE over four strata of X4 with edges (-0.5, 0.0, 0.5)",,causal_drf,drf,-0.005895584534426429,0.0018090847448748633,-0.009441390634381161,-0.002349778434471697,50
LS1,IC1,plugin_tcate_rmse,TCATE-K-grid_mean,"plugin functional contrast; RMSE over four strata of X4 with edges (-0.5, 0.0, 0.5)",,cwdb_dr,drf,-0.11239368853491112,0.003202389725614296,-0.11867037239711514,-0.1061170046727071,50
LS1,IC1,plugin_tcate_rmse,TCATE-K-grid_sd,"plugin functional contrast; RMSE over four strata of X4 with edges (-0.5, 0.0, 0.5)",,causal_drf,cwdb_dr,0.00223428437721742,0.0013491785917092325,-0.00041010566253267544,0.004878674416967516,50
LS1,IC1,plugin_tcate_rmse,TCATE-K-grid_sd,"plugin functional contrast; RMSE over four strata of X4 with edges (-0.5, 0.0, 0.5)",,causal_drf,drf,0.0011731510115402174,0.000248286695600523,0.0006865090881631923,0.0016597929349172426,50
LS1,IC1,plugin_tcate_rmse,TCATE-K-grid_sd,"plugin functional contrast; RMSE over four strata of X4 with edges (-0.5, 0.0, 0.5)",,cwdb_dr,drf,-0.0010611333656772026,0.0013137838491253213,-0.0036361497099628324,0.0015138829786084272,50
LS1,IC1,plugin_tcate_rmse,TCATE-K-grid_skewness,"plugin functional contrast; RMSE over four strata of X4 with edges (-0.5, 0.0, 0.5)",,causal_drf,cwdb_dr,0.01753742684542116,0.0037403331319880973,0.010206373906724488,0.02486847978411783,50
LS1,IC1,plugin_tcate_rmse,TCATE-K-grid_skewness,"plugin functional contrast; RMSE over four strata of X4 with edges (-0.5, 0.0, 0.5)",,causal_drf,drf,-0.0033939971421208665,0.0009522379187750892,-0.005260383462920041,-0.0015276108213216916,50
LS1,IC1,plugin_tcate_rmse,TCATE-K-grid_skewness,"plugin functional contrast; RMSE over four strata of X4 with edges (-0.5, 0.0, 0.5)",,cwdb_dr,drf,-0.020931423987542025,0.003538888466938755,-0.027867645382741984,-0.013995202592342066,50
LS1,IC1,plugin_tcate_rmse,TCATE-K-grid_upper_tail_mean,"plugin functional contrast; RMSE over four strata of X4 with edges (-0.5, 0.0, 0.5)",,causal_drf,cwdb_dr,0.10232093602107732,0.004146696730004337,0.09419341043026883,0.11044846161188582,50
LS1,IC1,plugin_tcate_rmse,TCATE-K-grid_upper_tail_mean,"plugin functional contrast; RMSE over four strata of X4 with edges (-0.5, 0.0, 0.5)",,causal_drf,drf,-0.006263856581183974,0.001806549720891539,-0.009804694034131391,-0.002723019128236558,50
LS1,IC1,plugin_tcate_rmse,TCATE-K-grid_upper_tail_mean,"plugin functional contrast; RMSE over four strata of X4 with edges (-0.5, 0.0, 0.5)",,cwdb_dr,drf,-0.1085847926022613,0.0035732471609807824,-0.11558835703778363,-0.10158122816673897,50
LS2,IC2,aipw_reference_tate_abs_error,REF-ATE-K,aipw reference contrast; marginal absolute error,,causal_drf,cwdb_dr,0.0009026894201430262,0.0013855982913263379,-0.001813083230856596,0.0036184620711426484,50
LS2,IC2,aipw_reference_tate_abs_error,REF-ATE-K,aipw reference contrast; marginal absolute error,,causal_drf,drf,-0.001494228149676119,0.0006678666046431095,-0.0028032466947766135,-0.00018520960457562435,50
LS2,IC2,aipw_reference_tate_abs_error,REF-ATE-K,aipw reference contrast; marginal absolute error,,cwdb_dr,drf,-0.002396917569819145,0.0016245127260117256,-0.005580962512802127,0.000787127373163837,50
LS2,IC2,aipw_reference_tcate_rmse,REF-TCATE-K,"aipw reference contrast; RMSE over four strata of X3 with edges (-0.5, 0.0, 0.5)",,causal_drf,cwdb_dr,0.01328372924687786,0.0018766025881505298,0.00960558817410282,0.0169618703196529,50
LS2,IC2,aipw_reference_tcate_rmse,REF-TCATE-K,"aipw reference contrast; RMSE over four strata of X3 with edges (-0.5, 0.0, 0.5)",,causal_drf,drf,-0.010500319753318485,0.0008745922492637766,-0.012214520561875487,-0.008786118944761483,50
LS2,IC2,aipw_reference_tcate_rmse,REF-TCATE-K,"aipw reference contrast; RMSE over four strata of X3 with edges (-0.5, 0.0, 0.5)",,cwdb_dr,drf,-0.023784049000196344,0.002539175593710424,-0.028760833163868776,-0.018807264836523913,50
LS2,IC2,aipw_tate_abs_error,TATE-K-grid_mean,aipw functional contrast; marginal absolute error,,causal_drf,cwdb_dr,0.002536559348548184,0.0017361934293973905,-0.0008663797730707012,0.00593949847016707,50
LS2,IC2,aipw_tate_abs_error,TATE-K-grid_mean,aipw functional contrast; marginal absolute error,,causal_drf,drf,-0.0014453396718237532,0.0007594546681588369,-0.0029338708214150734,4.319147776756698e-05,50
LS2,IC2,aipw_tate_abs_error,TATE-K-grid_mean,aipw functional contrast; marginal absolute error,,cwdb_dr,drf,-0.003981899020371937,0.002046505282770131,-0.007993049374601394,2.9251333857519858e-05,50
LS2,IC2,aipw_tate_abs_error,TATE-K-grid_sd,aipw functional contrast; marginal absolute error,,causal_drf,cwdb_dr,-0.0005150172850019782,0.0009187859879862378,-0.002315837821455004,0.001285803251451048,50
LS2,IC2,aipw_tate_abs_error,TATE-K-grid_sd,aipw functional contrast; marginal absolute error,,causal_drf,drf,-0.00014982072504570766,8.446040163147489e-05,-0.0003153631122433984,1.5721662151983127e-05,50
LS2,IC2,aipw_tate_abs_error,TATE-K-grid_sd,aipw functional contrast; marginal absolute error,,cwdb_dr,drf,0.0003651965599562705,0.0009284049261052145,-0.00145447709520995,0.002184870215122491,50
LS2,IC2,aipw_tate_abs_error,TATE-K-grid_skewness,aipw functional contrast; marginal absolute error,,causal_drf,cwdb_dr,6.621307184885659e-05,0.0005644759286116245,-0.0010401597482299274,0.0011725858919276405,50
LS2,IC2,aipw_tate_abs_error,TATE-K-grid_skewness,aipw functional contrast; marginal absolute error,,causal_drf,drf,-0.0011690057641853373,0.00038804953165866757,-0.0019295828462363258,-0.00040842868213434886,50
LS2,IC2,aipw_tate_abs_error,TATE-K-grid_skewness,aipw functional contrast; marginal absolute error,,cwdb_dr,drf,-0.0012352188360341939,0.0007677698791726863,-0.002740047799212659,0.00026961012714427123,50
LS2,IC2,aipw_tate_abs_error,TATE-K-grid_upper_tail_mean,aipw functional contrast; marginal absolute error,,causal_drf,cwdb_dr,0.0037658567783260544,0.002051592215887687,-0.00025526396481381254,0.007786977521465921,50
LS2,IC2,aipw_tate_abs_error,TATE-K-grid_upper_tail_mean,aipw functional contrast; marginal absolute error,,causal_drf,drf,-0.0012841493809255637,0.0007435916352198347,-0.0027415889859564394,0.0001732902241053122,50
LS2,IC2,aipw_tate_abs_error,TATE-K-grid_upper_tail_mean,aipw functional contrast; marginal absolute error,,cwdb_dr,drf,-0.005050006159251618,0.0022693797336880263,-0.009497990437280151,-0.0006020218812230861,50
LS2,IC2,aipw_tcate_rmse,TCATE-K-grid_mean,"aipw functional contrast; RMSE over four strata of X3 with edges (-0.5, 0.0, 0.5)",,causal_drf,cwdb_dr,0.01840150414742052,0.002278741210819412,0.013935171374214472,0.022867836920626567,50
LS2,IC2,aipw_tcate_rmse,TCATE-K-grid_mean,"aipw functional contrast; RMSE over four strata of X3 with edges (-0.5, 0.0, 0.5)",,causal_drf,drf,-0.012185519209672438,0.0009821279129654554,-0.01411048991908473,-0.010260548500260145,50
LS2,IC2,aipw_tcate_rmse,TCATE-K-grid_mean,"aipw functional contrast; RMSE over four strata of X3 with edges (-0.5, 0.0, 0.5)",,cwdb_dr,drf,-0.030587023357092957,0.002919551837295424,-0.03630934495819199,-0.024864701755993927,50
LS2,IC2,aipw_tcate_rmse,TCATE-K-grid_sd,"aipw functional contrast; RMSE over four strata of X3 with edges (-0.5, 0.0, 0.5)",,causal_drf,cwdb_dr,-0.0026397245126535164,0.0008725963145687155,-0.004350013289208199,-0.0009294357360988342,50
LS2,IC2,aipw_tcate_rmse,TCATE-K-grid_sd,"aipw functional contrast; RMSE over four strata of X3 with edges (-0.5, 0.0, 0.5)",,causal_drf,drf,-0.00028864386988063095,0.00010916573412464535,-0.0005026087087649358,-7.467903099632605e-05,50
LS2,IC2,aipw_tcate_rmse,TCATE-K-grid_sd,"aipw functional contrast; RMSE over four strata of X3 with edges (-0.5, 0.0, 0.5)",,cwdb_dr,drf,0.0023510806427728854,0.0009040643569224589,0.0005791145032048659,0.004123046782340905,50
LS2,IC2,aipw_tcate_rmse,TCATE-K-grid_skewness,"aipw functional contrast; RMSE over four strata of X3 with edges (-0.5, 0.0, 0.5)",,causal_drf,cwdb_dr,0.0058622894539968814,0.0009074306975434681,0.004083725286811684,0.007640853621182079,50
LS2,IC2,aipw_tcate_rmse,TCATE-K-grid_skewness,"aipw functional contrast; RMSE over four strata of X3 with edges (-0.5, 0.0, 0.5)",,causal_drf,drf,-0.007694971852300378,0.0006412937789739389,-0.008951907659089299,-0.006438036045511458,50
LS2,IC2,aipw_tcate_rmse,TCATE-K-grid_skewness,"aipw functional contrast; RMSE over four strata of X3 with edges (-0.5, 0.0, 0.5)",,cwdb_dr,drf,-0.01355726130629726,0.0013582527134524105,-0.016219436624663984,-0.010895085987930535,50
LS2,IC2,aipw_tcate_rmse,TCATE-K-grid_upper_tail_mean,"aipw functional contrast; RMSE over four strata of X3 with edges (-0.5, 0.0, 0.5)",,causal_drf,cwdb_dr,0.01944516474487125,0.0025162095150562482,0.014513394095361003,0.024376935394381495,50
LS2,IC2,aipw_tcate_rmse,TCATE-K-grid_upper_tail_mean,"aipw functional contrast; RMSE over four strata of X3 with edges (-0.5, 0.0, 0.5)",,causal_drf,drf,-0.012416557500161907,0.0010485065234280588,-0.014471630286080901,-0.010361484714242912,50
LS2,IC2,aipw_tcate_rmse,TCATE-K-grid_upper_tail_mean,"aipw functional contrast; RMSE over four strata of X3 with edges (-0.5, 0.0, 0.5)",,cwdb_dr,drf,-0.031861722245033156,0.0031581605921141677,-0.03805171700557693,-0.025671727484489388,50
LS2,IC2,barycenter_rmse,MEANQ-A-K,,0.0,causal_drf,cwdb_dr,0.11253038358776168,0.0016945916030881205,0.10920898404570897,0.1158517831298144,50
LS2,IC2,barycenter_rmse,MEANQ-A-K,,0.0,causal_drf,drf,-0.06523125368247346,0.0008984099325518238,-0.06699213715027504,-0.06347037021467188,50
LS2,IC2,barycenter_rmse,MEANQ-A-K,,0.0,cwdb_dr,drf,-0.17776163727023514,0.0020263880849677933,-0.181733357916772,-0.17378991662369828,50
LS2,IC2,barycenter_rmse,MEANQ-A-K,,1.0,causal_drf,cwdb_dr,0.11284446350532107,0.001892772740378066,0.10913462893418006,0.11655429807646207,50
LS2,IC2,barycenter_rmse,MEANQ-A-K,,1.0,causal_drf,drf,-0.06276137456837089,0.0011695246017532214,-0.0650536427878072,-0.06046910634893457,50
LS2,IC2,barycenter_rmse,MEANQ-A-K,,1.0,cwdb_dr,drf,-0.17560583807369196,0.0018940801959831419,-0.17931823525781893,-0.17189344088956499,50
LS2,IC2,mean_quantile_rmse,MEANQ-A-K,"arm contrast, the mandatory common target",,causal_drf,cwdb_dr,0.11524532068705214,0.004910274691571265,0.10562118229157245,0.12486945908253182,50
LS2,IC2,mean_quantile_rmse,MEANQ-A-K,"arm contrast, the mandatory common target",,causal_drf,drf,-0.033645492521914455,0.0019138430483546037,-0.037396624896689476,-0.02989436014713943,50
LS2,IC2,mean_quantile_rmse,MEANQ-A-K,"arm contrast, the mandatory common target",,cwdb_dr,drf,-0.14889081320896658,0.004730819580784543,-0.15816321958730428,-0.13961840683062887,50
LS2,IC2,plugin_reference_tate_abs_error,REF-ATE-K,plugin reference contrast; marginal absolute error,,causal_drf,cwdb_dr,0.1089757696013735,0.0027820948850964962,0.10352286362658437,0.11442867557616264,50
LS2,IC2,plugin_reference_tate_abs_error,REF-ATE-K,plugin reference contrast; marginal absolute error,,causal_drf,drf,-0.025208806903441294,0.0017015918254323177,-0.028543926881288637,-0.021873686925593952,50
LS2,IC2,plugin_reference_tate_abs_error,REF-ATE-K,plugin reference contrast; marginal absolute error,,cwdb_dr,drf,-0.1341845765048148,0.0022997419340263035,-0.13869207069550635,-0.12967708231412325,50
LS2,IC2,plugin_reference_tcate_rmse,REF-TCATE-K,"plugin reference contrast; RMSE over four strata of X3 with edges (-0.5, 0.0, 0.5)",,causal_drf,cwdb_dr,0.10777303303927764,0.002793002160996738,0.10229874880372404,0.11324731727483124,50
LS2,IC2,plugin_reference_tcate_rmse,REF-TCATE-K,"plugin reference contrast; RMSE over four strata of X3 with edges (-0.5, 0.0, 0.5)",,causal_drf,drf,-0.02572672450064678,0.0016692296163655484,-0.028998414548723254,-0.022455034452570306,50
LS2,IC2,plugin_reference_tcate_rmse,REF-TCATE-K,"plugin reference contrast; RMSE over four strata of X3 with edges (-0.5, 0.0, 0.5)",,cwdb_dr,drf,-0.13349975753992444,0.0023412920647614788,-0.13808868998685694,-0.12891082509299193,50
LS2,IC2,plugin_tate_abs_error,TATE-K-grid_mean,plugin functional contrast; marginal absolute error,,causal_drf,cwdb_dr,0.13898727188135776,0.003162657492335852,0.1327884631963795,0.14518608056633603,50
LS2,IC2,plugin_tate_abs_error,TATE-K-grid_mean,plugin functional contrast; marginal absolute error,,causal_drf,drf,-0.029658541041761438,0.0019719580422484857,-0.03352357880456847,-0.025793503278954407,50
LS2,IC2,plugin_tate_abs_error,TATE-K-grid_mean,plugin functional contrast; marginal absolute error,,cwdb_dr,drf,-0.1686458129231192,0.002669936520078647,-0.17387888850247335,-0.16341273734376505,50
LS2,IC2,plugin_tate_abs_error,TATE-K-grid_sd,plugin functional contrast; marginal absolute error,,causal_drf,cwdb_dr,-0.011795930218475584,0.0019067383670577308,-0.015533137417908738,-0.008058723019042431,50
LS2,IC2,plugin_tate_abs_error,TATE-K-grid_sd,plugin functional contrast; marginal absolute error,,causal_drf,drf,-3.970454743438059e-06,0.0003782179093324221,-0.0007452775570349853,0.0007373366475481092,50
LS2,IC2,plugin_tate_abs_error,TATE-K-grid_sd,plugin functional contrast; marginal absolute error,,cwdb_dr,drf,0.011791959763732146,0.0017820603777387524,0.008299121423364192,0.0152847981041001,50
LS2,IC2,plugin_tate_abs_error,TATE-K-grid_skewness,plugin functional contrast; marginal absolute error,,causal_drf,cwdb_dr,0.04534413393643824,0.0015407996684781466,0.042324166586221075,0.04836410128665541,50
LS2,IC2,plugin_tate_abs_error,TATE-K-grid_skewness,plugin functional contrast; marginal absolute error,,causal_drf,drf,-0.019438479710925105,0.0009828886398133454,-0.021364941444959262,-0.017512017976890948,50
LS2,IC2,plugin_tate_abs_error,TATE-K-grid_skewness,plugin functional contrast; marginal absolute error,,cwdb_dr,drf,-0.06478261364736335,0.001610886046547881,-0.06793995029859719,-0.0616252769961295,50
LS2,IC2,plugin_tate_abs_error,TATE-K-grid_upper_tail_mean,plugin functional contrast; marginal absolute error,,causal_drf,cwdb_dr,0.15335148747762586,0.0033309909045426372,0.1468227453047223,0.15988022965052942,50
LS2,IC2,plugin_tate_abs_error,TATE-K-grid_upper_tail_mean,plugin functional contrast; marginal absolute error,,causal_drf,drf,-0.030891332198247995,0.0019192712339852712,-0.03465310381685913,-0.027129560579636863,50
LS2,IC2,plugin_tate_abs_error,TATE-K-grid_upper_tail_mean,plugin functional contrast; marginal absolute error,,cwdb_dr,drf,-0.18424281967587386,0.003054606386118525,-0.19022984819266617,-0.17825579115908155,50
LS2,IC2,plugin_tcate_rmse,TCATE-K-grid_mean,"plugin functional contrast; RMSE over four strata of X3 with edges (-0.5, 0.0, 0.5)",,causal_drf,cwdb_dr,0.13702271281503586,0.003187889556392244,0.13077444928450707,0.14327097634556465,50
LS2,IC2,plugin_tcate_rmse,TCATE-K-grid_mean,"plugin functional contrast; RMSE over four strata of X3 with edges (-0.5, 0.0, 0.5)",,causal_drf,drf,-0.030043217966044228,0.0019280258739500168,-0.03382214867898626,-0.026264287253102196,50
LS2,IC2,plugin_tcate_rmse,TCATE-K-grid_mean,"plugin functional contrast; RMSE over four strata of X3 with edges (-0.5, 0.0, 0.5)",,cwdb_dr,drf,-0.1670659307810801,0.0027232031715655886,-0.17240340899734866,-0.16172845256481153,50
LS2,IC2,plugin_tcate_rmse,TCATE-K-grid_sd,"plugin functional contrast; RMSE over four strata of X3 with edges (-0.5, 0.0, 0.5)",,causal_drf,cwdb_dr,-0.013180982917633713,0.0017171358029624045,-0.016546569091440026,-0.0098153967438274,50
LS2,IC2,plugin_tcate_rmse,TCATE-K-grid_sd,"plugin functional contrast; RMSE over four strata of X3 with edges (-0.5, 0.0, 0.5)",,causal_drf,drf,0.0003152197701231079,0.00038629367960466346,-0.00044191584190203244,0.0010723553821482483,50
LS2,IC2,plugin_tcate_rmse,TCATE-K-grid_sd,"plugin functional contrast; RMSE over four strata of X3 with edges (-0.5, 0.0, 0.5)",,cwdb_dr,drf,0.01349620268775682,0.001600597372740142,0.010359031837186143,0.0166333735383275,50
LS2,IC2,plugin_tcate_rmse,TCATE-K-grid_skewness,"plugin functional contrast; RMSE over four strata of X3 with edges (-0.5, 0.0, 0.5)",,causal_drf,cwdb_dr,0.044586119664792076,0.0015465298834541582,0.041554921093221925,0.04761731823636223,50
LS2,IC2,plugin_tcate_rmse,TCATE-K-grid_skewness,"plugin functional contrast; RMSE over four strata of X3 with edges (-0.5, 0.0, 0.5)",,causal_drf,drf,-0.019451808428196604,0.0009835824285226356,-0.02137962998810097,-0.01752398686829224,50
LS2,IC2,plugin_tcate_rmse,TCATE-K-grid_skewness,"plugin functional contrast; RMSE over four strata of X3 with edges (-0.5, 0.0, 0.5)",,cwdb_dr,drf,-0.06403792809298868,0.0016071383347572596,-0.06718791922911291,-0.06088793695686445,50
LS2,IC2,plugin_tcate_rmse,TCATE-K-grid_upper_tail_mean,"plugin functional contrast; RMSE over four strata of X3 with edges (-0.5, 0.0, 0.5)",,causal_drf,cwdb_dr,0.15021262837444765,0.0032749543834424675,0.14379371778290043,0.15663153896599488,50
LS2,IC2,plugin_tcate_rmse,TCATE-K-grid_upper_tail_mean,"plugin functional contrast; RMSE over four strata of X3 with edges (-0.5, 0.0, 0.5)",,causal_drf,drf,-0.03131754854261559,0.0018811041576376093,-0.035004512691585304,-0.02763058439364588,50
LS2,IC2,plugin_tcate_rmse,TCATE-K-grid_upper_tail_mean,"plugin functional contrast; RMSE over four strata of X3 with edges (-0.5, 0.0, 0.5)",,cwdb_dr,drf,-0.18153017691706325,0.003027538325024739,-0.18746415203411174,-0.17559620180001476,50
LS3,IC3,aipw_reference_tate_abs_error,REF-ATE-K,aipw reference contrast; marginal absolute error,,causal_drf,cwdb_dr,0.033238894739863134,0.0030230017457984646,0.027313811318098145,0.03916397816162812,50
LS3,IC3,aipw_reference_tate_abs_error,REF-ATE-K,aipw reference contrast; marginal absolute error,,causal_drf,drf,-0.013959192528215494,0.00105457517590127,-0.016026159872981983,-0.011892225183449005,50
LS3,IC3,aipw_reference_tate_abs_error,REF-ATE-K,aipw reference contrast; marginal absolute error,,cwdb_dr,drf,-0.04719808726807863,0.0036705338507279995,-0.05439233361550551,-0.04000384092065175,50
LS3,IC3,aipw_reference_tcate_rmse,REF-TCATE-K,"aipw reference contrast; RMSE over four strata of X4 with edges (-0.5, 0.0, 0.5)",,causal_drf,cwdb_dr,0.04607062774377736,0.004145573675522817,0.03794530333975264,0.05419595214780208,50
LS3,IC3,aipw_reference_tcate_rmse,REF-TCATE-K,"aipw reference contrast; RMSE over four strata of X4 with edges (-0.5, 0.0, 0.5)",,causal_drf,drf,-0.017927634790223967,0.001036544111364363,-0.019959261248498117,-0.015896008331949818,50
LS3,IC3,aipw_reference_tcate_rmse,REF-TCATE-K,"aipw reference contrast; RMSE over four strata of X4 with edges (-0.5, 0.0, 0.5)",,cwdb_dr,drf,-0.06399826253400133,0.004654221808860413,-0.07312053727936774,-0.05487598778863492,50
LS3,IC3,aipw_tate_abs_error,TATE-K-grid_mean,aipw functional contrast; marginal absolute error,,causal_drf,cwdb_dr,0.04399752083384666,0.0036469322163712663,0.036849533689758976,0.05114550797793434,50
LS3,IC3,aipw_tate_abs_error,TATE-K-grid_mean,aipw functional contrast; marginal absolute error,,causal_drf,drf,-0.01756250398509228,0.0012952532519251376,-0.020101200358865548,-0.01502380761131901,50
LS3,IC3,aipw_tate_abs_error,TATE-K-grid_mean,aipw functional contrast; marginal absolute error,,cwdb_dr,drf,-0.061560024818938935,0.004413282143426556,-0.07021005782005499,-0.05290999181782288,50
LS3,IC3,aipw_tate_abs_error,TATE-K-grid_sd,aipw functional contrast; marginal absolute error,,causal_drf,cwdb_dr,-0.00220479738564908,0.001356866530350894,-0.004864255785136832,0.00045466101383867226,50
LS3,IC3,aipw_tate_abs_error,TATE-K-grid_sd,aipw functional contrast; marginal absolute error,,causal_drf,drf,-0.00010026553329686022,0.00023077453123745,-0.0005525836145222622,0.0003520525479285418,50
LS3,IC3,aipw_tate_abs_error,TATE-K-grid_sd,aipw functional contrast; marginal absolute error,,cwdb_dr,drf,0.00210453185235222,0.0014817113886908065,-0.0007996224694817606,0.0050086861741862,50
LS3,IC3,aipw_tate_abs_error,TATE-K-grid_skewness,aipw functional contrast; marginal absolute error,,causal_drf,cwdb_dr,0.010921294957566673,0.0012241633386797775,0.008521934813754309,0.013320655101379038,50
LS3,IC3,aipw_tate_abs_error,TATE-K-grid_skewness,aipw functional contrast; marginal absolute error,,causal_drf,drf,-0.0065930990552800425,0.0006262107401247064,-0.007820472105924467,-0.005365726004635618,50
LS3,IC3,aipw_tate_abs_error,TATE-K-grid_skewness,aipw functional contrast; marginal absolute error,,cwdb_dr,drf,-0.017514394012846716,0.001558865933248839,-0.02056977124201444,-0.014459016783678991,50
LS3,IC3,aipw_tate_abs_error,TATE-K-grid_upper_tail_mean,aipw functional contrast; marginal absolute error,,causal_drf,cwdb_dr,0.043954589375556415,0.0042944771377779484,0.03553741418551164,0.05237176456560119,50
LS3,IC3,aipw_tate_abs_error,TATE-K-grid_upper_tail_mean,aipw functional contrast; marginal absolute error,,causal_drf,drf,-0.017896022249301702,0.001335441933842488,-0.02051348843963298,-0.015278556058970424,50
LS3,IC3,aipw_tate_abs_error,TATE-K-grid_upper_tail_mean,aipw functional contrast; marginal absolute error,,cwdb_dr,drf,-0.061850611624858116,0.005066639959956321,-0.07178122594637251,-0.05191999730334373,50
LS3,IC3,aipw_tcate_rmse,TCATE-K-grid_mean,"aipw functional contrast; RMSE over four strata of X4 with edges (-0.5, 0.0, 0.5)",,causal_drf,cwdb_dr,0.06126969595013325,0.00461915563407319,0.052216150907349795,0.0703232409929167,50
LS3,IC3,aipw_tcate_rmse,TCATE-K-grid_mean,"aipw functional contrast; RMSE over four strata of X4 with edges (-0.5, 0.0, 0.5)",,causal_drf,drf,-0.02264820932642203,0.001327028034504622,-0.02524918427405109,-0.020047234378792973,50
LS3,IC3,aipw_tcate_rmse,TCATE-K-grid_mean,"aipw functional contrast; RMSE over four strata of X4 with edges (-0.5, 0.0, 0.5)",,cwdb_dr,drf,-0.08391790527655528,0.005382330548294137,-0.09446727315121178,-0.07336853740189878,50
LS3,IC3,aipw_tcate_rmse,TCATE-K-grid_sd,"aipw functional contrast; RMSE over four strata of X4 with edges (-0.5, 0.0, 0.5)",,causal_drf,cwdb_dr,-0.00540734058085951,0.001768872134907335,-0.008874329965277886,-0.0019403511964411332,50
LS3,IC3,aipw_tcate_rmse,TCATE-K-grid_sd,"aipw functional contrast; RMSE over four strata of X4 with edges (-0.5, 0.0, 0.5)",,causal_drf,drf,0.00011679690448656438,0.00021549138826078705,-0.0003055662165045782,0.000539160025477707,50
LS3,IC3,aipw_tcate_rmse,TCATE-K-grid_sd,"aipw functional contrast; RMSE over four strata of X4 with edges (-0.5, 0.0, 0.5)",,cwdb_dr,drf,0.005524137485346074,0.0018227387738513467,0.0019515694885974349,0.009096705482094713,50
LS3,IC3,aipw_tcate_rmse,TCATE-K-grid_skewness,"aipw functional contrast; RMSE over four strata of X4 with edges (-0.5, 0.0, 0.5)",,causal_drf,cwdb_dr,0.014957439677206811,0.0018599882126246773,0.011311862780462444,0.018603016573951178,50
LS3,IC3,aipw_tcate_rmse,TCATE-K-grid_skewness,"aipw functional contrast; RMSE over four strata of X4 with edges (-0.5, 0.0, 0.5)",,causal_drf,drf,-0.00957710589848574,0.0007728254545030969,-0.01109184378931181,-0.00806236800765967,50
LS3,IC3,aipw_tcate_rmse,TCATE-K-grid_skewness,"aipw functional contrast; RMSE over four strata of X4 with edges (-0.5, 0.0, 0.5)",,cwdb_dr,drf,-0.02453454557569255,0.0023280852559861556,-0.029097592677425416,-0.019971498473959685,50
LS3,IC3,aipw_tcate_rmse,TCATE-K-grid_upper_tail_mean,"aipw functional contrast; RMSE over four strata of X4 with edges (-0.5, 0.0, 0.5)",,causal_drf,cwdb_dr,0.058893132837437426,0.00497376755490993,0.049144548429813965,0.0686417172450609,50
LS3,IC3,aipw_tcate_rmse,TCATE-K-grid_upper_tail_mean,"aipw functional contrast; RMSE over four strata of X4 with edges (-0.5, 0.0, 0.5)",,causal_drf,drf,-0.023083522700947157,0.0013600978957102557,-0.025749314576539256,-0.020417730825355057,50
LS3,IC3,aipw_tcate_rmse,TCATE-K-grid_upper_tail_mean,"aipw functional contrast; RMSE over four strata of X4 with edges (-0.5, 0.0, 0.5)",,cwdb_dr,drf,-0.08197665553838458,0.005785927872987826,-0.09331707416944073,-0.07063623690732844,50
LS3,IC3,barycenter_rmse,MEANQ-A-K,,0.0,causal_drf,cwdb_dr,0.14910066386794493,0.0021416842800941185,0.14490296267896047,0.1532983650569294,50
LS3,IC3,barycenter_rmse,MEANQ-A-K,,0.0,causal_drf,drf,-0.05193565364600816,0.0011673262094956806,-0.054223613016619696,-0.04964769427539663,50
LS3,IC3,barycenter_rmse,MEANQ-A-K,,0.0,cwdb_dr,drf,-0.2010363175139531,0.0018336312893444016,-0.20463023484106813,-0.19744240018683806,50
LS3,IC3,barycenter_rmse,MEANQ-A-K,,1.0,causal_drf,cwdb_dr,0.13365360587730737,0.002266683655771846,0.12921090591199455,0.1380963058426202,50
LS3,IC3,barycenter_rmse,MEANQ-A-K,,1.0,causal_drf,drf,-0.042439740962963435,0.001227295044559241,-0.04484523925029955,-0.04003424267562732,50
LS3,IC3,barycenter_rmse,MEANQ-A-K,,1.0,cwdb_dr,drf,-0.1760933468402708,0.0016303303854246142,-0.17928879439570305,-0.17289789928483856,50
LS3,IC3,mean_quantile_rmse,MEANQ-A-K,"arm contrast, the mandatory common target",,causal_drf,cwdb_dr,0.192542718196102,0.003918023982665937,0.18486339119007675,0.20022204520212725,50
LS3,IC3,mean_quantile_rmse,MEANQ-A-K,"arm contrast, the mandatory common target",,causal_drf,drf,-0.03682875752839221,0.0018374814016683327,-0.04043022107566214,-0.03322729398112228,50
LS3,IC3,mean_quantile_rmse,MEANQ-A-K,"arm contrast, the mandatory common target",,cwdb_dr,drf,-0.2293714757244942,0.0033424352725432327,-0.23592264885867895,-0.22282030259030947,50
LS3,IC3,plugin_reference_tate_abs_error,REF-ATE-K,plugin reference contrast; marginal absolute error,,causal_drf,cwdb_dr,0.17288484415907673,0.00319016288860512,0.1666321248974107,0.17913756342074277,50
LS3,IC3,plugin_reference_tate_abs_error,REF-ATE-K,plugin reference contrast; marginal absolute error,,causal_drf,drf,-0.02800133526094678,0.0015572014958359982,-0.031053450192785336,-0.024949220329108224,50
LS3,IC3,plugin_reference_tate_abs_error,REF-ATE-K,plugin reference contrast; marginal absolute error,,cwdb_dr,drf,-0.20088617942002351,0.0024729375277132166,-0.20573313697434142,-0.1960392218657056,50
LS3,IC3,plugin_reference_tcate_rmse,REF-TCATE-K,"plugin reference contrast; RMSE over four strata of X4 with edges (-0.5, 0.0, 0.5)",,causal_drf,cwdb_dr,0.1631412274529247,0.0033732499876686912,0.15652965747709408,0.16975279742875532,50
LS3,IC3,plugin_reference_tcate_rmse,REF-TCATE-K,"plugin reference contrast; RMSE over four strata of X4 with edges (-0.5, 0.0, 0.5)",,causal_drf,drf,-0.02951503927649768,0.001517857877200365,-0.032490040715810395,-0.026540037837184963,50
LS3,IC3,plugin_reference_tcate_rmse,REF-TCATE-K,"plugin reference contrast; RMSE over four strata of X4 with edges (-0.5, 0.0, 0.5)",,cwdb_dr,drf,-0.19265626672942238,0.0026771815674381276,-0.19790354260160112,-0.18740899085724363,50
LS3,IC3,plugin_tate_abs_error,TATE-K-grid_mean,plugin functional contrast; marginal absolute error,,causal_drf,cwdb_dr,0.2208650260986324,0.003815890960908329,0.2133858798152521,0.2283441723820127,50
LS3,IC3,plugin_tate_abs_error,TATE-K-grid_mean,plugin functional contrast; marginal absolute error,,causal_drf,drf,-0.03450950771883632,0.001902289351900407,-0.038237994848561115,-0.030781020589111523,50
LS3,IC3,plugin_tate_abs_error,TATE-K-grid_mean,plugin functional contrast; marginal absolute error,,cwdb_dr,drf,-0.2553745338174687,0.002898563184357912,-0.26105571765881025,-0.24969334997612722,50
LS3,IC3,plugin_tate_abs_error,TATE-K-grid_sd,plugin functional contrast; marginal absolute error,,causal_drf,cwdb_dr,-0.00030055206767078645,0.001021309770064569,-0.0023023192169973417,0.0017012150816557688,50
LS3,IC3,plugin_tate_abs_error,TATE-K-grid_sd,plugin functional contrast; marginal absolute error,,causal_drf,drf,-0.0005232953425976482,0.0003244661805817821,-0.0011592490565379412,0.00011265837134264475,50
LS3,IC3,plugin_tate_abs_error,TATE-K-grid_sd,plugin functional contrast; marginal absolute error,,cwdb_dr,drf,-0.00022274327492686173,0.0010744923740637973,-0.0023287483280919046,0.0018832617782381812,50
LS3,IC3,plugin_tate_abs_error,TATE-K-grid_skewness,plugin functional contrast; marginal absolute error,,causal_drf,cwdb_dr,0.025148055937351796,0.0028166217815916686,0.019627477245432123,0.03066863462927147,50
LS3,IC3,plugin_tate_abs_error,TATE-K-grid_skewness,plugin functional contrast; marginal absolute error,,causal_drf,drf,-0.015524923145377609,0.0011531438273505142,-0.017785085046984617,-0.0132647612437706,50
LS3,IC3,plugin_tate_abs_error,TATE-K-grid_skewness,plugin functional contrast; marginal absolute error,,cwdb_dr,drf,-0.040672979082729405,0.0026584189975581768,-0.04588348031794343,-0.035462477847515377,50
LS3,IC3,plugin_tate_abs_error,TATE-K-grid_upper_tail_mean,plugin functional contrast; marginal absolute error,,causal_drf,cwdb_dr,0.22382821817902204,0.0040646590025955175,0.21586148653393483,0.23179494982410925,50
LS3,IC3,plugin_tate_abs_error,TATE-K-grid_upper_tail_mean,plugin functional contrast; marginal absolute error,,causal_drf,drf,-0.03590750817304733,0.0020064042819459226,-0.03984006056566134,-0.03197495578043332,50
LS3,IC3,plugin_tate_abs_error,TATE-K-grid_upper_tail_mean,plugin functional contrast; marginal absolute error,,cwdb_dr,drf,-0.2597357263520694,0.0032012481878237044,-0.26601017280020384,-0.2534612799039349,50
LS3,IC3,plugin_tcate_rmse,TCATE-K-grid_mean,"plugin functional contrast; RMSE over four strata of X4 with edges (-0.5, 0.0, 0.5)",,causal_drf,cwdb_dr,0.20951663541690752,0.003952931044210408,0.20176889057025513,0.2172643802635599,50
LS3,IC3,plugin_tcate_rmse,TCATE-K-grid_mean,"plugin functional contrast; RMSE over four strata of X4 with edges (-0.5, 0.0, 0.5)",,causal_drf,drf,-0.03583301655745508,0.0018281620464484945,-0.039416214168494126,-0.03224981894641603,50
LS3,IC3,plugin_tcate_rmse,TCATE-K-grid_mean,"plugin functional contrast; RMSE over four strata of X4 with edges (-0.5, 0.0, 0.5)",,cwdb_dr,drf,-0.2453496519743626,0.0031056342326310363,-0.2514366950703194,-0.23926260887840575,50
LS3,IC3,plugin_tcate_rmse,TCATE-K-grid_sd,"plugin functional contrast; RMSE over four strata of X4 with edges (-0.5, 0.0, 0.5)",,causal_drf,cwdb_dr,-0.002731877286192121,0.0008786964766009152,-0.004454122380329915,-0.0010096321920543272,50
LS3,IC3,plugin_tcate_rmse,TCATE-K-grid_sd,"plugin functional contrast; RMSE over four strata of X4 with edges (-0.5, 0.0, 0.5)",,causal_drf,drf,0.0006416140924418931,0.0004860142989008015,-0.0003109739334036779,0.001594202118287464,50
LS3,IC3,plugin_tcate_rmse,TCATE-K-grid_sd,"plugin functional contrast; RMSE over four strata of X4 with edges (-0.5, 0.0, 0.5)",,cwdb_dr,drf,0.003373491378634014,0.0009456623814506646,0.0015199931109907115,0.005226989646277317,50
LS3,IC3,plugin_tcate_rmse,TCATE-K-grid_skewness,"plugin functional contrast; RMSE over four strata of X4 with edges (-0.5, 0.0, 0.5)",,causal_drf,cwdb_dr,0.027511478192899355,0.0032422011715413385,0.02115676389667833,0.03386619248912038,50
LS3,IC3,plugin_tcate_rmse,TCATE-K-grid_skewness,"plugin functional contrast; RMSE over four strata of X4 with edges (-0.5, 0.0, 0.5)",,causal_drf,drf,-0.021922283521247962,0.0012971750474325687,-0.0244647466142158,-0.019379820428280126,50
LS3,IC3,plugin_tcate_rmse,TCATE-K-grid_skewness,"plugin functional contrast; RMSE over four strata of X4 with edges (-0.5, 0.0, 0.5)",,cwdb_dr,drf,-0.04943376171414732,0.0030115378862877536,-0.055336375971271314,-0.04353114745702332,50
LS3,IC3,plugin_tcate_rmse,TCATE-K-grid_upper_tail_mean,"plugin functional contrast; RMSE over four strata of X4 with edges (-0.5, 0.0, 0.5)",,causal_drf,cwdb_dr,0.2121032801757523,0.004207418475265732,0.20385673996423148,0.22034982038727313,50
LS3,IC3,plugin_tcate_rmse,TCATE-K-grid_upper_tail_mean,"plugin functional contrast; RMSE over four strata of X4 with edges (-0.5, 0.0, 0.5)",,causal_drf,drf,-0.03743377240925366,0.0019264377669098477,-0.04120959043239696,-0.03365795438611036,50
LS3,IC3,plugin_tcate_rmse,TCATE-K-grid_upper_tail_mean,"plugin functional contrast; RMSE over four strata of X4 with edges (-0.5, 0.0, 0.5)",,cwdb_dr,drf,-0.24953705258500597,0.0033700915015754934,-0.25614243192809394,-0.242931673241918,50
S1,D0,aipw_reference_tate_abs_error,REF-ATE-K,aipw reference contrast; marginal absolute error,,causal_drf,cwdb_dr,0.001880439239151429,0.0009626021805183968,-6.261034664628833e-06,0.0037671395129674867,50
S1,D0,aipw_reference_tate_abs_error,REF-ATE-K,aipw reference contrast; marginal absolute error,,causal_drf,drf,-0.000868850381136441,0.0001834930608992367,-0.001228496780498945,-0.0005092039817739371,50
S1,D0,aipw_reference_tate_abs_error,REF-ATE-K,aipw reference contrast; marginal absolute error,,cwdb_dr,drf,-0.00274928962028787,0.0010594288636369793,-0.0048257701930163495,-0.0006728090475593908,50
S1,D0,aipw_reference_tcate_rmse,REF-TCATE-K,"aipw reference contrast; RMSE over four strata of X1 with edges (-0.5, 0.0, 0.5)",,causal_drf,cwdb_dr,0.011897738551376977,0.0010899885816188764,0.009761360931403978,0.014034116171349975,50
S1,D0,aipw_reference_tcate_rmse,REF-TCATE-K,"aipw reference contrast; RMSE over four strata of X1 with edges (-0.5, 0.0, 0.5)",,causal_drf,drf,-0.0015912231826364538,0.00022012863650073067,-0.002022675310177886,-0.0011597710550950218,50
S1,D0,aipw_reference_tcate_rmse,REF-TCATE-K,"aipw reference contrast; RMSE over four strata of X1 with edges (-0.5, 0.0, 0.5)",,cwdb_dr,drf,-0.01348896173401343,0.0011484742118034988,-0.01573997118914829,-0.011237952278878572,50
S1,D0,aipw_tate_abs_error,TATE-K-grid_mean,aipw functional contrast; marginal absolute error,,causal_drf,cwdb_dr,0.002449347968175905,0.001079972798004094,0.0003326012840878809,0.004566094652263929,50
S1,D0,aipw_tate_abs_error,TATE-K-grid_mean,aipw functional contrast; marginal absolute error,,causal_drf,drf,-0.0005108821045021784,0.00045705979318203606,-0.001406719299138969,0.0003849550901346122,50
S1,D0,aipw_tate_abs_error,TATE-K-grid_mean,aipw functional contrast; marginal absolute error,,cwdb_dr,drf,-0.0029602300726780835,0.0011110827349405806,-0.005137952233161621,-0.0007825079121945456,50
S1,D0,aipw_tate_abs_error,TATE-K-grid_sd,aipw functional contrast; marginal absolute error,,causal_drf,cwdb_dr,-0.000536222372677476,0.0002515792927265554,-0.0010293177864215243,-4.312695893342745e-05,50
S1,D0,aipw_tate_abs_error,TATE-K-grid_sd,aipw functional contrast; marginal absolute error,,causal_drf,drf,6.685811284309548e-05,0.00013292918433447623,-0.00019368308845247792,0.0003273993141386689,50
S1,D0,aipw_tate_abs_error,TATE-K-grid_sd,aipw functional contrast; marginal absolute error,,cwdb_dr,drf,0.0006030804855205714,0.0002783437249225146,5.752678467244282e-05,0.0011486341863687,50
S1,D0,aipw_tate_abs_error,TATE-K-grid_skewness,aipw functional contrast; marginal absolute error,,causal_drf,cwdb_dr,-0.0007425206485353024,7.428301649064624e-05,-0.000888115360856969,-0.0005969259362136358,50
S1,D0,aipw_tate_abs_error,TATE-K-grid_skewness,aipw functional contrast; marginal absolute error,,causal_drf,drf,7.786739435821109e-20,1.1335542057618605e-19,-1.4430922997111357e-19,3.0004401868753575e-19,50
S1,D0,aipw_tate_abs_error,TATE-K-grid_skewness,aipw functional contrast; marginal absolute error,,cwdb_dr,drf,0.0007425206485353025,7.428301649064623e-05,0.0005969259362136359,0.0008881153608569691,50
S1,D0,aipw_tate_abs_error,TATE-K-grid_upper_tail_mean,aipw functional contrast; marginal absolute error,,causal_drf,cwdb_dr,0.0018756915517440624,0.001075984402020085,-0.00023323787621530416,0.003984620979703429,50
S1,D0,aipw_tate_abs_error,TATE-K-grid_upper_tail_mean,aipw functional contrast; marginal absolute error,,causal_drf,drf,-7.29818747131801e-05,0.0005223217604663298,-0.0010967325252271866,0.0009507687758008264,50
S1,D0,aipw_tate_abs_error,TATE-K-grid_upper_tail_mean,aipw functional contrast; marginal absolute error,,cwdb_dr,drf,-0.0019486734264572425,0.0011140083599806396,-0.0041321298120192956,0.00023478295910481098,50
S1,D0,aipw_tcate_rmse,TCATE-K-grid_mean,"aipw functional contrast; RMSE over four strata of X1 with edges (-0.5, 0.0, 0.5)",,causal_drf,cwdb_dr,0.009902513103892691,0.00110641035108068,0.007733948815774558,0.012071077392010824,50
S1,D0,aipw_tcate_rmse,TCATE-K-grid_mean,"aipw functional contrast; RMSE over four strata of X1 with edges (-0.5, 0.0, 0.5)",,causal_drf,drf,-0.0009232537423533096,0.00040196770592815174,-0.001711110445972487,-0.0001353970387341322,50
S1,D0,aipw_tcate_rmse,TCATE-K-grid_mean,"aipw functional contrast; RMSE over four strata of X1 with edges (-0.5, 0.0, 0.5)",,cwdb_dr,drf,-0.010825766846246001,0.0011656973289173186,-0.013110533610923946,-0.008541000081568056,50
S1,D0,aipw_tcate_rmse,TCATE-K-grid_sd,"aipw functional contrast; RMSE over four strata of X1 with edges (-0.5, 0.0, 0.5)",,causal_drf,cwdb_dr,0.0013871753204587438,0.0004917024699341798,0.00042343847938775144,0.002350912161529736,50
S1,D0,aipw_tcate_rmse,TCATE-K-grid_sd,"aipw functional contrast; RMSE over four strata of X1 with edges (-0.5, 0.0, 0.5)",,causal_drf,drf,-0.0014427579747562612,0.00020013450437322505,-0.0018350216033277823,-0.00105049434618474,50
S1,D0,aipw_tcate_rmse,TCATE-K-grid_sd,"aipw functional contrast; RMSE over four strata of X1 with edges (-0.5, 0.0, 0.5)",,cwdb_dr,drf,-0.002829933295215005,0.0006009252432717475,-0.00400774677202763,-0.00165211981840238,50
S1,D0,aipw_tcate_rmse,TCATE-K-grid_skewness,"aipw functional contrast; RMSE over four strata of X1 with edges (-0.5, 0.0, 0.5)",,causal_drf,cwdb_dr,-0.0016874875269370624,0.00010224417392802944,-0.0018878861078360002,-0.0014870889460381247,50
S1,D0,aipw_tcate_rmse,TCATE-K-grid_skewness,"aipw functional contrast; RMSE over four strata of X1 with edges (-0.5, 0.0, 0.5)",,causal_drf,drf,-8.885341623506048e-20,1.3674133938205897e-19,-3.5686644142389604e-19,1.7915960895377508e-19,50
S1,D0,aipw_tcate_rmse,TCATE-K-grid_skewness,"aipw functional contrast; RMSE over four strata of X1 with edges (-0.5, 0.0, 0.5)",,cwdb_dr,drf,0.0016874875269370624,0.00010224417392802943,0.0014870889460381247,0.0018878861078360002,50
S1,D0,aipw_tcate_rmse,TCATE-K-grid_upper_tail_mean,"aipw functional contrast; RMSE over four strata of X1 with edges (-0.5, 0.0, 0.5)",,causal_drf,cwdb_dr,0.008815797291003437,0.0012874252431537905,0.006292443814422007,0.011339150767584866,50
S1,D0,aipw_tcate_rmse,TCATE-K-grid_upper_tail_mean,"aipw functional contrast; RMSE over four strata of X1 with edges (-0.5, 0.0, 0.5)",,causal_drf,drf,-0.0012217645012268276,0.0005217438115290923,-0.0022443823718238482,-0.0001991466306298067,50
S1,D0,aipw_tcate_rmse,TCATE-K-grid_upper_tail_mean,"aipw functional contrast; RMSE over four strata of X1 with edges (-0.5, 0.0, 0.5)",,cwdb_dr,drf,-0.010037561792230264,0.0014824235955482122,-0.01294311203950476,-0.007132011544955769,50
S1,D0,barycenter_rmse,MEANQ-A-K,,0.0,causal_drf,cwdb_dr,0.10178384955444919,0.0013222310474823229,0.09919227670138384,0.10437542240751455,50
S1,D0,barycenter_rmse,MEANQ-A-K,,0.0,causal_drf,drf,-0.019532444129553655,0.000704015628600803,-0.02091231476161123,-0.01815257349749608,50
S1,D0,barycenter_rmse,MEANQ-A-K,,0.0,cwdb_dr,drf,-0.12131629368400285,0.0011388357126032884,-0.1235484116807053,-0.1190841756873004,50
S1,D0,barycenter_rmse,MEANQ-A-K,,1.0,causal_drf,cwdb_dr,0.08358819010322821,0.0015224044319170624,0.08060427741667077,0.08657210278978565,50
S1,D0,barycenter_rmse,MEANQ-A-K,,1.0,causal_drf,drf,-0.016454423946748203,0.0007960612660691702,-0.01801470402824378,-0.01489414386525263,50
S1,D0,barycenter_rmse,MEANQ-A-K,,1.0,cwdb_dr,drf,-0.10004261404997641,0.0013508507234757034,-0.1026902814679888,-0.09739494663196403,50
S1,D0,mean_quantile_rmse,MEANQ-A-K,"arm contrast, the mandatory common target",,causal_drf,cwdb_dr,0.052462290087448654,0.0009634440924072747,0.0505739396663304,0.05435064050856691,50
S1,D0,mean_quantile_rmse,MEANQ-A-K,"arm contrast, the mandatory common target",,causal_drf,drf,-0.026976342689121025,0.0010192578366651271,-0.028974088048984672,-0.024978597329257377,50
S1,D0,mean_quantile_rmse,MEANQ-A-K,"arm contrast, the mandatory common target",,cwdb_dr,drf,-0.07943863277656968,0.001097563526081314,-0.08158985728768905,-0.0772874082654503,50
S1,D0,plugin_reference_tate_abs_error,REF-ATE-K,plugin reference contrast; marginal absolute error,,causal_drf,cwdb_dr,-0.026550149522496673,0.0013839689818401944,-0.029262728726903456,-0.02383757031808989,50
S1,D0,plugin_reference_tate_abs_error,REF-ATE-K,plugin reference contrast; marginal absolute error,,causal_drf,drf,0.0002812863644957118,0.0006789768353033753,-0.0010495082326989038,0.0016120809616903273,50
S1,D0,plugin_reference_tate_abs_error,REF-ATE-K,plugin reference contrast; marginal absolute error,,cwdb_dr,drf,0.026831435886992383,0.0015673036737214618,0.02375952068649832,0.029903351087486447,50
S1,D0,plugin_reference_tcate_rmse,REF-TCATE-K,"plugin reference contrast; RMSE over four strata of X1 with edges (-0.5, 0.0, 0.5)",,causal_drf,cwdb_dr,0.041823282974716484,0.0014730334076171274,0.038936137495786914,0.044710428453646055,50
S1,D0,plugin_reference_tcate_rmse,REF-TCATE-K,"plugin reference contrast; RMSE over four strata of X1 with edges (-0.5, 0.0, 0.5)",,causal_drf,drf,0.008111918655077377,0.0011756937700288547,0.005807558865820822,0.010416278444333932,50
S1,D0,plugin_reference_tcate_rmse,REF-TCATE-K,"plugin reference contrast; RMSE over four strata of X1 with edges (-0.5, 0.0, 0.5)",,cwdb_dr,drf,-0.03371136431963911,0.0014100758063525483,-0.036475112900090104,-0.03094761573918811,50
S1,D0,plugin_tate_abs_error,TATE-K-grid_mean,plugin functional contrast; marginal absolute error,,causal_drf,cwdb_dr,0.031406712277845486,0.0018945080008744546,0.027693476596131555,0.03511994795955942,50
S1,D0,plugin_tate_abs_error,TATE-K-grid_mean,plugin functional contrast; marginal absolute error,,causal_drf,drf,0.018084632318578996,0.0008302710072579621,0.01645730114435339,0.0197119634928046,50
S1,D0,plugin_tate_abs_error,TATE-K-grid_mean,plugin functional contrast; marginal absolute error,,cwdb_dr,drf,-0.013322079959266493,0.001761087812864072,-0.016773812072480073,-0.009870347846052912,50
S1,D0,plugin_tate_abs_error,TATE-K-grid_sd,plugin functional contrast; marginal absolute error,,causal_drf,cwdb_dr,0.0065323667610441664,0.0011245121295527126,0.004328322987120849,0.008736410534967484,50
S1,D0,plugin_tate_abs_error,TATE-K-grid_sd,plugin functional contrast; marginal absolute error,,causal_drf,drf,0.001196825737113853,0.0004788378572741638,0.00025830353685649186,0.0021353479373712137,50
S1,D0,plugin_tate_abs_error,TATE-K-grid_sd,plugin functional contrast; marginal absolute error,,cwdb_dr,drf,-0.0053355410239303135,0.0011132055545227616,-0.007517423910794926,-0.003153658137065701,50
S1,D0,plugin_tate_abs_error,TATE-K-grid_skewness,plugin functional contrast; marginal absolute error,,causal_drf,cwdb_dr,-0.012393282548067904,0.0012822003244478805,-0.01490639518398575,-0.009880169912150058,50
S1,D0,plugin_tate_abs_error,TATE-K-grid_skewness,plugin functional contrast; marginal absolute error,,causal_drf,drf,2.583128150847663e-19,4.728288662640123e-19,-6.684317627926976e-19,1.1850573929622303e-18,50
S1,D0,plugin_tate_abs_error,TATE-K-grid_skewness,plugin functional contrast; marginal absolute error,,cwdb_dr,drf,0.012393282548067906,0.0012822003244478805,0.00988016991215006,0.014906395183985751,50
S1,D0,plugin_tate_abs_error,TATE-K-grid_upper_tail_mean,plugin functional contrast; marginal absolute error,,causal_drf,cwdb_dr,0.03915298735752752,0.0021550392974393545,0.03492911033454639,0.04337686438050865,50
S1,D0,plugin_tate_abs_error,TATE-K-grid_upper_tail_mean,plugin functional contrast; marginal absolute error,,causal_drf,drf,0.020513138905929876,0.001022342015541415,0.018509348555468704,0.02251692925639105,50
S1,D0,plugin_tate_abs_error,TATE-K-grid_upper_tail_mean,plugin functional contrast; marginal absolute error,,cwdb_dr,drf,-0.018639848451597645,0.0022147974187967465,-0.02298085139243927,-0.014298845510756022,50
S1,D0,plugin_tcate_rmse,TCATE-K-grid_mean,"plugin functional contrast; RMSE over four strata of X1 with edges (-0.5, 0.0, 0.5)",,causal_drf,cwdb_dr,0.03969077515262197,0.0012920385976161045,0.0371583795012944,0.042223170803949536,50
S1,D0,plugin_tcate_rmse,TCATE-K-grid_mean,"plugin functional contrast; RMSE over four strata of X1 with edges (-0.5, 0.0, 0.5)",,causal_drf,drf,0.016680146828248255,0.0012057180728564276,0.014316939405449657,0.019043354251046852,50
S1,D0,plugin_tcate_rmse,TCATE-K-grid_mean,"plugin functional contrast; RMSE over four strata of X1 with edges (-0.5, 0.0, 0.5)",,cwdb_dr,drf,-0.023010628324373714,0.0013021050006235997,-0.025562754125595968,-0.02045850252315146,50
S1,D0,plugin_tcate_rmse,TCATE-K-grid_sd,"plugin functional contrast; RMSE over four strata of X1 with edges (-0.5, 0.0, 0.5)",,causal_drf,cwdb_dr,0.00560213922104553,0.001011915747965318,0.0036187843550335064,0.007585494087057554,50
S1,D0,plugin_tcate_rmse,TCATE-K-grid_sd,"plugin functional contrast; RMSE over four strata of X1 with edges (-0.5, 0.0, 0.5)",,causal_drf,drf,0.0006544239801948813,0.0006016032422360835,-0.0005247183745878425,0.0018335663349776051,50
S1,D0,plugin_tcate_rmse,TCATE-K-grid_sd,"plugin functional contrast; RMSE over four strata of X1 with edges (-0.5, 0.0, 0.5)",,cwdb_dr,drf,-0.0049477152408506486,0.0011102025260648746,-0.007123712191937803,-0.0027717182897634943,50
S1,D0,plugin_tcate_rmse,TCATE-K-grid_skewness,"plugin functional contrast; RMSE over four strata of X1 with edges (-0.5, 0.0, 0.5)",,causal_drf,cwdb_dr,-0.014093116777384942,0.001149800316234646,-0.01634672539720485,-0.011839508157565036,50
S1,D0,plugin_tcate_rmse,TCATE-K-grid_skewness,"plugin functional contrast; RMSE over four strata of X1 with edges (-0.5, 0.0, 0.5)",,causal_drf,drf,4.776879075956607e-19,5.12667075132031e-19,-5.271395596631201e-19,1.4825153748544415e-18,50
S1,D0,plugin_tcate_rmse,TCATE-K-grid_skewness,"plugin functional contrast; RMSE over four strata of X1 with edges (-0.5, 0.0, 0.5)",,cwdb_dr,drf,0.014093116777384944,0.001149800316234646,0.011839508157565038,0.016346725397204852,50
S1,D0,plugin_tcate_rmse,TCATE-K-grid_upper_tail_mean,"plugin functional contrast; RMSE over four strata of X1 with edges (-0.5, 0.0, 0.5)",,causal_drf,cwdb_dr,0.04387211627374442,0.001767408724845774,0.040407995173046704,0.04733623737444213,50
S1,D0,plugin_tcate_rmse,TCATE-K-grid_upper_tail_mean,"plugin functional contrast; RMSE over four strata of X1 with edges (-0.5, 0.0, 0.5)",,causal_drf,drf,0.01832666706973772,0.0012697049173385664,0.01583804543175413,0.02081528870772131,50
S1,D0,plugin_tcate_rmse,TCATE-K-grid_upper_tail_mean,"plugin functional contrast; RMSE over four strata of X1 with edges (-0.5, 0.0, 0.5)",,cwdb_dr,drf,-0.0255454492040067,0.0017254434027701307,-0.028927318273436156,-0.02216358013457724,50
S2,D2,aipw_reference_tate_abs_error,REF-ATE-K,aipw reference contrast; marginal absolute error,,causal_drf,cwdb_dr,-0.0016936110991328558,0.0012531268721897196,-0.004149739768624706,0.0007625175703589943,50
S2,D2,aipw_reference_tate_abs_error,REF-ATE-K,aipw reference contrast; marginal absolute error,,causal_drf,drf,0.00023885725609575081,0.00010939819262336199,2.4436798553961313e-05,0.0004532777136375403,50
S2,D2,aipw_reference_tate_abs_error,REF-ATE-K,aipw reference contrast; marginal absolute error,,cwdb_dr,drf,0.0019324683552286066,0.001302112338060434,-0.0006196718273698441,0.004484608537827057,50
S2,D2,aipw_reference_tcate_rmse,REF-TCATE-K,"aipw reference contrast; RMSE over four strata of X1 with edges (-0.5, 0.0, 0.5)",,causal_drf,cwdb_dr,-0.00020903509180251328,0.0013321548484194767,-0.0028200585947046877,0.002401988411099661,50
S2,D2,aipw_reference_tcate_rmse,REF-TCATE-K,"aipw reference contrast; RMSE over four strata of X1 with edges (-0.5, 0.0, 0.5)",,causal_drf,drf,-0.00022031950322642935,0.00014264889832052693,-0.0004999113439346621,5.927233748180343e-05,50
S2,D2,aipw_reference_tcate_rmse,REF-TCATE-K,"aipw reference contrast; RMSE over four strata of X1 with edges (-0.5, 0.0, 0.5)",,cwdb_dr,drf,-1.1284411423916063e-05,0.0013603689997897703,-0.0026776076510118658,0.0026550388281640336,50
S2,D2,aipw_tate_abs_error,TATE-K-grid_mean,aipw functional contrast; marginal absolute error,,causal_drf,cwdb_dr,4.113827935749506e-05,0.0012855483220483238,-0.0024785364318572196,0.0025608129905722097,50
S2,D2,aipw_tate_abs_error,TATE-K-grid_mean,aipw functional contrast; marginal absolute error,,causal_drf,drf,-0.00024905746730641623,0.0003752689677931979,-0.000984584644181084,0.0004864697095682516,50
S2,D2,aipw_tate_abs_error,TATE-K-grid_mean,aipw functional contrast; marginal absolute error,,cwdb_dr,drf,-0.0002901957466639113,0.0012550790623618636,-0.002750150708893164,0.0021697592155653415,50
S2,D2,aipw_tate_abs_error,TATE-K-grid_sd,aipw functional contrast; marginal absolute error,,causal_drf,cwdb_dr,-0.0025833005299304226,0.000844852292592274,-0.0042392110234112795,-0.0009273900364495657,50
S2,D2,aipw_tate_abs_error,TATE-K-grid_sd,aipw functional contrast; marginal absolute error,,causal_drf,drf,0.00010464737804959101,9.478795847105408e-05,-8.113702055367498e-05,0.000290431776652857,50
S2,D2,aipw_tate_abs_error,TATE-K-grid_sd,aipw functional contrast; marginal absolute error,,cwdb_dr,drf,0.0026879479079800137,0.0008548692008888002,0.0010124042742379652,0.004363491541722062,50
S2,D2,aipw_tate_abs_error,TATE-K-grid_skewness,aipw functional contrast; marginal absolute error,,causal_drf,cwdb_dr,-3.301912851453006e-05,1.6509551473355883e-05,-6.537784940230759e-05,-6.604076267525329e-07,50
S2,D2,aipw_tate_abs_error,TATE-K-grid_skewness,aipw functional contrast; marginal absolute error,,causal_drf,drf,1.118990401852084e-19,9.585660464040711e-20,-7.597990490998954e-20,2.997779852804063e-19,50
S2,D2,aipw_tate_abs_error,TATE-K-grid_skewness,aipw functional contrast; marginal absolute error,,cwdb_dr,drf,3.301912851453017e-05,1.6509551473355883e-05,6.604076267526413e-07,6.53778494023077e-05,50
S2,D2,aipw_tate_abs_error,TATE-K-grid_upper_tail_mean,aipw functional contrast; marginal absolute error,,causal_drf,cwdb_dr,-0.0007367244913479877,0.0013392772199069662,-0.0033617078423656415,0.001888258859669666,50
S2,D2,aipw_tate_abs_error,TATE-K-grid_upper_tail_mean,aipw functional contrast; marginal absolute error,,causal_drf,drf,-0.0004775802400937869,0.00032293983934135614,-0.0011105423252028449,0.0001553818450152711,50
S2,D2,aipw_tate_abs_error,TATE-K-grid_upper_tail_mean,aipw functional contrast; marginal absolute error,,cwdb_dr,drf,0.0002591442512542008,0.0013070346158654317,-0.002302643595842045,0.0028209320983504467,50
S2,D2,aipw_tcate_rmse,TCATE-K-grid_mean,"aipw functional contrast; RMSE over four strata of X1 with edges (-0.5, 0.0, 0.5)",,causal_drf,cwdb_dr,0.0030285471999635036,0.001805021686234515,-0.0005092953050561456,0.006566389704983152,50
S2,D2,aipw_tcate_rmse,TCATE-K-grid_mean,"aipw functional contrast; RMSE over four strata of X1 with edges (-0.5, 0.0, 0.5)",,causal_drf,drf,0.0016455423153672114,0.0006256730518819053,0.0004192231336786769,0.002871861497055746,50
S2,D2,aipw_tcate_rmse,TCATE-K-grid_mean,"aipw functional contrast; RMSE over four strata of X1 with edges (-0.5, 0.0, 0.5)",,cwdb_dr,drf,-0.0013830048845962922,0.0016879928660333081,-0.004691470902021576,0.0019254611328289916,50
S2,D2,aipw_tcate_rmse,TCATE-K-grid_sd,"aipw functional contrast; RMSE over four strata of X1 with edges (-0.5, 0.0, 0.5)",,causal_drf,cwdb_dr,-0.0011068617677555473,0.0007763732461175784,-0.002628553330146001,0.0004148297946349063,50
S2,D2,aipw_tcate_rmse,TCATE-K-grid_sd,"aipw functional contrast; RMSE over four strata of X1 with edges (-0.5, 0.0, 0.5)",,causal_drf,drf,-0.00042748107373728056,0.00016974544790415377,-0.000760182151629422,-9.477999584513917e-05,50
S2,D2,aipw_tcate_rmse,TCATE-K-grid_sd,"aipw functional contrast; RMSE over four strata of X1 with edges (-0.5, 0.0, 0.5)",,cwdb_dr,drf,0.0006793806940182667,0.0008550055869157652,-0.0009964302563366329,0.0023551916443731663,50
S2,D2,aipw_tcate_rmse,TCATE-K-grid_skewness,"aipw functional contrast; RMSE over four strata of X1 with edges (-0.5, 0.0, 0.5)",,causal_drf,cwdb_dr,-0.00021160119430259648,0.00010580057551340613,-0.00041897032230887247,-4.232066296320467e-06,50
S2,D2,aipw_tcate_rmse,TCATE-K-grid_skewness,"aipw functional contrast; RMSE over four strata of X1 with edges (-0.5, 0.0, 0.5)",,causal_drf,drf,2.3406833338086268e-19,8.739128562865481e-20,6.278141354869925e-20,4.053552532130261e-19,50
S2,D2,aipw_tcate_rmse,TCATE-K-grid_skewness,"aipw functional contrast; RMSE over four strata of X1 with edges (-0.5, 0.0, 0.5)",,cwdb_dr,drf,0.00021160119430259673,0.00010580057551340615,4.2320662963206835e-06,0.0004189703223088728,50
S2,D2,aipw_tcate_rmse,TCATE-K-grid_upper_tail_mean,"aipw functional contrast; RMSE over four strata of X1 with edges (-0.5, 0.0, 0.5)",,causal_drf,cwdb_dr,0.002820582824428139,0.0018869083416220267,-0.0008777575251510336,0.006518923174007311,50
S2,D2,aipw_tcate_rmse,TCATE-K-grid_upper_tail_mean,"aipw functional contrast; RMSE over four strata of X1 with edges (-0.5, 0.0, 0.5)",,causal_drf,drf,0.001531921074371688,0.0006531272002566093,0.0002517917618687336,0.0028120503868746425,50
S2,D2,aipw_tcate_rmse,TCATE-K-grid_upper_tail_mean,"aipw functional contrast; RMSE over four strata of X1 with edges (-0.5, 0.0, 0.5)",,cwdb_dr,drf,-0.001288661750056451,0.0017846091613180168,-0.004786495706239764,0.002209172206126862,50
S2,D2,barycenter_rmse,MEANQ-A-K,,0.0,causal_drf,cwdb_dr,0.06243032382174274,0.0018591271822338811,0.05878643454456433,0.06607421309892114,50
S2,D2,barycenter_rmse,MEANQ-A-K,,0.0,causal_drf,drf,0.01781818514088529,0.0015806111708492978,0.014720187246020667,0.020916183035749915,50
S2,D2,barycenter_rmse,MEANQ-A-K,,0.0,cwdb_dr,drf,-0.04461213868085745,0.0012538274294253242,-0.047069640442531084,-0.042154636919183815,50
S2,D2,barycenter_rmse,MEANQ-A-K,,1.0,causal_drf,cwdb_dr,0.06306296507974357,0.0015547512114366254,0.060015652705327785,0.06611027745415936,50
S2,D2,barycenter_rmse,MEANQ-A-K,,1.0,causal_drf,drf,0.02006917246572229,0.0015469813319485392,0.017037089055103153,0.023101255876341428,50
S2,D2,barycenter_rmse,MEANQ-A-K,,1.0,cwdb_dr,drf,-0.04299379261402128,0.0012036116088244466,-0.045352871367317193,-0.04063471386072537,50
S2,D2,mean_quantile_rmse,MEANQ-A-K,"arm contrast, the mandatory common target",,causal_drf,cwdb_dr,0.04946257986820676,0.003111882695995744,0.043363289784055105,0.05556186995235842,50
S2,D2,mean_quantile_rmse,MEANQ-A-K,"arm contrast, the mandatory common target",,causal_drf,drf,0.0212484092584235,0.0025600896595623355,0.016230633525681323,0.02626618499116568,50
S2,D2,mean_quantile_rmse,MEANQ-A-K,"arm contrast, the mandatory common target",,cwdb_dr,drf,-0.028214170609783262,0.0027472193324606245,-0.03359872050140609,-0.02282962071816044,50
S2,D2,plugin_reference_tate_abs_error,REF-ATE-K,plugin reference contrast; marginal absolute error,,causal_drf,cwdb_dr,0.006902422507613219,0.0014621948189525618,0.004036520662466198,0.00976832435276024,50
S2,D2,plugin_reference_tate_abs_error,REF-ATE-K,plugin reference contrast; marginal absolute error,,causal_drf,drf,0.0002472806960872008,0.0005724312807161626,-0.0008746846141164779,0.0013692460062908795,50
S2,D2,plugin_reference_tate_abs_error,REF-ATE-K,plugin reference contrast; marginal absolute error,,cwdb_dr,drf,-0.006655141811526018,0.0012121967334711612,-0.009031047409129495,-0.004279236213922542,50
S2,D2,plugin_reference_tcate_rmse,REF-TCATE-K,"plugin reference contrast; RMSE over four strata of X1 with edges (-0.5, 0.0, 0.5)",,causal_drf,cwdb_dr,0.007890117453052535,0.00135306698944419,0.005238106153741923,0.010542128752363147,50
S2,D2,plugin_reference_tcate_rmse,REF-TCATE-K,"plugin reference contrast; RMSE over four strata of X1 with edges (-0.5, 0.0, 0.5)",,causal_drf,drf,-0.002647441654292808,0.0007668544337979463,-0.004150476344536783,-0.001144406964048833,50
S2,D2,plugin_reference_tcate_rmse,REF-TCATE-K,"plugin reference contrast; RMSE over four strata of X1 with edges (-0.5, 0.0, 0.5)",,cwdb_dr,drf,-0.010537559107345343,0.001204722494553657,-0.01289881519667051,-0.008176303018020175,50
S2,D2,plugin_tate_abs_error,TATE-K-grid_mean,plugin functional contrast; marginal absolute error,,causal_drf,cwdb_dr,0.04949073713262457,0.0036137879437695363,0.04240771276283628,0.05657376150241286,50
S2,D2,plugin_tate_abs_error,TATE-K-grid_mean,plugin functional contrast; marginal absolute error,,causal_drf,drf,0.04104416870992101,0.002833798198996925,0.03548992423988703,0.04659841317995499,50
S2,D2,plugin_tate_abs_error,TATE-K-grid_mean,plugin functional contrast; marginal absolute error,,cwdb_dr,drf,-0.008446568422703561,0.0018360825109271922,-0.012045290144120858,-0.004847846701286265,50
S2,D2,plugin_tate_abs_error,TATE-K-grid_sd,plugin functional contrast; marginal absolute error,,causal_drf,cwdb_dr,0.0023136187995903175,0.001279485370948045,-0.00019417252746785048,0.004821410126648485,50
S2,D2,plugin_tate_abs_error,TATE-K-grid_sd,plugin functional contrast; marginal absolute error,,causal_drf,drf,-8.871387780260559e-05,0.0006035535637728767,-0.001271678862797444,0.0010942511071922328,50
S2,D2,plugin_tate_abs_error,TATE-K-grid_sd,plugin functional contrast; marginal absolute error,,cwdb_dr,drf,-0.002402332677392923,0.0009829341142182286,-0.004328883541260651,-0.0004757818135251951,50
S2,D2,plugin_tate_abs_error,TATE-K-grid_skewness,plugin functional contrast; marginal absolute error,,causal_drf,cwdb_dr,-3.354762982688752e-14,1.678109188646094e-14,-6.643856992435096e-14,-6.566897294240764e-16,50
S2,D2,plugin_tate_abs_error,TATE-K-grid_skewness,plugin functional contrast; marginal absolute error,,causal_drf,drf,4.189747739303454e-19,7.07615495087853e-19,-9.679515964418465e-19,1.8059011443025375e-18,50
S2,D2,plugin_tate_abs_error,TATE-K-grid_skewness,plugin functional contrast; marginal absolute error,,cwdb_dr,drf,3.3548048801661446e-14,1.6781081207803472e-14,6.571296343666431e-16,6.643896796895624e-14,50
S2,D2,plugin_tate_abs_error,TATE-K-grid_upper_tail_mean,plugin functional contrast; marginal absolute error,,causal_drf,cwdb_dr,0.046722650972408714,0.003894949295737358,0.03908855035276349,0.054356751592053935,50
S2,D2,plugin_tate_abs_error,TATE-K-grid_upper_tail_mean,plugin functional contrast; marginal absolute error,,causal_drf,drf,0.03861382103401991,0.002841055630476416,0.033045351998286135,0.04418229006975369,50
S2,D2,plugin_tate_abs_error,TATE-K-grid_upper_tail_mean,plugin functional contrast; marginal absolute error,,cwdb_dr,drf,-0.008108829938388802,0.002126330973772336,-0.01227643864698258,-0.003941221229795024,50
S2,D2,plugin_tcate_rmse,TCATE-K-grid_mean,"plugin functional contrast; RMSE over four strata of X1 with edges (-0.5, 0.0, 0.5)",,causal_drf,cwdb_dr,0.047960142983609386,0.0034141576396946823,0.04126839400980781,0.054651891957410964,50
S2,D2,plugin_tcate_rmse,TCATE-K-grid_mean,"plugin functional contrast; RMSE over four strata of X1 with edges (-0.5, 0.0, 0.5)",,causal_drf,drf,0.03037156556754079,0.003019919990551636,0.02445252238605958,0.03629060874902199,50
S2,D2,plugin_tcate_rmse,TCATE-K-grid_mean,"plugin functional contrast; RMSE over four strata of X1 with edges (-0.5, 0.0, 0.5)",,cwdb_dr,drf,-0.017588577416068594,0.0018312996050563917,-0.021177924641979123,-0.013999230190158066,50
S2,D2,plugin_tcate_rmse,TCATE-K-grid_sd,"plugin functional contrast; RMSE over four strata of X1 with edges (-0.5, 0.0, 0.5)",,causal_drf,cwdb_dr,0.0034051762936347547,0.0012462989011463464,0.000962430447387916,0.0058479221398815935,50
S2,D2,plugin_tcate_rmse,TCATE-K-grid_sd,"plugin functional contrast; RMSE over four strata of X1 with edges (-0.5, 0.0, 0.5)",,causal_drf,drf,-0.0009779749465587337,0.0005578775485911285,-0.0020714149417973456,0.0001154650486798782,50
S2,D2,plugin_tcate_rmse,TCATE-K-grid_sd,"plugin functional contrast; RMSE over four strata of X1 with edges (-0.5, 0.0, 0.5)",,cwdb_dr,drf,-0.004383151240193488,0.0010457415666746558,-0.006432804710875813,-0.002333497769511163,50
S2,D2,plugin_tcate_rmse,TCATE-K-grid_skewness,"plugin functional contrast; RMSE over four strata of X1 with edges (-0.5, 0.0, 0.5)",,causal_drf,cwdb_dr,-3.734459083444537e-14,1.868119331550542e-14,-7.395972973283599e-14,-7.294519360547438e-16,50
S2,D2,plugin_tcate_rmse,TCATE-K-grid_skewness,"plugin functional contrast; RMSE over four strata of X1 with edges (-0.5, 0.0, 0.5)",,causal_drf,drf,-2.800104552012274e-20,6.4673392533796405e-19,-1.2955995391825323e-18,1.2395974481422869e-18,50
S2,D2,plugin_tcate_rmse,TCATE-K-grid_skewness,"plugin functional contrast; RMSE over four strata of X1 with edges (-0.5, 0.0, 0.5)",,cwdb_dr,drf,3.734456283339985e-14,1.8681152588487376e-14,7.29503759964591e-16,7.39596219068351e-14,50
S2,D2,plugin_tcate_rmse,TCATE-K-grid_upper_tail_mean,"plugin functional contrast; RMSE over four strata of X1 with edges (-0.5, 0.0, 0.5)",,causal_drf,cwdb_dr,0.04576754532866767,0.0036349737443643277,0.038642996789713585,0.05289209386762175,50
S2,D2,plugin_tcate_rmse,TCATE-K-grid_upper_tail_mean,"plugin functional contrast; RMSE over four strata of X1 with edges (-0.5, 0.0, 0.5)",,causal_drf,drf,0.028234702562235127,0.003221340920592468,0.02192087435787389,0.034548530766596364,50
S2,D2,plugin_tcate_rmse,TCATE-K-grid_upper_tail_mean,"plugin functional contrast; RMSE over four strata of X1 with edges (-0.5, 0.0, 0.5)",,cwdb_dr,drf,-0.01753284276643254,0.0020249377351737275,-0.021501720727373046,-0.013563964805492032,50
S3,D5,aipw_reference_tate_abs_error,REF-ATE-K,aipw reference contrast; marginal absolute error,,causal_drf,cwdb_dr,-0.0011922096481828404,0.0011505615767265507,-0.0034473103385668797,0.001062891042201199,50
S3,D5,aipw_reference_tate_abs_error,REF-ATE-K,aipw reference contrast; marginal absolute error,,causal_drf,drf,6.126347582975644e-05,0.0002234378001287717,-0.00037667461242263606,0.0004992015640821489,50
S3,D5,aipw_reference_tate_abs_error,REF-ATE-K,aipw reference contrast; marginal absolute error,,cwdb_dr,drf,0.0012534731240125968,0.0012706390881673704,-0.001236979488795449,0.0037439257368206426,50
S3,D5,aipw_reference_tcate_rmse,REF-TCATE-K,"aipw reference contrast; RMSE over four strata of X4 with edges (-0.5, 0.0, 0.5)",,causal_drf,cwdb_dr,-0.0003218523686611685,0.0012456995198370528,-0.002763423427541792,0.002119718690219455,50
S3,D5,aipw_reference_tcate_rmse,REF-TCATE-K,"aipw reference contrast; RMSE over four strata of X4 with edges (-0.5, 0.0, 0.5)",,causal_drf,drf,-0.0007938226894198194,0.00022734915526704923,-0.0012394270337432358,-0.00034821834509640297,50
S3,D5,aipw_reference_tcate_rmse,REF-TCATE-K,"aipw reference contrast; RMSE over four strata of X4 with edges (-0.5, 0.0, 0.5)",,cwdb_dr,drf,-0.0004719703207586509,0.0013775479146603943,-0.0031719642334930237,0.002228023591975722,50
S3,D5,aipw_tate_abs_error,TATE-K-grid_mean,aipw functional contrast; marginal absolute error,,causal_drf,cwdb_dr,0.00011052808836625738,0.001310295151997215,-0.0024576504095482838,0.0026787065862807985,50
S3,D5,aipw_tate_abs_error,TATE-K-grid_mean,aipw functional contrast; marginal absolute error,,causal_drf,drf,-6.359537277591046e-05,0.0004104253734773389,-0.0008680291047914947,0.0007408383592396738,50
S3,D5,aipw_tate_abs_error,TATE-K-grid_mean,aipw functional contrast; marginal absolute error,,cwdb_dr,drf,-0.00017412346114216784,0.0013997701782072715,-0.00291767301042842,0.002569426088144084,50
S3,D5,aipw_tate_abs_error,TATE-K-grid_sd,aipw functional contrast; marginal absolute error,,causal_drf,cwdb_dr,-0.00048457310562425443,0.000831685485826914,-0.002114676657845006,0.001145530446596497,50
S3,D5,aipw_tate_abs_error,TATE-K-grid_sd,aipw functional contrast; marginal absolute error,,causal_drf,drf,-1.9372249116987594e-05,0.0001968372092054579,-0.00040517317915968507,0.0003664286809257099,50
S3,D5,aipw_tate_abs_error,TATE-K-grid_sd,aipw functional contrast; marginal absolute error,,cwdb_dr,drf,0.00046520085650726684,0.0008378893260951917,-0.0011770622226393089,0.0021074639356538426,50
S3,D5,aipw_tate_abs_error,TATE-K-grid_skewness,aipw functional contrast; marginal absolute error,,causal_drf,cwdb_dr,-0.0009368661540898483,0.00012117421229037431,-0.001174367610178982,-0.0006993646980007146,50
S3,D5,aipw_tate_abs_error,TATE-K-grid_skewness,aipw functional contrast; marginal absolute error,,causal_drf,drf,1.0919623603226556e-19,1.0834715059044859e-19,-1.0316417912501368e-19,3.215566511895448e-19,50
S3,D5,aipw_tate_abs_error,TATE-K-grid_skewness,aipw functional contrast; marginal absolute error,,cwdb_dr,drf,0.0009368661540898484,0.00012117421229037433,0.0006993646980007147,0.001174367610178982,50
S3,D5,aipw_tate_abs_error,TATE-K-grid_upper_tail_mean,aipw functional contrast; marginal absolute error,,causal_drf,cwdb_dr,-0.00029972174443140126,0.001556207941881821,-0.0033498893105197705,0.002750445821656968,50
S3,D5,aipw_tate_abs_error,TATE-K-grid_upper_tail_mean,aipw functional contrast; marginal absolute error,,causal_drf,drf,-0.0005159244863119153,0.0005448055690255966,-0.0015837434016020846,0.000551894428978254,50
S3,D5,aipw_tate_abs_error,TATE-K-grid_upper_tail_mean,aipw functional contrast; marginal absolute error,,cwdb_dr,drf,-0.00021620274188051403,0.001747568688264583,-0.0036414373708790965,0.0032090318871180685,50
S3,D5,aipw_tcate_rmse,TCATE-K-grid_mean,"aipw functional contrast; RMSE over four strata of X4 with edges (-0.5, 0.0, 0.5)",,causal_drf,cwdb_dr,0.00464322924559539,0.001660397636476027,0.0013888498781023774,0.007897608613088403,50
S3,D5,aipw_tcate_rmse,TCATE-K-grid_mean,"aipw functional contrast; RMSE over four strata of X4 with edges (-0.5, 0.0, 0.5)",,causal_drf,drf,-0.0012990601288278628,0.0005220915659685202,-0.0023223595981261627,-0.000275760659529563,50
S3,D5,aipw_tcate_rmse,TCATE-K-grid_mean,"aipw functional contrast; RMSE over four strata of X4 with edges (-0.5, 0.0, 0.5)",,cwdb_dr,drf,-0.005942289374423253,0.001759470534708897,-0.00939085162245269,-0.002493727126393815,50
S3,D5,aipw_tcate_rmse,TCATE-K-grid_sd,"aipw functional contrast; RMSE over four strata of X4 with edges (-0.5, 0.0, 0.5)",,causal_drf,cwdb_dr,-0.00129425298093018,0.0008183802298845502,-0.0028982782315038983,0.0003097722696435382,50
S3,D5,aipw_tcate_rmse,TCATE-K-grid_sd,"aipw functional contrast; RMSE over four strata of X4 with edges (-0.5, 0.0, 0.5)",,causal_drf,drf,-0.00021954889881552198,0.00023514185374899166,-0.0006804269321635456,0.00024132913453250165,50
S3,D5,aipw_tcate_rmse,TCATE-K-grid_sd,"aipw functional contrast; RMSE over four strata of X4 with edges (-0.5, 0.0, 0.5)",,cwdb_dr,drf,0.001074704082114658,0.0009351797009427694,-0.0007582481317331699,0.002907656295962486,50
S3,D5,aipw_tcate_rmse,TCATE-K-grid_skewness,"aipw functional contrast; RMSE over four strata of X4 with edges (-0.5, 0.0, 0.5)",,causal_drf,cwdb_dr,-0.00206091298160008,0.00017893225297979952,-0.0024116201974404873,-0.0017102057657596731,50
S3,D5,aipw_tcate_rmse,TCATE-K-grid_skewness,"aipw functional contrast; RMSE over four strata of X4 with edges (-0.5, 0.0, 0.5)",,causal_drf,drf,6.592332208748731e-20,9.186383520660034e-20,-1.1412979491744935e-19,2.45976439092424e-19,50
S3,D5,aipw_tcate_rmse,TCATE-K-grid_skewness,"aipw functional contrast; RMSE over four strata of X4 with edges (-0.5, 0.0, 0.5)",,cwdb_dr,drf,0.00206091298160008,0.0001789322529797995,0.0017102057657596731,0.0024116201974404873,50
S3,D5,aipw_tcate_rmse,TCATE-K-grid_upper_tail_mean,"aipw functional contrast; RMSE over four strata of X4 with edges (-0.5, 0.0, 0.5)",,causal_drf,cwdb_dr,0.002859601556512166,0.00174950338015334,-0.0005694250685883803,0.006288628181612712,50
S3,D5,aipw_tcate_rmse,TCATE-K-grid_upper_tail_mean,"aipw functional contrast; RMSE over four strata of X4 with edges (-0.5, 0.0, 0.5)",,causal_drf,drf,-0.0016307973748259513,0.0006692454576570462,-0.002942518471833762,-0.00031907627781814084,50
S3,D5,aipw_tcate_rmse,TCATE-K-grid_upper_tail_mean,"aipw functional contrast; RMSE over four strata of X4 with edges (-0.5, 0.0, 0.5)",,cwdb_dr,drf,-0.004490398931338117,0.0017646568422542246,-0.007949126342156398,-0.0010316715205198374,50
S3,D5,barycenter_rmse,MEANQ-A-K,,0.0,causal_drf,cwdb_dr,0.027490790619861677,0.0033055518149054035,0.021011909062647084,0.03396967217707627,50
S3,D5,barycenter_rmse,MEANQ-A-K,,0.0,causal_drf,drf,-0.0248265445008648,0.0008327258191431626,-0.0264586871063854,-0.0231944018953442,50
S3,D5,barycenter_rmse,MEANQ-A-K,,0.0,cwdb_dr,drf,-0.05231733512072648,0.003306213191821663,-0.058797512976696935,-0.04583715726475602,50
S3,D5,barycenter_rmse,MEANQ-A-K,,1.0,causal_drf,cwdb_dr,0.05335353122192529,0.00106340977678881,0.05126924805941922,0.055437814384431364,50
S3,D5,barycenter_rmse,MEANQ-A-K,,1.0,causal_drf,drf,-0.014744932522882725,0.0005920690120317316,-0.01590538778646492,-0.013584477259300532,50
S3,D5,barycenter_rmse,MEANQ-A-K,,1.0,cwdb_dr,drf,-0.06809846374480802,0.0010646493524588956,-0.07018517647562746,-0.06601175101398858,50
S3,D5,mean_quantile_rmse,MEANQ-A-K,"arm contrast, the mandatory common target",,causal_drf,cwdb_dr,-0.013247352522112246,0.007438174694220293,-0.027826174922784018,0.0013314698785595273,50
S3,D5,mean_quantile_rmse,MEANQ-A-K,"arm contrast, the mandatory common target",,causal_drf,drf,-0.016186851594447216,0.001700848080949854,-0.01952051383310893,-0.012853189355785503,50
S3,D5,mean_quantile_rmse,MEANQ-A-K,"arm contrast, the mandatory common target",,cwdb_dr,drf,-0.0029394990723349695,0.007793162339393668,-0.01821409725754656,0.01233509911287662,50
S3,D5,plugin_reference_tate_abs_error,REF-ATE-K,plugin reference contrast; marginal absolute error,,causal_drf,cwdb_dr,-0.09188179877411576,0.00219393286632752,-0.0961819071921177,-0.08758169035611382,50
S3,D5,plugin_reference_tate_abs_error,REF-ATE-K,plugin reference contrast; marginal absolute error,,causal_drf,drf,0.000289245341413058,0.0006144637310039817,-0.0009151035713547461,0.0014935942541808621,50
S3,D5,plugin_reference_tate_abs_error,REF-ATE-K,plugin reference contrast; marginal absolute error,,cwdb_dr,drf,0.09217104411552882,0.0021717646900338353,0.0879143853230625,0.09642770290799513,50
S3,D5,plugin_reference_tcate_rmse,REF-TCATE-K,"plugin reference contrast; RMSE over four strata of X4 with edges (-0.5, 0.0, 0.5)",,causal_drf,cwdb_dr,-0.08770155727562537,0.0021772420007538933,-0.091968951597103,-0.08343416295414774,50
S3,D5,plugin_reference_tcate_rmse,REF-TCATE-K,"plugin reference contrast; RMSE over four strata of X4 with edges (-0.5, 0.0, 0.5)",,causal_drf,drf,-0.002682477279215348,0.001154573084025172,-0.004945440523904684,-0.00041951403452601113,50
S3,D5,plugin_reference_tcate_rmse,REF-TCATE-K,"plugin reference contrast; RMSE over four strata of X4 with edges (-0.5, 0.0, 0.5)",,cwdb_dr,drf,0.08501907999641002,0.0021115052859429183,0.0808805296359619,0.08915763035685814,50
S3,D5,plugin_tate_abs_error,TATE-K-grid_mean,plugin functional contrast; marginal absolute error,,causal_drf,cwdb_dr,0.017591872748605627,0.0027380673602542646,0.012225260722507268,0.022958484774703986,50
S3,D5,plugin_tate_abs_error,TATE-K-grid_mean,plugin functional contrast; marginal absolute error,,causal_drf,drf,0.011963583171655235,0.0016202933209026966,0.00878780826268595,0.01513935808062452,50
S3,D5,plugin_tate_abs_error,TATE-K-grid_mean,plugin functional contrast; marginal absolute error,,cwdb_dr,drf,-0.005628289576950392,0.001927934653128874,-0.009407041497082984,-0.001849537656817799,50
S3,D5,plugin_tate_abs_error,TATE-K-grid_sd,plugin functional contrast; marginal absolute error,,causal_drf,cwdb_dr,-0.011314923762751526,0.0022006213519476982,-0.015628141612569015,-0.007001705912934038,50
S3,D5,plugin_tate_abs_error,TATE-K-grid_sd,plugin functional contrast; marginal absolute error,,causal_drf,drf,-0.0009000094557136615,0.001145781285705182,-0.003145740775695818,0.0013457218642684951,50
S3,D5,plugin_tate_abs_error,TATE-K-grid_sd,plugin functional contrast; marginal absolute error,,cwdb_dr,drf,0.010414914307037865,0.002496173187316582,0.005522414859897364,0.015307413754178364,50
S3,D5,plugin_tate_abs_error,TATE-K-grid_skewness,plugin functional contrast; marginal absolute error,,causal_drf,cwdb_dr,-0.007327124223076134,0.0033035811648325962,-0.013802143306148023,-0.0008521051400042457,50
S3,D5,plugin_tate_abs_error,TATE-K-grid_skewness,plugin functional contrast; marginal absolute error,,causal_drf,drf,2.8623188029995092e-19,4.75238335321782e-19,-6.452352569307418e-19,1.2176990175306436e-18,50
S3,D5,plugin_tate_abs_error,TATE-K-grid_skewness,plugin functional contrast; marginal absolute error,,cwdb_dr,drf,0.007327124223076135,0.0033035811648325962,0.0008521051400042466,0.013802143306148023,50
S3,D5,plugin_tate_abs_error,TATE-K-grid_upper_tail_mean,plugin functional contrast; marginal absolute error,,causal_drf,cwdb_dr,0.00917739160308223,0.002104625910924427,0.005052324817670353,0.013302458388494108,50
S3,D5,plugin_tate_abs_error,TATE-K-grid_upper_tail_mean,plugin functional contrast; marginal absolute error,,causal_drf,drf,0.010201049997536238,0.0019084003404065972,0.006460585330339308,0.013941514664733168,50
S3,D5,plugin_tate_abs_error,TATE-K-grid_upper_tail_mean,plugin functional contrast; marginal absolute error,,cwdb_dr,drf,0.0010236583944540079,0.0017801598215961265,-0.0024654548558744,0.0045127716447824155,50
S3,D5,plugin_tcate_rmse,TCATE-K-grid_mean,"plugin functional contrast; RMSE over four strata of X4 with edges (-0.5, 0.0, 0.5)",,causal_drf,cwdb_dr,0.015952924441343816,0.0025791630725524664,0.010897764819140981,0.02100808406354665,50
S3,D5,plugin_tcate_rmse,TCATE-K-grid_mean,"plugin functional contrast; RMSE over four strata of X4 with edges (-0.5, 0.0, 0.5)",,causal_drf,drf,0.01294827291136402,0.0014745036301439397,0.010058245796281898,0.01583830002644614,50
S3,D5,plugin_tcate_rmse,TCATE-K-grid_mean,"plugin functional contrast; RMSE over four strata of X4 with edges (-0.5, 0.0, 0.5)",,cwdb_dr,drf,-0.0030046515299797967,0.0018244618823465442,-0.006580596819379023,0.0005712937594194297,50
S3,D5,plugin_tcate_rmse,TCATE-K-grid_sd,"plugin functional contrast; RMSE over four strata of X4 with edges (-0.5, 0.0, 0.5)",,causal_drf,cwdb_dr,-0.013273151810906488,0.0019599419880099896,-0.017114638107406068,-0.009431665514406908,50
S3,D5,plugin_tcate_rmse,TCATE-K-grid_sd,"plugin functional contrast; RMSE over four strata of X4 with edges (-0.5, 0.0, 0.5)",,causal_drf,drf,-0.03475170940791028,0.0017336695941716565,-0.038149701812486725,-0.031353717003333836,50
S3,D5,plugin_tcate_rmse,TCATE-K-grid_sd,"plugin functional contrast; RMSE over four strata of X4 with edges (-0.5, 0.0, 0.5)",,cwdb_dr,drf,-0.021478557597003796,0.0022315266622654943,-0.025852349855044164,-0.017104765338963428,50
S3,D5,plugin_tcate_rmse,TCATE-K-grid_skewness,"plugin functional contrast; RMSE over four strata of X4 with edges (-0.5, 0.0, 0.5)",,causal_drf,cwdb_dr,-0.007458558512684776,0.0033507489788462915,-0.014026026511223508,-0.000891090514146045,50
S3,D5,plugin_tcate_rmse,TCATE-K-grid_skewness,"plugin functional contrast; RMSE over four strata of X4 with edges (-0.5, 0.0, 0.5)",,causal_drf,drf,7.729826623632472e-19,4.837402471919214e-19,-1.7514822213291871e-19,1.7211135468594132e-18,50
S3,D5,plugin_tcate_rmse,TCATE-K-grid_skewness,"plugin functional contrast; RMSE over four strata of X4 with edges (-0.5, 0.0, 0.5)",,cwdb_dr,drf,0.007458558512684777,0.0033507489788462915,0.0008910905141460458,0.014026026511223508,50
S3,D5,plugin_tcate_rmse,TCATE-K-grid_upper_tail_mean,"plugin functional contrast; RMSE over four strata of X4 with edges (-0.5, 0.0, 0.5)",,causal_drf,cwdb_dr,0.006176832729710861,0.0023020392814988634,0.0016648357379730888,0.010688829721448634,50
S3,D5,plugin_tcate_rmse,TCATE-K-grid_upper_tail_mean,"plugin functional contrast; RMSE over four strata of X4 with edges (-0.5, 0.0, 0.5)",,causal_drf,drf,-0.011424682256017137,0.0026744699623824034,-0.01666664338228665,-0.006182721129747626,50
S3,D5,plugin_tcate_rmse,TCATE-K-grid_upper_tail_mean,"plugin functional contrast; RMSE over four strata of X4 with edges (-0.5, 0.0, 0.5)",,cwdb_dr,drf,-0.017601514985727998,0.0021856570141265187,-0.021885402733415976,-0.01331762723804002,50
S4,D6,aipw_reference_tate_abs_error,REF-ATE-K,aipw reference contrast; marginal absolute error,,causal_drf,cwdb_dr,0.0003596696233787097,0.0011526390341967438,-0.0018995028836469078,0.0026188421304043272,50
S4,D6,aipw_reference_tate_abs_error,REF-ATE-K,aipw reference contrast; marginal absolute error,,causal_drf,drf,1.3349057559161603e-05,0.00017787856779814638,-0.0003352929353252053,0.0003619910504435285,50
S4,D6,aipw_reference_tate_abs_error,REF-ATE-K,aipw reference contrast; marginal absolute error,,cwdb_dr,drf,-0.0003463205658195481,0.001187588877439593,-0.0026739947656011505,0.0019813536339620542,50
S4,D6,aipw_reference_tcate_rmse,REF-TCATE-K,"aipw reference contrast; RMSE over four strata of X1 with edges (-0.5, 0.0, 0.5)",,causal_drf,cwdb_dr,-0.005410527242257365,0.0018075546076460015,-0.008953334273243529,-0.0018677202112712026,50
S4,D6,aipw_reference_tcate_rmse,REF-TCATE-K,"aipw reference contrast; RMSE over four strata of X1 with edges (-0.5, 0.0, 0.5)",,causal_drf,drf,-0.00016449735305708313,0.0002884102973476031,-0.0007297815358583852,0.00040078682974421895,50
S4,D6,aipw_reference_tcate_rmse,REF-TCATE-K,"aipw reference contrast; RMSE over four strata of X1 with edges (-0.5, 0.0, 0.5)",,cwdb_dr,drf,0.005246029889200282,0.0017300599208019075,0.0018551124444285434,0.008636947333972021,50
S4,D6,aipw_tate_abs_error,TATE-K-grid_mean,aipw functional contrast; marginal absolute error,,causal_drf,cwdb_dr,-0.0004400806777815347,0.0026534378128237448,-0.0056408187909160745,0.004760657435353005,50
S4,D6,aipw_tate_abs_error,TATE-K-grid_mean,aipw functional contrast; marginal absolute error,,causal_drf,drf,-0.00025684040109529016,0.0007826787339300538,-0.0017908907195981955,0.0012772099174076152,50
S4,D6,aipw_tate_abs_error,TATE-K-grid_mean,aipw functional contrast; marginal absolute error,,cwdb_dr,drf,0.00018324027668624454,0.002718347131800327,-0.005144720101642396,0.005511200655014885,50
S4,D6,aipw_tate_abs_error,TATE-K-grid_sd,aipw functional contrast; marginal absolute error,,causal_drf,cwdb_dr,-0.000138107745446708,0.00040562589689678894,-0.0009331345033644143,0.0006569190124709984,50
S4,D6,aipw_tate_abs_error,TATE-K-grid_sd,aipw functional contrast; marginal absolute error,,causal_drf,drf,0.00011070357608151428,9.182437435758178e-05,-6.9272197659346e-05,0.0002906793498223746,50
S4,D6,aipw_tate_abs_error,TATE-K-grid_sd,aipw functional contrast; marginal absolute error,,cwdb_dr,drf,0.0002488113215282223,0.0004269013532528528,-0.0005879153308473692,0.0010855379739038136,50
S4,D6,aipw_tate_abs_error,TATE-K-grid_skewness,aipw functional contrast; marginal absolute error,,causal_drf,cwdb_dr,-1.51566804437574e-15,5.240305769177293e-16,-2.5427679751344894e-15,-4.885681136169907e-16,50
S4,D6,aipw_tate_abs_error,TATE-K-grid_skewness,aipw functional contrast; marginal absolute error,,causal_drf,drf,-4.0988097303910206e-19,1.5618019326867347e-19,-7.15994151845702e-19,-1.0376779423250204e-19,50
S4,D6,aipw_tate_abs_error,TATE-K-grid_skewness,aipw functional contrast; marginal absolute error,,cwdb_dr,drf,1.5152581634027009e-15,5.240528281201011e-16,4.881146202873029e-16,2.542401706518099e-15,50
S4,D6,aipw_tate_abs_error,TATE-K-grid_upper_tail_mean,aipw functional contrast; marginal absolute error,,causal_drf,cwdb_dr,-0.0006192041198862658,0.002733202814876273,-0.005976281637043761,0.004737873397271229,50
S4,D6,aipw_tate_abs_error,TATE-K-grid_upper_tail_mean,aipw functional contrast; marginal absolute error,,causal_drf,drf,-0.00031342682657037324,0.0007763315086942088,-0.0018350365836110225,0.001208182930470276,50
S4,D6,aipw_tate_abs_error,TATE-K-grid_upper_tail_mean,aipw functional contrast; marginal absolute error,,cwdb_dr,drf,0.00030577729331589254,0.0028446720687405427,-0.005269779961415571,0.005881334548047356,50
S4,D6,aipw_tcate_rmse,TCATE-K-grid_mean,"aipw functional contrast; RMSE over four strata of X1 with edges (-0.5, 0.0, 0.5)",,causal_drf,cwdb_dr,-0.0021549886705267973,0.00290317747211661,-0.007845216515875353,0.0035352391748217585,50
S4,D6,aipw_tcate_rmse,TCATE-K-grid_mean,"aipw functional contrast; RMSE over four strata of X1 with edges (-0.5, 0.0, 0.5)",,causal_drf,drf,-0.001698599533253603,0.0009979910898898479,-0.0036546620694377046,0.0002574630029304986,50
S4,D6,aipw_tcate_rmse,TCATE-K-grid_mean,"aipw functional contrast; RMSE over four strata of X1 with edges (-0.5, 0.0, 0.5)",,cwdb_dr,drf,0.0004563891372731943,0.00307005267602613,-0.00556091410773802,0.006473692382284409,50
S4,D6,aipw_tcate_rmse,TCATE-K-grid_sd,"aipw functional contrast; RMSE over four strata of X1 with edges (-0.5, 0.0, 0.5)",,causal_drf,cwdb_dr,0.001407328390054436,0.0005174421249988634,0.0003931418250566639,0.002421514955052208,50
S4,D6,aipw_tcate_rmse,TCATE-K-grid_sd,"aipw functional contrast; RMSE over four strata of X1 with edges (-0.5, 0.0, 0.5)",,causal_drf,drf,-0.0006889621570737095,0.00016615627437514027,-0.0010146284548489845,-0.00036329585929843457,50
S4,D6,aipw_tcate_rmse,TCATE-K-grid_sd,"aipw functional contrast; RMSE over four strata of X1 with edges (-0.5, 0.0, 0.5)",,cwdb_dr,drf,-0.0020962905471281455,0.0006352918337605745,-0.0033414625412988715,-0.0008511185529574195,50
S4,D6,aipw_tcate_rmse,TCATE-K-grid_skewness,"aipw functional contrast; RMSE over four strata of X1 with edges (-0.5, 0.0, 0.5)",,causal_drf,cwdb_dr,-4.181534488922025e-15,1.386746603947616e-15,-6.899557832659353e-15,-1.463511145184697e-15,50
S4,D6,aipw_tcate_rmse,TCATE-K-grid_skewness,"aipw functional contrast; RMSE over four strata of X1 with edges (-0.5, 0.0, 0.5)",,causal_drf,drf,4.647328433120663e-20,2.1385329632271718e-19,-3.7267917646131903e-19,4.656257451237323e-19,50
S4,D6,aipw_tcate_rmse,TCATE-K-grid_skewness,"aipw functional contrast; RMSE over four strata of X1 with edges (-0.5, 0.0, 0.5)",,cwdb_dr,drf,4.181580962206356e-15,1.3867349356653853e-15,1.4635804883022009e-15,6.899581436110511e-15,50
S4,D6,aipw_tcate_rmse,TCATE-K-grid_upper_tail_mean,"aipw functional contrast; RMSE over four strata of X1 with edges (-0.5, 0.0, 0.5)",,causal_drf,cwdb_dr,-0.0024935050851414564,0.0029063987778923466,-0.008190046689810455,0.0032030365195275428,50
S4,D6,aipw_tcate_rmse,TCATE-K-grid_upper_tail_mean,"aipw functional contrast; RMSE over four strata of X1 with edges (-0.5, 0.0, 0.5)",,causal_drf,drf,-0.001783711517797576,0.0009998120006098077,-0.003743343038992799,0.00017592000339764716,50
S4,D6,aipw_tcate_rmse,TCATE-K-grid_upper_tail_mean,"aipw functional contrast; RMSE over four strata of X1 with edges (-0.5, 0.0, 0.5)",,cwdb_dr,drf,0.0007097935673438804,0.0031364331199568315,-0.005437615347771509,0.00685720248245927,50
S4,D6,barycenter_rmse,MEANQ-A-K,,0.0,causal_drf,cwdb_dr,-0.05576087109884009,0.004687281692863155,-0.06494794321685188,-0.04657379898082831,50
S4,D6,barycenter_rmse,MEANQ-A-K,,0.0,causal_drf,drf,-0.0255906559650248,0.0028637415900203155,-0.03120358948146462,-0.01997772244858498,50
S4,D6,barycenter_rmse,MEANQ-A-K,,0.0,cwdb_dr,drf,0.030170215133815292,0.00541358643350077,0.019559585724153783,0.0407808445434768,50
S4,D6,barycenter_rmse,MEANQ-A-K,,1.0,causal_drf,cwdb_dr,-0.09321865414587643,0.005094983099656553,-0.10320482102120328,-0.08323248727054959,50
S4,D6,barycenter_rmse,MEANQ-A-K,,1.0,causal_drf,drf,0.00680844900210309,0.0034339295465583525,7.794709084871926e-05,0.01353895091335746,50
S4,D6,barycenter_rmse,MEANQ-A-K,,1.0,cwdb_dr,drf,0.10002710314797952,0.004446535001510591,0.09131189454501877,0.10874231175094028,50
S4,D6,mean_quantile_rmse,MEANQ-A-K,"arm contrast, the mandatory common target",,causal_drf,cwdb_dr,0.016315088008584222,0.008383010417007031,-0.00011561240874955955,0.03274578842591801,50
S4,D6,mean_quantile_rmse,MEANQ-A-K,"arm contrast, the mandatory common target",,causal_drf,drf,0.016199476207537977,0.005150871719036518,0.006103767638226402,0.026295184776849553,50
S4,D6,mean_quantile_rmse,MEANQ-A-K,"arm contrast, the mandatory common target",,cwdb_dr,drf,-0.0001156118010462448,0.010180736394335031,-0.020069855133942906,0.019838631531850417,50
S4,D6,plugin_reference_tate_abs_error,REF-ATE-K,plugin reference contrast; marginal absolute error,,causal_drf,cwdb_dr,0.0030085053079891427,0.0030545888491490987,-0.0029784888363430908,0.008995499452321375,50
S4,D6,plugin_reference_tate_abs_error,REF-ATE-K,plugin reference contrast; marginal absolute error,,causal_drf,drf,-9.629402192996156e-05,0.0013288809462145893,-0.0027009006765105563,0.0025083126326506332,50
S4,D6,plugin_reference_tate_abs_error,REF-ATE-K,plugin reference contrast; marginal absolute error,,cwdb_dr,drf,-0.0031047993299191043,0.003019839522993318,-0.009023684794986008,0.0028140861351477996,50
S4,D6,plugin_reference_tcate_rmse,REF-TCATE-K,"plugin reference contrast; RMSE over four strata of X1 with edges (-0.5, 0.0, 0.5)",,causal_drf,cwdb_dr,0.011898178930423844,0.003299118936186427,0.005431905815498447,0.01836445204534924,50
S4,D6,plugin_reference_tcate_rmse,REF-TCATE-K,"plugin reference contrast; RMSE over four strata of X1 with edges (-0.5, 0.0, 0.5)",,causal_drf,drf,0.004699914373471156,0.0016220648198790996,0.0015206673265081212,0.007879161420434192,50
S4,D6,plugin_reference_tcate_rmse,REF-TCATE-K,"plugin reference contrast; RMSE over four strata of X1 with edges (-0.5, 0.0, 0.5)",,cwdb_dr,drf,-0.007198264556952688,0.003059406116846157,-0.013194700545971156,-0.0012018285679342208,50
S4,D6,plugin_tate_abs_error,TATE-K-grid_mean,plugin functional contrast; marginal absolute error,,causal_drf,cwdb_dr,0.06073786676931726,0.00807882478951652,0.04490337018186488,0.07657236335676963,50
S4,D6,plugin_tate_abs_error,TATE-K-grid_mean,plugin functional contrast; marginal absolute error,,causal_drf,drf,0.008471041416275263,0.003981690810800527,0.00066692742710623,0.016275155405444296,50
S4,D6,plugin_tate_abs_error,TATE-K-grid_mean,plugin functional contrast; marginal absolute error,,cwdb_dr,drf,-0.052266825353041994,0.008302004241233852,-0.06853875366586035,-0.03599489704022364,50
S4,D6,plugin_tate_abs_error,TATE-K-grid_sd,plugin functional contrast; marginal absolute error,,causal_drf,cwdb_dr,0.0015344464273854361,0.000796558936718332,-2.6809088582494455e-05,0.003095701943353367,50
S4,D6,plugin_tate_abs_error,TATE-K-grid_sd,plugin functional contrast; marginal absolute error,,causal_drf,drf,3.77685889778271e-05,0.0004413415276117458,-0.0008272608051411946,0.0009027979830968488,50
S4,D6,plugin_tate_abs_error,TATE-K-grid_sd,plugin functional contrast; marginal absolute error,,cwdb_dr,drf,-0.001496677838407609,0.0007046526303307794,-0.0028777969938559365,-0.00011555868295928156,50
S4,D6,plugin_tate_abs_error,TATE-K-grid_skewness,plugin functional contrast; marginal absolute error,,causal_drf,cwdb_dr,-5.1109661329741116e-17,1.1728613957523454e-17,-7.409774468648709e-17,-2.8121577972995145e-17,50
S4,D6,plugin_tate_abs_error,TATE-K-grid_skewness,plugin functional contrast; marginal absolute error,,causal_drf,drf,7.067759608265042e-19,9.456731549640494e-19,-1.1467434229030327e-18,2.560295344556041e-18,50
S4,D6,plugin_tate_abs_error,TATE-K-grid_skewness,plugin functional contrast; marginal absolute error,,cwdb_dr,drf,5.181643729056762e-17,1.1690619811814987e-17,2.890282245941024e-17,7.4730052121725e-17,50
S4,D6,plugin_tate_abs_error,TATE-K-grid_upper_tail_mean,plugin functional contrast; marginal absolute error,,causal_drf,cwdb_dr,0.060859523113209836,0.00805978162194882,0.045062351134190146,0.07665669509222953,50
S4,D6,plugin_tate_abs_error,TATE-K-grid_upper_tail_mean,plugin functional contrast; marginal absolute error,,causal_drf,drf,0.007608483121489151,0.003939456149142339,-0.00011285093082983363,0.015329817173808137,50
S4,D6,plugin_tate_abs_error,TATE-K-grid_upper_tail_mean,plugin functional contrast; marginal absolute error,,cwdb_dr,drf,-0.053251039991720685,0.008239384860449474,-0.06940023431820165,-0.03710184566523972,50
S4,D6,plugin_tcate_rmse,TCATE-K-grid_mean,"plugin functional contrast; RMSE over four strata of X1 with edges (-0.5, 0.0, 0.5)",,causal_drf,cwdb_dr,-0.02176498553585901,0.010532119330071957,-0.04240793942280005,-0.001122031648917974,50
S4,D6,plugin_tcate_rmse,TCATE-K-grid_mean,"plugin functional contrast; RMSE over four strata of X1 with edges (-0.5, 0.0, 0.5)",,causal_drf,drf,-0.015337971428548147,0.005624831543398311,-0.026362641253608834,-0.004313301603487458,50
S4,D6,plugin_tcate_rmse,TCATE-K-grid_mean,"plugin functional contrast; RMSE over four strata of X1 with edges (-0.5, 0.0, 0.5)",,cwdb_dr,drf,0.006427014107310863,0.011651378098659647,-0.016409686966062043,0.02926371518068377,50
S4,D6,plugin_tcate_rmse,TCATE-K-grid_sd,"plugin functional contrast; RMSE over four strata of X1 with edges (-0.5, 0.0, 0.5)",,causal_drf,cwdb_dr,0.0017034519610891787,0.0007189174334622673,0.00029437379150313485,0.0031125301306752224,50
S4,D6,plugin_tcate_rmse,TCATE-K-grid_sd,"plugin functional contrast; RMSE over four strata of X1 with edges (-0.5, 0.0, 0.5)",,causal_drf,drf,0.0015513293452682694,0.0004714684572010094,0.0006272511691542909,0.002475407521382248,50
S4,D6,plugin_tcate_rmse,TCATE-K-grid_sd,"plugin functional contrast; RMSE over four strata of X1 with edges (-0.5, 0.0, 0.5)",,cwdb_dr,drf,-0.00015212261582090922,0.0007658447525186823,-0.0016531783307575263,0.001348933099115708,50
S4,D6,plugin_tcate_rmse,TCATE-K-grid_skewness,"plugin functional contrast; RMSE over four strata of X1 with edges (-0.5, 0.0, 0.5)",,causal_drf,cwdb_dr,-8.191467157931359e-17,9.921871942403277e-18,-1.0136154058642401e-16,-6.246780257220317e-17,50
S4,D6,plugin_tcate_rmse,TCATE-K-grid_skewness,"plugin functional contrast; RMSE over four strata of X1 with edges (-0.5, 0.0, 0.5)",,causal_drf,drf,4.259210249157336e-18,1.28148907920811e-18,1.7474916539094405e-18,6.770928844405232e-18,50
S4,D6,plugin_tcate_rmse,TCATE-K-grid_skewness,"plugin functional contrast; RMSE over four strata of X1 with edges (-0.5, 0.0, 0.5)",,cwdb_dr,drf,8.617388182847093e-17,9.893749421261491e-18,6.678213296279841e-17,1.0556563069414345e-16,50
S4,D6,plugin_tcate_rmse,TCATE-K-grid_upper_tail_mean,"plugin functional contrast; RMSE over four strata of X1 with edges (-0.5, 0.0, 0.5)",,causal_drf,cwdb_dr,-0.02195737620591595,0.01046837093612741,-0.042475383240725674,-0.0014393691711062293,50
S4,D6,plugin_tcate_rmse,TCATE-K-grid_upper_tail_mean,"plugin functional contrast; RMSE over four strata of X1 with edges (-0.5, 0.0, 0.5)",,causal_drf,drf,-0.016665460650397063,0.005728334194636606,-0.02789299567188481,-0.005437925628909315,50
S4,D6,plugin_tcate_rmse,TCATE-K-grid_upper_tail_mean,"plugin functional contrast; RMSE over four strata of X1 with edges (-0.5, 0.0, 0.5)",,cwdb_dr,drf,0.005291915555518889,0.011642200463533021,-0.017526797353005833,0.02811062846404361,50
S5,D7,aipw_reference_tate_abs_error,REF-ATE-K,aipw reference contrast; marginal absolute error,,causal_drf,cwdb_dr,-0.0016976510207622197,0.0011669067781191543,-0.003984788305875762,0.0005894862643513227,50
S5,D7,aipw_reference_tate_abs_error,REF-ATE-K,aipw reference contrast; marginal absolute error,,causal_drf,drf,0.00019905142471059872,0.000123594183047148,-4.319317406181137e-05,0.0004412960234830088,50
S5,D7,aipw_reference_tate_abs_error,REF-ATE-K,aipw reference contrast; marginal absolute error,,cwdb_dr,drf,0.0018967024454728185,0.0012293662442857045,-0.0005128553933271621,0.004306260284272799,50
S5,D7,aipw_reference_tcate_rmse,REF-TCATE-K,"aipw reference contrast; RMSE over four strata of X1 with edges (-0.5, 0.0, 0.5)",,causal_drf,cwdb_dr,-0.0006515293232874156,0.0010495427845142792,-0.0027086331809354027,0.0014055745343605716,50
S5,D7,aipw_reference_tcate_rmse,REF-TCATE-K,"aipw reference contrast; RMSE over four strata of X1 with edges (-0.5, 0.0, 0.5)",,causal_drf,drf,-0.00033341960158238954,0.00012645718681357566,-0.0005812756877369978,-8.556351542778122e-05,50
S5,D7,aipw_reference_tcate_rmse,REF-TCATE-K,"aipw reference contrast; RMSE over four strata of X1 with edges (-0.5, 0.0, 0.5)",,cwdb_dr,drf,0.00031810972170502605,0.0010843373873270729,-0.0018071915574560367,0.002443411000866089,50
S5,D7,aipw_tate_abs_error,TATE-K-grid_mean,aipw functional contrast; marginal absolute error,,causal_drf,cwdb_dr,0.0007345813758662702,0.0012535143562447657,-0.0017223067623734706,0.003191469514106011,50
S5,D7,aipw_tate_abs_error,TATE-K-grid_mean,aipw functional contrast; marginal absolute error,,causal_drf,drf,-0.0005098028657341755,0.00035552577168015433,-0.001206633378227278,0.000187027646758927,50
S5,D7,aipw_tate_abs_error,TATE-K-grid_mean,aipw functional contrast; marginal absolute error,,cwdb_dr,drf,-0.0012443842416004457,0.0012639196465967619,-0.0037216667489300987,0.0012328982657292074,50
S5,D7,aipw_tate_abs_error,TATE-K-grid_sd,aipw functional contrast; marginal absolute error,,causal_drf,cwdb_dr,-0.0013694650974879138,0.0007114369468651868,-0.00276388151334368,2.4951318367852316e-05,50
S5,D7,aipw_tate_abs_error,TATE-K-grid_sd,aipw functional contrast; marginal absolute error,,causal_drf,drf,0.0001114786240787799,9.014889426636489e-05,-6.521320868329528e-05,0.0002881704568408551,50
S5,D7,aipw_tate_abs_error,TATE-K-grid_sd,aipw functional contrast; marginal absolute error,,cwdb_dr,drf,0.0014809437215666937,0.0007414087850857879,2.7782502798549607e-05,0.0029341049403348377,50
S5,D7,aipw_tate_abs_error,TATE-K-grid_skewness,aipw functional contrast; marginal absolute error,,causal_drf,cwdb_dr,-0.0013444328924870881,0.0004926189147952434,-0.002309965965485765,-0.0003788998194884112,50
S5,D7,aipw_tate_abs_error,TATE-K-grid_skewness,aipw functional contrast; marginal absolute error,,causal_drf,drf,3.5201771005802934e-05,0.00011524852332161943,-0.00019068533470457114,0.000261088876716177,50
S5,D7,aipw_tate_abs_error,TATE-K-grid_skewness,aipw functional contrast; marginal absolute error,,cwdb_dr,drf,0.001379634663492891,0.0004876095825218166,0.0004239198817501305,0.0023353494452356518,50
S5,D7,aipw_tate_abs_error,TATE-K-grid_upper_tail_mean,aipw functional contrast; marginal absolute error,,causal_drf,cwdb_dr,0.0001278037503329374,0.0013825210358211282,-0.002581937479876474,0.0028375449805423487,50
S5,D7,aipw_tate_abs_error,TATE-K-grid_upper_tail_mean,aipw functional contrast; marginal absolute error,,causal_drf,drf,-0.0005368399636830473,0.0003512816343385398,-0.0012253519669865854,0.00015167203962049075,50
S5,D7,aipw_tate_abs_error,TATE-K-grid_upper_tail_mean,aipw functional contrast; marginal absolute error,,cwdb_dr,drf,-0.0006646437140159847,0.0014577954495254642,-0.0035219227950858945,0.002192635367053925,50
S5,D7,aipw_tcate_rmse,TCATE-K-grid_mean,"aipw functional contrast; RMSE over four strata of X1 with edges (-0.5, 0.0, 0.5)",,causal_drf,cwdb_dr,0.0019088050615310853,0.00186553811027609,-0.0017476496346100511,0.005565259757672221,50
S5,D7,aipw_tcate_rmse,TCATE-K-grid_mean,"aipw functional contrast; RMSE over four strata of X1 with edges (-0.5, 0.0, 0.5)",,causal_drf,drf,0.00026668731480702923,0.00036855955648428256,-0.0004556894159021646,0.0009890640455162232,50
S5,D7,aipw_tcate_rmse,TCATE-K-grid_mean,"aipw functional contrast; RMSE over four strata of X1 with edges (-0.5, 0.0, 0.5)",,cwdb_dr,drf,-0.001642117746724056,0.0019427651741788208,-0.0054499374881145455,0.002165701994666433,50
S5,D7,aipw_tcate_rmse,TCATE-K-grid_sd,"aipw functional contrast; RMSE over four strata of X1 with edges (-0.5, 0.0, 0.5)",,causal_drf,cwdb_dr,0.0002345162929306005,0.0008185970220904027,-0.0013699338703665887,0.0018389664562277897,50
S5,D7,aipw_tcate_rmse,TCATE-K-grid_sd,"aipw functional contrast; RMSE over four strata of X1 with edges (-0.5, 0.0, 0.5)",,causal_drf,drf,-0.0003365907777840779,0.00013400855050172002,-0.0005992475367674491,-7.39340188007067e-05,50
S5,D7,aipw_tcate_rmse,TCATE-K-grid_sd,"aipw functional contrast; RMSE over four strata of X1 with edges (-0.5, 0.0, 0.5)",,cwdb_dr,drf,-0.0005711070707146784,0.0008882448838474057,-0.0023120670430555935,0.0011698529016262366,50
S5,D7,aipw_tcate_rmse,TCATE-K-grid_skewness,"aipw functional contrast; RMSE over four strata of X1 with edges (-0.5, 0.0, 0.5)",,causal_drf,cwdb_dr,0.004543849727578018,0.0007940480245813565,0.002987515599398559,0.0061001838557574765,50
S5,D7,aipw_tcate_rmse,TCATE-K-grid_skewness,"aipw functional contrast; RMSE over four strata of X1 with edges (-0.5, 0.0, 0.5)",,causal_drf,drf,-0.00505679757277642,0.0003552925167467946,-0.005753170905600138,-0.004360424239952703,50
S5,D7,aipw_tcate_rmse,TCATE-K-grid_skewness,"aipw functional contrast; RMSE over four strata of X1 with edges (-0.5, 0.0, 0.5)",,cwdb_dr,drf,-0.009600647300354438,0.0010712745524979145,-0.01170034542325035,-0.007500949177458525,50
S5,D7,aipw_tcate_rmse,TCATE-K-grid_upper_tail_mean,"aipw functional contrast; RMSE over four strata of X1 with edges (-0.5, 0.0, 0.5)",,causal_drf,cwdb_dr,0.0016100616497451217,0.001853867360648046,-0.0020235183771250484,0.005243641676615292,50
S5,D7,aipw_tcate_rmse,TCATE-K-grid_upper_tail_mean,"aipw functional contrast; RMSE over four strata of X1 with edges (-0.5, 0.0, 0.5)",,causal_drf,drf,0.0003454948623073176,0.000429975371382229,-0.0004972568656018512,0.0011882465902164864,50
S5,D7,aipw_tcate_rmse,TCATE-K-grid_upper_tail_mean,"aipw functional contrast; RMSE over four strata of X1 with edges (-0.5, 0.0, 0.5)",,cwdb_dr,drf,-0.0012645667874378042,0.0020059400448692436,-0.005196209275381522,0.0026670757005059133,50
S5,D7,barycenter_rmse,MEANQ-A-K,,0.0,causal_drf,cwdb_dr,0.03932124097004089,0.0016018176340296432,0.036181678407342786,0.04246080353273899,50
S5,D7,barycenter_rmse,MEANQ-A-K,,0.0,causal_drf,drf,-0.007458863222936235,0.0010090139525883342,-0.00943653057000937,-0.0054811958758631,50
S5,D7,barycenter_rmse,MEANQ-A-K,,0.0,cwdb_dr,drf,-0.04678010419297712,0.0011736952847017303,-0.04908054695099252,-0.04447966143496173,50
S5,D7,barycenter_rmse,MEANQ-A-K,,1.0,causal_drf,cwdb_dr,0.04078729291396041,0.0011297508558922422,0.03857298123641162,0.0430016045915092,50
S5,D7,barycenter_rmse,MEANQ-A-K,,1.0,causal_drf,drf,-0.006037317086102112,0.001116356315240791,-0.008225375463974062,-0.003849258708230162,50
S5,D7,barycenter_rmse,MEANQ-A-K,,1.0,cwdb_dr,drf,-0.04682461000006252,0.00111265551911001,-0.04900541481751814,-0.044643805182606904,50
S5,D7,mean_quantile_rmse,MEANQ-A-K,"arm contrast, the mandatory common target",,causal_drf,cwdb_dr,0.020608713429325277,0.0019296736950311735,0.01682655298706418,0.024390873871586376,50
S5,D7,mean_quantile_rmse,MEANQ-A-K,"arm contrast, the mandatory common target",,causal_drf,drf,0.007486588310315387,0.0019417689771261321,0.003680721115148168,0.011292455505482605,50
S5,D7,mean_quantile_rmse,MEANQ-A-K,"arm contrast, the mandatory common target",,cwdb_dr,drf,-0.01312212511900989,0.002089511097140376,-0.017217566869405027,-0.009026683368614754,50
S5,D7,plugin_reference_tate_abs_error,REF-ATE-K,plugin reference contrast; marginal absolute error,,causal_drf,cwdb_dr,0.003806232578910832,0.0018074533833884695,0.00026362394746943206,0.007348841210352232,50
S5,D7,plugin_reference_tate_abs_error,REF-ATE-K,plugin reference contrast; marginal absolute error,,causal_drf,drf,-6.288046089178087e-05,0.0004672332036654585,-0.0009786575400760795,0.0008528966182925178,50
S5,D7,plugin_reference_tate_abs_error,REF-ATE-K,plugin reference contrast; marginal absolute error,,cwdb_dr,drf,-0.003869113039802613,0.0015744935777868153,-0.006955120452264771,-0.0007831056273404553,50
S5,D7,plugin_reference_tcate_rmse,REF-TCATE-K,"plugin reference contrast; RMSE over four strata of X1 with edges (-0.5, 0.0, 0.5)",,causal_drf,cwdb_dr,0.0066653975975900295,0.0014079389107975208,0.0039058373324268886,0.00942495786275317,50
S5,D7,plugin_reference_tcate_rmse,REF-TCATE-K,"plugin reference contrast; RMSE over four strata of X1 with edges (-0.5, 0.0, 0.5)",,causal_drf,drf,-0.0019176538306458595,0.0005573503936479068,-0.003010060602195757,-0.0008252470590959622,50
S5,D7,plugin_reference_tcate_rmse,REF-TCATE-K,"plugin reference contrast; RMSE over four strata of X1 with edges (-0.5, 0.0, 0.5)",,cwdb_dr,drf,-0.008583051428235889,0.0013922332174298978,-0.011311828534398488,-0.0058542743220732895,50
S5,D7,plugin_tate_abs_error,TATE-K-grid_mean,plugin functional contrast; marginal absolute error,,causal_drf,cwdb_dr,0.025807707720879574,0.0028050838236178244,0.020309743426588638,0.03130567201517051,50
S5,D7,plugin_tate_abs_error,TATE-K-grid_mean,plugin functional contrast; marginal absolute error,,causal_drf,drf,0.01806143972563968,0.002198024196361255,0.01375331230077162,0.022369567150507738,50
S5,D7,plugin_tate_abs_error,TATE-K-grid_mean,plugin functional contrast; marginal absolute error,,cwdb_dr,drf,-0.007746267995239895,0.0016893972680025971,-0.011057486640524986,-0.004435049349954805,50
S5,D7,plugin_tate_abs_error,TATE-K-grid_sd,plugin functional contrast; marginal absolute error,,causal_drf,cwdb_dr,0.0024926952028402442,0.001298710228993852,-5.277684598770571e-05,0.005038167251668195,50
S5,D7,plugin_tate_abs_error,TATE-K-grid_sd,plugin functional contrast; marginal absolute error,,causal_drf,drf,0.0002769973618580307,0.0005861653923512554,-0.0008718868071504297,0.0014258815308664911,50
S5,D7,plugin_tate_abs_error,TATE-K-grid_sd,plugin functional contrast; marginal absolute error,,cwdb_dr,drf,-0.0022156978409822135,0.0010154259847170828,-0.004205932771027696,-0.0002254629109367315,50
S5,D7,plugin_tate_abs_error,TATE-K-grid_skewness,plugin functional contrast; marginal absolute error,,causal_drf,cwdb_dr,-0.0683168502899553,0.003937153791660521,-0.07603367172160991,-0.060600028858300674,50
S5,D7,plugin_tate_abs_error,TATE-K-grid_skewness,plugin functional contrast; marginal absolute error,,causal_drf,drf,0.0027758796642113007,0.0005064108277849033,0.0017833144417528902,0.0037684448866697113,50
S5,D7,plugin_tate_abs_error,TATE-K-grid_skewness,plugin functional contrast; marginal absolute error,,cwdb_dr,drf,0.0710927299541666,0.0038169508015269307,0.06361150638317381,0.07857395352515939,50
S5,D7,plugin_tate_abs_error,TATE-K-grid_upper_tail_mean,plugin functional contrast; marginal absolute error,,causal_drf,cwdb_dr,0.02215948147350997,0.0025237310598808338,0.017212968596143536,0.027105994350876402,50
S5,D7,plugin_tate_abs_error,TATE-K-grid_upper_tail_mean,plugin functional contrast; marginal absolute error,,causal_drf,drf,0.01656076294909695,0.002247639939298666,0.012155388668071565,0.020966137230122334,50
S5,D7,plugin_tate_abs_error,TATE-K-grid_upper_tail_mean,plugin functional contrast; marginal absolute error,,cwdb_dr,drf,-0.005598718524413019,0.00151160369159636,-0.008561461759941885,-0.002635975288884153,50
S5,D7,plugin_tcate_rmse,TCATE-K-grid_mean,"plugin functional contrast; RMSE over four strata of X1 with edges (-0.5, 0.0, 0.5)",,causal_drf,cwdb_dr,0.028851916307894892,0.002395376194277621,0.024156978967110755,0.03354685364867903,50
S5,D7,plugin_tcate_rmse,TCATE-K-grid_mean,"plugin functional contrast; RMSE over four strata of X1 with edges (-0.5, 0.0, 0.5)",,causal_drf,drf,0.011302676581667337,0.00248208925110581,0.0064377816494999495,0.016167571513834723,50
S5,D7,plugin_tcate_rmse,TCATE-K-grid_mean,"plugin functional contrast; RMSE over four strata of X1 with edges (-0.5, 0.0, 0.5)",,cwdb_dr,drf,-0.017549239726227555,0.002041676169273664,-0.021550925018003937,-0.013547554434451173,50
S5,D7,plugin_tcate_rmse,TCATE-K-grid_sd,"plugin functional contrast; RMSE over four strata of X1 with edges (-0.5, 0.0, 0.5)",,causal_drf,cwdb_dr,0.00435751704173001,0.001248301227852926,0.0019108466351382752,0.006804187448321745,50
S5,D7,plugin_tcate_rmse,TCATE-K-grid_sd,"plugin functional contrast; RMSE over four strata of X1 with edges (-0.5, 0.0, 0.5)",,causal_drf,drf,0.00042523702030925967,0.000564308806477151,-0.0006808082403859563,0.0015312822810044757,50
S5,D7,plugin_tcate_rmse,TCATE-K-grid_sd,"plugin functional contrast; RMSE over four strata of X1 with edges (-0.5, 0.0, 0.5)",,cwdb_dr,drf,-0.00393228002142075,0.0010118834034615418,-0.0059155714922053725,-0.0019489885506361283,50
S5,D7,plugin_tcate_rmse,TCATE-K-grid_skewness,"plugin functional contrast; RMSE over four strata of X1 with edges (-0.5, 0.0, 0.5)",,causal_drf,cwdb_dr,-0.059868572524656244,0.004915996166674438,-0.06950392501133815,-0.05023322003797435,50
S5,D7,plugin_tcate_rmse,TCATE-K-grid_skewness,"plugin functional contrast; RMSE over four strata of X1 with edges (-0.5, 0.0, 0.5)",,causal_drf,drf,-0.0074497649161989615,0.0006260573391425944,-0.008676837300918446,-0.006222692531479477,50
S5,D7,plugin_tcate_rmse,TCATE-K-grid_skewness,"plugin functional contrast; RMSE over four strata of X1 with edges (-0.5, 0.0, 0.5)",,cwdb_dr,drf,0.05241880760845728,0.004698325919041842,0.04321008880713527,0.061627526409779296,50
S5,D7,plugin_tcate_rmse,TCATE-K-grid_upper_tail_mean,"plugin functional contrast; RMSE over four strata of X1 with edges (-0.5, 0.0, 0.5)",,causal_drf,cwdb_dr,0.025308169467848283,0.0023511201547740342,0.020699973964491178,0.029916364971205388,50
S5,D7,plugin_tcate_rmse,TCATE-K-grid_upper_tail_mean,"plugin functional contrast; RMSE over four strata of X1 with edges (-0.5, 0.0, 0.5)",,causal_drf,drf,0.010260883324322095,0.0026356108106845126,0.005095086135380451,0.015426680513263739,50
S5,D7,plugin_tcate_rmse,TCATE-K-grid_upper_tail_mean,"plugin functional contrast; RMSE over four strata of X1 with edges (-0.5, 0.0, 0.5)",,cwdb_dr,drf,-0.015047286143526187,0.0019563366736557956,-0.018881706023891547,-0.011212866263160828,50
S6,D8,aipw_reference_tate_abs_error,REF-ATE-K,aipw reference contrast; marginal absolute error,,causal_drf,cwdb_dr,0.010889033601934751,0.0051957156637267915,0.00070543090103024,0.021072636302839263,50
S6,D8,aipw_reference_tate_abs_error,REF-ATE-K,aipw reference contrast; marginal absolute error,,causal_drf,drf,-0.00032144650206387265,0.001072891819438645,-0.0024243144681636167,0.0017814214640358714,50
S6,D8,aipw_reference_tate_abs_error,REF-ATE-K,aipw reference contrast; marginal absolute error,,cwdb_dr,drf,-0.011210480103998624,0.0055212221019160426,-0.022032075423754065,-0.0003888847842431816,50
S6,D8,aipw_reference_tcate_rmse,REF-TCATE-K,"aipw reference contrast; RMSE over four strata of X1 with edges (-0.5, 0.0, 0.5)",,causal_drf,cwdb_dr,0.025330191538010388,0.004545495453625101,0.016421020448905192,0.034239362627115584,50
S6,D8,aipw_reference_tcate_rmse,REF-TCATE-K,"aipw reference contrast; RMSE over four strata of X1 with edges (-0.5, 0.0, 0.5)",,causal_drf,drf,-0.0009386417720620988,0.0012356777847310268,-0.0033605702301349114,0.0014832866860107138,50
S6,D8,aipw_reference_tcate_rmse,REF-TCATE-K,"aipw reference contrast; RMSE over four strata of X1 with edges (-0.5, 0.0, 0.5)",,cwdb_dr,drf,-0.026268833310072487,0.00480260231496936,-0.03568193384741243,-0.016855732772732543,50
S6,D8,aipw_tate_abs_error,TATE-K-grid_mean,aipw functional contrast; marginal absolute error,,causal_drf,cwdb_dr,0.020501414628162774,0.0045134096982888975,0.011655131619516536,0.029347697636809014,50
S6,D8,aipw_tate_abs_error,TATE-K-grid_mean,aipw functional contrast; marginal absolute error,,causal_drf,drf,-0.0024869110227036667,0.0021790286339477276,-0.0067578071452412125,0.001783985099833879,50
S6,D8,aipw_tate_abs_error,TATE-K-grid_mean,aipw functional contrast; marginal absolute error,,cwdb_dr,drf,-0.02298832565086644,0.005159188358895826,-0.03310033483430226,-0.012876316467430622,50
S6,D8,aipw_tate_abs_error,TATE-K-grid_sd,aipw functional contrast; marginal absolute error,,causal_drf,cwdb_dr,-0.00032657419313317226,0.0013705444040543575,-0.0030128412250797127,0.002359692838813368,50
S6,D8,aipw_tate_abs_error,TATE-K-grid_sd,aipw functional contrast; marginal absolute error,,causal_drf,drf,-0.0015367097111621854,0.00045330415585713093,-0.002425185856642162,-0.0006482335656822088,50
S6,D8,aipw_tate_abs_error,TATE-K-grid_sd,aipw functional contrast; marginal absolute error,,cwdb_dr,drf,-0.0012101355180290131,0.0015751059863193702,-0.004297343251214978,0.0018770722151569522,50
S6,D8,aipw_tate_abs_error,TATE-K-grid_skewness,aipw functional contrast; marginal absolute error,,causal_drf,cwdb_dr,-3.874918934175643e-15,1.7640640790277163e-15,-7.332484529069967e-15,-4.1735333928131947e-16,50
S6,D8,aipw_tate_abs_error,TATE-K-grid_skewness,aipw functional contrast; marginal absolute error,,causal_drf,drf,-7.432359279382267e-19,4.40517114800038e-19,-1.6066494729463012e-18,1.2017761706984786e-19,50
S6,D8,aipw_tate_abs_error,TATE-K-grid_skewness,aipw functional contrast; marginal absolute error,,cwdb_dr,drf,3.874175698247705e-15,1.7640593580382067e-15,4.1661935649282004e-16,7.33173204000259e-15,50
S6,D8,aipw_tate_abs_error,TATE-K-grid_upper_tail_mean,aipw functional contrast; marginal absolute error,,causal_drf,cwdb_dr,0.017599099562161637,0.004917123748569211,0.007961537014965984,0.02723666210935729,50
S6,D8,aipw_tate_abs_error,TATE-K-grid_upper_tail_mean,aipw functional contrast; marginal absolute error,,causal_drf,drf,-0.0037557731624246193,0.0021340312613035485,-0.007938474434579575,0.00042692810973033596,50
S6,D8,aipw_tate_abs_error,TATE-K-grid_upper_tail_mean,aipw functional contrast; marginal absolute error,,cwdb_dr,drf,-0.021354872724586256,0.005562200170325297,-0.03225678505842384,-0.010452960390748674,50
S6,D8,aipw_tcate_rmse,TCATE-K-grid_mean,"aipw functional contrast; RMSE over four strata of X1 with edges (-0.5, 0.0, 0.5)",,causal_drf,cwdb_dr,0.0348458217278068,0.005183843507160945,0.02468548845377135,0.045006155001842255,50
S6,D8,aipw_tcate_rmse,TCATE-K-grid_mean,"aipw functional contrast; RMSE over four strata of X1 with edges (-0.5, 0.0, 0.5)",,causal_drf,drf,-0.0027115911298360995,0.0022273161445641315,-0.007077130773181797,0.0016539485135095983,50
S6,D8,aipw_tcate_rmse,TCATE-K-grid_mean,"aipw functional contrast; RMSE over four strata of X1 with edges (-0.5, 0.0, 0.5)",,cwdb_dr,drf,-0.0375574128576429,0.005511284568317963,-0.0483595306115461,-0.026755295103739692,50
S6,D8,aipw_tcate_rmse,TCATE-K-grid_sd,"aipw functional contrast; RMSE over four strata of X1 with edges (-0.5, 0.0, 0.5)",,causal_drf,cwdb_dr,0.001955160304178888,0.0021635144132455225,-0.0022853279457823363,0.006195648554140112,50
S6,D8,aipw_tcate_rmse,TCATE-K-grid_sd,"aipw functional contrast; RMSE over four strata of X1 with edges (-0.5, 0.0, 0.5)",,causal_drf,drf,-0.003483582979843851,0.0006366663310683573,-0.004731448988737831,-0.0022357169709498704,50
S6,D8,aipw_tcate_rmse,TCATE-K-grid_sd,"aipw functional contrast; RMSE over four strata of X1 with edges (-0.5, 0.0, 0.5)",,cwdb_dr,drf,-0.005438743284022739,0.002521100591444006,-0.01038010044325299,-0.0004973861247924878,50
S6,D8,aipw_tcate_rmse,TCATE-K-grid_skewness,"aipw functional contrast; RMSE over four strata of X1 with edges (-0.5, 0.0, 0.5)",,causal_drf,cwdb_dr,-7.961243149576724e-15,3.821642207977411e-15,-1.545166187721245e-14,-4.708244219409986e-16,50
S6,D8,aipw_tcate_rmse,TCATE-K-grid_skewness,"aipw functional contrast; RMSE over four strata of X1 with edges (-0.5, 0.0, 0.5)",,causal_drf,drf,-1.2670521894003237e-18,6.259727471555089e-19,-2.4939587738251213e-18,-4.014560497552623e-20,50
S6,D8,aipw_tcate_rmse,TCATE-K-grid_skewness,"aipw functional contrast; RMSE over four strata of X1 with edges (-0.5, 0.0, 0.5)",,cwdb_dr,drf,7.959976097387324e-15,3.8216365027141944e-15,4.695685520675024e-16,1.5450383642707144e-14,50
S6,D8,aipw_tcate_rmse,TCATE-K-grid_upper_tail_mean,"aipw functional contrast; RMSE over four strata of X1 with edges (-0.5, 0.0, 0.5)",,causal_drf,cwdb_dr,0.031020478027113343,0.005083883899546386,0.02105606558400243,0.04098489047022426,50
S6,D8,aipw_tcate_rmse,TCATE-K-grid_upper_tail_mean,"aipw functional contrast; RMSE over four strata of X1 with edges (-0.5, 0.0, 0.5)",,causal_drf,drf,-0.0034323409227977886,0.0024514160956724037,-0.008237116470315699,0.0013724346247201225,50
S6,D8,aipw_tcate_rmse,TCATE-K-grid_upper_tail_mean,"aipw functional contrast; RMSE over four strata of X1 with edges (-0.5, 0.0, 0.5)",,cwdb_dr,drf,-0.03445281894991113,0.005863955991091953,-0.04594617269245136,-0.022959465207370904,50
S6,D8,barycenter_rmse,MEANQ-A-K,,0.0,causal_drf,cwdb_dr,0.19518207652912323,0.002466769786244414,0.19034720774808417,0.2000169453101623,50
S6,D8,barycenter_rmse,MEANQ-A-K,,0.0,causal_drf,drf,0.00156455424356311,0.0015317901942059117,-0.0014377545370804767,0.0045668630242066965,50
S6,D8,barycenter_rmse,MEANQ-A-K,,0.0,cwdb_dr,drf,-0.19361752228556012,0.0021631721637151696,-0.19785733972644184,-0.1893777048446784,50
S6,D8,barycenter_rmse,MEANQ-A-K,,1.0,causal_drf,cwdb_dr,0.17770256206587592,0.002780562647843837,0.172252659276102,0.18315246485564984,50
S6,D8,barycenter_rmse,MEANQ-A-K,,1.0,causal_drf,drf,0.0036538208509539483,0.0024695409671603693,-0.0011864794446803757,0.008494121146588273,50
S6,D8,barycenter_rmse,MEANQ-A-K,,1.0,cwdb_dr,drf,-0.17404874121492198,0.0016786327279590973,-0.1773388613617218,-0.17075862106812215,50
S6,D8,mean_quantile_rmse,MEANQ-A-K,"arm contrast, the mandatory common target",,causal_drf,cwdb_dr,0.16063705153968075,0.0055369761866811504,0.14978457821378569,0.1714895248655758,50
S6,D8,mean_quantile_rmse,MEANQ-A-K,"arm contrast, the mandatory common target",,causal_drf,drf,0.0525839880183423,0.004882359635921593,0.043014563131935975,0.06215341290474862,50
S6,D8,mean_quantile_rmse,MEANQ-A-K,"arm contrast, the mandatory common target",,cwdb_dr,drf,-0.10805306352133845,0.0045851042204621,-0.11703986779344416,-0.09906625924923274,50
S6,D8,plugin_reference_tate_abs_error,REF-ATE-K,plugin reference contrast; marginal absolute error,,causal_drf,cwdb_dr,0.02025862877888679,0.004330506162861469,0.01177083669967831,0.02874642085809527,50
S6,D8,plugin_reference_tate_abs_error,REF-ATE-K,plugin reference contrast; marginal absolute error,,causal_drf,drf,-0.019109162571628056,0.001817259961590965,-0.02267099209634635,-0.015547333046909764,50
S6,D8,plugin_reference_tate_abs_error,REF-ATE-K,plugin reference contrast; marginal absolute error,,cwdb_dr,drf,-0.039367791350514846,0.004649062249187747,-0.04847995335892283,-0.030255629342106863,50
S6,D8,plugin_reference_tcate_rmse,REF-TCATE-K,"plugin reference contrast; RMSE over four strata of X1 with edges (-0.5, 0.0, 0.5)",,causal_drf,cwdb_dr,0.023098104244182065,0.003402139402700081,0.016429911014889907,0.029766297473474222,50
S6,D8,plugin_reference_tcate_rmse,REF-TCATE-K,"plugin reference contrast; RMSE over four strata of X1 with edges (-0.5, 0.0, 0.5)",,causal_drf,drf,-0.021338682705363973,0.0019192625841747686,-0.02510043737034652,-0.017576928040381426,50
S6,D8,plugin_reference_tcate_rmse,REF-TCATE-K,"plugin reference contrast; RMSE over four strata of X1 with edges (-0.5, 0.0, 0.5)",,cwdb_dr,drf,-0.04443678694954604,0.004012754650314469,-0.0523017860641624,-0.036571787834929675,50
S6,D8,plugin_tate_abs_error,TATE-K-grid_mean,plugin functional contrast; marginal absolute error,,causal_drf,cwdb_dr,0.1256713699584001,0.008604949256280891,0.10880566941608955,0.14253707050071063,50
S6,D8,plugin_tate_abs_error,TATE-K-grid_mean,plugin functional contrast; marginal absolute error,,causal_drf,drf,0.10012704563271493,0.005136263350431568,0.09005996946586906,0.11019412179956081,50
S6,D8,plugin_tate_abs_error,TATE-K-grid_mean,plugin functional contrast; marginal absolute error,,cwdb_dr,drf,-0.02554432432568515,0.00601358609582112,-0.037330953073494544,-0.013757695577875755,50
S6,D8,plugin_tate_abs_error,TATE-K-grid_sd,plugin functional contrast; marginal absolute error,,causal_drf,cwdb_dr,0.010092869783428028,0.0017782485483013302,0.006607502628757421,0.013578236938098636,50
S6,D8,plugin_tate_abs_error,TATE-K-grid_sd,plugin functional contrast; marginal absolute error,,causal_drf,drf,-0.0011970538788487056,0.0007078558406612428,-0.0025844513265447415,0.0001903435688473303,50
S6,D8,plugin_tate_abs_error,TATE-K-grid_sd,plugin functional contrast; marginal absolute error,,cwdb_dr,drf,-0.011289923662276734,0.0018914197649614883,-0.014997106401601252,-0.0075827409229522165,50
S6,D8,plugin_tate_abs_error,TATE-K-grid_skewness,plugin functional contrast; marginal absolute error,,causal_drf,cwdb_dr,-3.0578668488578634e-17,5.492569201982997e-18,-4.1344104124465306e-17,-1.981323285269196e-17,50
S6,D8,plugin_tate_abs_error,TATE-K-grid_skewness,plugin functional contrast; marginal absolute error,,causal_drf,drf,9.468889660667352e-21,1.1863093305806665e-18,-2.315697398277439e-18,2.3346351775987737e-18,50
S6,D8,plugin_tate_abs_error,TATE-K-grid_skewness,plugin functional contrast; marginal absolute error,,cwdb_dr,drf,3.05881373782393e-17,5.663245858432163e-18,1.948817549571226e-17,4.1688099260766337e-17,50
S6,D8,plugin_tate_abs_error,TATE-K-grid_upper_tail_mean,plugin functional contrast; marginal absolute error,,causal_drf,cwdb_dr,0.13348545278426008,0.009239381611448999,0.11537626482582004,0.15159464074270013,50
S6,D8,plugin_tate_abs_error,TATE-K-grid_upper_tail_mean,plugin functional contrast; marginal absolute error,,causal_drf,drf,0.09967879487896064,0.004915652605006196,0.0900441157731485,0.10931347398477279,50
S6,D8,plugin_tate_abs_error,TATE-K-grid_upper_tail_mean,plugin functional contrast; marginal absolute error,,cwdb_dr,drf,-0.03380665790529944,0.00628202641798237,-0.04611942968454489,-0.021493886126053997,50
S6,D8,plugin_tcate_rmse,TCATE-K-grid_mean,"plugin functional contrast; RMSE over four strata of X1 with edges (-0.5, 0.0, 0.5)",,causal_drf,cwdb_dr,0.13267724014409366,0.006924638128921604,0.11910494941140731,0.14624953087678,50
S6,D8,plugin_tcate_rmse,TCATE-K-grid_mean,"plugin functional contrast; RMSE over four strata of X1 with edges (-0.5, 0.0, 0.5)",,causal_drf,drf,0.07719477736341457,0.006143353465077797,0.06515380457186208,0.08923575015496706,50
S6,D8,plugin_tcate_rmse,TCATE-K-grid_mean,"plugin functional contrast; RMSE over four strata of X1 with edges (-0.5, 0.0, 0.5)",,cwdb_dr,drf,-0.055482462780679094,0.005775542408966857,-0.06680252590225413,-0.044162399659104054,50
S6,D8,plugin_tcate_rmse,TCATE-K-grid_sd,"plugin functional contrast; RMSE over four strata of X1 with edges (-0.5, 0.0, 0.5)",,causal_drf,cwdb_dr,0.0082782770318661,0.0016233013599682745,0.005096606366328282,0.01145994769740392,50
S6,D8,plugin_tcate_rmse,TCATE-K-grid_sd,"plugin functional contrast; RMSE over four strata of X1 with edges (-0.5, 0.0, 0.5)",,causal_drf,drf,-1.1540194648756302e-05,0.0007451604415573416,-0.0014720546601011458,0.0014489742708036332,50
S6,D8,plugin_tcate_rmse,TCATE-K-grid_sd,"plugin functional contrast; RMSE over four strata of X1 with edges (-0.5, 0.0, 0.5)",,cwdb_dr,drf,-0.008289817226514857,0.0019829046913364162,-0.012176310421534232,-0.004403324031495482,50
S6,D8,plugin_tcate_rmse,TCATE-K-grid_skewness,"plugin functional contrast; RMSE over four strata of X1 with edges (-0.5, 0.0, 0.5)",,causal_drf,cwdb_dr,-6.108726407500739e-17,4.746453606858221e-18,-7.03903131444495e-17,-5.178421500556527e-17,50
S6,D8,plugin_tcate_rmse,TCATE-K-grid_skewness,"plugin functional contrast; RMSE over four strata of X1 with edges (-0.5, 0.0, 0.5)",,causal_drf,drf,7.0260305153868775e-19,1.0104988636981112e-18,-1.2779747213096104e-18,2.683180824386986e-18,50
S6,D8,plugin_tcate_rmse,TCATE-K-grid_skewness,"plugin functional contrast; RMSE over four strata of X1 with edges (-0.5, 0.0, 0.5)",,cwdb_dr,drf,6.178986712654609e-17,4.7752110896567866e-18,5.2430453390818787e-17,7.114928086227339e-17,50
S6,D8,plugin_tcate_rmse,TCATE-K-grid_upper_tail_mean,"plugin functional contrast; RMSE over four strata of X1 with edges (-0.5, 0.0, 0.5)",,causal_drf,cwdb_dr,0.13852336139603072,0.0074865325704597885,0.12384975755792954,0.1531969652341319,50
S6,D8,plugin_tcate_rmse,TCATE-K-grid_upper_tail_mean,"plugin functional contrast; RMSE over four strata of X1 with edges (-0.5, 0.0, 0.5)",,causal_drf,drf,0.08030166763562513,0.006026174996042436,0.06849036464338196,0.0921129706278683,50
S6,D8,plugin_tcate_rmse,TCATE-K-grid_upper_tail_mean,"plugin functional contrast; RMSE over four strata of X1 with edges (-0.5, 0.0, 0.5)",,cwdb_dr,drf,-0.05822169376040559,0.005900605570810767,-0.0697868806791947,-0.046656506841616485,50
Z0,ZI0,aipw_reference_tate_abs_error,REF-ATE-K,aipw reference contrast; marginal absolute error,,causal_drf,cwdb_zipt,0.0005888255501372563,0.0019596579178589157,-0.0032521039688662183,0.004429755069140731,50
Z0,ZI0,aipw_reference_tate_abs_error,REF-ATE-K,aipw reference contrast; marginal absolute error,,causal_drf,drf,-0.0009497097541718569,0.0008809701721534369,-0.002676411291592593,0.0007769917832488795,50
Z0,ZI0,aipw_reference_tate_abs_error,REF-ATE-K,aipw reference contrast; marginal absolute error,,cwdb_zipt,drf,-0.0015385353043091132,0.002015115150597778,-0.0054881609994807574,0.002411090390862531,50
Z0,ZI0,aipw_reference_tcate_rmse,REF-TCATE-K,"aipw reference contrast; RMSE over four strata of X1 with edges (-0.5, 0.0, 0.5)",,causal_drf,cwdb_zipt,-0.000773005174798197,0.0026365709873980036,-0.005940684310098284,0.00439467396050189,50
Z0,ZI0,aipw_reference_tcate_rmse,REF-TCATE-K,"aipw reference contrast; RMSE over four strata of X1 with edges (-0.5, 0.0, 0.5)",,causal_drf,drf,-0.0005451034394629017,0.0012017694792410152,-0.0029005716187752916,0.0018103647398494882,50
Z0,ZI0,aipw_reference_tcate_rmse,REF-TCATE-K,"aipw reference contrast; RMSE over four strata of X1 with edges (-0.5, 0.0, 0.5)",,cwdb_zipt,drf,0.00022790173533529523,0.0032273574542020685,-0.006097718874900759,0.006553522345571349,50
Z0,ZI0,aipw_tate_abs_error,TATE-K-grid_mean,aipw functional contrast; marginal absolute error,,causal_drf,cwdb_zipt,0.0019348061645087233,0.0034525063686066493,-0.004832106317960309,0.008701718646977757,50
Z0,ZI0,aipw_tate_abs_error,TATE-K-grid_mean,aipw functional contrast; marginal absolute error,,causal_drf,drf,-0.0019049515008246198,0.001803906231754239,-0.005440607715062928,0.0016307047134136885,50
Z0,ZI0,aipw_tate_abs_error,TATE-K-grid_mean,aipw functional contrast; marginal absolute error,,cwdb_zipt,drf,-0.003839757665333343,0.003631321309423095,-0.01095714743180261,0.0032776321011359234,50
Z0,ZI0,aipw_tate_abs_error,TATE-K-grid_sd,aipw functional contrast; marginal absolute error,,causal_drf,cwdb_zipt,0.0011163251009295508,0.0009215619399403327,-0.0006899363013535013,0.002922586503212603,50
Z0,ZI0,aipw_tate_abs_error,TATE-K-grid_sd,aipw functional contrast; marginal absolute error,,causal_drf,drf,-0.0004894506768719151,0.0004384602886280692,-0.0013488328425829308,0.0003699314888391006,50
Z0,ZI0,aipw_tate_abs_error,TATE-K-grid_sd,aipw functional contrast; marginal absolute error,,cwdb_zipt,drf,-0.0016057757778014659,0.0010092205785066644,-0.003583848111674528,0.00037229655607159615,50
Z0,ZI0,aipw_tate_abs_error,TATE-K-grid_skewness,aipw functional contrast; marginal absolute error,,causal_drf,cwdb_zipt,0.0010703116345256794,0.0009973725553658467,-0.0008845385739913799,0.0030251618430427387,50
Z0,ZI0,aipw_tate_abs_error,TATE-K-grid_skewness,aipw functional contrast; marginal absolute error,,causal_drf,drf,-0.0006348386876969189,0.0006125170585666949,-0.001835372122487641,0.0005656947470938031,50
Z0,ZI0,aipw_tate_abs_error,TATE-K-grid_skewness,aipw functional contrast; marginal absolute error,,cwdb_zipt,drf,-0.0017051503222225983,0.0011400739429391633,-0.003939695250383358,0.0005293946059381615,50
Z0,ZI0,aipw_tate_abs_error,TATE-K-grid_upper_tail_mean,aipw functional contrast; marginal absolute error,,causal_drf,cwdb_zipt,0.0027260265306624787,0.004029026225965476,-0.005170864872229855,0.010622917933554812,50
Z0,ZI0,aipw_tate_abs_error,TATE-K-grid_upper_tail_mean,aipw functional contrast; marginal absolute error,,causal_drf,drf,-0.00223598871470726,0.002094211818618786,-0.00634064387920008,0.00186866644978556,50
Z0,ZI0,aipw_tate_abs_error,TATE-K-grid_upper_tail_mean,aipw functional contrast; marginal absolute error,,cwdb_zipt,drf,-0.004962015245369739,0.0042746635594640425,-0.013340355821919262,0.0034163253311797846,50
Z0,ZI0,aipw_tcate_rmse,TCATE-K-grid_mean,"aipw functional contrast; RMSE over four strata of X1 with edges (-0.5, 0.0, 0.5)",,causal_drf,cwdb_zipt,-0.001296941887762304,0.0051754391745588635,-0.011440802669897675,0.008846918894373067,50
Z0,ZI0,aipw_tcate_rmse,TCATE-K-grid_mean,"aipw functional contrast; RMSE over four strata of X1 with edges (-0.5, 0.0, 0.5)",,causal_drf,drf,-0.0014123889005718815,0.0025343700775954823,-0.006379754252659027,0.003554976451515264,50
Z0,ZI0,aipw_tcate_rmse,TCATE-K-grid_mean,"aipw functional contrast; RMSE over four strata of X1 with edges (-0.5, 0.0, 0.5)",,cwdb_zipt,drf,-0.00011544701280957748,0.006487997800303085,-0.012831922701403623,0.012601028675784469,50
Z0,ZI0,aipw_tcate_rmse,TCATE-K-grid_sd,"aipw functional contrast; RMSE over four strata of X1 with edges (-0.5, 0.0, 0.5)",,causal_drf,cwdb_zipt,0.0002859404222680384,0.0014163047800252917,-0.0024900169465815335,0.0030618977911176103,50
Z0,ZI0,aipw_tcate_rmse,TCATE-K-grid_sd,"aipw functional contrast; RMSE over four strata of X1 with edges (-0.5, 0.0, 0.5)",,causal_drf,drf,-0.0005308080753357175,0.0006259039353592576,-0.0017575797886398624,0.0006959636379684274,50
Z0,ZI0,aipw_tcate_rmse,TCATE-K-grid_sd,"aipw functional contrast; RMSE over four strata of X1 with edges (-0.5, 0.0, 0.5)",,cwdb_zipt,drf,-0.0008167484976037559,0.0016915577882762576,-0.00413220176262522,0.002498704767417709,50
Z0,ZI0,aipw_tcate_rmse,TCATE-K-grid_skewness,"aipw functional contrast; RMSE over four strata of X1 with edges (-0.5, 0.0, 0.5)",,causal_drf,cwdb_zipt,0.0002694674736016256,0.0016213876679024859,-0.0029084523554872466,0.0034473873026904978,50
Z0,ZI0,aipw_tcate_rmse,TCATE-K-grid_skewness,"aipw functional contrast; RMSE over four strata of X1 with edges (-0.5, 0.0, 0.5)",,causal_drf,drf,-0.0009493200510253957,0.00091131914933129,-0.002735505583714724,0.0008368654816639327,50
Z0,ZI0,aipw_tcate_rmse,TCATE-K-grid_skewness,"aipw functional contrast; RMSE over four strata of X1 with edges (-0.5, 0.0, 0.5)",,cwdb_zipt,drf,-0.0012187875246270213,0.002145211354924038,-0.005423401780278135,0.0029858267310240924,50
Z0,ZI0,aipw_tcate_rmse,TCATE-K-grid_upper_tail_mean,"aipw functional contrast; RMSE over four strata of X1 with edges (-0.5, 0.0, 0.5)",,causal_drf,cwdb_zipt,-0.0010504274909373668,0.006068494573088175,-0.01294467685419019,0.010843821872315456,50
Z0,ZI0,aipw_tcate_rmse,TCATE-K-grid_upper_tail_mean,"aipw functional contrast; RMSE over four strata of X1 with edges (-0.5, 0.0, 0.5)",,causal_drf,drf,-0.001733304122142898,0.0029455523622274413,-0.007506586752108683,0.004039978507822887,50
Z0,ZI0,aipw_tcate_rmse,TCATE-K-grid_upper_tail_mean,"aipw functional contrast; RMSE over four strata of X1 with edges (-0.5, 0.0, 0.5)",,cwdb_zipt,drf,-0.0006828766312055312,0.007567165327850804,-0.015514520673793107,0.014148767411382044,50
Z0,ZI0,barycenter_rmse,MEANQ-A-K,,0.0,causal_drf,cwdb_zipt,0.14418423603691405,0.010947214716005148,0.12272769519354396,0.16564077688028414,50
Z0,ZI0,barycenter_rmse,MEANQ-A-K,,0.0,causal_drf,drf,-0.029677439970739017,0.003751622700489305,-0.03703062046369805,-0.022324259477779978,50
Z0,ZI0,barycenter_rmse,MEANQ-A-K,,0.0,cwdb_zipt,drf,-0.17386167600765307,0.011957649857063601,-0.1972986697274977,-0.15042468228780842,50
Z0,ZI0,barycenter_rmse,MEANQ-A-K,,1.0,causal_drf,cwdb_zipt,0.1418853622308528,0.009967703338235283,0.12234866368791164,0.16142206077379395,50
Z0,ZI0,barycenter_rmse,MEANQ-A-K,,1.0,causal_drf,drf,-0.06629472382690388,0.006416893557433923,-0.07887183519947437,-0.05371761245433339,50
Z0,ZI0,barycenter_rmse,MEANQ-A-K,,1.0,cwdb_zipt,drf,-0.20818008605775667,0.011071937612502107,-0.2298810837782608,-0.18647908833725255,50
Z0,ZI0,mass_contrast_rmse,LAW-A-K,degenerate-probability contrast across moderator bins,,causal_drf,cwdb_zipt,0.015171464160543373,0.0045014247126664575,0.006348671723717116,0.02399425659736963,50
Z0,ZI0,mass_contrast_rmse,LAW-A-K,degenerate-probability contrast across moderator bins,,causal_drf,drf,-0.002687019984432104,0.0014980553268055968,-0.005623208424971073,0.0002491684561068655,50
Z0,ZI0,mass_contrast_rmse,LAW-A-K,degenerate-probability contrast across moderator bins,,cwdb_zipt,drf,-0.017858484144975477,0.004791940334007824,-0.02725068719963081,-0.008466281090320143,50
Z0,ZI0,mean_quantile_rmse,MEANQ-A-K,"arm contrast, the mandatory common target",,causal_drf,cwdb_zipt,-0.027179869243375343,0.017314595673849062,-0.06111647676411951,0.006756738277368821,50
Z0,ZI0,mean_quantile_rmse,MEANQ-A-K,"arm contrast, the mandatory common target",,causal_drf,drf,0.0005841983313211174,0.007379104322963894,-0.013878846141688115,0.01504724280433035,50
Z0,ZI0,mean_quantile_rmse,MEANQ-A-K,"arm contrast, the mandatory common target",,cwdb_zipt,drf,0.02776406757469646,0.01774536368613074,-0.007016845250119787,0.0625449803995127,50
Z0,ZI0,plugin_reference_tate_abs_error,REF-ATE-K,plugin reference contrast; marginal absolute error,,causal_drf,cwdb_zipt,0.046286733625547916,0.010502826229124662,0.02570119421646358,0.06687227303463225,50
Z0,ZI0,plugin_reference_tate_abs_error,REF-ATE-K,plugin reference contrast; marginal absolute error,,causal_drf,drf,-0.007045262867888313,0.003175967155518375,-0.01327015849270433,-0.0008203672430722982,50
Z0,ZI0,plugin_reference_tate_abs_error,REF-ATE-K,plugin reference contrast; marginal absolute error,,cwdb_zipt,drf,-0.05333199649343623,0.01069420200378508,-0.07429263242085499,-0.03237136056601747,50
Z0,ZI0,plugin_reference_tcate_rmse,REF-TCATE-K,"plugin reference contrast; RMSE over four strata of X1 with edges (-0.5, 0.0, 0.5)",,causal_drf,cwdb_zipt,0.020065280855323706,0.010123803017484494,0.0002226269410540993,0.03990793476959331,50
Z0,ZI0,plugin_reference_tcate_rmse,REF-TCATE-K,"plugin reference contrast; RMSE over four strata of X1 with edges (-0.5, 0.0, 0.5)",,causal_drf,drf,-0.005442134516528363,0.003241952045581311,-0.011796360525867734,0.0009120914928110067,50
Z0,ZI0,plugin_reference_tcate_rmse,REF-TCATE-K,"plugin reference contrast; RMSE over four strata of X1 with edges (-0.5, 0.0, 0.5)",,cwdb_zipt,drf,-0.02550741537185207,0.010792399720276858,-0.04666051882359471,-0.004354311920109426,50
Z0,ZI0,plugin_tate_abs_error,TATE-K-grid_mean,plugin functional contrast; marginal absolute error,,causal_drf,cwdb_zipt,0.10474054266193805,0.02139278324498575,0.062810687501766,0.1466703978221101,50
Z0,ZI0,plugin_tate_abs_error,TATE-K-grid_mean,plugin functional contrast; marginal absolute error,,causal_drf,drf,-0.014516385420876854,0.006537786821945616,-0.02733044759189026,-0.0017023232498634463,50
Z0,ZI0,plugin_tate_abs_error,TATE-K-grid_mean,plugin functional contrast; marginal absolute error,,cwdb_zipt,drf,-0.1192569280828149,0.02181077449731688,-0.16200604609755598,-0.07650781006807382,50
Z0,ZI0,plugin_tate_abs_error,TATE-K-grid_sd,plugin functional contrast; marginal absolute error,,causal_drf,cwdb_zipt,0.03258155120563322,0.0051350718740383605,0.022516810332518032,0.042646292078748406,50
Z0,ZI0,plugin_tate_abs_error,TATE-K-grid_sd,plugin functional contrast; marginal absolute error,,causal_drf,drf,-0.0034896036907094558,0.0016334077200020737,-0.00669108282191352,-0.0002881245595053915,50
Z0,ZI0,plugin_tate_abs_error,TATE-K-grid_sd,plugin functional contrast; marginal absolute error,,cwdb_zipt,drf,-0.036071154896342675,0.005169435022827673,-0.046203247541084916,-0.025939062251600434,50
Z0,ZI0,plugin_tate_abs_error,TATE-K-grid_skewness,plugin functional contrast; marginal absolute error,,causal_drf,cwdb_zipt,0.046783703150318184,0.006850147937983087,0.033357413191871334,0.060209993108765035,50
Z0,ZI0,plugin_tate_abs_error,TATE-K-grid_skewness,plugin functional contrast; marginal absolute error,,causal_drf,drf,-0.005002792492547911,0.002257465991129057,-0.009427425835160864,-0.0005781591499349594,50
Z0,ZI0,plugin_tate_abs_error,TATE-K-grid_skewness,plugin functional contrast; marginal absolute error,,cwdb_zipt,drf,-0.051786495642866096,0.0069888430478328495,-0.06548462801661847,-0.03808836326911371,50
Z0,ZI0,plugin_tate_abs_error,TATE-K-grid_upper_tail_mean,plugin functional contrast; marginal absolute error,,causal_drf,cwdb_zipt,0.12567913494105318,0.024835308427219895,0.07700193042370218,0.17435633945840417,50
Z0,ZI0,plugin_tate_abs_error,TATE-K-grid_upper_tail_mean,plugin functional contrast; marginal absolute error,,causal_drf,drf,-0.016874458879882814,0.007618096393168797,-0.031805927810493656,-0.001942989949271971,50
Z0,ZI0,plugin_tate_abs_error,TATE-K-grid_upper_tail_mean,plugin functional contrast; marginal absolute error,,cwdb_zipt,drf,-0.142553593820936,0.02526426453705725,-0.1920715523135682,-0.09303563532830378,50
Z0,ZI0,plugin_tcate_rmse,TCATE-K-grid_mean,"plugin functional contrast; RMSE over four strata of X1 with edges (-0.5, 0.0, 0.5)",,causal_drf,cwdb_zipt,0.05353931861668035,0.020431750446390267,0.013493087741755429,0.09358554949160527,50
Z0,ZI0,plugin_tcate_rmse,TCATE-K-grid_mean,"plugin functional contrast; RMSE over four strata of X1 with edges (-0.5, 0.0, 0.5)",,causal_drf,drf,-0.011695395920931606,0.006650957083676502,-0.02473127180493755,0.0013404799630743376,50
Z0,ZI0,plugin_tcate_rmse,TCATE-K-grid_mean,"plugin functional contrast; RMSE over four strata of X1 with edges (-0.5, 0.0, 0.5)",,cwdb_zipt,drf,-0.06523471453761195,0.02179585494819026,-0.10795459023606485,-0.02251483883915905,50
Z0,ZI0,plugin_tcate_rmse,TCATE-K-grid_sd,"plugin functional contrast; RMSE over four strata of X1 with edges (-0.5, 0.0, 0.5)",,causal_drf,cwdb_zipt,0.021261626901211014,0.0050524739014559325,0.011358778054357387,0.031164475748064642,50
Z0,ZI0,plugin_tcate_rmse,TCATE-K-grid_sd,"plugin functional contrast; RMSE over four strata of X1 with edges (-0.5, 0.0, 0.5)",,causal_drf,drf,-0.0029632950763893717,0.0016478150694700985,-0.006193012612550765,0.00026642245977202134,50
Z0,ZI0,plugin_tcate_rmse,TCATE-K-grid_sd,"plugin functional contrast; RMSE over four strata of X1 with edges (-0.5, 0.0, 0.5)",,cwdb_zipt,drf,-0.024224921977600386,0.005259102883039791,-0.03453276362835837,-0.013917080326842395,50
Z0,ZI0,plugin_tcate_rmse,TCATE-K-grid_skewness,"plugin functional contrast; RMSE over four strata of X1 with edges (-0.5, 0.0, 0.5)",,causal_drf,cwdb_zipt,0.032038079053405416,0.0064908644324657904,0.019315984765772468,0.044760173341038365,50
Z0,ZI0,plugin_tcate_rmse,TCATE-K-grid_skewness,"plugin functional contrast; RMSE over four strata of X1 with edges (-0.5, 0.0, 0.5)",,causal_drf,drf,-0.004398031185697468,0.0022763708248022827,-0.008859718002309943,6.365563091500614e-05,50
Z0,ZI0,plugin_tcate_rmse,TCATE-K-grid_skewness,"plugin functional contrast; RMSE over four strata of X1 with edges (-0.5, 0.0, 0.5)",,cwdb_zipt,drf,-0.036436110239102884,0.0068580412084344655,-0.04987787100763444,-0.022994349470571333,50
Z0,ZI0,plugin_tcate_rmse,TCATE-K-grid_upper_tail_mean,"plugin functional contrast; RMSE over four strata of X1 with edges (-0.5, 0.0, 0.5)",,causal_drf,cwdb_zipt,0.06689355967315397,0.02381493717139723,0.020216282817215395,0.11357083652909254,50
Z0,ZI0,plugin_tcate_rmse,TCATE-K-grid_upper_tail_mean,"plugin functional contrast; RMSE over four strata of X1 with edges (-0.5, 0.0, 0.5)",,causal_drf,drf,-0.013706269670996918,0.007740157011396122,-0.028876977413333317,0.0014644380713394814,50
Z0,ZI0,plugin_tcate_rmse,TCATE-K-grid_upper_tail_mean,"plugin functional contrast; RMSE over four strata of X1 with edges (-0.5, 0.0, 0.5)",,cwdb_zipt,drf,-0.08059982934415089,0.025314312538894577,-0.13021588192038425,-0.03098377676791752,50
Z1,ZI1,aipw_reference_tate_abs_error,REF-ATE-K,aipw reference contrast; marginal absolute error,,causal_drf,cwdb_zipt,8.282725118735623e-05,0.0018303761924053604,-0.0035047100859271502,0.0036703645883018627,50
Z1,ZI1,aipw_reference_tate_abs_error,REF-ATE-K,aipw reference contrast; marginal absolute error,,causal_drf,drf,-0.0002869689463803893,0.0008009659376612033,-0.0018568621841963478,0.0012829242914355692,50
Z1,ZI1,aipw_reference_tate_abs_error,REF-ATE-K,aipw reference contrast; marginal absolute error,,cwdb_zipt,drf,-0.0003697961975677455,0.0019236127516462829,-0.00414007719079446,0.003400484795658969,50
Z1,ZI1,aipw_reference_tcate_rmse,REF-TCATE-K,"aipw reference contrast; RMSE over four strata of X4 with edges (-0.5, 0.0, 0.5)",,causal_drf,cwdb_zipt,-0.00016206535755128315,0.0025286179174463675,-0.005118156475746163,0.004794025760643597,50
Z1,ZI1,aipw_reference_tcate_rmse,REF-TCATE-K,"aipw reference contrast; RMSE over four strata of X4 with edges (-0.5, 0.0, 0.5)",,causal_drf,drf,-0.0002516914676206905,0.0009905101305005503,-0.0021930913234017692,0.001689708388160388,50
Z1,ZI1,aipw_reference_tcate_rmse,REF-TCATE-K,"aipw reference contrast; RMSE over four strata of X4 with edges (-0.5, 0.0, 0.5)",,cwdb_zipt,drf,-8.962611006940735e-05,0.0026808966507277003,-0.0053441835454957,0.005164931325356885,50
Z1,ZI1,aipw_tate_abs_error,TATE-K-grid_mean,aipw functional contrast; marginal absolute error,,causal_drf,cwdb_zipt,0.0003665298405918227,0.0031890508185556028,-0.005884009763777159,0.006617069444960804,50
Z1,ZI1,aipw_tate_abs_error,TATE-K-grid_mean,aipw functional contrast; marginal absolute error,,causal_drf,drf,-0.0008112664580583184,0.0016673954214374714,-0.004079361484075762,0.0024568285679591254,50
Z1,ZI1,aipw_tate_abs_error,TATE-K-grid_mean,aipw functional contrast; marginal absolute error,,cwdb_zipt,drf,-0.0011777962986501411,0.003347457113841029,-0.0077388122417785575,0.005383219644478275,50
Z1,ZI1,aipw_tate_abs_error,TATE-K-grid_sd,aipw functional contrast; marginal absolute error,,causal_drf,cwdb_zipt,0.0007483231955087329,0.0010818949352459069,-0.0013721908775732447,0.0028688372685907104,50
Z1,ZI1,aipw_tate_abs_error,TATE-K-grid_sd,aipw functional contrast; marginal absolute error,,causal_drf,drf,-0.00040904966635796347,0.00043957634531071785,-0.0012706193031669704,0.0004525199704510435,50
Z1,ZI1,aipw_tate_abs_error,TATE-K-grid_sd,aipw functional contrast; marginal absolute error,,cwdb_zipt,drf,-0.0011573728618666963,0.0012088250303850306,-0.0035266699214213564,0.0012119241976879637,50
Z1,ZI1,aipw_tate_abs_error,TATE-K-grid_skewness,aipw functional contrast; marginal absolute error,,causal_drf,cwdb_zipt,0.0010962362781922266,0.001160973881560558,-0.0011792725296664672,0.0033717450860509205,50
Z1,ZI1,aipw_tate_abs_error,TATE-K-grid_skewness,aipw functional contrast; marginal absolute error,,causal_drf,drf,-0.0004923459292841478,0.0006179383113350666,-0.0017035050195008785,0.0007188131609325828,50
Z1,ZI1,aipw_tate_abs_error,TATE-K-grid_skewness,aipw functional contrast; marginal absolute error,,cwdb_zipt,drf,-0.0015885822074763745,0.001279508499309851,-0.004096418866123682,0.0009192544511709335,50
Z1,ZI1,aipw_tate_abs_error,TATE-K-grid_upper_tail_mean,aipw functional contrast; marginal absolute error,,causal_drf,cwdb_zipt,0.0008775749334688221,0.003782247036669086,-0.006535629258402586,0.00829077912534023,50
Z1,ZI1,aipw_tate_abs_error,TATE-K-grid_upper_tail_mean,aipw functional contrast; marginal absolute error,,causal_drf,drf,-0.0010498655456903372,0.0019542786404787476,-0.004880251681028682,0.002780520589648008,50
Z1,ZI1,aipw_tate_abs_error,TATE-K-grid_upper_tail_mean,aipw functional contrast; marginal absolute error,,cwdb_zipt,drf,-0.0019274404791591593,0.004037975821465649,-0.009841873089231831,0.005986992130913513,50
Z1,ZI1,aipw_tcate_rmse,TCATE-K-grid_mean,"aipw functional contrast; RMSE over four strata of X4 with edges (-0.5, 0.0, 0.5)",,causal_drf,cwdb_zipt,0.0013878497951829716,0.00484086097714795,-0.00810023772002701,0.010875937310392953,50
Z1,ZI1,aipw_tcate_rmse,TCATE-K-grid_mean,"aipw functional contrast; RMSE over four strata of X4 with edges (-0.5, 0.0, 0.5)",,causal_drf,drf,-0.0013821229853503425,0.002123872157905834,-0.0055449124148457775,0.0027806664441450924,50
Z1,ZI1,aipw_tcate_rmse,TCATE-K-grid_mean,"aipw functional contrast; RMSE over four strata of X4 with edges (-0.5, 0.0, 0.5)",,cwdb_zipt,drf,-0.002769972780533314,0.005277701552052323,-0.013114267822555868,0.00757432226148924,50
Z1,ZI1,aipw_tcate_rmse,TCATE-K-grid_sd,"aipw functional contrast; RMSE over four strata of X4 with edges (-0.5, 0.0, 0.5)",,causal_drf,cwdb_zipt,0.0005700406633565164,0.0013495413203740332,-0.002075060324576589,0.0032151416512896215,50
Z1,ZI1,aipw_tcate_rmse,TCATE-K-grid_sd,"aipw functional contrast; RMSE over four strata of X4 with edges (-0.5, 0.0, 0.5)",,causal_drf,drf,-0.0009884467449464557,0.0005961255065379038,-0.0021568527377607474,0.00017995924786783578,50
Z1,ZI1,aipw_tcate_rmse,TCATE-K-grid_sd,"aipw functional contrast; RMSE over four strata of X4 with edges (-0.5, 0.0, 0.5)",,cwdb_zipt,drf,-0.001558487408302972,0.001460874999989972,-0.004421802408283318,0.001304827591677373,50
Z1,ZI1,aipw_tcate_rmse,TCATE-K-grid_skewness,"aipw functional contrast; RMSE over four strata of X4 with edges (-0.5, 0.0, 0.5)",,causal_drf,cwdb_zipt,0.0015235801964052498,0.0016117387462398762,-0.0016354277462249074,0.004682588139035407,50
Z1,ZI1,aipw_tcate_rmse,TCATE-K-grid_skewness,"aipw functional contrast; RMSE over four strata of X4 with edges (-0.5, 0.0, 0.5)",,causal_drf,drf,-0.00165794661905104,0.0008236290955000064,-0.0032722596462310526,-4.36335918710274e-05,50
Z1,ZI1,aipw_tcate_rmse,TCATE-K-grid_skewness,"aipw functional contrast; RMSE over four strata of X4 with edges (-0.5, 0.0, 0.5)",,cwdb_zipt,drf,-0.00318152681545629,0.0018490694065935217,-0.0068057028523795925,0.0004426492214670125,50
Z1,ZI1,aipw_tcate_rmse,TCATE-K-grid_upper_tail_mean,"aipw functional contrast; RMSE over four strata of X4 with edges (-0.5, 0.0, 0.5)",,causal_drf,cwdb_zipt,0.0018792910053687661,0.005681052823159838,-0.009255572528024517,0.013014154538762049,50
Z1,ZI1,aipw_tcate_rmse,TCATE-K-grid_upper_tail_mean,"aipw functional contrast; RMSE over four strata of X4 with edges (-0.5, 0.0, 0.5)",,causal_drf,drf,-0.001942640440391663,0.0024990223436028984,-0.006840724233853344,0.002955443353070018,50
Z1,ZI1,aipw_tcate_rmse,TCATE-K-grid_upper_tail_mean,"aipw functional contrast; RMSE over four strata of X4 with edges (-0.5, 0.0, 0.5)",,cwdb_zipt,drf,-0.003821931445760429,0.006172740219273342,-0.01592050227553618,0.00827663938401532,50
Z1,ZI1,barycenter_rmse,MEANQ-A-K,,0.0,causal_drf,cwdb_zipt,0.12788512044653405,0.010501780759919645,0.10730163015709154,0.14846861073597656,50
Z1,ZI1,barycenter_rmse,MEANQ-A-K,,0.0,causal_drf,drf,-0.046875348910921544,0.005990258988312543,-0.058616256528014124,-0.035134441293828964,50
Z1,ZI1,barycenter_rmse,MEANQ-A-K,,0.0,cwdb_zipt,drf,-0.1747604693574556,0.01207648573251551,-0.198430381393186,-0.1510905573217252,50
Z1,ZI1,barycenter_rmse,MEANQ-A-K,,1.0,causal_drf,cwdb_zipt,0.10469932338030769,0.011556115488514119,0.08204933702282001,0.12734930973779535,50
Z1,ZI1,barycenter_rmse,MEANQ-A-K,,1.0,causal_drf,drf,-0.057242598787786036,0.005724387044411125,-0.06846239739483184,-0.04602280018074023,50
Z1,ZI1,barycenter_rmse,MEANQ-A-K,,1.0,cwdb_zipt,drf,-0.16194192216809372,0.012249842131241544,-0.18595161274532715,-0.1379322315908603,50
Z1,ZI1,mass_contrast_rmse,LAW-A-K,degenerate-probability contrast across moderator bins,,causal_drf,cwdb_zipt,0.00900793841781014,0.003379845693038871,0.002383440859453954,0.01563243597616633,50
Z1,ZI1,mass_contrast_rmse,LAW-A-K,degenerate-probability contrast across moderator bins,,causal_drf,drf,-0.009541854965895345,0.0014011177509184495,-0.012288045757695506,-0.006795664174095184,50
Z1,ZI1,mass_contrast_rmse,LAW-A-K,degenerate-probability contrast across moderator bins,,cwdb_zipt,drf,-0.018549793383705486,0.0035326001740664656,-0.025473689724875757,-0.011625897042535215,50
Z1,ZI1,mean_quantile_rmse,MEANQ-A-K,"arm contrast, the mandatory common target",,causal_drf,cwdb_zipt,-0.03507381985485114,0.018141778397627307,-0.07063170551420067,0.0004840658044983834,50
Z1,ZI1,mean_quantile_rmse,MEANQ-A-K,"arm contrast, the mandatory common target",,causal_drf,drf,-0.014157636884770841,0.006948235009430489,-0.027776177503254597,-0.0005390962662870837,50
Z1,ZI1,mean_quantile_rmse,MEANQ-A-K,"arm contrast, the mandatory common target",,cwdb_zipt,drf,0.0209161829700803,0.019516635614456747,-0.017336422834254926,0.059168788774415525,50
Z1,ZI1,plugin_reference_tate_abs_error,REF-ATE-K,plugin reference contrast; marginal absolute error,,causal_drf,cwdb_zipt,0.03535980005139926,0.008034495698942651,0.01961218848147166,0.051107411621326856,50
Z1,ZI1,plugin_reference_tate_abs_error,REF-ATE-K,plugin reference contrast; marginal absolute error,,causal_drf,drf,-0.018004966412858273,0.0033934219742012143,-0.02465607348229265,-0.011353859343423893,50
Z1,ZI1,plugin_reference_tate_abs_error,REF-ATE-K,plugin reference contrast; marginal absolute error,,cwdb_zipt,drf,-0.05336476646425753,0.00854402102760572,-0.07011104767836474,-0.036618485250150316,50
Z1,ZI1,plugin_reference_tcate_rmse,REF-TCATE-K,"plugin reference contrast; RMSE over four strata of X4 with edges (-0.5, 0.0, 0.5)",,causal_drf,cwdb_zipt,0.03130701946432887,0.007981590850064219,0.015663101398203004,0.04695093753045474,50
Z1,ZI1,plugin_reference_tcate_rmse,REF-TCATE-K,"plugin reference contrast; RMSE over four strata of X4 with edges (-0.5, 0.0, 0.5)",,causal_drf,drf,-0.011834698733692806,0.003541266652916786,-0.018775581373409705,-0.004893816093975905,50
Z1,ZI1,plugin_reference_tcate_rmse,REF-TCATE-K,"plugin reference contrast; RMSE over four strata of X4 with edges (-0.5, 0.0, 0.5)",,cwdb_zipt,drf,-0.04314171819802168,0.008041896744347417,-0.05890383581694261,-0.02737960057910074,50
Z1,ZI1,plugin_tate_abs_error,TATE-K-grid_mean,plugin functional contrast; marginal absolute error,,causal_drf,cwdb_zipt,0.0808599621952516,0.016176142963046626,0.049154721987680214,0.11256520240282299,50
Z1,ZI1,plugin_tate_abs_error,TATE-K-grid_mean,plugin functional contrast; marginal absolute error,,causal_drf,drf,-0.041940878195209946,0.006571955808489216,-0.05482191157984881,-0.029059844810571084,50
Z1,ZI1,plugin_tate_abs_error,TATE-K-grid_mean,plugin functional contrast; marginal absolute error,,cwdb_zipt,drf,-0.12280084039046155,0.017274566123381567,-0.15665898999228942,-0.08894269078863368,50
Z1,ZI1,plugin_tate_abs_error,TATE-K-grid_sd,plugin functional contrast; marginal absolute error,,causal_drf,cwdb_zipt,0.025861301584753332,0.0039181324502061765,0.018181761982349227,0.03354084118715744,50
Z1,ZI1,plugin_tate_abs_error,TATE-K-grid_sd,plugin functional contrast; marginal absolute error,,causal_drf,drf,-0.011358972513314483,0.0015641001550539234,-0.014424608817220172,-0.008293336209408794,50
Z1,ZI1,plugin_tate_abs_error,TATE-K-grid_sd,plugin functional contrast; marginal absolute error,,cwdb_zipt,drf,-0.037220274098067815,0.004164618058354666,-0.04538292549244296,-0.029057622703692672,50
Z1,ZI1,plugin_tate_abs_error,TATE-K-grid_skewness,plugin functional contrast; marginal absolute error,,causal_drf,cwdb_zipt,0.036579195316155735,0.0051569102890731645,0.026471651149572333,0.04668673948273914,50
Z1,ZI1,plugin_tate_abs_error,TATE-K-grid_skewness,plugin functional contrast; marginal absolute error,,causal_drf,drf,-0.0190750886845842,0.002016216679287049,-0.023026873375986814,-0.015123303993181583,50
Z1,ZI1,plugin_tate_abs_error,TATE-K-grid_skewness,plugin functional contrast; marginal absolute error,,cwdb_zipt,drf,-0.055654284000739934,0.0054991551140178415,-0.0664326280242149,-0.04487593997726497,50
Z1,ZI1,plugin_tate_abs_error,TATE-K-grid_upper_tail_mean,plugin functional contrast; marginal absolute error,,causal_drf,cwdb_zipt,0.09753779414675534,0.018795047887462932,0.060699500287328,0.13437608800618267,50
Z1,ZI1,plugin_tate_abs_error,TATE-K-grid_upper_tail_mean,plugin functional contrast; marginal absolute error,,causal_drf,drf,-0.0492280359339734,0.00761854237264051,-0.0641603789843488,-0.034295692883598,50
Z1,ZI1,plugin_tate_abs_error,TATE-K-grid_upper_tail_mean,plugin functional contrast; marginal absolute error,,cwdb_zipt,drf,-0.14676583008072874,0.020060249044078195,-0.186083918207122,-0.10744774195433549,50
Z1,ZI1,plugin_tcate_rmse,TCATE-K-grid_mean,"plugin functional contrast; RMSE over four strata of X4 with edges (-0.5, 0.0, 0.5)",,causal_drf,cwdb_zipt,0.07076302863847789,0.015992782002240052,0.03941717591408739,0.10210888136286839,50
Z1,ZI1,plugin_tcate_rmse,TCATE-K-grid_mean,"plugin functional contrast; RMSE over four strata of X4 with edges (-0.5, 0.0, 0.5)",,causal_drf,drf,-0.036880985822174195,0.00678908911425866,-0.05018760048612117,-0.02357437115822722,50
Z1,ZI1,plugin_tcate_rmse,TCATE-K-grid_mean,"plugin functional contrast; RMSE over four strata of X4 with edges (-0.5, 0.0, 0.5)",,cwdb_zipt,drf,-0.10764401446065208,0.01630038975901618,-0.1395927783883238,-0.07569525053298037,50
Z1,ZI1,plugin_tcate_rmse,TCATE-K-grid_sd,"plugin functional contrast; RMSE over four strata of X4 with edges (-0.5, 0.0, 0.5)",,causal_drf,cwdb_zipt,0.02200420002124017,0.003912242758974989,0.014336204213649192,0.029672195828831148,50
Z1,ZI1,plugin_tcate_rmse,TCATE-K-grid_sd,"plugin functional contrast; RMSE over four strata of X4 with edges (-0.5, 0.0, 0.5)",,causal_drf,drf,-0.012401983101629155,0.0015885305407781654,-0.01551550296155436,-0.00928846324170395,50
Z1,ZI1,plugin_tcate_rmse,TCATE-K-grid_sd,"plugin functional contrast; RMSE over four strata of X4 with edges (-0.5, 0.0, 0.5)",,cwdb_zipt,drf,-0.034406183122869326,0.0038951406183819993,-0.04204065873489805,-0.026771707510840608,50
Z1,ZI1,plugin_tcate_rmse,TCATE-K-grid_skewness,"plugin functional contrast; RMSE over four strata of X4 with edges (-0.5, 0.0, 0.5)",,causal_drf,cwdb_zipt,0.03210626802271706,0.0050874728993089025,0.02213482114007161,0.04207771490536251,50
Z1,ZI1,plugin_tcate_rmse,TCATE-K-grid_skewness,"plugin functional contrast; RMSE over four strata of X4 with edges (-0.5, 0.0, 0.5)",,causal_drf,drf,-0.02386900160577969,0.0019483450150429014,-0.02768775783526378,-0.020050245376295604,50
Z1,ZI1,plugin_tcate_rmse,TCATE-K-grid_skewness,"plugin functional contrast; RMSE over four strata of X4 with edges (-0.5, 0.0, 0.5)",,cwdb_zipt,drf,-0.05597526962849675,0.005181265542772299,-0.06613055009233046,-0.04581998916466304,50
Z1,ZI1,plugin_tcate_rmse,TCATE-K-grid_upper_tail_mean,"plugin functional contrast; RMSE over four strata of X4 with edges (-0.5, 0.0, 0.5)",,causal_drf,cwdb_zipt,0.08482810808282124,0.018617969702078782,0.048336887466746824,0.12131932869889564,50
Z1,ZI1,plugin_tcate_rmse,TCATE-K-grid_upper_tail_mean,"plugin functional contrast; RMSE over four strata of X4 with edges (-0.5, 0.0, 0.5)",,causal_drf,drf,-0.04448949692930043,0.00786177620627969,-0.059898578293608624,-0.02908041556499224,50
Z1,ZI1,plugin_tcate_rmse,TCATE-K-grid_upper_tail_mean,"plugin functional contrast; RMSE over four strata of X4 with edges (-0.5, 0.0, 0.5)",,cwdb_zipt,drf,-0.12931760501212167,0.01889523093290576,-0.16635225764061695,-0.09228295238362638,50
Z2,ZI2,aipw_reference_tate_abs_error,REF-ATE-K,aipw reference contrast; marginal absolute error,,causal_drf,cwdb_zipt,0.0005914926127935649,0.0019918181126229338,-0.0033124708879473854,0.004495456113534515,50
Z2,ZI2,aipw_reference_tate_abs_error,REF-ATE-K,aipw reference contrast; marginal absolute error,,causal_drf,drf,-0.0010570912053938786,0.0009869237346814483,-0.002991461725369517,0.0008772793145817601,50
Z2,ZI2,aipw_reference_tate_abs_error,REF-ATE-K,aipw reference contrast; marginal absolute error,,cwdb_zipt,drf,-0.0016485838181874435,0.0020224059055781573,-0.0056124993931206315,0.0023153317567457445,50
Z2,ZI2,aipw_reference_tcate_rmse,REF-TCATE-K,"aipw reference contrast; RMSE over four strata of X2 with edges (-0.5, 0.0, 0.5)",,causal_drf,cwdb_zipt,0.0015803864976620119,0.002109157689464828,-0.002553562573689051,0.005714335569013075,50
Z2,ZI2,aipw_reference_tcate_rmse,REF-TCATE-K,"aipw reference contrast; RMSE over four strata of X2 with edges (-0.5, 0.0, 0.5)",,causal_drf,drf,-0.0018228504146194091,0.0010608518433709684,-0.0039021200276265072,0.000256419198387689,50
Z2,ZI2,aipw_reference_tcate_rmse,REF-TCATE-K,"aipw reference contrast; RMSE over four strata of X2 with edges (-0.5, 0.0, 0.5)",,cwdb_zipt,drf,-0.003403236912281421,0.002496899658231297,-0.008297160242414763,0.0014906864178519212,50
Z2,ZI2,aipw_tate_abs_error,TATE-K-grid_mean,aipw functional contrast; marginal absolute error,,causal_drf,cwdb_zipt,0.0019656831902780114,0.003525777897914118,-0.004944841489633659,0.008876207870189681,50
Z2,ZI2,aipw_tate_abs_error,TATE-K-grid_mean,aipw functional contrast; marginal absolute error,,causal_drf,drf,-0.0020290751394938245,0.0019488571509561426,-0.005848835155367864,0.0017906848763802148,50
Z2,ZI2,aipw_tate_abs_error,TATE-K-grid_mean,aipw functional contrast; marginal absolute error,,cwdb_zipt,drf,-0.003994758329771836,0.0036354459717323805,-0.011120232434367302,0.00313071577482363,50
Z2,ZI2,aipw_tate_abs_error,TATE-K-grid_sd,aipw functional contrast; marginal absolute error,,causal_drf,cwdb_zipt,0.0008933308721389421,0.0009577703815222561,-0.0009838990756446799,0.002770560819922564,50
Z2,ZI2,aipw_tate_abs_error,TATE-K-grid_sd,aipw functional contrast; marginal absolute error,,causal_drf,drf,-0.0005232316076573887,0.0004569113438544081,-0.0014187778416120285,0.00037231462629725115,50
Z2,ZI2,aipw_tate_abs_error,TATE-K-grid_sd,aipw functional contrast; marginal absolute error,,cwdb_zipt,drf,-0.0014165624797963308,0.0010403499640897862,-0.0034556484094123117,0.0006225234498196501,50
Z2,ZI2,aipw_tate_abs_error,TATE-K-grid_skewness,aipw functional contrast; marginal absolute error,,causal_drf,cwdb_zipt,0.0005479093193968623,0.0010817266554843372,-0.0015722749253524386,0.0026680935641461632,50
Z2,ZI2,aipw_tate_abs_error,TATE-K-grid_skewness,aipw functional contrast; marginal absolute error,,causal_drf,drf,-0.0005760921444302528,0.0005710648496277271,-0.001695379249700598,0.0005431949608400925,50
Z2,ZI2,aipw_tate_abs_error,TATE-K-grid_skewness,aipw functional contrast; marginal absolute error,,cwdb_zipt,drf,-0.001124001463827115,0.001226616815231785,-0.003528170421681414,0.0012801674940271838,50
Z2,ZI2,aipw_tate_abs_error,TATE-K-grid_upper_tail_mean,aipw functional contrast; marginal absolute error,,causal_drf,cwdb_zipt,0.0026365939929235416,0.004150012150263985,-0.005497429821593869,0.010770617807440952,50
Z2,ZI2,aipw_tate_abs_error,TATE-K-grid_upper_tail_mean,aipw functional contrast; marginal absolute error,,causal_drf,drf,-0.002382208290509308,0.002259519517423878,-0.006810866544660108,0.0020464499636414927,50
Z2,ZI2,aipw_tate_abs_error,TATE-K-grid_upper_tail_mean,aipw functional contrast; marginal absolute error,,cwdb_zipt,drf,-0.005018802283432849,0.004317767062525569,-0.013481625725982965,0.0034440211591172665,50
Z2,ZI2,aipw_tcate_rmse,TCATE-K-grid_mean,"aipw functional contrast; RMSE over four strata of X2 with edges (-0.5, 0.0, 0.5)",,causal_drf,cwdb_zipt,0.003827689116224553,0.003983879438049118,-0.003980714582351718,0.011636092814800825,50
Z2,ZI2,aipw_tcate_rmse,TCATE-K-grid_mean,"aipw functional contrast; RMSE over four strata of X2 with edges (-0.5, 0.0, 0.5)",,causal_drf,drf,-0.004173821521333998,0.0021125544765518535,-0.00831442829537563,-3.32147472923653e-05,50
Z2,ZI2,aipw_tcate_rmse,TCATE-K-grid_mean,"aipw functional contrast; RMSE over four strata of X2 with edges (-0.5, 0.0, 0.5)",,cwdb_zipt,drf,-0.008001510637558551,0.004744313572420071,-0.01730036523950189,0.0012973439643847885,50
Z2,ZI2,aipw_tcate_rmse,TCATE-K-grid_sd,"aipw functional contrast; RMSE over four strata of X2 with edges (-0.5, 0.0, 0.5)",,causal_drf,cwdb_zipt,0.0020850085672314833,0.0010760176909817354,-2.3986107092718086e-05,0.004194003241555685,50
Z2,ZI2,aipw_tcate_rmse,TCATE-K-grid_sd,"aipw functional contrast; RMSE over four strata of X2 with edges (-0.5, 0.0, 0.5)",,causal_drf,drf,-0.001152656604332919,0.00048318965849010074,-0.0020997083349735164,-0.00020560487369232147,50
Z2,ZI2,aipw_tcate_rmse,TCATE-K-grid_sd,"aipw functional contrast; RMSE over four strata of X2 with edges (-0.5, 0.0, 0.5)",,cwdb_zipt,drf,-0.0032376651715644023,0.0012610543392059905,-0.005709331676408144,-0.0007659986667206608,50
Z2,ZI2,aipw_tcate_rmse,TCATE-K-grid_skewness,"aipw functional contrast; RMSE over four strata of X2 with edges (-0.5, 0.0, 0.5)",,causal_drf,cwdb_zipt,0.0015342367688188224,0.0013024823044966508,-0.001018628547994613,0.004087102085632258,50
Z2,ZI2,aipw_tcate_rmse,TCATE-K-grid_skewness,"aipw functional contrast; RMSE over four strata of X2 with edges (-0.5, 0.0, 0.5)",,causal_drf,drf,-0.0018578645694555113,0.0006261616653780471,-0.003085141433596484,-0.0006305877053145389,50
Z2,ZI2,aipw_tcate_rmse,TCATE-K-grid_skewness,"aipw functional contrast; RMSE over four strata of X2 with edges (-0.5, 0.0, 0.5)",,cwdb_zipt,drf,-0.0033921013382743337,0.0015745632813616204,-0.00647824536974311,-0.0003059573068055579,50
Z2,ZI2,aipw_tcate_rmse,TCATE-K-grid_upper_tail_mean,"aipw functional contrast; RMSE over four strata of X2 with edges (-0.5, 0.0, 0.5)",,causal_drf,cwdb_zipt,0.005329971591539362,0.004661260142339016,-0.0038060982874451085,0.014466041470523832,50
Z2,ZI2,aipw_tcate_rmse,TCATE-K-grid_upper_tail_mean,"aipw functional contrast; RMSE over four strata of X2 with edges (-0.5, 0.0, 0.5)",,causal_drf,drf,-0.004925764655804854,0.0024394196382364754,-0.009707027146748346,-0.00014450216486136275,50
Z2,ZI2,aipw_tcate_rmse,TCATE-K-grid_upper_tail_mean,"aipw functional contrast; RMSE over four strata of X2 with edges (-0.5, 0.0, 0.5)",,cwdb_zipt,drf,-0.010255736247344216,0.005537267885190613,-0.021108781302317817,0.0005973088076293848,50
Z2,ZI2,barycenter_rmse,MEANQ-A-K,,0.0,causal_drf,cwdb_zipt,0.14426939528579763,0.01149758080006844,0.1217341369176635,0.16680465365393177,50
Z2,ZI2,barycenter_rmse,MEANQ-A-K,,0.0,causal_drf,drf,-0.028670271004051395,0.0038043334247350267,-0.036126764516532045,-0.021213777491570742,50
Z2,ZI2,barycenter_rmse,MEANQ-A-K,,0.0,cwdb_zipt,drf,-0.17293966628984903,0.012272694825329736,-0.1969941481474953,-0.14888518443220275,50
Z2,ZI2,barycenter_rmse,MEANQ-A-K,,1.0,causal_drf,cwdb_zipt,0.14752725807678757,0.01090237298291924,0.12615860703026585,0.1688959091233093,50
Z2,ZI2,barycenter_rmse,MEANQ-A-K,,1.0,causal_drf,drf,-0.07529941348773456,0.007050576656995342,-0.08911854373544542,-0.061480283240023685,50
Z2,ZI2,barycenter_rmse,MEANQ-A-K,,1.0,cwdb_zipt,drf,-0.22282667156452213,0.012126674849145895,-0.2465949542688481,-0.19905838886019617,50
Z2,ZI2,mass_contrast_rmse,LAW-A-K,degenerate-probability contrast across moderator bins,,causal_drf,cwdb_zipt,0.015543669844351828,0.004540360029355964,0.0066445641868141374,0.024442775501889516,50
Z2,ZI2,mass_contrast_rmse,LAW-A-K,degenerate-probability contrast across moderator bins,,causal_drf,drf,-0.002814012707224575,0.0015696312821579011,-0.005890490020254061,0.000262464605804911,50
Z2,ZI2,mass_contrast_rmse,LAW-A-K,degenerate-probability contrast across moderator bins,,cwdb_zipt,drf,-0.018357682551576403,0.004819993355264127,-0.027804869527894092,-0.008910495575258715,50
Z2,ZI2,mean_quantile_rmse,MEANQ-A-K,"arm contrast, the mandatory common target",,causal_drf,cwdb_zipt,-0.027774223676527987,0.01821917579857561,-0.06348380824173619,0.007935360888680208,50
Z2,ZI2,mean_quantile_rmse,MEANQ-A-K,"arm contrast, the mandatory common target",,causal_drf,drf,-0.0065650527490579424,0.007998082384551401,-0.02224129422277869,0.009111188724662805,50
Z2,ZI2,mean_quantile_rmse,MEANQ-A-K,"arm contrast, the mandatory common target",,cwdb_zipt,drf,0.021209170927470045,0.01873290026027409,-0.015507313582667173,0.05792565543760726,50
Z2,ZI2,plugin_reference_tate_abs_error,REF-ATE-K,plugin reference contrast; marginal absolute error,,causal_drf,cwdb_zipt,0.04770218373080172,0.012997328165543625,0.022227420526336215,0.07317694693526722,50
Z2,ZI2,plugin_reference_tate_abs_error,REF-ATE-K,plugin reference contrast; marginal absolute error,,causal_drf,drf,-0.007917358804602148,0.003504890319627868,-0.01478694383107277,-0.0010477737781315272,50
Z2,ZI2,plugin_reference_tate_abs_error,REF-ATE-K,plugin reference contrast; marginal absolute error,,cwdb_zipt,drf,-0.05561954253540387,0.013307241836650621,-0.08170173653523909,-0.02953734853556865,50
Z2,ZI2,plugin_reference_tcate_rmse,REF-TCATE-K,"plugin reference contrast; RMSE over four strata of X2 with edges (-0.5, 0.0, 0.5)",,causal_drf,cwdb_zipt,0.02412846462781773,0.01163678003135998,0.0013203757663521713,0.046936553489283286,50
Z2,ZI2,plugin_reference_tcate_rmse,REF-TCATE-K,"plugin reference contrast; RMSE over four strata of X2 with edges (-0.5, 0.0, 0.5)",,causal_drf,drf,-0.01071987906075128,0.0037144722157580246,-0.018000244603637007,-0.0034395135178655525,50
Z2,ZI2,plugin_reference_tcate_rmse,REF-TCATE-K,"plugin reference contrast; RMSE over four strata of X2 with edges (-0.5, 0.0, 0.5)",,cwdb_zipt,drf,-0.03484834368856901,0.011614115832636475,-0.0576120107205365,-0.012084676656601522,50
Z2,ZI2,plugin_tate_abs_error,TATE-K-grid_mean,plugin functional contrast; marginal absolute error,,causal_drf,cwdb_zipt,0.1077164514116481,0.023983638799555493,0.06070851936451933,0.15472438345877687,50
Z2,ZI2,plugin_tate_abs_error,TATE-K-grid_mean,plugin functional contrast; marginal absolute error,,causal_drf,drf,-0.015656472504073482,0.007041651632418152,-0.02945810970361306,-0.0018548353045339042,50
Z2,ZI2,plugin_tate_abs_error,TATE-K-grid_mean,plugin functional contrast; marginal absolute error,,cwdb_zipt,drf,-0.12337292391572158,0.02450605316150055,-0.17140478811226265,-0.07534105971918051,50
Z2,ZI2,plugin_tate_abs_error,TATE-K-grid_sd,plugin functional contrast; marginal absolute error,,causal_drf,cwdb_zipt,0.03372991471313052,0.005276752457717812,0.023387479896003607,0.04407234953025743,50
Z2,ZI2,plugin_tate_abs_error,TATE-K-grid_sd,plugin functional contrast; marginal absolute error,,causal_drf,drf,-0.003507881203288918,0.0016955334630195575,-0.006831126790807251,-0.00018463561577058496,50
Z2,ZI2,plugin_tate_abs_error,TATE-K-grid_sd,plugin functional contrast; marginal absolute error,,cwdb_zipt,drf,-0.03723779591641944,0.005356318634679625,-0.047736180440391504,-0.02673941139244737,50
Z2,ZI2,plugin_tate_abs_error,TATE-K-grid_skewness,plugin functional contrast; marginal absolute error,,causal_drf,cwdb_zipt,0.04471163133465569,0.005614552701234787,0.0337071080402355,0.05571615462907587,50
Z2,ZI2,plugin_tate_abs_error,TATE-K-grid_skewness,plugin functional contrast; marginal absolute error,,causal_drf,drf,-0.0042276908788310835,0.002129630528803303,-0.008401766715285558,-5.361504237660908e-05,50
Z2,ZI2,plugin_tate_abs_error,TATE-K-grid_skewness,plugin functional contrast; marginal absolute error,,cwdb_zipt,drf,-0.04893932221348677,0.005653468729676866,-0.06002012092365343,-0.03785852350332011,50
Z2,ZI2,plugin_tate_abs_error,TATE-K-grid_upper_tail_mean,plugin functional contrast; marginal absolute error,,causal_drf,cwdb_zipt,0.13021672317831773,0.027628680524487415,0.0760645093503224,0.18436893700631307,50
Z2,ZI2,plugin_tate_abs_error,TATE-K-grid_upper_tail_mean,plugin functional contrast; marginal absolute error,,causal_drf,drf,-0.01811193148785034,0.00819014111961891,-0.034164608082303406,-0.0020592548933972762,50
Z2,ZI2,plugin_tate_abs_error,TATE-K-grid_upper_tail_mean,plugin functional contrast; marginal absolute error,,cwdb_zipt,drf,-0.14832865466616807,0.028191338629176426,-0.20358367837935387,-0.09307363095298227,50
Z2,ZI2,plugin_tcate_rmse,TCATE-K-grid_mean,"plugin functional contrast; RMSE over four strata of X2 with edges (-0.5, 0.0, 0.5)",,causal_drf,cwdb_zipt,0.06192298785344122,0.022232545069598073,0.018347199517028998,0.10549877618985344,50
Z2,ZI2,plugin_tcate_rmse,TCATE-K-grid_mean,"plugin functional contrast; RMSE over four strata of X2 with edges (-0.5, 0.0, 0.5)",,causal_drf,drf,-0.02330113314526766,0.007407108809381553,-0.03781906641165551,-0.008783199878879816,50
Z2,ZI2,plugin_tcate_rmse,TCATE-K-grid_mean,"plugin functional contrast; RMSE over four strata of X2 with edges (-0.5, 0.0, 0.5)",,cwdb_zipt,drf,-0.08522412099870888,0.02209576695412799,-0.12853182422879975,-0.04191641776861802,50
Z2,ZI2,plugin_tcate_rmse,TCATE-K-grid_sd,"plugin functional contrast; RMSE over four strata of X2 with edges (-0.5, 0.0, 0.5)",,causal_drf,cwdb_zipt,0.02309422554912669,0.005201264084245688,0.012899747944005143,0.03328870315424824,50
Z2,ZI2,plugin_tcate_rmse,TCATE-K-grid_sd,"plugin functional contrast; RMSE over four strata of X2 with edges (-0.5, 0.0, 0.5)",,causal_drf,drf,-0.006707810775589046,0.0018027500266473582,-0.010241200827817869,-0.003174420723360224,50
Z2,ZI2,plugin_tcate_rmse,TCATE-K-grid_sd,"plugin functional contrast; RMSE over four strata of X2 with edges (-0.5, 0.0, 0.5)",,cwdb_zipt,drf,-0.029802036324715737,0.005096810698851693,-0.03979178529446506,-0.01981228735496642,50
Z2,ZI2,plugin_tcate_rmse,TCATE-K-grid_skewness,"plugin functional contrast; RMSE over four strata of X2 with edges (-0.5, 0.0, 0.5)",,causal_drf,cwdb_zipt,0.034819385614089114,0.005497647127860374,0.02404399724348278,0.04559477398469545,50
Z2,ZI2,plugin_tcate_rmse,TCATE-K-grid_skewness,"plugin functional contrast; RMSE over four strata of X2 with edges (-0.5, 0.0, 0.5)",,causal_drf,drf,-0.007845398250341848,0.002135684489648434,-0.012031339850052778,-0.0036594566506309174,50
Z2,ZI2,plugin_tcate_rmse,TCATE-K-grid_skewness,"plugin functional contrast; RMSE over four strata of X2 with edges (-0.5, 0.0, 0.5)",,cwdb_zipt,drf,-0.04266478386443096,0.005440544988969186,-0.05332825204281057,-0.03200131568605136,50
Z2,ZI2,plugin_tcate_rmse,TCATE-K-grid_upper_tail_mean,"plugin functional contrast; RMSE over four strata of X2 with edges (-0.5, 0.0, 0.5)",,causal_drf,cwdb_zipt,0.07739948812215003,0.025827140946965713,0.02677829186609723,0.12802068437820283,50
Z2,ZI2,plugin_tcate_rmse,TCATE-K-grid_upper_tail_mean,"plugin functional contrast; RMSE over four strata of X2 with edges (-0.5, 0.0, 0.5)",,causal_drf,drf,-0.02767061280690053,0.008629539789078778,-0.04458451079349493,-0.010756714820306126,50
Z2,ZI2,plugin_tcate_rmse,TCATE-K-grid_upper_tail_mean,"plugin functional contrast; RMSE over four strata of X2 with edges (-0.5, 0.0, 0.5)",,cwdb_zipt,drf,-0.10507010092905056,0.025595077061400746,-0.155236451969396,-0.0549037498887051,50
Z3,ZI3,aipw_reference_tate_abs_error,REF-ATE-K,aipw reference contrast; marginal absolute error,,causal_drf,cwdb_zipt,0.028248719857450325,0.008705443517261645,0.0111860505636175,0.045311389151283146,50
Z3,ZI3,aipw_reference_tate_abs_error,REF-ATE-K,aipw reference contrast; marginal absolute error,,causal_drf,drf,-0.06319508407935924,0.005840625010861668,-0.0746427091006481,-0.05174745905807037,50
Z3,ZI3,aipw_reference_tate_abs_error,REF-ATE-K,aipw reference contrast; marginal absolute error,,cwdb_zipt,drf,-0.09144380393680956,0.012168199951143484,-0.11529347584105079,-0.06759413203256834,50
Z3,ZI3,aipw_reference_tcate_rmse,REF-TCATE-K,"aipw reference contrast; RMSE over four strata of X4 with edges (-0.5, 0.0, 0.5)",,causal_drf,cwdb_zipt,0.06594777250979936,0.009056549926260914,0.048196934654327964,0.08369861036527075,50
Z3,ZI3,aipw_reference_tcate_rmse,REF-TCATE-K,"aipw reference contrast; RMSE over four strata of X4 with edges (-0.5, 0.0, 0.5)",,causal_drf,drf,-0.1191200452346837,0.007733949244051714,-0.13427858575302506,-0.10396150471634234,50
Z3,ZI3,aipw_reference_tcate_rmse,REF-TCATE-K,"aipw reference contrast; RMSE over four strata of X4 with edges (-0.5, 0.0, 0.5)",,cwdb_zipt,drf,-0.18506781774448305,0.014986643037831999,-0.21444163809863376,-0.15569399739033235,50
Z3,ZI3,aipw_tate_abs_error,TATE-K-grid_mean,aipw functional contrast; marginal absolute error,,causal_drf,cwdb_zipt,0.05639357821786986,0.016026968366643284,0.024980720219249027,0.0878064362164907,50
Z3,ZI3,aipw_tate_abs_error,TATE-K-grid_mean,aipw functional contrast; marginal absolute error,,causal_drf,drf,-0.12353586657390175,0.01076071697444221,-0.14462687184380849,-0.10244486130399502,50
Z3,ZI3,aipw_tate_abs_error,TATE-K-grid_mean,aipw functional contrast; marginal absolute error,,cwdb_zipt,drf,-0.17992944479177161,0.02265158167429869,-0.22432654487339704,-0.1355323447101462,50
Z3,ZI3,aipw_tate_abs_error,TATE-K-grid_sd,aipw functional contrast; marginal absolute error,,causal_drf,cwdb_zipt,0.012791942833421222,0.003998362172357311,0.004955152975600893,0.02062873269124155,50
Z3,ZI3,aipw_tate_abs_error,TATE-K-grid_sd,aipw functional contrast; marginal absolute error,,causal_drf,drf,-0.02887666738858538,0.0023383484261389974,-0.033459830303817814,-0.024293504473352948,50
Z3,ZI3,aipw_tate_abs_error,TATE-K-grid_sd,aipw functional contrast; marginal absolute error,,cwdb_zipt,drf,-0.0416686102220066,0.005493583256788523,-0.05243603340531211,-0.030901187038701095,50
Z3,ZI3,aipw_tate_abs_error,TATE-K-grid_skewness,aipw functional contrast; marginal absolute error,,causal_drf,cwdb_zipt,0.018006008797825962,0.003604967693640812,0.01094027211828997,0.025071745477361955,50
Z3,ZI3,aipw_tate_abs_error,TATE-K-grid_skewness,aipw functional contrast; marginal absolute error,,causal_drf,drf,-0.035524574113658204,0.0026109003335365428,-0.04064193876738983,-0.03040720945992658,50
Z3,ZI3,aipw_tate_abs_error,TATE-K-grid_skewness,aipw functional contrast; marginal absolute error,,cwdb_zipt,drf,-0.053530582911484166,0.005526471026748173,-0.06436246612391058,-0.04269869969905775,50
Z3,ZI3,aipw_tate_abs_error,TATE-K-grid_upper_tail_mean,aipw functional contrast; marginal absolute error,,causal_drf,cwdb_zipt,0.06565461189245081,0.018728815193471526,0.02894613411324662,0.102363089671655,50
Z3,ZI3,aipw_tate_abs_error,TATE-K-grid_upper_tail_mean,aipw functional contrast; marginal absolute error,,causal_drf,drf,-0.14362024752637273,0.012347069800368088,-0.16782050433509418,-0.11941999071765128,50
Z3,ZI3,aipw_tate_abs_error,TATE-K-grid_upper_tail_mean,aipw functional contrast; marginal absolute error,,cwdb_zipt,drf,-0.20927485941882354,0.02636058802883962,-0.2609416119553492,-0.15760810688229787,50
Z3,ZI3,aipw_tcate_rmse,TCATE-K-grid_mean,"aipw functional contrast; RMSE over four strata of X4 with edges (-0.5, 0.0, 0.5)",,causal_drf,cwdb_zipt,0.1278168791042999,0.01631133787459706,0.09584665687008967,0.15978710133851012,50
Z3,ZI3,aipw_tcate_rmse,TCATE-K-grid_mean,"aipw functional contrast; RMSE over four strata of X4 with edges (-0.5, 0.0, 0.5)",,causal_drf,drf,-0.2346283462440853,0.014291344886349156,-0.26263938222132965,-0.20661731026684094,50
Z3,ZI3,aipw_tcate_rmse,TCATE-K-grid_mean,"aipw functional contrast; RMSE over four strata of X4 with edges (-0.5, 0.0, 0.5)",,cwdb_zipt,drf,-0.3624452253483852,0.027109472065926923,-0.415579790597602,-0.3093106600991684,50
Z3,ZI3,aipw_tcate_rmse,TCATE-K-grid_sd,"aipw functional contrast; RMSE over four strata of X4 with edges (-0.5, 0.0, 0.5)",,causal_drf,cwdb_zipt,0.029662422013526174,0.003651710917459137,0.022505068615306267,0.03681977541174608,50
Z3,ZI3,aipw_tcate_rmse,TCATE-K-grid_sd,"aipw functional contrast; RMSE over four strata of X4 with edges (-0.5, 0.0, 0.5)",,causal_drf,drf,-0.05469385214298382,0.0033354423668299185,-0.06123131918197046,-0.04815638510399718,50
Z3,ZI3,aipw_tcate_rmse,TCATE-K-grid_sd,"aipw functional contrast; RMSE over four strata of X4 with edges (-0.5, 0.0, 0.5)",,cwdb_zipt,drf,-0.08435627415651,0.006036656060347443,-0.09618812003479098,-0.07252442827822901,50
Z3,ZI3,aipw_tcate_rmse,TCATE-K-grid_skewness,"aipw functional contrast; RMSE over four strata of X4 with edges (-0.5, 0.0, 0.5)",,causal_drf,cwdb_zipt,0.035713766091291926,0.004015314804483054,0.02784374907450514,0.043583783108078714,50
Z3,ZI3,aipw_tcate_rmse,TCATE-K-grid_skewness,"aipw functional contrast; RMSE over four strata of X4 with edges (-0.5, 0.0, 0.5)",,causal_drf,drf,-0.06966357140252694,0.004092676091153985,-0.07768521654118875,-0.061641926263865124,50
Z3,ZI3,aipw_tcate_rmse,TCATE-K-grid_skewness,"aipw functional contrast; RMSE over four strata of X4 with edges (-0.5, 0.0, 0.5)",,cwdb_zipt,drf,-0.10537733749381886,0.007145159260138408,-0.11938184964369014,-0.09137282534394758,50
Z3,ZI3,aipw_tcate_rmse,TCATE-K-grid_upper_tail_mean,"aipw functional contrast; RMSE over four strata of X4 with edges (-0.5, 0.0, 0.5)",,causal_drf,cwdb_zipt,0.14915093119042533,0.018764971425979524,0.11237158719550547,0.1859302751853452,50
Z3,ZI3,aipw_tcate_rmse,TCATE-K-grid_upper_tail_mean,"aipw functional contrast; RMSE over four strata of X4 with edges (-0.5, 0.0, 0.5)",,causal_drf,drf,-0.27228911756268537,0.01653486351294041,-0.30469745004804855,-0.23988078507732216,50
Z3,ZI3,aipw_tcate_rmse,TCATE-K-grid_upper_tail_mean,"aipw functional contrast; RMSE over four strata of X4 with edges (-0.5, 0.0, 0.5)",,cwdb_zipt,drf,-0.4214400487531107,0.031221405912649963,-0.4826340043419046,-0.36024609316431677,50
Z3,ZI3,barycenter_rmse,MEANQ-A-K,,0.0,causal_drf,cwdb_zipt,0.5823753082197869,0.012161487729738532,0.5585387922694993,0.6062118241700745,50
Z3,ZI3,barycenter_rmse,MEANQ-A-K,,0.0,causal_drf,drf,-1.0507454818159376,0.01859480887208095,-1.0871913072052164,-1.0142996564266589,50
Z3,ZI3,barycenter_rmse,MEANQ-A-K,,0.0,cwdb_zipt,drf,-1.6331207900357245,0.02419076387393186,-1.6805346872286309,-1.5857068928428182,50
Z3,ZI3,barycenter_rmse,MEANQ-A-K,,1.0,causal_drf,cwdb_zipt,0.5388525357531277,0.016023678634867717,0.507446125628787,0.5702589458774685,50
Z3,ZI3,barycenter_rmse,MEANQ-A-K,,1.0,causal_drf,drf,-0.7425903030603703,0.014547582243166265,-0.7711035642569762,-0.7140770418637644,50
Z3,ZI3,barycenter_rmse,MEANQ-A-K,,1.0,cwdb_zipt,drf,-1.281442838813498,0.015175768841074973,-1.311187345742005,-1.251698331884991,50
Z3,ZI3,mass_contrast_rmse,LAW-A-K,degenerate-probability contrast across moderator bins,,causal_drf,cwdb_zipt,0.16333969351403183,0.002606996826041387,0.1582299797349907,0.16844940729307295,50
Z3,ZI3,mass_contrast_rmse,LAW-A-K,degenerate-probability contrast across moderator bins,,causal_drf,drf,-0.19149837120775587,0.003724774456425911,-0.19879892914235064,-0.1841978132731611,50
Z3,ZI3,mass_contrast_rmse,LAW-A-K,degenerate-probability contrast across moderator bins,,cwdb_zipt,drf,-0.3548380647217877,0.004096777376390839,-0.36286774837951374,-0.34680838106406164,50
Z3,ZI3,mean_quantile_rmse,MEANQ-A-K,"arm contrast, the mandatory common target",,causal_drf,cwdb_zipt,0.6977565772678029,0.015585226877566692,0.6672095325877723,0.7283036219478336,50
Z3,ZI3,mean_quantile_rmse,MEANQ-A-K,"arm contrast, the mandatory common target",,causal_drf,drf,-0.9337310432103254,0.019542621079146633,-0.9720345805254528,-0.895427505895198,50
Z3,ZI3,mean_quantile_rmse,MEANQ-A-K,"arm contrast, the mandatory common target",,cwdb_zipt,drf,-1.6314876204781283,0.021448353491865725,-1.6735263933221851,-1.5894488476340716,50
Z3,ZI3,plugin_reference_tate_abs_error,REF-ATE-K,plugin reference contrast; marginal absolute error,,causal_drf,cwdb_zipt,0.4203759791664512,0.0068780216317219185,0.40689505676827625,0.43385690156462614,50
Z3,ZI3,plugin_reference_tate_abs_error,REF-ATE-K,plugin reference contrast; marginal absolute error,,causal_drf,drf,-0.47832338622236814,0.009519610478997536,-0.4969818227612033,-0.459664949683533,50
Z3,ZI3,plugin_reference_tate_abs_error,REF-ATE-K,plugin reference contrast; marginal absolute error,,cwdb_zipt,drf,-0.8986993653888193,0.010329851036633867,-0.9189458734206217,-0.878452857357017,50
Z3,ZI3,plugin_reference_tcate_rmse,REF-TCATE-K,"plugin reference contrast; RMSE over four strata of X4 with edges (-0.5, 0.0, 0.5)",,causal_drf,cwdb_zipt,0.4043776476940135,0.007837081322786283,0.3890169683013524,0.41973832708667463,50
Z3,ZI3,plugin_reference_tcate_rmse,REF-TCATE-K,"plugin reference contrast; RMSE over four strata of X4 with edges (-0.5, 0.0, 0.5)",,causal_drf,drf,-0.46806936296098267,0.009842196475776981,-0.48736006805350557,-0.4487786578684598,50
Z3,ZI3,plugin_reference_tcate_rmse,REF-TCATE-K,"plugin reference contrast; RMSE over four strata of X4 with edges (-0.5, 0.0, 0.5)",,cwdb_zipt,drf,-0.8724470106549962,0.010579061279188876,-0.8931819707622064,-0.851712050547786,50
Z3,ZI3,plugin_tate_abs_error,TATE-K-grid_mean,plugin functional contrast; marginal absolute error,,causal_drf,cwdb_zipt,0.8074426823910519,0.012343282575425784,0.7832498485432173,0.8316355162388864,50
Z3,ZI3,plugin_tate_abs_error,TATE-K-grid_mean,plugin functional contrast; marginal absolute error,,causal_drf,drf,-0.9183362582006296,0.018037909295153882,-0.9536905604191313,-0.8829819559821279,50
Z3,ZI3,plugin_tate_abs_error,TATE-K-grid_mean,plugin functional contrast; marginal absolute error,,cwdb_zipt,drf,-1.7257789405916815,0.019459063794738808,-1.7639187056293695,-1.6876391755539935,50
Z3,ZI3,plugin_tate_abs_error,TATE-K-grid_sd,plugin functional contrast; marginal absolute error,,causal_drf,cwdb_zipt,0.18128403104784135,0.003009400246598335,0.1753856065645086,0.1871824555311741,50
Z3,ZI3,plugin_tate_abs_error,TATE-K-grid_sd,plugin functional contrast; marginal absolute error,,causal_drf,drf,-0.2086403809430739,0.004085334300097979,-0.21664763617126595,-0.20063312571488187,50
Z3,ZI3,plugin_tate_abs_error,TATE-K-grid_sd,plugin functional contrast; marginal absolute error,,cwdb_zipt,drf,-0.38992441199091527,0.004596189549556359,-0.39893294350804576,-0.3809158804737848,50
Z3,ZI3,plugin_tate_abs_error,TATE-K-grid_skewness,plugin functional contrast; marginal absolute error,,causal_drf,cwdb_zipt,0.2143585315208021,0.003473884817333798,0.20754971727882784,0.22116734576277633,50
Z3,ZI3,plugin_tate_abs_error,TATE-K-grid_skewness,plugin functional contrast; marginal absolute error,,causal_drf,drf,-0.2474730626967615,0.004776675321980969,-0.2568353463278442,-0.2381107790656788,50
Z3,ZI3,plugin_tate_abs_error,TATE-K-grid_skewness,plugin functional contrast; marginal absolute error,,cwdb_zipt,drf,-0.4618315942175636,0.005678114834176969,-0.47296069929255047,-0.4507024891425767,50
Z3,ZI3,plugin_tate_abs_error,TATE-K-grid_upper_tail_mean,plugin functional contrast; marginal absolute error,,causal_drf,cwdb_zipt,0.9320681352231046,0.0143546022654619,0.9039331147827993,0.96020315566341,50
Z3,ZI3,plugin_tate_abs_error,TATE-K-grid_upper_tail_mean,plugin functional contrast; marginal absolute error,,causal_drf,drf,-1.0614905546311753,0.020822650703673534,-1.1023029500103754,-1.0206781592519751,50
Z3,ZI3,plugin_tate_abs_error,TATE-K-grid_upper_tail_mean,plugin functional contrast; marginal absolute error,,cwdb_zipt,drf,-1.9935586898542799,0.02254853048688551,-2.0377538096085757,-1.9493635700999843,50
Z3,ZI3,plugin_tcate_rmse,TCATE-K-grid_mean,"plugin functional contrast; RMSE over four strata of X4 with edges (-0.5, 0.0, 0.5)",,causal_drf,cwdb_zipt,0.7823589986436011,0.013926213706878824,0.7550636197781186,0.8096543775090836,50
Z3,ZI3,plugin_tcate_rmse,TCATE-K-grid_mean,"plugin functional contrast; RMSE over four strata of X4 with edges (-0.5, 0.0, 0.5)",,causal_drf,drf,-0.9111758250547861,0.018655108698888284,-0.9477398381046072,-0.8746118120049651,50
Z3,ZI3,plugin_tcate_rmse,TCATE-K-grid_mean,"plugin functional contrast; RMSE over four strata of X4 with edges (-0.5, 0.0, 0.5)",,cwdb_zipt,drf,-1.6935348236983874,0.01983935046722875,-1.7324199506141558,-1.654649696782619,50
Z3,ZI3,plugin_tcate_rmse,TCATE-K-grid_sd,"plugin functional contrast; RMSE over four strata of X4 with edges (-0.5, 0.0, 0.5)",,causal_drf,cwdb_zipt,0.17666870462453776,0.003139876789442251,0.17051454611723096,0.18282286313184457,50
Z3,ZI3,plugin_tcate_rmse,TCATE-K-grid_sd,"plugin functional contrast; RMSE over four strata of X4 with edges (-0.5, 0.0, 0.5)",,causal_drf,drf,-0.21120828634613667,0.004227862934913337,-0.2194948976985668,-0.20292167499370653,50
Z3,ZI3,plugin_tcate_rmse,TCATE-K-grid_sd,"plugin functional contrast; RMSE over four strata of X4 with edges (-0.5, 0.0, 0.5)",,cwdb_zipt,drf,-0.3878769909706744,0.004760845974244251,-0.39720824908019314,-0.37854573286115567,50
Z3,ZI3,plugin_tcate_rmse,TCATE-K-grid_skewness,"plugin functional contrast; RMSE over four strata of X4 with edges (-0.5, 0.0, 0.5)",,causal_drf,cwdb_zipt,0.21233753859117133,0.0033481117059739425,0.2057752396474624,0.21889983753488026,50
Z3,ZI3,plugin_tcate_rmse,TCATE-K-grid_skewness,"plugin functional contrast; RMSE over four strata of X4 with edges (-0.5, 0.0, 0.5)",,causal_drf,drf,-0.26603718826238076,0.005096937152489412,-0.27602718508126,-0.2560471914435015,50
Z3,ZI3,plugin_tcate_rmse,TCATE-K-grid_skewness,"plugin functional contrast; RMSE over four strata of X4 with edges (-0.5, 0.0, 0.5)",,cwdb_zipt,drf,-0.4783747268535521,0.005848251579192461,-0.4898372999487693,-0.4669121537583349,50
Z3,ZI3,plugin_tcate_rmse,TCATE-K-grid_upper_tail_mean,"plugin functional contrast; RMSE over four strata of X4 with edges (-0.5, 0.0, 0.5)",,causal_drf,cwdb_zipt,0.9043357063344888,0.016059068534564857,0.8728599320067416,0.935811480662236,50
Z3,ZI3,plugin_tcate_rmse,TCATE-K-grid_upper_tail_mean,"plugin functional contrast; RMSE over four strata of X4 with edges (-0.5, 0.0, 0.5)",,causal_drf,drf,-1.0549294800229734,0.02153335141075337,-1.09713484878805,-1.0127241112578969,50
Z3,ZI3,plugin_tcate_rmse,TCATE-K-grid_upper_tail_mean,"plugin functional contrast; RMSE over four strata of X4 with edges (-0.5, 0.0, 0.5)",,cwdb_zipt,drf,-1.9592651863574622,0.02303587991329366,-2.004415510987518,-1.9141148617274066,50
