grid,dgp,n_train,n_grid,n_particles,metric,target_id,detail,method_left,method_right,rmse_difference,paired_mc_se,ci95_low,ci95_high,n_pairs
wcf_sensitivity_v1_align,SYM-ALIGN,500,25,10,aipw_reference_tate_abs_error,REF-ATE-K,aipw reference contrast; marginal absolute error,causal_drf,cwdb_dr,0.018934508262154245,0.0031114448265131497,0.012836076402188472,0.02503294012212002,50
wcf_sensitivity_v1_align,SYM-ALIGN,500,25,10,aipw_reference_tate_abs_error,REF-ATE-K,aipw reference contrast; marginal absolute error,causal_drf,drf,0.0029806383877918757,0.000529462144926009,0.0019428925837368981,0.004018384191846853,50
wcf_sensitivity_v1_align,SYM-ALIGN,500,25,10,aipw_reference_tate_abs_error,REF-ATE-K,aipw reference contrast; marginal absolute error,cwdb_dr,drf,-0.01595386987436237,0.0029974524101757205,-0.021828876598306783,-0.010078863150417958,50
wcf_sensitivity_v1_align,SYM-ALIGN,500,25,10,aipw_reference_tcate_rmse,REF-TCATE-K,"aipw reference contrast; RMSE over four strata of X1 with edges (-0.5, 0.0, 0.5)",causal_drf,cwdb_dr,0.034426447807006565,0.0033114920382954476,0.027935923411947488,0.040916972202065645,50
wcf_sensitivity_v1_align,SYM-ALIGN,500,25,10,aipw_reference_tcate_rmse,REF-TCATE-K,"aipw reference contrast; RMSE over four strata of X1 with edges (-0.5, 0.0, 0.5)",causal_drf,drf,-0.005831068049010027,0.0006820748473145187,-0.007167934749746484,-0.00449420134827357,50
wcf_sensitivity_v1_align,SYM-ALIGN,500,25,10,aipw_reference_tcate_rmse,REF-TCATE-K,"aipw reference contrast; RMSE over four strata of X1 with edges (-0.5, 0.0, 0.5)",cwdb_dr,drf,-0.04025751585601659,0.0034557590157996113,-0.04703080352698383,-0.033484228185049356,50
wcf_sensitivity_v1_align,SYM-ALIGN,500,25,10,aipw_tate_abs_error,TATE-K-grid_mean,aipw functional contrast; marginal absolute error,causal_drf,cwdb_dr,0.08085604829972041,0.0033003224892372254,0.07438741622081545,0.08732468037862538,50
wcf_sensitivity_v1_align,SYM-ALIGN,500,25,10,aipw_tate_abs_error,TATE-K-grid_mean,aipw functional contrast; marginal absolute error,causal_drf,drf,-0.014938719196576411,0.0013343823437288187,-0.017554108590284896,-0.012323329802867926,50
wcf_sensitivity_v1_align,SYM-ALIGN,500,25,10,aipw_tate_abs_error,TATE-K-grid_mean,aipw functional contrast; marginal absolute error,cwdb_dr,drf,-0.09579476749629683,0.0037946999014748387,-0.10323237930318752,-0.08835715568940614,50
wcf_sensitivity_v1_align,SYM-ALIGN,500,25,10,aipw_tate_abs_error,TATE-K-grid_sd,aipw functional contrast; marginal absolute error,causal_drf,cwdb_dr,-0.00031533782102272133,0.0003564904580939164,-0.0010140591188867974,0.00038338347684135487,50
wcf_sensitivity_v1_align,SYM-ALIGN,500,25,10,aipw_tate_abs_error,TATE-K-grid_sd,aipw functional contrast; marginal absolute error,causal_drf,drf,-0.00020475696231450234,8.451247904813035e-05,-0.0003704014212488378,-3.911250338016684e-05,50
wcf_sensitivity_v1_align,SYM-ALIGN,500,25,10,aipw_tate_abs_error,TATE-K-grid_sd,aipw functional contrast; marginal absolute error,cwdb_dr,drf,0.000110580858708219,0.00037116953328761656,-0.0006169114265355094,0.0008380731439519474,50
wcf_sensitivity_v1_align,SYM-ALIGN,500,25,10,aipw_tate_abs_error,TATE-K-grid_skewness,aipw functional contrast; marginal absolute error,causal_drf,cwdb_dr,-0.0009670041500798961,0.00015937133416786778,-0.001279371965048917,-0.0006546363351108754,50
wcf_sensitivity_v1_align,SYM-ALIGN,500,25,10,aipw_tate_abs_error,TATE-K-grid_skewness,aipw functional contrast; marginal absolute error,causal_drf,drf,-4.614468871784444e-19,3.030255240783652e-19,-1.0553769143720402e-18,1.3248314001515143e-19,50
wcf_sensitivity_v1_align,SYM-ALIGN,500,25,10,aipw_tate_abs_error,TATE-K-grid_skewness,aipw functional contrast; marginal absolute error,cwdb_dr,drf,0.0009670041500798956,0.00015937133416786775,0.0006546363351108748,0.0012793719650489163,50
wcf_sensitivity_v1_align,SYM-ALIGN,500,25,10,aipw_tate_abs_error,TATE-K-grid_upper_tail_mean,aipw functional contrast; marginal absolute error,causal_drf,cwdb_dr,0.08187211296695776,0.0033448059274775377,0.07531629334910178,0.08842793258481374,50
wcf_sensitivity_v1_align,SYM-ALIGN,500,25,10,aipw_tate_abs_error,TATE-K-grid_upper_tail_mean,aipw functional contrast; marginal absolute error,causal_drf,drf,-0.014967661154063644,0.0013300707345404983,-0.01757459979376302,-0.012360722514364268,50
wcf_sensitivity_v1_align,SYM-ALIGN,500,25,10,aipw_tate_abs_error,TATE-K-grid_upper_tail_mean,aipw functional contrast; marginal absolute error,cwdb_dr,drf,-0.0968397741210214,0.0038558353829676673,-0.10439721147163804,-0.08928233677040477,50
wcf_sensitivity_v1_align,SYM-ALIGN,500,25,10,aipw_tcate_rmse,TCATE-K-grid_mean,"aipw functional contrast; RMSE over four strata of X1 with edges (-0.5, 0.0, 0.5)",causal_drf,cwdb_dr,0.0755494193232321,0.0032348566606750827,0.06920910026830894,0.08188973837815526,50
wcf_sensitivity_v1_align,SYM-ALIGN,500,25,10,aipw_tcate_rmse,TCATE-K-grid_mean,"aipw functional contrast; RMSE over four strata of X1 with edges (-0.5, 0.0, 0.5)",causal_drf,drf,-0.019228571468522138,0.0017003202660682683,-0.022561199190015944,-0.01589594374702833,50
wcf_sensitivity_v1_align,SYM-ALIGN,500,25,10,aipw_tcate_rmse,TCATE-K-grid_mean,"aipw functional contrast; RMSE over four strata of X1 with edges (-0.5, 0.0, 0.5)",cwdb_dr,drf,-0.09477799079175424,0.0038146436268264197,-0.10225469230033402,-0.08730128928317446,50
wcf_sensitivity_v1_align,SYM-ALIGN,500,25,10,aipw_tcate_rmse,TCATE-K-grid_sd,"aipw functional contrast; RMSE over four strata of X1 with edges (-0.5, 0.0, 0.5)",causal_drf,cwdb_dr,0.0007821605769529208,0.00044873874036114827,-9.736735415492978e-05,0.0016616885080607715,50
wcf_sensitivity_v1_align,SYM-ALIGN,500,25,10,aipw_tcate_rmse,TCATE-K-grid_sd,"aipw functional contrast; RMSE over four strata of X1 with edges (-0.5, 0.0, 0.5)",causal_drf,drf,-0.0011224292033845335,9.291120326961371e-05,-0.0013045351617929763,-0.0009403232449760906,50
wcf_sensitivity_v1_align,SYM-ALIGN,500,25,10,aipw_tcate_rmse,TCATE-K-grid_sd,"aipw functional contrast; RMSE over four strata of X1 with edges (-0.5, 0.0, 0.5)",cwdb_dr,drf,-0.0019045897803374543,0.0004647617567261183,-0.002815522823520646,-0.0009936567371542624,50
wcf_sensitivity_v1_align,SYM-ALIGN,500,25,10,aipw_tcate_rmse,TCATE-K-grid_skewness,"aipw functional contrast; RMSE over four strata of X1 with edges (-0.5, 0.0, 0.5)",causal_drf,cwdb_dr,-0.0029208343353796695,0.00017622594659105938,-0.003266237190698146,-0.002575431480061193,50
wcf_sensitivity_v1_align,SYM-ALIGN,500,25,10,aipw_tcate_rmse,TCATE-K-grid_skewness,"aipw functional contrast; RMSE over four strata of X1 with edges (-0.5, 0.0, 0.5)",causal_drf,drf,-1.0627634845276107e-18,4.1769217881416627e-19,-1.8814401550033767e-18,-2.440868140518448e-19,50
wcf_sensitivity_v1_align,SYM-ALIGN,500,25,10,aipw_tcate_rmse,TCATE-K-grid_skewness,"aipw functional contrast; RMSE over four strata of X1 with edges (-0.5, 0.0, 0.5)",cwdb_dr,drf,0.0029208343353796682,0.00017622594659105938,0.0025754314800611917,0.0032662371906981447,50
wcf_sensitivity_v1_align,SYM-ALIGN,500,25,10,aipw_tcate_rmse,TCATE-K-grid_upper_tail_mean,"aipw functional contrast; RMSE over four strata of X1 with edges (-0.5, 0.0, 0.5)",causal_drf,cwdb_dr,0.07720557229550999,0.003350836117440575,0.07063793350532646,0.08377321108569352,50
wcf_sensitivity_v1_align,SYM-ALIGN,500,25,10,aipw_tcate_rmse,TCATE-K-grid_upper_tail_mean,"aipw functional contrast; RMSE over four strata of X1 with edges (-0.5, 0.0, 0.5)",causal_drf,drf,-0.01923886404165079,0.0016701985148433224,-0.0225124531307437,-0.015965274952557878,50
wcf_sensitivity_v1_align,SYM-ALIGN,500,25,10,aipw_tcate_rmse,TCATE-K-grid_upper_tail_mean,"aipw functional contrast; RMSE over four strata of X1 with edges (-0.5, 0.0, 0.5)",cwdb_dr,drf,-0.09644443633716078,0.0038982009825290526,-0.10408491026291772,-0.08880396241140384,50
wcf_sensitivity_v1_align,SYM-ALIGN,500,25,10,barycenter_rmse,MEANQ-A-K,,causal_drf,cwdb_dr,0.10575051200136235,0.0018334617103504794,0.1021569270490754,0.10934409695364929,50
wcf_sensitivity_v1_align,SYM-ALIGN,500,25,10,barycenter_rmse,MEANQ-A-K,,causal_drf,drf,-0.024736754136593153,0.0013970858829263856,-0.02747504246712887,-0.021998465806057438,50
wcf_sensitivity_v1_align,SYM-ALIGN,500,25,10,barycenter_rmse,MEANQ-A-K,,cwdb_dr,drf,-0.1304872661379555,0.002141713317106143,-0.13468502423948353,-0.12628950803642747,50
wcf_sensitivity_v1_align,SYM-ALIGN,500,25,10,mean_quantile_rmse,MEANQ-A-K,"arm contrast, the mandatory common target",causal_drf,cwdb_dr,0.0940975272771089,0.005289162518031618,0.08373076874176694,0.10446428581245087,50
wcf_sensitivity_v1_align,SYM-ALIGN,500,25,10,mean_quantile_rmse,MEANQ-A-K,"arm contrast, the mandatory common target",causal_drf,drf,0.008690588707092745,0.003034138165125843,0.002743677903446092,0.014637499510739397,50
wcf_sensitivity_v1_align,SYM-ALIGN,500,25,10,mean_quantile_rmse,MEANQ-A-K,"arm contrast, the mandatory common target",cwdb_dr,drf,-0.08540693857001616,0.005471050995173263,-0.09613019852055575,-0.07468367861947657,50
wcf_sensitivity_v1_align,SYM-ALIGN,500,25,10,plugin_reference_tate_abs_error,REF-ATE-K,plugin reference contrast; marginal absolute error,causal_drf,cwdb_dr,0.039582999584284066,0.004669800999663994,0.030430189624942636,0.0487358095436255,50
wcf_sensitivity_v1_align,SYM-ALIGN,500,25,10,plugin_reference_tate_abs_error,REF-ATE-K,plugin reference contrast; marginal absolute error,causal_drf,drf,0.01050400138844914,0.0010585452440044236,0.00842925271020047,0.01257875006669781,50
wcf_sensitivity_v1_align,SYM-ALIGN,500,25,10,plugin_reference_tate_abs_error,REF-ATE-K,plugin reference contrast; marginal absolute error,cwdb_dr,drf,-0.029078998195834926,0.004340776427142327,-0.03758691999303389,-0.020571076398635965,50
wcf_sensitivity_v1_align,SYM-ALIGN,500,25,10,plugin_reference_tcate_rmse,REF-TCATE-K,"plugin reference contrast; RMSE over four strata of X1 with edges (-0.5, 0.0, 0.5)",causal_drf,cwdb_dr,0.035955618636094394,0.004895762988534837,0.026359923178566114,0.045551314093622675,50
wcf_sensitivity_v1_align,SYM-ALIGN,500,25,10,plugin_reference_tcate_rmse,REF-TCATE-K,"plugin reference contrast; RMSE over four strata of X1 with edges (-0.5, 0.0, 0.5)",causal_drf,drf,0.013293851958288326,0.0011269503100996795,0.011085029350492954,0.015502674566083698,50
wcf_sensitivity_v1_align,SYM-ALIGN,500,25,10,plugin_reference_tcate_rmse,REF-TCATE-K,"plugin reference contrast; RMSE over four strata of X1 with edges (-0.5, 0.0, 0.5)",cwdb_dr,drf,-0.022661766677806068,0.004792986204537246,-0.03205601963869907,-0.013267513716913067,50
wcf_sensitivity_v1_align,SYM-ALIGN,500,25,10,plugin_tate_abs_error,TATE-K-grid_mean,plugin functional contrast; marginal absolute error,causal_drf,cwdb_dr,0.15647981466897223,0.006879945321729136,0.14299512183838312,0.16996450749956135,50
wcf_sensitivity_v1_align,SYM-ALIGN,500,25,10,plugin_tate_abs_error,TATE-K-grid_mean,plugin functional contrast; marginal absolute error,causal_drf,drf,0.018009967770782565,0.0031735912386732104,0.011789728942983073,0.024230206598582056,50
wcf_sensitivity_v1_align,SYM-ALIGN,500,25,10,plugin_tate_abs_error,TATE-K-grid_mean,plugin functional contrast; marginal absolute error,cwdb_dr,drf,-0.13846984689818967,0.007743689698468407,-0.15364747870718776,-0.1232922150891916,50
wcf_sensitivity_v1_align,SYM-ALIGN,500,25,10,plugin_tate_abs_error,TATE-K-grid_sd,plugin functional contrast; marginal absolute error,causal_drf,cwdb_dr,-0.00027418855006051046,0.0005131094968723398,-0.0012798831639302965,0.0007315060638092756,50
wcf_sensitivity_v1_align,SYM-ALIGN,500,25,10,plugin_tate_abs_error,TATE-K-grid_sd,plugin functional contrast; marginal absolute error,causal_drf,drf,0.00010627743848055015,0.00010047043429218656,-9.064461273213548e-05,0.0003031994896932358,50
wcf_sensitivity_v1_align,SYM-ALIGN,500,25,10,plugin_tate_abs_error,TATE-K-grid_sd,plugin functional contrast; marginal absolute error,cwdb_dr,drf,0.0003804659885410606,0.0004933928072587014,-0.0005865839136859942,0.0013475158907681154,50
wcf_sensitivity_v1_align,SYM-ALIGN,500,25,10,plugin_tate_abs_error,TATE-K-grid_skewness,plugin functional contrast; marginal absolute error,causal_drf,cwdb_dr,-0.004202689683584513,0.0005542985238129704,-0.005289114790257935,-0.0031162645769110906,50
wcf_sensitivity_v1_align,SYM-ALIGN,500,25,10,plugin_tate_abs_error,TATE-K-grid_skewness,plugin functional contrast; marginal absolute error,causal_drf,drf,1.1674174897940739e-18,6.575000801509919e-19,-1.2128266730187014e-19,2.4561176468900177e-18,50
wcf_sensitivity_v1_align,SYM-ALIGN,500,25,10,plugin_tate_abs_error,TATE-K-grid_skewness,plugin functional contrast; marginal absolute error,cwdb_dr,drf,0.0042026896835845136,0.0005542985238129706,0.0031162645769110915,0.005289114790257936,50
wcf_sensitivity_v1_align,SYM-ALIGN,500,25,10,plugin_tate_abs_error,TATE-K-grid_upper_tail_mean,plugin functional contrast; marginal absolute error,causal_drf,cwdb_dr,0.15658701720136778,0.006855297360882752,0.14315063437403758,0.17002340002869798,50
wcf_sensitivity_v1_align,SYM-ALIGN,500,25,10,plugin_tate_abs_error,TATE-K-grid_upper_tail_mean,plugin functional contrast; marginal absolute error,causal_drf,drf,0.017957763100061475,0.0031448324197980958,0.011793891557257206,0.024121634642865743,50
wcf_sensitivity_v1_align,SYM-ALIGN,500,25,10,plugin_tate_abs_error,TATE-K-grid_upper_tail_mean,plugin functional contrast; marginal absolute error,cwdb_dr,drf,-0.1386292541013063,0.007674723591327717,-0.15367171234030863,-0.12358679586230398,50
wcf_sensitivity_v1_align,SYM-ALIGN,500,25,10,plugin_tcate_rmse,TCATE-K-grid_mean,"plugin functional contrast; RMSE over four strata of X1 with edges (-0.5, 0.0, 0.5)",causal_drf,cwdb_dr,0.1532144854679648,0.006133463019392189,0.1411928979499561,0.16523607298597348,50
wcf_sensitivity_v1_align,SYM-ALIGN,500,25,10,plugin_tcate_rmse,TCATE-K-grid_mean,"plugin functional contrast; RMSE over four strata of X1 with edges (-0.5, 0.0, 0.5)",causal_drf,drf,0.020018571362547144,0.003197868701200842,0.013750748708193494,0.026286394016900794,50
wcf_sensitivity_v1_align,SYM-ALIGN,500,25,10,plugin_tcate_rmse,TCATE-K-grid_mean,"plugin functional contrast; RMSE over four strata of X1 with edges (-0.5, 0.0, 0.5)",cwdb_dr,drf,-0.13319591410541765,0.007098240841393992,-0.14710846615454987,-0.11928336205628542,50
wcf_sensitivity_v1_align,SYM-ALIGN,500,25,10,plugin_tcate_rmse,TCATE-K-grid_sd,"plugin functional contrast; RMSE over four strata of X1 with edges (-0.5, 0.0, 0.5)",causal_drf,cwdb_dr,-0.001288204786961635,0.00048623534469087427,-0.0022412260625557486,-0.0003351835113675214,50
wcf_sensitivity_v1_align,SYM-ALIGN,500,25,10,plugin_tcate_rmse,TCATE-K-grid_sd,"plugin functional contrast; RMSE over four strata of X1 with edges (-0.5, 0.0, 0.5)",causal_drf,drf,0.00041263479235252674,0.0001141647284437953,0.00018887192460268794,0.0006363976601023655,50
wcf_sensitivity_v1_align,SYM-ALIGN,500,25,10,plugin_tcate_rmse,TCATE-K-grid_sd,"plugin functional contrast; RMSE over four strata of X1 with edges (-0.5, 0.0, 0.5)",cwdb_dr,drf,0.0017008395793141617,0.0004613455450960376,0.0007966023109259281,0.0026050768477023953,50
wcf_sensitivity_v1_align,SYM-ALIGN,500,25,10,plugin_tcate_rmse,TCATE-K-grid_skewness,"plugin functional contrast; RMSE over four strata of X1 with edges (-0.5, 0.0, 0.5)",causal_drf,cwdb_dr,-0.0047222092253695,0.0006631377573331609,-0.006021959229742495,-0.003422459220996504,50
wcf_sensitivity_v1_align,SYM-ALIGN,500,25,10,plugin_tcate_rmse,TCATE-K-grid_skewness,"plugin functional contrast; RMSE over four strata of X1 with edges (-0.5, 0.0, 0.5)",causal_drf,drf,2.0762342890386605e-18,5.257287547431318e-19,1.0458059297421222e-18,3.1066626483351987e-18,50
wcf_sensitivity_v1_align,SYM-ALIGN,500,25,10,plugin_tcate_rmse,TCATE-K-grid_skewness,"plugin functional contrast; RMSE over four strata of X1 with edges (-0.5, 0.0, 0.5)",cwdb_dr,drf,0.004722209225369502,0.000663137757333161,0.0034224592209965068,0.006021959229742498,50
wcf_sensitivity_v1_align,SYM-ALIGN,500,25,10,plugin_tcate_rmse,TCATE-K-grid_upper_tail_mean,"plugin functional contrast; RMSE over four strata of X1 with edges (-0.5, 0.0, 0.5)",causal_drf,cwdb_dr,0.1532752541253562,0.0060563672770503375,0.14140477426233752,0.16514573398837487,50
wcf_sensitivity_v1_align,SYM-ALIGN,500,25,10,plugin_tcate_rmse,TCATE-K-grid_upper_tail_mean,"plugin functional contrast; RMSE over four strata of X1 with edges (-0.5, 0.0, 0.5)",causal_drf,drf,0.019958141101419274,0.003185258992885601,0.013715033475363497,0.026201248727475052,50
wcf_sensitivity_v1_align,SYM-ALIGN,500,25,10,plugin_tcate_rmse,TCATE-K-grid_upper_tail_mean,"plugin functional contrast; RMSE over four strata of X1 with edges (-0.5, 0.0, 0.5)",cwdb_dr,drf,-0.13331711302393692,0.006997438513894641,-0.14703209251117041,-0.11960213353670343,50
wcf_sensitivity_v1_align,SYM-ALIGN,1000,25,10,aipw_reference_tate_abs_error,REF-ATE-K,aipw reference contrast; marginal absolute error,causal_drf,cwdb_dr,0.015322675890551984,0.002357376910360773,0.010702217146244869,0.019943134634859097,50
wcf_sensitivity_v1_align,SYM-ALIGN,1000,25,10,aipw_reference_tate_abs_error,REF-ATE-K,aipw reference contrast; marginal absolute error,causal_drf,drf,0.003940542442566301,0.0006376713007095323,0.0026907066931756178,0.005190378191956985,50
wcf_sensitivity_v1_align,SYM-ALIGN,1000,25,10,aipw_reference_tate_abs_error,REF-ATE-K,aipw reference contrast; marginal absolute error,cwdb_dr,drf,-0.011382133447985682,0.0022792579327728046,-0.015849478996220377,-0.006914787899750986,50
wcf_sensitivity_v1_align,SYM-ALIGN,1000,25,10,aipw_reference_tcate_rmse,REF-TCATE-K,"aipw reference contrast; RMSE over four strata of X1 with edges (-0.5, 0.0, 0.5)",causal_drf,cwdb_dr,0.0271186919054143,0.0025439519888466535,0.022132546007274857,0.03210483780355374,50
wcf_sensitivity_v1_align,SYM-ALIGN,1000,25,10,aipw_reference_tcate_rmse,REF-TCATE-K,"aipw reference contrast; RMSE over four strata of X1 with edges (-0.5, 0.0, 0.5)",causal_drf,drf,-0.0071514798780429045,0.0005750510856460777,-0.008278580005909216,-0.0060243797501765926,50
wcf_sensitivity_v1_align,SYM-ALIGN,1000,25,10,aipw_reference_tcate_rmse,REF-TCATE-K,"aipw reference contrast; RMSE over four strata of X1 with edges (-0.5, 0.0, 0.5)",cwdb_dr,drf,-0.034270171783457204,0.0026874176434434336,-0.039537510364606336,-0.029002833202308075,50
wcf_sensitivity_v1_align,SYM-ALIGN,1000,25,10,aipw_tate_abs_error,TATE-K-grid_mean,aipw functional contrast; marginal absolute error,causal_drf,cwdb_dr,0.05952153638283525,0.0027970852133963266,0.05403924936457845,0.06500382340109205,50
wcf_sensitivity_v1_align,SYM-ALIGN,1000,25,10,aipw_tate_abs_error,TATE-K-grid_mean,aipw functional contrast; marginal absolute error,causal_drf,drf,-0.024854952902807967,0.0012613314051263922,-0.027327162456855694,-0.02238274334876024,50
wcf_sensitivity_v1_align,SYM-ALIGN,1000,25,10,aipw_tate_abs_error,TATE-K-grid_mean,aipw functional contrast; marginal absolute error,cwdb_dr,drf,-0.08437648928564322,0.003367795689254548,-0.09097736883658213,-0.0777756097347043,50
wcf_sensitivity_v1_align,SYM-ALIGN,1000,25,10,aipw_tate_abs_error,TATE-K-grid_sd,aipw functional contrast; marginal absolute error,causal_drf,cwdb_dr,0.00011108207587072266,0.00026462817604356605,-0.00040758914917466684,0.0006297533009161122,50
wcf_sensitivity_v1_align,SYM-ALIGN,1000,25,10,aipw_tate_abs_error,TATE-K-grid_sd,aipw functional contrast; marginal absolute error,causal_drf,drf,-8.179024560763665e-05,6.615225633726368e-05,-0.00021144866802867346,4.786817681340017e-05,50
wcf_sensitivity_v1_align,SYM-ALIGN,1000,25,10,aipw_tate_abs_error,TATE-K-grid_sd,aipw functional contrast; marginal absolute error,cwdb_dr,drf,-0.0001928723214783593,0.0002533280496292228,-0.000689395298751636,0.00030365065579491743,50
wcf_sensitivity_v1_align,SYM-ALIGN,1000,25,10,aipw_tate_abs_error,TATE-K-grid_skewness,aipw functional contrast; marginal absolute error,causal_drf,cwdb_dr,-0.0006161932875646063,7.326515397606455e-05,-0.0007597929893576928,-0.0004725935857715197,50
wcf_sensitivity_v1_align,SYM-ALIGN,1000,25,10,aipw_tate_abs_error,TATE-K-grid_skewness,aipw functional contrast; marginal absolute error,causal_drf,drf,-5.406646732524933e-19,4.230804069529684e-19,-1.3699022708803113e-18,2.8857292437532473e-19,50
wcf_sensitivity_v1_align,SYM-ALIGN,1000,25,10,aipw_tate_abs_error,TATE-K-grid_skewness,aipw functional contrast; marginal absolute error,cwdb_dr,drf,0.0006161932875646057,7.326515397606456e-05,0.0004725935857715192,0.0007597929893576923,50
wcf_sensitivity_v1_align,SYM-ALIGN,1000,25,10,aipw_tate_abs_error,TATE-K-grid_upper_tail_mean,aipw functional contrast; marginal absolute error,causal_drf,cwdb_dr,0.05952980945307742,0.0027651290858510453,0.05411015644480937,0.06494946246134546,50
wcf_sensitivity_v1_align,SYM-ALIGN,1000,25,10,aipw_tate_abs_error,TATE-K-grid_upper_tail_mean,aipw functional contrast; marginal absolute error,causal_drf,drf,-0.02488357811758997,0.0012544696907733413,-0.027342338711505716,-0.02242481752367422,50
wcf_sensitivity_v1_align,SYM-ALIGN,1000,25,10,aipw_tate_abs_error,TATE-K-grid_upper_tail_mean,aipw functional contrast; marginal absolute error,cwdb_dr,drf,-0.08441338757066738,0.003319878672713325,-0.0909203497691855,-0.07790642537214926,50
wcf_sensitivity_v1_align,SYM-ALIGN,1000,25,10,aipw_tcate_rmse,TCATE-K-grid_mean,"aipw functional contrast; RMSE over four strata of X1 with edges (-0.5, 0.0, 0.5)",causal_drf,cwdb_dr,0.05564070067146795,0.0026747049532928903,0.05039827896301389,0.060883122379922015,50
wcf_sensitivity_v1_align,SYM-ALIGN,1000,25,10,aipw_tcate_rmse,TCATE-K-grid_mean,"aipw functional contrast; RMSE over four strata of X1 with edges (-0.5, 0.0, 0.5)",causal_drf,drf,-0.02370371095163419,0.0014181472100560971,-0.02648327948334414,-0.02092414241992424,50
wcf_sensitivity_v1_align,SYM-ALIGN,1000,25,10,aipw_tcate_rmse,TCATE-K-grid_mean,"aipw functional contrast; RMSE over four strata of X1 with edges (-0.5, 0.0, 0.5)",cwdb_dr,drf,-0.07934441162310214,0.003121026855962966,-0.08546162426078956,-0.07322719898541473,50
wcf_sensitivity_v1_align,SYM-ALIGN,1000,25,10,aipw_tcate_rmse,TCATE-K-grid_sd,"aipw functional contrast; RMSE over four strata of X1 with edges (-0.5, 0.0, 0.5)",causal_drf,cwdb_dr,0.0010480547901792854,0.00022844940076853284,0.000600293964672961,0.0014958156156856099,50
wcf_sensitivity_v1_align,SYM-ALIGN,1000,25,10,aipw_tcate_rmse,TCATE-K-grid_sd,"aipw functional contrast; RMSE over four strata of X1 with edges (-0.5, 0.0, 0.5)",causal_drf,drf,-0.0007409640655921812,9.92579950269463e-05,-0.000935509735844996,-0.0005464183953393664,50
wcf_sensitivity_v1_align,SYM-ALIGN,1000,25,10,aipw_tcate_rmse,TCATE-K-grid_sd,"aipw functional contrast; RMSE over four strata of X1 with edges (-0.5, 0.0, 0.5)",cwdb_dr,drf,-0.0017890188557714666,0.00025431220833164824,-0.002287470784101497,-0.001290566927441436,50
wcf_sensitivity_v1_align,SYM-ALIGN,1000,25,10,aipw_tcate_rmse,TCATE-K-grid_skewness,"aipw functional contrast; RMSE over four strata of X1 with edges (-0.5, 0.0, 0.5)",causal_drf,cwdb_dr,-0.0017988472588771089,0.00019748538129937436,-0.0021859186062238825,-0.0014117759115303352,50
wcf_sensitivity_v1_align,SYM-ALIGN,1000,25,10,aipw_tcate_rmse,TCATE-K-grid_skewness,"aipw functional contrast; RMSE over four strata of X1 with edges (-0.5, 0.0, 0.5)",causal_drf,drf,-7.603100558018128e-19,3.1779220016242115e-19,-1.3831827681201581e-18,-1.3743734348346733e-19,50
wcf_sensitivity_v1_align,SYM-ALIGN,1000,25,10,aipw_tcate_rmse,TCATE-K-grid_skewness,"aipw functional contrast; RMSE over four strata of X1 with edges (-0.5, 0.0, 0.5)",cwdb_dr,drf,0.0017988472588771082,0.00019748538129937438,0.0014117759115303344,0.002185918606223882,50
wcf_sensitivity_v1_align,SYM-ALIGN,1000,25,10,aipw_tcate_rmse,TCATE-K-grid_upper_tail_mean,"aipw functional contrast; RMSE over four strata of X1 with edges (-0.5, 0.0, 0.5)",causal_drf,cwdb_dr,0.05558245297427967,0.0026766692865389853,0.05033618117266326,0.06082872477589608,50
wcf_sensitivity_v1_align,SYM-ALIGN,1000,25,10,aipw_tcate_rmse,TCATE-K-grid_upper_tail_mean,"aipw functional contrast; RMSE over four strata of X1 with edges (-0.5, 0.0, 0.5)",causal_drf,drf,-0.02372920014553012,0.0014006002409262838,-0.026474376617745637,-0.020984023673314606,50
wcf_sensitivity_v1_align,SYM-ALIGN,1000,25,10,aipw_tcate_rmse,TCATE-K-grid_upper_tail_mean,"aipw functional contrast; RMSE over four strata of X1 with edges (-0.5, 0.0, 0.5)",cwdb_dr,drf,-0.07931165311980978,0.0031022251970980763,-0.08539201450612201,-0.07323129173349756,50
wcf_sensitivity_v1_align,SYM-ALIGN,1000,25,10,barycenter_rmse,MEANQ-A-K,,causal_drf,cwdb_dr,0.07954562824957614,0.0010627282675773043,0.07746268084512463,0.08162857565402766,50
wcf_sensitivity_v1_align,SYM-ALIGN,1000,25,10,barycenter_rmse,MEANQ-A-K,,causal_drf,drf,-0.02689540769198187,0.0008062440547519201,-0.028475646039295633,-0.02531516934466811,50
wcf_sensitivity_v1_align,SYM-ALIGN,1000,25,10,barycenter_rmse,MEANQ-A-K,,cwdb_dr,drf,-0.10644103594155802,0.0011591461636052268,-0.10871296242222427,-0.10416910946089177,50
wcf_sensitivity_v1_align,SYM-ALIGN,1000,25,10,mean_quantile_rmse,MEANQ-A-K,"arm contrast, the mandatory common target",causal_drf,cwdb_dr,0.05730770573307818,0.003955846621251285,0.049554246355425664,0.0650611651107307,50
wcf_sensitivity_v1_align,SYM-ALIGN,1000,25,10,mean_quantile_rmse,MEANQ-A-K,"arm contrast, the mandatory common target",causal_drf,drf,-0.00717139589204191,0.0020959177420361926,-0.011279394666432848,-0.003063397117650972,50
wcf_sensitivity_v1_align,SYM-ALIGN,1000,25,10,mean_quantile_rmse,MEANQ-A-K,"arm contrast, the mandatory common target",cwdb_dr,drf,-0.06447910162512009,0.004267737645793761,-0.07284386741087587,-0.05611433583936432,50
wcf_sensitivity_v1_align,SYM-ALIGN,1000,25,10,plugin_reference_tate_abs_error,REF-ATE-K,plugin reference contrast; marginal absolute error,causal_drf,cwdb_dr,0.024031872595393317,0.0032384776748375734,0.017684456352711674,0.03037928883807496,50
wcf_sensitivity_v1_align,SYM-ALIGN,1000,25,10,plugin_reference_tate_abs_error,REF-ATE-K,plugin reference contrast; marginal absolute error,causal_drf,drf,0.01206390220159205,0.0007792225341202745,0.010536626034716312,0.013591178368467788,50
wcf_sensitivity_v1_align,SYM-ALIGN,1000,25,10,plugin_reference_tate_abs_error,REF-ATE-K,plugin reference contrast; marginal absolute error,cwdb_dr,drf,-0.011967970393801267,0.0028578144645954495,-0.017569286744408347,-0.006366654043194186,50
wcf_sensitivity_v1_align,SYM-ALIGN,1000,25,10,plugin_reference_tcate_rmse,REF-TCATE-K,"plugin reference contrast; RMSE over four strata of X1 with edges (-0.5, 0.0, 0.5)",causal_drf,cwdb_dr,0.02568013249514005,0.003965481890830573,0.017907787989112127,0.03345247700116797,50
wcf_sensitivity_v1_align,SYM-ALIGN,1000,25,10,plugin_reference_tcate_rmse,REF-TCATE-K,"plugin reference contrast; RMSE over four strata of X1 with edges (-0.5, 0.0, 0.5)",causal_drf,drf,0.0062790207606657975,0.0011807968114714194,0.003964659010181816,0.008593382511149779,50
wcf_sensitivity_v1_align,SYM-ALIGN,1000,25,10,plugin_reference_tcate_rmse,REF-TCATE-K,"plugin reference contrast; RMSE over four strata of X1 with edges (-0.5, 0.0, 0.5)",cwdb_dr,drf,-0.01940111173447425,0.0036848345978564294,-0.02662338754627285,-0.01217883592267565,50
wcf_sensitivity_v1_align,SYM-ALIGN,1000,25,10,plugin_tate_abs_error,TATE-K-grid_mean,plugin functional contrast; marginal absolute error,causal_drf,cwdb_dr,0.1018851718577371,0.00649266974858136,0.08915953915051764,0.11461080456495656,50
wcf_sensitivity_v1_align,SYM-ALIGN,1000,25,10,plugin_tate_abs_error,TATE-K-grid_mean,plugin functional contrast; marginal absolute error,causal_drf,drf,0.01410137058722663,0.0019490272912282907,0.01028127709641918,0.01792146407803408,50
wcf_sensitivity_v1_align,SYM-ALIGN,1000,25,10,plugin_tate_abs_error,TATE-K-grid_mean,plugin functional contrast; marginal absolute error,cwdb_dr,drf,-0.08778380127051047,0.006708104883397101,-0.10093168684196879,-0.07463591569905215,50
wcf_sensitivity_v1_align,SYM-ALIGN,1000,25,10,plugin_tate_abs_error,TATE-K-grid_sd,plugin functional contrast; marginal absolute error,causal_drf,cwdb_dr,0.0015366971950508655,0.00031579847207200416,0.0009177321897897374,0.0021556622003119936,50
wcf_sensitivity_v1_align,SYM-ALIGN,1000,25,10,plugin_tate_abs_error,TATE-K-grid_sd,plugin functional contrast; marginal absolute error,causal_drf,drf,-9.485401302736316e-06,9.538409155093695e-05,-0.00019643822074257275,0.0001774674181371001,50
wcf_sensitivity_v1_align,SYM-ALIGN,1000,25,10,plugin_tate_abs_error,TATE-K-grid_sd,plugin functional contrast; marginal absolute error,cwdb_dr,drf,-0.0015461825963536018,0.00029452207051654705,-0.002123445854566034,-0.0009689193381411696,50
wcf_sensitivity_v1_align,SYM-ALIGN,1000,25,10,plugin_tate_abs_error,TATE-K-grid_skewness,plugin functional contrast; marginal absolute error,causal_drf,cwdb_dr,-0.010092104957549418,0.002364876177144441,-0.014727262264752523,-0.005456947650346313,50
wcf_sensitivity_v1_align,SYM-ALIGN,1000,25,10,plugin_tate_abs_error,TATE-K-grid_skewness,plugin functional contrast; marginal absolute error,causal_drf,drf,5.574680737727686e-19,5.094461287978605e-19,-4.410463386710379e-19,1.5559824862165752e-18,50
wcf_sensitivity_v1_align,SYM-ALIGN,1000,25,10,plugin_tate_abs_error,TATE-K-grid_skewness,plugin functional contrast; marginal absolute error,cwdb_dr,drf,0.010092104957549418,0.002364876177144441,0.005456947650346313,0.014727262264752523,50
wcf_sensitivity_v1_align,SYM-ALIGN,1000,25,10,plugin_tate_abs_error,TATE-K-grid_upper_tail_mean,plugin functional contrast; marginal absolute error,causal_drf,cwdb_dr,0.10146298837336631,0.0065777054078463995,0.08857068577398737,0.11435529097274526,50
wcf_sensitivity_v1_align,SYM-ALIGN,1000,25,10,plugin_tate_abs_error,TATE-K-grid_upper_tail_mean,plugin functional contrast; marginal absolute error,causal_drf,drf,0.01398138218211635,0.001965817962196135,0.010128378976211926,0.017834385388020776,50
wcf_sensitivity_v1_align,SYM-ALIGN,1000,25,10,plugin_tate_abs_error,TATE-K-grid_upper_tail_mean,plugin functional contrast; marginal absolute error,cwdb_dr,drf,-0.08748160619124995,0.006803647405655641,-0.100816755106335,-0.0741464572761649,50
wcf_sensitivity_v1_align,SYM-ALIGN,1000,25,10,plugin_tcate_rmse,TCATE-K-grid_mean,"plugin functional contrast; RMSE over four strata of X1 with edges (-0.5, 0.0, 0.5)",causal_drf,cwdb_dr,0.1001740374005303,0.005443722481112535,0.08950434133754973,0.11084373346351087,50
wcf_sensitivity_v1_align,SYM-ALIGN,1000,25,10,plugin_tcate_rmse,TCATE-K-grid_mean,"plugin functional contrast; RMSE over four strata of X1 with edges (-0.5, 0.0, 0.5)",causal_drf,drf,0.016007068695895382,0.001873789004059897,0.012334442247937984,0.01967969514385278,50
wcf_sensitivity_v1_align,SYM-ALIGN,1000,25,10,plugin_tcate_rmse,TCATE-K-grid_mean,"plugin functional contrast; RMSE over four strata of X1 with edges (-0.5, 0.0, 0.5)",cwdb_dr,drf,-0.08416696870463491,0.0057669336509035465,-0.09547015866040587,-0.07286377874886396,50
wcf_sensitivity_v1_align,SYM-ALIGN,1000,25,10,plugin_tcate_rmse,TCATE-K-grid_sd,"plugin functional contrast; RMSE over four strata of X1 with edges (-0.5, 0.0, 0.5)",causal_drf,cwdb_dr,0.0014401964218339774,0.0003203750093475348,0.0008122614035128092,0.002068131440155146,50
wcf_sensitivity_v1_align,SYM-ALIGN,1000,25,10,plugin_tcate_rmse,TCATE-K-grid_sd,"plugin functional contrast; RMSE over four strata of X1 with edges (-0.5, 0.0, 0.5)",causal_drf,drf,0.00019577788174362197,9.673602387418298e-05,6.175274950223343e-06,0.00038538048853702057,50
wcf_sensitivity_v1_align,SYM-ALIGN,1000,25,10,plugin_tcate_rmse,TCATE-K-grid_sd,"plugin functional contrast; RMSE over four strata of X1 with edges (-0.5, 0.0, 0.5)",cwdb_dr,drf,-0.0012444185400903554,0.0002967155338035433,-0.0018259809863453002,-0.0006628560938354105,50
wcf_sensitivity_v1_align,SYM-ALIGN,1000,25,10,plugin_tcate_rmse,TCATE-K-grid_skewness,"plugin functional contrast; RMSE over four strata of X1 with edges (-0.5, 0.0, 0.5)",causal_drf,cwdb_dr,-0.010153120373786134,0.002354271781806732,-0.014767493066127329,-0.005538747681444939,50
wcf_sensitivity_v1_align,SYM-ALIGN,1000,25,10,plugin_tcate_rmse,TCATE-K-grid_skewness,"plugin functional contrast; RMSE over four strata of X1 with edges (-0.5, 0.0, 0.5)",causal_drf,drf,7.701513477297052e-19,5.15050249096993e-19,-2.39347140500401e-19,1.7796498359598114e-18,50
wcf_sensitivity_v1_align,SYM-ALIGN,1000,25,10,plugin_tcate_rmse,TCATE-K-grid_skewness,"plugin functional contrast; RMSE over four strata of X1 with edges (-0.5, 0.0, 0.5)",cwdb_dr,drf,0.010153120373786134,0.002354271781806732,0.005538747681444939,0.014767493066127329,50
wcf_sensitivity_v1_align,SYM-ALIGN,1000,25,10,plugin_tcate_rmse,TCATE-K-grid_upper_tail_mean,"plugin functional contrast; RMSE over four strata of X1 with edges (-0.5, 0.0, 0.5)",causal_drf,cwdb_dr,0.0996520997697379,0.005559111745802309,0.08875624074796538,0.11054795879151043,50
wcf_sensitivity_v1_align,SYM-ALIGN,1000,25,10,plugin_tcate_rmse,TCATE-K-grid_upper_tail_mean,"plugin functional contrast; RMSE over four strata of X1 with edges (-0.5, 0.0, 0.5)",causal_drf,drf,0.015925498961832832,0.001879036044891802,0.0122425883138449,0.019608409609820764,50
wcf_sensitivity_v1_align,SYM-ALIGN,1000,25,10,plugin_tcate_rmse,TCATE-K-grid_upper_tail_mean,"plugin functional contrast; RMSE over four strata of X1 with edges (-0.5, 0.0, 0.5)",cwdb_dr,drf,-0.08372660080790509,0.005879516826192629,-0.09525045378724264,-0.07220274782856753,50
wcf_sensitivity_v1_align,SYM-IRREL,500,25,10,aipw_reference_tate_abs_error,REF-ATE-K,aipw reference contrast; marginal absolute error,causal_drf,cwdb_dr,0.002050901096859927,0.0026955241860585335,-0.0032323263078147986,0.007334128501534653,50
wcf_sensitivity_v1_align,SYM-IRREL,500,25,10,aipw_reference_tate_abs_error,REF-ATE-K,aipw reference contrast; marginal absolute error,causal_drf,drf,-0.000849759839726634,0.0003162165822331893,-0.001469544340903685,-0.000229975338549583,50
wcf_sensitivity_v1_align,SYM-IRREL,500,25,10,aipw_reference_tate_abs_error,REF-ATE-K,aipw reference contrast; marginal absolute error,cwdb_dr,drf,-0.002900660936586561,0.0029108640451390427,-0.008605954465059084,0.0028046325918859626,50
wcf_sensitivity_v1_align,SYM-IRREL,500,25,10,aipw_reference_tcate_rmse,REF-TCATE-K,"aipw reference contrast; RMSE over four strata of X1 with edges (-0.5, 0.0, 0.5)",causal_drf,cwdb_dr,0.008421788164624522,0.0024485557527583993,0.0036226188892180596,0.013220957440030984,50
wcf_sensitivity_v1_align,SYM-IRREL,500,25,10,aipw_reference_tcate_rmse,REF-TCATE-K,"aipw reference contrast; RMSE over four strata of X1 with edges (-0.5, 0.0, 0.5)",causal_drf,drf,-0.0024064788637432333,0.00040894338103102877,-0.0032080078905640497,-0.0016049498369224168,50
wcf_sensitivity_v1_align,SYM-IRREL,500,25,10,aipw_reference_tcate_rmse,REF-TCATE-K,"aipw reference contrast; RMSE over four strata of X1 with edges (-0.5, 0.0, 0.5)",cwdb_dr,drf,-0.010828267028367755,0.0026483481598281572,-0.016019029421630943,-0.005637504635104567,50
wcf_sensitivity_v1_align,SYM-IRREL,500,25,10,aipw_tate_abs_error,TATE-K-grid_mean,aipw functional contrast; marginal absolute error,causal_drf,cwdb_dr,0.007704890564236167,0.0029865631228972946,0.0018512268433574699,0.013558554285114864,50
wcf_sensitivity_v1_align,SYM-IRREL,500,25,10,aipw_tate_abs_error,TATE-K-grid_mean,aipw functional contrast; marginal absolute error,causal_drf,drf,-0.001413863760809382,0.0010543085951814264,-0.003480308607364978,0.0006525810857462137,50
wcf_sensitivity_v1_align,SYM-IRREL,500,25,10,aipw_tate_abs_error,TATE-K-grid_mean,aipw functional contrast; marginal absolute error,cwdb_dr,drf,-0.00911875432504555,0.003386422617795731,-0.015756142655925183,-0.0024813659941659173,50
wcf_sensitivity_v1_align,SYM-IRREL,500,25,10,aipw_tate_abs_error,TATE-K-grid_sd,aipw functional contrast; marginal absolute error,causal_drf,cwdb_dr,0.000451710171075551,0.0003523726627892845,-0.0002389402479914466,0.0011423605901425486,50
wcf_sensitivity_v1_align,SYM-IRREL,500,25,10,aipw_tate_abs_error,TATE-K-grid_sd,aipw functional contrast; marginal absolute error,causal_drf,drf,-0.000151389151988444,4.061570202720395e-05,-0.00023099592796176375,-7.178237601512427e-05,50
wcf_sensitivity_v1_align,SYM-IRREL,500,25,10,aipw_tate_abs_error,TATE-K-grid_sd,aipw functional contrast; marginal absolute error,cwdb_dr,drf,-0.000603099323063995,0.00036182464445984406,-0.0013122756262052893,0.00010607698007729935,50
wcf_sensitivity_v1_align,SYM-IRREL,500,25,10,aipw_tate_abs_error,TATE-K-grid_skewness,aipw functional contrast; marginal absolute error,causal_drf,cwdb_dr,-0.0006906018561924312,7.354810335589377e-05,-0.000834756138769983,-0.0005464475736148794,50
wcf_sensitivity_v1_align,SYM-IRREL,500,25,10,aipw_tate_abs_error,TATE-K-grid_skewness,aipw functional contrast; marginal absolute error,causal_drf,drf,-1.6965047706827903e-20,1.5740515178296028e-19,-3.2547914520143005e-19,2.9154904978777424e-19,50
wcf_sensitivity_v1_align,SYM-IRREL,500,25,10,aipw_tate_abs_error,TATE-K-grid_skewness,aipw functional contrast; marginal absolute error,cwdb_dr,drf,0.0006906018561924312,7.354810335589377e-05,0.0005464475736148794,0.000834756138769983,50
wcf_sensitivity_v1_align,SYM-IRREL,500,25,10,aipw_tate_abs_error,TATE-K-grid_upper_tail_mean,aipw functional contrast; marginal absolute error,causal_drf,cwdb_dr,0.007256912430978341,0.003066365667237833,0.0012468357231921884,0.013266989138764493,50
wcf_sensitivity_v1_align,SYM-IRREL,500,25,10,aipw_tate_abs_error,TATE-K-grid_upper_tail_mean,aipw functional contrast; marginal absolute error,causal_drf,drf,-0.0013609934257408432,0.00103712325692756,-0.003393755009318861,0.0006717681578371744,50
wcf_sensitivity_v1_align,SYM-IRREL,500,25,10,aipw_tate_abs_error,TATE-K-grid_upper_tail_mean,aipw functional contrast; marginal absolute error,cwdb_dr,drf,-0.008617905856719184,0.003431732344197753,-0.015344101251346779,-0.0018917104620915877,50
wcf_sensitivity_v1_align,SYM-IRREL,500,25,10,aipw_tcate_rmse,TCATE-K-grid_mean,"aipw functional contrast; RMSE over four strata of X1 with edges (-0.5, 0.0, 0.5)",causal_drf,cwdb_dr,0.013984128795511842,0.002304365583050241,0.00946757225273337,0.018500685338290315,50
wcf_sensitivity_v1_align,SYM-IRREL,500,25,10,aipw_tcate_rmse,TCATE-K-grid_mean,"aipw functional contrast; RMSE over four strata of X1 with edges (-0.5, 0.0, 0.5)",causal_drf,drf,-0.0018620022159841626,0.0008778716049282091,-0.0035826305616434525,-0.0001413738703248727,50
wcf_sensitivity_v1_align,SYM-IRREL,500,25,10,aipw_tcate_rmse,TCATE-K-grid_mean,"aipw functional contrast; RMSE over four strata of X1 with edges (-0.5, 0.0, 0.5)",cwdb_dr,drf,-0.015846131011496005,0.0023858345810867914,-0.020522366790426117,-0.011169895232565893,50
wcf_sensitivity_v1_align,SYM-IRREL,500,25,10,aipw_tcate_rmse,TCATE-K-grid_sd,"aipw functional contrast; RMSE over four strata of X1 with edges (-0.5, 0.0, 0.5)",causal_drf,cwdb_dr,0.0015173398191000243,0.0004488791752063284,0.0006375366356956207,0.002397143002504428,50
wcf_sensitivity_v1_align,SYM-IRREL,500,25,10,aipw_tcate_rmse,TCATE-K-grid_sd,"aipw functional contrast; RMSE over four strata of X1 with edges (-0.5, 0.0, 0.5)",causal_drf,drf,-0.0009704065920956772,9.263295252895644e-05,-0.0011519671790524318,-0.0007888460051389227,50
wcf_sensitivity_v1_align,SYM-IRREL,500,25,10,aipw_tcate_rmse,TCATE-K-grid_sd,"aipw functional contrast; RMSE over four strata of X1 with edges (-0.5, 0.0, 0.5)",cwdb_dr,drf,-0.0024877464111957015,0.0005060053186681769,-0.0034795168357853283,-0.0014959759866060747,50
wcf_sensitivity_v1_align,SYM-IRREL,500,25,10,aipw_tcate_rmse,TCATE-K-grid_skewness,"aipw functional contrast; RMSE over four strata of X1 with edges (-0.5, 0.0, 0.5)",causal_drf,cwdb_dr,-0.0022098729518861397,0.0001838648858908421,-0.0025702481282321903,-0.001849497775540089,50
wcf_sensitivity_v1_align,SYM-IRREL,500,25,10,aipw_tcate_rmse,TCATE-K-grid_skewness,"aipw functional contrast; RMSE over four strata of X1 with edges (-0.5, 0.0, 0.5)",causal_drf,drf,-1.0566682446666813e-19,1.8154111153342028e-19,-4.614874030721719e-19,2.501537541388356e-19,50
wcf_sensitivity_v1_align,SYM-IRREL,500,25,10,aipw_tcate_rmse,TCATE-K-grid_skewness,"aipw functional contrast; RMSE over four strata of X1 with edges (-0.5, 0.0, 0.5)",cwdb_dr,drf,0.0022098729518861392,0.00018386488589084213,0.0018494977755400886,0.00257024812823219,50
wcf_sensitivity_v1_align,SYM-IRREL,500,25,10,aipw_tcate_rmse,TCATE-K-grid_upper_tail_mean,"aipw functional contrast; RMSE over four strata of X1 with edges (-0.5, 0.0, 0.5)",causal_drf,cwdb_dr,0.01413887801660274,0.002342381006768759,0.009547811243335973,0.01872994478986951,50
wcf_sensitivity_v1_align,SYM-IRREL,500,25,10,aipw_tcate_rmse,TCATE-K-grid_upper_tail_mean,"aipw functional contrast; RMSE over four strata of X1 with edges (-0.5, 0.0, 0.5)",causal_drf,drf,-0.002072512240116259,0.0008576212894082148,-0.00375344996735636,-0.0003915745128761578,50
wcf_sensitivity_v1_align,SYM-IRREL,500,25,10,aipw_tcate_rmse,TCATE-K-grid_upper_tail_mean,"aipw functional contrast; RMSE over four strata of X1 with edges (-0.5, 0.0, 0.5)",cwdb_dr,drf,-0.016211390256719,0.0023980781908203236,-0.020911623510726833,-0.011511157002711166,50
wcf_sensitivity_v1_align,SYM-IRREL,500,25,10,barycenter_rmse,MEANQ-A-K,,causal_drf,cwdb_dr,0.08787701721572458,0.0017168700958477066,0.08451195182786307,0.09124208260358609,50
wcf_sensitivity_v1_align,SYM-IRREL,500,25,10,barycenter_rmse,MEANQ-A-K,,causal_drf,drf,-0.00973095036298749,0.0010284438717821757,-0.011746700351680553,-0.0077152003742944255,50
wcf_sensitivity_v1_align,SYM-IRREL,500,25,10,barycenter_rmse,MEANQ-A-K,,cwdb_dr,drf,-0.09760796757871207,0.0014062704705019378,-0.10036425770089587,-0.09485167745652827,50
wcf_sensitivity_v1_align,SYM-IRREL,500,25,10,mean_quantile_rmse,MEANQ-A-K,"arm contrast, the mandatory common target",causal_drf,cwdb_dr,-0.03632656660397961,0.0034647313577346895,-0.043117440065139595,-0.029535693142819616,50
wcf_sensitivity_v1_align,SYM-IRREL,500,25,10,mean_quantile_rmse,MEANQ-A-K,"arm contrast, the mandatory common target",causal_drf,drf,-0.011812898614913983,0.0014529051045788213,-0.014660592619888472,-0.008965204609939494,50
wcf_sensitivity_v1_align,SYM-IRREL,500,25,10,mean_quantile_rmse,MEANQ-A-K,"arm contrast, the mandatory common target",cwdb_dr,drf,0.024513667989065624,0.0033344474023343246,0.01797815108049035,0.0310491848976409,50
wcf_sensitivity_v1_align,SYM-IRREL,500,25,10,plugin_reference_tate_abs_error,REF-ATE-K,plugin reference contrast; marginal absolute error,causal_drf,cwdb_dr,0.007666424895918129,0.002646877497186133,0.0024785450014333087,0.01285430479040295,50
wcf_sensitivity_v1_align,SYM-IRREL,500,25,10,plugin_reference_tate_abs_error,REF-ATE-K,plugin reference contrast; marginal absolute error,causal_drf,drf,0.0012625308902066493,0.0009388464229384502,-0.0005776080987527131,0.0031026698791660114,50
wcf_sensitivity_v1_align,SYM-IRREL,500,25,10,plugin_reference_tate_abs_error,REF-ATE-K,plugin reference contrast; marginal absolute error,cwdb_dr,drf,-0.00640389400571148,0.0023400801657578463,-0.010990451130596858,-0.0018173368808261014,50
wcf_sensitivity_v1_align,SYM-IRREL,500,25,10,plugin_reference_tcate_rmse,REF-TCATE-K,"plugin reference contrast; RMSE over four strata of X1 with edges (-0.5, 0.0, 0.5)",causal_drf,cwdb_dr,0.0094396552828383,0.003997129228348101,0.0016052819952760214,0.017274028570400578,50
wcf_sensitivity_v1_align,SYM-IRREL,500,25,10,plugin_reference_tcate_rmse,REF-TCATE-K,"plugin reference contrast; RMSE over four strata of X1 with edges (-0.5, 0.0, 0.5)",causal_drf,drf,0.005959893543744377,0.0010803516189599846,0.003842404370582807,0.008077382716905947,50
wcf_sensitivity_v1_align,SYM-IRREL,500,25,10,plugin_reference_tcate_rmse,REF-TCATE-K,"plugin reference contrast; RMSE over four strata of X1 with edges (-0.5, 0.0, 0.5)",cwdb_dr,drf,-0.003479761739093923,0.003997050871698175,-0.011313981447622346,0.0043544579694345005,50
wcf_sensitivity_v1_align,SYM-IRREL,500,25,10,plugin_tate_abs_error,TATE-K-grid_mean,plugin functional contrast; marginal absolute error,causal_drf,cwdb_dr,-0.02770724186549134,0.0060866431447315315,-0.03963706242916514,-0.015777421301817536,50
wcf_sensitivity_v1_align,SYM-IRREL,500,25,10,plugin_tate_abs_error,TATE-K-grid_mean,plugin functional contrast; marginal absolute error,causal_drf,drf,0.0034872711001684292,0.001746161861037961,6.479385253402564e-05,0.006909748347802833,50
wcf_sensitivity_v1_align,SYM-IRREL,500,25,10,plugin_tate_abs_error,TATE-K-grid_mean,plugin functional contrast; marginal absolute error,cwdb_dr,drf,0.031194512965659768,0.005911446871325324,0.019608077097862133,0.0427809488334574,50
wcf_sensitivity_v1_align,SYM-IRREL,500,25,10,plugin_tate_abs_error,TATE-K-grid_sd,plugin functional contrast; marginal absolute error,causal_drf,cwdb_dr,-9.96126244032342e-05,0.0004409830919144962,-0.0009639394845556467,0.0007647142357491783,50
wcf_sensitivity_v1_align,SYM-IRREL,500,25,10,plugin_tate_abs_error,TATE-K-grid_sd,plugin functional contrast; marginal absolute error,causal_drf,drf,6.124059224847656e-05,9.540128860514108e-05,-0.00012574593341759996,0.0002482271179145531,50
wcf_sensitivity_v1_align,SYM-IRREL,500,25,10,plugin_tate_abs_error,TATE-K-grid_sd,plugin functional contrast; marginal absolute error,cwdb_dr,drf,0.00016085321665171076,0.0004655208584242104,-0.0007515676658597416,0.001073274099163163,50
wcf_sensitivity_v1_align,SYM-IRREL,500,25,10,plugin_tate_abs_error,TATE-K-grid_skewness,plugin functional contrast; marginal absolute error,causal_drf,cwdb_dr,-0.005282134063517035,0.0005836776868805641,-0.006426142329802941,-0.0041381257972311295,50
wcf_sensitivity_v1_align,SYM-IRREL,500,25,10,plugin_tate_abs_error,TATE-K-grid_skewness,plugin functional contrast; marginal absolute error,causal_drf,drf,-3.428980950959458e-19,4.960382799467926e-19,-1.3151331237916593e-18,6.293369335997677e-19,50
wcf_sensitivity_v1_align,SYM-IRREL,500,25,10,plugin_tate_abs_error,TATE-K-grid_skewness,plugin functional contrast; marginal absolute error,cwdb_dr,drf,0.0052821340635170345,0.000583677686880564,0.0041381257972311295,0.0064261423298029394,50
wcf_sensitivity_v1_align,SYM-IRREL,500,25,10,plugin_tate_abs_error,TATE-K-grid_upper_tail_mean,plugin functional contrast; marginal absolute error,causal_drf,cwdb_dr,-0.027893546995217143,0.0060419605891379145,-0.039735789749927454,-0.016051304240506832,50
wcf_sensitivity_v1_align,SYM-IRREL,500,25,10,plugin_tate_abs_error,TATE-K-grid_upper_tail_mean,plugin functional contrast; marginal absolute error,causal_drf,drf,0.0032646733682075296,0.001758480868551604,-0.00018194913415361426,0.0067112958705686735,50
wcf_sensitivity_v1_align,SYM-IRREL,500,25,10,plugin_tate_abs_error,TATE-K-grid_upper_tail_mean,plugin functional contrast; marginal absolute error,cwdb_dr,drf,0.031158220363424673,0.005839711381769009,0.019712386055157415,0.04260405467169193,50
wcf_sensitivity_v1_align,SYM-IRREL,500,25,10,plugin_tcate_rmse,TCATE-K-grid_mean,"plugin functional contrast; RMSE over four strata of X1 with edges (-0.5, 0.0, 0.5)",causal_drf,cwdb_dr,-0.0236120345230326,0.005703913870996499,-0.034791705710185736,-0.012432363335879463,50
wcf_sensitivity_v1_align,SYM-IRREL,500,25,10,plugin_tcate_rmse,TCATE-K-grid_mean,"plugin functional contrast; RMSE over four strata of X1 with edges (-0.5, 0.0, 0.5)",causal_drf,drf,-0.00210560023535053,0.001815643447233664,-0.005664261391928511,0.0014530609212274515,50
wcf_sensitivity_v1_align,SYM-IRREL,500,25,10,plugin_tcate_rmse,TCATE-K-grid_mean,"plugin functional contrast; RMSE over four strata of X1 with edges (-0.5, 0.0, 0.5)",cwdb_dr,drf,0.02150643428768207,0.005505900721780109,0.010714868872993057,0.032297999702371086,50
wcf_sensitivity_v1_align,SYM-IRREL,500,25,10,plugin_tcate_rmse,TCATE-K-grid_sd,"plugin functional contrast; RMSE over four strata of X1 with edges (-0.5, 0.0, 0.5)",causal_drf,cwdb_dr,-0.0013355061334918029,0.00042601834576341075,-0.002170502091188088,-0.0005005101757955178,50
wcf_sensitivity_v1_align,SYM-IRREL,500,25,10,plugin_tcate_rmse,TCATE-K-grid_sd,"plugin functional contrast; RMSE over four strata of X1 with edges (-0.5, 0.0, 0.5)",causal_drf,drf,0.00015848376831985485,8.547727678761142e-05,-9.051694183863541e-06,0.00032601923082357324,50
wcf_sensitivity_v1_align,SYM-IRREL,500,25,10,plugin_tcate_rmse,TCATE-K-grid_sd,"plugin functional contrast; RMSE over four strata of X1 with edges (-0.5, 0.0, 0.5)",cwdb_dr,drf,0.0014939899018116577,0.00045488620264104803,0.0006024129446352036,0.002385566858988112,50
wcf_sensitivity_v1_align,SYM-IRREL,500,25,10,plugin_tcate_rmse,TCATE-K-grid_skewness,"plugin functional contrast; RMSE over four strata of X1 with edges (-0.5, 0.0, 0.5)",causal_drf,cwdb_dr,-0.005582113528018999,0.0005702685400539245,-0.006699839866524691,-0.004464387189513306,50
wcf_sensitivity_v1_align,SYM-IRREL,500,25,10,plugin_tcate_rmse,TCATE-K-grid_skewness,"plugin functional contrast; RMSE over four strata of X1 with edges (-0.5, 0.0, 0.5)",causal_drf,drf,-5.368651003908571e-19,4.659537368780033e-19,-1.4501344246717434e-18,3.764042238900293e-19,50
wcf_sensitivity_v1_align,SYM-IRREL,500,25,10,plugin_tcate_rmse,TCATE-K-grid_skewness,"plugin functional contrast; RMSE over four strata of X1 with edges (-0.5, 0.0, 0.5)",cwdb_dr,drf,0.005582113528018999,0.0005702685400539244,0.004464387189513307,0.0066998398665246905,50
wcf_sensitivity_v1_align,SYM-IRREL,500,25,10,plugin_tcate_rmse,TCATE-K-grid_upper_tail_mean,"plugin functional contrast; RMSE over four strata of X1 with edges (-0.5, 0.0, 0.5)",causal_drf,cwdb_dr,-0.023993442195114498,0.005622293966973473,-0.0350131383703825,-0.01297374601984649,50
wcf_sensitivity_v1_align,SYM-IRREL,500,25,10,plugin_tcate_rmse,TCATE-K-grid_upper_tail_mean,"plugin functional contrast; RMSE over four strata of X1 with edges (-0.5, 0.0, 0.5)",causal_drf,drf,-0.0021904375318024735,0.0018069087027020756,-0.005731978589098541,0.0013511035254935946,50
wcf_sensitivity_v1_align,SYM-IRREL,500,25,10,plugin_tcate_rmse,TCATE-K-grid_upper_tail_mean,"plugin functional contrast; RMSE over four strata of X1 with edges (-0.5, 0.0, 0.5)",cwdb_dr,drf,0.021803004663312024,0.0054316912921453025,0.011156889730707232,0.032449119595916814,50
wcf_sensitivity_v1_align,SYM-IRREL,1000,25,10,aipw_reference_tate_abs_error,REF-ATE-K,aipw reference contrast; marginal absolute error,causal_drf,cwdb_dr,0.0013516261109739192,0.0017008927994126158,-0.0019821237758748077,0.004685375997822646,50
wcf_sensitivity_v1_align,SYM-IRREL,1000,25,10,aipw_reference_tate_abs_error,REF-ATE-K,aipw reference contrast; marginal absolute error,causal_drf,drf,-0.00014961194999782088,0.00018905234775765345,-0.0005201545516028217,0.00022093065160717988,50
wcf_sensitivity_v1_align,SYM-IRREL,1000,25,10,aipw_reference_tate_abs_error,REF-ATE-K,aipw reference contrast; marginal absolute error,cwdb_dr,drf,-0.00150123806097174,0.0017090069089165045,-0.004850891602448089,0.0018484154805046087,50
wcf_sensitivity_v1_align,SYM-IRREL,1000,25,10,aipw_reference_tcate_rmse,REF-TCATE-K,"aipw reference contrast; RMSE over four strata of X1 with edges (-0.5, 0.0, 0.5)",causal_drf,cwdb_dr,0.004874667755450521,0.0016847097471109338,0.0015726366511130906,0.00817669885978795,50
wcf_sensitivity_v1_align,SYM-IRREL,1000,25,10,aipw_reference_tcate_rmse,REF-TCATE-K,"aipw reference contrast; RMSE over four strata of X1 with edges (-0.5, 0.0, 0.5)",causal_drf,drf,-0.00036988227948693553,0.0002329507944909157,-0.0008264658366891303,8.670127771525927e-05,50
wcf_sensitivity_v1_align,SYM-IRREL,1000,25,10,aipw_reference_tcate_rmse,REF-TCATE-K,"aipw reference contrast; RMSE over four strata of X1 with edges (-0.5, 0.0, 0.5)",cwdb_dr,drf,-0.005244550034937456,0.001747837456197449,-0.008670311449084457,-0.0018187886207904564,50
wcf_sensitivity_v1_align,SYM-IRREL,1000,25,10,aipw_tate_abs_error,TATE-K-grid_mean,aipw functional contrast; marginal absolute error,causal_drf,cwdb_dr,0.003496077691107685,0.0017341628655774865,9.711847457581201e-05,0.006895036907639558,50
wcf_sensitivity_v1_align,SYM-IRREL,1000,25,10,aipw_tate_abs_error,TATE-K-grid_mean,aipw functional contrast; marginal absolute error,causal_drf,drf,-0.0004335171543489308,0.00044627252108970253,-0.0013082112956847476,0.00044117698698688615,50
wcf_sensitivity_v1_align,SYM-IRREL,1000,25,10,aipw_tate_abs_error,TATE-K-grid_mean,aipw functional contrast; marginal absolute error,cwdb_dr,drf,-0.003929594845456616,0.0018620082266524837,-0.0075791309696954835,-0.000280058721217748,50
wcf_sensitivity_v1_align,SYM-IRREL,1000,25,10,aipw_tate_abs_error,TATE-K-grid_sd,aipw functional contrast; marginal absolute error,causal_drf,cwdb_dr,0.0001053873552395476,0.00018826276653429008,-0.000263607667167661,0.0004743823776467562,50
wcf_sensitivity_v1_align,SYM-IRREL,1000,25,10,aipw_tate_abs_error,TATE-K-grid_sd,aipw functional contrast; marginal absolute error,causal_drf,drf,-8.96714163873926e-05,3.3056078619860036e-05,-0.00015446133048231827,-2.4881502292466932e-05,50
wcf_sensitivity_v1_align,SYM-IRREL,1000,25,10,aipw_tate_abs_error,TATE-K-grid_sd,aipw functional contrast; marginal absolute error,cwdb_dr,drf,-0.0001950587716269402,0.00019122212075246015,-0.0005698541283017621,0.00017973658504788167,50
wcf_sensitivity_v1_align,SYM-IRREL,1000,25,10,aipw_tate_abs_error,TATE-K-grid_skewness,aipw functional contrast; marginal absolute error,causal_drf,cwdb_dr,-0.0004563366746205641,5.430354177050802e-05,-0.0005627716164907598,-0.0003499017327503684,50
wcf_sensitivity_v1_align,SYM-IRREL,1000,25,10,aipw_tate_abs_error,TATE-K-grid_skewness,aipw functional contrast; marginal absolute error,causal_drf,drf,2.5624614872340038e-20,7.310927770804603e-20,-1.1766956943543018e-19,1.6891879918011025e-19,50
wcf_sensitivity_v1_align,SYM-IRREL,1000,25,10,aipw_tate_abs_error,TATE-K-grid_skewness,aipw functional contrast; marginal absolute error,cwdb_dr,drf,0.00045633667462056417,5.4303541770508005e-05,0.0003499017327503685,0.0005627716164907598,50
wcf_sensitivity_v1_align,SYM-IRREL,1000,25,10,aipw_tate_abs_error,TATE-K-grid_upper_tail_mean,aipw functional contrast; marginal absolute error,causal_drf,cwdb_dr,0.0033527021296871004,0.0017801765905657875,-0.00013644398782184297,0.006841848247196044,50
wcf_sensitivity_v1_align,SYM-IRREL,1000,25,10,aipw_tate_abs_error,TATE-K-grid_upper_tail_mean,aipw functional contrast; marginal absolute error,causal_drf,drf,-0.00042783277889362967,0.00046054057799603906,-0.0013304923117658661,0.0004748267539786069,50
wcf_sensitivity_v1_align,SYM-IRREL,1000,25,10,aipw_tate_abs_error,TATE-K-grid_upper_tail_mean,aipw functional contrast; marginal absolute error,cwdb_dr,drf,-0.00378053490858073,0.0019101030331814491,-0.00752433685361637,-3.6732963545089894e-05,50
wcf_sensitivity_v1_align,SYM-IRREL,1000,25,10,aipw_tcate_rmse,TCATE-K-grid_mean,"aipw functional contrast; RMSE over four strata of X1 with edges (-0.5, 0.0, 0.5)",causal_drf,cwdb_dr,0.006827119790936691,0.0019367342656383655,0.0030311206302854944,0.010623118951587887,50
wcf_sensitivity_v1_align,SYM-IRREL,1000,25,10,aipw_tcate_rmse,TCATE-K-grid_mean,"aipw functional contrast; RMSE over four strata of X1 with edges (-0.5, 0.0, 0.5)",causal_drf,drf,-0.00013572957767595678,0.0004861772479300577,-0.00108863698361887,0.0008171778282669563,50
wcf_sensitivity_v1_align,SYM-IRREL,1000,25,10,aipw_tcate_rmse,TCATE-K-grid_mean,"aipw functional contrast; RMSE over four strata of X1 with edges (-0.5, 0.0, 0.5)",cwdb_dr,drf,-0.0069628493686126475,0.0019461156690576584,-0.010777236079965658,-0.0031484626572596368,50
wcf_sensitivity_v1_align,SYM-IRREL,1000,25,10,aipw_tcate_rmse,TCATE-K-grid_sd,"aipw functional contrast; RMSE over four strata of X1 with edges (-0.5, 0.0, 0.5)",causal_drf,cwdb_dr,0.001493977831069665,0.00026241430237900675,0.0009796457984068117,0.0020083098637325185,50
wcf_sensitivity_v1_align,SYM-IRREL,1000,25,10,aipw_tcate_rmse,TCATE-K-grid_sd,"aipw functional contrast; RMSE over four strata of X1 with edges (-0.5, 0.0, 0.5)",causal_drf,drf,-0.0006623778803295588,5.4610579714625825e-05,-0.0007694146165702255,-0.0005553411440888922,50
wcf_sensitivity_v1_align,SYM-IRREL,1000,25,10,aipw_tcate_rmse,TCATE-K-grid_sd,"aipw functional contrast; RMSE over four strata of X1 with edges (-0.5, 0.0, 0.5)",cwdb_dr,drf,-0.002156355711399224,0.0002841032838876381,-0.0027131981478189945,-0.0015995132749794532,50
wcf_sensitivity_v1_align,SYM-IRREL,1000,25,10,aipw_tcate_rmse,TCATE-K-grid_skewness,"aipw functional contrast; RMSE over four strata of X1 with edges (-0.5, 0.0, 0.5)",causal_drf,cwdb_dr,-0.000957182409861118,0.00010319796252037334,-0.0011594504164010497,-0.0007549144033211863,50
wcf_sensitivity_v1_align,SYM-IRREL,1000,25,10,aipw_tcate_rmse,TCATE-K-grid_skewness,"aipw functional contrast; RMSE over four strata of X1 with edges (-0.5, 0.0, 0.5)",causal_drf,drf,1.7445695481210863e-19,1.0749702397635618e-19,-3.6237212181549484e-20,3.8515112180576676e-19,50
wcf_sensitivity_v1_align,SYM-IRREL,1000,25,10,aipw_tcate_rmse,TCATE-K-grid_skewness,"aipw functional contrast; RMSE over four strata of X1 with edges (-0.5, 0.0, 0.5)",cwdb_dr,drf,0.0009571824098611182,0.00010319796252037332,0.0007549144033211865,0.00115945041640105,50
wcf_sensitivity_v1_align,SYM-IRREL,1000,25,10,aipw_tcate_rmse,TCATE-K-grid_upper_tail_mean,"aipw functional contrast; RMSE over four strata of X1 with edges (-0.5, 0.0, 0.5)",causal_drf,cwdb_dr,0.006914622478475914,0.0019936323088496854,0.0030071031531305305,0.010822141803821298,50
wcf_sensitivity_v1_align,SYM-IRREL,1000,25,10,aipw_tcate_rmse,TCATE-K-grid_upper_tail_mean,"aipw functional contrast; RMSE over four strata of X1 with edges (-0.5, 0.0, 0.5)",causal_drf,drf,-0.0001293783481592578,0.0004971603027553115,-0.0011038125415596682,0.0008450558452411526,50
wcf_sensitivity_v1_align,SYM-IRREL,1000,25,10,aipw_tcate_rmse,TCATE-K-grid_upper_tail_mean,"aipw functional contrast; RMSE over four strata of X1 with edges (-0.5, 0.0, 0.5)",cwdb_dr,drf,-0.007044000826635172,0.002005204168460275,-0.01097420099681731,-0.0031138006564530333,50
wcf_sensitivity_v1_align,SYM-IRREL,1000,25,10,barycenter_rmse,MEANQ-A-K,,causal_drf,cwdb_dr,0.08335749723117483,0.001292526035928637,0.0808241462007547,0.08589084826159496,50
wcf_sensitivity_v1_align,SYM-IRREL,1000,25,10,barycenter_rmse,MEANQ-A-K,,causal_drf,drf,0.004732795381304555,0.0005984579925279978,0.0035598177159496796,0.005905773046659431,50
wcf_sensitivity_v1_align,SYM-IRREL,1000,25,10,barycenter_rmse,MEANQ-A-K,,cwdb_dr,drf,-0.07862470184987028,0.001321670539547256,-0.0812151761073829,-0.07603422759235766,50
wcf_sensitivity_v1_align,SYM-IRREL,1000,25,10,mean_quantile_rmse,MEANQ-A-K,"arm contrast, the mandatory common target",causal_drf,cwdb_dr,-0.021485319695195015,0.0027312340205655683,-0.02683853837550353,-0.0161321010148865,50
wcf_sensitivity_v1_align,SYM-IRREL,1000,25,10,mean_quantile_rmse,MEANQ-A-K,"arm contrast, the mandatory common target",causal_drf,drf,-0.009417883939649027,0.0012575360677030412,-0.011882654632346987,-0.006953113246951067,50
wcf_sensitivity_v1_align,SYM-IRREL,1000,25,10,mean_quantile_rmse,MEANQ-A-K,"arm contrast, the mandatory common target",cwdb_dr,drf,0.012067435755545988,0.002674380753702226,0.006825649478289625,0.01730922203280235,50
wcf_sensitivity_v1_align,SYM-IRREL,1000,25,10,plugin_reference_tate_abs_error,REF-ATE-K,plugin reference contrast; marginal absolute error,causal_drf,cwdb_dr,0.0029739605595704537,0.0017947574375798917,-0.0005437640180861341,0.006491685137227041,50
wcf_sensitivity_v1_align,SYM-IRREL,1000,25,10,plugin_reference_tate_abs_error,REF-ATE-K,plugin reference contrast; marginal absolute error,causal_drf,drf,0.0013151657509274314,0.0006712760222105725,-5.352526052907099e-07,0.0026308667544601536,50
wcf_sensitivity_v1_align,SYM-IRREL,1000,25,10,plugin_reference_tate_abs_error,REF-ATE-K,plugin reference contrast; marginal absolute error,cwdb_dr,drf,-0.0016587948086430222,0.0017260027501654123,-0.005041760198967231,0.001724170581681186,50
wcf_sensitivity_v1_align,SYM-IRREL,1000,25,10,plugin_reference_tcate_rmse,REF-TCATE-K,"plugin reference contrast; RMSE over four strata of X1 with edges (-0.5, 0.0, 0.5)",causal_drf,cwdb_dr,0.0055900725366957,0.0019858711342295404,0.0016977651136058005,0.009482379959785599,50
wcf_sensitivity_v1_align,SYM-IRREL,1000,25,10,plugin_reference_tcate_rmse,REF-TCATE-K,"plugin reference contrast; RMSE over four strata of X1 with edges (-0.5, 0.0, 0.5)",causal_drf,drf,0.0029019603684800263,0.001020068334305068,0.0009026264332420929,0.004901294303717959,50
wcf_sensitivity_v1_align,SYM-IRREL,1000,25,10,plugin_reference_tcate_rmse,REF-TCATE-K,"plugin reference contrast; RMSE over four strata of X1 with edges (-0.5, 0.0, 0.5)",cwdb_dr,drf,-0.0026881121682156735,0.0019216950276712101,-0.006454634422451245,0.0010784100860198984,50
wcf_sensitivity_v1_align,SYM-IRREL,1000,25,10,plugin_tate_abs_error,TATE-K-grid_mean,plugin functional contrast; marginal absolute error,causal_drf,cwdb_dr,-0.012951060079855858,0.003819398986206022,-0.02043708209281966,-0.0054650380668920555,50
wcf_sensitivity_v1_align,SYM-IRREL,1000,25,10,plugin_tate_abs_error,TATE-K-grid_mean,plugin functional contrast; marginal absolute error,causal_drf,drf,0.004408209787676025,0.0011418892349015033,0.0021701068872690783,0.006646312688082971,50
wcf_sensitivity_v1_align,SYM-IRREL,1000,25,10,plugin_tate_abs_error,TATE-K-grid_mean,plugin functional contrast; marginal absolute error,cwdb_dr,drf,0.017359269867531883,0.0031141142982416816,0.011255605842978187,0.023462933892085577,50
wcf_sensitivity_v1_align,SYM-IRREL,1000,25,10,plugin_tate_abs_error,TATE-K-grid_sd,plugin functional contrast; marginal absolute error,causal_drf,cwdb_dr,0.0004575637733956611,0.00032519849014398395,-0.00017982526728654738,0.0010949528140778695,50
wcf_sensitivity_v1_align,SYM-IRREL,1000,25,10,plugin_tate_abs_error,TATE-K-grid_sd,plugin functional contrast; marginal absolute error,causal_drf,drf,0.00013757262140472355,0.00011477695666178897,-8.739021365238283e-05,0.0003625354564618299,50
wcf_sensitivity_v1_align,SYM-IRREL,1000,25,10,plugin_tate_abs_error,TATE-K-grid_sd,plugin functional contrast; marginal absolute error,cwdb_dr,drf,-0.00031999115199093757,0.0003313295538266804,-0.0009693970774912312,0.00032941477350935605,50
wcf_sensitivity_v1_align,SYM-IRREL,1000,25,10,plugin_tate_abs_error,TATE-K-grid_skewness,plugin functional contrast; marginal absolute error,causal_drf,cwdb_dr,-0.008675901597930007,0.0014170427687303093,-0.011453305424641413,-0.005898497771218601,50
wcf_sensitivity_v1_align,SYM-IRREL,1000,25,10,plugin_tate_abs_error,TATE-K-grid_skewness,plugin functional contrast; marginal absolute error,causal_drf,drf,3.788706846071353e-19,5.279639495532976e-19,-6.559386565173281e-19,1.4136800257315987e-18,50
wcf_sensitivity_v1_align,SYM-IRREL,1000,25,10,plugin_tate_abs_error,TATE-K-grid_skewness,plugin functional contrast; marginal absolute error,cwdb_dr,drf,0.008675901597930007,0.0014170427687303093,0.005898497771218601,0.011453305424641413,50
wcf_sensitivity_v1_align,SYM-IRREL,1000,25,10,plugin_tate_abs_error,TATE-K-grid_upper_tail_mean,plugin functional contrast; marginal absolute error,causal_drf,cwdb_dr,-0.013199543636563331,0.0037335633557246672,-0.020517327813783678,-0.005881759459342983,50
wcf_sensitivity_v1_align,SYM-IRREL,1000,25,10,plugin_tate_abs_error,TATE-K-grid_upper_tail_mean,plugin functional contrast; marginal absolute error,causal_drf,drf,0.004393592501885292,0.0011087906408570843,0.0022203628458054066,0.006566822157965177,50
wcf_sensitivity_v1_align,SYM-IRREL,1000,25,10,plugin_tate_abs_error,TATE-K-grid_upper_tail_mean,plugin functional contrast; marginal absolute error,cwdb_dr,drf,0.017593136138448623,0.003062935329241832,0.011589782893134632,0.023596489383762614,50
wcf_sensitivity_v1_align,SYM-IRREL,1000,25,10,plugin_tcate_rmse,TCATE-K-grid_mean,"plugin functional contrast; RMSE over four strata of X1 with edges (-0.5, 0.0, 0.5)",causal_drf,cwdb_dr,-0.010758515111400947,0.0033452675167308502,-0.017315239444193414,-0.004201790778608481,50
wcf_sensitivity_v1_align,SYM-IRREL,1000,25,10,plugin_tcate_rmse,TCATE-K-grid_mean,"plugin functional contrast; RMSE over four strata of X1 with edges (-0.5, 0.0, 0.5)",causal_drf,drf,-0.0010704396260811516,0.0013833634777894587,-0.0037818320425484905,0.0016409527903861873,50
wcf_sensitivity_v1_align,SYM-IRREL,1000,25,10,plugin_tcate_rmse,TCATE-K-grid_mean,"plugin functional contrast; RMSE over four strata of X1 with edges (-0.5, 0.0, 0.5)",cwdb_dr,drf,0.009688075485319796,0.0030095405822794124,0.0037893759440521474,0.015586775026587445,50
wcf_sensitivity_v1_align,SYM-IRREL,1000,25,10,plugin_tcate_rmse,TCATE-K-grid_sd,"plugin functional contrast; RMSE over four strata of X1 with edges (-0.5, 0.0, 0.5)",causal_drf,cwdb_dr,-7.266485127510212e-05,0.00027690864688776354,-0.0006154057991751186,0.0004700760966249144,50
wcf_sensitivity_v1_align,SYM-IRREL,1000,25,10,plugin_tcate_rmse,TCATE-K-grid_sd,"plugin functional contrast; RMSE over four strata of X1 with edges (-0.5, 0.0, 0.5)",causal_drf,drf,7.655717183617473e-05,0.00012476884904444002,-0.00016798977229092767,0.00032110411596327713,50
wcf_sensitivity_v1_align,SYM-IRREL,1000,25,10,plugin_tcate_rmse,TCATE-K-grid_sd,"plugin functional contrast; RMSE over four strata of X1 with edges (-0.5, 0.0, 0.5)",cwdb_dr,drf,0.00014922202311127685,0.0002991250398581592,-0.0004370630550107152,0.0007355071012332689,50
wcf_sensitivity_v1_align,SYM-IRREL,1000,25,10,plugin_tcate_rmse,TCATE-K-grid_skewness,"plugin functional contrast; RMSE over four strata of X1 with edges (-0.5, 0.0, 0.5)",causal_drf,cwdb_dr,-0.008790101046507535,0.0014097981193881347,-0.01155330536050828,-0.006026896732506792,50
wcf_sensitivity_v1_align,SYM-IRREL,1000,25,10,plugin_tcate_rmse,TCATE-K-grid_skewness,"plugin functional contrast; RMSE over four strata of X1 with edges (-0.5, 0.0, 0.5)",causal_drf,drf,2.2095077222094943e-19,5.18596588481251e-19,-7.954985412023026e-19,1.2374000856442015e-18,50
wcf_sensitivity_v1_align,SYM-IRREL,1000,25,10,plugin_tcate_rmse,TCATE-K-grid_skewness,"plugin functional contrast; RMSE over four strata of X1 with edges (-0.5, 0.0, 0.5)",cwdb_dr,drf,0.008790101046507537,0.0014097981193881347,0.006026896732506793,0.011553305360508281,50
wcf_sensitivity_v1_align,SYM-IRREL,1000,25,10,plugin_tcate_rmse,TCATE-K-grid_upper_tail_mean,"plugin functional contrast; RMSE over four strata of X1 with edges (-0.5, 0.0, 0.5)",causal_drf,cwdb_dr,-0.010838772708370602,0.0032720554988035972,-0.017252001486025653,-0.004425543930715551,50
wcf_sensitivity_v1_align,SYM-IRREL,1000,25,10,plugin_tcate_rmse,TCATE-K-grid_upper_tail_mean,"plugin functional contrast; RMSE over four strata of X1 with edges (-0.5, 0.0, 0.5)",causal_drf,drf,-0.0010219437040164814,0.0013390258187890337,-0.0036464343088429873,0.0016025469008100245,50
wcf_sensitivity_v1_align,SYM-IRREL,1000,25,10,plugin_tcate_rmse,TCATE-K-grid_upper_tail_mean,"plugin functional contrast; RMSE over four strata of X1 with edges (-0.5, 0.0, 0.5)",cwdb_dr,drf,0.00981682900435412,0.002976979027845235,0.003981950109777459,0.01565170789893078,50
wcf_sensitivity_v1_align_null,SYM-ALIGN-NULL,500,25,10,aipw_reference_tate_abs_error,REF-ATE-K,aipw reference contrast; marginal absolute error,causal_drf,cwdb_dr,0.005116861190001574,0.0021186819314262745,0.0009642446044060759,0.009269477775597071,50
wcf_sensitivity_v1_align_null,SYM-ALIGN-NULL,500,25,10,aipw_reference_tate_abs_error,REF-ATE-K,aipw reference contrast; marginal absolute error,causal_drf,drf,0.0002348617088995253,0.00037872107170715475,-0.000507431591646498,0.0009771550094455485,50
wcf_sensitivity_v1_align_null,SYM-ALIGN-NULL,500,25,10,aipw_reference_tate_abs_error,REF-ATE-K,aipw reference contrast; marginal absolute error,cwdb_dr,drf,-0.0048819994811020485,0.002215882315103348,-0.00922512881870461,-0.000538870143499486,50
wcf_sensitivity_v1_align_null,SYM-ALIGN-NULL,500,25,10,aipw_reference_tcate_rmse,REF-TCATE-K,"aipw reference contrast; RMSE over four strata of X1 with edges (-0.5, 0.0, 0.5)",causal_drf,cwdb_dr,0.040277578615985334,0.0033900585070769473,0.033633063942114516,0.04692209328985615,50
wcf_sensitivity_v1_align_null,SYM-ALIGN-NULL,500,25,10,aipw_reference_tcate_rmse,REF-TCATE-K,"aipw reference contrast; RMSE over four strata of X1 with edges (-0.5, 0.0, 0.5)",causal_drf,drf,-0.004344845979230447,0.0004528247823426269,-0.005232382552621996,-0.003457309405838898,50
wcf_sensitivity_v1_align_null,SYM-ALIGN-NULL,500,25,10,aipw_reference_tcate_rmse,REF-TCATE-K,"aipw reference contrast; RMSE over four strata of X1 with edges (-0.5, 0.0, 0.5)",cwdb_dr,drf,-0.04462242459521578,0.003559066134610509,-0.05159819421905238,-0.03764665497137918,50
wcf_sensitivity_v1_align_null,SYM-ALIGN-NULL,500,25,10,aipw_tate_abs_error,TATE-K-grid_mean,aipw functional contrast; marginal absolute error,causal_drf,cwdb_dr,0.09723605001304558,0.00332800440791063,0.09071316137354075,0.10375893865255041,50
wcf_sensitivity_v1_align_null,SYM-ALIGN-NULL,500,25,10,aipw_tate_abs_error,TATE-K-grid_mean,aipw functional contrast; marginal absolute error,causal_drf,drf,-0.0017783005520398687,0.0007603187888931875,-0.003268525378270516,-0.00028807572580922115,50
wcf_sensitivity_v1_align_null,SYM-ALIGN-NULL,500,25,10,aipw_tate_abs_error,TATE-K-grid_mean,aipw functional contrast; marginal absolute error,cwdb_dr,drf,-0.09901435056508545,0.003573777697185268,-0.10601895485156858,-0.09200974627860233,50
wcf_sensitivity_v1_align_null,SYM-ALIGN-NULL,500,25,10,aipw_tate_abs_error,TATE-K-grid_sd,aipw functional contrast; marginal absolute error,causal_drf,cwdb_dr,0.00011053662831698313,0.0003428791573159002,-0.0005615065200221813,0.0007825797766561475,50
wcf_sensitivity_v1_align_null,SYM-ALIGN-NULL,500,25,10,aipw_tate_abs_error,TATE-K-grid_sd,aipw functional contrast; marginal absolute error,causal_drf,drf,-0.00016922589359630617,6.870937892877632e-05,-0.00030389627629670774,-3.45555108959046e-05,50
wcf_sensitivity_v1_align_null,SYM-ALIGN-NULL,500,25,10,aipw_tate_abs_error,TATE-K-grid_sd,aipw functional contrast; marginal absolute error,cwdb_dr,drf,-0.0002797625219132893,0.00035020420429536357,-0.0009661627623322019,0.00040663771850562333,50
wcf_sensitivity_v1_align_null,SYM-ALIGN-NULL,500,25,10,aipw_tate_abs_error,TATE-K-grid_skewness,aipw functional contrast; marginal absolute error,causal_drf,cwdb_dr,-0.0010076827727137213,8.9202096273229e-05,-0.00118251888140925,-0.0008328466640181925,50
wcf_sensitivity_v1_align_null,SYM-ALIGN-NULL,500,25,10,aipw_tate_abs_error,TATE-K-grid_skewness,aipw functional contrast; marginal absolute error,causal_drf,drf,-2.6449324318049877e-19,2.1473083017270876e-19,-6.853656703190079e-19,1.563791839580104e-19,50
wcf_sensitivity_v1_align_null,SYM-ALIGN-NULL,500,25,10,aipw_tate_abs_error,TATE-K-grid_skewness,aipw functional contrast; marginal absolute error,cwdb_dr,drf,0.0010076827727137211,8.920209627322902e-05,0.0008328466640181923,0.0011825188814092499,50
wcf_sensitivity_v1_align_null,SYM-ALIGN-NULL,500,25,10,aipw_tate_abs_error,TATE-K-grid_upper_tail_mean,aipw functional contrast; marginal absolute error,causal_drf,cwdb_dr,0.09750773695236248,0.0033612265686682077,0.09091973287777279,0.10409574102695217,50
wcf_sensitivity_v1_align_null,SYM-ALIGN-NULL,500,25,10,aipw_tate_abs_error,TATE-K-grid_upper_tail_mean,aipw functional contrast; marginal absolute error,causal_drf,drf,-0.0018110228722830468,0.000762722815141422,-0.003305959589960234,-0.0003160861546058597,50
wcf_sensitivity_v1_align_null,SYM-ALIGN-NULL,500,25,10,aipw_tate_abs_error,TATE-K-grid_upper_tail_mean,aipw functional contrast; marginal absolute error,cwdb_dr,drf,-0.09931875982464552,0.003606240485312704,-0.10638699117585843,-0.09225052847343262,50
wcf_sensitivity_v1_align_null,SYM-ALIGN-NULL,500,25,10,aipw_tcate_rmse,TCATE-K-grid_mean,"aipw functional contrast; RMSE over four strata of X1 with edges (-0.5, 0.0, 0.5)",causal_drf,cwdb_dr,0.0920866189345093,0.003493555901827002,0.08523924936692838,0.09893398850209022,50
wcf_sensitivity_v1_align_null,SYM-ALIGN-NULL,500,25,10,aipw_tcate_rmse,TCATE-K-grid_mean,"aipw functional contrast; RMSE over four strata of X1 with edges (-0.5, 0.0, 0.5)",causal_drf,drf,-0.0028290248212507196,0.0011829049926825523,-0.005147518606908522,-0.0005105310355929173,50
wcf_sensitivity_v1_align_null,SYM-ALIGN-NULL,500,25,10,aipw_tcate_rmse,TCATE-K-grid_mean,"aipw functional contrast; RMSE over four strata of X1 with edges (-0.5, 0.0, 0.5)",cwdb_dr,drf,-0.09491564375576002,0.0037736740088249584,-0.10231204481305693,-0.0875192426984631,50
wcf_sensitivity_v1_align_null,SYM-ALIGN-NULL,500,25,10,aipw_tcate_rmse,TCATE-K-grid_sd,"aipw functional contrast; RMSE over four strata of X1 with edges (-0.5, 0.0, 0.5)",causal_drf,cwdb_dr,0.0013054061341111946,0.0003849747455416847,0.0005508556328494926,0.0020599566353728966,50
wcf_sensitivity_v1_align_null,SYM-ALIGN-NULL,500,25,10,aipw_tcate_rmse,TCATE-K-grid_sd,"aipw functional contrast; RMSE over four strata of X1 with edges (-0.5, 0.0, 0.5)",causal_drf,drf,-0.0011660597951703034,8.628189748546764e-05,-0.00133517231424182,-0.0009969472760987868,50
wcf_sensitivity_v1_align_null,SYM-ALIGN-NULL,500,25,10,aipw_tcate_rmse,TCATE-K-grid_sd,"aipw functional contrast; RMSE over four strata of X1 with edges (-0.5, 0.0, 0.5)",cwdb_dr,drf,-0.002471465929281498,0.0003954583926718789,-0.0032465643789183806,-0.0016963674796446155,50
wcf_sensitivity_v1_align_null,SYM-ALIGN-NULL,500,25,10,aipw_tcate_rmse,TCATE-K-grid_skewness,"aipw functional contrast; RMSE over four strata of X1 with edges (-0.5, 0.0, 0.5)",causal_drf,cwdb_dr,-0.003611091046482832,0.0004325991411083455,-0.00445898536305519,-0.002763196729910475,50
wcf_sensitivity_v1_align_null,SYM-ALIGN-NULL,500,25,10,aipw_tcate_rmse,TCATE-K-grid_skewness,"aipw functional contrast; RMSE over four strata of X1 with edges (-0.5, 0.0, 0.5)",causal_drf,drf,-4.812641702334313e-19,2.2410568384213166e-19,-9.205113105640094e-19,-4.201702990285328e-20,50
wcf_sensitivity_v1_align_null,SYM-ALIGN-NULL,500,25,10,aipw_tcate_rmse,TCATE-K-grid_skewness,"aipw functional contrast; RMSE over four strata of X1 with edges (-0.5, 0.0, 0.5)",cwdb_dr,drf,0.0036110910464828318,0.0004325991411083455,0.002763196729910475,0.004458985363055189,50
wcf_sensitivity_v1_align_null,SYM-ALIGN-NULL,500,25,10,aipw_tcate_rmse,TCATE-K-grid_upper_tail_mean,"aipw functional contrast; RMSE over four strata of X1 with edges (-0.5, 0.0, 0.5)",causal_drf,cwdb_dr,0.09270871716027966,0.0035791596487663407,0.08569356424869763,0.09972387007186169,50
wcf_sensitivity_v1_align_null,SYM-ALIGN-NULL,500,25,10,aipw_tcate_rmse,TCATE-K-grid_upper_tail_mean,"aipw functional contrast; RMSE over four strata of X1 with edges (-0.5, 0.0, 0.5)",causal_drf,drf,-0.002886637350996646,0.0011556896942523215,-0.005151789151731196,-0.0006214855502620956,50
wcf_sensitivity_v1_align_null,SYM-ALIGN-NULL,500,25,10,aipw_tcate_rmse,TCATE-K-grid_upper_tail_mean,"aipw functional contrast; RMSE over four strata of X1 with edges (-0.5, 0.0, 0.5)",cwdb_dr,drf,-0.0955953545112763,0.0038452485611914665,-0.10313204169121158,-0.08805866733134103,50
wcf_sensitivity_v1_align_null,SYM-ALIGN-NULL,500,25,10,barycenter_rmse,MEANQ-A-K,,causal_drf,cwdb_dr,0.12493968362804983,0.0018687199808976075,0.12127699246549052,0.12860237479060915,50
wcf_sensitivity_v1_align_null,SYM-ALIGN-NULL,500,25,10,barycenter_rmse,MEANQ-A-K,,causal_drf,drf,-0.0026598160325361775,0.001594568898440463,-0.005785171073479485,0.0004655390084071301,50
wcf_sensitivity_v1_align_null,SYM-ALIGN-NULL,500,25,10,barycenter_rmse,MEANQ-A-K,,cwdb_dr,drf,-0.127599499660586,0.001965655400451368,-0.1314521842454707,-0.12374681507570133,50
wcf_sensitivity_v1_align_null,SYM-ALIGN-NULL,500,25,10,mean_quantile_rmse,MEANQ-A-K,"arm contrast, the mandatory common target",causal_drf,cwdb_dr,0.160509512730185,0.007601264738238283,0.14561103384323795,0.17540799161713203,50
wcf_sensitivity_v1_align_null,SYM-ALIGN-NULL,500,25,10,mean_quantile_rmse,MEANQ-A-K,"arm contrast, the mandatory common target",causal_drf,drf,0.0436467633899249,0.0034217443742083978,0.036940144416476445,0.05035338236337336,50
wcf_sensitivity_v1_align_null,SYM-ALIGN-NULL,500,25,10,mean_quantile_rmse,MEANQ-A-K,"arm contrast, the mandatory common target",cwdb_dr,drf,-0.1168627493402601,0.007932101474503498,-0.13240966823028696,-0.10131583045023325,50
wcf_sensitivity_v1_align_null,SYM-ALIGN-NULL,500,25,10,plugin_reference_tate_abs_error,REF-ATE-K,plugin reference contrast; marginal absolute error,causal_drf,cwdb_dr,0.016174976342559922,0.002535867848437716,0.011204675359622,0.021145277325497844,50
wcf_sensitivity_v1_align_null,SYM-ALIGN-NULL,500,25,10,plugin_reference_tate_abs_error,REF-ATE-K,plugin reference contrast; marginal absolute error,causal_drf,drf,-0.0004796252051662217,0.0012541907732464548,-0.002937839120729273,0.0019785887103968298,50
wcf_sensitivity_v1_align_null,SYM-ALIGN-NULL,500,25,10,plugin_reference_tate_abs_error,REF-ATE-K,plugin reference contrast; marginal absolute error,cwdb_dr,drf,-0.016654601547726144,0.0025464671063308336,-0.021645677076134576,-0.011663526019317711,50
wcf_sensitivity_v1_align_null,SYM-ALIGN-NULL,500,25,10,plugin_reference_tcate_rmse,REF-TCATE-K,"plugin reference contrast; RMSE over four strata of X1 with edges (-0.5, 0.0, 0.5)",causal_drf,cwdb_dr,0.043554293187970175,0.002602080657002606,0.03845421510024507,0.04865437127569528,50
wcf_sensitivity_v1_align_null,SYM-ALIGN-NULL,500,25,10,plugin_reference_tcate_rmse,REF-TCATE-K,"plugin reference contrast; RMSE over four strata of X1 with edges (-0.5, 0.0, 0.5)",causal_drf,drf,-0.011775706828526578,0.0011152932924556587,-0.013961681681739668,-0.009589731975313487,50
wcf_sensitivity_v1_align_null,SYM-ALIGN-NULL,500,25,10,plugin_reference_tcate_rmse,REF-TCATE-K,"plugin reference contrast; RMSE over four strata of X1 with edges (-0.5, 0.0, 0.5)",cwdb_dr,drf,-0.05533000001649675,0.002793413090214035,-0.060805089673316264,-0.04985491035967724,50
wcf_sensitivity_v1_align_null,SYM-ALIGN-NULL,500,25,10,plugin_tate_abs_error,TATE-K-grid_mean,plugin functional contrast; marginal absolute error,causal_drf,cwdb_dr,0.19991263316250968,0.004061551855925009,0.19195199152489667,0.2078732748001227,50
wcf_sensitivity_v1_align_null,SYM-ALIGN-NULL,500,25,10,plugin_tate_abs_error,TATE-K-grid_mean,plugin functional contrast; marginal absolute error,causal_drf,drf,0.052841013141266796,0.0033725901583005367,0.046230736430997746,0.059451289851535846,50
wcf_sensitivity_v1_align_null,SYM-ALIGN-NULL,500,25,10,plugin_tate_abs_error,TATE-K-grid_mean,plugin functional contrast; marginal absolute error,cwdb_dr,drf,-0.14707162002124288,0.004454195653121126,-0.15580184350136028,-0.13834139654112548,50
wcf_sensitivity_v1_align_null,SYM-ALIGN-NULL,500,25,10,plugin_tate_abs_error,TATE-K-grid_sd,plugin functional contrast; marginal absolute error,causal_drf,cwdb_dr,0.00042926693371052056,0.00032795055452111287,-0.00021351615315086067,0.0010720500205719018,50
wcf_sensitivity_v1_align_null,SYM-ALIGN-NULL,500,25,10,plugin_tate_abs_error,TATE-K-grid_sd,plugin functional contrast; marginal absolute error,causal_drf,drf,1.4862923415461752e-05,0.00010848194377331394,-0.00019776168638023357,0.00022748753321115707,50
wcf_sensitivity_v1_align_null,SYM-ALIGN-NULL,500,25,10,plugin_tate_abs_error,TATE-K-grid_sd,plugin functional contrast; marginal absolute error,cwdb_dr,drf,-0.0004144040102950588,0.0003226107471969412,-0.0010467210748010634,0.00021791305421094587,50
wcf_sensitivity_v1_align_null,SYM-ALIGN-NULL,500,25,10,plugin_tate_abs_error,TATE-K-grid_skewness,plugin functional contrast; marginal absolute error,causal_drf,cwdb_dr,-0.004707486094099917,0.0010781584219113425,-0.006820676601046148,-0.0025942955871536863,50
wcf_sensitivity_v1_align_null,SYM-ALIGN-NULL,500,25,10,plugin_tate_abs_error,TATE-K-grid_skewness,plugin functional contrast; marginal absolute error,causal_drf,drf,1.1497414679611415e-18,6.170728603037975e-19,-5.972133823430178e-20,2.3592042741565845e-18,50
wcf_sensitivity_v1_align_null,SYM-ALIGN-NULL,500,25,10,plugin_tate_abs_error,TATE-K-grid_skewness,plugin functional contrast; marginal absolute error,cwdb_dr,drf,0.004707486094099918,0.0010781584219113425,0.002594295587153687,0.00682067660104615,50
wcf_sensitivity_v1_align_null,SYM-ALIGN-NULL,500,25,10,plugin_tate_abs_error,TATE-K-grid_upper_tail_mean,plugin functional contrast; marginal absolute error,causal_drf,cwdb_dr,0.1998518639703468,0.0040910045454359036,0.19183349506129244,0.20787023287940115,50
wcf_sensitivity_v1_align_null,SYM-ALIGN-NULL,500,25,10,plugin_tate_abs_error,TATE-K-grid_upper_tail_mean,plugin functional contrast; marginal absolute error,causal_drf,drf,0.052849412791364486,0.0033511081806878785,0.04628124075721624,0.05941758482551273,50
wcf_sensitivity_v1_align_null,SYM-ALIGN-NULL,500,25,10,plugin_tate_abs_error,TATE-K-grid_upper_tail_mean,plugin functional contrast; marginal absolute error,cwdb_dr,drf,-0.1470024511789823,0.0045130027740886884,-0.15584793661619614,-0.13815696574176847,50
wcf_sensitivity_v1_align_null,SYM-ALIGN-NULL,500,25,10,plugin_tcate_rmse,TCATE-K-grid_mean,"plugin functional contrast; RMSE over four strata of X1 with edges (-0.5, 0.0, 0.5)",causal_drf,cwdb_dr,0.19869625345758288,0.003989494546006631,0.19087684414740988,0.20651566276775588,50
wcf_sensitivity_v1_align_null,SYM-ALIGN-NULL,500,25,10,plugin_tcate_rmse,TCATE-K-grid_mean,"plugin functional contrast; RMSE over four strata of X1 with edges (-0.5, 0.0, 0.5)",causal_drf,drf,0.052299933848919566,0.003421735810384585,0.04559333166056578,0.05900653603727335,50
wcf_sensitivity_v1_align_null,SYM-ALIGN-NULL,500,25,10,plugin_tcate_rmse,TCATE-K-grid_mean,"plugin functional contrast; RMSE over four strata of X1 with edges (-0.5, 0.0, 0.5)",cwdb_dr,drf,-0.1463963196086633,0.004654833454737633,-0.15551979317994907,-0.13727284603737755,50
wcf_sensitivity_v1_align_null,SYM-ALIGN-NULL,500,25,10,plugin_tcate_rmse,TCATE-K-grid_sd,"plugin functional contrast; RMSE over four strata of X1 with edges (-0.5, 0.0, 0.5)",causal_drf,cwdb_dr,0.00020035420575478715,0.0003786681729571538,-0.0005418354132412343,0.0009425438247508086,50
wcf_sensitivity_v1_align_null,SYM-ALIGN-NULL,500,25,10,plugin_tcate_rmse,TCATE-K-grid_sd,"plugin functional contrast; RMSE over four strata of X1 with edges (-0.5, 0.0, 0.5)",causal_drf,drf,0.00023153190680297656,0.00012321963095682123,-9.97856987239304e-06,0.00047304238347834615,50
wcf_sensitivity_v1_align_null,SYM-ALIGN-NULL,500,25,10,plugin_tcate_rmse,TCATE-K-grid_sd,"plugin functional contrast; RMSE over four strata of X1 with edges (-0.5, 0.0, 0.5)",cwdb_dr,drf,3.1177701048189406e-05,0.0004039943812431367,-0.0007606512861883585,0.0008230066882847373,50
wcf_sensitivity_v1_align_null,SYM-ALIGN-NULL,500,25,10,plugin_tcate_rmse,TCATE-K-grid_skewness,"plugin functional contrast; RMSE over four strata of X1 with edges (-0.5, 0.0, 0.5)",causal_drf,cwdb_dr,-0.00481223403414268,0.0010818223276750942,-0.006932605796385865,-0.0026918622718994957,50
wcf_sensitivity_v1_align_null,SYM-ALIGN-NULL,500,25,10,plugin_tcate_rmse,TCATE-K-grid_skewness,"plugin functional contrast; RMSE over four strata of X1 with edges (-0.5, 0.0, 0.5)",causal_drf,drf,1.0453266859970745e-18,6.397772719772787e-19,-2.0863676707839174e-19,2.2992901390725407e-18,50
wcf_sensitivity_v1_align_null,SYM-ALIGN-NULL,500,25,10,plugin_tcate_rmse,TCATE-K-grid_skewness,"plugin functional contrast; RMSE over four strata of X1 with edges (-0.5, 0.0, 0.5)",cwdb_dr,drf,0.004812234034142682,0.0010818223276750942,0.0026918622718994974,0.006932605796385867,50
wcf_sensitivity_v1_align_null,SYM-ALIGN-NULL,500,25,10,plugin_tcate_rmse,TCATE-K-grid_upper_tail_mean,"plugin functional contrast; RMSE over four strata of X1 with edges (-0.5, 0.0, 0.5)",causal_drf,cwdb_dr,0.19826782605279988,0.004083153300202629,0.19026484558440274,0.20627080652119703,50
wcf_sensitivity_v1_align_null,SYM-ALIGN-NULL,500,25,10,plugin_tcate_rmse,TCATE-K-grid_upper_tail_mean,"plugin functional contrast; RMSE over four strata of X1 with edges (-0.5, 0.0, 0.5)",causal_drf,drf,0.05229160085793588,0.0033998096044229264,0.045627974033266946,0.05895522768260482,50
wcf_sensitivity_v1_align_null,SYM-ALIGN-NULL,500,25,10,plugin_tcate_rmse,TCATE-K-grid_upper_tail_mean,"plugin functional contrast; RMSE over four strata of X1 with edges (-0.5, 0.0, 0.5)",cwdb_dr,drf,-0.145976225194864,0.004743120013238064,-0.1552727404208106,-0.1366797099689174,50
wcf_sensitivity_v1_align_null,SYM-ALIGN-NULL,1000,25,10,aipw_reference_tate_abs_error,REF-ATE-K,aipw reference contrast; marginal absolute error,causal_drf,cwdb_dr,0.0006198866322887596,0.0018127599529870334,-0.002933122875565826,0.0041728961401433454,50
wcf_sensitivity_v1_align_null,SYM-ALIGN-NULL,1000,25,10,aipw_reference_tate_abs_error,REF-ATE-K,aipw reference contrast; marginal absolute error,causal_drf,drf,0.0006606368529910867,0.0006954547053138819,-0.0007024543694241219,0.002023728075406295,50
wcf_sensitivity_v1_align_null,SYM-ALIGN-NULL,1000,25,10,aipw_reference_tate_abs_error,REF-ATE-K,aipw reference contrast; marginal absolute error,cwdb_dr,drf,4.075022070232706e-05,0.0018068777822264005,-0.003500730232461418,0.003582230673866072,50
wcf_sensitivity_v1_align_null,SYM-ALIGN-NULL,1000,25,10,aipw_reference_tcate_rmse,REF-TCATE-K,"aipw reference contrast; RMSE over four strata of X1 with edges (-0.5, 0.0, 0.5)",causal_drf,cwdb_dr,0.03665101352411637,0.0022134985078434365,0.032312556448743236,0.04098947059948951,50
wcf_sensitivity_v1_align_null,SYM-ALIGN-NULL,1000,25,10,aipw_reference_tcate_rmse,REF-TCATE-K,"aipw reference contrast; RMSE over four strata of X1 with edges (-0.5, 0.0, 0.5)",causal_drf,drf,-0.009115729154272001,0.0005190635788647434,-0.010133093768846899,-0.008098364539697103,50
wcf_sensitivity_v1_align_null,SYM-ALIGN-NULL,1000,25,10,aipw_reference_tcate_rmse,REF-TCATE-K,"aipw reference contrast; RMSE over four strata of X1 with edges (-0.5, 0.0, 0.5)",cwdb_dr,drf,-0.04576674267838837,0.002435590618466232,-0.050540500290582185,-0.04099298506619456,50
wcf_sensitivity_v1_align_null,SYM-ALIGN-NULL,1000,25,10,aipw_tate_abs_error,TATE-K-grid_mean,aipw functional contrast; marginal absolute error,causal_drf,cwdb_dr,0.07951894641992656,0.0025601479680892815,0.07450105640247157,0.08453683643738155,50
wcf_sensitivity_v1_align_null,SYM-ALIGN-NULL,1000,25,10,aipw_tate_abs_error,TATE-K-grid_mean,aipw functional contrast; marginal absolute error,causal_drf,drf,-0.007302671387962409,0.0008598036792833914,-0.008987886599357855,-0.005617456176566962,50
wcf_sensitivity_v1_align_null,SYM-ALIGN-NULL,1000,25,10,aipw_tate_abs_error,TATE-K-grid_mean,aipw functional contrast; marginal absolute error,cwdb_dr,drf,-0.08682161780788897,0.0029158373070465897,-0.09253665892970028,-0.08110657668607765,50
wcf_sensitivity_v1_align_null,SYM-ALIGN-NULL,1000,25,10,aipw_tate_abs_error,TATE-K-grid_sd,aipw functional contrast; marginal absolute error,causal_drf,cwdb_dr,0.0005550009220783882,0.0003023464408500334,-3.7598101987677216e-05,0.0011475999461444536,50
wcf_sensitivity_v1_align_null,SYM-ALIGN-NULL,1000,25,10,aipw_tate_abs_error,TATE-K-grid_sd,aipw functional contrast; marginal absolute error,causal_drf,drf,-0.00010664552909946936,5.209641282970193e-05,-0.00020875449824568515,-4.536559953253577e-06,50
wcf_sensitivity_v1_align_null,SYM-ALIGN-NULL,1000,25,10,aipw_tate_abs_error,TATE-K-grid_sd,aipw functional contrast; marginal absolute error,cwdb_dr,drf,-0.0006616464511778576,0.0003041704080450821,-0.0012578204509462185,-6.547245140949671e-05,50
wcf_sensitivity_v1_align_null,SYM-ALIGN-NULL,1000,25,10,aipw_tate_abs_error,TATE-K-grid_skewness,aipw functional contrast; marginal absolute error,causal_drf,cwdb_dr,-0.0005660914468341156,5.564328146500445e-05,-0.0006751522785055244,-0.0004570306151627069,50
wcf_sensitivity_v1_align_null,SYM-ALIGN-NULL,1000,25,10,aipw_tate_abs_error,TATE-K-grid_skewness,aipw functional contrast; marginal absolute error,causal_drf,drf,-3.8141648081819746e-19,2.5295378157641465e-19,-8.7720589270797e-19,1.1437293107157524e-19,50
wcf_sensitivity_v1_align_null,SYM-ALIGN-NULL,1000,25,10,aipw_tate_abs_error,TATE-K-grid_skewness,aipw functional contrast; marginal absolute error,cwdb_dr,drf,0.0005660914468341152,5.5643281465004396e-05,0.00045703061516270656,0.0006751522785055238,50
wcf_sensitivity_v1_align_null,SYM-ALIGN-NULL,1000,25,10,aipw_tate_abs_error,TATE-K-grid_upper_tail_mean,aipw functional contrast; marginal absolute error,causal_drf,cwdb_dr,0.0797687910667374,0.0025232526518185216,0.0748232158691731,0.0847143662643017,50
wcf_sensitivity_v1_align_null,SYM-ALIGN-NULL,1000,25,10,aipw_tate_abs_error,TATE-K-grid_upper_tail_mean,aipw functional contrast; marginal absolute error,causal_drf,drf,-0.0072627365044782705,0.0008527336500630042,-0.008934094458601759,-0.005591378550354782,50
wcf_sensitivity_v1_align_null,SYM-ALIGN-NULL,1000,25,10,aipw_tate_abs_error,TATE-K-grid_upper_tail_mean,aipw functional contrast; marginal absolute error,cwdb_dr,drf,-0.08703152757121568,0.0028632484239735773,-0.0926434944822039,-0.08141956066022747,50
wcf_sensitivity_v1_align_null,SYM-ALIGN-NULL,1000,25,10,aipw_tcate_rmse,TCATE-K-grid_mean,"aipw functional contrast; RMSE over four strata of X1 with edges (-0.5, 0.0, 0.5)",causal_drf,cwdb_dr,0.07155743642128409,0.002553941524449309,0.06655171103336345,0.07656316180920474,50
wcf_sensitivity_v1_align_null,SYM-ALIGN-NULL,1000,25,10,aipw_tcate_rmse,TCATE-K-grid_mean,"aipw functional contrast; RMSE over four strata of X1 with edges (-0.5, 0.0, 0.5)",causal_drf,drf,-0.008672161706453338,0.000875863797307237,-0.010388854749175523,-0.006955468663731154,50
wcf_sensitivity_v1_align_null,SYM-ALIGN-NULL,1000,25,10,aipw_tcate_rmse,TCATE-K-grid_mean,"aipw functional contrast; RMSE over four strata of X1 with edges (-0.5, 0.0, 0.5)",cwdb_dr,drf,-0.08022959812773743,0.002908451506110882,-0.08593016307971477,-0.0745290331757601,50
wcf_sensitivity_v1_align_null,SYM-ALIGN-NULL,1000,25,10,aipw_tcate_rmse,TCATE-K-grid_sd,"aipw functional contrast; RMSE over four strata of X1 with edges (-0.5, 0.0, 0.5)",causal_drf,cwdb_dr,0.001312838658159099,0.0002620379801182609,0.0007992442171273076,0.0018264330991908904,50
wcf_sensitivity_v1_align_null,SYM-ALIGN-NULL,1000,25,10,aipw_tcate_rmse,TCATE-K-grid_sd,"aipw functional contrast; RMSE over four strata of X1 with edges (-0.5, 0.0, 0.5)",causal_drf,drf,-0.0008572487462031493,9.555350740263323e-05,-0.0010445336207123104,-0.0006699638716939882,50
wcf_sensitivity_v1_align_null,SYM-ALIGN-NULL,1000,25,10,aipw_tcate_rmse,TCATE-K-grid_sd,"aipw functional contrast; RMSE over four strata of X1 with edges (-0.5, 0.0, 0.5)",cwdb_dr,drf,-0.0021700874043622483,0.0002958528564182597,-0.0027499590029420374,-0.0015902158057824593,50
wcf_sensitivity_v1_align_null,SYM-ALIGN-NULL,1000,25,10,aipw_tcate_rmse,TCATE-K-grid_skewness,"aipw functional contrast; RMSE over four strata of X1 with edges (-0.5, 0.0, 0.5)",causal_drf,cwdb_dr,-0.0020363449967592527,0.00030793493220449475,-0.0026398974638800624,-0.001432792529638443,50
wcf_sensitivity_v1_align_null,SYM-ALIGN-NULL,1000,25,10,aipw_tcate_rmse,TCATE-K-grid_skewness,"aipw functional contrast; RMSE over four strata of X1 with edges (-0.5, 0.0, 0.5)",causal_drf,drf,-6.382936095050887e-19,2.395742491756397e-19,-1.1078591378893426e-18,-1.6872808112083488e-19,50
wcf_sensitivity_v1_align_null,SYM-ALIGN-NULL,1000,25,10,aipw_tcate_rmse,TCATE-K-grid_skewness,"aipw functional contrast; RMSE over four strata of X1 with edges (-0.5, 0.0, 0.5)",cwdb_dr,drf,0.002036344996759252,0.00030793493220449475,0.001432792529638442,0.0026398974638800615,50
wcf_sensitivity_v1_align_null,SYM-ALIGN-NULL,1000,25,10,aipw_tcate_rmse,TCATE-K-grid_upper_tail_mean,"aipw functional contrast; RMSE over four strata of X1 with edges (-0.5, 0.0, 0.5)",causal_drf,cwdb_dr,0.07180728724177471,0.002574182279985689,0.06676188997300275,0.07685268451054666,50
wcf_sensitivity_v1_align_null,SYM-ALIGN-NULL,1000,25,10,aipw_tcate_rmse,TCATE-K-grid_upper_tail_mean,"aipw functional contrast; RMSE over four strata of X1 with edges (-0.5, 0.0, 0.5)",causal_drf,drf,-0.00864324236869711,0.000863349181641877,-0.010335406764715189,-0.006951077972679031,50
wcf_sensitivity_v1_align_null,SYM-ALIGN-NULL,1000,25,10,aipw_tcate_rmse,TCATE-K-grid_upper_tail_mean,"aipw functional contrast; RMSE over four strata of X1 with edges (-0.5, 0.0, 0.5)",cwdb_dr,drf,-0.0804505296104718,0.002900754969663441,-0.08613600935101215,-0.07476504986993146,50
wcf_sensitivity_v1_align_null,SYM-ALIGN-NULL,1000,25,10,barycenter_rmse,MEANQ-A-K,,causal_drf,cwdb_dr,0.09132249551876268,0.0016176008372727614,0.08815199787770807,0.09449299315981728,50
wcf_sensitivity_v1_align_null,SYM-ALIGN-NULL,1000,25,10,barycenter_rmse,MEANQ-A-K,,causal_drf,drf,-0.013630866785196427,0.0008835557525154571,-0.015362636060126724,-0.01189909751026613,50
wcf_sensitivity_v1_align_null,SYM-ALIGN-NULL,1000,25,10,barycenter_rmse,MEANQ-A-K,,cwdb_dr,drf,-0.1049533623039591,0.0014473534648584761,-0.10779017509508171,-0.1021165495128365,50
wcf_sensitivity_v1_align_null,SYM-ALIGN-NULL,1000,25,10,mean_quantile_rmse,MEANQ-A-K,"arm contrast, the mandatory common target",causal_drf,cwdb_dr,0.11048543701677513,0.006705720198281809,0.09734222542814279,0.12362864860540747,50
wcf_sensitivity_v1_align_null,SYM-ALIGN-NULL,1000,25,10,mean_quantile_rmse,MEANQ-A-K,"arm contrast, the mandatory common target",causal_drf,drf,0.01020301532743928,0.0022984428953156436,0.005698067252620618,0.014707963402257941,50
wcf_sensitivity_v1_align_null,SYM-ALIGN-NULL,1000,25,10,mean_quantile_rmse,MEANQ-A-K,"arm contrast, the mandatory common target",cwdb_dr,drf,-0.10028242168933585,0.006598772233554308,-0.11321601526710229,-0.08734882811156941,50
wcf_sensitivity_v1_align_null,SYM-ALIGN-NULL,1000,25,10,plugin_reference_tate_abs_error,REF-ATE-K,plugin reference contrast; marginal absolute error,causal_drf,cwdb_dr,0.010248095119914978,0.0022194952136052296,0.005897884501248728,0.014598305738581226,50
wcf_sensitivity_v1_align_null,SYM-ALIGN-NULL,1000,25,10,plugin_reference_tate_abs_error,REF-ATE-K,plugin reference contrast; marginal absolute error,causal_drf,drf,0.002140400074900295,0.0010555944045665343,7.143504194988748e-05,0.004209365107850702,50
wcf_sensitivity_v1_align_null,SYM-ALIGN-NULL,1000,25,10,plugin_reference_tate_abs_error,REF-ATE-K,plugin reference contrast; marginal absolute error,cwdb_dr,drf,-0.008107695045014683,0.002030163222084159,-0.012086814960299634,-0.004128575129729731,50
wcf_sensitivity_v1_align_null,SYM-ALIGN-NULL,1000,25,10,plugin_reference_tcate_rmse,REF-TCATE-K,"plugin reference contrast; RMSE over four strata of X1 with edges (-0.5, 0.0, 0.5)",causal_drf,cwdb_dr,0.04413896731213213,0.0022255568571627068,0.03977687587209322,0.04850105875217103,50
wcf_sensitivity_v1_align_null,SYM-ALIGN-NULL,1000,25,10,plugin_reference_tcate_rmse,REF-TCATE-K,"plugin reference contrast; RMSE over four strata of X1 with edges (-0.5, 0.0, 0.5)",causal_drf,drf,-0.008915483551556067,0.0008405795976725492,-0.010563019562994262,-0.00726794754011787,50
wcf_sensitivity_v1_align_null,SYM-ALIGN-NULL,1000,25,10,plugin_reference_tcate_rmse,REF-TCATE-K,"plugin reference contrast; RMSE over four strata of X1 with edges (-0.5, 0.0, 0.5)",cwdb_dr,drf,-0.05305445086368819,0.002224562340974098,-0.05741459305199743,-0.04869430867537896,50
wcf_sensitivity_v1_align_null,SYM-ALIGN-NULL,1000,25,10,plugin_tate_abs_error,TATE-K-grid_mean,plugin functional contrast; marginal absolute error,causal_drf,cwdb_dr,0.1277135553503642,0.00279283043385263,0.12223960770001303,0.13318750300071536,50
wcf_sensitivity_v1_align_null,SYM-ALIGN-NULL,1000,25,10,plugin_tate_abs_error,TATE-K-grid_mean,plugin functional contrast; marginal absolute error,causal_drf,drf,0.03334913938774292,0.0018353129270546375,0.029751926050715832,0.03694635272477001,50
wcf_sensitivity_v1_align_null,SYM-ALIGN-NULL,1000,25,10,plugin_tate_abs_error,TATE-K-grid_mean,plugin functional contrast; marginal absolute error,cwdb_dr,drf,-0.09436441596262127,0.0025793724036860476,-0.09941998587384591,-0.08930884605139662,50
wcf_sensitivity_v1_align_null,SYM-ALIGN-NULL,1000,25,10,plugin_tate_abs_error,TATE-K-grid_sd,plugin functional contrast; marginal absolute error,causal_drf,cwdb_dr,0.0010858995499658875,0.000336383988169466,0.00042658693315373415,0.001745212166778041,50
wcf_sensitivity_v1_align_null,SYM-ALIGN-NULL,1000,25,10,plugin_tate_abs_error,TATE-K-grid_sd,plugin functional contrast; marginal absolute error,causal_drf,drf,-4.0456260953488764e-05,9.62707813843418e-05,-0.0002291469924667987,0.00014823447055982116,50
wcf_sensitivity_v1_align_null,SYM-ALIGN-NULL,1000,25,10,plugin_tate_abs_error,TATE-K-grid_sd,plugin functional contrast; marginal absolute error,cwdb_dr,drf,-0.0011263558109193762,0.0003465725978074764,-0.0018056381026220298,-0.00044707351921672255,50
wcf_sensitivity_v1_align_null,SYM-ALIGN-NULL,1000,25,10,plugin_tate_abs_error,TATE-K-grid_skewness,plugin functional contrast; marginal absolute error,causal_drf,cwdb_dr,-0.0009673237929912732,0.00020067380624163566,-0.0013606444532248791,-0.0005740031327576673,50
wcf_sensitivity_v1_align_null,SYM-ALIGN-NULL,1000,25,10,plugin_tate_abs_error,TATE-K-grid_skewness,plugin functional contrast; marginal absolute error,causal_drf,drf,1.3218210806623117e-18,4.395062856431557e-19,4.603887608017266e-19,2.1832534005228966e-18,50
wcf_sensitivity_v1_align_null,SYM-ALIGN-NULL,1000,25,10,plugin_tate_abs_error,TATE-K-grid_skewness,plugin functional contrast; marginal absolute error,cwdb_dr,drf,0.0009673237929912745,0.00020067380624163558,0.0005740031327576688,0.0013606444532248802,50
wcf_sensitivity_v1_align_null,SYM-ALIGN-NULL,1000,25,10,plugin_tate_abs_error,TATE-K-grid_upper_tail_mean,plugin functional contrast; marginal absolute error,causal_drf,cwdb_dr,0.1276338916183276,0.002820460138278646,0.12210578974730146,0.13316199348935376,50
wcf_sensitivity_v1_align_null,SYM-ALIGN-NULL,1000,25,10,plugin_tate_abs_error,TATE-K-grid_upper_tail_mean,plugin functional contrast; marginal absolute error,causal_drf,drf,0.03328315969240955,0.0018367131369319775,0.029683201944022877,0.036883117440796226,50
wcf_sensitivity_v1_align_null,SYM-ALIGN-NULL,1000,25,10,plugin_tate_abs_error,TATE-K-grid_upper_tail_mean,plugin functional contrast; marginal absolute error,cwdb_dr,drf,-0.09435073192591807,0.0026623623887746064,-0.0995689622079163,-0.08913250164391984,50
wcf_sensitivity_v1_align_null,SYM-ALIGN-NULL,1000,25,10,plugin_tcate_rmse,TCATE-K-grid_mean,"plugin functional contrast; RMSE over four strata of X1 with edges (-0.5, 0.0, 0.5)",causal_drf,cwdb_dr,0.12829351466994932,0.0030442777847546525,0.1223267302118302,0.13426029912806844,50
wcf_sensitivity_v1_align_null,SYM-ALIGN-NULL,1000,25,10,plugin_tcate_rmse,TCATE-K-grid_mean,"plugin functional contrast; RMSE over four strata of X1 with edges (-0.5, 0.0, 0.5)",causal_drf,drf,0.033880887601303075,0.0018579971713958245,0.03023921314536726,0.03752256205723889,50
wcf_sensitivity_v1_align_null,SYM-ALIGN-NULL,1000,25,10,plugin_tcate_rmse,TCATE-K-grid_mean,"plugin functional contrast; RMSE over four strata of X1 with edges (-0.5, 0.0, 0.5)",cwdb_dr,drf,-0.09441262706864625,0.0028345831622287915,-0.09996841006661468,-0.08885684407067783,50
wcf_sensitivity_v1_align_null,SYM-ALIGN-NULL,1000,25,10,plugin_tcate_rmse,TCATE-K-grid_sd,"plugin functional contrast; RMSE over four strata of X1 with edges (-0.5, 0.0, 0.5)",causal_drf,cwdb_dr,0.0015472612975916964,0.0003588053333994345,0.0008440028441288048,0.0022505197510545877,50
wcf_sensitivity_v1_align_null,SYM-ALIGN-NULL,1000,25,10,plugin_tcate_rmse,TCATE-K-grid_sd,"plugin functional contrast; RMSE over four strata of X1 with edges (-0.5, 0.0, 0.5)",causal_drf,drf,0.00013487869902168662,9.69333356930655e-05,-5.511063893672176e-05,0.000324868036980095,50
wcf_sensitivity_v1_align_null,SYM-ALIGN-NULL,1000,25,10,plugin_tcate_rmse,TCATE-K-grid_sd,"plugin functional contrast; RMSE over four strata of X1 with edges (-0.5, 0.0, 0.5)",cwdb_dr,drf,-0.0014123825985700098,0.00035479567511989074,-0.0021077821218049957,-0.000716983075335024,50
wcf_sensitivity_v1_align_null,SYM-ALIGN-NULL,1000,25,10,plugin_tcate_rmse,TCATE-K-grid_skewness,"plugin functional contrast; RMSE over four strata of X1 with edges (-0.5, 0.0, 0.5)",causal_drf,cwdb_dr,-0.0011966523657659417,0.00023832232851347886,-0.0016637641296523603,-0.0007295406018795231,50
wcf_sensitivity_v1_align_null,SYM-ALIGN-NULL,1000,25,10,plugin_tcate_rmse,TCATE-K-grid_skewness,"plugin functional contrast; RMSE over four strata of X1 with edges (-0.5, 0.0, 0.5)",causal_drf,drf,1.7059726143435905e-18,4.920540812581705e-19,7.415466150775764e-19,2.6703986136096044e-18,50
wcf_sensitivity_v1_align_null,SYM-ALIGN-NULL,1000,25,10,plugin_tcate_rmse,TCATE-K-grid_skewness,"plugin functional contrast; RMSE over four strata of X1 with edges (-0.5, 0.0, 0.5)",cwdb_dr,drf,0.0011966523657659434,0.0002383223285134788,0.000729540601879525,0.0016637641296523618,50
wcf_sensitivity_v1_align_null,SYM-ALIGN-NULL,1000,25,10,plugin_tcate_rmse,TCATE-K-grid_upper_tail_mean,"plugin functional contrast; RMSE over four strata of X1 with edges (-0.5, 0.0, 0.5)",causal_drf,cwdb_dr,0.1281278171179258,0.003121480514526593,0.12200971530945369,0.13424591892639792,50
wcf_sensitivity_v1_align_null,SYM-ALIGN-NULL,1000,25,10,plugin_tcate_rmse,TCATE-K-grid_upper_tail_mean,"plugin functional contrast; RMSE over four strata of X1 with edges (-0.5, 0.0, 0.5)",causal_drf,drf,0.03384776775514496,0.0018439173991784536,0.03023368965275519,0.03746184585753473,50
wcf_sensitivity_v1_align_null,SYM-ALIGN-NULL,1000,25,10,plugin_tcate_rmse,TCATE-K-grid_upper_tail_mean,"plugin functional contrast; RMSE over four strata of X1 with edges (-0.5, 0.0, 0.5)",cwdb_dr,drf,-0.09428004936278085,0.0029421424858321176,-0.10004664863501181,-0.0885134500905499,50
wcf_sensitivity_v1_align_null,SYM-IRREL-NULL,500,25,10,aipw_reference_tate_abs_error,REF-ATE-K,aipw reference contrast; marginal absolute error,causal_drf,cwdb_dr,0.0023794536089250355,0.002660897873014781,-0.0028359062221839345,0.0075948134400340055,50
wcf_sensitivity_v1_align_null,SYM-IRREL-NULL,500,25,10,aipw_reference_tate_abs_error,REF-ATE-K,aipw reference contrast; marginal absolute error,causal_drf,drf,-0.00037331063137821877,0.000235593649366915,-0.0008350741841373721,8.845292138093464e-05,50
wcf_sensitivity_v1_align_null,SYM-IRREL-NULL,500,25,10,aipw_reference_tate_abs_error,REF-ATE-K,aipw reference contrast; marginal absolute error,cwdb_dr,drf,-0.0027527642403032543,0.0027565985646890376,-0.008155697427093767,0.002650168946487259,50
wcf_sensitivity_v1_align_null,SYM-IRREL-NULL,500,25,10,aipw_reference_tcate_rmse,REF-TCATE-K,"aipw reference contrast; RMSE over four strata of X1 with edges (-0.5, 0.0, 0.5)",causal_drf,cwdb_dr,0.009376713083979166,0.0026965211108688236,0.004091531706676272,0.01466189446128206,50
wcf_sensitivity_v1_align_null,SYM-IRREL-NULL,500,25,10,aipw_reference_tcate_rmse,REF-TCATE-K,"aipw reference contrast; RMSE over four strata of X1 with edges (-0.5, 0.0, 0.5)",causal_drf,drf,-0.001033028710372176,0.0002532263361819353,-0.0015293523292887693,-0.0005367050914555829,50
wcf_sensitivity_v1_align_null,SYM-IRREL-NULL,500,25,10,aipw_reference_tcate_rmse,REF-TCATE-K,"aipw reference contrast; RMSE over four strata of X1 with edges (-0.5, 0.0, 0.5)",cwdb_dr,drf,-0.010409741794351342,0.002771787481279318,-0.015842445257658804,-0.0049770383310438785,50
wcf_sensitivity_v1_align_null,SYM-IRREL-NULL,500,25,10,aipw_tate_abs_error,TATE-K-grid_mean,aipw functional contrast; marginal absolute error,causal_drf,cwdb_dr,0.00991250185296811,0.0032660118882624585,0.0035111185519736913,0.01631388515396253,50
wcf_sensitivity_v1_align_null,SYM-IRREL-NULL,500,25,10,aipw_tate_abs_error,TATE-K-grid_mean,aipw functional contrast; marginal absolute error,causal_drf,drf,0.0015212653554394565,0.0008308572309395427,-0.00010721481720204714,0.00314974552808096,50
wcf_sensitivity_v1_align_null,SYM-IRREL-NULL,500,25,10,aipw_tate_abs_error,TATE-K-grid_mean,aipw functional contrast; marginal absolute error,cwdb_dr,drf,-0.008391236497528654,0.0033782872272297114,-0.015012679462898887,-0.0017697935321584193,50
wcf_sensitivity_v1_align_null,SYM-IRREL-NULL,500,25,10,aipw_tate_abs_error,TATE-K-grid_sd,aipw functional contrast; marginal absolute error,causal_drf,cwdb_dr,0.0004842940198943012,0.00034874108707088524,-0.00019923851076463384,0.001167826550553236,50
wcf_sensitivity_v1_align_null,SYM-IRREL-NULL,500,25,10,aipw_tate_abs_error,TATE-K-grid_sd,aipw functional contrast; marginal absolute error,causal_drf,drf,-0.0001551883117543204,4.425792665369646e-05,-0.00024193384799556543,-6.844277551307534e-05,50
wcf_sensitivity_v1_align_null,SYM-IRREL-NULL,500,25,10,aipw_tate_abs_error,TATE-K-grid_sd,aipw functional contrast; marginal absolute error,cwdb_dr,drf,-0.0006394823316486216,0.0003625069759819717,-0.0013499960045732862,7.103134127604295e-05,50
wcf_sensitivity_v1_align_null,SYM-IRREL-NULL,500,25,10,aipw_tate_abs_error,TATE-K-grid_skewness,aipw functional contrast; marginal absolute error,causal_drf,cwdb_dr,-0.0010543476377327652,0.00010762604954494928,-0.0012652946948408658,-0.0008434005806246647,50
wcf_sensitivity_v1_align_null,SYM-IRREL-NULL,500,25,10,aipw_tate_abs_error,TATE-K-grid_skewness,aipw functional contrast; marginal absolute error,causal_drf,drf,1.9941383533589403e-19,1.540678043914225e-19,-1.0255906127129405e-19,5.013867319430821e-19,50
wcf_sensitivity_v1_align_null,SYM-IRREL-NULL,500,25,10,aipw_tate_abs_error,TATE-K-grid_skewness,aipw functional contrast; marginal absolute error,cwdb_dr,drf,0.0010543476377327654,0.0001076260495449493,0.0008434005806246648,0.001265294694840866,50
wcf_sensitivity_v1_align_null,SYM-IRREL-NULL,500,25,10,aipw_tate_abs_error,TATE-K-grid_upper_tail_mean,aipw functional contrast; marginal absolute error,causal_drf,cwdb_dr,0.00963621949327664,0.0031626812969657685,0.0034373641512237332,0.015835074835329546,50
wcf_sensitivity_v1_align_null,SYM-IRREL-NULL,500,25,10,aipw_tate_abs_error,TATE-K-grid_upper_tail_mean,aipw functional contrast; marginal absolute error,causal_drf,drf,0.0015446732645112218,0.0008183946936978886,-5.938033513663973e-05,0.0031487268641590834,50
wcf_sensitivity_v1_align_null,SYM-IRREL-NULL,500,25,10,aipw_tate_abs_error,TATE-K-grid_upper_tail_mean,aipw functional contrast; marginal absolute error,cwdb_dr,drf,-0.008091546228765418,0.0032477437585391004,-0.014457123995502055,-0.0017259684620287812,50
wcf_sensitivity_v1_align_null,SYM-IRREL-NULL,500,25,10,aipw_tcate_rmse,TCATE-K-grid_mean,"aipw functional contrast; RMSE over four strata of X1 with edges (-0.5, 0.0, 0.5)",causal_drf,cwdb_dr,0.021622399890366475,0.002934498599569944,0.015870782635209385,0.027374017145523566,50
wcf_sensitivity_v1_align_null,SYM-IRREL-NULL,500,25,10,aipw_tcate_rmse,TCATE-K-grid_mean,"aipw functional contrast; RMSE over four strata of X1 with edges (-0.5, 0.0, 0.5)",causal_drf,drf,0.00440283536559663,0.0011524713365246235,0.0021439915460083683,0.006661679185184892,50
wcf_sensitivity_v1_align_null,SYM-IRREL-NULL,500,25,10,aipw_tcate_rmse,TCATE-K-grid_mean,"aipw functional contrast; RMSE over four strata of X1 with edges (-0.5, 0.0, 0.5)",cwdb_dr,drf,-0.017219564524769845,0.0027646762200127925,-0.022638329915994918,-0.011800799133544773,50
wcf_sensitivity_v1_align_null,SYM-IRREL-NULL,500,25,10,aipw_tcate_rmse,TCATE-K-grid_sd,"aipw functional contrast; RMSE over four strata of X1 with edges (-0.5, 0.0, 0.5)",causal_drf,cwdb_dr,0.0014176153720397155,0.0005052441255087115,0.0004273368860426411,0.00240789385803679,50
wcf_sensitivity_v1_align_null,SYM-IRREL-NULL,500,25,10,aipw_tcate_rmse,TCATE-K-grid_sd,"aipw functional contrast; RMSE over four strata of X1 with edges (-0.5, 0.0, 0.5)",causal_drf,drf,-0.0010152758257764363,9.144876826500837e-05,-0.0011945154115758528,-0.0008360362399770199,50
wcf_sensitivity_v1_align_null,SYM-IRREL-NULL,500,25,10,aipw_tcate_rmse,TCATE-K-grid_sd,"aipw functional contrast; RMSE over four strata of X1 with edges (-0.5, 0.0, 0.5)",cwdb_dr,drf,-0.002432891197816152,0.0005493373819600473,-0.0035095924664578443,-0.0013561899291744592,50
wcf_sensitivity_v1_align_null,SYM-IRREL-NULL,500,25,10,aipw_tcate_rmse,TCATE-K-grid_skewness,"aipw functional contrast; RMSE over four strata of X1 with edges (-0.5, 0.0, 0.5)",causal_drf,cwdb_dr,-0.0022737506985446776,0.0001904020578292116,-0.002646938731889932,-0.0019005626651994228,50
wcf_sensitivity_v1_align_null,SYM-IRREL-NULL,500,25,10,aipw_tcate_rmse,TCATE-K-grid_skewness,"aipw functional contrast; RMSE over four strata of X1 with edges (-0.5, 0.0, 0.5)",causal_drf,drf,2.90557469999514e-19,1.6631257724982256e-19,-3.541518141013818e-20,6.165301214091662e-19,50
wcf_sensitivity_v1_align_null,SYM-IRREL-NULL,500,25,10,aipw_tcate_rmse,TCATE-K-grid_skewness,"aipw functional contrast; RMSE over four strata of X1 with edges (-0.5, 0.0, 0.5)",cwdb_dr,drf,0.002273750698544678,0.0001904020578292116,0.0019005626651994233,0.002646938731889933,50
wcf_sensitivity_v1_align_null,SYM-IRREL-NULL,500,25,10,aipw_tcate_rmse,TCATE-K-grid_upper_tail_mean,"aipw functional contrast; RMSE over four strata of X1 with edges (-0.5, 0.0, 0.5)",causal_drf,cwdb_dr,0.021995283804299395,0.00305540706549085,0.01600668595593733,0.02798388165266146,50
wcf_sensitivity_v1_align_null,SYM-IRREL-NULL,500,25,10,aipw_tcate_rmse,TCATE-K-grid_upper_tail_mean,"aipw functional contrast; RMSE over four strata of X1 with edges (-0.5, 0.0, 0.5)",causal_drf,drf,0.0042140652064643624,0.0011527115555269062,0.001954750557631626,0.006473379855297098,50
wcf_sensitivity_v1_align_null,SYM-IRREL-NULL,500,25,10,aipw_tcate_rmse,TCATE-K-grid_upper_tail_mean,"aipw functional contrast; RMSE over four strata of X1 with edges (-0.5, 0.0, 0.5)",cwdb_dr,drf,-0.017781218597835033,0.002918032486572802,-0.023500562271517724,-0.012061874924152342,50
wcf_sensitivity_v1_align_null,SYM-IRREL-NULL,500,25,10,barycenter_rmse,MEANQ-A-K,,causal_drf,cwdb_dr,0.13488114727367323,0.0018461620508268951,0.1312626696540525,0.13849962489329395,50
wcf_sensitivity_v1_align_null,SYM-IRREL-NULL,500,25,10,barycenter_rmse,MEANQ-A-K,,causal_drf,drf,0.03645914876923656,0.0013836955122755782,0.033747105565176426,0.039171191973296694,50
wcf_sensitivity_v1_align_null,SYM-IRREL-NULL,500,25,10,barycenter_rmse,MEANQ-A-K,,cwdb_dr,drf,-0.09842199850443667,0.0016470877826472445,-0.10165029055842527,-0.09519370645044807,50
wcf_sensitivity_v1_align_null,SYM-IRREL-NULL,500,25,10,mean_quantile_rmse,MEANQ-A-K,"arm contrast, the mandatory common target",causal_drf,cwdb_dr,-0.004246111579829556,0.008543858533610412,-0.020992074305705963,0.012499851146046851,50
wcf_sensitivity_v1_align_null,SYM-IRREL-NULL,500,25,10,mean_quantile_rmse,MEANQ-A-K,"arm contrast, the mandatory common target",causal_drf,drf,0.00607122518188824,0.0028292791945021475,0.0005258379606640313,0.011616612403112448,50
wcf_sensitivity_v1_align_null,SYM-IRREL-NULL,500,25,10,mean_quantile_rmse,MEANQ-A-K,"arm contrast, the mandatory common target",cwdb_dr,drf,0.010317336761717796,0.008195512865567646,-0.00574586845479479,0.026380541978230383,50
wcf_sensitivity_v1_align_null,SYM-IRREL-NULL,500,25,10,plugin_reference_tate_abs_error,REF-ATE-K,plugin reference contrast; marginal absolute error,causal_drf,cwdb_dr,0.011553867378395255,0.0018779625580576406,0.007873060764602278,0.015234673992188232,50
wcf_sensitivity_v1_align_null,SYM-IRREL-NULL,500,25,10,plugin_reference_tate_abs_error,REF-ATE-K,plugin reference contrast; marginal absolute error,causal_drf,drf,0.0009286786315579575,0.0007960927390540705,-0.0006316631369880207,0.002489020400103936,50
wcf_sensitivity_v1_align_null,SYM-IRREL-NULL,500,25,10,plugin_reference_tate_abs_error,REF-ATE-K,plugin reference contrast; marginal absolute error,cwdb_dr,drf,-0.010625188746837298,0.0017786447872096447,-0.0141113325297682,-0.007139044963906395,50
wcf_sensitivity_v1_align_null,SYM-IRREL-NULL,500,25,10,plugin_reference_tcate_rmse,REF-TCATE-K,"plugin reference contrast; RMSE over four strata of X1 with edges (-0.5, 0.0, 0.5)",causal_drf,cwdb_dr,0.009257898709802006,0.002592307839993075,0.004176975343415579,0.014338822076188432,50
wcf_sensitivity_v1_align_null,SYM-IRREL-NULL,500,25,10,plugin_reference_tcate_rmse,REF-TCATE-K,"plugin reference contrast; RMSE over four strata of X1 with edges (-0.5, 0.0, 0.5)",causal_drf,drf,-0.0013979317067635347,0.0008717776424462975,-0.0031066158859582777,0.0003107524724312084,50
wcf_sensitivity_v1_align_null,SYM-IRREL-NULL,500,25,10,plugin_reference_tcate_rmse,REF-TCATE-K,"plugin reference contrast; RMSE over four strata of X1 with edges (-0.5, 0.0, 0.5)",cwdb_dr,drf,-0.01065583041656554,0.0025276475768174285,-0.0156100196671277,-0.005701641166003381,50
wcf_sensitivity_v1_align_null,SYM-IRREL-NULL,500,25,10,plugin_tate_abs_error,TATE-K-grid_mean,plugin functional contrast; marginal absolute error,causal_drf,cwdb_dr,0.027516807468645585,0.003610366464109878,0.020440489198990226,0.034593125738300944,50
wcf_sensitivity_v1_align_null,SYM-IRREL-NULL,500,25,10,plugin_tate_abs_error,TATE-K-grid_mean,plugin functional contrast; marginal absolute error,causal_drf,drf,0.013707948107076082,0.0021500596865719835,0.009493831121394994,0.01792206509275717,50
wcf_sensitivity_v1_align_null,SYM-IRREL-NULL,500,25,10,plugin_tate_abs_error,TATE-K-grid_mean,plugin functional contrast; marginal absolute error,cwdb_dr,drf,-0.013808859361569503,0.003199926733345902,-0.020080715758927472,-0.007537002964211535,50
wcf_sensitivity_v1_align_null,SYM-IRREL-NULL,500,25,10,plugin_tate_abs_error,TATE-K-grid_sd,plugin functional contrast; marginal absolute error,causal_drf,cwdb_dr,0.001358318611925252,0.00036308888142527534,0.0006466644043317125,0.0020699728195187916,50
wcf_sensitivity_v1_align_null,SYM-IRREL-NULL,500,25,10,plugin_tate_abs_error,TATE-K-grid_sd,plugin functional contrast; marginal absolute error,causal_drf,drf,4.306961152486088e-05,0.00010276013477242594,-0.00015834025262909395,0.0002444794756788157,50
wcf_sensitivity_v1_align_null,SYM-IRREL-NULL,500,25,10,plugin_tate_abs_error,TATE-K-grid_sd,plugin functional contrast; marginal absolute error,cwdb_dr,drf,-0.0013152490004003912,0.0003657579042441842,-0.002032134492718992,-0.0005983635080817902,50
wcf_sensitivity_v1_align_null,SYM-IRREL-NULL,500,25,10,plugin_tate_abs_error,TATE-K-grid_skewness,plugin functional contrast; marginal absolute error,causal_drf,cwdb_dr,-0.0045738072697554,0.001020852180559504,-0.006574677543652028,-0.0025729369958587727,50
wcf_sensitivity_v1_align_null,SYM-IRREL-NULL,500,25,10,plugin_tate_abs_error,TATE-K-grid_skewness,plugin functional contrast; marginal absolute error,causal_drf,drf,-4.20202592973365e-19,5.807406241751031e-19,-1.5584542163565671e-18,7.180490304098371e-19,50
wcf_sensitivity_v1_align_null,SYM-IRREL-NULL,500,25,10,plugin_tate_abs_error,TATE-K-grid_skewness,plugin functional contrast; marginal absolute error,cwdb_dr,drf,0.0045738072697554,0.001020852180559504,0.0025729369958587727,0.006574677543652028,50
wcf_sensitivity_v1_align_null,SYM-IRREL-NULL,500,25,10,plugin_tate_abs_error,TATE-K-grid_upper_tail_mean,plugin functional contrast; marginal absolute error,causal_drf,cwdb_dr,0.027084035987442436,0.003668004921979135,0.019894746340363333,0.03427332563452154,50
wcf_sensitivity_v1_align_null,SYM-IRREL-NULL,500,25,10,plugin_tate_abs_error,TATE-K-grid_upper_tail_mean,plugin functional contrast; marginal absolute error,causal_drf,drf,0.013407999102676833,0.00215546809795024,0.009183281630694363,0.017632716574659302,50
wcf_sensitivity_v1_align_null,SYM-IRREL-NULL,500,25,10,plugin_tate_abs_error,TATE-K-grid_upper_tail_mean,plugin functional contrast; marginal absolute error,cwdb_dr,drf,-0.013676036884765604,0.003261846830139823,-0.020069256671839657,-0.007282817097691551,50
wcf_sensitivity_v1_align_null,SYM-IRREL-NULL,500,25,10,plugin_tcate_rmse,TCATE-K-grid_mean,"plugin functional contrast; RMSE over four strata of X1 with edges (-0.5, 0.0, 0.5)",causal_drf,cwdb_dr,0.024029432400748566,0.004018466951231806,0.016153237176334226,0.031905627625162906,50
wcf_sensitivity_v1_align_null,SYM-IRREL-NULL,500,25,10,plugin_tcate_rmse,TCATE-K-grid_mean,"plugin functional contrast; RMSE over four strata of X1 with edges (-0.5, 0.0, 0.5)",causal_drf,drf,0.00446305496570884,0.0028463921771558908,-0.0011158737015167057,0.010041983632934386,50
wcf_sensitivity_v1_align_null,SYM-IRREL-NULL,500,25,10,plugin_tcate_rmse,TCATE-K-grid_mean,"plugin functional contrast; RMSE over four strata of X1 with edges (-0.5, 0.0, 0.5)",cwdb_dr,drf,-0.019566377435039726,0.0036034119966409845,-0.026629064948456054,-0.012503689921623398,50
wcf_sensitivity_v1_align_null,SYM-IRREL-NULL,500,25,10,plugin_tcate_rmse,TCATE-K-grid_sd,"plugin functional contrast; RMSE over four strata of X1 with edges (-0.5, 0.0, 0.5)",causal_drf,cwdb_dr,0.00038113201616348,0.0004869202486565497,-0.0005732316712033573,0.0013354957035303172,50
wcf_sensitivity_v1_align_null,SYM-IRREL-NULL,500,25,10,plugin_tcate_rmse,TCATE-K-grid_sd,"plugin functional contrast; RMSE over four strata of X1 with edges (-0.5, 0.0, 0.5)",causal_drf,drf,-0.00012392035594217463,0.00010011934237076058,-0.0003201542669888654,7.23135551045161e-05,50
wcf_sensitivity_v1_align_null,SYM-IRREL-NULL,500,25,10,plugin_tcate_rmse,TCATE-K-grid_sd,"plugin functional contrast; RMSE over four strata of X1 with edges (-0.5, 0.0, 0.5)",cwdb_dr,drf,-0.0005050523721056546,0.0004920164753423229,-0.0014694046637766076,0.0004592999195652982,50
wcf_sensitivity_v1_align_null,SYM-IRREL-NULL,500,25,10,plugin_tcate_rmse,TCATE-K-grid_skewness,"plugin functional contrast; RMSE over four strata of X1 with edges (-0.5, 0.0, 0.5)",causal_drf,cwdb_dr,-0.004613967525710535,0.0010199286374876146,-0.00661302765518626,-0.0026149073962348107,50
wcf_sensitivity_v1_align_null,SYM-IRREL-NULL,500,25,10,plugin_tcate_rmse,TCATE-K-grid_skewness,"plugin functional contrast; RMSE over four strata of X1 with edges (-0.5, 0.0, 0.5)",causal_drf,drf,-1.2750033461461284e-18,6.00967028219625e-19,-2.452898721456593e-18,-9.710797083566345e-20,50
wcf_sensitivity_v1_align_null,SYM-IRREL-NULL,500,25,10,plugin_tcate_rmse,TCATE-K-grid_skewness,"plugin functional contrast; RMSE over four strata of X1 with edges (-0.5, 0.0, 0.5)",cwdb_dr,drf,0.004613967525710534,0.0010199286374876146,0.00261490739623481,0.006613027655186258,50
wcf_sensitivity_v1_align_null,SYM-IRREL-NULL,500,25,10,plugin_tcate_rmse,TCATE-K-grid_upper_tail_mean,"plugin functional contrast; RMSE over four strata of X1 with edges (-0.5, 0.0, 0.5)",causal_drf,cwdb_dr,0.02405704349676531,0.004023871161162596,0.01617025602088662,0.031943830972644,50
wcf_sensitivity_v1_align_null,SYM-IRREL-NULL,500,25,10,plugin_tcate_rmse,TCATE-K-grid_upper_tail_mean,"plugin functional contrast; RMSE over four strata of X1 with edges (-0.5, 0.0, 0.5)",causal_drf,drf,0.004194523427556766,0.0028415732495959806,-0.0013749601416513553,0.009764006996764888,50
wcf_sensitivity_v1_align_null,SYM-IRREL-NULL,500,25,10,plugin_tcate_rmse,TCATE-K-grid_upper_tail_mean,"plugin functional contrast; RMSE over four strata of X1 with edges (-0.5, 0.0, 0.5)",cwdb_dr,drf,-0.019862520069208543,0.0036268523737834663,-0.026971150721824138,-0.012753889416592949,50
wcf_sensitivity_v1_align_null,SYM-IRREL-NULL,1000,25,10,aipw_reference_tate_abs_error,REF-ATE-K,aipw reference contrast; marginal absolute error,causal_drf,cwdb_dr,0.001867423482509234,0.0015131090261534994,-0.0010982702087516246,0.0048331171737700926,50
wcf_sensitivity_v1_align_null,SYM-IRREL-NULL,1000,25,10,aipw_reference_tate_abs_error,REF-ATE-K,aipw reference contrast; marginal absolute error,causal_drf,drf,0.0002904580954661874,0.00017837259085768563,-5.915218261487643e-05,0.0006400683735472512,50
wcf_sensitivity_v1_align_null,SYM-IRREL-NULL,1000,25,10,aipw_reference_tate_abs_error,REF-ATE-K,aipw reference contrast; marginal absolute error,cwdb_dr,drf,-0.0015769653870430465,0.0014717080982179804,-0.004461513259550288,0.0013075824854641947,50
wcf_sensitivity_v1_align_null,SYM-IRREL-NULL,1000,25,10,aipw_reference_tcate_rmse,REF-TCATE-K,"aipw reference contrast; RMSE over four strata of X1 with edges (-0.5, 0.0, 0.5)",causal_drf,cwdb_dr,0.0044695198415841825,0.0020129631769924923,0.000524112014678898,0.008414927668489468,50
wcf_sensitivity_v1_align_null,SYM-IRREL-NULL,1000,25,10,aipw_reference_tcate_rmse,REF-TCATE-K,"aipw reference contrast; RMSE over four strata of X1 with edges (-0.5, 0.0, 0.5)",causal_drf,drf,0.00031950284707821935,0.00019776152298171974,-6.810973796595132e-05,0.0007071154321223901,50
wcf_sensitivity_v1_align_null,SYM-IRREL-NULL,1000,25,10,aipw_reference_tcate_rmse,REF-TCATE-K,"aipw reference contrast; RMSE over four strata of X1 with edges (-0.5, 0.0, 0.5)",cwdb_dr,drf,-0.004150016994505963,0.002001234177617472,-0.008072435982636208,-0.00022759800637571753,50
wcf_sensitivity_v1_align_null,SYM-IRREL-NULL,1000,25,10,aipw_tate_abs_error,TATE-K-grid_mean,aipw functional contrast; marginal absolute error,causal_drf,cwdb_dr,0.00576241489457429,0.00230737579823021,0.0012399583300430781,0.010284871459105501,50
wcf_sensitivity_v1_align_null,SYM-IRREL-NULL,1000,25,10,aipw_tate_abs_error,TATE-K-grid_mean,aipw functional contrast; marginal absolute error,causal_drf,drf,0.0006818437608328669,0.0009592544077675204,-0.001198294878391473,0.002561982400057207,50
wcf_sensitivity_v1_align_null,SYM-IRREL-NULL,1000,25,10,aipw_tate_abs_error,TATE-K-grid_mean,aipw functional contrast; marginal absolute error,cwdb_dr,drf,-0.005080571133741423,0.0020476158223902614,-0.009093898145626335,-0.0010672441218565112,50
wcf_sensitivity_v1_align_null,SYM-IRREL-NULL,1000,25,10,aipw_tate_abs_error,TATE-K-grid_sd,aipw functional contrast; marginal absolute error,causal_drf,cwdb_dr,-0.00022029895803941588,0.00025686620880953283,-0.0007237567273061002,0.00028315881122726845,50
wcf_sensitivity_v1_align_null,SYM-IRREL-NULL,1000,25,10,aipw_tate_abs_error,TATE-K-grid_sd,aipw functional contrast; marginal absolute error,causal_drf,drf,-0.00012339464043854354,3.1826906160045285e-05,-0.0001857753765122323,-6.101390436485478e-05,50
wcf_sensitivity_v1_align_null,SYM-IRREL-NULL,1000,25,10,aipw_tate_abs_error,TATE-K-grid_sd,aipw functional contrast; marginal absolute error,cwdb_dr,drf,9.690431760087234e-05,0.0002575821218770029,-0.00040795664127805335,0.000601765276479798,50
wcf_sensitivity_v1_align_null,SYM-IRREL-NULL,1000,25,10,aipw_tate_abs_error,TATE-K-grid_skewness,aipw functional contrast; marginal absolute error,causal_drf,cwdb_dr,-0.00041152685350921724,4.652884346929796e-05,-0.0005027233867090413,-0.00032033032030939323,50
wcf_sensitivity_v1_align_null,SYM-IRREL-NULL,1000,25,10,aipw_tate_abs_error,TATE-K-grid_skewness,aipw functional contrast; marginal absolute error,causal_drf,drf,-8.339382932812403e-20,9.703402910761056e-20,-2.735805263790407e-19,1.0679286772279264e-19,50
wcf_sensitivity_v1_align_null,SYM-IRREL-NULL,1000,25,10,aipw_tate_abs_error,TATE-K-grid_skewness,aipw functional contrast; marginal absolute error,cwdb_dr,drf,0.0004115268535092172,4.652884346929796e-05,0.0003203303203093932,0.0005027233867090411,50
wcf_sensitivity_v1_align_null,SYM-IRREL-NULL,1000,25,10,aipw_tate_abs_error,TATE-K-grid_upper_tail_mean,aipw functional contrast; marginal absolute error,causal_drf,cwdb_dr,0.005676353907022841,0.002349030445394936,0.0010722542340487664,0.010280453579996915,50
wcf_sensitivity_v1_align_null,SYM-IRREL-NULL,1000,25,10,aipw_tate_abs_error,TATE-K-grid_upper_tail_mean,aipw functional contrast; marginal absolute error,causal_drf,drf,0.0007035833086846965,0.0009644310638293335,-0.001186701576420797,0.00259386819379019,50
wcf_sensitivity_v1_align_null,SYM-IRREL-NULL,1000,25,10,aipw_tate_abs_error,TATE-K-grid_upper_tail_mean,aipw functional contrast; marginal absolute error,cwdb_dr,drf,-0.004972770598338144,0.0021147128298474437,-0.009117607744839135,-0.0008279334518371548,50
wcf_sensitivity_v1_align_null,SYM-IRREL-NULL,1000,25,10,aipw_tcate_rmse,TCATE-K-grid_mean,"aipw functional contrast; RMSE over four strata of X1 with edges (-0.5, 0.0, 0.5)",causal_drf,cwdb_dr,0.01130582322933335,0.0026164387209257284,0.006177603336318923,0.01643404312234778,50
wcf_sensitivity_v1_align_null,SYM-IRREL-NULL,1000,25,10,aipw_tcate_rmse,TCATE-K-grid_mean,"aipw functional contrast; RMSE over four strata of X1 with edges (-0.5, 0.0, 0.5)",causal_drf,drf,0.0031924450389745687,0.0008897989782373579,0.0014484390416293473,0.004936451036319791,50
wcf_sensitivity_v1_align_null,SYM-IRREL-NULL,1000,25,10,aipw_tcate_rmse,TCATE-K-grid_mean,"aipw functional contrast; RMSE over four strata of X1 with edges (-0.5, 0.0, 0.5)",cwdb_dr,drf,-0.008113378190358782,0.002382776820668114,-0.012783620758868285,-0.0034431356218492786,50
wcf_sensitivity_v1_align_null,SYM-IRREL-NULL,1000,25,10,aipw_tcate_rmse,TCATE-K-grid_sd,"aipw functional contrast; RMSE over four strata of X1 with edges (-0.5, 0.0, 0.5)",causal_drf,cwdb_dr,0.0014064881851114297,0.0002543455460107143,0.0009079709149304296,0.0019050054552924296,50
wcf_sensitivity_v1_align_null,SYM-IRREL-NULL,1000,25,10,aipw_tcate_rmse,TCATE-K-grid_sd,"aipw functional contrast; RMSE over four strata of X1 with edges (-0.5, 0.0, 0.5)",causal_drf,drf,-0.0007177761369613891,5.742945398449088e-05,-0.0008303378667709912,-0.000605214407151787,50
wcf_sensitivity_v1_align_null,SYM-IRREL-NULL,1000,25,10,aipw_tcate_rmse,TCATE-K-grid_sd,"aipw functional contrast; RMSE over four strata of X1 with edges (-0.5, 0.0, 0.5)",cwdb_dr,drf,-0.0021242643220728188,0.00027924668266176623,-0.0026715878200898806,-0.001576940824055757,50
wcf_sensitivity_v1_align_null,SYM-IRREL-NULL,1000,25,10,aipw_tcate_rmse,TCATE-K-grid_skewness,"aipw functional contrast; RMSE over four strata of X1 with edges (-0.5, 0.0, 0.5)",causal_drf,cwdb_dr,-0.0010197973177095386,6.766169389280129e-05,-0.001152414237739429,-0.0008871803976796481,50
wcf_sensitivity_v1_align_null,SYM-IRREL-NULL,1000,25,10,aipw_tcate_rmse,TCATE-K-grid_skewness,"aipw functional contrast; RMSE over four strata of X1 with edges (-0.5, 0.0, 0.5)",causal_drf,drf,3.1800701158446767e-20,1.0564327517630573e-19,-1.7526011818711246e-19,2.3886152050400597e-19,50
wcf_sensitivity_v1_align_null,SYM-IRREL-NULL,1000,25,10,aipw_tcate_rmse,TCATE-K-grid_skewness,"aipw functional contrast; RMSE over four strata of X1 with edges (-0.5, 0.0, 0.5)",cwdb_dr,drf,0.0010197973177095386,6.766169389280128e-05,0.0008871803976796481,0.001152414237739429,50
wcf_sensitivity_v1_align_null,SYM-IRREL-NULL,1000,25,10,aipw_tcate_rmse,TCATE-K-grid_upper_tail_mean,"aipw functional contrast; RMSE over four strata of X1 with edges (-0.5, 0.0, 0.5)",causal_drf,cwdb_dr,0.011297247543956224,0.002629529241410667,0.006143370230791317,0.01645112485712113,50
wcf_sensitivity_v1_align_null,SYM-IRREL-NULL,1000,25,10,aipw_tcate_rmse,TCATE-K-grid_upper_tail_mean,"aipw functional contrast; RMSE over four strata of X1 with edges (-0.5, 0.0, 0.5)",causal_drf,drf,0.0031702867297899104,0.0009003042505079013,0.001405690398794424,0.004934883060785397,50
wcf_sensitivity_v1_align_null,SYM-IRREL-NULL,1000,25,10,aipw_tcate_rmse,TCATE-K-grid_upper_tail_mean,"aipw functional contrast; RMSE over four strata of X1 with edges (-0.5, 0.0, 0.5)",cwdb_dr,drf,-0.008126960814166313,0.002414110643745958,-0.012858617675908391,-0.0033953039524242355,50
wcf_sensitivity_v1_align_null,SYM-IRREL-NULL,1000,25,10,barycenter_rmse,MEANQ-A-K,,causal_drf,cwdb_dr,0.1189114131671058,0.0016350206149253305,0.11570677276185215,0.12211605357235944,50
wcf_sensitivity_v1_align_null,SYM-IRREL-NULL,1000,25,10,barycenter_rmse,MEANQ-A-K,,causal_drf,drf,0.03914539300493311,0.0010551855393156771,0.037077229347874385,0.041213556661991835,50
wcf_sensitivity_v1_align_null,SYM-IRREL-NULL,1000,25,10,barycenter_rmse,MEANQ-A-K,,cwdb_dr,drf,-0.07976602016217268,0.0012035467398367587,-0.08212497177225273,-0.07740706855209264,50
wcf_sensitivity_v1_align_null,SYM-IRREL-NULL,1000,25,10,mean_quantile_rmse,MEANQ-A-K,"arm contrast, the mandatory common target",causal_drf,cwdb_dr,0.0018744770776632988,0.006327645110186151,-0.010527707338301556,0.014276661493628153,50
wcf_sensitivity_v1_align_null,SYM-IRREL-NULL,1000,25,10,mean_quantile_rmse,MEANQ-A-K,"arm contrast, the mandatory common target",causal_drf,drf,-0.0005250608210269764,0.002234286632135478,-0.004904262620012513,0.0038541409779585603,50
wcf_sensitivity_v1_align_null,SYM-IRREL-NULL,1000,25,10,mean_quantile_rmse,MEANQ-A-K,"arm contrast, the mandatory common target",cwdb_dr,drf,-0.002399537898690275,0.006182506355127801,-0.014517250354740765,0.009718174557360215,50
wcf_sensitivity_v1_align_null,SYM-IRREL-NULL,1000,25,10,plugin_reference_tate_abs_error,REF-ATE-K,plugin reference contrast; marginal absolute error,causal_drf,cwdb_dr,0.006928968505662377,0.0013095487176644487,0.004362253019040058,0.009495683992284697,50
wcf_sensitivity_v1_align_null,SYM-IRREL-NULL,1000,25,10,plugin_reference_tate_abs_error,REF-ATE-K,plugin reference contrast; marginal absolute error,causal_drf,drf,0.0009507989529176607,0.0006575665991709504,-0.0003380315814574021,0.0022396294872927235,50
wcf_sensitivity_v1_align_null,SYM-IRREL-NULL,1000,25,10,plugin_reference_tate_abs_error,REF-ATE-K,plugin reference contrast; marginal absolute error,cwdb_dr,drf,-0.0059781695527447165,0.0012116224500245175,-0.008352949554792771,-0.003603389550696662,50
wcf_sensitivity_v1_align_null,SYM-IRREL-NULL,1000,25,10,plugin_reference_tcate_rmse,REF-TCATE-K,"plugin reference contrast; RMSE over four strata of X1 with edges (-0.5, 0.0, 0.5)",causal_drf,cwdb_dr,0.005711336645090614,0.0014396848054172907,0.0028895544264727242,0.008533118863708503,50
wcf_sensitivity_v1_align_null,SYM-IRREL-NULL,1000,25,10,plugin_reference_tcate_rmse,REF-TCATE-K,"plugin reference contrast; RMSE over four strata of X1 with edges (-0.5, 0.0, 0.5)",causal_drf,drf,-0.002428412848999993,0.0009390452797788586,-0.004268941597366556,-0.0005878841006334303,50
wcf_sensitivity_v1_align_null,SYM-IRREL-NULL,1000,25,10,plugin_reference_tcate_rmse,REF-TCATE-K,"plugin reference contrast; RMSE over four strata of X1 with edges (-0.5, 0.0, 0.5)",cwdb_dr,drf,-0.008139749494090607,0.0014885343121256154,-0.011057276745856813,-0.0052222222423244005,50
wcf_sensitivity_v1_align_null,SYM-IRREL-NULL,1000,25,10,plugin_tate_abs_error,TATE-K-grid_mean,plugin functional contrast; marginal absolute error,causal_drf,cwdb_dr,0.01485009873246668,0.0029180212203789605,0.009130777140523919,0.020569420324409442,50
wcf_sensitivity_v1_align_null,SYM-IRREL-NULL,1000,25,10,plugin_tate_abs_error,TATE-K-grid_mean,plugin functional contrast; marginal absolute error,causal_drf,drf,0.007468477982621267,0.0016637333032532174,0.004207560708244961,0.010729395256997572,50
wcf_sensitivity_v1_align_null,SYM-IRREL-NULL,1000,25,10,plugin_tate_abs_error,TATE-K-grid_mean,plugin functional contrast; marginal absolute error,cwdb_dr,drf,-0.007381620749845413,0.0020078620865058533,-0.011317030439396886,-0.003446211060293941,50
wcf_sensitivity_v1_align_null,SYM-IRREL-NULL,1000,25,10,plugin_tate_abs_error,TATE-K-grid_sd,plugin functional contrast; marginal absolute error,causal_drf,cwdb_dr,0.0012031243272163377,0.00033079070728456227,0.0005547745409385956,0.0018514741134940797,50
wcf_sensitivity_v1_align_null,SYM-IRREL-NULL,1000,25,10,plugin_tate_abs_error,TATE-K-grid_sd,plugin functional contrast; marginal absolute error,causal_drf,drf,0.0002005766446478898,0.00014081244820909295,-7.541575384193235e-05,0.000476569043137712,50
wcf_sensitivity_v1_align_null,SYM-IRREL-NULL,1000,25,10,plugin_tate_abs_error,TATE-K-grid_sd,plugin functional contrast; marginal absolute error,cwdb_dr,drf,-0.0010025476825684478,0.00033075979979940967,-0.0016508368901752908,-0.00035425847496160486,50
wcf_sensitivity_v1_align_null,SYM-IRREL-NULL,1000,25,10,plugin_tate_abs_error,TATE-K-grid_skewness,plugin functional contrast; marginal absolute error,causal_drf,cwdb_dr,-0.010545267850733465,0.004025674811241903,-0.018435590480767594,-0.0026549452206993344,50
wcf_sensitivity_v1_align_null,SYM-IRREL-NULL,1000,25,10,plugin_tate_abs_error,TATE-K-grid_skewness,plugin functional contrast; marginal absolute error,causal_drf,drf,2.1470054509569264e-19,5.523554908028316e-19,-8.679162168778574e-19,1.2973173070692427e-18,50
wcf_sensitivity_v1_align_null,SYM-IRREL-NULL,1000,25,10,plugin_tate_abs_error,TATE-K-grid_skewness,plugin functional contrast; marginal absolute error,cwdb_dr,drf,0.010545267850733465,0.004025674811241903,0.0026549452206993344,0.018435590480767594,50
wcf_sensitivity_v1_align_null,SYM-IRREL-NULL,1000,25,10,plugin_tate_abs_error,TATE-K-grid_upper_tail_mean,plugin functional contrast; marginal absolute error,causal_drf,cwdb_dr,0.014473856385636958,0.002842242779023933,0.008903060538750049,0.020044652232523868,50
wcf_sensitivity_v1_align_null,SYM-IRREL-NULL,1000,25,10,plugin_tate_abs_error,TATE-K-grid_upper_tail_mean,plugin functional contrast; marginal absolute error,causal_drf,drf,0.007477991867270804,0.0016373624436900227,0.004268761477638359,0.010687222256903248,50
wcf_sensitivity_v1_align_null,SYM-IRREL-NULL,1000,25,10,plugin_tate_abs_error,TATE-K-grid_upper_tail_mean,plugin functional contrast; marginal absolute error,cwdb_dr,drf,-0.006995864518366155,0.001996967678265642,-0.010909921167766814,-0.0030818078689654966,50
wcf_sensitivity_v1_align_null,SYM-IRREL-NULL,1000,25,10,plugin_tcate_rmse,TCATE-K-grid_mean,"plugin functional contrast; RMSE over four strata of X1 with edges (-0.5, 0.0, 0.5)",causal_drf,cwdb_dr,0.014617408490349,0.0027133511851608638,0.009299240167433706,0.019935576813264293,50
wcf_sensitivity_v1_align_null,SYM-IRREL-NULL,1000,25,10,plugin_tcate_rmse,TCATE-K-grid_mean,"plugin functional contrast; RMSE over four strata of X1 with edges (-0.5, 0.0, 0.5)",causal_drf,drf,0.001175265284799859,0.0018244184439717413,-0.0024005948653847537,0.004751125434984472,50
wcf_sensitivity_v1_align_null,SYM-IRREL-NULL,1000,25,10,plugin_tcate_rmse,TCATE-K-grid_mean,"plugin functional contrast; RMSE over four strata of X1 with edges (-0.5, 0.0, 0.5)",cwdb_dr,drf,-0.01344214320554914,0.0018184069449193572,-0.01700622081759108,-0.0098780655935072,50
wcf_sensitivity_v1_align_null,SYM-IRREL-NULL,1000,25,10,plugin_tcate_rmse,TCATE-K-grid_sd,"plugin functional contrast; RMSE over four strata of X1 with edges (-0.5, 0.0, 0.5)",causal_drf,cwdb_dr,0.0011835812101625418,0.00027595446327389784,0.0006427104621457021,0.0017244519581793814,50
wcf_sensitivity_v1_align_null,SYM-IRREL-NULL,1000,25,10,plugin_tcate_rmse,TCATE-K-grid_sd,"plugin functional contrast; RMSE over four strata of X1 with edges (-0.5, 0.0, 0.5)",causal_drf,drf,-0.00013294240665618663,0.00015219279591891373,-0.00043124028665725755,0.0001653554733448843,50
wcf_sensitivity_v1_align_null,SYM-IRREL-NULL,1000,25,10,plugin_tcate_rmse,TCATE-K-grid_sd,"plugin functional contrast; RMSE over four strata of X1 with edges (-0.5, 0.0, 0.5)",cwdb_dr,drf,-0.0013165236168187285,0.0003115082855200878,-0.0019270798564381005,-0.0007059673771993563,50
wcf_sensitivity_v1_align_null,SYM-IRREL-NULL,1000,25,10,plugin_tcate_rmse,TCATE-K-grid_skewness,"plugin functional contrast; RMSE over four strata of X1 with edges (-0.5, 0.0, 0.5)",causal_drf,cwdb_dr,-0.010570322614311541,0.00401533397967103,-0.018440377214466758,-0.0027002680141563224,50
wcf_sensitivity_v1_align_null,SYM-IRREL-NULL,1000,25,10,plugin_tcate_rmse,TCATE-K-grid_skewness,"plugin functional contrast; RMSE over four strata of X1 with edges (-0.5, 0.0, 0.5)",causal_drf,drf,-7.662798733689252e-19,5.373832013577511e-19,-1.8195509480301174e-18,2.8699120129226694e-19,50
wcf_sensitivity_v1_align_null,SYM-IRREL-NULL,1000,25,10,plugin_tcate_rmse,TCATE-K-grid_skewness,"plugin functional contrast; RMSE over four strata of X1 with edges (-0.5, 0.0, 0.5)",cwdb_dr,drf,0.010570322614311541,0.00401533397967103,0.0027002680141563224,0.018440377214466758,50
wcf_sensitivity_v1_align_null,SYM-IRREL-NULL,1000,25,10,plugin_tcate_rmse,TCATE-K-grid_upper_tail_mean,"plugin functional contrast; RMSE over four strata of X1 with edges (-0.5, 0.0, 0.5)",causal_drf,cwdb_dr,0.014498459152395789,0.0026179135525284656,0.009367348589439996,0.019629569715351583,50
wcf_sensitivity_v1_align_null,SYM-IRREL-NULL,1000,25,10,plugin_tcate_rmse,TCATE-K-grid_upper_tail_mean,"plugin functional contrast; RMSE over four strata of X1 with edges (-0.5, 0.0, 0.5)",causal_drf,drf,0.0012035801287223827,0.0017600271247716081,-0.002246073035829969,0.004653233293274734,50
wcf_sensitivity_v1_align_null,SYM-IRREL-NULL,1000,25,10,plugin_tcate_rmse,TCATE-K-grid_upper_tail_mean,"plugin functional contrast; RMSE over four strata of X1 with edges (-0.5, 0.0, 0.5)",cwdb_dr,drf,-0.013294879023673406,0.001776234157821659,-0.016776297973003857,-0.009813460074342955,50
wcf_sensitivity_v1_flex,SYM-MU,500,25,10,aipw_reference_tate_abs_error,REF-ATE-K,aipw reference contrast; marginal absolute error,cwdb_dr_flex,cwdb_dr_oracle,0.0,0.0,0.0,0.0,50
wcf_sensitivity_v1_flex,SYM-MU,500,25,10,aipw_reference_tcate_rmse,REF-TCATE-K,"aipw reference contrast; RMSE over four strata of X1 with edges (-0.5, 0.0, 0.5)",cwdb_dr_flex,cwdb_dr_oracle,0.0,0.0,0.0,0.0,50
wcf_sensitivity_v1_flex,SYM-MU,500,25,10,aipw_tate_abs_error,TATE-K-grid_mean,aipw functional contrast; marginal absolute error,cwdb_dr_flex,cwdb_dr_oracle,0.0,0.0,0.0,0.0,50
wcf_sensitivity_v1_flex,SYM-MU,500,25,10,aipw_tate_abs_error,TATE-K-grid_sd,aipw functional contrast; marginal absolute error,cwdb_dr_flex,cwdb_dr_oracle,0.0,0.0,0.0,0.0,50
wcf_sensitivity_v1_flex,SYM-MU,500,25,10,aipw_tate_abs_error,TATE-K-grid_skewness,aipw functional contrast; marginal absolute error,cwdb_dr_flex,cwdb_dr_oracle,0.0,0.0,0.0,0.0,50
wcf_sensitivity_v1_flex,SYM-MU,500,25,10,aipw_tate_abs_error,TATE-K-grid_upper_tail_mean,aipw functional contrast; marginal absolute error,cwdb_dr_flex,cwdb_dr_oracle,0.0,0.0,0.0,0.0,50
wcf_sensitivity_v1_flex,SYM-MU,500,25,10,aipw_tcate_rmse,TCATE-K-grid_mean,"aipw functional contrast; RMSE over four strata of X1 with edges (-0.5, 0.0, 0.5)",cwdb_dr_flex,cwdb_dr_oracle,0.0,0.0,0.0,0.0,50
wcf_sensitivity_v1_flex,SYM-MU,500,25,10,aipw_tcate_rmse,TCATE-K-grid_sd,"aipw functional contrast; RMSE over four strata of X1 with edges (-0.5, 0.0, 0.5)",cwdb_dr_flex,cwdb_dr_oracle,0.0,0.0,0.0,0.0,50
wcf_sensitivity_v1_flex,SYM-MU,500,25,10,aipw_tcate_rmse,TCATE-K-grid_skewness,"aipw functional contrast; RMSE over four strata of X1 with edges (-0.5, 0.0, 0.5)",cwdb_dr_flex,cwdb_dr_oracle,0.0,0.0,0.0,0.0,50
wcf_sensitivity_v1_flex,SYM-MU,500,25,10,aipw_tcate_rmse,TCATE-K-grid_upper_tail_mean,"aipw functional contrast; RMSE over four strata of X1 with edges (-0.5, 0.0, 0.5)",cwdb_dr_flex,cwdb_dr_oracle,0.0,0.0,0.0,0.0,50
wcf_sensitivity_v1_flex,SYM-MU,500,25,10,barycenter_rmse,MEANQ-A-K,,cwdb_dr_flex,cwdb_dr_oracle,0.0,0.0,0.0,0.0,50
wcf_sensitivity_v1_flex,SYM-MU,500,25,10,mean_quantile_rmse,MEANQ-A-K,"arm contrast, the mandatory common target",cwdb_dr_flex,cwdb_dr_oracle,0.0,0.0,0.0,0.0,50
wcf_sensitivity_v1_flex,SYM-MU,500,25,10,plugin_reference_tate_abs_error,REF-ATE-K,plugin reference contrast; marginal absolute error,cwdb_dr_flex,cwdb_dr_oracle,0.0,0.0,0.0,0.0,50
wcf_sensitivity_v1_flex,SYM-MU,500,25,10,plugin_reference_tcate_rmse,REF-TCATE-K,"plugin reference contrast; RMSE over four strata of X1 with edges (-0.5, 0.0, 0.5)",cwdb_dr_flex,cwdb_dr_oracle,0.0,0.0,0.0,0.0,50
wcf_sensitivity_v1_flex,SYM-MU,500,25,10,plugin_tate_abs_error,TATE-K-grid_mean,plugin functional contrast; marginal absolute error,cwdb_dr_flex,cwdb_dr_oracle,0.0,0.0,0.0,0.0,50
wcf_sensitivity_v1_flex,SYM-MU,500,25,10,plugin_tate_abs_error,TATE-K-grid_sd,plugin functional contrast; marginal absolute error,cwdb_dr_flex,cwdb_dr_oracle,0.0,0.0,0.0,0.0,50
wcf_sensitivity_v1_flex,SYM-MU,500,25,10,plugin_tate_abs_error,TATE-K-grid_skewness,plugin functional contrast; marginal absolute error,cwdb_dr_flex,cwdb_dr_oracle,0.0,0.0,0.0,0.0,50
wcf_sensitivity_v1_flex,SYM-MU,500,25,10,plugin_tate_abs_error,TATE-K-grid_upper_tail_mean,plugin functional contrast; marginal absolute error,cwdb_dr_flex,cwdb_dr_oracle,0.0,0.0,0.0,0.0,50
wcf_sensitivity_v1_flex,SYM-MU,500,25,10,plugin_tcate_rmse,TCATE-K-grid_mean,"plugin functional contrast; RMSE over four strata of X1 with edges (-0.5, 0.0, 0.5)",cwdb_dr_flex,cwdb_dr_oracle,0.0,0.0,0.0,0.0,50
wcf_sensitivity_v1_flex,SYM-MU,500,25,10,plugin_tcate_rmse,TCATE-K-grid_sd,"plugin functional contrast; RMSE over four strata of X1 with edges (-0.5, 0.0, 0.5)",cwdb_dr_flex,cwdb_dr_oracle,0.0,0.0,0.0,0.0,50
wcf_sensitivity_v1_flex,SYM-MU,500,25,10,plugin_tcate_rmse,TCATE-K-grid_skewness,"plugin functional contrast; RMSE over four strata of X1 with edges (-0.5, 0.0, 0.5)",cwdb_dr_flex,cwdb_dr_oracle,0.0,0.0,0.0,0.0,50
wcf_sensitivity_v1_flex,SYM-MU,500,25,10,plugin_tcate_rmse,TCATE-K-grid_upper_tail_mean,"plugin functional contrast; RMSE over four strata of X1 with edges (-0.5, 0.0, 0.5)",cwdb_dr_flex,cwdb_dr_oracle,0.0,0.0,0.0,0.0,50
wcf_sensitivity_v1_flex,SYM-MU,1000,25,10,aipw_reference_tate_abs_error,REF-ATE-K,aipw reference contrast; marginal absolute error,cwdb_dr_flex,cwdb_dr_oracle,0.0,0.0,0.0,0.0,50
wcf_sensitivity_v1_flex,SYM-MU,1000,25,10,aipw_reference_tcate_rmse,REF-TCATE-K,"aipw reference contrast; RMSE over four strata of X1 with edges (-0.5, 0.0, 0.5)",cwdb_dr_flex,cwdb_dr_oracle,0.0,0.0,0.0,0.0,50
wcf_sensitivity_v1_flex,SYM-MU,1000,25,10,aipw_tate_abs_error,TATE-K-grid_mean,aipw functional contrast; marginal absolute error,cwdb_dr_flex,cwdb_dr_oracle,0.0,0.0,0.0,0.0,50
wcf_sensitivity_v1_flex,SYM-MU,1000,25,10,aipw_tate_abs_error,TATE-K-grid_sd,aipw functional contrast; marginal absolute error,cwdb_dr_flex,cwdb_dr_oracle,0.0,0.0,0.0,0.0,50
wcf_sensitivity_v1_flex,SYM-MU,1000,25,10,aipw_tate_abs_error,TATE-K-grid_skewness,aipw functional contrast; marginal absolute error,cwdb_dr_flex,cwdb_dr_oracle,0.0,0.0,0.0,0.0,50
wcf_sensitivity_v1_flex,SYM-MU,1000,25,10,aipw_tate_abs_error,TATE-K-grid_upper_tail_mean,aipw functional contrast; marginal absolute error,cwdb_dr_flex,cwdb_dr_oracle,0.0,0.0,0.0,0.0,50
wcf_sensitivity_v1_flex,SYM-MU,1000,25,10,aipw_tcate_rmse,TCATE-K-grid_mean,"aipw functional contrast; RMSE over four strata of X1 with edges (-0.5, 0.0, 0.5)",cwdb_dr_flex,cwdb_dr_oracle,0.0,0.0,0.0,0.0,50
wcf_sensitivity_v1_flex,SYM-MU,1000,25,10,aipw_tcate_rmse,TCATE-K-grid_sd,"aipw functional contrast; RMSE over four strata of X1 with edges (-0.5, 0.0, 0.5)",cwdb_dr_flex,cwdb_dr_oracle,0.0,0.0,0.0,0.0,50
wcf_sensitivity_v1_flex,SYM-MU,1000,25,10,aipw_tcate_rmse,TCATE-K-grid_skewness,"aipw functional contrast; RMSE over four strata of X1 with edges (-0.5, 0.0, 0.5)",cwdb_dr_flex,cwdb_dr_oracle,0.0,0.0,0.0,0.0,50
wcf_sensitivity_v1_flex,SYM-MU,1000,25,10,aipw_tcate_rmse,TCATE-K-grid_upper_tail_mean,"aipw functional contrast; RMSE over four strata of X1 with edges (-0.5, 0.0, 0.5)",cwdb_dr_flex,cwdb_dr_oracle,0.0,0.0,0.0,0.0,50
wcf_sensitivity_v1_flex,SYM-MU,1000,25,10,barycenter_rmse,MEANQ-A-K,,cwdb_dr_flex,cwdb_dr_oracle,0.0,0.0,0.0,0.0,50
wcf_sensitivity_v1_flex,SYM-MU,1000,25,10,mean_quantile_rmse,MEANQ-A-K,"arm contrast, the mandatory common target",cwdb_dr_flex,cwdb_dr_oracle,0.0,0.0,0.0,0.0,50
wcf_sensitivity_v1_flex,SYM-MU,1000,25,10,plugin_reference_tate_abs_error,REF-ATE-K,plugin reference contrast; marginal absolute error,cwdb_dr_flex,cwdb_dr_oracle,0.0,0.0,0.0,0.0,50
wcf_sensitivity_v1_flex,SYM-MU,1000,25,10,plugin_reference_tcate_rmse,REF-TCATE-K,"plugin reference contrast; RMSE over four strata of X1 with edges (-0.5, 0.0, 0.5)",cwdb_dr_flex,cwdb_dr_oracle,0.0,0.0,0.0,0.0,50
wcf_sensitivity_v1_flex,SYM-MU,1000,25,10,plugin_tate_abs_error,TATE-K-grid_mean,plugin functional contrast; marginal absolute error,cwdb_dr_flex,cwdb_dr_oracle,0.0,0.0,0.0,0.0,50
wcf_sensitivity_v1_flex,SYM-MU,1000,25,10,plugin_tate_abs_error,TATE-K-grid_sd,plugin functional contrast; marginal absolute error,cwdb_dr_flex,cwdb_dr_oracle,0.0,0.0,0.0,0.0,50
wcf_sensitivity_v1_flex,SYM-MU,1000,25,10,plugin_tate_abs_error,TATE-K-grid_skewness,plugin functional contrast; marginal absolute error,cwdb_dr_flex,cwdb_dr_oracle,0.0,0.0,0.0,0.0,50
wcf_sensitivity_v1_flex,SYM-MU,1000,25,10,plugin_tate_abs_error,TATE-K-grid_upper_tail_mean,plugin functional contrast; marginal absolute error,cwdb_dr_flex,cwdb_dr_oracle,0.0,0.0,0.0,0.0,50
wcf_sensitivity_v1_flex,SYM-MU,1000,25,10,plugin_tcate_rmse,TCATE-K-grid_mean,"plugin functional contrast; RMSE over four strata of X1 with edges (-0.5, 0.0, 0.5)",cwdb_dr_flex,cwdb_dr_oracle,0.0,0.0,0.0,0.0,50
wcf_sensitivity_v1_flex,SYM-MU,1000,25,10,plugin_tcate_rmse,TCATE-K-grid_sd,"plugin functional contrast; RMSE over four strata of X1 with edges (-0.5, 0.0, 0.5)",cwdb_dr_flex,cwdb_dr_oracle,0.0,0.0,0.0,0.0,50
wcf_sensitivity_v1_flex,SYM-MU,1000,25,10,plugin_tcate_rmse,TCATE-K-grid_skewness,"plugin functional contrast; RMSE over four strata of X1 with edges (-0.5, 0.0, 0.5)",cwdb_dr_flex,cwdb_dr_oracle,0.0,0.0,0.0,0.0,50
wcf_sensitivity_v1_flex,SYM-MU,1000,25,10,plugin_tcate_rmse,TCATE-K-grid_upper_tail_mean,"plugin functional contrast; RMSE over four strata of X1 with edges (-0.5, 0.0, 0.5)",cwdb_dr_flex,cwdb_dr_oracle,0.0,0.0,0.0,0.0,50
wcf_sensitivity_v1_flex,SYM-NL,500,25,10,aipw_reference_tate_abs_error,REF-ATE-K,aipw reference contrast; marginal absolute error,cwdb_dr_flex,cwdb_dr_oracle,0.0,0.0,0.0,0.0,50
wcf_sensitivity_v1_flex,SYM-NL,500,25,10,aipw_reference_tcate_rmse,REF-TCATE-K,"aipw reference contrast; RMSE over four strata of X1 with edges (-0.5, 0.0, 0.5)",cwdb_dr_flex,cwdb_dr_oracle,0.0,0.0,0.0,0.0,50
wcf_sensitivity_v1_flex,SYM-NL,500,25,10,aipw_tate_abs_error,TATE-K-grid_mean,aipw functional contrast; marginal absolute error,cwdb_dr_flex,cwdb_dr_oracle,0.0,0.0,0.0,0.0,50
wcf_sensitivity_v1_flex,SYM-NL,500,25,10,aipw_tate_abs_error,TATE-K-grid_sd,aipw functional contrast; marginal absolute error,cwdb_dr_flex,cwdb_dr_oracle,0.0,0.0,0.0,0.0,50
wcf_sensitivity_v1_flex,SYM-NL,500,25,10,aipw_tate_abs_error,TATE-K-grid_skewness,aipw functional contrast; marginal absolute error,cwdb_dr_flex,cwdb_dr_oracle,0.0,0.0,0.0,0.0,50
wcf_sensitivity_v1_flex,SYM-NL,500,25,10,aipw_tate_abs_error,TATE-K-grid_upper_tail_mean,aipw functional contrast; marginal absolute error,cwdb_dr_flex,cwdb_dr_oracle,0.0,0.0,0.0,0.0,50
wcf_sensitivity_v1_flex,SYM-NL,500,25,10,aipw_tcate_rmse,TCATE-K-grid_mean,"aipw functional contrast; RMSE over four strata of X1 with edges (-0.5, 0.0, 0.5)",cwdb_dr_flex,cwdb_dr_oracle,0.0,0.0,0.0,0.0,50
wcf_sensitivity_v1_flex,SYM-NL,500,25,10,aipw_tcate_rmse,TCATE-K-grid_sd,"aipw functional contrast; RMSE over four strata of X1 with edges (-0.5, 0.0, 0.5)",cwdb_dr_flex,cwdb_dr_oracle,0.0,0.0,0.0,0.0,50
wcf_sensitivity_v1_flex,SYM-NL,500,25,10,aipw_tcate_rmse,TCATE-K-grid_skewness,"aipw functional contrast; RMSE over four strata of X1 with edges (-0.5, 0.0, 0.5)",cwdb_dr_flex,cwdb_dr_oracle,0.0,0.0,0.0,0.0,50
wcf_sensitivity_v1_flex,SYM-NL,500,25,10,aipw_tcate_rmse,TCATE-K-grid_upper_tail_mean,"aipw functional contrast; RMSE over four strata of X1 with edges (-0.5, 0.0, 0.5)",cwdb_dr_flex,cwdb_dr_oracle,0.0,0.0,0.0,0.0,50
wcf_sensitivity_v1_flex,SYM-NL,500,25,10,barycenter_rmse,MEANQ-A-K,,cwdb_dr_flex,cwdb_dr_oracle,0.0,0.0,0.0,0.0,50
wcf_sensitivity_v1_flex,SYM-NL,500,25,10,mean_quantile_rmse,MEANQ-A-K,"arm contrast, the mandatory common target",cwdb_dr_flex,cwdb_dr_oracle,0.0,0.0,0.0,0.0,50
wcf_sensitivity_v1_flex,SYM-NL,500,25,10,plugin_reference_tate_abs_error,REF-ATE-K,plugin reference contrast; marginal absolute error,cwdb_dr_flex,cwdb_dr_oracle,0.0,0.0,0.0,0.0,50
wcf_sensitivity_v1_flex,SYM-NL,500,25,10,plugin_reference_tcate_rmse,REF-TCATE-K,"plugin reference contrast; RMSE over four strata of X1 with edges (-0.5, 0.0, 0.5)",cwdb_dr_flex,cwdb_dr_oracle,0.0,0.0,0.0,0.0,50
wcf_sensitivity_v1_flex,SYM-NL,500,25,10,plugin_tate_abs_error,TATE-K-grid_mean,plugin functional contrast; marginal absolute error,cwdb_dr_flex,cwdb_dr_oracle,0.0,0.0,0.0,0.0,50
wcf_sensitivity_v1_flex,SYM-NL,500,25,10,plugin_tate_abs_error,TATE-K-grid_sd,plugin functional contrast; marginal absolute error,cwdb_dr_flex,cwdb_dr_oracle,0.0,0.0,0.0,0.0,50
wcf_sensitivity_v1_flex,SYM-NL,500,25,10,plugin_tate_abs_error,TATE-K-grid_skewness,plugin functional contrast; marginal absolute error,cwdb_dr_flex,cwdb_dr_oracle,0.0,0.0,0.0,0.0,50
wcf_sensitivity_v1_flex,SYM-NL,500,25,10,plugin_tate_abs_error,TATE-K-grid_upper_tail_mean,plugin functional contrast; marginal absolute error,cwdb_dr_flex,cwdb_dr_oracle,0.0,0.0,0.0,0.0,50
wcf_sensitivity_v1_flex,SYM-NL,500,25,10,plugin_tcate_rmse,TCATE-K-grid_mean,"plugin functional contrast; RMSE over four strata of X1 with edges (-0.5, 0.0, 0.5)",cwdb_dr_flex,cwdb_dr_oracle,0.0,0.0,0.0,0.0,50
wcf_sensitivity_v1_flex,SYM-NL,500,25,10,plugin_tcate_rmse,TCATE-K-grid_sd,"plugin functional contrast; RMSE over four strata of X1 with edges (-0.5, 0.0, 0.5)",cwdb_dr_flex,cwdb_dr_oracle,0.0,0.0,0.0,0.0,50
wcf_sensitivity_v1_flex,SYM-NL,500,25,10,plugin_tcate_rmse,TCATE-K-grid_skewness,"plugin functional contrast; RMSE over four strata of X1 with edges (-0.5, 0.0, 0.5)",cwdb_dr_flex,cwdb_dr_oracle,0.0,0.0,0.0,0.0,50
wcf_sensitivity_v1_flex,SYM-NL,500,25,10,plugin_tcate_rmse,TCATE-K-grid_upper_tail_mean,"plugin functional contrast; RMSE over four strata of X1 with edges (-0.5, 0.0, 0.5)",cwdb_dr_flex,cwdb_dr_oracle,0.0,0.0,0.0,0.0,50
wcf_sensitivity_v1_flex,SYM-NL,1000,25,10,aipw_reference_tate_abs_error,REF-ATE-K,aipw reference contrast; marginal absolute error,cwdb_dr_flex,cwdb_dr_oracle,0.0,0.0,0.0,0.0,50
wcf_sensitivity_v1_flex,SYM-NL,1000,25,10,aipw_reference_tcate_rmse,REF-TCATE-K,"aipw reference contrast; RMSE over four strata of X1 with edges (-0.5, 0.0, 0.5)",cwdb_dr_flex,cwdb_dr_oracle,0.0,0.0,0.0,0.0,50
wcf_sensitivity_v1_flex,SYM-NL,1000,25,10,aipw_tate_abs_error,TATE-K-grid_mean,aipw functional contrast; marginal absolute error,cwdb_dr_flex,cwdb_dr_oracle,0.0,0.0,0.0,0.0,50
wcf_sensitivity_v1_flex,SYM-NL,1000,25,10,aipw_tate_abs_error,TATE-K-grid_sd,aipw functional contrast; marginal absolute error,cwdb_dr_flex,cwdb_dr_oracle,0.0,0.0,0.0,0.0,50
wcf_sensitivity_v1_flex,SYM-NL,1000,25,10,aipw_tate_abs_error,TATE-K-grid_skewness,aipw functional contrast; marginal absolute error,cwdb_dr_flex,cwdb_dr_oracle,0.0,0.0,0.0,0.0,50
wcf_sensitivity_v1_flex,SYM-NL,1000,25,10,aipw_tate_abs_error,TATE-K-grid_upper_tail_mean,aipw functional contrast; marginal absolute error,cwdb_dr_flex,cwdb_dr_oracle,0.0,0.0,0.0,0.0,50
wcf_sensitivity_v1_flex,SYM-NL,1000,25,10,aipw_tcate_rmse,TCATE-K-grid_mean,"aipw functional contrast; RMSE over four strata of X1 with edges (-0.5, 0.0, 0.5)",cwdb_dr_flex,cwdb_dr_oracle,0.0,0.0,0.0,0.0,50
wcf_sensitivity_v1_flex,SYM-NL,1000,25,10,aipw_tcate_rmse,TCATE-K-grid_sd,"aipw functional contrast; RMSE over four strata of X1 with edges (-0.5, 0.0, 0.5)",cwdb_dr_flex,cwdb_dr_oracle,0.0,0.0,0.0,0.0,50
wcf_sensitivity_v1_flex,SYM-NL,1000,25,10,aipw_tcate_rmse,TCATE-K-grid_skewness,"aipw functional contrast; RMSE over four strata of X1 with edges (-0.5, 0.0, 0.5)",cwdb_dr_flex,cwdb_dr_oracle,0.0,0.0,0.0,0.0,50
wcf_sensitivity_v1_flex,SYM-NL,1000,25,10,aipw_tcate_rmse,TCATE-K-grid_upper_tail_mean,"aipw functional contrast; RMSE over four strata of X1 with edges (-0.5, 0.0, 0.5)",cwdb_dr_flex,cwdb_dr_oracle,0.0,0.0,0.0,0.0,50
wcf_sensitivity_v1_flex,SYM-NL,1000,25,10,barycenter_rmse,MEANQ-A-K,,cwdb_dr_flex,cwdb_dr_oracle,0.0,0.0,0.0,0.0,50
wcf_sensitivity_v1_flex,SYM-NL,1000,25,10,mean_quantile_rmse,MEANQ-A-K,"arm contrast, the mandatory common target",cwdb_dr_flex,cwdb_dr_oracle,0.0,0.0,0.0,0.0,50
wcf_sensitivity_v1_flex,SYM-NL,1000,25,10,plugin_reference_tate_abs_error,REF-ATE-K,plugin reference contrast; marginal absolute error,cwdb_dr_flex,cwdb_dr_oracle,0.0,0.0,0.0,0.0,50
wcf_sensitivity_v1_flex,SYM-NL,1000,25,10,plugin_reference_tcate_rmse,REF-TCATE-K,"plugin reference contrast; RMSE over four strata of X1 with edges (-0.5, 0.0, 0.5)",cwdb_dr_flex,cwdb_dr_oracle,0.0,0.0,0.0,0.0,50
wcf_sensitivity_v1_flex,SYM-NL,1000,25,10,plugin_tate_abs_error,TATE-K-grid_mean,plugin functional contrast; marginal absolute error,cwdb_dr_flex,cwdb_dr_oracle,0.0,0.0,0.0,0.0,50
wcf_sensitivity_v1_flex,SYM-NL,1000,25,10,plugin_tate_abs_error,TATE-K-grid_sd,plugin functional contrast; marginal absolute error,cwdb_dr_flex,cwdb_dr_oracle,0.0,0.0,0.0,0.0,50
wcf_sensitivity_v1_flex,SYM-NL,1000,25,10,plugin_tate_abs_error,TATE-K-grid_skewness,plugin functional contrast; marginal absolute error,cwdb_dr_flex,cwdb_dr_oracle,0.0,0.0,0.0,0.0,50
wcf_sensitivity_v1_flex,SYM-NL,1000,25,10,plugin_tate_abs_error,TATE-K-grid_upper_tail_mean,plugin functional contrast; marginal absolute error,cwdb_dr_flex,cwdb_dr_oracle,0.0,0.0,0.0,0.0,50
wcf_sensitivity_v1_flex,SYM-NL,1000,25,10,plugin_tcate_rmse,TCATE-K-grid_mean,"plugin functional contrast; RMSE over four strata of X1 with edges (-0.5, 0.0, 0.5)",cwdb_dr_flex,cwdb_dr_oracle,0.0,0.0,0.0,0.0,50
wcf_sensitivity_v1_flex,SYM-NL,1000,25,10,plugin_tcate_rmse,TCATE-K-grid_sd,"plugin functional contrast; RMSE over four strata of X1 with edges (-0.5, 0.0, 0.5)",cwdb_dr_flex,cwdb_dr_oracle,0.0,0.0,0.0,0.0,50
wcf_sensitivity_v1_flex,SYM-NL,1000,25,10,plugin_tcate_rmse,TCATE-K-grid_skewness,"plugin functional contrast; RMSE over four strata of X1 with edges (-0.5, 0.0, 0.5)",cwdb_dr_flex,cwdb_dr_oracle,0.0,0.0,0.0,0.0,50
wcf_sensitivity_v1_flex,SYM-NL,1000,25,10,plugin_tcate_rmse,TCATE-K-grid_upper_tail_mean,"plugin functional contrast; RMSE over four strata of X1 with edges (-0.5, 0.0, 0.5)",cwdb_dr_flex,cwdb_dr_oracle,0.0,0.0,0.0,0.0,50
wcf_sensitivity_v1_logit_f3,IC0,1000,5,10,aipw_reference_tate_abs_error,REF-ATE-K,aipw reference contrast; marginal absolute error,causal_drf,cwdb_dr,0.0011171853536076984,0.0017508275092491695,-0.0023144365645206737,0.0045488072717360705,50
wcf_sensitivity_v1_logit_f3,IC0,1000,5,10,aipw_reference_tate_abs_error,REF-ATE-K,aipw reference contrast; marginal absolute error,causal_drf,drf,-0.0006002819530379934,0.00041158346166540375,-0.0014069855379021847,0.00020642163182619795,50
wcf_sensitivity_v1_logit_f3,IC0,1000,5,10,aipw_reference_tate_abs_error,REF-ATE-K,aipw reference contrast; marginal absolute error,cwdb_dr,drf,-0.0017174673066456918,0.001967917107116116,-0.0055745848365932795,0.0021396502233018955,50
wcf_sensitivity_v1_logit_f3,IC0,1000,5,10,aipw_reference_tcate_rmse,REF-TCATE-K,"aipw reference contrast; RMSE over four strata of X1 with edges (-0.5, 0.0, 0.5)",causal_drf,cwdb_dr,0.013286686764812816,0.00235468712186231,0.008671500005962689,0.017901873523662945,50
wcf_sensitivity_v1_logit_f3,IC0,1000,5,10,aipw_reference_tcate_rmse,REF-TCATE-K,"aipw reference contrast; RMSE over four strata of X1 with edges (-0.5, 0.0, 0.5)",causal_drf,drf,-0.008121579345047841,0.0007550823025221587,-0.009601540657991273,-0.0066416180321044105,50
wcf_sensitivity_v1_logit_f3,IC0,1000,5,10,aipw_reference_tcate_rmse,REF-TCATE-K,"aipw reference contrast; RMSE over four strata of X1 with edges (-0.5, 0.0, 0.5)",cwdb_dr,drf,-0.021408266109860657,0.002821109044198092,-0.02693763983648892,-0.015878892383232396,50
wcf_sensitivity_v1_logit_f3,IC0,1000,5,10,aipw_tate_abs_error,TATE-K-grid_mean,aipw functional contrast; marginal absolute error,causal_drf,cwdb_dr,0.0008992653861240006,0.0017613315401140144,-0.0025529444324994674,0.004351475204747469,50
wcf_sensitivity_v1_logit_f3,IC0,1000,5,10,aipw_tate_abs_error,TATE-K-grid_mean,aipw functional contrast; marginal absolute error,causal_drf,drf,-0.0010244599298885916,0.0005000649652307434,-0.0020045872617408486,-4.4332598036334655e-05,50
wcf_sensitivity_v1_logit_f3,IC0,1000,5,10,aipw_tate_abs_error,TATE-K-grid_mean,aipw functional contrast; marginal absolute error,cwdb_dr,drf,-0.0019237253160125922,0.0019726354920655757,-0.00579009088046112,0.0019426402484359361,50
wcf_sensitivity_v1_logit_f3,IC0,1000,5,10,aipw_tate_abs_error,TATE-K-grid_sd,aipw functional contrast; marginal absolute error,causal_drf,cwdb_dr,-0.0006216986037619974,0.0007080708425869212,-0.002009517455232363,0.0007661202477083683,50
wcf_sensitivity_v1_logit_f3,IC0,1000,5,10,aipw_tate_abs_error,TATE-K-grid_sd,aipw functional contrast; marginal absolute error,causal_drf,drf,-4.277123050430362e-05,6.139919488256951e-05,-0.00016311365247413987,7.757119146553263e-05,50
wcf_sensitivity_v1_logit_f3,IC0,1000,5,10,aipw_tate_abs_error,TATE-K-grid_sd,aipw functional contrast; marginal absolute error,cwdb_dr,drf,0.0005789273732576938,0.0007331490478437934,-0.0008580447605161412,0.0020158995070315286,50
wcf_sensitivity_v1_logit_f3,IC0,1000,5,10,aipw_tate_abs_error,TATE-K-grid_skewness,aipw functional contrast; marginal absolute error,causal_drf,cwdb_dr,-0.0008564722098263486,0.0004465993446823492,-0.001731806925403753,1.886250575105575e-05,50
wcf_sensitivity_v1_logit_f3,IC0,1000,5,10,aipw_tate_abs_error,TATE-K-grid_skewness,aipw functional contrast; marginal absolute error,causal_drf,drf,-0.0003019241927459011,7.796407097747902e-05,-0.00045473377186175997,-0.00014911461363004226,50
wcf_sensitivity_v1_logit_f3,IC0,1000,5,10,aipw_tate_abs_error,TATE-K-grid_skewness,aipw functional contrast; marginal absolute error,cwdb_dr,drf,0.0005545480170804475,0.00045337926036779694,-0.00033407533324043446,0.0014431713674013294,50
wcf_sensitivity_v1_logit_f3,IC0,1000,5,10,aipw_tate_abs_error,TATE-K-grid_upper_tail_mean,aipw functional contrast; marginal absolute error,causal_drf,cwdb_dr,0.0003628515279253258,0.0019379048025958065,-0.0034354418851624546,0.004161144941013106,50
wcf_sensitivity_v1_logit_f3,IC0,1000,5,10,aipw_tate_abs_error,TATE-K-grid_upper_tail_mean,aipw functional contrast; marginal absolute error,causal_drf,drf,-0.0011815890945648007,0.0005177194300392398,-0.002196319177441711,-0.00016685901168789056,50
wcf_sensitivity_v1_logit_f3,IC0,1000,5,10,aipw_tate_abs_error,TATE-K-grid_upper_tail_mean,aipw functional contrast; marginal absolute error,cwdb_dr,drf,-0.0015444406224901265,0.002075696575304441,-0.005612805910086831,0.0025239246651065778,50
wcf_sensitivity_v1_logit_f3,IC0,1000,5,10,aipw_tcate_rmse,TCATE-K-grid_mean,"aipw functional contrast; RMSE over four strata of X1 with edges (-0.5, 0.0, 0.5)",causal_drf,cwdb_dr,0.015938712474600082,0.0026250451011114373,0.010793624076421666,0.0210838008727785,50
wcf_sensitivity_v1_logit_f3,IC0,1000,5,10,aipw_tcate_rmse,TCATE-K-grid_mean,"aipw functional contrast; RMSE over four strata of X1 with edges (-0.5, 0.0, 0.5)",causal_drf,drf,-0.00961022859552424,0.0009447427217787026,-0.011461924330210496,-0.007758532860837983,50
wcf_sensitivity_v1_logit_f3,IC0,1000,5,10,aipw_tcate_rmse,TCATE-K-grid_mean,"aipw functional contrast; RMSE over four strata of X1 with edges (-0.5, 0.0, 0.5)",cwdb_dr,drf,-0.02554894107012432,0.0032317964278274955,-0.031883262068666214,-0.01921462007158243,50
wcf_sensitivity_v1_logit_f3,IC0,1000,5,10,aipw_tcate_rmse,TCATE-K-grid_sd,"aipw functional contrast; RMSE over four strata of X1 with edges (-0.5, 0.0, 0.5)",causal_drf,cwdb_dr,-0.0015683303383598746,0.000793626029777176,-0.0031238373567231397,-1.2823319996609637e-05,50
wcf_sensitivity_v1_logit_f3,IC0,1000,5,10,aipw_tcate_rmse,TCATE-K-grid_sd,"aipw functional contrast; RMSE over four strata of X1 with edges (-0.5, 0.0, 0.5)",causal_drf,drf,-0.00014127279960812755,7.388837702524851e-05,-0.00028609401857761463,3.5484193613595223e-06,50
wcf_sensitivity_v1_logit_f3,IC0,1000,5,10,aipw_tcate_rmse,TCATE-K-grid_sd,"aipw functional contrast; RMSE over four strata of X1 with edges (-0.5, 0.0, 0.5)",cwdb_dr,drf,0.001427057538751747,0.0008204066114489366,-0.00018093941968816874,0.0030350544971916625,50
wcf_sensitivity_v1_logit_f3,IC0,1000,5,10,aipw_tcate_rmse,TCATE-K-grid_skewness,"aipw functional contrast; RMSE over four strata of X1 with edges (-0.5, 0.0, 0.5)",causal_drf,cwdb_dr,0.0007026731223428459,0.0006721955081714316,-0.00061483007367316,0.0020201763183588517,50
wcf_sensitivity_v1_logit_f3,IC0,1000,5,10,aipw_tcate_rmse,TCATE-K-grid_skewness,"aipw functional contrast; RMSE over four strata of X1 with edges (-0.5, 0.0, 0.5)",causal_drf,drf,-0.002117860008139929,0.00015749210912964216,-0.0024265445420340276,-0.0018091754742458302,50
wcf_sensitivity_v1_logit_f3,IC0,1000,5,10,aipw_tcate_rmse,TCATE-K-grid_skewness,"aipw functional contrast; RMSE over four strata of X1 with edges (-0.5, 0.0, 0.5)",cwdb_dr,drf,-0.002820533130482775,0.0007226671724997454,-0.0042369607885822756,-0.0014041054723832739,50
wcf_sensitivity_v1_logit_f3,IC0,1000,5,10,aipw_tcate_rmse,TCATE-K-grid_upper_tail_mean,"aipw functional contrast; RMSE over four strata of X1 with edges (-0.5, 0.0, 0.5)",causal_drf,cwdb_dr,0.01610644806270975,0.0027016725010476335,0.010811169960656387,0.021401726164763112,50
wcf_sensitivity_v1_logit_f3,IC0,1000,5,10,aipw_tcate_rmse,TCATE-K-grid_upper_tail_mean,"aipw functional contrast; RMSE over four strata of X1 with edges (-0.5, 0.0, 0.5)",causal_drf,drf,-0.009888006089712152,0.0009745984717369267,-0.011798219094316529,-0.007977793085107775,50
wcf_sensitivity_v1_logit_f3,IC0,1000,5,10,aipw_tcate_rmse,TCATE-K-grid_upper_tail_mean,"aipw functional contrast; RMSE over four strata of X1 with edges (-0.5, 0.0, 0.5)",cwdb_dr,drf,-0.0259944541524219,0.0033259848591212326,-0.03251338447629952,-0.019475523828544287,50
wcf_sensitivity_v1_logit_f3,IC0,1000,5,10,barycenter_rmse,MEANQ-A-K,,causal_drf,cwdb_dr,0.12877807934160734,0.001651836002401361,0.12554048077690066,0.13201567790631402,50
wcf_sensitivity_v1_logit_f3,IC0,1000,5,10,barycenter_rmse,MEANQ-A-K,,causal_drf,drf,-0.04785064544144102,0.0009721108608872908,-0.04975598272878011,-0.04594530815410193,50
wcf_sensitivity_v1_logit_f3,IC0,1000,5,10,barycenter_rmse,MEANQ-A-K,,cwdb_dr,drf,-0.17662872478304836,0.001570197180178353,-0.17970631125619793,-0.1735511383098988,50
wcf_sensitivity_v1_logit_f3,IC0,1000,5,10,mean_quantile_rmse,MEANQ-A-K,"arm contrast, the mandatory common target",causal_drf,cwdb_dr,0.1439822438746165,0.007752793092296456,0.12878676941371545,0.15917771833551755,50
wcf_sensitivity_v1_logit_f3,IC0,1000,5,10,mean_quantile_rmse,MEANQ-A-K,"arm contrast, the mandatory common target",causal_drf,drf,-0.01628038318976935,0.001833834904711117,-0.019874699603003136,-0.012686066776535559,50
wcf_sensitivity_v1_logit_f3,IC0,1000,5,10,mean_quantile_rmse,MEANQ-A-K,"arm contrast, the mandatory common target",cwdb_dr,drf,-0.16026262706438585,0.007603830802913701,-0.1751661354380967,-0.145359118690675,50
wcf_sensitivity_v1_logit_f3,IC0,1000,5,10,plugin_reference_tate_abs_error,REF-ATE-K,plugin reference contrast; marginal absolute error,causal_drf,cwdb_dr,0.14805595420599643,0.0030709040791927246,0.14203698221077868,0.15407492620121419,50
wcf_sensitivity_v1_logit_f3,IC0,1000,5,10,plugin_reference_tate_abs_error,REF-ATE-K,plugin reference contrast; marginal absolute error,causal_drf,drf,-0.00990074752173184,0.0017288639119578347,-0.013289320789169196,-0.006512174254294484,50
wcf_sensitivity_v1_logit_f3,IC0,1000,5,10,plugin_reference_tate_abs_error,REF-ATE-K,plugin reference contrast; marginal absolute error,cwdb_dr,drf,-0.15795670172772827,0.002627979811644981,-0.16310754215855244,-0.1528058612969041,50
wcf_sensitivity_v1_logit_f3,IC0,1000,5,10,plugin_reference_tcate_rmse,REF-TCATE-K,"plugin reference contrast; RMSE over four strata of X1 with edges (-0.5, 0.0, 0.5)",causal_drf,cwdb_dr,0.14732571711190015,0.003150285700463537,0.14115115713899162,0.15350027708480868,50
wcf_sensitivity_v1_logit_f3,IC0,1000,5,10,plugin_reference_tcate_rmse,REF-TCATE-K,"plugin reference contrast; RMSE over four strata of X1 with edges (-0.5, 0.0, 0.5)",causal_drf,drf,-0.009822611831874634,0.001732091740932837,-0.013217511644102994,-0.006427712019646273,50
wcf_sensitivity_v1_logit_f3,IC0,1000,5,10,plugin_reference_tcate_rmse,REF-TCATE-K,"plugin reference contrast; RMSE over four strata of X1 with edges (-0.5, 0.0, 0.5)",cwdb_dr,drf,-0.15714832894377478,0.002724117692198622,-0.1624875996204841,-0.15180905826706548,50
wcf_sensitivity_v1_logit_f3,IC0,1000,5,10,plugin_tate_abs_error,TATE-K-grid_mean,plugin functional contrast; marginal absolute error,causal_drf,cwdb_dr,0.1670260527553031,0.0034370416120364632,0.16028945119571164,0.17376265431489457,50
wcf_sensitivity_v1_logit_f3,IC0,1000,5,10,plugin_tate_abs_error,TATE-K-grid_mean,plugin functional contrast; marginal absolute error,causal_drf,drf,-0.011445700329951097,0.001932180621677434,-0.015232774348438869,-0.0076586263114633265,50
wcf_sensitivity_v1_logit_f3,IC0,1000,5,10,plugin_tate_abs_error,TATE-K-grid_mean,plugin functional contrast; marginal absolute error,cwdb_dr,drf,-0.1784717530852542,0.0029015014794412206,-0.184158695984959,-0.17278481018554942,50
wcf_sensitivity_v1_logit_f3,IC0,1000,5,10,plugin_tate_abs_error,TATE-K-grid_sd,plugin functional contrast; marginal absolute error,causal_drf,cwdb_dr,0.0016197678455950743,0.000906822236560197,-0.00015760373806291187,0.0033971394292530606,50
wcf_sensitivity_v1_logit_f3,IC0,1000,5,10,plugin_tate_abs_error,TATE-K-grid_sd,plugin functional contrast; marginal absolute error,causal_drf,drf,0.0003239389937653471,0.00019150854188756592,-5.141774833428207e-05,0.0006992957358649763,50
wcf_sensitivity_v1_logit_f3,IC0,1000,5,10,plugin_tate_abs_error,TATE-K-grid_sd,plugin functional contrast; marginal absolute error,cwdb_dr,drf,-0.0012958288518297272,0.0008893832169134523,-0.0030390199569800937,0.0004473622533206392,50
wcf_sensitivity_v1_logit_f3,IC0,1000,5,10,plugin_tate_abs_error,TATE-K-grid_skewness,plugin functional contrast; marginal absolute error,causal_drf,cwdb_dr,0.02835412307719961,0.001529236057052282,0.025356820405377137,0.03135142574902208,50
wcf_sensitivity_v1_logit_f3,IC0,1000,5,10,plugin_tate_abs_error,TATE-K-grid_skewness,plugin functional contrast; marginal absolute error,causal_drf,drf,-0.0019192463944008864,0.0005270502005987651,-0.002952264787574466,-0.0008862280012273069,50
wcf_sensitivity_v1_logit_f3,IC0,1000,5,10,plugin_tate_abs_error,TATE-K-grid_skewness,plugin functional contrast; marginal absolute error,cwdb_dr,drf,-0.030273369471600496,0.0015138308436768188,-0.03324047792520706,-0.02730626101799393,50
wcf_sensitivity_v1_logit_f3,IC0,1000,5,10,plugin_tate_abs_error,TATE-K-grid_upper_tail_mean,plugin functional contrast; marginal absolute error,causal_drf,cwdb_dr,0.16971259187906565,0.003565850550985918,0.16272352479913324,0.17670165895899806,50
wcf_sensitivity_v1_logit_f3,IC0,1000,5,10,plugin_tate_abs_error,TATE-K-grid_upper_tail_mean,plugin functional contrast; marginal absolute error,causal_drf,drf,-0.011922476973974167,0.0020135287849965254,-0.015868993392567355,-0.007975960555380978,50
wcf_sensitivity_v1_logit_f3,IC0,1000,5,10,plugin_tate_abs_error,TATE-K-grid_upper_tail_mean,plugin functional contrast; marginal absolute error,cwdb_dr,drf,-0.18163506885303982,0.0030301107351530135,-0.18757408589393973,-0.1756960518121399,50
wcf_sensitivity_v1_logit_f3,IC0,1000,5,10,plugin_tcate_rmse,TCATE-K-grid_mean,"plugin functional contrast; RMSE over four strata of X1 with edges (-0.5, 0.0, 0.5)",causal_drf,cwdb_dr,0.16623852325866278,0.0035187765648038677,0.15934172119164722,0.17313532532567835,50
wcf_sensitivity_v1_logit_f3,IC0,1000,5,10,plugin_tcate_rmse,TCATE-K-grid_mean,"plugin functional contrast; RMSE over four strata of X1 with edges (-0.5, 0.0, 0.5)",causal_drf,drf,-0.011378368354134721,0.0019364928408091597,-0.015173894322120674,-0.007582842386148769,50
wcf_sensitivity_v1_logit_f3,IC0,1000,5,10,plugin_tcate_rmse,TCATE-K-grid_mean,"plugin functional contrast; RMSE over four strata of X1 with edges (-0.5, 0.0, 0.5)",cwdb_dr,drf,-0.1776168916127975,0.0030027661912840177,-0.1835023133477142,-0.17173146987788082,50
wcf_sensitivity_v1_logit_f3,IC0,1000,5,10,plugin_tcate_rmse,TCATE-K-grid_sd,"plugin functional contrast; RMSE over four strata of X1 with edges (-0.5, 0.0, 0.5)",causal_drf,cwdb_dr,0.0009354722020477168,0.0008797519443339711,-0.0007888416088468663,0.0026597860129423,50
wcf_sensitivity_v1_logit_f3,IC0,1000,5,10,plugin_tcate_rmse,TCATE-K-grid_sd,"plugin functional contrast; RMSE over four strata of X1 with edges (-0.5, 0.0, 0.5)",causal_drf,drf,0.0005248895307919943,0.00019825839180693063,0.00013630308285041023,0.0009134759787335783,50
wcf_sensitivity_v1_logit_f3,IC0,1000,5,10,plugin_tcate_rmse,TCATE-K-grid_sd,"plugin functional contrast; RMSE over four strata of X1 with edges (-0.5, 0.0, 0.5)",cwdb_dr,drf,-0.0004105826712557225,0.0008656060734034041,-0.0021071705751263946,0.0012860052326149494,50
wcf_sensitivity_v1_logit_f3,IC0,1000,5,10,plugin_tcate_rmse,TCATE-K-grid_skewness,"plugin functional contrast; RMSE over four strata of X1 with edges (-0.5, 0.0, 0.5)",causal_drf,cwdb_dr,0.02819901661920204,0.001530922633642081,0.025198408257263563,0.031199624981140518,50
wcf_sensitivity_v1_logit_f3,IC0,1000,5,10,plugin_tcate_rmse,TCATE-K-grid_skewness,"plugin functional contrast; RMSE over four strata of X1 with edges (-0.5, 0.0, 0.5)",causal_drf,drf,-0.0019180771575987784,0.0005283364094683215,-0.0029536165201566886,-0.0008825377950408685,50
wcf_sensitivity_v1_logit_f3,IC0,1000,5,10,plugin_tcate_rmse,TCATE-K-grid_skewness,"plugin functional contrast; RMSE over four strata of X1 with edges (-0.5, 0.0, 0.5)",cwdb_dr,drf,-0.03011709377680082,0.001516321024057004,-0.03308908298395255,-0.02714510456964909,50
wcf_sensitivity_v1_logit_f3,IC0,1000,5,10,plugin_tcate_rmse,TCATE-K-grid_upper_tail_mean,"plugin functional contrast; RMSE over four strata of X1 with edges (-0.5, 0.0, 0.5)",causal_drf,cwdb_dr,0.16890104483521862,0.003609144298761548,0.161827122009646,0.17597496766079124,50
wcf_sensitivity_v1_logit_f3,IC0,1000,5,10,plugin_tcate_rmse,TCATE-K-grid_upper_tail_mean,"plugin functional contrast; RMSE over four strata of X1 with edges (-0.5, 0.0, 0.5)",causal_drf,drf,-0.011859806381989552,0.0020177066920618663,-0.01581451149843081,-0.007905101265548293,50
wcf_sensitivity_v1_logit_f3,IC0,1000,5,10,plugin_tcate_rmse,TCATE-K-grid_upper_tail_mean,"plugin functional contrast; RMSE over four strata of X1 with edges (-0.5, 0.0, 0.5)",cwdb_dr,drf,-0.18076085121720817,0.0030971547312096982,-0.18683127449037917,-0.17469042794403716,50
wcf_sensitivity_v1_logit_f3,IC0,1000,25,10,aipw_reference_tate_abs_error,REF-ATE-K,aipw reference contrast; marginal absolute error,causal_drf,cwdb_dr,0.002183674842700538,0.0015331576757544121,-0.0008213142017781099,0.005188663887179186,50
wcf_sensitivity_v1_logit_f3,IC0,1000,25,10,aipw_reference_tate_abs_error,REF-ATE-K,aipw reference contrast; marginal absolute error,causal_drf,drf,-0.00014123188714868992,0.00039078019886859555,-0.0009071610769311372,0.0006246973026337574,50
wcf_sensitivity_v1_logit_f3,IC0,1000,25,10,aipw_reference_tate_abs_error,REF-ATE-K,aipw reference contrast; marginal absolute error,cwdb_dr,drf,-0.0023249067298492278,0.0016902875783513316,-0.005637870383417837,0.000988056923719382,50
wcf_sensitivity_v1_logit_f3,IC0,1000,25,10,aipw_reference_tcate_rmse,REF-TCATE-K,"aipw reference contrast; RMSE over four strata of X1 with edges (-0.5, 0.0, 0.5)",causal_drf,cwdb_dr,0.01374499052203823,0.002313073190607804,0.009211367068446934,0.018278613975629528,50
wcf_sensitivity_v1_logit_f3,IC0,1000,25,10,aipw_reference_tcate_rmse,REF-TCATE-K,"aipw reference contrast; RMSE over four strata of X1 with edges (-0.5, 0.0, 0.5)",causal_drf,drf,-0.00693368775513508,0.0007951687126583626,-0.008492218431945472,-0.00537515707832469,50
wcf_sensitivity_v1_logit_f3,IC0,1000,25,10,aipw_reference_tcate_rmse,REF-TCATE-K,"aipw reference contrast; RMSE over four strata of X1 with edges (-0.5, 0.0, 0.5)",cwdb_dr,drf,-0.02067867827717331,0.0027795830466477017,-0.026126661048602805,-0.015230695505743816,50
wcf_sensitivity_v1_logit_f3,IC0,1000,25,10,aipw_tate_abs_error,TATE-K-grid_mean,aipw functional contrast; marginal absolute error,causal_drf,cwdb_dr,0.00277307019990752,0.001754420600618143,-0.0006655941773040398,0.00621173457711908,50
wcf_sensitivity_v1_logit_f3,IC0,1000,25,10,aipw_tate_abs_error,TATE-K-grid_mean,aipw functional contrast; marginal absolute error,causal_drf,drf,-0.0002564996633161766,0.00044337125547955913,-0.0011255073240561124,0.0006125079974237592,50
wcf_sensitivity_v1_logit_f3,IC0,1000,25,10,aipw_tate_abs_error,TATE-K-grid_mean,aipw functional contrast; marginal absolute error,cwdb_dr,drf,-0.0030295698632236967,0.0018956543332644548,-0.006745052356422028,0.0006859126299746344,50
wcf_sensitivity_v1_logit_f3,IC0,1000,25,10,aipw_tate_abs_error,TATE-K-grid_sd,aipw functional contrast; marginal absolute error,causal_drf,cwdb_dr,-0.00021424788174582814,0.0010056514051424506,-0.0021853246358250313,0.001756828872333375,50
wcf_sensitivity_v1_logit_f3,IC0,1000,25,10,aipw_tate_abs_error,TATE-K-grid_sd,aipw functional contrast; marginal absolute error,causal_drf,drf,-5.011073642737472e-05,6.0070492220160334e-05,-0.00016784890117888898,6.762742832413954e-05,50
wcf_sensitivity_v1_logit_f3,IC0,1000,25,10,aipw_tate_abs_error,TATE-K-grid_sd,aipw functional contrast; marginal absolute error,cwdb_dr,drf,0.00016413714531845341,0.001024313620437007,-0.00184351755073808,0.0021717918413749868,50
wcf_sensitivity_v1_logit_f3,IC0,1000,25,10,aipw_tate_abs_error,TATE-K-grid_skewness,aipw functional contrast; marginal absolute error,causal_drf,cwdb_dr,0.00019178308165950213,0.0006523154624257532,-0.001086755224694974,0.0014703213880139783,50
wcf_sensitivity_v1_logit_f3,IC0,1000,25,10,aipw_tate_abs_error,TATE-K-grid_skewness,aipw functional contrast; marginal absolute error,causal_drf,drf,-0.00023970385094764218,0.00017184833379323665,-0.000576526585182386,9.711888328710165e-05,50
wcf_sensitivity_v1_logit_f3,IC0,1000,25,10,aipw_tate_abs_error,TATE-K-grid_skewness,aipw functional contrast; marginal absolute error,cwdb_dr,drf,-0.0004314869326071443,0.0007341547722158107,-0.0018704302861501333,0.0010074564209358447,50
wcf_sensitivity_v1_logit_f3,IC0,1000,25,10,aipw_tate_abs_error,TATE-K-grid_upper_tail_mean,aipw functional contrast; marginal absolute error,causal_drf,cwdb_dr,0.0018262897649380591,0.0016781083518578746,-0.001462802604703375,0.005115382134579493,50
wcf_sensitivity_v1_logit_f3,IC0,1000,25,10,aipw_tate_abs_error,TATE-K-grid_upper_tail_mean,aipw functional contrast; marginal absolute error,causal_drf,drf,-0.0004534855892767073,0.0004212033461200914,-0.0012790441476720864,0.0003720729691186718,50
wcf_sensitivity_v1_logit_f3,IC0,1000,25,10,aipw_tate_abs_error,TATE-K-grid_upper_tail_mean,aipw functional contrast; marginal absolute error,cwdb_dr,drf,-0.0022797753542147664,0.001771894679760671,-0.005752688926545681,0.0011931382181161487,50
wcf_sensitivity_v1_logit_f3,IC0,1000,25,10,aipw_tcate_rmse,TCATE-K-grid_mean,"aipw functional contrast; RMSE over four strata of X1 with edges (-0.5, 0.0, 0.5)",causal_drf,cwdb_dr,0.018269593846105388,0.002862565960989459,0.012658964562566048,0.023880223129644728,50
wcf_sensitivity_v1_logit_f3,IC0,1000,25,10,aipw_tcate_rmse,TCATE-K-grid_mean,"aipw functional contrast; RMSE over four strata of X1 with edges (-0.5, 0.0, 0.5)",causal_drf,drf,-0.008309940484402367,0.0009167718034740455,-0.010106813219211495,-0.006513067749593238,50
wcf_sensitivity_v1_logit_f3,IC0,1000,25,10,aipw_tcate_rmse,TCATE-K-grid_mean,"aipw functional contrast; RMSE over four strata of X1 with edges (-0.5, 0.0, 0.5)",cwdb_dr,drf,-0.026579534330507755,0.00333161956492988,-0.03310950867777032,-0.02004955998324519,50
wcf_sensitivity_v1_logit_f3,IC0,1000,25,10,aipw_tcate_rmse,TCATE-K-grid_sd,"aipw functional contrast; RMSE over four strata of X1 with edges (-0.5, 0.0, 0.5)",causal_drf,cwdb_dr,-0.0006579858150230072,0.0009453560576892448,-0.002510883688093927,0.0011949120580479126,50
wcf_sensitivity_v1_logit_f3,IC0,1000,25,10,aipw_tcate_rmse,TCATE-K-grid_sd,"aipw functional contrast; RMSE over four strata of X1 with edges (-0.5, 0.0, 0.5)",causal_drf,drf,-0.00025767962911579095,9.273760910100953e-05,-0.00043944534295376966,-7.591391527781227e-05,50
wcf_sensitivity_v1_logit_f3,IC0,1000,25,10,aipw_tcate_rmse,TCATE-K-grid_sd,"aipw functional contrast; RMSE over four strata of X1 with edges (-0.5, 0.0, 0.5)",cwdb_dr,drf,0.0004003061859072163,0.000985137178615903,-0.0015305626841799534,0.0023311750559943858,50
wcf_sensitivity_v1_logit_f3,IC0,1000,25,10,aipw_tcate_rmse,TCATE-K-grid_skewness,"aipw functional contrast; RMSE over four strata of X1 with edges (-0.5, 0.0, 0.5)",causal_drf,cwdb_dr,0.007302768987959778,0.0010871702487711364,0.005171915300368351,0.009433622675551204,50
wcf_sensitivity_v1_logit_f3,IC0,1000,25,10,aipw_tcate_rmse,TCATE-K-grid_skewness,"aipw functional contrast; RMSE over four strata of X1 with edges (-0.5, 0.0, 0.5)",causal_drf,drf,-0.0029782146539531137,0.00027983924583051175,-0.0035266995757809168,-0.0024297297321253107,50
wcf_sensitivity_v1_logit_f3,IC0,1000,25,10,aipw_tcate_rmse,TCATE-K-grid_skewness,"aipw functional contrast; RMSE over four strata of X1 with edges (-0.5, 0.0, 0.5)",cwdb_dr,drf,-0.010280983641912891,0.001162371364735084,-0.012559231516793657,-0.008002735767032126,50
wcf_sensitivity_v1_logit_f3,IC0,1000,25,10,aipw_tcate_rmse,TCATE-K-grid_upper_tail_mean,"aipw functional contrast; RMSE over four strata of X1 with edges (-0.5, 0.0, 0.5)",causal_drf,cwdb_dr,0.017541921167310924,0.0028878555848595292,0.011881724220986246,0.0232021181136356,50
wcf_sensitivity_v1_logit_f3,IC0,1000,25,10,aipw_tcate_rmse,TCATE-K-grid_upper_tail_mean,"aipw functional contrast; RMSE over four strata of X1 with edges (-0.5, 0.0, 0.5)",causal_drf,drf,-0.007938959160428714,0.0008934133883293983,-0.009690049401554334,-0.006187868919303094,50
wcf_sensitivity_v1_logit_f3,IC0,1000,25,10,aipw_tcate_rmse,TCATE-K-grid_upper_tail_mean,"aipw functional contrast; RMSE over four strata of X1 with edges (-0.5, 0.0, 0.5)",cwdb_dr,drf,-0.02548088032773964,0.0033243457276441834,-0.031996597953922234,-0.01896516270155704,50
wcf_sensitivity_v1_logit_f3,IC0,1000,25,10,barycenter_rmse,MEANQ-A-K,,causal_drf,cwdb_dr,0.11979717553397348,0.0016081725984474857,0.11664515724101641,0.12294919382693055,50
wcf_sensitivity_v1_logit_f3,IC0,1000,25,10,barycenter_rmse,MEANQ-A-K,,causal_drf,drf,-0.04904069945263617,0.0009207505599033958,-0.05084537055004683,-0.047236028355225515,50
wcf_sensitivity_v1_logit_f3,IC0,1000,25,10,barycenter_rmse,MEANQ-A-K,,cwdb_dr,drf,-0.16883787498660965,0.0016807880174743357,-0.17213221950085936,-0.16554353047235995,50
wcf_sensitivity_v1_logit_f3,IC0,1000,25,10,mean_quantile_rmse,MEANQ-A-K,"arm contrast, the mandatory common target",causal_drf,cwdb_dr,0.15264167196844983,0.006728425705934318,0.13945395758481857,0.16582938635208108,50
wcf_sensitivity_v1_logit_f3,IC0,1000,25,10,mean_quantile_rmse,MEANQ-A-K,"arm contrast, the mandatory common target",causal_drf,drf,0.0010942621226288918,0.001594107449685155,-0.0020301884787540117,0.004218712724011795,50
wcf_sensitivity_v1_logit_f3,IC0,1000,25,10,mean_quantile_rmse,MEANQ-A-K,"arm contrast, the mandatory common target",cwdb_dr,drf,-0.15154740984582094,0.006653486791180499,-0.1645882439565347,-0.13850657573510716,50
wcf_sensitivity_v1_logit_f3,IC0,1000,25,10,plugin_reference_tate_abs_error,REF-ATE-K,plugin reference contrast; marginal absolute error,causal_drf,cwdb_dr,0.1520281004002157,0.0030876197447772544,0.14597636570045228,0.1580798350999791,50
wcf_sensitivity_v1_logit_f3,IC0,1000,25,10,plugin_reference_tate_abs_error,REF-ATE-K,plugin reference contrast; marginal absolute error,causal_drf,drf,0.005995310946944332,0.0013184908798183933,0.003411068822500281,0.008579553071388383,50
wcf_sensitivity_v1_logit_f3,IC0,1000,25,10,plugin_reference_tate_abs_error,REF-ATE-K,plugin reference contrast; marginal absolute error,cwdb_dr,drf,-0.14603278945327136,0.002828674064780096,-0.15157699062024035,-0.14048858828630237,50
wcf_sensitivity_v1_logit_f3,IC0,1000,25,10,plugin_reference_tcate_rmse,REF-TCATE-K,"plugin reference contrast; RMSE over four strata of X1 with edges (-0.5, 0.0, 0.5)",causal_drf,cwdb_dr,0.15085980419531037,0.0031685539970028017,0.14464943836118488,0.15707017002943585,50
wcf_sensitivity_v1_logit_f3,IC0,1000,25,10,plugin_reference_tcate_rmse,REF-TCATE-K,"plugin reference contrast; RMSE over four strata of X1 with edges (-0.5, 0.0, 0.5)",causal_drf,drf,0.006022505442998954,0.001316935172832989,0.003441312504246296,0.008603698381751613,50
wcf_sensitivity_v1_logit_f3,IC0,1000,25,10,plugin_reference_tcate_rmse,REF-TCATE-K,"plugin reference contrast; RMSE over four strata of X1 with edges (-0.5, 0.0, 0.5)",cwdb_dr,drf,-0.14483729875231138,0.0029050670950336514,-0.15053123025857734,-0.13914336724604542,50
wcf_sensitivity_v1_logit_f3,IC0,1000,25,10,plugin_tate_abs_error,TATE-K-grid_mean,plugin functional contrast; marginal absolute error,causal_drf,cwdb_dr,0.17855066430897337,0.003511102393562485,0.1716689036175909,0.18543242500035584,50
wcf_sensitivity_v1_logit_f3,IC0,1000,25,10,plugin_tate_abs_error,TATE-K-grid_mean,plugin functional contrast; marginal absolute error,causal_drf,drf,0.006963374005470868,0.001548750932463808,0.003927822177841805,0.009998925833099932,50
wcf_sensitivity_v1_logit_f3,IC0,1000,25,10,plugin_tate_abs_error,TATE-K-grid_mean,plugin functional contrast; marginal absolute error,cwdb_dr,drf,-0.1715872903035025,0.0030592944996696288,-0.17758350752285498,-0.16559107308415003,50
wcf_sensitivity_v1_logit_f3,IC0,1000,25,10,plugin_tate_abs_error,TATE-K-grid_sd,plugin functional contrast; marginal absolute error,causal_drf,cwdb_dr,0.008032486227469188,0.0014191020225216796,0.005251046263326696,0.01081392619161168,50
wcf_sensitivity_v1_logit_f3,IC0,1000,25,10,plugin_tate_abs_error,TATE-K-grid_sd,plugin functional contrast; marginal absolute error,causal_drf,drf,0.0008599693672157877,0.00024042745948496183,0.0003887315466252625,0.0013312071878063129,50
wcf_sensitivity_v1_logit_f3,IC0,1000,25,10,plugin_tate_abs_error,TATE-K-grid_sd,plugin functional contrast; marginal absolute error,cwdb_dr,drf,-0.0071725168602534,0.001360876143289193,-0.009839834101100219,-0.004505199619406581,50
wcf_sensitivity_v1_logit_f3,IC0,1000,25,10,plugin_tate_abs_error,TATE-K-grid_skewness,plugin functional contrast; marginal absolute error,causal_drf,cwdb_dr,0.06606468630871945,0.0010094008902971274,0.06408626056373708,0.06804311205370182,50
wcf_sensitivity_v1_logit_f3,IC0,1000,25,10,plugin_tate_abs_error,TATE-K-grid_skewness,plugin functional contrast; marginal absolute error,causal_drf,drf,0.005734888574031177,0.0008731065652082567,0.004023599706222994,0.00744617744183936,50
wcf_sensitivity_v1_logit_f3,IC0,1000,25,10,plugin_tate_abs_error,TATE-K-grid_skewness,plugin functional contrast; marginal absolute error,cwdb_dr,drf,-0.06032979773468827,0.0009859513087376874,-0.06226226229981414,-0.05839733316956241,50
wcf_sensitivity_v1_logit_f3,IC0,1000,25,10,plugin_tate_abs_error,TATE-K-grid_upper_tail_mean,plugin functional contrast; marginal absolute error,causal_drf,cwdb_dr,0.17773367893794517,0.003690432122855187,0.170500431977149,0.18496692589874134,50
wcf_sensitivity_v1_logit_f3,IC0,1000,25,10,plugin_tate_abs_error,TATE-K-grid_upper_tail_mean,plugin functional contrast; marginal absolute error,causal_drf,drf,0.0068838324413866,0.0015991585078332536,0.0037494817660334236,0.010018183116739778,50
wcf_sensitivity_v1_logit_f3,IC0,1000,25,10,plugin_tate_abs_error,TATE-K-grid_upper_tail_mean,plugin functional contrast; marginal absolute error,cwdb_dr,drf,-0.17084984649655857,0.003217034602028219,-0.17715523431653388,-0.16454445867658327,50
wcf_sensitivity_v1_logit_f3,IC0,1000,25,10,plugin_tcate_rmse,TCATE-K-grid_mean,"plugin functional contrast; RMSE over four strata of X1 with edges (-0.5, 0.0, 0.5)",causal_drf,cwdb_dr,0.17750485722529263,0.003575018864261484,0.17049782025134014,0.18451189419924513,50
wcf_sensitivity_v1_logit_f3,IC0,1000,25,10,plugin_tcate_rmse,TCATE-K-grid_mean,"plugin functional contrast; RMSE over four strata of X1 with edges (-0.5, 0.0, 0.5)",causal_drf,drf,0.006985877739896312,0.001546461588023219,0.003954813027370803,0.010016942452421821,50
wcf_sensitivity_v1_logit_f3,IC0,1000,25,10,plugin_tcate_rmse,TCATE-K-grid_mean,"plugin functional contrast; RMSE over four strata of X1 with edges (-0.5, 0.0, 0.5)",cwdb_dr,drf,-0.1705189794853963,0.0031199803984745186,-0.17663414106640635,-0.16440381790438624,50
wcf_sensitivity_v1_logit_f3,IC0,1000,25,10,plugin_tcate_rmse,TCATE-K-grid_sd,"plugin functional contrast; RMSE over four strata of X1 with edges (-0.5, 0.0, 0.5)",causal_drf,cwdb_dr,0.0066949643227698225,0.0014390458033379232,0.003874434548227493,0.009515494097312152,50
wcf_sensitivity_v1_logit_f3,IC0,1000,25,10,plugin_tcate_rmse,TCATE-K-grid_sd,"plugin functional contrast; RMSE over four strata of X1 with edges (-0.5, 0.0, 0.5)",causal_drf,drf,0.00101481016007577,0.00024354826029793838,0.0005374555698918109,0.0014921647502597292,50
wcf_sensitivity_v1_logit_f3,IC0,1000,25,10,plugin_tcate_rmse,TCATE-K-grid_sd,"plugin functional contrast; RMSE over four strata of X1 with edges (-0.5, 0.0, 0.5)",cwdb_dr,drf,-0.005680154162694052,0.0013978207228790736,-0.008419882779537036,-0.0029404255458510683,50
wcf_sensitivity_v1_logit_f3,IC0,1000,25,10,plugin_tcate_rmse,TCATE-K-grid_skewness,"plugin functional contrast; RMSE over four strata of X1 with edges (-0.5, 0.0, 0.5)",causal_drf,cwdb_dr,0.06562089593022634,0.0010167163462317635,0.06362813189161208,0.0676136599688406,50
wcf_sensitivity_v1_logit_f3,IC0,1000,25,10,plugin_tcate_rmse,TCATE-K-grid_skewness,"plugin functional contrast; RMSE over four strata of X1 with edges (-0.5, 0.0, 0.5)",causal_drf,drf,0.005728554689238066,0.0008740648584679058,0.004015387566640971,0.007441721811835162,50
wcf_sensitivity_v1_logit_f3,IC0,1000,25,10,plugin_tcate_rmse,TCATE-K-grid_skewness,"plugin functional contrast; RMSE over four strata of X1 with edges (-0.5, 0.0, 0.5)",cwdb_dr,drf,-0.05989234124098827,0.0009953396106580391,-0.06184320687787803,-0.057941475604098513,50
wcf_sensitivity_v1_logit_f3,IC0,1000,25,10,plugin_tcate_rmse,TCATE-K-grid_upper_tail_mean,"plugin functional contrast; RMSE over four strata of X1 with edges (-0.5, 0.0, 0.5)",causal_drf,cwdb_dr,0.17649469189899508,0.0037076780481618147,0.16922764292459794,0.18376174087339223,50
wcf_sensitivity_v1_logit_f3,IC0,1000,25,10,plugin_tcate_rmse,TCATE-K-grid_upper_tail_mean,"plugin functional contrast; RMSE over four strata of X1 with edges (-0.5, 0.0, 0.5)",causal_drf,drf,0.006916601119674681,0.0015964857225825209,0.0037874891034129403,0.010045713135936423,50
wcf_sensitivity_v1_logit_f3,IC0,1000,25,10,plugin_tcate_rmse,TCATE-K-grid_upper_tail_mean,"plugin functional contrast; RMSE over four strata of X1 with edges (-0.5, 0.0, 0.5)",cwdb_dr,drf,-0.1695780907793204,0.0032514822736812803,-0.17595099603573572,-0.16320518552290508,50
wcf_sensitivity_v1_logit_f3,IC0,1000,49,10,aipw_reference_tate_abs_error,REF-ATE-K,aipw reference contrast; marginal absolute error,causal_drf,cwdb_dr,0.0017168798591230723,0.0017453137787088648,-0.0017039351471463027,0.005137694865392447,50
wcf_sensitivity_v1_logit_f3,IC0,1000,49,10,aipw_reference_tate_abs_error,REF-ATE-K,aipw reference contrast; marginal absolute error,causal_drf,drf,-0.0004742138108476991,0.0004286868041681455,-0.0013144399470172642,0.000366012325321866,50
wcf_sensitivity_v1_logit_f3,IC0,1000,49,10,aipw_reference_tate_abs_error,REF-ATE-K,aipw reference contrast; marginal absolute error,cwdb_dr,drf,-0.0021910936699707714,0.001956748813262002,-0.006026321343964296,0.0016441340040227524,50
wcf_sensitivity_v1_logit_f3,IC0,1000,49,10,aipw_reference_tcate_rmse,REF-TCATE-K,"aipw reference contrast; RMSE over four strata of X1 with edges (-0.5, 0.0, 0.5)",causal_drf,cwdb_dr,0.012326062709017233,0.0021580080296098657,0.008096366970981896,0.01655575844705257,50
wcf_sensitivity_v1_logit_f3,IC0,1000,49,10,aipw_reference_tcate_rmse,REF-TCATE-K,"aipw reference contrast; RMSE over four strata of X1 with edges (-0.5, 0.0, 0.5)",causal_drf,drf,-0.006129590925914717,0.0008659596305526509,-0.007826871801797914,-0.0044323100500315215,50
wcf_sensitivity_v1_logit_f3,IC0,1000,49,10,aipw_reference_tcate_rmse,REF-TCATE-K,"aipw reference contrast; RMSE over four strata of X1 with edges (-0.5, 0.0, 0.5)",cwdb_dr,drf,-0.01845565363493195,0.0024648146295216723,-0.023286690308794426,-0.013624616961069473,50
wcf_sensitivity_v1_logit_f3,IC0,1000,49,10,aipw_tate_abs_error,TATE-K-grid_mean,aipw functional contrast; marginal absolute error,causal_drf,cwdb_dr,0.001959689633842304,0.0016722504823604126,-0.0013179213115841045,0.005237300579268712,50
wcf_sensitivity_v1_logit_f3,IC0,1000,49,10,aipw_tate_abs_error,TATE-K-grid_mean,aipw functional contrast; marginal absolute error,causal_drf,drf,-0.0007502628408460159,0.0005716361292452368,-0.0018706696541666802,0.0003701439724746484,50
wcf_sensitivity_v1_logit_f3,IC0,1000,49,10,aipw_tate_abs_error,TATE-K-grid_mean,aipw functional contrast; marginal absolute error,cwdb_dr,drf,-0.0027099524746883197,0.001897010083753752,-0.006428092238845674,0.001008187289469034,50
wcf_sensitivity_v1_logit_f3,IC0,1000,49,10,aipw_tate_abs_error,TATE-K-grid_sd,aipw functional contrast; marginal absolute error,causal_drf,cwdb_dr,-0.0002563746613364771,0.0009990434450604137,-0.002214499813654888,0.0017017504909819336,50
wcf_sensitivity_v1_logit_f3,IC0,1000,49,10,aipw_tate_abs_error,TATE-K-grid_sd,aipw functional contrast; marginal absolute error,causal_drf,drf,-9.40758013359879e-05,8.304471084213793e-05,-0.00025684343458657824,6.869183191460243e-05,50
wcf_sensitivity_v1_logit_f3,IC0,1000,49,10,aipw_tate_abs_error,TATE-K-grid_sd,aipw functional contrast; marginal absolute error,cwdb_dr,drf,0.00016229886000048918,0.001019385469623949,-0.0018356966604624507,0.002160294380463429,50
wcf_sensitivity_v1_logit_f3,IC0,1000,49,10,aipw_tate_abs_error,TATE-K-grid_skewness,aipw functional contrast; marginal absolute error,causal_drf,cwdb_dr,-0.0002449323349157616,0.0006738329344178511,-0.0015656448863747498,0.0010757802165432266,50
wcf_sensitivity_v1_logit_f3,IC0,1000,49,10,aipw_tate_abs_error,TATE-K-grid_skewness,aipw functional contrast; marginal absolute error,causal_drf,drf,-0.0005015391419565573,0.0003229914672809521,-0.0011346024178272235,0.0001315241339141089,50
wcf_sensitivity_v1_logit_f3,IC0,1000,49,10,aipw_tate_abs_error,TATE-K-grid_skewness,aipw functional contrast; marginal absolute error,cwdb_dr,drf,-0.00025660680704079567,0.0007812483318591263,-0.0017878535374846833,0.001274639923403092,50
wcf_sensitivity_v1_logit_f3,IC0,1000,49,10,aipw_tate_abs_error,TATE-K-grid_upper_tail_mean,aipw functional contrast; marginal absolute error,causal_drf,cwdb_dr,0.0013292452951340315,0.0019006102919084103,-0.0023959508770064527,0.005054441467274516,50
wcf_sensitivity_v1_logit_f3,IC0,1000,49,10,aipw_tate_abs_error,TATE-K-grid_upper_tail_mean,aipw functional contrast; marginal absolute error,causal_drf,drf,-0.0008593120318645155,0.0005605807927014994,-0.0019580503855594544,0.00023942632183042325,50
wcf_sensitivity_v1_logit_f3,IC0,1000,49,10,aipw_tate_abs_error,TATE-K-grid_upper_tail_mean,aipw functional contrast; marginal absolute error,cwdb_dr,drf,-0.002188557326998547,0.002017008129257233,-0.006141893260342724,0.0017647786063456298,50
wcf_sensitivity_v1_logit_f3,IC0,1000,49,10,aipw_tcate_rmse,TCATE-K-grid_mean,"aipw functional contrast; RMSE over four strata of X1 with edges (-0.5, 0.0, 0.5)",causal_drf,cwdb_dr,0.015924114568870017,0.0028262494119733433,0.010384665721402264,0.021463563416337768,50
wcf_sensitivity_v1_logit_f3,IC0,1000,49,10,aipw_tcate_rmse,TCATE-K-grid_mean,"aipw functional contrast; RMSE over four strata of X1 with edges (-0.5, 0.0, 0.5)",causal_drf,drf,-0.00791185690343061,0.0011132835036918743,-0.010093892570666684,-0.0057298212361945365,50
wcf_sensitivity_v1_logit_f3,IC0,1000,49,10,aipw_tcate_rmse,TCATE-K-grid_mean,"aipw functional contrast; RMSE over four strata of X1 with edges (-0.5, 0.0, 0.5)",cwdb_dr,drf,-0.023835971472300627,0.0032602197562747876,-0.03022600219459921,-0.017445940750002043,50
wcf_sensitivity_v1_logit_f3,IC0,1000,49,10,aipw_tcate_rmse,TCATE-K-grid_sd,"aipw functional contrast; RMSE over four strata of X1 with edges (-0.5, 0.0, 0.5)",causal_drf,cwdb_dr,-0.00012929848297060786,0.0010836565491911402,-0.0022532653193852426,0.001994668353444027,50
wcf_sensitivity_v1_logit_f3,IC0,1000,49,10,aipw_tcate_rmse,TCATE-K-grid_sd,"aipw functional contrast; RMSE over four strata of X1 with edges (-0.5, 0.0, 0.5)",causal_drf,drf,-0.00016324700774653436,0.0001321256789995367,-0.0004222133385856263,9.571932309255756e-05,50
wcf_sensitivity_v1_logit_f3,IC0,1000,49,10,aipw_tcate_rmse,TCATE-K-grid_sd,"aipw functional contrast; RMSE over four strata of X1 with edges (-0.5, 0.0, 0.5)",cwdb_dr,drf,-3.39485247759265e-05,0.0011225798609657404,-0.002234205052268778,0.002166308002716925,50
wcf_sensitivity_v1_logit_f3,IC0,1000,49,10,aipw_tcate_rmse,TCATE-K-grid_skewness,"aipw functional contrast; RMSE over four strata of X1 with edges (-0.5, 0.0, 0.5)",causal_drf,cwdb_dr,0.007841026098512742,0.001190542010567709,0.005507563757800033,0.010174488439225452,50
wcf_sensitivity_v1_logit_f3,IC0,1000,49,10,aipw_tcate_rmse,TCATE-K-grid_skewness,"aipw functional contrast; RMSE over four strata of X1 with edges (-0.5, 0.0, 0.5)",causal_drf,drf,-0.002616311852287983,0.00041940863848256263,-0.0034383527837138056,-0.0017942709208621601,50
wcf_sensitivity_v1_logit_f3,IC0,1000,49,10,aipw_tcate_rmse,TCATE-K-grid_skewness,"aipw functional contrast; RMSE over four strata of X1 with edges (-0.5, 0.0, 0.5)",cwdb_dr,drf,-0.010457337950800725,0.0012860279919317966,-0.012977952814987048,-0.007936723086614403,50
wcf_sensitivity_v1_logit_f3,IC0,1000,49,10,aipw_tcate_rmse,TCATE-K-grid_upper_tail_mean,"aipw functional contrast; RMSE over four strata of X1 with edges (-0.5, 0.0, 0.5)",causal_drf,cwdb_dr,0.014786098867435142,0.002927441450446915,0.009048313624559188,0.020523884110311096,50
wcf_sensitivity_v1_logit_f3,IC0,1000,49,10,aipw_tcate_rmse,TCATE-K-grid_upper_tail_mean,"aipw functional contrast; RMSE over four strata of X1 with edges (-0.5, 0.0, 0.5)",causal_drf,drf,-0.007910824201289787,0.0011113137947829403,-0.01008899923906435,-0.005732649163515224,50
wcf_sensitivity_v1_logit_f3,IC0,1000,49,10,aipw_tcate_rmse,TCATE-K-grid_upper_tail_mean,"aipw functional contrast; RMSE over four strata of X1 with edges (-0.5, 0.0, 0.5)",cwdb_dr,drf,-0.02269692306872493,0.0033812864692707584,-0.029324244548495616,-0.016069601588954242,50
wcf_sensitivity_v1_logit_f3,IC0,1000,49,10,barycenter_rmse,MEANQ-A-K,,causal_drf,cwdb_dr,0.1283150190681565,0.0014260920649132446,0.12551987862092656,0.13111015951538646,50
wcf_sensitivity_v1_logit_f3,IC0,1000,49,10,barycenter_rmse,MEANQ-A-K,,causal_drf,drf,-0.03404606365599511,0.0009634406642285265,-0.035934407357883016,-0.0321577199541072,50
wcf_sensitivity_v1_logit_f3,IC0,1000,49,10,barycenter_rmse,MEANQ-A-K,,cwdb_dr,drf,-0.16236108272415162,0.0014357453996474859,-0.1651751437074607,-0.15954702174084254,50
wcf_sensitivity_v1_logit_f3,IC0,1000,49,10,mean_quantile_rmse,MEANQ-A-K,"arm contrast, the mandatory common target",causal_drf,cwdb_dr,0.1286023062383091,0.0064170134317382685,0.11602495991210209,0.1411796525645161,50
wcf_sensitivity_v1_logit_f3,IC0,1000,49,10,mean_quantile_rmse,MEANQ-A-K,"arm contrast, the mandatory common target",causal_drf,drf,-0.016823285681277916,0.0026728580360525834,-0.02206208743194098,-0.011584483930614852,50
wcf_sensitivity_v1_logit_f3,IC0,1000,49,10,mean_quantile_rmse,MEANQ-A-K,"arm contrast, the mandatory common target",cwdb_dr,drf,-0.14542559191958704,0.006105309717885921,-0.15739199896664344,-0.13345918487253064,50
wcf_sensitivity_v1_logit_f3,IC0,1000,49,10,plugin_reference_tate_abs_error,REF-ATE-K,plugin reference contrast; marginal absolute error,causal_drf,cwdb_dr,0.1265682887572976,0.0032265703592138824,0.12024421085323837,0.1328923666613568,50
wcf_sensitivity_v1_logit_f3,IC0,1000,49,10,plugin_reference_tate_abs_error,REF-ATE-K,plugin reference contrast; marginal absolute error,causal_drf,drf,-0.008548845772459401,0.0021755443667965195,-0.01281291273138058,-0.004284778813538223,50
wcf_sensitivity_v1_logit_f3,IC0,1000,49,10,plugin_reference_tate_abs_error,REF-ATE-K,plugin reference contrast; marginal absolute error,cwdb_dr,drf,-0.135117134529757,0.0027006952832388216,-0.14041049728490507,-0.1298237717746089,50
wcf_sensitivity_v1_logit_f3,IC0,1000,49,10,plugin_reference_tcate_rmse,REF-TCATE-K,"plugin reference contrast; RMSE over four strata of X1 with edges (-0.5, 0.0, 0.5)",causal_drf,cwdb_dr,0.12584548301924173,0.0032511339374251863,0.11947326050188836,0.1322177055365951,50
wcf_sensitivity_v1_logit_f3,IC0,1000,49,10,plugin_reference_tcate_rmse,REF-TCATE-K,"plugin reference contrast; RMSE over four strata of X1 with edges (-0.5, 0.0, 0.5)",causal_drf,drf,-0.008467144554306333,0.0021738516354916837,-0.012727893759870032,-0.004206395348742633,50
wcf_sensitivity_v1_logit_f3,IC0,1000,49,10,plugin_reference_tcate_rmse,REF-TCATE-K,"plugin reference contrast; RMSE over four strata of X1 with edges (-0.5, 0.0, 0.5)",cwdb_dr,drf,-0.13431262757354806,0.0027155533920598172,-0.1396351122219853,-0.12899014292511082,50
wcf_sensitivity_v1_logit_f3,IC0,1000,49,10,plugin_tate_abs_error,TATE-K-grid_mean,plugin functional contrast; marginal absolute error,causal_drf,cwdb_dr,0.14762343879285605,0.003751904761445475,0.14026970546042292,0.1549771721252892,50
wcf_sensitivity_v1_logit_f3,IC0,1000,49,10,plugin_tate_abs_error,TATE-K-grid_mean,plugin functional contrast; marginal absolute error,causal_drf,drf,-0.011203723303845475,0.0025974965978950103,-0.016294816635719696,-0.006112629971971255,50
wcf_sensitivity_v1_logit_f3,IC0,1000,49,10,plugin_tate_abs_error,TATE-K-grid_mean,plugin functional contrast; marginal absolute error,cwdb_dr,drf,-0.15882716209670153,0.0030214726083621444,-0.16474924840909133,-0.15290507578431173,50
wcf_sensitivity_v1_logit_f3,IC0,1000,49,10,plugin_tate_abs_error,TATE-K-grid_sd,plugin functional contrast; marginal absolute error,causal_drf,cwdb_dr,0.00859388147551548,0.0017222912632397166,0.005218190599565636,0.011969572351465325,50
wcf_sensitivity_v1_logit_f3,IC0,1000,49,10,plugin_tate_abs_error,TATE-K-grid_sd,plugin functional contrast; marginal absolute error,causal_drf,drf,0.0006732658317307738,0.0002847158350443357,0.00011522279504387579,0.001231308868417672,50
wcf_sensitivity_v1_logit_f3,IC0,1000,49,10,plugin_tate_abs_error,TATE-K-grid_sd,plugin functional contrast; marginal absolute error,cwdb_dr,drf,-0.007920615643784707,0.0016704908377421879,-0.011194777685759395,-0.0046464536018100185,50
wcf_sensitivity_v1_logit_f3,IC0,1000,49,10,plugin_tate_abs_error,TATE-K-grid_skewness,plugin functional contrast; marginal absolute error,causal_drf,cwdb_dr,0.06302522953223338,0.0014940232955404761,0.060096943872974054,0.06595351519149271,50
wcf_sensitivity_v1_logit_f3,IC0,1000,49,10,plugin_tate_abs_error,TATE-K-grid_skewness,plugin functional contrast; marginal absolute error,causal_drf,drf,0.003620116200001383,0.0016843528115627353,0.0003187846893384222,0.006921447710664344,50
wcf_sensitivity_v1_logit_f3,IC0,1000,49,10,plugin_tate_abs_error,TATE-K-grid_skewness,plugin functional contrast; marginal absolute error,cwdb_dr,drf,-0.059405113332232,0.0010331332683405118,-0.0614300545381794,-0.0573801721262846,50
wcf_sensitivity_v1_logit_f3,IC0,1000,49,10,plugin_tate_abs_error,TATE-K-grid_upper_tail_mean,plugin functional contrast; marginal absolute error,causal_drf,cwdb_dr,0.1440414778767664,0.0038160725918915182,0.13656197559665903,0.1515209801568738,50
wcf_sensitivity_v1_logit_f3,IC0,1000,49,10,plugin_tate_abs_error,TATE-K-grid_upper_tail_mean,plugin functional contrast; marginal absolute error,causal_drf,drf,-0.01138644249504317,0.0026769123954983893,-0.016633190790220014,-0.006139694199866327,50
wcf_sensitivity_v1_logit_f3,IC0,1000,49,10,plugin_tate_abs_error,TATE-K-grid_upper_tail_mean,plugin functional contrast; marginal absolute error,cwdb_dr,drf,-0.15542792037180958,0.0031992095918442994,-0.1616983711718244,-0.14915746957179477,50
wcf_sensitivity_v1_logit_f3,IC0,1000,49,10,plugin_tcate_rmse,TCATE-K-grid_mean,"plugin functional contrast; RMSE over four strata of X1 with edges (-0.5, 0.0, 0.5)",causal_drf,cwdb_dr,0.1468012683622245,0.003747006815083861,0.13945713500466014,0.15414540171978888,50
wcf_sensitivity_v1_logit_f3,IC0,1000,49,10,plugin_tcate_rmse,TCATE-K-grid_mean,"plugin functional contrast; RMSE over four strata of X1 with edges (-0.5, 0.0, 0.5)",causal_drf,drf,-0.011121556006162908,0.0025980912352364456,-0.016213814827226343,-0.006029297185099475,50
wcf_sensitivity_v1_logit_f3,IC0,1000,49,10,plugin_tcate_rmse,TCATE-K-grid_mean,"plugin functional contrast; RMSE over four strata of X1 with edges (-0.5, 0.0, 0.5)",cwdb_dr,drf,-0.1579228243683874,0.0030296871266097974,-0.16386101113654258,-0.1519846376002322,50
wcf_sensitivity_v1_logit_f3,IC0,1000,49,10,plugin_tcate_rmse,TCATE-K-grid_sd,"plugin functional contrast; RMSE over four strata of X1 with edges (-0.5, 0.0, 0.5)",causal_drf,cwdb_dr,0.007891600184088143,0.0016485820001472939,0.004660379463799447,0.01112282090437684,50
wcf_sensitivity_v1_logit_f3,IC0,1000,49,10,plugin_tcate_rmse,TCATE-K-grid_sd,"plugin functional contrast; RMSE over four strata of X1 with edges (-0.5, 0.0, 0.5)",causal_drf,drf,0.0008670558609071323,0.0002827899761788369,0.000312787507596612,0.0014213242142176526,50
wcf_sensitivity_v1_logit_f3,IC0,1000,49,10,plugin_tcate_rmse,TCATE-K-grid_sd,"plugin functional contrast; RMSE over four strata of X1 with edges (-0.5, 0.0, 0.5)",cwdb_dr,drf,-0.00702454432318101,0.0015972350735740442,-0.010155125067386138,-0.0038939635789758836,50
wcf_sensitivity_v1_logit_f3,IC0,1000,49,10,plugin_tcate_rmse,TCATE-K-grid_skewness,"plugin functional contrast; RMSE over four strata of X1 with edges (-0.5, 0.0, 0.5)",causal_drf,cwdb_dr,0.062572730643282,0.001478901834054629,0.05967408304853493,0.06547137823802908,50
wcf_sensitivity_v1_logit_f3,IC0,1000,49,10,plugin_tcate_rmse,TCATE-K-grid_skewness,"plugin functional contrast; RMSE over four strata of X1 with edges (-0.5, 0.0, 0.5)",causal_drf,drf,0.0036136035711593073,0.0016823387136566058,0.00031621969239236,0.006910987449926255,50
wcf_sensitivity_v1_logit_f3,IC0,1000,49,10,plugin_tcate_rmse,TCATE-K-grid_skewness,"plugin functional contrast; RMSE over four strata of X1 with edges (-0.5, 0.0, 0.5)",cwdb_dr,drf,-0.0589591270721227,0.0010369475563798383,-0.06099154428262718,-0.05692670986161821,50
wcf_sensitivity_v1_logit_f3,IC0,1000,49,10,plugin_tcate_rmse,TCATE-K-grid_upper_tail_mean,"plugin functional contrast; RMSE over four strata of X1 with edges (-0.5, 0.0, 0.5)",causal_drf,cwdb_dr,0.14303041089950017,0.0037677258797827367,0.135645668175126,0.15041515362387434,50
wcf_sensitivity_v1_logit_f3,IC0,1000,49,10,plugin_tcate_rmse,TCATE-K-grid_upper_tail_mean,"plugin functional contrast; RMSE over four strata of X1 with edges (-0.5, 0.0, 0.5)",causal_drf,drf,-0.011292966253492548,0.002678831912311408,-0.01654347680162291,-0.006042455705362188,50
wcf_sensitivity_v1_logit_f3,IC0,1000,49,10,plugin_tcate_rmse,TCATE-K-grid_upper_tail_mean,"plugin functional contrast; RMSE over four strata of X1 with edges (-0.5, 0.0, 0.5)",cwdb_dr,drf,-0.1543233771529927,0.0031806545001437114,-0.1605574599732744,-0.14808929433271104,50
wcf_sensitivity_v1_logit_f3,IC1,1000,5,10,aipw_reference_tate_abs_error,REF-ATE-K,aipw reference contrast; marginal absolute error,causal_drf,cwdb_dr,-0.0013927968332408495,0.0010750701673163134,-0.0034999343611808236,0.0007143406946991246,50
wcf_sensitivity_v1_logit_f3,IC1,1000,5,10,aipw_reference_tate_abs_error,REF-ATE-K,aipw reference contrast; marginal absolute error,causal_drf,drf,-0.0008402022843151148,0.0004641330699054533,-0.0017499031013298032,6.949853269957367e-05,50
wcf_sensitivity_v1_logit_f3,IC1,1000,5,10,aipw_reference_tate_abs_error,REF-ATE-K,aipw reference contrast; marginal absolute error,cwdb_dr,drf,0.0005525945489257347,0.0013386861731157335,-0.002071230350381103,0.0031764194482325724,50
wcf_sensitivity_v1_logit_f3,IC1,1000,5,10,aipw_reference_tcate_rmse,REF-TCATE-K,"aipw reference contrast; RMSE over four strata of X4 with edges (-0.5, 0.0, 0.5)",causal_drf,cwdb_dr,0.012086257465754827,0.0021905812409980705,0.007792718233398608,0.016379796698111043,50
wcf_sensitivity_v1_logit_f3,IC1,1000,5,10,aipw_reference_tcate_rmse,REF-TCATE-K,"aipw reference contrast; RMSE over four strata of X4 with edges (-0.5, 0.0, 0.5)",causal_drf,drf,-0.006311652067420757,0.0008474060430083712,-0.007972567911717165,-0.00465073622312435,50
wcf_sensitivity_v1_logit_f3,IC1,1000,5,10,aipw_reference_tcate_rmse,REF-TCATE-K,"aipw reference contrast; RMSE over four strata of X4 with edges (-0.5, 0.0, 0.5)",cwdb_dr,drf,-0.018397909533175584,0.0026996086962554166,-0.0236891425778362,-0.013106676488514967,50
wcf_sensitivity_v1_logit_f3,IC1,1000,5,10,aipw_tate_abs_error,TATE-K-grid_mean,aipw functional contrast; marginal absolute error,causal_drf,cwdb_dr,-0.001232933225926429,0.0012021062811846301,-0.003589061537048304,0.0011231950851954462,50
wcf_sensitivity_v1_logit_f3,IC1,1000,5,10,aipw_tate_abs_error,TATE-K-grid_mean,aipw functional contrast; marginal absolute error,causal_drf,drf,-0.001125481179361773,0.0005120576587768666,-0.0021291141905644315,-0.00012184816815911459,50
wcf_sensitivity_v1_logit_f3,IC1,1000,5,10,aipw_tate_abs_error,TATE-K-grid_mean,aipw functional contrast; marginal absolute error,cwdb_dr,drf,0.00010745204656465585,0.0014731214429367135,-0.0027798659815913025,0.002994770074720614,50
wcf_sensitivity_v1_logit_f3,IC1,1000,5,10,aipw_tate_abs_error,TATE-K-grid_sd,aipw functional contrast; marginal absolute error,causal_drf,cwdb_dr,-0.0015955057344502564,0.0007909468008434158,-0.0031457614641033516,-4.52500047971613e-05,50
wcf_sensitivity_v1_logit_f3,IC1,1000,5,10,aipw_tate_abs_error,TATE-K-grid_sd,aipw functional contrast; marginal absolute error,causal_drf,drf,-2.1875742894972294e-05,5.135087024826937e-05,-0.00012252344858158025,7.877196279163566e-05,50
wcf_sensitivity_v1_logit_f3,IC1,1000,5,10,aipw_tate_abs_error,TATE-K-grid_sd,aipw functional contrast; marginal absolute error,cwdb_dr,drf,0.001573629991555284,0.0008143454832319633,-2.2487155579363916e-05,0.003169747138689932,50
wcf_sensitivity_v1_logit_f3,IC1,1000,5,10,aipw_tate_abs_error,TATE-K-grid_skewness,aipw functional contrast; marginal absolute error,causal_drf,cwdb_dr,-0.001355201188692578,0.00040017889057060517,-0.0021395518142109642,-0.0005708505631741919,50
wcf_sensitivity_v1_logit_f3,IC1,1000,5,10,aipw_tate_abs_error,TATE-K-grid_skewness,aipw functional contrast; marginal absolute error,causal_drf,drf,-0.00014778729507234495,0.00010433393288288775,-0.0003522818035228049,5.6707213378115034e-05,50
wcf_sensitivity_v1_logit_f3,IC1,1000,5,10,aipw_tate_abs_error,TATE-K-grid_skewness,aipw functional contrast; marginal absolute error,cwdb_dr,drf,0.001207413893620233,0.00038354275706401473,0.00045567008977476415,0.001959157697465702,50
wcf_sensitivity_v1_logit_f3,IC1,1000,5,10,aipw_tate_abs_error,TATE-K-grid_upper_tail_mean,aipw functional contrast; marginal absolute error,causal_drf,cwdb_dr,-0.001046980691029327,0.0016154819002590574,-0.00421332521553708,0.0021193638334784256,50
wcf_sensitivity_v1_logit_f3,IC1,1000,5,10,aipw_tate_abs_error,TATE-K-grid_upper_tail_mean,aipw functional contrast; marginal absolute error,causal_drf,drf,-0.0012419841077163964,0.0004836108479894727,-0.002189861369775763,-0.0002941068456570299,50
wcf_sensitivity_v1_logit_f3,IC1,1000,5,10,aipw_tate_abs_error,TATE-K-grid_upper_tail_mean,aipw functional contrast; marginal absolute error,cwdb_dr,drf,-0.00019500341668706941,0.0017754154454175796,-0.0036748176897055253,0.0032848108563313864,50
wcf_sensitivity_v1_logit_f3,IC1,1000,5,10,aipw_tcate_rmse,TCATE-K-grid_mean,"aipw functional contrast; RMSE over four strata of X4 with edges (-0.5, 0.0, 0.5)",causal_drf,cwdb_dr,0.015852795411646026,0.0027734399378039165,0.01041685313355035,0.021288737689741703,50
wcf_sensitivity_v1_logit_f3,IC1,1000,5,10,aipw_tcate_rmse,TCATE-K-grid_mean,"aipw functional contrast; RMSE over four strata of X4 with edges (-0.5, 0.0, 0.5)",causal_drf,drf,-0.0073847423770887904,0.0010312256872025765,-0.00940594472400584,-0.00536354003017174,50
wcf_sensitivity_v1_logit_f3,IC1,1000,5,10,aipw_tcate_rmse,TCATE-K-grid_mean,"aipw functional contrast; RMSE over four strata of X4 with edges (-0.5, 0.0, 0.5)",cwdb_dr,drf,-0.023237537788734816,0.0033400518576898117,-0.029784039429806848,-0.016691036147662784,50
wcf_sensitivity_v1_logit_f3,IC1,1000,5,10,aipw_tcate_rmse,TCATE-K-grid_sd,"aipw functional contrast; RMSE over four strata of X4 with edges (-0.5, 0.0, 0.5)",causal_drf,cwdb_dr,-0.001987717691575734,0.0007304840617050939,-0.003419466452517718,-0.00055596893063375,50
wcf_sensitivity_v1_logit_f3,IC1,1000,5,10,aipw_tcate_rmse,TCATE-K-grid_sd,"aipw functional contrast; RMSE over four strata of X4 with edges (-0.5, 0.0, 0.5)",causal_drf,drf,-0.0004201978849363054,9.170392112329384e-05,-0.0005999375703379614,-0.0002404581995346495,50
wcf_sensitivity_v1_logit_f3,IC1,1000,5,10,aipw_tcate_rmse,TCATE-K-grid_sd,"aipw functional contrast; RMSE over four strata of X4 with edges (-0.5, 0.0, 0.5)",cwdb_dr,drf,0.0015675198066394287,0.0007681666684351431,6.191313650654828e-05,0.003073126476772309,50
wcf_sensitivity_v1_logit_f3,IC1,1000,5,10,aipw_tcate_rmse,TCATE-K-grid_skewness,"aipw functional contrast; RMSE over four strata of X4 with edges (-0.5, 0.0, 0.5)",causal_drf,cwdb_dr,-0.0007567677403458968,0.0004975371402565303,-0.001731940535248696,0.00021840505455690258,50
wcf_sensitivity_v1_logit_f3,IC1,1000,5,10,aipw_tcate_rmse,TCATE-K-grid_skewness,"aipw functional contrast; RMSE over four strata of X4 with edges (-0.5, 0.0, 0.5)",causal_drf,drf,-0.0010374435842957705,0.0001754397168406162,-0.0013813054293033782,-0.0006935817392881628,50
wcf_sensitivity_v1_logit_f3,IC1,1000,5,10,aipw_tcate_rmse,TCATE-K-grid_skewness,"aipw functional contrast; RMSE over four strata of X4 with edges (-0.5, 0.0, 0.5)",cwdb_dr,drf,-0.0002806758439498737,0.0005650811107535292,-0.001388234821026791,0.0008268831331270435,50
wcf_sensitivity_v1_logit_f3,IC1,1000,5,10,aipw_tcate_rmse,TCATE-K-grid_upper_tail_mean,"aipw functional contrast; RMSE over four strata of X4 with edges (-0.5, 0.0, 0.5)",causal_drf,cwdb_dr,0.016399625164511572,0.0028889886235220924,0.01073720746240827,0.022062042866614874,50
wcf_sensitivity_v1_logit_f3,IC1,1000,5,10,aipw_tcate_rmse,TCATE-K-grid_upper_tail_mean,"aipw functional contrast; RMSE over four strata of X4 with edges (-0.5, 0.0, 0.5)",causal_drf,drf,-0.007371384113753696,0.0010844134259845755,-0.009496834428683463,-0.0052459337988239275,50
wcf_sensitivity_v1_logit_f3,IC1,1000,5,10,aipw_tcate_rmse,TCATE-K-grid_upper_tail_mean,"aipw functional contrast; RMSE over four strata of X4 with edges (-0.5, 0.0, 0.5)",cwdb_dr,drf,-0.023771009278265268,0.0034151849362730287,-0.030464771753360403,-0.017077246803170132,50
wcf_sensitivity_v1_logit_f3,IC1,1000,5,10,barycenter_rmse,MEANQ-A-K,,causal_drf,cwdb_dr,0.10915674938256947,0.0017389406396807912,0.10574842572879513,0.11256507303634382,50
wcf_sensitivity_v1_logit_f3,IC1,1000,5,10,barycenter_rmse,MEANQ-A-K,,causal_drf,drf,-0.04105731088874326,0.000865242567706025,-0.04275318632144707,-0.03936143545603945,50
wcf_sensitivity_v1_logit_f3,IC1,1000,5,10,barycenter_rmse,MEANQ-A-K,,cwdb_dr,drf,-0.15021406027131273,0.0016117919158275646,-0.15337317242633475,-0.14705494811629072,50
wcf_sensitivity_v1_logit_f3,IC1,1000,5,10,mean_quantile_rmse,MEANQ-A-K,"arm contrast, the mandatory common target",causal_drf,cwdb_dr,0.0680712920457995,0.004937062845705054,0.05839464886821759,0.0777479352233814,50
wcf_sensitivity_v1_logit_f3,IC1,1000,5,10,mean_quantile_rmse,MEANQ-A-K,"arm contrast, the mandatory common target",causal_drf,drf,-0.026178052505172855,0.0018009423753934442,-0.029707899560944006,-0.022648205449401704,50
wcf_sensitivity_v1_logit_f3,IC1,1000,5,10,mean_quantile_rmse,MEANQ-A-K,"arm contrast, the mandatory common target",cwdb_dr,drf,-0.09424934455097235,0.004704347092436103,-0.10346986485214711,-0.08502882424979759,50
wcf_sensitivity_v1_logit_f3,IC1,1000,5,10,plugin_reference_tate_abs_error,REF-ATE-K,plugin reference contrast; marginal absolute error,causal_drf,cwdb_dr,0.08765692264458291,0.0023723443732267986,0.08300712767305839,0.09230671761610744,50
wcf_sensitivity_v1_logit_f3,IC1,1000,5,10,plugin_reference_tate_abs_error,REF-ATE-K,plugin reference contrast; marginal absolute error,causal_drf,drf,-0.01865080167559821,0.0015782177522930718,-0.021744108470092633,-0.01555749488110379,50
wcf_sensitivity_v1_logit_f3,IC1,1000,5,10,plugin_reference_tate_abs_error,REF-ATE-K,plugin reference contrast; marginal absolute error,cwdb_dr,drf,-0.10630772432018112,0.0020850803323905556,-0.11039448177166661,-0.10222096686869564,50
wcf_sensitivity_v1_logit_f3,IC1,1000,5,10,plugin_reference_tcate_rmse,REF-TCATE-K,"plugin reference contrast; RMSE over four strata of X4 with edges (-0.5, 0.0, 0.5)",causal_drf,cwdb_dr,0.08221836374954145,0.002584104324867912,0.07715351927280034,0.08728320822628255,50
wcf_sensitivity_v1_logit_f3,IC1,1000,5,10,plugin_reference_tcate_rmse,REF-TCATE-K,"plugin reference contrast; RMSE over four strata of X4 with edges (-0.5, 0.0, 0.5)",causal_drf,drf,-0.018727206260661655,0.001608861268956456,-0.02188057434781631,-0.015573838173507002,50
wcf_sensitivity_v1_logit_f3,IC1,1000,5,10,plugin_reference_tcate_rmse,REF-TCATE-K,"plugin reference contrast; RMSE over four strata of X4 with edges (-0.5, 0.0, 0.5)",cwdb_dr,drf,-0.1009455700102031,0.002566532121935999,-0.10597597296919765,-0.09591516705120855,50
wcf_sensitivity_v1_logit_f3,IC1,1000,5,10,plugin_tate_abs_error,TATE-K-grid_mean,plugin functional contrast; marginal absolute error,causal_drf,cwdb_dr,0.10007611933392307,0.002820253490470646,0.0945484224926006,0.10560381617524554,50
wcf_sensitivity_v1_logit_f3,IC1,1000,5,10,plugin_tate_abs_error,TATE-K-grid_mean,plugin functional contrast; marginal absolute error,causal_drf,drf,-0.022547133807717,0.0018224196198064408,-0.026119076262537625,-0.018975191352896378,50
wcf_sensitivity_v1_logit_f3,IC1,1000,5,10,plugin_tate_abs_error,TATE-K-grid_mean,plugin functional contrast; marginal absolute error,cwdb_dr,drf,-0.12262325314164008,0.0025323932216545276,-0.12758674385608296,-0.1176597624271972,50
wcf_sensitivity_v1_logit_f3,IC1,1000,5,10,plugin_tate_abs_error,TATE-K-grid_sd,plugin functional contrast; marginal absolute error,causal_drf,cwdb_dr,0.001962482751036684,0.0009242630466275083,0.00015092717964676765,0.0037740383224266006,50
wcf_sensitivity_v1_logit_f3,IC1,1000,5,10,plugin_tate_abs_error,TATE-K-grid_sd,plugin functional contrast; marginal absolute error,causal_drf,drf,0.0004794120352574049,0.00023366793169050565,2.1422889144013786e-05,0.000937401181370796,50
wcf_sensitivity_v1_logit_f3,IC1,1000,5,10,plugin_tate_abs_error,TATE-K-grid_sd,plugin functional contrast; marginal absolute error,cwdb_dr,drf,-0.0014830707157792791,0.0008619794690983745,-0.0031725504752120933,0.00020640904365353484,50
wcf_sensitivity_v1_logit_f3,IC1,1000,5,10,plugin_tate_abs_error,TATE-K-grid_skewness,plugin functional contrast; marginal absolute error,causal_drf,cwdb_dr,-0.0013863862734200053,0.0032843190535881625,-0.007823651618452804,0.005050879071612793,50
wcf_sensitivity_v1_logit_f3,IC1,1000,5,10,plugin_tate_abs_error,TATE-K-grid_skewness,plugin functional contrast; marginal absolute error,causal_drf,drf,-0.00403263595566708,0.00042340129289708425,-0.004862502489745365,-0.0032027694215887945,50
wcf_sensitivity_v1_logit_f3,IC1,1000,5,10,plugin_tate_abs_error,TATE-K-grid_skewness,plugin functional contrast; marginal absolute error,cwdb_dr,drf,-0.0026462496822470746,0.0032420878125674567,-0.00900074179487929,0.0037082424303851403,50
wcf_sensitivity_v1_logit_f3,IC1,1000,5,10,plugin_tate_abs_error,TATE-K-grid_upper_tail_mean,plugin functional contrast; marginal absolute error,causal_drf,cwdb_dr,0.09704314818542291,0.002992740868731191,0.09117737608270977,0.10290892028813604,50
wcf_sensitivity_v1_logit_f3,IC1,1000,5,10,plugin_tate_abs_error,TATE-K-grid_upper_tail_mean,plugin functional contrast; marginal absolute error,causal_drf,drf,-0.023578173434447236,0.001851352406481997,-0.02720682415115195,-0.019949522717742522,50
wcf_sensitivity_v1_logit_f3,IC1,1000,5,10,plugin_tate_abs_error,TATE-K-grid_upper_tail_mean,plugin functional contrast; marginal absolute error,cwdb_dr,drf,-0.12062132161987014,0.0028577222085505657,-0.12622245714862926,-0.11502018609111103,50
wcf_sensitivity_v1_logit_f3,IC1,1000,5,10,plugin_tcate_rmse,TCATE-K-grid_mean,"plugin functional contrast; RMSE over four strata of X4 with edges (-0.5, 0.0, 0.5)",causal_drf,cwdb_dr,0.09348993860976242,0.0029922718567584367,0.08762508577051588,0.09935479144900895,50
wcf_sensitivity_v1_logit_f3,IC1,1000,5,10,plugin_tcate_rmse,TCATE-K-grid_mean,"plugin functional contrast; RMSE over four strata of X4 with edges (-0.5, 0.0, 0.5)",causal_drf,drf,-0.021901531762948567,0.00182608754878307,-0.025480663358563384,-0.01832240016733375,50
wcf_sensitivity_v1_logit_f3,IC1,1000,5,10,plugin_tcate_rmse,TCATE-K-grid_mean,"plugin functional contrast; RMSE over four strata of X4 with edges (-0.5, 0.0, 0.5)",cwdb_dr,drf,-0.11539147037271098,0.0030090844202771837,-0.12128927583645427,-0.1094936649089677,50
wcf_sensitivity_v1_logit_f3,IC1,1000,5,10,plugin_tcate_rmse,TCATE-K-grid_sd,"plugin functional contrast; RMSE over four strata of X4 with edges (-0.5, 0.0, 0.5)",causal_drf,cwdb_dr,-0.0018784272431240385,0.0010429974924737817,-0.00392270232837265,0.00016584784212457385,50
wcf_sensitivity_v1_logit_f3,IC1,1000,5,10,plugin_tcate_rmse,TCATE-K-grid_sd,"plugin functional contrast; RMSE over four strata of X4 with edges (-0.5, 0.0, 0.5)",causal_drf,drf,0.0016798961494618406,0.00027715959164681094,0.0011366633498340912,0.0022231289490895903,50
wcf_sensitivity_v1_logit_f3,IC1,1000,5,10,plugin_tcate_rmse,TCATE-K-grid_sd,"plugin functional contrast; RMSE over four strata of X4 with edges (-0.5, 0.0, 0.5)",cwdb_dr,drf,0.003558323392585879,0.0011483856798558156,0.0013074874600684807,0.005809159325103277,50
wcf_sensitivity_v1_logit_f3,IC1,1000,5,10,plugin_tcate_rmse,TCATE-K-grid_skewness,"plugin functional contrast; RMSE over four strata of X4 with edges (-0.5, 0.0, 0.5)",causal_drf,cwdb_dr,0.002425641055302734,0.0029852764141160013,-0.003425500716364629,0.008276782826970096,50
wcf_sensitivity_v1_logit_f3,IC1,1000,5,10,plugin_tcate_rmse,TCATE-K-grid_skewness,"plugin functional contrast; RMSE over four strata of X4 with edges (-0.5, 0.0, 0.5)",causal_drf,drf,-0.00702144403070783,0.0005652645189447192,-0.00812936248783948,-0.005913525573576181,50
wcf_sensitivity_v1_logit_f3,IC1,1000,5,10,plugin_tcate_rmse,TCATE-K-grid_skewness,"plugin functional contrast; RMSE over four strata of X4 with edges (-0.5, 0.0, 0.5)",cwdb_dr,drf,-0.009447085086010564,0.0030524184089635235,-0.01542982516757907,-0.0034643450044420585,50
wcf_sensitivity_v1_logit_f3,IC1,1000,5,10,plugin_tcate_rmse,TCATE-K-grid_upper_tail_mean,"plugin functional contrast; RMSE over four strata of X4 with edges (-0.5, 0.0, 0.5)",causal_drf,cwdb_dr,0.0902422444941737,0.003246574560397268,0.08387895835579505,0.09660553063255235,50
wcf_sensitivity_v1_logit_f3,IC1,1000,5,10,plugin_tcate_rmse,TCATE-K-grid_upper_tail_mean,"plugin functional contrast; RMSE over four strata of X4 with edges (-0.5, 0.0, 0.5)",causal_drf,drf,-0.023039414502986827,0.0018731194056697293,-0.026710728538099495,-0.01936810046787416,50
wcf_sensitivity_v1_logit_f3,IC1,1000,5,10,plugin_tcate_rmse,TCATE-K-grid_upper_tail_mean,"plugin functional contrast; RMSE over four strata of X4 with edges (-0.5, 0.0, 0.5)",cwdb_dr,drf,-0.11328165899716053,0.0034213662770901966,-0.11998753690025732,-0.10657578109406374,50
wcf_sensitivity_v1_logit_f3,IC1,1000,25,10,aipw_reference_tate_abs_error,REF-ATE-K,aipw reference contrast; marginal absolute error,causal_drf,cwdb_dr,0.00017714294382441612,0.0012735531708206198,-0.002319021270983999,0.002673307158632831,50
wcf_sensitivity_v1_logit_f3,IC1,1000,25,10,aipw_reference_tate_abs_error,REF-ATE-K,aipw reference contrast; marginal absolute error,causal_drf,drf,-0.0007838242603513956,0.0004632917647340833,-0.0016918761192301988,0.00012422759852740762,50
wcf_sensitivity_v1_logit_f3,IC1,1000,25,10,aipw_reference_tate_abs_error,REF-ATE-K,aipw reference contrast; marginal absolute error,cwdb_dr,drf,-0.0009609672041758117,0.0014938895476849842,-0.0038889907176383807,0.0019670563092867572,50
wcf_sensitivity_v1_logit_f3,IC1,1000,25,10,aipw_reference_tcate_rmse,REF-TCATE-K,"aipw reference contrast; RMSE over four strata of X4 with edges (-0.5, 0.0, 0.5)",causal_drf,cwdb_dr,0.013821211409721024,0.002225435410675267,0.0094593580047975,0.01818306481464455,50
wcf_sensitivity_v1_logit_f3,IC1,1000,25,10,aipw_reference_tcate_rmse,REF-TCATE-K,"aipw reference contrast; RMSE over four strata of X4 with edges (-0.5, 0.0, 0.5)",causal_drf,drf,-0.004960853510758097,0.0005960301625926542,-0.006129072629439699,-0.0037926343920764946,50
wcf_sensitivity_v1_logit_f3,IC1,1000,25,10,aipw_reference_tcate_rmse,REF-TCATE-K,"aipw reference contrast; RMSE over four strata of X4 with edges (-0.5, 0.0, 0.5)",cwdb_dr,drf,-0.01878206492047912,0.002638750218665545,-0.02395401534906359,-0.013610114491894653,50
wcf_sensitivity_v1_logit_f3,IC1,1000,25,10,aipw_tate_abs_error,TATE-K-grid_mean,aipw functional contrast; marginal absolute error,causal_drf,cwdb_dr,-4.329283452644481e-05,0.0013883923602519765,-0.0027645418606203186,0.002677956191567429,50
wcf_sensitivity_v1_logit_f3,IC1,1000,25,10,aipw_tate_abs_error,TATE-K-grid_mean,aipw functional contrast; marginal absolute error,causal_drf,drf,-0.0009219417529413437,0.00043109560848163833,-0.0017668891455653547,-7.699436031733265e-05,50
wcf_sensitivity_v1_logit_f3,IC1,1000,25,10,aipw_tate_abs_error,TATE-K-grid_mean,aipw functional contrast; marginal absolute error,cwdb_dr,drf,-0.0008786489184148989,0.0015425618929418854,-0.003902070228580994,0.0021447723917511962,50
wcf_sensitivity_v1_logit_f3,IC1,1000,25,10,aipw_tate_abs_error,TATE-K-grid_sd,aipw functional contrast; marginal absolute error,causal_drf,cwdb_dr,-0.0015632168433218543,0.0009977608111936278,-0.0035188280332613645,0.0003923943466176559,50
wcf_sensitivity_v1_logit_f3,IC1,1000,25,10,aipw_tate_abs_error,TATE-K-grid_sd,aipw functional contrast; marginal absolute error,causal_drf,drf,-4.633251535712639e-05,6.693510294285686e-05,-0.00017752531712512582,8.486028641087304e-05,50
wcf_sensitivity_v1_logit_f3,IC1,1000,25,10,aipw_tate_abs_error,TATE-K-grid_sd,aipw functional contrast; marginal absolute error,cwdb_dr,drf,0.0015168843279647279,0.001006485739505139,-0.0004558277214653447,0.0034895963773948005,50
wcf_sensitivity_v1_logit_f3,IC1,1000,25,10,aipw_tate_abs_error,TATE-K-grid_skewness,aipw functional contrast; marginal absolute error,causal_drf,cwdb_dr,-0.0013787571365174332,0.0006249623767445955,-0.0026036833949368405,-0.00015383087809802591,50
wcf_sensitivity_v1_logit_f3,IC1,1000,25,10,aipw_tate_abs_error,TATE-K-grid_skewness,aipw functional contrast; marginal absolute error,causal_drf,drf,-0.00011658489787349721,0.00016222793498219467,-0.00043455165043859874,0.00020138185469160432,50
wcf_sensitivity_v1_logit_f3,IC1,1000,25,10,aipw_tate_abs_error,TATE-K-grid_skewness,aipw functional contrast; marginal absolute error,cwdb_dr,drf,0.001262172238643936,0.0006812624273577696,-7.310211897729245e-05,0.0025974465962651646,50
wcf_sensitivity_v1_logit_f3,IC1,1000,25,10,aipw_tate_abs_error,TATE-K-grid_upper_tail_mean,aipw functional contrast; marginal absolute error,causal_drf,cwdb_dr,-0.0012098367866214613,0.001601703598785342,-0.004349175840240731,0.0019295022669978089,50
wcf_sensitivity_v1_logit_f3,IC1,1000,25,10,aipw_tate_abs_error,TATE-K-grid_upper_tail_mean,aipw functional contrast; marginal absolute error,causal_drf,drf,-0.0010733433618225277,0.0003604205413547094,-0.001779767622877758,-0.00036691910076729734,50
wcf_sensitivity_v1_logit_f3,IC1,1000,25,10,aipw_tate_abs_error,TATE-K-grid_upper_tail_mean,aipw functional contrast; marginal absolute error,cwdb_dr,drf,0.00013649342479893356,0.001690535719943876,-0.0031769565862910633,0.0034499434358889304,50
wcf_sensitivity_v1_logit_f3,IC1,1000,25,10,aipw_tcate_rmse,TCATE-K-grid_mean,"aipw functional contrast; RMSE over four strata of X4 with edges (-0.5, 0.0, 0.5)",causal_drf,cwdb_dr,0.018215661477286225,0.002848192541431668,0.012633204096080156,0.023798118858492295,50
wcf_sensitivity_v1_logit_f3,IC1,1000,25,10,aipw_tcate_rmse,TCATE-K-grid_mean,"aipw functional contrast; RMSE over four strata of X4 with edges (-0.5, 0.0, 0.5)",causal_drf,drf,-0.006074861708639155,0.0008511485548848852,-0.0077431128762135305,-0.00440661054106478,50
wcf_sensitivity_v1_logit_f3,IC1,1000,25,10,aipw_tcate_rmse,TCATE-K-grid_mean,"aipw functional contrast; RMSE over four strata of X4 with edges (-0.5, 0.0, 0.5)",cwdb_dr,drf,-0.02429052318592538,0.003454045122931789,-0.031060451626871686,-0.017520594744979075,50
wcf_sensitivity_v1_logit_f3,IC1,1000,25,10,aipw_tcate_rmse,TCATE-K-grid_sd,"aipw functional contrast; RMSE over four strata of X4 with edges (-0.5, 0.0, 0.5)",causal_drf,cwdb_dr,-0.001595953846023481,0.0009823008256445468,-0.0035212634642867928,0.0003293557722398306,50
wcf_sensitivity_v1_logit_f3,IC1,1000,25,10,aipw_tcate_rmse,TCATE-K-grid_sd,"aipw functional contrast; RMSE over four strata of X4 with edges (-0.5, 0.0, 0.5)",causal_drf,drf,-0.0005166261701868569,0.00011485798246899605,-0.0007417478158260892,-0.00029150452454762457,50
wcf_sensitivity_v1_logit_f3,IC1,1000,25,10,aipw_tcate_rmse,TCATE-K-grid_sd,"aipw functional contrast; RMSE over four strata of X4 with edges (-0.5, 0.0, 0.5)",cwdb_dr,drf,0.0010793276758366242,0.001038118755758889,-0.0009553850854507983,0.003114040437124047,50
wcf_sensitivity_v1_logit_f3,IC1,1000,25,10,aipw_tcate_rmse,TCATE-K-grid_skewness,"aipw functional contrast; RMSE over four strata of X4 with edges (-0.5, 0.0, 0.5)",causal_drf,cwdb_dr,0.001851368730116737,0.0009706353179367744,-5.107649303934085e-05,0.003753813953272815,50
wcf_sensitivity_v1_logit_f3,IC1,1000,25,10,aipw_tcate_rmse,TCATE-K-grid_skewness,"aipw functional contrast; RMSE over four strata of X4 with edges (-0.5, 0.0, 0.5)",causal_drf,drf,-0.0015102538336440891,0.00027777956388107977,-0.0020547017788510053,-0.0009658058884371728,50
wcf_sensitivity_v1_logit_f3,IC1,1000,25,10,aipw_tcate_rmse,TCATE-K-grid_skewness,"aipw functional contrast; RMSE over four strata of X4 with edges (-0.5, 0.0, 0.5)",cwdb_dr,drf,-0.003361622563760826,0.0011264466431525613,-0.005569457984339846,-0.0011537871431818061,50
wcf_sensitivity_v1_logit_f3,IC1,1000,25,10,aipw_tcate_rmse,TCATE-K-grid_upper_tail_mean,"aipw functional contrast; RMSE over four strata of X4 with edges (-0.5, 0.0, 0.5)",causal_drf,cwdb_dr,0.01622460976098855,0.0026561057498191757,0.011018642491342967,0.021430577030634133,50
wcf_sensitivity_v1_logit_f3,IC1,1000,25,10,aipw_tcate_rmse,TCATE-K-grid_upper_tail_mean,"aipw functional contrast; RMSE over four strata of X4 with edges (-0.5, 0.0, 0.5)",causal_drf,drf,-0.00604705414005572,0.0009077461528981864,-0.007826236599736166,-0.004267871680375275,50
wcf_sensitivity_v1_logit_f3,IC1,1000,25,10,aipw_tcate_rmse,TCATE-K-grid_upper_tail_mean,"aipw functional contrast; RMSE over four strata of X4 with edges (-0.5, 0.0, 0.5)",cwdb_dr,drf,-0.02227166390104427,0.0032653997795085415,-0.02867184746888101,-0.01587148033320753,50
wcf_sensitivity_v1_logit_f3,IC1,1000,25,10,barycenter_rmse,MEANQ-A-K,,causal_drf,cwdb_dr,0.10365698745237362,0.0014828951174325501,0.10075051302220582,0.10656346188254141,50
wcf_sensitivity_v1_logit_f3,IC1,1000,25,10,barycenter_rmse,MEANQ-A-K,,causal_drf,drf,-0.04127232266177333,0.0009495087125072939,-0.04313335973828763,-0.03941128558525903,50
wcf_sensitivity_v1_logit_f3,IC1,1000,25,10,barycenter_rmse,MEANQ-A-K,,cwdb_dr,drf,-0.14492931011414695,0.001420623689909731,-0.14771373254637002,-0.14214488768192388,50
wcf_sensitivity_v1_logit_f3,IC1,1000,25,10,mean_quantile_rmse,MEANQ-A-K,"arm contrast, the mandatory common target",causal_drf,cwdb_dr,0.07888984472603489,0.005278394838916956,0.06854419084175765,0.08923549861031212,50
wcf_sensitivity_v1_logit_f3,IC1,1000,25,10,mean_quantile_rmse,MEANQ-A-K,"arm contrast, the mandatory common target",causal_drf,drf,-0.011264252732862995,0.0018907615079599691,-0.014970145288464534,-0.007558360177261456,50
wcf_sensitivity_v1_logit_f3,IC1,1000,25,10,mean_quantile_rmse,MEANQ-A-K,"arm contrast, the mandatory common target",cwdb_dr,drf,-0.09015409745889788,0.004533358777386297,-0.09903948066257502,-0.08126871425522074,50
wcf_sensitivity_v1_logit_f3,IC1,1000,25,10,plugin_reference_tate_abs_error,REF-ATE-K,plugin reference contrast; marginal absolute error,causal_drf,cwdb_dr,0.09321726556981419,0.0028675093221269678,0.08759694729844533,0.09883758384118305,50
wcf_sensitivity_v1_logit_f3,IC1,1000,25,10,plugin_reference_tate_abs_error,REF-ATE-K,plugin reference contrast; marginal absolute error,causal_drf,drf,-0.00572172627933476,0.001506328547364143,-0.008674130232168481,-0.0027693223265010396,50
wcf_sensitivity_v1_logit_f3,IC1,1000,25,10,plugin_reference_tate_abs_error,REF-ATE-K,plugin reference contrast; marginal absolute error,cwdb_dr,drf,-0.09893899184914895,0.0021393260453940904,-0.10313207089812136,-0.09474591280017654,50
wcf_sensitivity_v1_logit_f3,IC1,1000,25,10,plugin_reference_tcate_rmse,REF-TCATE-K,"plugin reference contrast; RMSE over four strata of X4 with edges (-0.5, 0.0, 0.5)",causal_drf,cwdb_dr,0.08794855804090218,0.003391156688588342,0.08130189093126904,0.09459522515053533,50
wcf_sensitivity_v1_logit_f3,IC1,1000,25,10,plugin_reference_tcate_rmse,REF-TCATE-K,"plugin reference contrast; RMSE over four strata of X4 with edges (-0.5, 0.0, 0.5)",causal_drf,drf,-0.0038459768777240055,0.0015146379610993911,-0.006814667281478812,-0.0008772864739691991,50
wcf_sensitivity_v1_logit_f3,IC1,1000,25,10,plugin_reference_tcate_rmse,REF-TCATE-K,"plugin reference contrast; RMSE over four strata of X4 with edges (-0.5, 0.0, 0.5)",cwdb_dr,drf,-0.09179453491862619,0.0028318820608707633,-0.09734502375793289,-0.08624404607931949,50
wcf_sensitivity_v1_logit_f3,IC1,1000,25,10,plugin_tate_abs_error,TATE-K-grid_mean,plugin functional contrast; marginal absolute error,causal_drf,cwdb_dr,0.11346654307247608,0.0033401305018525133,0.10691988728884516,0.120013198856107,50
wcf_sensitivity_v1_logit_f3,IC1,1000,25,10,plugin_tate_abs_error,TATE-K-grid_mean,plugin functional contrast; marginal absolute error,causal_drf,drf,-0.007797761833946842,0.0018275320513972937,-0.011379724654685537,-0.004215799013208147,50
wcf_sensitivity_v1_logit_f3,IC1,1000,25,10,plugin_tate_abs_error,TATE-K-grid_mean,plugin functional contrast; marginal absolute error,cwdb_dr,drf,-0.12126430490642293,0.002520222061624487,-0.12620394014720693,-0.11632466966563892,50
wcf_sensitivity_v1_logit_f3,IC1,1000,25,10,plugin_tate_abs_error,TATE-K-grid_sd,plugin functional contrast; marginal absolute error,causal_drf,cwdb_dr,0.0055722523262115,0.0015334339527329416,0.0025667217788549346,0.008577782873568066,50
wcf_sensitivity_v1_logit_f3,IC1,1000,25,10,plugin_tate_abs_error,TATE-K-grid_sd,plugin functional contrast; marginal absolute error,causal_drf,drf,0.00039191831532061835,0.00024373889620519113,-8.580992124155624e-05,0.0008696465518827929,50
wcf_sensitivity_v1_logit_f3,IC1,1000,25,10,plugin_tate_abs_error,TATE-K-grid_sd,plugin functional contrast; marginal absolute error,cwdb_dr,drf,-0.005180334010890882,0.0014341792530747056,-0.007991325346917304,-0.002369342674864459,50
wcf_sensitivity_v1_logit_f3,IC1,1000,25,10,plugin_tate_abs_error,TATE-K-grid_skewness,plugin functional contrast; marginal absolute error,causal_drf,cwdb_dr,0.011913199709788429,0.003057359566749803,0.005920774958958815,0.017905624460618042,50
wcf_sensitivity_v1_logit_f3,IC1,1000,25,10,plugin_tate_abs_error,TATE-K-grid_skewness,plugin functional contrast; marginal absolute error,causal_drf,drf,-0.002083528829732055,0.0008077406467966723,-0.0036667004974535325,-0.0005003571620105774,50
wcf_sensitivity_v1_logit_f3,IC1,1000,25,10,plugin_tate_abs_error,TATE-K-grid_skewness,plugin functional contrast; marginal absolute error,cwdb_dr,drf,-0.013996728539520484,0.0029008200115694946,-0.019682335762196693,-0.008311121316844274,50
wcf_sensitivity_v1_logit_f3,IC1,1000,25,10,plugin_tate_abs_error,TATE-K-grid_upper_tail_mean,plugin functional contrast; marginal absolute error,causal_drf,cwdb_dr,0.1094060487024368,0.0035074418489455163,0.10253146267850358,0.11628063472637001,50
wcf_sensitivity_v1_logit_f3,IC1,1000,25,10,plugin_tate_abs_error,TATE-K-grid_upper_tail_mean,plugin functional contrast; marginal absolute error,causal_drf,drf,-0.008377708314592974,0.0018267349242185578,-0.011958108766061348,-0.004797307863124601,50
wcf_sensitivity_v1_logit_f3,IC1,1000,25,10,plugin_tate_abs_error,TATE-K-grid_upper_tail_mean,plugin functional contrast; marginal absolute error,cwdb_dr,drf,-0.11778375701702977,0.0028940541735187277,-0.12345610319712648,-0.11211141083693306,50
wcf_sensitivity_v1_logit_f3,IC1,1000,25,10,plugin_tcate_rmse,TCATE-K-grid_mean,"plugin functional contrast; RMSE over four strata of X4 with edges (-0.5, 0.0, 0.5)",causal_drf,cwdb_dr,0.10657827586258208,0.0038913572110076196,0.09895121572900714,0.11420533599615701,50
wcf_sensitivity_v1_logit_f3,IC1,1000,25,10,plugin_tcate_rmse,TCATE-K-grid_mean,"plugin functional contrast; RMSE over four strata of X4 with edges (-0.5, 0.0, 0.5)",causal_drf,drf,-0.005815412672329046,0.001804003484735086,-0.009351259502409814,-0.002279565842248277,50
wcf_sensitivity_v1_logit_f3,IC1,1000,25,10,plugin_tcate_rmse,TCATE-K-grid_mean,"plugin functional contrast; RMSE over four strata of X4 with edges (-0.5, 0.0, 0.5)",cwdb_dr,drf,-0.11239368853491112,0.003202389725614296,-0.11867037239711514,-0.1061170046727071,50
wcf_sensitivity_v1_logit_f3,IC1,1000,25,10,plugin_tcate_rmse,TCATE-K-grid_sd,"plugin functional contrast; RMSE over four strata of X4 with edges (-0.5, 0.0, 0.5)",causal_drf,cwdb_dr,0.0022319058576095244,0.0013491375170142893,-0.0004124036757384825,0.004876215390957532,50
wcf_sensitivity_v1_logit_f3,IC1,1000,25,10,plugin_tcate_rmse,TCATE-K-grid_sd,"plugin functional contrast; RMSE over four strata of X4 with edges (-0.5, 0.0, 0.5)",causal_drf,drf,0.0011707724919323217,0.0002485843989399804,0.0006835470700099602,0.0016579979138546834,50
wcf_sensitivity_v1_logit_f3,IC1,1000,25,10,plugin_tcate_rmse,TCATE-K-grid_sd,"plugin functional contrast; RMSE over four strata of X4 with edges (-0.5, 0.0, 0.5)",cwdb_dr,drf,-0.0010611333656772026,0.0013137838491253213,-0.0036361497099628324,0.0015138829786084272,50
wcf_sensitivity_v1_logit_f3,IC1,1000,25,10,plugin_tcate_rmse,TCATE-K-grid_skewness,"plugin functional contrast; RMSE over four strata of X4 with edges (-0.5, 0.0, 0.5)",causal_drf,cwdb_dr,0.017577625572167806,0.003738457193451536,0.010250249473002796,0.024905001671332815,50
wcf_sensitivity_v1_logit_f3,IC1,1000,25,10,plugin_tcate_rmse,TCATE-K-grid_skewness,"plugin functional contrast; RMSE over four strata of X4 with edges (-0.5, 0.0, 0.5)",causal_drf,drf,-0.0033537984153742192,0.0009505607039789388,-0.005216897395172939,-0.0014906994355754993,50
wcf_sensitivity_v1_logit_f3,IC1,1000,25,10,plugin_tcate_rmse,TCATE-K-grid_skewness,"plugin functional contrast; RMSE over four strata of X4 with edges (-0.5, 0.0, 0.5)",cwdb_dr,drf,-0.020931423987542025,0.003538888466938755,-0.027867645382741984,-0.013995202592342066,50
wcf_sensitivity_v1_logit_f3,IC1,1000,25,10,plugin_tcate_rmse,TCATE-K-grid_upper_tail_mean,"plugin functional contrast; RMSE over four strata of X4 with edges (-0.5, 0.0, 0.5)",causal_drf,cwdb_dr,0.10240578396667606,0.004140153646719364,0.0942910828191061,0.11052048511424602,50
wcf_sensitivity_v1_logit_f3,IC1,1000,25,10,plugin_tcate_rmse,TCATE-K-grid_upper_tail_mean,"plugin functional contrast; RMSE over four strata of X4 with edges (-0.5, 0.0, 0.5)",causal_drf,drf,-0.006179008635585237,0.0018021287255398978,-0.009711180937643437,-0.0026468363335270372,50
wcf_sensitivity_v1_logit_f3,IC1,1000,25,10,plugin_tcate_rmse,TCATE-K-grid_upper_tail_mean,"plugin functional contrast; RMSE over four strata of X4 with edges (-0.5, 0.0, 0.5)",cwdb_dr,drf,-0.1085847926022613,0.0035732471609807824,-0.11558835703778363,-0.10158122816673897,50
wcf_sensitivity_v1_logit_f3,IC1,1000,49,10,aipw_reference_tate_abs_error,REF-ATE-K,aipw reference contrast; marginal absolute error,causal_drf,cwdb_dr,0.00018093283135395266,0.0010969751053405642,-0.001969138375113553,0.0023310040378214584,50
wcf_sensitivity_v1_logit_f3,IC1,1000,49,10,aipw_reference_tate_abs_error,REF-ATE-K,aipw reference contrast; marginal absolute error,causal_drf,drf,-0.001459146172673089,0.0006661193519101395,-0.002764740102416963,-0.00015355224292921553,50
wcf_sensitivity_v1_logit_f3,IC1,1000,49,10,aipw_reference_tate_abs_error,REF-ATE-K,aipw reference contrast; marginal absolute error,cwdb_dr,drf,-0.0016400790040270417,0.001441355073517652,-0.004465134948121639,0.0011849769400675563,50
wcf_sensitivity_v1_logit_f3,IC1,1000,49,10,aipw_reference_tcate_rmse,REF-TCATE-K,"aipw reference contrast; RMSE over four strata of X4 with edges (-0.5, 0.0, 0.5)",causal_drf,cwdb_dr,0.013018636197137515,0.0020444914770175546,0.009011432902183108,0.017025839492091924,50
wcf_sensitivity_v1_logit_f3,IC1,1000,49,10,aipw_reference_tcate_rmse,REF-TCATE-K,"aipw reference contrast; RMSE over four strata of X4 with edges (-0.5, 0.0, 0.5)",causal_drf,drf,-0.005534144949150208,0.0011628858146280005,-0.007813401145821089,-0.0032548887524793267,50
wcf_sensitivity_v1_logit_f3,IC1,1000,49,10,aipw_reference_tcate_rmse,REF-TCATE-K,"aipw reference contrast; RMSE over four strata of X4 with edges (-0.5, 0.0, 0.5)",cwdb_dr,drf,-0.018552781146287722,0.0025139375032941368,-0.02348009865274423,-0.013625463639831213,50
wcf_sensitivity_v1_logit_f3,IC1,1000,49,10,aipw_tate_abs_error,TATE-K-grid_mean,aipw functional contrast; marginal absolute error,causal_drf,cwdb_dr,-0.00010432576860604226,0.0011566405518522807,-0.0023713412502365124,0.002162689713024428,50
wcf_sensitivity_v1_logit_f3,IC1,1000,49,10,aipw_tate_abs_error,TATE-K-grid_mean,aipw functional contrast; marginal absolute error,causal_drf,drf,-0.001734030431182882,0.0007779708366352622,-0.003258853270987996,-0.00020920759137776825,50
wcf_sensitivity_v1_logit_f3,IC1,1000,49,10,aipw_tate_abs_error,TATE-K-grid_mean,aipw functional contrast; marginal absolute error,cwdb_dr,drf,-0.0016297046625768398,0.001571993605743758,-0.004710812129834605,0.0014514028046809257,50
wcf_sensitivity_v1_logit_f3,IC1,1000,49,10,aipw_tate_abs_error,TATE-K-grid_sd,aipw functional contrast; marginal absolute error,causal_drf,cwdb_dr,-0.00023586899603493527,0.0009971980457296203,-0.002190377165664991,0.0017186391735951206,50
wcf_sensitivity_v1_logit_f3,IC1,1000,49,10,aipw_tate_abs_error,TATE-K-grid_sd,aipw functional contrast; marginal absolute error,causal_drf,drf,-0.00011008062599362697,8.322858139346825e-05,-0.0002732086455248247,5.30473935375708e-05,50
wcf_sensitivity_v1_logit_f3,IC1,1000,49,10,aipw_tate_abs_error,TATE-K-grid_sd,aipw functional contrast; marginal absolute error,cwdb_dr,drf,0.0001257883700413083,0.000998560300199692,-0.0018313898183500879,0.0020829665584327045,50
wcf_sensitivity_v1_logit_f3,IC1,1000,49,10,aipw_tate_abs_error,TATE-K-grid_skewness,aipw functional contrast; marginal absolute error,causal_drf,cwdb_dr,-0.0012682250094656492,0.0006578732895427615,-0.0025576566569694616,2.1206638038163278e-05,50
wcf_sensitivity_v1_logit_f3,IC1,1000,49,10,aipw_tate_abs_error,TATE-K-grid_skewness,aipw functional contrast; marginal absolute error,causal_drf,drf,-0.00032884961838815056,0.0002492490231527445,-0.0008173777037675297,0.00015967846699122858,50
wcf_sensitivity_v1_logit_f3,IC1,1000,49,10,aipw_tate_abs_error,TATE-K-grid_skewness,aipw functional contrast; marginal absolute error,cwdb_dr,drf,0.0009393753910774986,0.0006872245393002737,-0.00040758470595103776,0.002286335488106035,50
wcf_sensitivity_v1_logit_f3,IC1,1000,49,10,aipw_tate_abs_error,TATE-K-grid_upper_tail_mean,aipw functional contrast; marginal absolute error,causal_drf,cwdb_dr,-0.00047698559216065306,0.0011248534296608589,-0.0026816983142959362,0.00172772712997463,50
wcf_sensitivity_v1_logit_f3,IC1,1000,49,10,aipw_tate_abs_error,TATE-K-grid_upper_tail_mean,aipw functional contrast; marginal absolute error,causal_drf,drf,-0.0015255689719252293,0.0007532005929144306,-0.003001842134037513,-4.92958098129452e-05,50
wcf_sensitivity_v1_logit_f3,IC1,1000,49,10,aipw_tate_abs_error,TATE-K-grid_upper_tail_mean,aipw functional contrast; marginal absolute error,cwdb_dr,drf,-0.0010485833797645762,0.0014371630119264958,-0.003865422883140508,0.0017682561236113557,50
wcf_sensitivity_v1_logit_f3,IC1,1000,49,10,aipw_tcate_rmse,TCATE-K-grid_mean,"aipw functional contrast; RMSE over four strata of X4 with edges (-0.5, 0.0, 0.5)",causal_drf,cwdb_dr,0.017150784168045143,0.002806674494817038,0.011649702158203748,0.02265186617788654,50
wcf_sensitivity_v1_logit_f3,IC1,1000,49,10,aipw_tcate_rmse,TCATE-K-grid_mean,"aipw functional contrast; RMSE over four strata of X4 with edges (-0.5, 0.0, 0.5)",causal_drf,drf,-0.006414538393511214,0.001512119926576877,-0.009378293449601893,-0.0034507833374205353,50
wcf_sensitivity_v1_logit_f3,IC1,1000,49,10,aipw_tcate_rmse,TCATE-K-grid_mean,"aipw functional contrast; RMSE over four strata of X4 with edges (-0.5, 0.0, 0.5)",cwdb_dr,drf,-0.023565322561556357,0.0034092093183123325,-0.030247372825448527,-0.016883272297664186,50
wcf_sensitivity_v1_logit_f3,IC1,1000,49,10,aipw_tcate_rmse,TCATE-K-grid_sd,"aipw functional contrast; RMSE over four strata of X4 with edges (-0.5, 0.0, 0.5)",causal_drf,cwdb_dr,-0.0008370101216075426,0.000852243747956185,-0.002507407867601665,0.0008333876243865799,50
wcf_sensitivity_v1_logit_f3,IC1,1000,49,10,aipw_tcate_rmse,TCATE-K-grid_sd,"aipw functional contrast; RMSE over four strata of X4 with edges (-0.5, 0.0, 0.5)",causal_drf,drf,-0.0006075347489650183,0.0001469819789997376,-0.000895619427804504,-0.00031945007012553265,50
wcf_sensitivity_v1_logit_f3,IC1,1000,49,10,aipw_tcate_rmse,TCATE-K-grid_sd,"aipw functional contrast; RMSE over four strata of X4 with edges (-0.5, 0.0, 0.5)",cwdb_dr,drf,0.0002294753726425243,0.0008906995098889052,-0.0015162956667397298,0.0019752464120247784,50
wcf_sensitivity_v1_logit_f3,IC1,1000,49,10,aipw_tcate_rmse,TCATE-K-grid_skewness,"aipw functional contrast; RMSE over four strata of X4 with edges (-0.5, 0.0, 0.5)",causal_drf,cwdb_dr,0.004104345373868305,0.0009790650021241957,0.0021853779697048816,0.006023312778031729,50
wcf_sensitivity_v1_logit_f3,IC1,1000,49,10,aipw_tcate_rmse,TCATE-K-grid_skewness,"aipw functional contrast; RMSE over four strata of X4 with edges (-0.5, 0.0, 0.5)",causal_drf,drf,-0.0007683561192874527,0.0006209333493177737,-0.001985385483950289,0.00044867324537538355,50
wcf_sensitivity_v1_logit_f3,IC1,1000,49,10,aipw_tcate_rmse,TCATE-K-grid_skewness,"aipw functional contrast; RMSE over four strata of X4 with edges (-0.5, 0.0, 0.5)",cwdb_dr,drf,-0.004872701493155758,0.00117613344096349,-0.007177923037444198,-0.0025674799488673173,50
wcf_sensitivity_v1_logit_f3,IC1,1000,49,10,aipw_tcate_rmse,TCATE-K-grid_upper_tail_mean,"aipw functional contrast; RMSE over four strata of X4 with edges (-0.5, 0.0, 0.5)",causal_drf,cwdb_dr,0.015005314022688593,0.00283594990686995,0.00944685220522349,0.020563775840153696,50
wcf_sensitivity_v1_logit_f3,IC1,1000,49,10,aipw_tcate_rmse,TCATE-K-grid_upper_tail_mean,"aipw functional contrast; RMSE over four strata of X4 with edges (-0.5, 0.0, 0.5)",causal_drf,drf,-0.0059619480484416,0.001579689500488556,-0.009058139469399169,-0.0028657566274840297,50
wcf_sensitivity_v1_logit_f3,IC1,1000,49,10,aipw_tcate_rmse,TCATE-K-grid_upper_tail_mean,"aipw functional contrast; RMSE over four strata of X4 with edges (-0.5, 0.0, 0.5)",cwdb_dr,drf,-0.020967262071130192,0.0034455144128229683,-0.02772047032026321,-0.014214053821997174,50
wcf_sensitivity_v1_logit_f3,IC1,1000,49,10,barycenter_rmse,MEANQ-A-K,,causal_drf,cwdb_dr,0.11560610709278588,0.0015521331263230135,0.11256392616519277,0.11864828802037898,50
wcf_sensitivity_v1_logit_f3,IC1,1000,49,10,barycenter_rmse,MEANQ-A-K,,causal_drf,drf,-0.026796499988489986,0.0009358515960546386,-0.028630769116757077,-0.024962230860222895,50
wcf_sensitivity_v1_logit_f3,IC1,1000,49,10,barycenter_rmse,MEANQ-A-K,,cwdb_dr,drf,-0.14240260708127586,0.0014311129564980338,-0.145207588476012,-0.13959762568653972,50
wcf_sensitivity_v1_logit_f3,IC1,1000,49,10,mean_quantile_rmse,MEANQ-A-K,"arm contrast, the mandatory common target",causal_drf,cwdb_dr,0.04577360295914258,0.005189136694390242,0.03560289503813771,0.05594431088014745,50
wcf_sensitivity_v1_logit_f3,IC1,1000,49,10,mean_quantile_rmse,MEANQ-A-K,"arm contrast, the mandatory common target",causal_drf,drf,-0.03730386161714397,0.002529186129960305,-0.04226106643186617,-0.03234665680242177,50
wcf_sensitivity_v1_logit_f3,IC1,1000,49,10,mean_quantile_rmse,MEANQ-A-K,"arm contrast, the mandatory common target",cwdb_dr,drf,-0.08307746457628655,0.004191486934202665,-0.09129277896732377,-0.07486215018524933,50
wcf_sensitivity_v1_logit_f3,IC1,1000,49,10,plugin_reference_tate_abs_error,REF-ATE-K,plugin reference contrast; marginal absolute error,causal_drf,cwdb_dr,0.06486914053121064,0.003044569166664625,0.058901784964547975,0.0708364960978733,50
wcf_sensitivity_v1_logit_f3,IC1,1000,49,10,plugin_reference_tate_abs_error,REF-ATE-K,plugin reference contrast; marginal absolute error,causal_drf,drf,-0.027972847093664543,0.0020579688346126614,-0.03200646600950536,-0.023939228177823728,50
wcf_sensitivity_v1_logit_f3,IC1,1000,49,10,plugin_reference_tate_abs_error,REF-ATE-K,plugin reference contrast; marginal absolute error,cwdb_dr,drf,-0.09284198762487518,0.00240263412604654,-0.0975511505119264,-0.08813282473782397,50
wcf_sensitivity_v1_logit_f3,IC1,1000,49,10,plugin_reference_tcate_rmse,REF-TCATE-K,"plugin reference contrast; RMSE over four strata of X4 with edges (-0.5, 0.0, 0.5)",causal_drf,cwdb_dr,0.05960679373715562,0.0035509729959209402,0.05264688666515058,0.06656670080916066,50
wcf_sensitivity_v1_logit_f3,IC1,1000,49,10,plugin_reference_tcate_rmse,REF-TCATE-K,"plugin reference contrast; RMSE over four strata of X4 with edges (-0.5, 0.0, 0.5)",causal_drf,drf,-0.025252460176235197,0.002106914678354839,-0.029382012945810682,-0.021122907406659713,50
wcf_sensitivity_v1_logit_f3,IC1,1000,49,10,plugin_reference_tcate_rmse,REF-TCATE-K,"plugin reference contrast; RMSE over four strata of X4 with edges (-0.5, 0.0, 0.5)",cwdb_dr,drf,-0.08485925391339082,0.00304909328398798,-0.09083547675000726,-0.07888303107677437,50
wcf_sensitivity_v1_logit_f3,IC1,1000,49,10,plugin_tate_abs_error,TATE-K-grid_mean,plugin functional contrast; marginal absolute error,causal_drf,cwdb_dr,0.07848436441168839,0.003504671831757319,0.07161520762144405,0.08535352120193274,50
wcf_sensitivity_v1_logit_f3,IC1,1000,49,10,plugin_tate_abs_error,TATE-K-grid_mean,plugin functional contrast; marginal absolute error,causal_drf,drf,-0.035594478942568286,0.0024776064587350563,-0.04045058760168899,-0.030738370283447575,50
wcf_sensitivity_v1_logit_f3,IC1,1000,49,10,plugin_tate_abs_error,TATE-K-grid_mean,plugin functional contrast; marginal absolute error,cwdb_dr,drf,-0.11407884335425668,0.002703053559499686,-0.11937682833087607,-0.10878085837763729,50
wcf_sensitivity_v1_logit_f3,IC1,1000,49,10,plugin_tate_abs_error,TATE-K-grid_sd,plugin functional contrast; marginal absolute error,causal_drf,cwdb_dr,0.0063145444554868965,0.00130124988536026,0.003764094680180787,0.008864994230793006,50
wcf_sensitivity_v1_logit_f3,IC1,1000,49,10,plugin_tate_abs_error,TATE-K-grid_sd,plugin functional contrast; marginal absolute error,causal_drf,drf,0.0001801718198921297,0.00033807991786134896,-0.0004824648191161143,0.0008428084589003737,50
wcf_sensitivity_v1_logit_f3,IC1,1000,49,10,plugin_tate_abs_error,TATE-K-grid_sd,plugin functional contrast; marginal absolute error,cwdb_dr,drf,-0.006134372635594767,0.0012597142380027587,-0.008603412542080174,-0.00366533272910936,50
wcf_sensitivity_v1_logit_f3,IC1,1000,49,10,plugin_tate_abs_error,TATE-K-grid_skewness,plugin functional contrast; marginal absolute error,causal_drf,cwdb_dr,0.003427317318833091,0.002655929450238007,-0.0017783044036334024,0.008632939041299584,50
wcf_sensitivity_v1_logit_f3,IC1,1000,49,10,plugin_tate_abs_error,TATE-K-grid_skewness,plugin functional contrast; marginal absolute error,causal_drf,drf,-0.009487038018120127,0.0011973620047808459,-0.011833867547490586,-0.007140208488749669,50
wcf_sensitivity_v1_logit_f3,IC1,1000,49,10,plugin_tate_abs_error,TATE-K-grid_skewness,plugin functional contrast; marginal absolute error,cwdb_dr,drf,-0.012914355336953218,0.0023890090214397502,-0.01759681301897513,-0.008231897654931307,50
wcf_sensitivity_v1_logit_f3,IC1,1000,49,10,plugin_tate_abs_error,TATE-K-grid_upper_tail_mean,plugin functional contrast; marginal absolute error,causal_drf,cwdb_dr,0.0733173718609498,0.003512033328173845,0.06643378653772906,0.08020095718417054,50
wcf_sensitivity_v1_logit_f3,IC1,1000,49,10,plugin_tate_abs_error,TATE-K-grid_upper_tail_mean,plugin functional contrast; marginal absolute error,causal_drf,drf,-0.036501666853338915,0.0024297614512987314,-0.04126399929788443,-0.0317393344087934,50
wcf_sensitivity_v1_logit_f3,IC1,1000,49,10,plugin_tate_abs_error,TATE-K-grid_upper_tail_mean,plugin functional contrast; marginal absolute error,cwdb_dr,drf,-0.10981903871428872,0.002921199975239328,-0.1155445906657578,-0.10409348676281964,50
wcf_sensitivity_v1_logit_f3,IC1,1000,49,10,plugin_tcate_rmse,TCATE-K-grid_mean,"plugin functional contrast; RMSE over four strata of X4 with edges (-0.5, 0.0, 0.5)",causal_drf,cwdb_dr,0.07225871060445337,0.0039035550142219695,0.06460774277657831,0.07990967843232842,50
wcf_sensitivity_v1_logit_f3,IC1,1000,49,10,plugin_tcate_rmse,TCATE-K-grid_mean,"plugin functional contrast; RMSE over four strata of X4 with edges (-0.5, 0.0, 0.5)",causal_drf,drf,-0.03329846040657819,0.0024352235567000925,-0.038071498577710375,-0.028525422235446008,50
wcf_sensitivity_v1_logit_f3,IC1,1000,49,10,plugin_tcate_rmse,TCATE-K-grid_mean,"plugin functional contrast; RMSE over four strata of X4 with edges (-0.5, 0.0, 0.5)",cwdb_dr,drf,-0.10555717101103156,0.0032946836627528973,-0.11201475099002724,-0.09909959103203587,50
wcf_sensitivity_v1_logit_f3,IC1,1000,49,10,plugin_tcate_rmse,TCATE-K-grid_sd,"plugin functional contrast; RMSE over four strata of X4 with edges (-0.5, 0.0, 0.5)",causal_drf,cwdb_dr,0.003065345591757227,0.0013657409427616015,0.0003884933439444881,0.005742197839569967,50
wcf_sensitivity_v1_logit_f3,IC1,1000,49,10,plugin_tcate_rmse,TCATE-K-grid_sd,"plugin functional contrast; RMSE over four strata of X4 with edges (-0.5, 0.0, 0.5)",causal_drf,drf,0.0013929133591582855,0.00035629207533176136,0.0006945808915080333,0.0020912458268085377,50
wcf_sensitivity_v1_logit_f3,IC1,1000,49,10,plugin_tcate_rmse,TCATE-K-grid_sd,"plugin functional contrast; RMSE over four strata of X4 with edges (-0.5, 0.0, 0.5)",cwdb_dr,drf,-0.0016724322325989416,0.001377773624284521,-0.004372868536196603,0.0010280040709987198,50
wcf_sensitivity_v1_logit_f3,IC1,1000,49,10,plugin_tcate_rmse,TCATE-K-grid_skewness,"plugin functional contrast; RMSE over four strata of X4 with edges (-0.5, 0.0, 0.5)",causal_drf,cwdb_dr,0.00833997822187163,0.0036791321331064394,0.0011288792409830089,0.015551077202760251,50
wcf_sensitivity_v1_logit_f3,IC1,1000,49,10,plugin_tcate_rmse,TCATE-K-grid_skewness,"plugin functional contrast; RMSE over four strata of X4 with edges (-0.5, 0.0, 0.5)",causal_drf,drf,-0.00860508335896977,0.0014875996512433052,-0.011520778675406648,-0.005689388042532892,50
wcf_sensitivity_v1_logit_f3,IC1,1000,49,10,plugin_tcate_rmse,TCATE-K-grid_skewness,"plugin functional contrast; RMSE over four strata of X4 with edges (-0.5, 0.0, 0.5)",cwdb_dr,drf,-0.0169450615808414,0.003354782844673621,-0.023520435956401697,-0.010369687205281104,50
wcf_sensitivity_v1_logit_f3,IC1,1000,49,10,plugin_tcate_rmse,TCATE-K-grid_upper_tail_mean,"plugin functional contrast; RMSE over four strata of X4 with edges (-0.5, 0.0, 0.5)",causal_drf,cwdb_dr,0.06681203078112172,0.00393247695370134,0.05910437595186709,0.07451968561037635,50
wcf_sensitivity_v1_logit_f3,IC1,1000,49,10,plugin_tcate_rmse,TCATE-K-grid_upper_tail_mean,"plugin functional contrast; RMSE over four strata of X4 with edges (-0.5, 0.0, 0.5)",causal_drf,drf,-0.033889094611828374,0.002344162955805489,-0.03848365400520713,-0.029294535218449616,50
wcf_sensitivity_v1_logit_f3,IC1,1000,49,10,plugin_tcate_rmse,TCATE-K-grid_upper_tail_mean,"plugin functional contrast; RMSE over four strata of X4 with edges (-0.5, 0.0, 0.5)",cwdb_dr,drf,-0.10070112539295009,0.0034783312560058804,-0.10751865465472162,-0.09388359613117857,50
wcf_sensitivity_v1_logit_f3,IC2,1000,5,10,aipw_reference_tate_abs_error,REF-ATE-K,aipw reference contrast; marginal absolute error,causal_drf,cwdb_dr,0.0011417768638783375,0.0014160496846860246,-0.0016336805181062708,0.003917234245862946,50
wcf_sensitivity_v1_logit_f3,IC2,1000,5,10,aipw_reference_tate_abs_error,REF-ATE-K,aipw reference contrast; marginal absolute error,causal_drf,drf,-0.0011333400141764621,0.0006284045473448915,-0.0023650129269724494,9.833289861952517e-05,50
wcf_sensitivity_v1_logit_f3,IC2,1000,5,10,aipw_reference_tate_abs_error,REF-ATE-K,aipw reference contrast; marginal absolute error,cwdb_dr,drf,-0.0022751168780547996,0.001874995074490674,-0.005950107224056521,0.0013998734679469215,50
wcf_sensitivity_v1_logit_f3,IC2,1000,5,10,aipw_reference_tcate_rmse,REF-TCATE-K,"aipw reference contrast; RMSE over four strata of X3 with edges (-0.5, 0.0, 0.5)",causal_drf,cwdb_dr,0.016042330583595547,0.001985874956925294,0.012150015668021971,0.019934645499169124,50
wcf_sensitivity_v1_logit_f3,IC2,1000,5,10,aipw_reference_tcate_rmse,REF-TCATE-K,"aipw reference contrast; RMSE over four strata of X3 with edges (-0.5, 0.0, 0.5)",causal_drf,drf,-0.009778999547653183,0.0009795405614582845,-0.01169889904811142,-0.007859100047194947,50
wcf_sensitivity_v1_logit_f3,IC2,1000,5,10,aipw_reference_tcate_rmse,REF-TCATE-K,"aipw reference contrast; RMSE over four strata of X3 with edges (-0.5, 0.0, 0.5)",cwdb_dr,drf,-0.02582133013124873,0.002731229870183302,-0.031174540676808003,-0.02046811958568946,50
wcf_sensitivity_v1_logit_f3,IC2,1000,5,10,aipw_tate_abs_error,TATE-K-grid_mean,aipw functional contrast; marginal absolute error,causal_drf,cwdb_dr,0.001673132747765746,0.0016378256243355053,-0.0015370054759318444,0.004883270971463336,50
wcf_sensitivity_v1_logit_f3,IC2,1000,5,10,aipw_tate_abs_error,TATE-K-grid_mean,aipw functional contrast; marginal absolute error,causal_drf,drf,-0.0016808464386249,0.0006976403443766979,-0.003048221513603228,-0.00031347136364657233,50
wcf_sensitivity_v1_logit_f3,IC2,1000,5,10,aipw_tate_abs_error,TATE-K-grid_mean,aipw functional contrast; marginal absolute error,cwdb_dr,drf,-0.003353979186390646,0.00215015262983664,-0.007568278340870461,0.0008603199680891687,50
wcf_sensitivity_v1_logit_f3,IC2,1000,5,10,aipw_tate_abs_error,TATE-K-grid_sd,aipw functional contrast; marginal absolute error,causal_drf,cwdb_dr,-0.0019621907897582804,0.0008667125958990792,-0.0036609474777204755,-0.00026343410179608534,50
wcf_sensitivity_v1_logit_f3,IC2,1000,5,10,aipw_tate_abs_error,TATE-K-grid_sd,aipw functional contrast; marginal absolute error,causal_drf,drf,-5.56022572388553e-05,8.204888718202599e-05,-0.00021641807611562624,0.00010521356163791564,50
wcf_sensitivity_v1_logit_f3,IC2,1000,5,10,aipw_tate_abs_error,TATE-K-grid_sd,aipw functional contrast; marginal absolute error,cwdb_dr,drf,0.0019065885325194251,0.0008901558954032401,0.00016188297752907474,0.0036512940875097757,50
wcf_sensitivity_v1_logit_f3,IC2,1000,5,10,aipw_tate_abs_error,TATE-K-grid_skewness,aipw functional contrast; marginal absolute error,causal_drf,cwdb_dr,-0.0013106013958303297,0.0004003910196347183,-0.0020953677943143776,-0.0005258349973462817,50
wcf_sensitivity_v1_logit_f3,IC2,1000,5,10,aipw_tate_abs_error,TATE-K-grid_skewness,aipw functional contrast; marginal absolute error,causal_drf,drf,-0.0007965349016344964,0.00020325660666902325,-0.001194917850705782,-0.0003981519525632109,50
wcf_sensitivity_v1_logit_f3,IC2,1000,5,10,aipw_tate_abs_error,TATE-K-grid_skewness,aipw functional contrast; marginal absolute error,cwdb_dr,drf,0.0005140664941958332,0.00048126680593036205,-0.00042921644542767636,0.0014573494338193428,50
wcf_sensitivity_v1_logit_f3,IC2,1000,5,10,aipw_tate_abs_error,TATE-K-grid_upper_tail_mean,aipw functional contrast; marginal absolute error,causal_drf,cwdb_dr,0.0020646369861304567,0.0021247227469100185,-0.0020998195978131793,0.006229093570074093,50
wcf_sensitivity_v1_logit_f3,IC2,1000,5,10,aipw_tate_abs_error,TATE-K-grid_upper_tail_mean,aipw functional contrast; marginal absolute error,causal_drf,drf,-0.0019519703120040345,0.0007177920248597777,-0.0033588426807291986,-0.0005450979432788702,50
wcf_sensitivity_v1_logit_f3,IC2,1000,5,10,aipw_tate_abs_error,TATE-K-grid_upper_tail_mean,aipw functional contrast; marginal absolute error,cwdb_dr,drf,-0.004016607298134491,0.0026007110703694645,-0.009114000996058642,0.001080786399789659,50
wcf_sensitivity_v1_logit_f3,IC2,1000,5,10,aipw_tcate_rmse,TCATE-K-grid_mean,"aipw functional contrast; RMSE over four strata of X3 with edges (-0.5, 0.0, 0.5)",causal_drf,cwdb_dr,0.019468726743942982,0.0022572527341022386,0.015044511385102596,0.02389294210278337,50
wcf_sensitivity_v1_logit_f3,IC2,1000,5,10,aipw_tcate_rmse,TCATE-K-grid_mean,"aipw functional contrast; RMSE over four strata of X3 with edges (-0.5, 0.0, 0.5)",causal_drf,drf,-0.011773749362368635,0.0011200563380705708,-0.013969059784986953,-0.009578438939750317,50
wcf_sensitivity_v1_logit_f3,IC2,1000,5,10,aipw_tcate_rmse,TCATE-K-grid_mean,"aipw functional contrast; RMSE over four strata of X3 with edges (-0.5, 0.0, 0.5)",cwdb_dr,drf,-0.031242476106311617,0.003026229761504202,-0.037173886438859854,-0.02531106577376338,50
wcf_sensitivity_v1_logit_f3,IC2,1000,5,10,aipw_tcate_rmse,TCATE-K-grid_sd,"aipw functional contrast; RMSE over four strata of X3 with edges (-0.5, 0.0, 0.5)",causal_drf,cwdb_dr,-0.0033416301137358002,0.0007971283241993735,-0.004904001629166573,-0.001779258598305028,50
wcf_sensitivity_v1_logit_f3,IC2,1000,5,10,aipw_tcate_rmse,TCATE-K-grid_sd,"aipw functional contrast; RMSE over four strata of X3 with edges (-0.5, 0.0, 0.5)",causal_drf,drf,-0.0003795203951334307,0.00012098232012203286,-0.0006166457425726151,-0.00014239504769424628,50
wcf_sensitivity_v1_logit_f3,IC2,1000,5,10,aipw_tcate_rmse,TCATE-K-grid_sd,"aipw functional contrast; RMSE over four strata of X3 with edges (-0.5, 0.0, 0.5)",cwdb_dr,drf,0.0029621097186023695,0.0008261336193831171,0.0013428878246114601,0.004581331612593279,50
wcf_sensitivity_v1_logit_f3,IC2,1000,5,10,aipw_tcate_rmse,TCATE-K-grid_skewness,"aipw functional contrast; RMSE over four strata of X3 with edges (-0.5, 0.0, 0.5)",causal_drf,cwdb_dr,0.0010825890439287653,0.0006011811114882712,-9.572593458824627e-05,0.002260904022445777,50
wcf_sensitivity_v1_logit_f3,IC2,1000,5,10,aipw_tcate_rmse,TCATE-K-grid_skewness,"aipw functional contrast; RMSE over four strata of X3 with edges (-0.5, 0.0, 0.5)",causal_drf,drf,-0.003865019259648725,0.00035680011111523214,-0.0045643474774345804,-0.00316569104186287,50
wcf_sensitivity_v1_logit_f3,IC2,1000,5,10,aipw_tcate_rmse,TCATE-K-grid_skewness,"aipw functional contrast; RMSE over four strata of X3 with edges (-0.5, 0.0, 0.5)",cwdb_dr,drf,-0.0049476083035774904,0.0007934678436391974,-0.006502805277110318,-0.0033924113300446636,50
wcf_sensitivity_v1_logit_f3,IC2,1000,5,10,aipw_tcate_rmse,TCATE-K-grid_upper_tail_mean,"aipw functional contrast; RMSE over four strata of X3 with edges (-0.5, 0.0, 0.5)",causal_drf,cwdb_dr,0.02027737155076991,0.002325955316015142,0.015718499131380233,0.02483624397015959,50
wcf_sensitivity_v1_logit_f3,IC2,1000,5,10,aipw_tcate_rmse,TCATE-K-grid_upper_tail_mean,"aipw functional contrast; RMSE over four strata of X3 with edges (-0.5, 0.0, 0.5)",causal_drf,drf,-0.012594483150292601,0.001191642209355899,-0.014930101880630164,-0.010258864419955039,50
wcf_sensitivity_v1_logit_f3,IC2,1000,5,10,aipw_tcate_rmse,TCATE-K-grid_upper_tail_mean,"aipw functional contrast; RMSE over four strata of X3 with edges (-0.5, 0.0, 0.5)",cwdb_dr,drf,-0.03287185470106251,0.0031405898741016236,-0.0390274108543017,-0.02671629854782333,50
wcf_sensitivity_v1_logit_f3,IC2,1000,5,10,barycenter_rmse,MEANQ-A-K,,causal_drf,cwdb_dr,0.130240503727914,0.0018854436752359265,0.12654503412445156,0.1339359733313764,50
wcf_sensitivity_v1_logit_f3,IC2,1000,5,10,barycenter_rmse,MEANQ-A-K,,causal_drf,drf,-0.053277712671632727,0.001092639112089793,-0.05541928533132872,-0.05113614001193673,50
wcf_sensitivity_v1_logit_f3,IC2,1000,5,10,barycenter_rmse,MEANQ-A-K,,cwdb_dr,drf,-0.1835182163995467,0.0015886108332600322,-0.18663189363273638,-0.18040453916635704,50
wcf_sensitivity_v1_logit_f3,IC2,1000,5,10,mean_quantile_rmse,MEANQ-A-K,"arm contrast, the mandatory common target",causal_drf,cwdb_dr,0.11437676823384345,0.005755789348247767,0.10309542111127783,0.12565811535640908,50
wcf_sensitivity_v1_logit_f3,IC2,1000,5,10,mean_quantile_rmse,MEANQ-A-K,"arm contrast, the mandatory common target",causal_drf,drf,-0.039688483993601836,0.0023530207921724244,-0.04430040474625979,-0.03507656324094388,50
wcf_sensitivity_v1_logit_f3,IC2,1000,5,10,mean_quantile_rmse,MEANQ-A-K,"arm contrast, the mandatory common target",cwdb_dr,drf,-0.15406525222744527,0.00535834726140044,-0.16456761285979013,-0.1435628915951004,50
wcf_sensitivity_v1_logit_f3,IC2,1000,5,10,plugin_reference_tate_abs_error,REF-ATE-K,plugin reference contrast; marginal absolute error,causal_drf,cwdb_dr,0.1139188494503323,0.0033235374443201415,0.10740471605946482,0.12043298284119978,50
wcf_sensitivity_v1_logit_f3,IC2,1000,5,10,plugin_reference_tate_abs_error,REF-ATE-K,plugin reference contrast; marginal absolute error,causal_drf,drf,-0.031267813727108434,0.002131002779086184,-0.035444579174117356,-0.027091048280099513,50
wcf_sensitivity_v1_logit_f3,IC2,1000,5,10,plugin_reference_tate_abs_error,REF-ATE-K,plugin reference contrast; marginal absolute error,cwdb_dr,drf,-0.14518666317744072,0.0026702007234221483,-0.15042025659534813,-0.1399530697595333,50
wcf_sensitivity_v1_logit_f3,IC2,1000,5,10,plugin_reference_tcate_rmse,REF-TCATE-K,"plugin reference contrast; RMSE over four strata of X3 with edges (-0.5, 0.0, 0.5)",causal_drf,cwdb_dr,0.11238610981526419,0.0033592378902073043,0.10580200355045787,0.11897021608007051,50
wcf_sensitivity_v1_logit_f3,IC2,1000,5,10,plugin_reference_tcate_rmse,REF-TCATE-K,"plugin reference contrast; RMSE over four strata of X3 with edges (-0.5, 0.0, 0.5)",causal_drf,drf,-0.03173066499608232,0.0021009846003546117,-0.03584859481277736,-0.027612735179387282,50
wcf_sensitivity_v1_logit_f3,IC2,1000,5,10,plugin_reference_tcate_rmse,REF-TCATE-K,"plugin reference contrast; RMSE over four strata of X3 with edges (-0.5, 0.0, 0.5)",cwdb_dr,drf,-0.1441167748113465,0.002713122372457029,-0.14943449466136227,-0.13879905496133071,50
wcf_sensitivity_v1_logit_f3,IC2,1000,5,10,plugin_tate_abs_error,TATE-K-grid_mean,plugin functional contrast; marginal absolute error,causal_drf,cwdb_dr,0.1347864111799962,0.003639151201418697,0.12765367482521556,0.14191914753477686,50
wcf_sensitivity_v1_logit_f3,IC2,1000,5,10,plugin_tate_abs_error,TATE-K-grid_mean,plugin functional contrast; marginal absolute error,causal_drf,drf,-0.03621094201780828,0.0023961799697838964,-0.04090745475858472,-0.03151442927703184,50
wcf_sensitivity_v1_logit_f3,IC2,1000,5,10,plugin_tate_abs_error,TATE-K-grid_mean,plugin functional contrast; marginal absolute error,cwdb_dr,drf,-0.17099735319780449,0.0029296706411514363,-0.1767395076544613,-0.16525519874114766,50
wcf_sensitivity_v1_logit_f3,IC2,1000,5,10,plugin_tate_abs_error,TATE-K-grid_sd,plugin functional contrast; marginal absolute error,causal_drf,cwdb_dr,-0.006952173148811721,0.0015132774864038783,-0.009918197022163322,-0.00398614927546012,50
wcf_sensitivity_v1_logit_f3,IC2,1000,5,10,plugin_tate_abs_error,TATE-K-grid_sd,plugin functional contrast; marginal absolute error,causal_drf,drf,0.00020414401705482962,0.00023138628212498,-0.00024937309591013113,0.0006576611300197904,50
wcf_sensitivity_v1_logit_f3,IC2,1000,5,10,plugin_tate_abs_error,TATE-K-grid_sd,plugin functional contrast; marginal absolute error,cwdb_dr,drf,0.00715631716586655,0.0015354634216264706,0.004146808859478668,0.010165825472254433,50
wcf_sensitivity_v1_logit_f3,IC2,1000,5,10,plugin_tate_abs_error,TATE-K-grid_skewness,plugin functional contrast; marginal absolute error,causal_drf,cwdb_dr,0.019174085294048727,0.0016662585323976144,0.0159082185705494,0.022439952017548052,50
wcf_sensitivity_v1_logit_f3,IC2,1000,5,10,plugin_tate_abs_error,TATE-K-grid_skewness,plugin functional contrast; marginal absolute error,causal_drf,drf,-0.011610813898352688,0.0006616774019289233,-0.012907701606133378,-0.010313926190571998,50
wcf_sensitivity_v1_logit_f3,IC2,1000,5,10,plugin_tate_abs_error,TATE-K-grid_skewness,plugin functional contrast; marginal absolute error,cwdb_dr,drf,-0.030784899192401415,0.0016861413493093438,-0.03408973623704773,-0.027480062147755103,50
wcf_sensitivity_v1_logit_f3,IC2,1000,5,10,plugin_tate_abs_error,TATE-K-grid_upper_tail_mean,plugin functional contrast; marginal absolute error,causal_drf,cwdb_dr,0.1482975365406729,0.0036456608108286427,0.14115204135144876,0.15544303172989704,50
wcf_sensitivity_v1_logit_f3,IC2,1000,5,10,plugin_tate_abs_error,TATE-K-grid_upper_tail_mean,plugin functional contrast; marginal absolute error,causal_drf,drf,-0.03845082489963417,0.002431495969694522,-0.04321655700023543,-0.0336850927990329,50
wcf_sensitivity_v1_logit_f3,IC2,1000,5,10,plugin_tate_abs_error,TATE-K-grid_upper_tail_mean,plugin functional contrast; marginal absolute error,cwdb_dr,drf,-0.18674836144030707,0.002997281362885648,-0.19262303291156294,-0.1808736899690512,50
wcf_sensitivity_v1_logit_f3,IC2,1000,5,10,plugin_tcate_rmse,TCATE-K-grid_mean,"plugin functional contrast; RMSE over four strata of X3 with edges (-0.5, 0.0, 0.5)",causal_drf,cwdb_dr,0.13248800199973573,0.0037133827095036003,0.12520977188910867,0.1397662321103628,50
wcf_sensitivity_v1_logit_f3,IC2,1000,5,10,plugin_tcate_rmse,TCATE-K-grid_mean,"plugin functional contrast; RMSE over four strata of X3 with edges (-0.5, 0.0, 0.5)",causal_drf,drf,-0.03642639001083431,0.0023364657419742032,-0.04100586286510375,-0.03184691715656487,50
wcf_sensitivity_v1_logit_f3,IC2,1000,5,10,plugin_tcate_rmse,TCATE-K-grid_mean,"plugin functional contrast; RMSE over four strata of X3 with edges (-0.5, 0.0, 0.5)",cwdb_dr,drf,-0.16891439201057004,0.0030422016350579143,-0.17487710721528354,-0.16295167680585654,50
wcf_sensitivity_v1_logit_f3,IC2,1000,5,10,plugin_tcate_rmse,TCATE-K-grid_sd,"plugin functional contrast; RMSE over four strata of X3 with edges (-0.5, 0.0, 0.5)",causal_drf,cwdb_dr,-0.008422062564476635,0.001372803226132299,-0.01111275688769594,-0.005731368241257329,50
wcf_sensitivity_v1_logit_f3,IC2,1000,5,10,plugin_tcate_rmse,TCATE-K-grid_sd,"plugin functional contrast; RMSE over four strata of X3 with edges (-0.5, 0.0, 0.5)",causal_drf,drf,0.00042683559670294614,0.00023551769130420195,-3.477907825328967e-05,0.000888450271659182,50
wcf_sensitivity_v1_logit_f3,IC2,1000,5,10,plugin_tcate_rmse,TCATE-K-grid_sd,"plugin functional contrast; RMSE over four strata of X3 with edges (-0.5, 0.0, 0.5)",cwdb_dr,drf,0.008848898161179581,0.0013952576973090673,0.006114193074453809,0.011583603247905354,50
wcf_sensitivity_v1_logit_f3,IC2,1000,5,10,plugin_tcate_rmse,TCATE-K-grid_skewness,"plugin functional contrast; RMSE over four strata of X3 with edges (-0.5, 0.0, 0.5)",causal_drf,cwdb_dr,0.01873604299087291,0.001634445999934633,0.015532528831001029,0.02193955715074479,50
wcf_sensitivity_v1_logit_f3,IC2,1000,5,10,plugin_tcate_rmse,TCATE-K-grid_skewness,"plugin functional contrast; RMSE over four strata of X3 with edges (-0.5, 0.0, 0.5)",causal_drf,drf,-0.011579907337963671,0.0006623677422335531,-0.012878148112741435,-0.010281666563185908,50
wcf_sensitivity_v1_logit_f3,IC2,1000,5,10,plugin_tcate_rmse,TCATE-K-grid_skewness,"plugin functional contrast; RMSE over four strata of X3 with edges (-0.5, 0.0, 0.5)",cwdb_dr,drf,-0.03031595032883658,0.0016513175218082674,-0.03355253267158079,-0.027079367986092378,50
wcf_sensitivity_v1_logit_f3,IC2,1000,5,10,plugin_tcate_rmse,TCATE-K-grid_upper_tail_mean,"plugin functional contrast; RMSE over four strata of X3 with edges (-0.5, 0.0, 0.5)",causal_drf,cwdb_dr,0.1452924550381447,0.0037264383773029986,0.13798863581863083,0.15259627425765857,50
wcf_sensitivity_v1_logit_f3,IC2,1000,5,10,plugin_tcate_rmse,TCATE-K-grid_upper_tail_mean,"plugin functional contrast; RMSE over four strata of X3 with edges (-0.5, 0.0, 0.5)",causal_drf,drf,-0.03867224832489208,0.0023749383935799287,-0.04332712757630874,-0.03401736907347542,50
wcf_sensitivity_v1_logit_f3,IC2,1000,5,10,plugin_tcate_rmse,TCATE-K-grid_upper_tail_mean,"plugin functional contrast; RMSE over four strata of X3 with edges (-0.5, 0.0, 0.5)",cwdb_dr,drf,-0.18396470336303677,0.0031299070470504255,-0.1900993211752556,-0.17783008555081795,50
wcf_sensitivity_v1_logit_f3,IC2,1000,25,10,aipw_reference_tate_abs_error,REF-ATE-K,aipw reference contrast; marginal absolute error,causal_drf,cwdb_dr,0.0009083093605094343,0.0013854773623041157,-0.0018072262696066325,0.003623844990625501,50
wcf_sensitivity_v1_logit_f3,IC2,1000,25,10,aipw_reference_tate_abs_error,REF-ATE-K,aipw reference contrast; marginal absolute error,causal_drf,drf,-0.0014886082093097108,0.0006676146257145099,-0.00279713287571015,-0.0001800835429092715,50
wcf_sensitivity_v1_logit_f3,IC2,1000,25,10,aipw_reference_tate_abs_error,REF-ATE-K,aipw reference contrast; marginal absolute error,cwdb_dr,drf,-0.002396917569819145,0.0016245127260117256,-0.005580962512802127,0.000787127373163837,50
wcf_sensitivity_v1_logit_f3,IC2,1000,25,10,aipw_reference_tcate_rmse,REF-TCATE-K,"aipw reference contrast; RMSE over four strata of X3 with edges (-0.5, 0.0, 0.5)",causal_drf,cwdb_dr,0.013296085848102664,0.0018744466773444744,0.009622170360507495,0.016970001335697833,50
wcf_sensitivity_v1_logit_f3,IC2,1000,25,10,aipw_reference_tcate_rmse,REF-TCATE-K,"aipw reference contrast; RMSE over four strata of X3 with edges (-0.5, 0.0, 0.5)",causal_drf,drf,-0.01048796315209368,0.0008756213729256038,-0.012204181043027864,-0.008771745261159498,50
wcf_sensitivity_v1_logit_f3,IC2,1000,25,10,aipw_reference_tcate_rmse,REF-TCATE-K,"aipw reference contrast; RMSE over four strata of X3 with edges (-0.5, 0.0, 0.5)",cwdb_dr,drf,-0.023784049000196344,0.002539175593710424,-0.028760833163868776,-0.018807264836523913,50
wcf_sensitivity_v1_logit_f3,IC2,1000,25,10,aipw_tate_abs_error,TATE-K-grid_mean,aipw functional contrast; marginal absolute error,causal_drf,cwdb_dr,0.002542287920697113,0.0017360033732817324,-0.0008602786909350825,0.0059448545323293085,50
wcf_sensitivity_v1_logit_f3,IC2,1000,25,10,aipw_tate_abs_error,TATE-K-grid_mean,aipw functional contrast; marginal absolute error,causal_drf,drf,-0.0014396110996748243,0.0007590603750591835,-0.002927369434790824,4.814723544117514e-05,50
wcf_sensitivity_v1_logit_f3,IC2,1000,25,10,aipw_tate_abs_error,TATE-K-grid_mean,aipw functional contrast; marginal absolute error,cwdb_dr,drf,-0.003981899020371937,0.002046505282770131,-0.007993049374601394,2.9251333857519858e-05,50
wcf_sensitivity_v1_logit_f3,IC2,1000,25,10,aipw_tate_abs_error,TATE-K-grid_sd,aipw functional contrast; marginal absolute error,causal_drf,cwdb_dr,-0.0005142772607768901,0.0009186764787883511,-0.002314883159202058,0.001286328637648278,50
wcf_sensitivity_v1_logit_f3,IC2,1000,25,10,aipw_tate_abs_error,TATE-K-grid_sd,aipw functional contrast; marginal absolute error,causal_drf,drf,-0.00014908070082061964,8.447472857370285e-05,-0.00031465116882507723,1.6489767183837953e-05,50
wcf_sensitivity_v1_logit_f3,IC2,1000,25,10,aipw_tate_abs_error,TATE-K-grid_sd,aipw functional contrast; marginal absolute error,cwdb_dr,drf,0.0003651965599562705,0.0009284049261052145,-0.00145447709520995,0.002184870215122491,50
wcf_sensitivity_v1_logit_f3,IC2,1000,25,10,aipw_tate_abs_error,TATE-K-grid_skewness,aipw functional contrast; marginal absolute error,causal_drf,cwdb_dr,6.66414119209497e-05,0.0005644147716365623,-0.0010396115404867124,0.0011728943643286118,50
wcf_sensitivity_v1_logit_f3,IC2,1000,25,10,aipw_tate_abs_error,TATE-K-grid_skewness,aipw functional contrast; marginal absolute error,causal_drf,drf,-0.0011685774241132442,0.00038807934908819097,-0.0019292129483260984,-0.00040794189990038987,50
wcf_sensitivity_v1_logit_f3,IC2,1000,25,10,aipw_tate_abs_error,TATE-K-grid_skewness,aipw functional contrast; marginal absolute error,cwdb_dr,drf,-0.0012352188360341939,0.0007677698791726863,-0.002740047799212659,0.00026961012714427123,50
wcf_sensitivity_v1_logit_f3,IC2,1000,25,10,aipw_tate_abs_error,TATE-K-grid_upper_tail_mean,aipw functional contrast; marginal absolute error,causal_drf,cwdb_dr,0.0037693956502007873,0.0020513343727113363,-0.00025121972031343174,0.007790011020715006,50
wcf_sensitivity_v1_logit_f3,IC2,1000,25,10,aipw_tate_abs_error,TATE-K-grid_upper_tail_mean,aipw functional contrast; marginal absolute error,causal_drf,drf,-0.0012806105090508307,0.0007433170889171164,-0.0027375120033283785,0.00017629098522671722,50
wcf_sensitivity_v1_logit_f3,IC2,1000,25,10,aipw_tate_abs_error,TATE-K-grid_upper_tail_mean,aipw functional contrast; marginal absolute error,cwdb_dr,drf,-0.005050006159251618,0.0022693797336880263,-0.009497990437280151,-0.0006020218812230861,50
wcf_sensitivity_v1_logit_f3,IC2,1000,25,10,aipw_tcate_rmse,TCATE-K-grid_mean,"aipw functional contrast; RMSE over four strata of X3 with edges (-0.5, 0.0, 0.5)",causal_drf,cwdb_dr,0.018413885023221242,0.002277017136469313,0.013950931435741389,0.022876838610701097,50
wcf_sensitivity_v1_logit_f3,IC2,1000,25,10,aipw_tcate_rmse,TCATE-K-grid_mean,"aipw functional contrast; RMSE over four strata of X3 with edges (-0.5, 0.0, 0.5)",causal_drf,drf,-0.012173138333871715,0.000983146444597437,-0.014100105365282691,-0.010246171302460739,50
wcf_sensitivity_v1_logit_f3,IC2,1000,25,10,aipw_tcate_rmse,TCATE-K-grid_mean,"aipw functional contrast; RMSE over four strata of X3 with edges (-0.5, 0.0, 0.5)",cwdb_dr,drf,-0.030587023357092957,0.002919551837295424,-0.03630934495819199,-0.024864701755993927,50
wcf_sensitivity_v1_logit_f3,IC2,1000,25,10,aipw_tcate_rmse,TCATE-K-grid_sd,"aipw functional contrast; RMSE over four strata of X3 with edges (-0.5, 0.0, 0.5)",causal_drf,cwdb_dr,-0.002635685572606735,0.0008730358291053092,-0.004346835797653141,-0.000924535347560329,50
wcf_sensitivity_v1_logit_f3,IC2,1000,25,10,aipw_tcate_rmse,TCATE-K-grid_sd,"aipw functional contrast; RMSE over four strata of X3 with edges (-0.5, 0.0, 0.5)",causal_drf,drf,-0.0002846049298338496,0.00010933704068620179,-0.0004989055295788051,-7.030433008889411e-05,50
wcf_sensitivity_v1_logit_f3,IC2,1000,25,10,aipw_tcate_rmse,TCATE-K-grid_sd,"aipw functional contrast; RMSE over four strata of X3 with edges (-0.5, 0.0, 0.5)",cwdb_dr,drf,0.0023510806427728854,0.0009040643569224589,0.0005791145032048659,0.004123046782340905,50
wcf_sensitivity_v1_logit_f3,IC2,1000,25,10,aipw_tcate_rmse,TCATE-K-grid_skewness,"aipw functional contrast; RMSE over four strata of X3 with edges (-0.5, 0.0, 0.5)",causal_drf,cwdb_dr,0.005868594231541076,0.0009066540939008357,0.0040915522074954375,0.007645636255586714,50
wcf_sensitivity_v1_logit_f3,IC2,1000,25,10,aipw_tcate_rmse,TCATE-K-grid_skewness,"aipw functional contrast; RMSE over four strata of X3 with edges (-0.5, 0.0, 0.5)",causal_drf,drf,-0.007688667074756184,0.0006414593120670984,-0.008945927326407697,-0.006431406823104671,50
wcf_sensitivity_v1_logit_f3,IC2,1000,25,10,aipw_tcate_rmse,TCATE-K-grid_skewness,"aipw functional contrast; RMSE over four strata of X3 with edges (-0.5, 0.0, 0.5)",cwdb_dr,drf,-0.01355726130629726,0.0013582527134524105,-0.016219436624663984,-0.010895085987930535,50
wcf_sensitivity_v1_logit_f3,IC2,1000,25,10,aipw_tcate_rmse,TCATE-K-grid_upper_tail_mean,"aipw functional contrast; RMSE over four strata of X3 with edges (-0.5, 0.0, 0.5)",causal_drf,cwdb_dr,0.01945458659794041,0.002515372749666,0.01452445600859505,0.024384717187285767,50
wcf_sensitivity_v1_logit_f3,IC2,1000,25,10,aipw_tcate_rmse,TCATE-K-grid_upper_tail_mean,"aipw functional contrast; RMSE over four strata of X3 with edges (-0.5, 0.0, 0.5)",causal_drf,drf,-0.012407135647092747,0.0010491813804183008,-0.014463531152712617,-0.010350740141472877,50
wcf_sensitivity_v1_logit_f3,IC2,1000,25,10,aipw_tcate_rmse,TCATE-K-grid_upper_tail_mean,"aipw functional contrast; RMSE over four strata of X3 with edges (-0.5, 0.0, 0.5)",cwdb_dr,drf,-0.031861722245033156,0.0031581605921141677,-0.03805171700557693,-0.025671727484489388,50
wcf_sensitivity_v1_logit_f3,IC2,1000,25,10,barycenter_rmse,MEANQ-A-K,,causal_drf,cwdb_dr,0.1126080647019615,0.0015560257789557965,0.10955825417520813,0.11565787522871486,50
wcf_sensitivity_v1_logit_f3,IC2,1000,25,10,barycenter_rmse,MEANQ-A-K,,causal_drf,drf,-0.06399219868238054,0.0007530305967410149,-0.06546813865199293,-0.06251625871276816,50
wcf_sensitivity_v1_logit_f3,IC2,1000,25,10,barycenter_rmse,MEANQ-A-K,,cwdb_dr,drf,-0.17660026338434204,0.0016080458886454621,-0.17975203332608714,-0.17344849344259694,50
wcf_sensitivity_v1_logit_f3,IC2,1000,25,10,mean_quantile_rmse,MEANQ-A-K,"arm contrast, the mandatory common target",causal_drf,cwdb_dr,0.11507116785526932,0.004954550273853948,0.10536024931851558,0.12478208639202305,50
wcf_sensitivity_v1_logit_f3,IC2,1000,25,10,mean_quantile_rmse,MEANQ-A-K,"arm contrast, the mandatory common target",causal_drf,drf,-0.033819645353697275,0.0019192145256429658,-0.03758130582395749,-0.030057984883437062,50
wcf_sensitivity_v1_logit_f3,IC2,1000,25,10,mean_quantile_rmse,MEANQ-A-K,"arm contrast, the mandatory common target",cwdb_dr,drf,-0.14889081320896658,0.004730819580784543,-0.15816321958730428,-0.13961840683062887,50
wcf_sensitivity_v1_logit_f3,IC2,1000,25,10,plugin_reference_tate_abs_error,REF-ATE-K,plugin reference contrast; marginal absolute error,causal_drf,cwdb_dr,0.10883349376388254,0.002760319339238764,0.10342326785897457,0.11424371966879052,50
wcf_sensitivity_v1_logit_f3,IC2,1000,25,10,plugin_reference_tate_abs_error,REF-ATE-K,plugin reference contrast; marginal absolute error,causal_drf,drf,-0.025351082740932257,0.001703783062325495,-0.028690497543090228,-0.022011667938774286,50
wcf_sensitivity_v1_logit_f3,IC2,1000,25,10,plugin_reference_tate_abs_error,REF-ATE-K,plugin reference contrast; marginal absolute error,cwdb_dr,drf,-0.1341845765048148,0.0022997419340263035,-0.13869207069550635,-0.12967708231412325,50
wcf_sensitivity_v1_logit_f3,IC2,1000,25,10,plugin_reference_tcate_rmse,REF-TCATE-K,"plugin reference contrast; RMSE over four strata of X3 with edges (-0.5, 0.0, 0.5)",causal_drf,cwdb_dr,0.10762962994016471,0.0027704737557141517,0.10219950137896498,0.11305975850136445,50
wcf_sensitivity_v1_logit_f3,IC2,1000,25,10,plugin_reference_tcate_rmse,REF-TCATE-K,"plugin reference contrast; RMSE over four strata of X3 with edges (-0.5, 0.0, 0.5)",causal_drf,drf,-0.025870127599759707,0.0016753668901951196,-0.02915384670454214,-0.022586408494977273,50
wcf_sensitivity_v1_logit_f3,IC2,1000,25,10,plugin_reference_tcate_rmse,REF-TCATE-K,"plugin reference contrast; RMSE over four strata of X3 with edges (-0.5, 0.0, 0.5)",cwdb_dr,drf,-0.13349975753992444,0.0023412920647614788,-0.13808868998685694,-0.12891082509299193,50
wcf_sensitivity_v1_logit_f3,IC2,1000,25,10,plugin_tate_abs_error,TATE-K-grid_mean,plugin functional contrast; marginal absolute error,causal_drf,cwdb_dr,0.13880177497867074,0.0031366007471864696,0.13265403751418525,0.14494951244315624,50
wcf_sensitivity_v1_logit_f3,IC2,1000,25,10,plugin_tate_abs_error,TATE-K-grid_mean,plugin functional contrast; marginal absolute error,causal_drf,drf,-0.029844037944448454,0.0019780053035705425,-0.03372092833944672,-0.02596714754945019,50
wcf_sensitivity_v1_logit_f3,IC2,1000,25,10,plugin_tate_abs_error,TATE-K-grid_mean,plugin functional contrast; marginal absolute error,cwdb_dr,drf,-0.1686458129231192,0.002669936520078647,-0.17387888850247335,-0.16341273734376505,50
wcf_sensitivity_v1_logit_f3,IC2,1000,25,10,plugin_tate_abs_error,TATE-K-grid_sd,plugin functional contrast; marginal absolute error,causal_drf,cwdb_dr,-0.011779345548260545,0.0019075820822490506,-0.015518206429468684,-0.008040484667052405,50
wcf_sensitivity_v1_logit_f3,IC2,1000,25,10,plugin_tate_abs_error,TATE-K-grid_sd,plugin functional contrast; marginal absolute error,causal_drf,drf,1.26142154716017e-05,0.00037921887156340734,-0.0007306547727926767,0.0007558832037358801,50
wcf_sensitivity_v1_logit_f3,IC2,1000,25,10,plugin_tate_abs_error,TATE-K-grid_sd,plugin functional contrast; marginal absolute error,cwdb_dr,drf,0.011791959763732146,0.0017820603777387524,0.008299121423364192,0.0152847981041001,50
wcf_sensitivity_v1_logit_f3,IC2,1000,25,10,plugin_tate_abs_error,TATE-K-grid_skewness,plugin functional contrast; marginal absolute error,causal_drf,cwdb_dr,0.04532327958511721,0.0015383192484800326,0.04230817385809635,0.04833838531213808,50
wcf_sensitivity_v1_logit_f3,IC2,1000,25,10,plugin_tate_abs_error,TATE-K-grid_skewness,plugin functional contrast; marginal absolute error,causal_drf,drf,-0.019459334062246134,0.0009823981027666533,-0.021384834343668772,-0.017533833780823495,50
wcf_sensitivity_v1_logit_f3,IC2,1000,25,10,plugin_tate_abs_error,TATE-K-grid_skewness,plugin functional contrast; marginal absolute error,cwdb_dr,drf,-0.06478261364736335,0.001610886046547881,-0.06793995029859719,-0.0616252769961295,50
wcf_sensitivity_v1_logit_f3,IC2,1000,25,10,plugin_tate_abs_error,TATE-K-grid_upper_tail_mean,plugin functional contrast; marginal absolute error,causal_drf,cwdb_dr,0.15315065562267977,0.0033143998323490243,0.14665443195127567,0.15964687929408386,50
wcf_sensitivity_v1_logit_f3,IC2,1000,25,10,plugin_tate_abs_error,TATE-K-grid_upper_tail_mean,plugin functional contrast; marginal absolute error,causal_drf,drf,-0.031092164053194093,0.001929836712100571,-0.034874644008911215,-0.027309684097476975,50
wcf_sensitivity_v1_logit_f3,IC2,1000,25,10,plugin_tate_abs_error,TATE-K-grid_upper_tail_mean,plugin functional contrast; marginal absolute error,cwdb_dr,drf,-0.18424281967587386,0.003054606386118525,-0.19022984819266617,-0.17825579115908155,50
wcf_sensitivity_v1_logit_f3,IC2,1000,25,10,plugin_tcate_rmse,TCATE-K-grid_mean,"plugin functional contrast; RMSE over four strata of X3 with edges (-0.5, 0.0, 0.5)",causal_drf,cwdb_dr,0.13683799126242935,0.003161328516254767,0.13064178737057,0.1430341951542887,50
wcf_sensitivity_v1_logit_f3,IC2,1000,25,10,plugin_tcate_rmse,TCATE-K-grid_mean,"plugin functional contrast; RMSE over four strata of X3 with edges (-0.5, 0.0, 0.5)",causal_drf,drf,-0.030227939518650743,0.0019379515634742209,-0.034026324583060215,-0.02642955445424127,50
wcf_sensitivity_v1_logit_f3,IC2,1000,25,10,plugin_tcate_rmse,TCATE-K-grid_mean,"plugin functional contrast; RMSE over four strata of X3 with edges (-0.5, 0.0, 0.5)",cwdb_dr,drf,-0.1670659307810801,0.0027232031715655886,-0.17240340899734866,-0.16172845256481153,50
wcf_sensitivity_v1_logit_f3,IC2,1000,25,10,plugin_tcate_rmse,TCATE-K-grid_sd,"plugin functional contrast; RMSE over four strata of X3 with edges (-0.5, 0.0, 0.5)",causal_drf,cwdb_dr,-0.013156596930924514,0.001718847794286465,-0.016525538607725987,-0.009787655254123043,50
wcf_sensitivity_v1_logit_f3,IC2,1000,25,10,plugin_tcate_rmse,TCATE-K-grid_sd,"plugin functional contrast; RMSE over four strata of X3 with edges (-0.5, 0.0, 0.5)",causal_drf,drf,0.00033960575683230666,0.0003883870131485958,-0.0004216327889389411,0.0011008443026035543,50
wcf_sensitivity_v1_logit_f3,IC2,1000,25,10,plugin_tcate_rmse,TCATE-K-grid_sd,"plugin functional contrast; RMSE over four strata of X3 with edges (-0.5, 0.0, 0.5)",cwdb_dr,drf,0.01349620268775682,0.001600597372740142,0.010359031837186143,0.0166333735383275,50
wcf_sensitivity_v1_logit_f3,IC2,1000,25,10,plugin_tcate_rmse,TCATE-K-grid_skewness,"plugin functional contrast; RMSE over four strata of X3 with edges (-0.5, 0.0, 0.5)",causal_drf,cwdb_dr,0.044563727167529835,0.0015441674006145087,0.0415371590623254,0.04759029527273427,50
wcf_sensitivity_v1_logit_f3,IC2,1000,25,10,plugin_tcate_rmse,TCATE-K-grid_skewness,"plugin functional contrast; RMSE over four strata of X3 with edges (-0.5, 0.0, 0.5)",causal_drf,drf,-0.019474200925458846,0.0009830594040556404,-0.0214009973574079,-0.01754740449350979,50
wcf_sensitivity_v1_logit_f3,IC2,1000,25,10,plugin_tcate_rmse,TCATE-K-grid_skewness,"plugin functional contrast; RMSE over four strata of X3 with edges (-0.5, 0.0, 0.5)",cwdb_dr,drf,-0.06403792809298868,0.0016071383347572596,-0.06718791922911291,-0.06088793695686445,50
wcf_sensitivity_v1_logit_f3,IC2,1000,25,10,plugin_tcate_rmse,TCATE-K-grid_upper_tail_mean,"plugin functional contrast; RMSE over four strata of X3 with edges (-0.5, 0.0, 0.5)",causal_drf,cwdb_dr,0.1500131933636936,0.0032563590064727437,0.14363072971100702,0.15639565701638017,50
wcf_sensitivity_v1_logit_f3,IC2,1000,25,10,plugin_tcate_rmse,TCATE-K-grid_upper_tail_mean,"plugin functional contrast; RMSE over four strata of X3 with edges (-0.5, 0.0, 0.5)",causal_drf,drf,-0.031516983553369654,0.0018954071611763505,-0.0352319815892753,-0.027801985517464007,50
wcf_sensitivity_v1_logit_f3,IC2,1000,25,10,plugin_tcate_rmse,TCATE-K-grid_upper_tail_mean,"plugin functional contrast; RMSE over four strata of X3 with edges (-0.5, 0.0, 0.5)",cwdb_dr,drf,-0.18153017691706325,0.003027538325024739,-0.18746415203411174,-0.17559620180001476,50
wcf_sensitivity_v1_logit_f3,IC2,1000,49,10,aipw_reference_tate_abs_error,REF-ATE-K,aipw reference contrast; marginal absolute error,causal_drf,cwdb_dr,-0.00048160216550203333,0.001153159886559094,-0.0027417955431578577,0.001778591212153791,50
wcf_sensitivity_v1_logit_f3,IC2,1000,49,10,aipw_reference_tate_abs_error,REF-ATE-K,aipw reference contrast; marginal absolute error,causal_drf,drf,-0.0015838511404525739,0.0007343341900803309,-0.003023146153010022,-0.00014455612789512537,50
wcf_sensitivity_v1_logit_f3,IC2,1000,49,10,aipw_reference_tate_abs_error,REF-ATE-K,aipw reference contrast; marginal absolute error,cwdb_dr,drf,-0.0011022489749505406,0.0016491925803249128,-0.00433466643238737,0.0021301684824862883,50
wcf_sensitivity_v1_logit_f3,IC2,1000,49,10,aipw_reference_tcate_rmse,REF-TCATE-K,"aipw reference contrast; RMSE over four strata of X3 with edges (-0.5, 0.0, 0.5)",causal_drf,cwdb_dr,0.011679382696349223,0.0017483356285668851,0.008252644864358128,0.015106120528340318,50
wcf_sensitivity_v1_logit_f3,IC2,1000,49,10,aipw_reference_tcate_rmse,REF-TCATE-K,"aipw reference contrast; RMSE over four strata of X3 with edges (-0.5, 0.0, 0.5)",causal_drf,drf,-0.010908097552152829,0.0012745204329853382,-0.013406157600804092,-0.008410037503501566,50
wcf_sensitivity_v1_logit_f3,IC2,1000,49,10,aipw_reference_tcate_rmse,REF-TCATE-K,"aipw reference contrast; RMSE over four strata of X3 with edges (-0.5, 0.0, 0.5)",cwdb_dr,drf,-0.022587480248502052,0.0025716781025159046,-0.027627969329433226,-0.01754699116757088,50
wcf_sensitivity_v1_logit_f3,IC2,1000,49,10,aipw_tate_abs_error,TATE-K-grid_mean,aipw functional contrast; marginal absolute error,causal_drf,cwdb_dr,0.000652769048424505,0.001724947678747513,-0.0027281284019206203,0.00403366649876963,50
wcf_sensitivity_v1_logit_f3,IC2,1000,49,10,aipw_tate_abs_error,TATE-K-grid_mean,aipw functional contrast; marginal absolute error,causal_drf,drf,-0.0020422259531665925,0.0007875501394507287,-0.003585824226490021,-0.0004986276798431644,50
wcf_sensitivity_v1_logit_f3,IC2,1000,49,10,aipw_tate_abs_error,TATE-K-grid_mean,aipw functional contrast; marginal absolute error,cwdb_dr,drf,-0.0026949950015910974,0.002160704288968718,-0.006929975407969785,0.0015399854047875904,50
wcf_sensitivity_v1_logit_f3,IC2,1000,49,10,aipw_tate_abs_error,TATE-K-grid_sd,aipw functional contrast; marginal absolute error,causal_drf,cwdb_dr,-0.0015846367466753261,0.000839323208955935,-0.0032297102362289585,6.043674287830648e-05,50
wcf_sensitivity_v1_logit_f3,IC2,1000,49,10,aipw_tate_abs_error,TATE-K-grid_sd,aipw functional contrast; marginal absolute error,causal_drf,drf,-0.00014178026465691725,0.00013173570551603815,-0.000399982247468352,0.00011642171815451753,50
wcf_sensitivity_v1_logit_f3,IC2,1000,49,10,aipw_tate_abs_error,TATE-K-grid_sd,aipw functional contrast; marginal absolute error,cwdb_dr,drf,0.0014428564820184089,0.0008954516822720083,-0.0003122288152347275,0.003197941779271545,50
wcf_sensitivity_v1_logit_f3,IC2,1000,49,10,aipw_tate_abs_error,TATE-K-grid_skewness,aipw functional contrast; marginal absolute error,causal_drf,cwdb_dr,-0.0014855720826795031,0.0008262688923706358,-0.003105059111725949,0.0001339149463669431,50
wcf_sensitivity_v1_logit_f3,IC2,1000,49,10,aipw_tate_abs_error,TATE-K-grid_skewness,aipw functional contrast; marginal absolute error,causal_drf,drf,-0.0019267508364488048,0.0004925251192071721,-0.002892100070094862,-0.0009614016028027476,50
wcf_sensitivity_v1_logit_f3,IC2,1000,49,10,aipw_tate_abs_error,TATE-K-grid_skewness,aipw functional contrast; marginal absolute error,cwdb_dr,drf,-0.0004411787537693017,0.0010567289846946297,-0.002512367563770776,0.0016300100562321724,50
wcf_sensitivity_v1_logit_f3,IC2,1000,49,10,aipw_tate_abs_error,TATE-K-grid_upper_tail_mean,aipw functional contrast; marginal absolute error,causal_drf,cwdb_dr,0.001207472426055036,0.0019122701275069596,-0.002540577023858605,0.004955521875968677,50
wcf_sensitivity_v1_logit_f3,IC2,1000,49,10,aipw_tate_abs_error,TATE-K-grid_upper_tail_mean,aipw functional contrast; marginal absolute error,causal_drf,drf,-0.0020172959246628173,0.0007558401112205017,-0.003498742542655001,-0.0005358493066706341,50
wcf_sensitivity_v1_logit_f3,IC2,1000,49,10,aipw_tate_abs_error,TATE-K-grid_upper_tail_mean,aipw functional contrast; marginal absolute error,cwdb_dr,drf,-0.0032247683507178534,0.0022505708425652805,-0.007635887202145803,0.0011863505007100959,50
wcf_sensitivity_v1_logit_f3,IC2,1000,49,10,aipw_tcate_rmse,TCATE-K-grid_mean,"aipw functional contrast; RMSE over four strata of X3 with edges (-0.5, 0.0, 0.5)",causal_drf,cwdb_dr,0.015117354698769972,0.0021267133807879863,0.010948996472425518,0.019285712925114426,50
wcf_sensitivity_v1_logit_f3,IC2,1000,49,10,aipw_tcate_rmse,TCATE-K-grid_mean,"aipw functional contrast; RMSE over four strata of X3 with edges (-0.5, 0.0, 0.5)",causal_drf,drf,-0.013450772725007824,0.0014879583285746629,-0.016367171049014164,-0.010534374401001485,50
wcf_sensitivity_v1_logit_f3,IC2,1000,49,10,aipw_tcate_rmse,TCATE-K-grid_mean,"aipw functional contrast; RMSE over four strata of X3 with edges (-0.5, 0.0, 0.5)",cwdb_dr,drf,-0.028568127423777796,0.0030749760139535294,-0.034595080411126716,-0.02254117443642888,50
wcf_sensitivity_v1_logit_f3,IC2,1000,49,10,aipw_tcate_rmse,TCATE-K-grid_sd,"aipw functional contrast; RMSE over four strata of X3 with edges (-0.5, 0.0, 0.5)",causal_drf,cwdb_dr,-0.0031223665885166396,0.0008011095614593713,-0.004692541328977008,-0.0015521918480562718,50
wcf_sensitivity_v1_logit_f3,IC2,1000,49,10,aipw_tcate_rmse,TCATE-K-grid_sd,"aipw functional contrast; RMSE over four strata of X3 with edges (-0.5, 0.0, 0.5)",causal_drf,drf,-0.0004177453843282053,0.00014633343402171964,-0.0007045589150107758,-0.0001309318536456348,50
wcf_sensitivity_v1_logit_f3,IC2,1000,49,10,aipw_tcate_rmse,TCATE-K-grid_sd,"aipw functional contrast; RMSE over four strata of X3 with edges (-0.5, 0.0, 0.5)",cwdb_dr,drf,0.0027046212041884343,0.0008196822332587264,0.0010980440270013305,0.004311198381375538,50
wcf_sensitivity_v1_logit_f3,IC2,1000,49,10,aipw_tcate_rmse,TCATE-K-grid_skewness,"aipw functional contrast; RMSE over four strata of X3 with edges (-0.5, 0.0, 0.5)",causal_drf,cwdb_dr,0.004654067238617131,0.0009339731801021034,0.0028234798056170083,0.006484654671617253,50
wcf_sensitivity_v1_logit_f3,IC2,1000,49,10,aipw_tcate_rmse,TCATE-K-grid_skewness,"aipw functional contrast; RMSE over four strata of X3 with edges (-0.5, 0.0, 0.5)",causal_drf,drf,-0.009638620256293584,0.0010283977324608417,-0.011654279811916834,-0.007622960700670334,50
wcf_sensitivity_v1_logit_f3,IC2,1000,49,10,aipw_tcate_rmse,TCATE-K-grid_skewness,"aipw functional contrast; RMSE over four strata of X3 with edges (-0.5, 0.0, 0.5)",cwdb_dr,drf,-0.014292687494910715,0.0014678873596712554,-0.017169746719866374,-0.011415628269955055,50
wcf_sensitivity_v1_logit_f3,IC2,1000,49,10,aipw_tcate_rmse,TCATE-K-grid_upper_tail_mean,"aipw functional contrast; RMSE over four strata of X3 with edges (-0.5, 0.0, 0.5)",causal_drf,cwdb_dr,0.014628043220548878,0.002219666649556388,0.010277496587418358,0.0189785898536794,50
wcf_sensitivity_v1_logit_f3,IC2,1000,49,10,aipw_tcate_rmse,TCATE-K-grid_upper_tail_mean,"aipw functional contrast; RMSE over four strata of X3 with edges (-0.5, 0.0, 0.5)",causal_drf,drf,-0.013861338820291613,0.0015336088865186754,-0.016867212237868218,-0.010855465402715009,50
wcf_sensitivity_v1_logit_f3,IC2,1000,49,10,aipw_tcate_rmse,TCATE-K-grid_upper_tail_mean,"aipw functional contrast; RMSE over four strata of X3 with edges (-0.5, 0.0, 0.5)",cwdb_dr,drf,-0.02848938204084049,0.0032797471176307046,-0.03491768639139667,-0.02206107769028431,50
wcf_sensitivity_v1_logit_f3,IC2,1000,49,10,barycenter_rmse,MEANQ-A-K,,causal_drf,cwdb_dr,0.12246379055735745,0.001687100142522535,0.11915707427801328,0.12577050683670163,50
wcf_sensitivity_v1_logit_f3,IC2,1000,49,10,barycenter_rmse,MEANQ-A-K,,causal_drf,drf,-0.04706736656578109,0.0010409656798993148,-0.049107659298383746,-0.04502707383317843,50
wcf_sensitivity_v1_logit_f3,IC2,1000,49,10,barycenter_rmse,MEANQ-A-K,,cwdb_dr,drf,-0.16953115712313854,0.0016041672774432228,-0.17267532498692725,-0.16638698925934983,50
wcf_sensitivity_v1_logit_f3,IC2,1000,49,10,mean_quantile_rmse,MEANQ-A-K,"arm contrast, the mandatory common target",causal_drf,cwdb_dr,0.08183403122453065,0.005778247404676048,0.0705086663113656,0.0931593961376957,50
wcf_sensitivity_v1_logit_f3,IC2,1000,49,10,mean_quantile_rmse,MEANQ-A-K,"arm contrast, the mandatory common target",causal_drf,drf,-0.05248887305065025,0.0022917242082150365,-0.05698065249875173,-0.04799709360254878,50
wcf_sensitivity_v1_logit_f3,IC2,1000,49,10,mean_quantile_rmse,MEANQ-A-K,"arm contrast, the mandatory common target",cwdb_dr,drf,-0.1343229042751809,0.0053412226204812676,-0.14479170061132418,-0.12385410793903762,50
wcf_sensitivity_v1_logit_f3,IC2,1000,49,10,plugin_reference_tate_abs_error,REF-ATE-K,plugin reference contrast; marginal absolute error,causal_drf,cwdb_dr,0.0811364091043656,0.003100233492147616,0.07505995145975627,0.08721286674897494,50
wcf_sensitivity_v1_logit_f3,IC2,1000,49,10,plugin_reference_tate_abs_error,REF-ATE-K,plugin reference contrast; marginal absolute error,causal_drf,drf,-0.04125886179317986,0.002038068740200988,-0.045253476523973796,-0.03726424706238593,50
wcf_sensitivity_v1_logit_f3,IC2,1000,49,10,plugin_reference_tate_abs_error,REF-ATE-K,plugin reference contrast; marginal absolute error,cwdb_dr,drf,-0.12239527089754547,0.0024060146282655634,-0.12711105956894597,-0.11767948222614497,50
wcf_sensitivity_v1_logit_f3,IC2,1000,49,10,plugin_reference_tcate_rmse,REF-TCATE-K,"plugin reference contrast; RMSE over four strata of X3 with edges (-0.5, 0.0, 0.5)",causal_drf,cwdb_dr,0.08009742160570318,0.0031436589608239075,0.07393585004248833,0.08625899316891804,50
wcf_sensitivity_v1_logit_f3,IC2,1000,49,10,plugin_reference_tcate_rmse,REF-TCATE-K,"plugin reference contrast; RMSE over four strata of X3 with edges (-0.5, 0.0, 0.5)",causal_drf,drf,-0.041271794032129466,0.0020248601087835324,-0.04524051984534519,-0.03730306821891374,50
wcf_sensitivity_v1_logit_f3,IC2,1000,49,10,plugin_reference_tcate_rmse,REF-TCATE-K,"plugin reference contrast; RMSE over four strata of X3 with edges (-0.5, 0.0, 0.5)",cwdb_dr,drf,-0.12136921563783265,0.0024492804787698834,-0.12616980537622163,-0.11656862589944368,50
wcf_sensitivity_v1_logit_f3,IC2,1000,49,10,plugin_tate_abs_error,TATE-K-grid_mean,plugin functional contrast; marginal absolute error,causal_drf,cwdb_dr,0.10675272146680728,0.0033560555135904967,0.10017485266016991,0.11333059027344465,50
wcf_sensitivity_v1_logit_f3,IC2,1000,49,10,plugin_tate_abs_error,TATE-K-grid_mean,plugin functional contrast; marginal absolute error,causal_drf,drf,-0.04886907760617207,0.002329269121979407,-0.053434445085251706,-0.04430371012709243,50
wcf_sensitivity_v1_logit_f3,IC2,1000,49,10,plugin_tate_abs_error,TATE-K-grid_mean,plugin functional contrast; marginal absolute error,cwdb_dr,drf,-0.15562179907297935,0.002658320829830693,-0.16083210789944752,-0.15041149024651118,50
wcf_sensitivity_v1_logit_f3,IC2,1000,49,10,plugin_tate_abs_error,TATE-K-grid_sd,plugin functional contrast; marginal absolute error,causal_drf,cwdb_dr,-0.01095507775529202,0.001815675393205409,-0.014513801525974621,-0.007396353984609419,50
wcf_sensitivity_v1_logit_f3,IC2,1000,49,10,plugin_tate_abs_error,TATE-K-grid_sd,plugin functional contrast; marginal absolute error,causal_drf,drf,-0.00029522266026847654,0.0004997003088561099,-0.001274635265626452,0.0006841899450894988,50
wcf_sensitivity_v1_logit_f3,IC2,1000,49,10,plugin_tate_abs_error,TATE-K-grid_sd,plugin functional contrast; marginal absolute error,cwdb_dr,drf,0.010659855095023544,0.0017528916764643495,0.0072241874091534194,0.014095522780893668,50
wcf_sensitivity_v1_logit_f3,IC2,1000,49,10,plugin_tate_abs_error,TATE-K-grid_skewness,plugin functional contrast; marginal absolute error,causal_drf,cwdb_dr,0.033363430086933946,0.002039024688698849,0.0293669416970842,0.03735991847678369,50
wcf_sensitivity_v1_logit_f3,IC2,1000,49,10,plugin_tate_abs_error,TATE-K-grid_skewness,plugin functional contrast; marginal absolute error,causal_drf,drf,-0.03323035736817313,0.0013320740740276,-0.03584122255326723,-0.030619492183079036,50
wcf_sensitivity_v1_logit_f3,IC2,1000,49,10,plugin_tate_abs_error,TATE-K-grid_skewness,plugin functional contrast; marginal absolute error,cwdb_dr,drf,-0.06659378745510708,0.001799611398551031,-0.0701210257962671,-0.06306654911394706,50
wcf_sensitivity_v1_logit_f3,IC2,1000,49,10,plugin_tate_abs_error,TATE-K-grid_upper_tail_mean,plugin functional contrast; marginal absolute error,causal_drf,cwdb_dr,0.11877665434042241,0.00339954018470776,0.1121135555783952,0.12543975310244962,50
wcf_sensitivity_v1_logit_f3,IC2,1000,49,10,plugin_tate_abs_error,TATE-K-grid_upper_tail_mean,plugin functional contrast; marginal absolute error,causal_drf,drf,-0.05072960722693723,0.002296126938850184,-0.05523001602708359,-0.046229198426790866,50
wcf_sensitivity_v1_logit_f3,IC2,1000,49,10,plugin_tate_abs_error,TATE-K-grid_upper_tail_mean,plugin functional contrast; marginal absolute error,cwdb_dr,drf,-0.16950626156735965,0.0030199230835921084,-0.1754253108112002,-0.1635872123235191,50
wcf_sensitivity_v1_logit_f3,IC2,1000,49,10,plugin_tcate_rmse,TCATE-K-grid_mean,"plugin functional contrast; RMSE over four strata of X3 with edges (-0.5, 0.0, 0.5)",causal_drf,cwdb_dr,0.10481028560583183,0.0034065022702632667,0.09813354115611583,0.11148703005554783,50
wcf_sensitivity_v1_logit_f3,IC2,1000,49,10,plugin_tcate_rmse,TCATE-K-grid_mean,"plugin functional contrast; RMSE over four strata of X3 with edges (-0.5, 0.0, 0.5)",causal_drf,drf,-0.04874082945225136,0.0023165987747803957,-0.053281363050820936,-0.044200295853681786,50
wcf_sensitivity_v1_logit_f3,IC2,1000,49,10,plugin_tcate_rmse,TCATE-K-grid_mean,"plugin functional contrast; RMSE over four strata of X3 with edges (-0.5, 0.0, 0.5)",cwdb_dr,drf,-0.1535511150580832,0.0027476538151067795,-0.1589365165356925,-0.1481657135804739,50
wcf_sensitivity_v1_logit_f3,IC2,1000,49,10,plugin_tcate_rmse,TCATE-K-grid_sd,"plugin functional contrast; RMSE over four strata of X3 with edges (-0.5, 0.0, 0.5)",causal_drf,cwdb_dr,-0.012734168774193316,0.0016509766133625712,-0.015970082936383957,-0.009498254612002677,50
wcf_sensitivity_v1_logit_f3,IC2,1000,49,10,plugin_tcate_rmse,TCATE-K-grid_sd,"plugin functional contrast; RMSE over four strata of X3 with edges (-0.5, 0.0, 0.5)",causal_drf,drf,-2.7320444632938923e-05,0.0005047530711838128,-0.001016636464153212,0.0009619955748873341,50
wcf_sensitivity_v1_logit_f3,IC2,1000,49,10,plugin_tcate_rmse,TCATE-K-grid_sd,"plugin functional contrast; RMSE over four strata of X3 with edges (-0.5, 0.0, 0.5)",cwdb_dr,drf,0.012706848329560377,0.0015881201448510452,0.009594132845652328,0.015819563813468426,50
wcf_sensitivity_v1_logit_f3,IC2,1000,49,10,plugin_tcate_rmse,TCATE-K-grid_skewness,"plugin functional contrast; RMSE over four strata of X3 with edges (-0.5, 0.0, 0.5)",causal_drf,cwdb_dr,0.032291001338193986,0.0020220054732436057,0.02832787061063652,0.036254132065751454,50
wcf_sensitivity_v1_logit_f3,IC2,1000,49,10,plugin_tcate_rmse,TCATE-K-grid_skewness,"plugin functional contrast; RMSE over four strata of X3 with edges (-0.5, 0.0, 0.5)",causal_drf,drf,-0.03325023141019041,0.001328684325007489,-0.035854452687205086,-0.03064601013317573,50
wcf_sensitivity_v1_logit_f3,IC2,1000,49,10,plugin_tcate_rmse,TCATE-K-grid_skewness,"plugin functional contrast; RMSE over four strata of X3 with edges (-0.5, 0.0, 0.5)",cwdb_dr,drf,-0.06554123274838439,0.0017785023364124772,-0.06902709732775285,-0.06205536816901593,50
wcf_sensitivity_v1_logit_f3,IC2,1000,49,10,plugin_tcate_rmse,TCATE-K-grid_upper_tail_mean,"plugin functional contrast; RMSE over four strata of X3 with edges (-0.5, 0.0, 0.5)",causal_drf,cwdb_dr,0.11515587478670597,0.0034170471062580244,0.10845846245844024,0.1218532871149717,50
wcf_sensitivity_v1_logit_f3,IC2,1000,49,10,plugin_tcate_rmse,TCATE-K-grid_upper_tail_mean,"plugin functional contrast; RMSE over four strata of X3 with edges (-0.5, 0.0, 0.5)",causal_drf,drf,-0.050599283144292906,0.0022945293006040673,-0.05509656057347688,-0.04610200571510893,50
wcf_sensitivity_v1_logit_f3,IC2,1000,49,10,plugin_tcate_rmse,TCATE-K-grid_upper_tail_mean,"plugin functional contrast; RMSE over four strata of X3 with edges (-0.5, 0.0, 0.5)",cwdb_dr,drf,-0.16575515793099888,0.0031215971618029897,-0.17187348836813274,-0.159636827493865,50
wcf_sensitivity_v1_logit_f3,IC3,1000,5,10,aipw_reference_tate_abs_error,REF-ATE-K,aipw reference contrast; marginal absolute error,causal_drf,cwdb_dr,0.0315375472687836,0.0028278319667324825,0.025994996613987933,0.03708009792357926,50
wcf_sensitivity_v1_logit_f3,IC3,1000,5,10,aipw_reference_tate_abs_error,REF-ATE-K,aipw reference contrast; marginal absolute error,causal_drf,drf,-0.01976016296939346,0.0011580610845625782,-0.022029962695136112,-0.017490363243650806,50
wcf_sensitivity_v1_logit_f3,IC3,1000,5,10,aipw_reference_tate_abs_error,REF-ATE-K,aipw reference contrast; marginal absolute error,cwdb_dr,drf,-0.05129771023817706,0.003500222070432397,-0.058158145496224556,-0.04443727498012956,50
wcf_sensitivity_v1_logit_f3,IC3,1000,5,10,aipw_reference_tcate_rmse,REF-TCATE-K,"aipw reference contrast; RMSE over four strata of X4 with edges (-0.5, 0.0, 0.5)",causal_drf,cwdb_dr,0.04705744232994559,0.0036040509245199082,0.03999350251788657,0.05412138214200461,50
wcf_sensitivity_v1_logit_f3,IC3,1000,5,10,aipw_reference_tcate_rmse,REF-TCATE-K,"aipw reference contrast; RMSE over four strata of X4 with edges (-0.5, 0.0, 0.5)",causal_drf,drf,-0.023984770267212324,0.0014271563122251884,-0.026781996639173692,-0.021187543895250956,50
wcf_sensitivity_v1_logit_f3,IC3,1000,5,10,aipw_reference_tcate_rmse,REF-TCATE-K,"aipw reference contrast; RMSE over four strata of X4 with edges (-0.5, 0.0, 0.5)",cwdb_dr,drf,-0.07104221259715791,0.004136523862445886,-0.07914979936755184,-0.06293462582676398,50
wcf_sensitivity_v1_logit_f3,IC3,1000,5,10,aipw_tate_abs_error,TATE-K-grid_mean,aipw functional contrast; marginal absolute error,causal_drf,cwdb_dr,0.03855729893546382,0.0033910279818664913,0.031910884091005495,0.04520371377992215,50
wcf_sensitivity_v1_logit_f3,IC3,1000,5,10,aipw_tate_abs_error,TATE-K-grid_mean,aipw functional contrast; marginal absolute error,causal_drf,drf,-0.023715311114476306,0.0013913008701096285,-0.026442260819891178,-0.020988361409061435,50
wcf_sensitivity_v1_logit_f3,IC3,1000,5,10,aipw_tate_abs_error,TATE-K-grid_mean,aipw functional contrast; marginal absolute error,cwdb_dr,drf,-0.06227261004994013,0.004224916255104146,-0.07055344590994425,-0.053991774189936004,50
wcf_sensitivity_v1_logit_f3,IC3,1000,5,10,aipw_tate_abs_error,TATE-K-grid_sd,aipw functional contrast; marginal absolute error,causal_drf,cwdb_dr,-0.0014803853363495843,0.001048018258083583,-0.003534501122193407,0.0005737304494942384,50
wcf_sensitivity_v1_logit_f3,IC3,1000,5,10,aipw_tate_abs_error,TATE-K-grid_sd,aipw functional contrast; marginal absolute error,causal_drf,drf,0.00020106170350516622,0.00023655917445038346,-0.0002625942784175853,0.0006647176854279178,50
wcf_sensitivity_v1_logit_f3,IC3,1000,5,10,aipw_tate_abs_error,TATE-K-grid_sd,aipw functional contrast; marginal absolute error,cwdb_dr,drf,0.0016814470398547506,0.0011717810185676966,-0.0006152437565379349,0.0039781378362474355,50
wcf_sensitivity_v1_logit_f3,IC3,1000,5,10,aipw_tate_abs_error,TATE-K-grid_skewness,aipw functional contrast; marginal absolute error,causal_drf,cwdb_dr,0.0030942019221790514,0.0007390031648564613,0.0016457557190603872,0.004542648125297716,50
wcf_sensitivity_v1_logit_f3,IC3,1000,5,10,aipw_tate_abs_error,TATE-K-grid_skewness,aipw functional contrast; marginal absolute error,causal_drf,drf,-0.004395290213220774,0.00037698506023690486,-0.0051341809312851075,-0.0036563994951564404,50
wcf_sensitivity_v1_logit_f3,IC3,1000,5,10,aipw_tate_abs_error,TATE-K-grid_skewness,aipw functional contrast; marginal absolute error,cwdb_dr,drf,-0.007489492135399825,0.000956137028467998,-0.009363520711197101,-0.005615463559602549,50
wcf_sensitivity_v1_logit_f3,IC3,1000,5,10,aipw_tate_abs_error,TATE-K-grid_upper_tail_mean,aipw functional contrast; marginal absolute error,causal_drf,cwdb_dr,0.0385517772764183,0.003966479419550502,0.030777477614099318,0.04632607693873728,50
wcf_sensitivity_v1_logit_f3,IC3,1000,5,10,aipw_tate_abs_error,TATE-K-grid_upper_tail_mean,aipw functional contrast; marginal absolute error,causal_drf,drf,-0.024562594776631932,0.001470080697715624,-0.027443952944154554,-0.02168123660910931,50
wcf_sensitivity_v1_logit_f3,IC3,1000,5,10,aipw_tate_abs_error,TATE-K-grid_upper_tail_mean,aipw functional contrast; marginal absolute error,cwdb_dr,drf,-0.06311437205305023,0.0048597727827311855,-0.07263952670720336,-0.05358921739889711,50
wcf_sensitivity_v1_logit_f3,IC3,1000,5,10,aipw_tcate_rmse,TCATE-K-grid_mean,"aipw functional contrast; RMSE over four strata of X4 with edges (-0.5, 0.0, 0.5)",causal_drf,cwdb_dr,0.0573549128893473,0.004040754332170977,0.04943503439829218,0.06527479138040242,50
wcf_sensitivity_v1_logit_f3,IC3,1000,5,10,aipw_tcate_rmse,TCATE-K-grid_mean,"aipw functional contrast; RMSE over four strata of X4 with edges (-0.5, 0.0, 0.5)",causal_drf,drf,-0.028550857242177513,0.001790086332751342,-0.03205942645437014,-0.025042288029984882,50
wcf_sensitivity_v1_logit_f3,IC3,1000,5,10,aipw_tcate_rmse,TCATE-K-grid_mean,"aipw functional contrast; RMSE over four strata of X4 with edges (-0.5, 0.0, 0.5)",cwdb_dr,drf,-0.08590577013152481,0.004895597252685736,-0.09550114074678885,-0.07631039951626077,50
wcf_sensitivity_v1_logit_f3,IC3,1000,5,10,aipw_tcate_rmse,TCATE-K-grid_sd,"aipw functional contrast; RMSE over four strata of X4 with edges (-0.5, 0.0, 0.5)",causal_drf,cwdb_dr,-0.0037079467779112772,0.0013636667831455607,-0.006380733672876576,-0.0010351598829459784,50
wcf_sensitivity_v1_logit_f3,IC3,1000,5,10,aipw_tcate_rmse,TCATE-K-grid_sd,"aipw functional contrast; RMSE over four strata of X4 with edges (-0.5, 0.0, 0.5)",causal_drf,drf,0.00018329745360470134,0.00020604997496882887,-0.00022056049733420324,0.0005871554045436059,50
wcf_sensitivity_v1_logit_f3,IC3,1000,5,10,aipw_tcate_rmse,TCATE-K-grid_sd,"aipw functional contrast; RMSE over four strata of X4 with edges (-0.5, 0.0, 0.5)",cwdb_dr,drf,0.0038912442315159786,0.0014104202744209253,0.0011268204936509649,0.006655667969380993,50
wcf_sensitivity_v1_logit_f3,IC3,1000,5,10,aipw_tcate_rmse,TCATE-K-grid_skewness,"aipw functional contrast; RMSE over four strata of X4 with edges (-0.5, 0.0, 0.5)",causal_drf,cwdb_dr,0.0031419636513310197,0.0012346549160705258,0.0007220400158327893,0.00556188728682925,50
wcf_sensitivity_v1_logit_f3,IC3,1000,5,10,aipw_tcate_rmse,TCATE-K-grid_skewness,"aipw functional contrast; RMSE over four strata of X4 with edges (-0.5, 0.0, 0.5)",causal_drf,drf,-0.006089818670298272,0.0005510054631296497,-0.007169789378032385,-0.005009847962564159,50
wcf_sensitivity_v1_logit_f3,IC3,1000,5,10,aipw_tcate_rmse,TCATE-K-grid_skewness,"aipw functional contrast; RMSE over four strata of X4 with edges (-0.5, 0.0, 0.5)",cwdb_dr,drf,-0.009231782321629292,0.001554709576908878,-0.012279013092370693,-0.006184551550887891,50
wcf_sensitivity_v1_logit_f3,IC3,1000,5,10,aipw_tcate_rmse,TCATE-K-grid_upper_tail_mean,"aipw functional contrast; RMSE over four strata of X4 with edges (-0.5, 0.0, 0.5)",causal_drf,cwdb_dr,0.056579246040480605,0.00464927464624151,0.047466667733847244,0.06569182434711396,50
wcf_sensitivity_v1_logit_f3,IC3,1000,5,10,aipw_tcate_rmse,TCATE-K-grid_upper_tail_mean,"aipw functional contrast; RMSE over four strata of X4 with edges (-0.5, 0.0, 0.5)",causal_drf,drf,-0.02956650701751043,0.0018725776610863107,-0.0332367592332396,-0.02589625480178126,50
wcf_sensitivity_v1_logit_f3,IC3,1000,5,10,aipw_tcate_rmse,TCATE-K-grid_upper_tail_mean,"aipw functional contrast; RMSE over four strata of X4 with edges (-0.5, 0.0, 0.5)",cwdb_dr,drf,-0.08614575305799103,0.005633442357854252,-0.09718730007938536,-0.0751042060365967,50
wcf_sensitivity_v1_logit_f3,IC3,1000,5,10,barycenter_rmse,MEANQ-A-K,,causal_drf,cwdb_dr,0.1471358964263511,0.0017498186265732208,0.1437062519182676,0.1505655409344346,50
wcf_sensitivity_v1_logit_f3,IC3,1000,5,10,barycenter_rmse,MEANQ-A-K,,causal_drf,drf,-0.04363562060794918,0.0008777839075012664,-0.04535607706665166,-0.041915164149246696,50
wcf_sensitivity_v1_logit_f3,IC3,1000,5,10,barycenter_rmse,MEANQ-A-K,,cwdb_dr,drf,-0.1907715170343003,0.0014483976054444905,-0.1936103763409715,-0.18793265772762907,50
wcf_sensitivity_v1_logit_f3,IC3,1000,5,10,mean_quantile_rmse,MEANQ-A-K,"arm contrast, the mandatory common target",causal_drf,cwdb_dr,0.16820620612222703,0.003776852086868019,0.1608035760319657,0.17560883621248835,50
wcf_sensitivity_v1_logit_f3,IC3,1000,5,10,mean_quantile_rmse,MEANQ-A-K,"arm contrast, the mandatory common target",causal_drf,drf,-0.0603422022150672,0.002072025134345683,-0.06440337147838474,-0.05628103295174966,50
wcf_sensitivity_v1_logit_f3,IC3,1000,5,10,mean_quantile_rmse,MEANQ-A-K,"arm contrast, the mandatory common target",cwdb_dr,drf,-0.22854840833729423,0.0029950190439318996,-0.23441864566340076,-0.2226781710111877,50
wcf_sensitivity_v1_logit_f3,IC3,1000,5,10,plugin_reference_tate_abs_error,REF-ATE-K,plugin reference contrast; marginal absolute error,causal_drf,cwdb_dr,0.1608787577901512,0.0033571058479839665,0.15429883032810263,0.16745868525219978,50
wcf_sensitivity_v1_logit_f3,IC3,1000,5,10,plugin_reference_tate_abs_error,REF-ATE-K,plugin reference contrast; marginal absolute error,causal_drf,drf,-0.049620759220745214,0.001892877423433914,-0.053330798970675684,-0.045910719470814744,50
wcf_sensitivity_v1_logit_f3,IC3,1000,5,10,plugin_reference_tate_abs_error,REF-ATE-K,plugin reference contrast; marginal absolute error,cwdb_dr,drf,-0.21049951701089642,0.002579958098251997,-0.21555623488347034,-0.2054427991383225,50
wcf_sensitivity_v1_logit_f3,IC3,1000,5,10,plugin_reference_tcate_rmse,REF-TCATE-K,"plugin reference contrast; RMSE over four strata of X4 with edges (-0.5, 0.0, 0.5)",causal_drf,cwdb_dr,0.15146184690355352,0.003658047559549571,0.14429207368683636,0.15863162012027068,50
wcf_sensitivity_v1_logit_f3,IC3,1000,5,10,plugin_reference_tcate_rmse,REF-TCATE-K,"plugin reference contrast; RMSE over four strata of X4 with edges (-0.5, 0.0, 0.5)",causal_drf,drf,-0.05162555636673985,0.001867046271974221,-0.05528496705980932,-0.04796614567367038,50
wcf_sensitivity_v1_logit_f3,IC3,1000,5,10,plugin_reference_tcate_rmse,REF-TCATE-K,"plugin reference contrast; RMSE over four strata of X4 with edges (-0.5, 0.0, 0.5)",cwdb_dr,drf,-0.20308740327029337,0.0029363913494633654,-0.20884273031524156,-0.19733207622534518,50
wcf_sensitivity_v1_logit_f3,IC3,1000,5,10,plugin_tate_abs_error,TATE-K-grid_mean,plugin functional contrast; marginal absolute error,causal_drf,cwdb_dr,0.19253112276072387,0.003943031546263905,0.18480278093004662,0.20025946459140112,50
wcf_sensitivity_v1_logit_f3,IC3,1000,5,10,plugin_tate_abs_error,TATE-K-grid_mean,plugin functional contrast; marginal absolute error,causal_drf,drf,-0.058336056901400535,0.0021663184342413625,-0.06258204103251361,-0.05409007277028746,50
wcf_sensitivity_v1_logit_f3,IC3,1000,5,10,plugin_tate_abs_error,TATE-K-grid_mean,plugin functional contrast; marginal absolute error,cwdb_dr,drf,-0.2508671796621244,0.003073619485179907,-0.25689147385307703,-0.24484288547117178,50
wcf_sensitivity_v1_logit_f3,IC3,1000,5,10,plugin_tate_abs_error,TATE-K-grid_sd,plugin functional contrast; marginal absolute error,causal_drf,cwdb_dr,-0.00013443571484724089,0.0010318068093323304,-0.0021567770611386084,0.0018879056314441266,50
wcf_sensitivity_v1_logit_f3,IC3,1000,5,10,plugin_tate_abs_error,TATE-K-grid_sd,plugin functional contrast; marginal absolute error,causal_drf,drf,-0.0009258850534490052,0.0004343428029264127,-0.0017771969471847742,-7.457315971323632e-05,50
wcf_sensitivity_v1_logit_f3,IC3,1000,5,10,plugin_tate_abs_error,TATE-K-grid_sd,plugin functional contrast; marginal absolute error,cwdb_dr,drf,-0.0007914493386017643,0.0011316437108878218,-0.003009471011941895,0.0014265723347383664,50
wcf_sensitivity_v1_logit_f3,IC3,1000,5,10,plugin_tate_abs_error,TATE-K-grid_skewness,plugin functional contrast; marginal absolute error,causal_drf,cwdb_dr,0.008526393261300166,0.0016411089934594036,0.0053098196341197345,0.011742966888480597,50
wcf_sensitivity_v1_logit_f3,IC3,1000,5,10,plugin_tate_abs_error,TATE-K-grid_skewness,plugin functional contrast; marginal absolute error,causal_drf,drf,-0.01159535636929842,0.0006190235906028779,-0.01280864260688006,-0.010382070131716778,50
wcf_sensitivity_v1_logit_f3,IC3,1000,5,10,plugin_tate_abs_error,TATE-K-grid_skewness,plugin functional contrast; marginal absolute error,cwdb_dr,drf,-0.020121749630598585,0.0016176317889497777,-0.02329230793694015,-0.01695119132425702,50
wcf_sensitivity_v1_logit_f3,IC3,1000,5,10,plugin_tate_abs_error,TATE-K-grid_upper_tail_mean,plugin functional contrast; marginal absolute error,causal_drf,cwdb_dr,0.19478617090827746,0.004268592033938702,0.18641973052175762,0.2031526112947973,50
wcf_sensitivity_v1_logit_f3,IC3,1000,5,10,plugin_tate_abs_error,TATE-K-grid_upper_tail_mean,plugin functional contrast; marginal absolute error,causal_drf,drf,-0.060941869779580715,0.0022290735810046405,-0.06531085399834981,-0.05657288556081162,50
wcf_sensitivity_v1_logit_f3,IC3,1000,5,10,plugin_tate_abs_error,TATE-K-grid_upper_tail_mean,plugin functional contrast; marginal absolute error,cwdb_dr,drf,-0.25572804068785815,0.0034872142705296575,-0.2625629806580963,-0.24889310071762002,50
wcf_sensitivity_v1_logit_f3,IC3,1000,5,10,plugin_tcate_rmse,TCATE-K-grid_mean,"plugin functional contrast; RMSE over four strata of X4 with edges (-0.5, 0.0, 0.5)",causal_drf,cwdb_dr,0.1820123248208155,0.004179001346557756,0.1738214821815623,0.1902031674600687,50
wcf_sensitivity_v1_logit_f3,IC3,1000,5,10,plugin_tcate_rmse,TCATE-K-grid_mean,"plugin functional contrast; RMSE over four strata of X4 with edges (-0.5, 0.0, 0.5)",causal_drf,drf,-0.059972351007016755,0.002110115581061476,-0.06410817754589725,-0.055836524468136264,50
wcf_sensitivity_v1_logit_f3,IC3,1000,5,10,plugin_tcate_rmse,TCATE-K-grid_mean,"plugin functional contrast; RMSE over four strata of X4 with edges (-0.5, 0.0, 0.5)",cwdb_dr,drf,-0.24198467582783226,0.00341125322675527,-0.2486707321522726,-0.23529861950339193,50
wcf_sensitivity_v1_logit_f3,IC3,1000,5,10,plugin_tcate_rmse,TCATE-K-grid_sd,"plugin functional contrast; RMSE over four strata of X4 with edges (-0.5, 0.0, 0.5)",causal_drf,cwdb_dr,-0.002624805384222802,0.0010641426118175546,-0.004710524903385209,-0.0005390858650603948,50
wcf_sensitivity_v1_logit_f3,IC3,1000,5,10,plugin_tcate_rmse,TCATE-K-grid_sd,"plugin functional contrast; RMSE over four strata of X4 with edges (-0.5, 0.0, 0.5)",causal_drf,drf,0.0010371942759998549,0.0005340121964073191,-9.469628958490555e-06,0.0020838581809582003,50
wcf_sensitivity_v1_logit_f3,IC3,1000,5,10,plugin_tcate_rmse,TCATE-K-grid_sd,"plugin functional contrast; RMSE over four strata of X4 with edges (-0.5, 0.0, 0.5)",cwdb_dr,drf,0.003661999660222657,0.0012490008236361449,0.001213958045895813,0.006110041274549501,50
wcf_sensitivity_v1_logit_f3,IC3,1000,5,10,plugin_tcate_rmse,TCATE-K-grid_skewness,"plugin functional contrast; RMSE over four strata of X4 with edges (-0.5, 0.0, 0.5)",causal_drf,cwdb_dr,0.009787814250935875,0.0018660440647327286,0.006130367884059728,0.013445260617812023,50
wcf_sensitivity_v1_logit_f3,IC3,1000,5,10,plugin_tcate_rmse,TCATE-K-grid_skewness,"plugin functional contrast; RMSE over four strata of X4 with edges (-0.5, 0.0, 0.5)",causal_drf,drf,-0.015936956024379646,0.0006700007158227431,-0.01725015742739222,-0.01462375462136707,50
wcf_sensitivity_v1_logit_f3,IC3,1000,5,10,plugin_tcate_rmse,TCATE-K-grid_skewness,"plugin functional contrast; RMSE over four strata of X4 with edges (-0.5, 0.0, 0.5)",cwdb_dr,drf,-0.02572477027531552,0.0018439080243949728,-0.029338830003129666,-0.022110710547501376,50
wcf_sensitivity_v1_logit_f3,IC3,1000,5,10,plugin_tcate_rmse,TCATE-K-grid_upper_tail_mean,"plugin functional contrast; RMSE over four strata of X4 with edges (-0.5, 0.0, 0.5)",causal_drf,cwdb_dr,0.1836377912434447,0.004562626780797239,0.17469504275308212,0.1925805397338073,50
wcf_sensitivity_v1_logit_f3,IC3,1000,5,10,plugin_tcate_rmse,TCATE-K-grid_upper_tail_mean,"plugin functional contrast; RMSE over four strata of X4 with edges (-0.5, 0.0, 0.5)",causal_drf,drf,-0.06303209037915058,0.0021722153264506568,-0.06728963241899387,-0.0587745483393073,50
wcf_sensitivity_v1_logit_f3,IC3,1000,5,10,plugin_tcate_rmse,TCATE-K-grid_upper_tail_mean,"plugin functional contrast; RMSE over four strata of X4 with edges (-0.5, 0.0, 0.5)",cwdb_dr,drf,-0.2466698816225953,0.0038762103062499483,-0.2542672538228452,-0.2390725094223454,50
wcf_sensitivity_v1_logit_f3,IC3,1000,25,10,aipw_reference_tate_abs_error,REF-ATE-K,aipw reference contrast; marginal absolute error,causal_drf,cwdb_dr,0.03324609182989563,0.0030199656998498624,0.0273269590581899,0.03916522460160136,50
wcf_sensitivity_v1_logit_f3,IC3,1000,25,10,aipw_reference_tate_abs_error,REF-ATE-K,aipw reference contrast; marginal absolute error,causal_drf,drf,-0.013951995438182999,0.0010554082627152953,-0.016020595633104977,-0.01188339524326102,50
wcf_sensitivity_v1_logit_f3,IC3,1000,25,10,aipw_reference_tate_abs_error,REF-ATE-K,aipw reference contrast; marginal absolute error,cwdb_dr,drf,-0.04719808726807863,0.0036705338507279995,-0.05439233361550551,-0.04000384092065175,50
wcf_sensitivity_v1_logit_f3,IC3,1000,25,10,aipw_reference_tcate_rmse,REF-TCATE-K,"aipw reference contrast; RMSE over four strata of X4 with edges (-0.5, 0.0, 0.5)",causal_drf,cwdb_dr,0.04606829044341802,0.004146277989438311,0.037941585584118934,0.05419499530271711,50
wcf_sensitivity_v1_logit_f3,IC3,1000,25,10,aipw_reference_tcate_rmse,REF-TCATE-K,"aipw reference contrast; RMSE over four strata of X4 with edges (-0.5, 0.0, 0.5)",causal_drf,drf,-0.017929972090583307,0.0010359481988695984,-0.01996043056036772,-0.015899513620798895,50
wcf_sensitivity_v1_logit_f3,IC3,1000,25,10,aipw_reference_tcate_rmse,REF-TCATE-K,"aipw reference contrast; RMSE over four strata of X4 with edges (-0.5, 0.0, 0.5)",cwdb_dr,drf,-0.06399826253400133,0.004654221808860413,-0.07312053727936774,-0.05487598778863492,50
wcf_sensitivity_v1_logit_f3,IC3,1000,25,10,aipw_tate_abs_error,TATE-K-grid_mean,aipw functional contrast; marginal absolute error,causal_drf,cwdb_dr,0.04400217092996869,0.003645095119187077,0.036857784496362025,0.05114655736357536,50
wcf_sensitivity_v1_logit_f3,IC3,1000,25,10,aipw_tate_abs_error,TATE-K-grid_mean,aipw functional contrast; marginal absolute error,causal_drf,drf,-0.017557853888970243,0.0012958473075569683,-0.020097714611781902,-0.015017993166158585,50
wcf_sensitivity_v1_logit_f3,IC3,1000,25,10,aipw_tate_abs_error,TATE-K-grid_mean,aipw functional contrast; marginal absolute error,cwdb_dr,drf,-0.061560024818938935,0.004413282143426556,-0.07021005782005499,-0.05290999181782288,50
wcf_sensitivity_v1_logit_f3,IC3,1000,25,10,aipw_tate_abs_error,TATE-K-grid_sd,aipw functional contrast; marginal absolute error,causal_drf,cwdb_dr,-0.0022069741064044933,0.0013571519781584167,-0.0048669919835949895,0.00045304377078600336,50
wcf_sensitivity_v1_logit_f3,IC3,1000,25,10,aipw_tate_abs_error,TATE-K-grid_sd,aipw functional contrast; marginal absolute error,causal_drf,drf,-0.00010244225405227347,0.00023016944395722166,-0.000553574364208428,0.000348689856103881,50
wcf_sensitivity_v1_logit_f3,IC3,1000,25,10,aipw_tate_abs_error,TATE-K-grid_sd,aipw functional contrast; marginal absolute error,cwdb_dr,drf,0.00210453185235222,0.0014817113886908065,-0.0007996224694817606,0.0050086861741862,50
wcf_sensitivity_v1_logit_f3,IC3,1000,25,10,aipw_tate_abs_error,TATE-K-grid_skewness,aipw functional contrast; marginal absolute error,causal_drf,cwdb_dr,0.01091874779650668,0.0012242856757165776,0.008519147872102187,0.013318347720911172,50
wcf_sensitivity_v1_logit_f3,IC3,1000,25,10,aipw_tate_abs_error,TATE-K-grid_skewness,aipw functional contrast; marginal absolute error,causal_drf,drf,-0.006595646216340036,0.0006255768320802108,-0.00782177680721725,-0.005369515625462823,50
wcf_sensitivity_v1_logit_f3,IC3,1000,25,10,aipw_tate_abs_error,TATE-K-grid_skewness,aipw functional contrast; marginal absolute error,cwdb_dr,drf,-0.017514394012846716,0.001558865933248839,-0.02056977124201444,-0.014459016783678991,50
wcf_sensitivity_v1_logit_f3,IC3,1000,25,10,aipw_tate_abs_error,TATE-K-grid_upper_tail_mean,aipw functional contrast; marginal absolute error,causal_drf,cwdb_dr,0.043960450845701986,0.004291811781707575,0.03554849975355514,0.05237240193784883,50
wcf_sensitivity_v1_logit_f3,IC3,1000,25,10,aipw_tate_abs_error,TATE-K-grid_upper_tail_mean,aipw functional contrast; marginal absolute error,causal_drf,drf,-0.01789016077915613,0.0013361769911359692,-0.02050906768178263,-0.015271253876529632,50
wcf_sensitivity_v1_logit_f3,IC3,1000,25,10,aipw_tate_abs_error,TATE-K-grid_upper_tail_mean,aipw functional contrast; marginal absolute error,cwdb_dr,drf,-0.061850611624858116,0.005066639959956321,-0.07178122594637251,-0.05191999730334373,50
wcf_sensitivity_v1_logit_f3,IC3,1000,25,10,aipw_tcate_rmse,TCATE-K-grid_mean,"aipw functional contrast; RMSE over four strata of X4 with edges (-0.5, 0.0, 0.5)",causal_drf,cwdb_dr,0.06127065603542815,0.004618858317617703,0.052217693732897454,0.07032361833795885,50
wcf_sensitivity_v1_logit_f3,IC3,1000,25,10,aipw_tcate_rmse,TCATE-K-grid_mean,"aipw functional contrast; RMSE over four strata of X4 with edges (-0.5, 0.0, 0.5)",causal_drf,drf,-0.022647249241127126,0.0013273911270683227,-0.02524893585018104,-0.020045562632073213,50
wcf_sensitivity_v1_logit_f3,IC3,1000,25,10,aipw_tcate_rmse,TCATE-K-grid_mean,"aipw functional contrast; RMSE over four strata of X4 with edges (-0.5, 0.0, 0.5)",cwdb_dr,drf,-0.08391790527655528,0.005382330548294137,-0.09446727315121178,-0.07336853740189878,50
wcf_sensitivity_v1_logit_f3,IC3,1000,25,10,aipw_tcate_rmse,TCATE-K-grid_sd,"aipw functional contrast; RMSE over four strata of X4 with edges (-0.5, 0.0, 0.5)",causal_drf,cwdb_dr,-0.0054085555214969175,0.0017690496352450883,-0.008875892806577291,-0.0019412182364165445,50
wcf_sensitivity_v1_logit_f3,IC3,1000,25,10,aipw_tcate_rmse,TCATE-K-grid_sd,"aipw functional contrast; RMSE over four strata of X4 with edges (-0.5, 0.0, 0.5)",causal_drf,drf,0.00011558196384915675,0.00021512802222103966,-0.00030606895970408096,0.0005372328874023945,50
wcf_sensitivity_v1_logit_f3,IC3,1000,25,10,aipw_tcate_rmse,TCATE-K-grid_sd,"aipw functional contrast; RMSE over four strata of X4 with edges (-0.5, 0.0, 0.5)",cwdb_dr,drf,0.005524137485346074,0.0018227387738513467,0.0019515694885974349,0.009096705482094713,50
wcf_sensitivity_v1_logit_f3,IC3,1000,25,10,aipw_tcate_rmse,TCATE-K-grid_skewness,"aipw functional contrast; RMSE over four strata of X4 with edges (-0.5, 0.0, 0.5)",causal_drf,cwdb_dr,0.014955998253400587,0.0018602648128949065,0.01130987922012657,0.018602117286674602,50
wcf_sensitivity_v1_logit_f3,IC3,1000,25,10,aipw_tcate_rmse,TCATE-K-grid_skewness,"aipw functional contrast; RMSE over four strata of X4 with edges (-0.5, 0.0, 0.5)",causal_drf,drf,-0.009578547322291964,0.0007726279261625231,-0.01109289805757051,-0.008064196587013418,50
wcf_sensitivity_v1_logit_f3,IC3,1000,25,10,aipw_tcate_rmse,TCATE-K-grid_skewness,"aipw functional contrast; RMSE over four strata of X4 with edges (-0.5, 0.0, 0.5)",cwdb_dr,drf,-0.02453454557569255,0.0023280852559861556,-0.029097592677425416,-0.019971498473959685,50
wcf_sensitivity_v1_logit_f3,IC3,1000,25,10,aipw_tcate_rmse,TCATE-K-grid_upper_tail_mean,"aipw functional contrast; RMSE over four strata of X4 with edges (-0.5, 0.0, 0.5)",causal_drf,cwdb_dr,0.058895936886658076,0.004972820463361571,0.0491492087784694,0.06864266499484675,50
wcf_sensitivity_v1_logit_f3,IC3,1000,25,10,aipw_tcate_rmse,TCATE-K-grid_upper_tail_mean,"aipw functional contrast; RMSE over four strata of X4 with edges (-0.5, 0.0, 0.5)",causal_drf,drf,-0.023080718651726506,0.0013610383418518257,-0.025748353801756083,-0.02041308350169693,50
wcf_sensitivity_v1_logit_f3,IC3,1000,25,10,aipw_tcate_rmse,TCATE-K-grid_upper_tail_mean,"aipw functional contrast; RMSE over four strata of X4 with edges (-0.5, 0.0, 0.5)",cwdb_dr,drf,-0.08197665553838458,0.005785927872987826,-0.09331707416944073,-0.07063623690732844,50
wcf_sensitivity_v1_logit_f3,IC3,1000,25,10,barycenter_rmse,MEANQ-A-K,,causal_drf,cwdb_dr,0.14138958923093642,0.0018514469416905817,0.13776075322522288,0.14501842523664996,50
wcf_sensitivity_v1_logit_f3,IC3,1000,25,10,barycenter_rmse,MEANQ-A-K,,causal_drf,drf,-0.04724502487106791,0.0008482526403911458,-0.04890760004623455,-0.045582449695901264,50
wcf_sensitivity_v1_logit_f3,IC3,1000,25,10,barycenter_rmse,MEANQ-A-K,,cwdb_dr,drf,-0.18863461410200433,0.0014613091543046303,-0.1914987800444414,-0.18577044815956725,50
wcf_sensitivity_v1_logit_f3,IC3,1000,25,10,mean_quantile_rmse,MEANQ-A-K,"arm contrast, the mandatory common target",causal_drf,cwdb_dr,0.19244849628981894,0.003930847514671741,0.18474403516106233,0.20015295741857556,50
wcf_sensitivity_v1_logit_f3,IC3,1000,25,10,mean_quantile_rmse,MEANQ-A-K,"arm contrast, the mandatory common target",causal_drf,drf,-0.03692297943467526,0.0018504721279072986,-0.04054990480537357,-0.033296054063976954,50
wcf_sensitivity_v1_logit_f3,IC3,1000,25,10,mean_quantile_rmse,MEANQ-A-K,"arm contrast, the mandatory common target",cwdb_dr,drf,-0.2293714757244942,0.0033424352725432327,-0.23592264885867895,-0.22282030259030947,50
wcf_sensitivity_v1_logit_f3,IC3,1000,25,10,plugin_reference_tate_abs_error,REF-ATE-K,plugin reference contrast; marginal absolute error,causal_drf,cwdb_dr,0.17283700670465663,0.0031982564644014457,0.16656842403442979,0.17910558937488347,50
wcf_sensitivity_v1_logit_f3,IC3,1000,25,10,plugin_reference_tate_abs_error,REF-ATE-K,plugin reference contrast; marginal absolute error,causal_drf,drf,-0.028049172715366888,0.0015633936451202885,-0.031113424259802652,-0.024984921170931124,50
wcf_sensitivity_v1_logit_f3,IC3,1000,25,10,plugin_reference_tate_abs_error,REF-ATE-K,plugin reference contrast; marginal absolute error,cwdb_dr,drf,-0.20088617942002351,0.0024729375277132166,-0.20573313697434142,-0.1960392218657056,50
wcf_sensitivity_v1_logit_f3,IC3,1000,25,10,plugin_reference_tcate_rmse,REF-TCATE-K,"plugin reference contrast; RMSE over four strata of X4 with edges (-0.5, 0.0, 0.5)",causal_drf,cwdb_dr,0.16308635047003256,0.003380763377908618,0.15646005424933168,0.16971264669073344,50
wcf_sensitivity_v1_logit_f3,IC3,1000,25,10,plugin_reference_tcate_rmse,REF-TCATE-K,"plugin reference contrast; RMSE over four strata of X4 with edges (-0.5, 0.0, 0.5)",causal_drf,drf,-0.029569916259389817,0.0015251066802665495,-0.032559125352712256,-0.02658070716606738,50
wcf_sensitivity_v1_logit_f3,IC3,1000,25,10,plugin_reference_tcate_rmse,REF-TCATE-K,"plugin reference contrast; RMSE over four strata of X4 with edges (-0.5, 0.0, 0.5)",cwdb_dr,drf,-0.19265626672942238,0.0026771815674381276,-0.19790354260160112,-0.18740899085724363,50
wcf_sensitivity_v1_logit_f3,IC3,1000,25,10,plugin_tate_abs_error,TATE-K-grid_mean,plugin functional contrast; marginal absolute error,causal_drf,cwdb_dr,0.22075941954255457,0.003838010945198951,0.21323691808996462,0.22828192099514452,50
wcf_sensitivity_v1_logit_f3,IC3,1000,25,10,plugin_tate_abs_error,TATE-K-grid_mean,plugin functional contrast; marginal absolute error,causal_drf,drf,-0.03461511427491415,0.0019184183829732311,-0.03837521430554168,-0.030855014244286615,50
wcf_sensitivity_v1_logit_f3,IC3,1000,25,10,plugin_tate_abs_error,TATE-K-grid_mean,plugin functional contrast; marginal absolute error,cwdb_dr,drf,-0.2553745338174687,0.002898563184357912,-0.26105571765881025,-0.24969334997612722,50
wcf_sensitivity_v1_logit_f3,IC3,1000,25,10,plugin_tate_abs_error,TATE-K-grid_sd,plugin functional contrast; marginal absolute error,causal_drf,cwdb_dr,-0.0002875873127181801,0.001022137025225244,-0.0022909758821596585,0.0017158012567232983,50
wcf_sensitivity_v1_logit_f3,IC3,1000,25,10,plugin_tate_abs_error,TATE-K-grid_sd,plugin functional contrast; marginal absolute error,causal_drf,drf,-0.0005103305876450418,0.00032494157154552047,-0.001147216067874262,0.0001265548925841783,50
wcf_sensitivity_v1_logit_f3,IC3,1000,25,10,plugin_tate_abs_error,TATE-K-grid_sd,plugin functional contrast; marginal absolute error,cwdb_dr,drf,-0.00022274327492686173,0.0010744923740637973,-0.0023287483280919046,0.0018832617782381812,50
wcf_sensitivity_v1_logit_f3,IC3,1000,25,10,plugin_tate_abs_error,TATE-K-grid_skewness,plugin functional contrast; marginal absolute error,causal_drf,cwdb_dr,0.025113089613807968,0.002823265770959029,0.01957948870272827,0.030646690524887665,50
wcf_sensitivity_v1_logit_f3,IC3,1000,25,10,plugin_tate_abs_error,TATE-K-grid_skewness,plugin functional contrast; marginal absolute error,causal_drf,drf,-0.015559889468921437,0.001153720656828508,-0.01782118195630531,-0.01329859698153756,50
wcf_sensitivity_v1_logit_f3,IC3,1000,25,10,plugin_tate_abs_error,TATE-K-grid_skewness,plugin functional contrast; marginal absolute error,cwdb_dr,drf,-0.040672979082729405,0.0026584189975581768,-0.04588348031794343,-0.035462477847515377,50
wcf_sensitivity_v1_logit_f3,IC3,1000,25,10,plugin_tate_abs_error,TATE-K-grid_upper_tail_mean,plugin functional contrast; marginal absolute error,causal_drf,cwdb_dr,0.22370915953654358,0.004094188050966785,0.21568455095664868,0.23173376811643848,50
wcf_sensitivity_v1_logit_f3,IC3,1000,25,10,plugin_tate_abs_error,TATE-K-grid_upper_tail_mean,plugin functional contrast; marginal absolute error,causal_drf,drf,-0.036026566815525796,0.0020238383453063512,-0.03999328997232624,-0.03205984365872535,50
wcf_sensitivity_v1_logit_f3,IC3,1000,25,10,plugin_tate_abs_error,TATE-K-grid_upper_tail_mean,plugin functional contrast; marginal absolute error,cwdb_dr,drf,-0.2597357263520694,0.0032012481878237044,-0.26601017280020384,-0.2534612799039349,50
wcf_sensitivity_v1_logit_f3,IC3,1000,25,10,plugin_tcate_rmse,TCATE-K-grid_mean,"plugin functional contrast; RMSE over four strata of X4 with edges (-0.5, 0.0, 0.5)",causal_drf,cwdb_dr,0.20940986187068267,0.0039736222361774496,0.20162156228777486,0.21719816145359047,50
wcf_sensitivity_v1_logit_f3,IC3,1000,25,10,plugin_tcate_rmse,TCATE-K-grid_mean,"plugin functional contrast; RMSE over four strata of X4 with edges (-0.5, 0.0, 0.5)",causal_drf,drf,-0.035939790103679925,0.0018434010953728938,-0.03955285625061079,-0.03232672395674906,50
wcf_sensitivity_v1_logit_f3,IC3,1000,25,10,plugin_tcate_rmse,TCATE-K-grid_mean,"plugin functional contrast; RMSE over four strata of X4 with edges (-0.5, 0.0, 0.5)",cwdb_dr,drf,-0.2453496519743626,0.0031056342326310363,-0.2514366950703194,-0.23926260887840575,50
wcf_sensitivity_v1_logit_f3,IC3,1000,25,10,plugin_tcate_rmse,TCATE-K-grid_sd,"plugin functional contrast; RMSE over four strata of X4 with edges (-0.5, 0.0, 0.5)",causal_drf,cwdb_dr,-0.0027222398635793205,0.0008793107810609405,-0.004445688994458764,-0.000998790732699877,50
wcf_sensitivity_v1_logit_f3,IC3,1000,25,10,plugin_tcate_rmse,TCATE-K-grid_sd,"plugin functional contrast; RMSE over four strata of X4 with edges (-0.5, 0.0, 0.5)",causal_drf,drf,0.0006512515150546936,0.00048562427018553544,-0.00030057205450895587,0.001603075084618343,50
wcf_sensitivity_v1_logit_f3,IC3,1000,25,10,plugin_tcate_rmse,TCATE-K-grid_sd,"plugin functional contrast; RMSE over four strata of X4 with edges (-0.5, 0.0, 0.5)",cwdb_dr,drf,0.003373491378634014,0.0009456623814506646,0.0015199931109907115,0.005226989646277317,50
wcf_sensitivity_v1_logit_f3,IC3,1000,25,10,plugin_tcate_rmse,TCATE-K-grid_skewness,"plugin functional contrast; RMSE over four strata of X4 with edges (-0.5, 0.0, 0.5)",causal_drf,cwdb_dr,0.027471703272670622,0.003248861227343236,0.02110393526707788,0.03383947127826337,50
wcf_sensitivity_v1_logit_f3,IC3,1000,25,10,plugin_tcate_rmse,TCATE-K-grid_skewness,"plugin functional contrast; RMSE over four strata of X4 with edges (-0.5, 0.0, 0.5)",causal_drf,drf,-0.021962058441476695,0.001297870962320541,-0.024505885527624956,-0.019418231355328434,50
wcf_sensitivity_v1_logit_f3,IC3,1000,25,10,plugin_tcate_rmse,TCATE-K-grid_skewness,"plugin functional contrast; RMSE over four strata of X4 with edges (-0.5, 0.0, 0.5)",cwdb_dr,drf,-0.04943376171414732,0.0030115378862877536,-0.055336375971271314,-0.04353114745702332,50
wcf_sensitivity_v1_logit_f3,IC3,1000,25,10,plugin_tcate_rmse,TCATE-K-grid_upper_tail_mean,"plugin functional contrast; RMSE over four strata of X4 with edges (-0.5, 0.0, 0.5)",causal_drf,cwdb_dr,0.2119833918376995,0.004236599600647372,0.20367965662043064,0.22028712705496833,50
wcf_sensitivity_v1_logit_f3,IC3,1000,25,10,plugin_tcate_rmse,TCATE-K-grid_upper_tail_mean,"plugin functional contrast; RMSE over four strata of X4 with edges (-0.5, 0.0, 0.5)",causal_drf,drf,-0.03755366074730648,0.00194252070981355,-0.041361001338541044,-0.03374632015607192,50
wcf_sensitivity_v1_logit_f3,IC3,1000,25,10,plugin_tcate_rmse,TCATE-K-grid_upper_tail_mean,"plugin functional contrast; RMSE over four strata of X4 with edges (-0.5, 0.0, 0.5)",cwdb_dr,drf,-0.24953705258500597,0.0033700915015754934,-0.25614243192809394,-0.242931673241918,50
wcf_sensitivity_v1_logit_f3,IC3,1000,49,10,aipw_reference_tate_abs_error,REF-ATE-K,aipw reference contrast; marginal absolute error,causal_drf,cwdb_dr,0.02425583294366283,0.00252116209671578,0.0193143552340999,0.02919731065322576,50
wcf_sensitivity_v1_logit_f3,IC3,1000,49,10,aipw_reference_tate_abs_error,REF-ATE-K,aipw reference contrast; marginal absolute error,causal_drf,drf,-0.022420815858783687,0.001974281762555387,-0.026290408113392245,-0.01855122360417513,50
wcf_sensitivity_v1_logit_f3,IC3,1000,49,10,aipw_reference_tate_abs_error,REF-ATE-K,aipw reference contrast; marginal absolute error,cwdb_dr,drf,-0.04667664880244651,0.0032261048813995567,-0.05299981436998964,-0.040353483234903384,50
wcf_sensitivity_v1_logit_f3,IC3,1000,49,10,aipw_reference_tcate_rmse,REF-TCATE-K,"aipw reference contrast; RMSE over four strata of X4 with edges (-0.5, 0.0, 0.5)",causal_drf,cwdb_dr,0.04192831612744188,0.003930564606858019,0.03422440949800016,0.049632222756883594,50
wcf_sensitivity_v1_logit_f3,IC3,1000,49,10,aipw_reference_tcate_rmse,REF-TCATE-K,"aipw reference contrast; RMSE over four strata of X4 with edges (-0.5, 0.0, 0.5)",causal_drf,drf,-0.022021849119143996,0.002403487253771371,-0.026732684136535883,-0.01731101410175211,50
wcf_sensitivity_v1_logit_f3,IC3,1000,49,10,aipw_reference_tcate_rmse,REF-TCATE-K,"aipw reference contrast; RMSE over four strata of X4 with edges (-0.5, 0.0, 0.5)",cwdb_dr,drf,-0.06395016524658587,0.00398705543976209,-0.07176479390851956,-0.056135536584652174,50
wcf_sensitivity_v1_logit_f3,IC3,1000,49,10,aipw_tate_abs_error,TATE-K-grid_mean,aipw functional contrast; marginal absolute error,causal_drf,cwdb_dr,0.03386076262717871,0.0030946192884203335,0.027795308821874854,0.039926216432482564,50
wcf_sensitivity_v1_logit_f3,IC3,1000,49,10,aipw_tate_abs_error,TATE-K-grid_mean,aipw functional contrast; marginal absolute error,causal_drf,drf,-0.028468328144590965,0.0024319151197060435,-0.03323488177921481,-0.02370177450996712,50
wcf_sensitivity_v1_logit_f3,IC3,1000,49,10,aipw_tate_abs_error,TATE-K-grid_mean,aipw functional contrast; marginal absolute error,cwdb_dr,drf,-0.06232909077176967,0.0038727896622359893,-0.06991975850975221,-0.054738423033787134,50
wcf_sensitivity_v1_logit_f3,IC3,1000,49,10,aipw_tate_abs_error,TATE-K-grid_sd,aipw functional contrast; marginal absolute error,causal_drf,cwdb_dr,-0.004498968032625412,0.001980617720607435,-0.008380978765015984,-0.0006169573002348396,50
wcf_sensitivity_v1_logit_f3,IC3,1000,49,10,aipw_tate_abs_error,TATE-K-grid_sd,aipw functional contrast; marginal absolute error,causal_drf,drf,0.0002109090730882321,0.00025697761857782826,-0.0002927670593243113,0.0007145852055007755,50
wcf_sensitivity_v1_logit_f3,IC3,1000,49,10,aipw_tate_abs_error,TATE-K-grid_sd,aipw functional contrast; marginal absolute error,cwdb_dr,drf,0.004709877105713644,0.0019687910461571342,0.000851046655245661,0.008568707556181627,50
wcf_sensitivity_v1_logit_f3,IC3,1000,49,10,aipw_tate_abs_error,TATE-K-grid_skewness,aipw functional contrast; marginal absolute error,causal_drf,cwdb_dr,0.007259940299178959,0.0013661376172827125,0.004582310569304842,0.009937570029053076,50
wcf_sensitivity_v1_logit_f3,IC3,1000,49,10,aipw_tate_abs_error,TATE-K-grid_skewness,aipw functional contrast; marginal absolute error,causal_drf,drf,-0.0086821838888388,0.0009779714453815485,-0.010599007921786635,-0.006765359855890966,50
wcf_sensitivity_v1_logit_f3,IC3,1000,49,10,aipw_tate_abs_error,TATE-K-grid_skewness,aipw functional contrast; marginal absolute error,cwdb_dr,drf,-0.01594212418801776,0.0016515071976209142,-0.01917907829535475,-0.012705170080680768,50
wcf_sensitivity_v1_logit_f3,IC3,1000,49,10,aipw_tate_abs_error,TATE-K-grid_upper_tail_mean,aipw functional contrast; marginal absolute error,causal_drf,cwdb_dr,0.031625453994892104,0.004117260784592061,0.023555622857091667,0.03969528513269254,50
wcf_sensitivity_v1_logit_f3,IC3,1000,49,10,aipw_tate_abs_error,TATE-K-grid_upper_tail_mean,aipw functional contrast; marginal absolute error,causal_drf,drf,-0.028627072675855417,0.002514346993677752,-0.03355519278346381,-0.02369895256824702,50
wcf_sensitivity_v1_logit_f3,IC3,1000,49,10,aipw_tate_abs_error,TATE-K-grid_upper_tail_mean,aipw functional contrast; marginal absolute error,cwdb_dr,drf,-0.06025252667074752,0.004991145968046965,-0.07003517276811957,-0.05046988057337547,50
wcf_sensitivity_v1_logit_f3,IC3,1000,49,10,aipw_tcate_rmse,TCATE-K-grid_mean,"aipw functional contrast; RMSE over four strata of X4 with edges (-0.5, 0.0, 0.5)",causal_drf,cwdb_dr,0.05587567803116878,0.004714674268698259,0.04663491646452019,0.06511643959781736,50
wcf_sensitivity_v1_logit_f3,IC3,1000,49,10,aipw_tcate_rmse,TCATE-K-grid_mean,"aipw functional contrast; RMSE over four strata of X4 with edges (-0.5, 0.0, 0.5)",causal_drf,drf,-0.027872824816056255,0.003125304432843802,-0.03399842150443011,-0.021747228127682403,50
wcf_sensitivity_v1_logit_f3,IC3,1000,49,10,aipw_tcate_rmse,TCATE-K-grid_mean,"aipw functional contrast; RMSE over four strata of X4 with edges (-0.5, 0.0, 0.5)",cwdb_dr,drf,-0.08374850284722504,0.005151989839211304,-0.0938464029320792,-0.07365060276237088,50
wcf_sensitivity_v1_logit_f3,IC3,1000,49,10,aipw_tcate_rmse,TCATE-K-grid_sd,"aipw functional contrast; RMSE over four strata of X4 with edges (-0.5, 0.0, 0.5)",causal_drf,cwdb_dr,-0.005979348743060442,0.0023885016116023017,-0.010660811901800953,-0.0012978855843199305,50
wcf_sensitivity_v1_logit_f3,IC3,1000,49,10,aipw_tcate_rmse,TCATE-K-grid_sd,"aipw functional contrast; RMSE over four strata of X4 with edges (-0.5, 0.0, 0.5)",causal_drf,drf,0.00043452579363861127,0.00046252881735473297,-0.00047203068837666537,0.001341082275653888,50
wcf_sensitivity_v1_logit_f3,IC3,1000,49,10,aipw_tcate_rmse,TCATE-K-grid_sd,"aipw functional contrast; RMSE over four strata of X4 with edges (-0.5, 0.0, 0.5)",cwdb_dr,drf,0.006413874536699053,0.0023565420229946254,0.0017950521716295874,0.011032696901768519,50
wcf_sensitivity_v1_logit_f3,IC3,1000,49,10,aipw_tcate_rmse,TCATE-K-grid_skewness,"aipw functional contrast; RMSE over four strata of X4 with edges (-0.5, 0.0, 0.5)",causal_drf,cwdb_dr,0.01403644089261142,0.002714343336185112,0.0087163279536886,0.01935655383153424,50
wcf_sensitivity_v1_logit_f3,IC3,1000,49,10,aipw_tcate_rmse,TCATE-K-grid_skewness,"aipw functional contrast; RMSE over four strata of X4 with edges (-0.5, 0.0, 0.5)",causal_drf,drf,-0.009527415524371842,0.0015283105670004498,-0.012522904235692724,-0.00653192681305096,50
wcf_sensitivity_v1_logit_f3,IC3,1000,49,10,aipw_tcate_rmse,TCATE-K-grid_skewness,"aipw functional contrast; RMSE over four strata of X4 with edges (-0.5, 0.0, 0.5)",cwdb_dr,drf,-0.02356385641698326,0.003215687605056266,-0.029866604122893544,-0.01726110871107298,50
wcf_sensitivity_v1_logit_f3,IC3,1000,49,10,aipw_tcate_rmse,TCATE-K-grid_upper_tail_mean,"aipw functional contrast; RMSE over four strata of X4 with edges (-0.5, 0.0, 0.5)",causal_drf,cwdb_dr,0.051093117882818034,0.0056560127557406335,0.040007332881566396,0.06217890288406967,50
wcf_sensitivity_v1_logit_f3,IC3,1000,49,10,aipw_tcate_rmse,TCATE-K-grid_upper_tail_mean,"aipw functional contrast; RMSE over four strata of X4 with edges (-0.5, 0.0, 0.5)",causal_drf,drf,-0.028012598734175456,0.0032181007131472706,-0.034320076131944106,-0.021705121336406806,50
wcf_sensitivity_v1_logit_f3,IC3,1000,49,10,aipw_tcate_rmse,TCATE-K-grid_upper_tail_mean,"aipw functional contrast; RMSE over four strata of X4 with edges (-0.5, 0.0, 0.5)",cwdb_dr,drf,-0.07910571661699349,0.006182110690216827,-0.09122265356981847,-0.06698877966416851,50
wcf_sensitivity_v1_logit_f3,IC3,1000,49,10,barycenter_rmse,MEANQ-A-K,,causal_drf,cwdb_dr,0.1602176604042035,0.0017734588242155757,0.15674168110874095,0.16369363969966602,50
wcf_sensitivity_v1_logit_f3,IC3,1000,49,10,barycenter_rmse,MEANQ-A-K,,causal_drf,drf,-0.02446933330181833,0.0010375922159011233,-0.026503014044984532,-0.02243565255865213,50
wcf_sensitivity_v1_logit_f3,IC3,1000,49,10,barycenter_rmse,MEANQ-A-K,,cwdb_dr,drf,-0.18468699370602182,0.0015171876150270526,-0.18766068143147485,-0.18171330598056878,50
wcf_sensitivity_v1_logit_f3,IC3,1000,49,10,mean_quantile_rmse,MEANQ-A-K,"arm contrast, the mandatory common target",causal_drf,cwdb_dr,0.139090145529509,0.0046056694127719275,0.13006303348047601,0.14811725757854197,50
wcf_sensitivity_v1_logit_f3,IC3,1000,49,10,mean_quantile_rmse,MEANQ-A-K,"arm contrast, the mandatory common target",causal_drf,drf,-0.08085066516619221,0.002796246343474538,-0.0863313079994023,-0.07537002233298212,50
wcf_sensitivity_v1_logit_f3,IC3,1000,49,10,mean_quantile_rmse,MEANQ-A-K,"arm contrast, the mandatory common target",cwdb_dr,drf,-0.2199408106957012,0.0037691519950033784,-0.22732834860590784,-0.21255327278549457,50
wcf_sensitivity_v1_logit_f3,IC3,1000,49,10,plugin_reference_tate_abs_error,REF-ATE-K,plugin reference contrast; marginal absolute error,causal_drf,cwdb_dr,0.12317222483911816,0.003647031429431127,0.11602404323743315,0.13032040644080317,50
wcf_sensitivity_v1_logit_f3,IC3,1000,49,10,plugin_reference_tate_abs_error,REF-ATE-K,plugin reference contrast; marginal absolute error,causal_drf,drf,-0.06680325208550145,0.0024925961121874895,-0.07168874046538892,-0.06191776370561397,50
wcf_sensitivity_v1_logit_f3,IC3,1000,49,10,plugin_reference_tate_abs_error,REF-ATE-K,plugin reference contrast; marginal absolute error,cwdb_dr,drf,-0.1899754769246196,0.0025387810588526215,-0.19495148779997074,-0.18499946604926848,50
wcf_sensitivity_v1_logit_f3,IC3,1000,49,10,plugin_reference_tcate_rmse,REF-TCATE-K,"plugin reference contrast; RMSE over four strata of X4 with edges (-0.5, 0.0, 0.5)",causal_drf,cwdb_dr,0.11343542702643292,0.0038357122777569136,0.10591743096202937,0.12095342309083647,50
wcf_sensitivity_v1_logit_f3,IC3,1000,49,10,plugin_reference_tcate_rmse,REF-TCATE-K,"plugin reference contrast; RMSE over four strata of X4 with edges (-0.5, 0.0, 0.5)",causal_drf,drf,-0.0666011818604979,0.0024542779969549382,-0.07141156673452959,-0.06179079698646622,50
wcf_sensitivity_v1_logit_f3,IC3,1000,49,10,plugin_reference_tcate_rmse,REF-TCATE-K,"plugin reference contrast; RMSE over four strata of X4 with edges (-0.5, 0.0, 0.5)",cwdb_dr,drf,-0.18003660888693082,0.002740505916723445,-0.18540800048370878,-0.17466521729015286,50
wcf_sensitivity_v1_logit_f3,IC3,1000,49,10,plugin_tate_abs_error,TATE-K-grid_mean,plugin functional contrast; marginal absolute error,causal_drf,cwdb_dr,0.1634853131041687,0.004366797045761517,0.15492639089447613,0.17204423531386126,50
wcf_sensitivity_v1_logit_f3,IC3,1000,49,10,plugin_tate_abs_error,TATE-K-grid_mean,plugin functional contrast; marginal absolute error,causal_drf,drf,-0.08274418150524565,0.003001848326817174,-0.08862780422580731,-0.076860558784684,50
wcf_sensitivity_v1_logit_f3,IC3,1000,49,10,plugin_tate_abs_error,TATE-K-grid_mean,plugin functional contrast; marginal absolute error,cwdb_dr,drf,-0.24622949460941435,0.002867502710134954,-0.25184979992127887,-0.24060918929754985,50
wcf_sensitivity_v1_logit_f3,IC3,1000,49,10,plugin_tate_abs_error,TATE-K-grid_sd,plugin functional contrast; marginal absolute error,causal_drf,cwdb_dr,-0.001806375194282681,0.001280468713018217,-0.004316093871798386,0.0007033434832330243,50
wcf_sensitivity_v1_logit_f3,IC3,1000,49,10,plugin_tate_abs_error,TATE-K-grid_sd,plugin functional contrast; marginal absolute error,causal_drf,drf,-0.0008084172630782888,0.0005949306596740139,-0.001974481356039356,0.0003576468298827785,50
wcf_sensitivity_v1_logit_f3,IC3,1000,49,10,plugin_tate_abs_error,TATE-K-grid_sd,plugin functional contrast; marginal absolute error,cwdb_dr,drf,0.000997957931204392,0.0014236098110783498,-0.0017923172985091734,0.0037882331609179576,50
wcf_sensitivity_v1_logit_f3,IC3,1000,49,10,plugin_tate_abs_error,TATE-K-grid_skewness,plugin functional contrast; marginal absolute error,causal_drf,cwdb_dr,0.009066032416157804,0.00440430300797084,0.00043359852053495747,0.017698466311780653,50
wcf_sensitivity_v1_logit_f3,IC3,1000,49,10,plugin_tate_abs_error,TATE-K-grid_skewness,plugin functional contrast; marginal absolute error,causal_drf,drf,-0.022816285080325863,0.001658697501478789,-0.02606733218322429,-0.019565237977427437,50
wcf_sensitivity_v1_logit_f3,IC3,1000,49,10,plugin_tate_abs_error,TATE-K-grid_skewness,plugin functional contrast; marginal absolute error,cwdb_dr,drf,-0.03188231749648367,0.004019081584673444,-0.03975971740244362,-0.024004917590523717,50
wcf_sensitivity_v1_logit_f3,IC3,1000,49,10,plugin_tate_abs_error,TATE-K-grid_upper_tail_mean,plugin functional contrast; marginal absolute error,causal_drf,cwdb_dr,0.16627774102759169,0.004583894416987969,0.15729330797029525,0.17526217408488812,50
wcf_sensitivity_v1_logit_f3,IC3,1000,49,10,plugin_tate_abs_error,TATE-K-grid_upper_tail_mean,plugin functional contrast; marginal absolute error,causal_drf,drf,-0.08412741989508299,0.0030254649981479504,-0.09005733129145298,-0.078197508498713,50
wcf_sensitivity_v1_logit_f3,IC3,1000,49,10,plugin_tate_abs_error,TATE-K-grid_upper_tail_mean,plugin functional contrast; marginal absolute error,cwdb_dr,drf,-0.2504051609226747,0.003109340590313772,-0.2564994684796897,-0.2443108533656597,50
wcf_sensitivity_v1_logit_f3,IC3,1000,49,10,plugin_tcate_rmse,TCATE-K-grid_mean,"plugin functional contrast; RMSE over four strata of X4 with edges (-0.5, 0.0, 0.5)",causal_drf,cwdb_dr,0.15248274827517352,0.004459267283609543,0.14374258439929882,0.16122291215104823,50
wcf_sensitivity_v1_logit_f3,IC3,1000,49,10,plugin_tcate_rmse,TCATE-K-grid_mean,"plugin functional contrast; RMSE over four strata of X4 with edges (-0.5, 0.0, 0.5)",causal_drf,drf,-0.0822016881996468,0.002892208777219746,-0.0878704174029975,-0.07653295899629609,50
wcf_sensitivity_v1_logit_f3,IC3,1000,49,10,plugin_tcate_rmse,TCATE-K-grid_mean,"plugin functional contrast; RMSE over four strata of X4 with edges (-0.5, 0.0, 0.5)",cwdb_dr,drf,-0.23468443647482032,0.00306453350825017,-0.24069092215099064,-0.22867795079865,50
wcf_sensitivity_v1_logit_f3,IC3,1000,49,10,plugin_tcate_rmse,TCATE-K-grid_sd,"plugin functional contrast; RMSE over four strata of X4 with edges (-0.5, 0.0, 0.5)",causal_drf,cwdb_dr,-0.0032045352034938933,0.001370910322392878,-0.005891519435383934,-0.0005175509716038524,50
wcf_sensitivity_v1_logit_f3,IC3,1000,49,10,plugin_tcate_rmse,TCATE-K-grid_sd,"plugin functional contrast; RMSE over four strata of X4 with edges (-0.5, 0.0, 0.5)",causal_drf,drf,0.0010863048676602559,0.0007551772802071478,-0.0003938426015457539,0.0025664523368662657,50
wcf_sensitivity_v1_logit_f3,IC3,1000,49,10,plugin_tcate_rmse,TCATE-K-grid_sd,"plugin functional contrast; RMSE over four strata of X4 with edges (-0.5, 0.0, 0.5)",cwdb_dr,drf,0.004290840071154149,0.001513455220294423,0.0013244678393770802,0.007257212302931218,50
wcf_sensitivity_v1_logit_f3,IC3,1000,49,10,plugin_tcate_rmse,TCATE-K-grid_skewness,"plugin functional contrast; RMSE over four strata of X4 with edges (-0.5, 0.0, 0.5)",causal_drf,cwdb_dr,0.010373229009280935,0.004849471431601481,0.0008682650033420315,0.019878193015219838,50
wcf_sensitivity_v1_logit_f3,IC3,1000,49,10,plugin_tcate_rmse,TCATE-K-grid_skewness,"plugin functional contrast; RMSE over four strata of X4 with edges (-0.5, 0.0, 0.5)",causal_drf,drf,-0.02658879918582195,0.0018347426378400261,-0.0301848947559884,-0.022992703615655502,50
wcf_sensitivity_v1_logit_f3,IC3,1000,49,10,plugin_tcate_rmse,TCATE-K-grid_skewness,"plugin functional contrast; RMSE over four strata of X4 with edges (-0.5, 0.0, 0.5)",cwdb_dr,drf,-0.036962028195102886,0.004474285654843431,-0.045731628078596015,-0.02819242831160976,50
wcf_sensitivity_v1_logit_f3,IC3,1000,49,10,plugin_tcate_rmse,TCATE-K-grid_upper_tail_mean,"plugin functional contrast; RMSE over four strata of X4 with edges (-0.5, 0.0, 0.5)",causal_drf,cwdb_dr,0.15486957887483804,0.004694616285099446,0.14566813095604314,0.16407102679363295,50
wcf_sensitivity_v1_logit_f3,IC3,1000,49,10,plugin_tcate_rmse,TCATE-K-grid_upper_tail_mean,"plugin functional contrast; RMSE over four strata of X4 with edges (-0.5, 0.0, 0.5)",causal_drf,drf,-0.08360520578811875,0.0029081826849008652,-0.08930524385052445,-0.07790516772571306,50
wcf_sensitivity_v1_logit_f3,IC3,1000,49,10,plugin_tcate_rmse,TCATE-K-grid_upper_tail_mean,"plugin functional contrast; RMSE over four strata of X4 with edges (-0.5, 0.0, 0.5)",cwdb_dr,drf,-0.2384747846629568,0.0033254076368581095,-0.2449925836311987,-0.2319569856947149,50
wcf_sensitivity_v1_sym,SYM-LIN,500,25,10,aipw_reference_tate_abs_error,REF-ATE-K,aipw reference contrast; marginal absolute error,causal_drf,cwdb_dr,0.005127566830933541,0.002474728130136519,0.0002770996958659632,0.009978033966001118,50
wcf_sensitivity_v1_sym,SYM-LIN,500,25,10,aipw_reference_tate_abs_error,REF-ATE-K,aipw reference contrast; marginal absolute error,causal_drf,drf,-0.00044422584047289215,0.00022119961488852437,-0.0008777770856544,-1.0674595291384396e-05,50
wcf_sensitivity_v1_sym,SYM-LIN,500,25,10,aipw_reference_tate_abs_error,REF-ATE-K,aipw reference contrast; marginal absolute error,cwdb_dr,drf,-0.005571792671406433,0.002534860699779612,-0.010540119642974473,-0.000603465699838393,50
wcf_sensitivity_v1_sym,SYM-LIN,500,25,10,aipw_reference_tcate_rmse,REF-TCATE-K,"aipw reference contrast; RMSE over four strata of X1 with edges (-0.5, 0.0, 0.5)",causal_drf,cwdb_dr,0.007312977835748136,0.002821382309729344,0.0017830685086786214,0.012842887162817649,50
wcf_sensitivity_v1_sym,SYM-LIN,500,25,10,aipw_reference_tcate_rmse,REF-TCATE-K,"aipw reference contrast; RMSE over four strata of X1 with edges (-0.5, 0.0, 0.5)",causal_drf,drf,-0.0005562015149369187,0.0003585447611294246,-0.001258949246750591,0.00014654621687675343,50
wcf_sensitivity_v1_sym,SYM-LIN,500,25,10,aipw_reference_tcate_rmse,REF-TCATE-K,"aipw reference contrast; RMSE over four strata of X1 with edges (-0.5, 0.0, 0.5)",cwdb_dr,drf,-0.007869179350685054,0.002831605505768353,-0.013419126141991027,-0.002319232559379082,50
wcf_sensitivity_v1_sym,SYM-LIN,500,25,10,aipw_tate_abs_error,TATE-K-grid_mean,aipw functional contrast; marginal absolute error,causal_drf,cwdb_dr,0.0026452521500409804,0.0020188484517123834,-0.0013116908153152909,0.006602195115397252,50
wcf_sensitivity_v1_sym,SYM-LIN,500,25,10,aipw_tate_abs_error,TATE-K-grid_mean,aipw functional contrast; marginal absolute error,causal_drf,drf,0.00011187496595656266,0.0006724460038086467,-0.001206119201508385,0.0014298691334215102,50
wcf_sensitivity_v1_sym,SYM-LIN,500,25,10,aipw_tate_abs_error,TATE-K-grid_mean,aipw functional contrast; marginal absolute error,cwdb_dr,drf,-0.0025333771840844177,0.00225668430354486,-0.006956478419032343,0.0018897240508635076,50
wcf_sensitivity_v1_sym,SYM-LIN,500,25,10,aipw_tate_abs_error,TATE-K-grid_sd,aipw functional contrast; marginal absolute error,causal_drf,cwdb_dr,0.0005872793933088668,0.00042058302035778575,-0.00023706332659239324,0.001411622113210127,50
wcf_sensitivity_v1_sym,SYM-LIN,500,25,10,aipw_tate_abs_error,TATE-K-grid_sd,aipw functional contrast; marginal absolute error,causal_drf,drf,-0.00021309095404521954,4.3765881467364844e-05,-0.00029887208172125465,-0.00012730982636918444,50
wcf_sensitivity_v1_sym,SYM-LIN,500,25,10,aipw_tate_abs_error,TATE-K-grid_sd,aipw functional contrast; marginal absolute error,cwdb_dr,drf,-0.0008003703473540864,0.0004275158727303022,-0.0016383014579054787,3.7560763197305876e-05,50
wcf_sensitivity_v1_sym,SYM-LIN,500,25,10,aipw_tate_abs_error,TATE-K-grid_skewness,aipw functional contrast; marginal absolute error,causal_drf,cwdb_dr,-0.0009063565811677077,0.0001264239408556711,-0.001154147505244823,-0.0006585656570905923,50
wcf_sensitivity_v1_sym,SYM-LIN,500,25,10,aipw_tate_abs_error,TATE-K-grid_skewness,aipw functional contrast; marginal absolute error,causal_drf,drf,3.732505950956888e-20,1.0189005028259518e-19,-1.6237943904431766e-19,2.370295580634554e-19,50
wcf_sensitivity_v1_sym,SYM-LIN,500,25,10,aipw_tate_abs_error,TATE-K-grid_skewness,aipw functional contrast; marginal absolute error,cwdb_dr,drf,0.0009063565811677078,0.0001264239408556711,0.0006585656570905925,0.001154147505244823,50
wcf_sensitivity_v1_sym,SYM-LIN,500,25,10,aipw_tate_abs_error,TATE-K-grid_upper_tail_mean,aipw functional contrast; marginal absolute error,causal_drf,cwdb_dr,0.0030133981747755625,0.001999829451005663,-0.0009062675491955377,0.006933063898746663,50
wcf_sensitivity_v1_sym,SYM-LIN,500,25,10,aipw_tate_abs_error,TATE-K-grid_upper_tail_mean,aipw functional contrast; marginal absolute error,causal_drf,drf,9.915554516705394e-05,0.0006597590366107267,-0.0011939721665899703,0.0013922832569240782,50
wcf_sensitivity_v1_sym,SYM-LIN,500,25,10,aipw_tate_abs_error,TATE-K-grid_upper_tail_mean,aipw functional contrast; marginal absolute error,cwdb_dr,drf,-0.0029142426296085086,0.002189759702615628,-0.007206171646735139,0.0013776863875181221,50
wcf_sensitivity_v1_sym,SYM-LIN,500,25,10,aipw_tcate_rmse,TCATE-K-grid_mean,"aipw functional contrast; RMSE over four strata of X1 with edges (-0.5, 0.0, 0.5)",causal_drf,cwdb_dr,0.009970602183504693,0.002673313889146773,0.004730906960777017,0.015210297406232368,50
wcf_sensitivity_v1_sym,SYM-LIN,500,25,10,aipw_tcate_rmse,TCATE-K-grid_mean,"aipw functional contrast; RMSE over four strata of X1 with edges (-0.5, 0.0, 0.5)",causal_drf,drf,-0.0010475509372771113,0.0009411726856324559,-0.002892249401116725,0.0007971475265625022,50
wcf_sensitivity_v1_sym,SYM-LIN,500,25,10,aipw_tcate_rmse,TCATE-K-grid_mean,"aipw functional contrast; RMSE over four strata of X1 with edges (-0.5, 0.0, 0.5)",cwdb_dr,drf,-0.011018153120781804,0.0029687951276098808,-0.01683699157089717,-0.005199314670666438,50
wcf_sensitivity_v1_sym,SYM-LIN,500,25,10,aipw_tcate_rmse,TCATE-K-grid_sd,"aipw functional contrast; RMSE over four strata of X1 with edges (-0.5, 0.0, 0.5)",causal_drf,cwdb_dr,0.0015530459442411994,0.0004607665573363503,0.0006499434918619529,0.0024561483966204457,50
wcf_sensitivity_v1_sym,SYM-LIN,500,25,10,aipw_tcate_rmse,TCATE-K-grid_sd,"aipw functional contrast; RMSE over four strata of X1 with edges (-0.5, 0.0, 0.5)",causal_drf,drf,-0.0009797124760488928,8.901133677179802e-05,-0.001154174696121617,-0.0008052502559761686,50
wcf_sensitivity_v1_sym,SYM-LIN,500,25,10,aipw_tcate_rmse,TCATE-K-grid_sd,"aipw functional contrast; RMSE over four strata of X1 with edges (-0.5, 0.0, 0.5)",cwdb_dr,drf,-0.002532758420290092,0.000517523228201406,-0.003547103947564848,-0.0015184128930153364,50
wcf_sensitivity_v1_sym,SYM-LIN,500,25,10,aipw_tcate_rmse,TCATE-K-grid_skewness,"aipw functional contrast; RMSE over four strata of X1 with edges (-0.5, 0.0, 0.5)",causal_drf,cwdb_dr,-0.0022027079688718486,0.00017297591618767568,-0.002541740764599693,-0.0018636751731440043,50
wcf_sensitivity_v1_sym,SYM-LIN,500,25,10,aipw_tcate_rmse,TCATE-K-grid_skewness,"aipw functional contrast; RMSE over four strata of X1 with edges (-0.5, 0.0, 0.5)",causal_drf,drf,-1.2956482638752261e-19,1.2647675092483924e-19,-3.774592582002075e-19,1.1832960542516227e-19,50
wcf_sensitivity_v1_sym,SYM-LIN,500,25,10,aipw_tcate_rmse,TCATE-K-grid_skewness,"aipw functional contrast; RMSE over four strata of X1 with edges (-0.5, 0.0, 0.5)",cwdb_dr,drf,0.0022027079688718486,0.00017297591618767566,0.0018636751731440043,0.002541740764599693,50
wcf_sensitivity_v1_sym,SYM-LIN,500,25,10,aipw_tcate_rmse,TCATE-K-grid_upper_tail_mean,"aipw functional contrast; RMSE over four strata of X1 with edges (-0.5, 0.0, 0.5)",causal_drf,cwdb_dr,0.010236448740288742,0.0027692709272484207,0.004808677722881838,0.015664219757695646,50
wcf_sensitivity_v1_sym,SYM-LIN,500,25,10,aipw_tcate_rmse,TCATE-K-grid_upper_tail_mean,"aipw functional contrast; RMSE over four strata of X1 with edges (-0.5, 0.0, 0.5)",causal_drf,drf,-0.0011002733681497456,0.0009025689195558416,-0.002869308450479195,0.0006687617141797038,50
wcf_sensitivity_v1_sym,SYM-LIN,500,25,10,aipw_tcate_rmse,TCATE-K-grid_upper_tail_mean,"aipw functional contrast; RMSE over four strata of X1 with edges (-0.5, 0.0, 0.5)",cwdb_dr,drf,-0.011336722108438488,0.0030209973406457374,-0.017257876896104134,-0.005415567320772843,50
wcf_sensitivity_v1_sym,SYM-LIN,500,25,10,barycenter_rmse,MEANQ-A-K,,causal_drf,cwdb_dr,0.0849470980899282,0.0016802719063982949,0.08165376515338754,0.08824043102646886,50
wcf_sensitivity_v1_sym,SYM-LIN,500,25,10,barycenter_rmse,MEANQ-A-K,,causal_drf,drf,-0.009010732797506471,0.0009841893748114327,-0.01093974397213688,-0.007081721622876063,50
wcf_sensitivity_v1_sym,SYM-LIN,500,25,10,barycenter_rmse,MEANQ-A-K,,cwdb_dr,drf,-0.09395783088743467,0.0014019894744513658,-0.09670573025735935,-0.09120993151751,50
wcf_sensitivity_v1_sym,SYM-LIN,500,25,10,mean_quantile_rmse,MEANQ-A-K,"arm contrast, the mandatory common target",causal_drf,cwdb_dr,-0.016408304539951693,0.00405957715684166,-0.024365075767361348,-0.00845153331254204,50
wcf_sensitivity_v1_sym,SYM-LIN,500,25,10,mean_quantile_rmse,MEANQ-A-K,"arm contrast, the mandatory common target",causal_drf,drf,-0.0018938570079341105,0.002844654927673941,-0.007469380666175035,0.0036816666503068137,50
wcf_sensitivity_v1_sym,SYM-LIN,500,25,10,mean_quantile_rmse,MEANQ-A-K,"arm contrast, the mandatory common target",cwdb_dr,drf,0.014514447532017583,0.0029195115524611906,0.008792204889193649,0.020236690174841518,50
wcf_sensitivity_v1_sym,SYM-LIN,500,25,10,plugin_reference_tate_abs_error,REF-ATE-K,plugin reference contrast; marginal absolute error,causal_drf,cwdb_dr,0.020577880188427124,0.004279989277099809,0.0121891012053115,0.02896665917154275,50
wcf_sensitivity_v1_sym,SYM-LIN,500,25,10,plugin_reference_tate_abs_error,REF-ATE-K,plugin reference contrast; marginal absolute error,causal_drf,drf,0.005385429381015126,0.0013342498731463116,0.0027702996296483555,0.008000559132381898,50
wcf_sensitivity_v1_sym,SYM-LIN,500,25,10,plugin_reference_tate_abs_error,REF-ATE-K,plugin reference contrast; marginal absolute error,cwdb_dr,drf,-0.015192450807411998,0.0040468023247736355,-0.023124183363968324,-0.007260718250855672,50
wcf_sensitivity_v1_sym,SYM-LIN,500,25,10,plugin_reference_tcate_rmse,REF-TCATE-K,"plugin reference contrast; RMSE over four strata of X1 with edges (-0.5, 0.0, 0.5)",causal_drf,cwdb_dr,0.02649670486021402,0.0036337198531662535,0.019374613948008164,0.03361879577241988,50
wcf_sensitivity_v1_sym,SYM-LIN,500,25,10,plugin_reference_tcate_rmse,REF-TCATE-K,"plugin reference contrast; RMSE over four strata of X1 with edges (-0.5, 0.0, 0.5)",causal_drf,drf,0.009413527094274371,0.0016575639044606688,0.006164701841531461,0.012662352347017281,50
wcf_sensitivity_v1_sym,SYM-LIN,500,25,10,plugin_reference_tcate_rmse,REF-TCATE-K,"plugin reference contrast; RMSE over four strata of X1 with edges (-0.5, 0.0, 0.5)",cwdb_dr,drf,-0.01708317776593965,0.0032470526484027237,-0.023447400956808986,-0.010718954575070312,50
wcf_sensitivity_v1_sym,SYM-LIN,500,25,10,plugin_tate_abs_error,TATE-K-grid_mean,plugin functional contrast; marginal absolute error,causal_drf,cwdb_dr,0.00881097785905146,0.007399597882269237,-0.005692233990196244,0.02331418970829916,50
wcf_sensitivity_v1_sym,SYM-LIN,500,25,10,plugin_tate_abs_error,TATE-K-grid_mean,plugin functional contrast; marginal absolute error,causal_drf,drf,0.03272486490462093,0.004065405392266208,0.024756670335779166,0.0406930594734627,50
wcf_sensitivity_v1_sym,SYM-LIN,500,25,10,plugin_tate_abs_error,TATE-K-grid_mean,plugin functional contrast; marginal absolute error,cwdb_dr,drf,0.023913887045569474,0.005322296789261303,0.01348218533861732,0.034345588752521625,50
wcf_sensitivity_v1_sym,SYM-LIN,500,25,10,plugin_tate_abs_error,TATE-K-grid_sd,plugin functional contrast; marginal absolute error,causal_drf,cwdb_dr,0.0037862799271840275,0.0005173919384232659,0.0027721917278744263,0.004800368126493629,50
wcf_sensitivity_v1_sym,SYM-LIN,500,25,10,plugin_tate_abs_error,TATE-K-grid_sd,plugin functional contrast; marginal absolute error,causal_drf,drf,-0.00023496627975720143,0.00011915102821525743,-0.000468502295059106,-1.4302644552968724e-06,50
wcf_sensitivity_v1_sym,SYM-LIN,500,25,10,plugin_tate_abs_error,TATE-K-grid_sd,plugin functional contrast; marginal absolute error,cwdb_dr,drf,-0.004021246206941229,0.0005342400256866155,-0.005068356657286995,-0.0029741357565954626,50
wcf_sensitivity_v1_sym,SYM-LIN,500,25,10,plugin_tate_abs_error,TATE-K-grid_skewness,plugin functional contrast; marginal absolute error,causal_drf,cwdb_dr,-0.005948486470222043,0.0008680620910374308,-0.007649888168655407,-0.004247084771788679,50
wcf_sensitivity_v1_sym,SYM-LIN,500,25,10,plugin_tate_abs_error,TATE-K-grid_skewness,plugin functional contrast; marginal absolute error,causal_drf,drf,-1.4473119186410096e-18,6.023198432766629e-19,-2.6278588114632687e-18,-2.6676502581875023e-19,50
wcf_sensitivity_v1_sym,SYM-LIN,500,25,10,plugin_tate_abs_error,TATE-K-grid_skewness,plugin functional contrast; marginal absolute error,cwdb_dr,drf,0.005948486470222042,0.0008680620910374308,0.004247084771788678,0.007649888168655406,50
wcf_sensitivity_v1_sym,SYM-LIN,500,25,10,plugin_tate_abs_error,TATE-K-grid_upper_tail_mean,plugin functional contrast; marginal absolute error,causal_drf,cwdb_dr,0.004696385763458197,0.007447988268377672,-0.009901671242562039,0.019294442769478434,50
wcf_sensitivity_v1_sym,SYM-LIN,500,25,10,plugin_tate_abs_error,TATE-K-grid_upper_tail_mean,plugin functional contrast; marginal absolute error,causal_drf,drf,0.02931512311681818,0.004625194087244017,0.020249742705819904,0.038380503527816454,50
wcf_sensitivity_v1_sym,SYM-LIN,500,25,10,plugin_tate_abs_error,TATE-K-grid_upper_tail_mean,plugin functional contrast; marginal absolute error,cwdb_dr,drf,0.024618737353359982,0.00509962060643219,0.01462348096475289,0.034613993741967074,50
wcf_sensitivity_v1_sym,SYM-LIN,500,25,10,plugin_tcate_rmse,TCATE-K-grid_mean,"plugin functional contrast; RMSE over four strata of X1 with edges (-0.5, 0.0, 0.5)",causal_drf,cwdb_dr,0.016811601357249684,0.006772777430416501,0.0035369575936333424,0.030086245120866023,50
wcf_sensitivity_v1_sym,SYM-LIN,500,25,10,plugin_tcate_rmse,TCATE-K-grid_mean,"plugin functional contrast; RMSE over four strata of X1 with edges (-0.5, 0.0, 0.5)",causal_drf,drf,0.02262850567348932,0.003810447736452056,0.01516002811004329,0.03009698323693535,50
wcf_sensitivity_v1_sym,SYM-LIN,500,25,10,plugin_tcate_rmse,TCATE-K-grid_mean,"plugin functional contrast; RMSE over four strata of X1 with edges (-0.5, 0.0, 0.5)",cwdb_dr,drf,0.005816904316239636,0.0049121487547173215,-0.0038109072430063135,0.015444715875485586,50
wcf_sensitivity_v1_sym,SYM-LIN,500,25,10,plugin_tcate_rmse,TCATE-K-grid_sd,"plugin functional contrast; RMSE over four strata of X1 with edges (-0.5, 0.0, 0.5)",causal_drf,cwdb_dr,0.0022642123556485243,0.0006083988999948868,0.0010717505116585463,0.0034566741996385026,50
wcf_sensitivity_v1_sym,SYM-LIN,500,25,10,plugin_tcate_rmse,TCATE-K-grid_sd,"plugin functional contrast; RMSE over four strata of X1 with edges (-0.5, 0.0, 0.5)",causal_drf,drf,-0.00025057398475663607,0.00012297724756165967,-0.000491609389977489,-9.538579535783121e-06,50
wcf_sensitivity_v1_sym,SYM-LIN,500,25,10,plugin_tcate_rmse,TCATE-K-grid_sd,"plugin functional contrast; RMSE over four strata of X1 with edges (-0.5, 0.0, 0.5)",cwdb_dr,drf,-0.0025147863404051604,0.0006246498689828221,-0.003739100083611492,-0.001290472597198829,50
wcf_sensitivity_v1_sym,SYM-LIN,500,25,10,plugin_tcate_rmse,TCATE-K-grid_skewness,"plugin functional contrast; RMSE over four strata of X1 with edges (-0.5, 0.0, 0.5)",causal_drf,cwdb_dr,-0.0063096009007387825,0.0008422158996178001,-0.00796034406398967,-0.004658857737487894,50
wcf_sensitivity_v1_sym,SYM-LIN,500,25,10,plugin_tcate_rmse,TCATE-K-grid_skewness,"plugin functional contrast; RMSE over four strata of X1 with edges (-0.5, 0.0, 0.5)",causal_drf,drf,-6.205152194819542e-19,5.56849419412219e-19,-1.7119400815299036e-18,4.709096425659951e-19,50
wcf_sensitivity_v1_sym,SYM-LIN,500,25,10,plugin_tcate_rmse,TCATE-K-grid_skewness,"plugin functional contrast; RMSE over four strata of X1 with edges (-0.5, 0.0, 0.5)",cwdb_dr,drf,0.006309600900738782,0.0008422158996178,0.004658857737487893,0.007960344063989669,50
wcf_sensitivity_v1_sym,SYM-LIN,500,25,10,plugin_tcate_rmse,TCATE-K-grid_upper_tail_mean,"plugin functional contrast; RMSE over four strata of X1 with edges (-0.5, 0.0, 0.5)",causal_drf,cwdb_dr,0.013490651010790833,0.006825683577155628,0.00011231119956580174,0.026868990822015864,50
wcf_sensitivity_v1_sym,SYM-LIN,500,25,10,plugin_tcate_rmse,TCATE-K-grid_upper_tail_mean,"plugin functional contrast; RMSE over four strata of X1 with edges (-0.5, 0.0, 0.5)",causal_drf,drf,0.019974974900127694,0.004060879612218541,0.012015650860179352,0.027934298940076034,50
wcf_sensitivity_v1_sym,SYM-LIN,500,25,10,plugin_tcate_rmse,TCATE-K-grid_upper_tail_mean,"plugin functional contrast; RMSE over four strata of X1 with edges (-0.5, 0.0, 0.5)",cwdb_dr,drf,0.006484323889336861,0.004799825358757884,-0.0029233338138285915,0.015891981592502314,50
wcf_sensitivity_v1_sym,SYM-LIN,1000,25,10,aipw_reference_tate_abs_error,REF-ATE-K,aipw reference contrast; marginal absolute error,causal_drf,cwdb_dr,0.0016555781382354105,0.0012499579303653756,-0.0007943394052807255,0.0041054956817515465,50
wcf_sensitivity_v1_sym,SYM-LIN,1000,25,10,aipw_reference_tate_abs_error,REF-ATE-K,aipw reference contrast; marginal absolute error,causal_drf,drf,-0.0003604712478126326,0.00016938522074160453,-0.0006924662804661775,-2.8476215159087747e-05,50
wcf_sensitivity_v1_sym,SYM-LIN,1000,25,10,aipw_reference_tate_abs_error,REF-ATE-K,aipw reference contrast; marginal absolute error,cwdb_dr,drf,-0.002016049386048043,0.0013198494743234422,-0.0046029543557219894,0.0005708555836259036,50
wcf_sensitivity_v1_sym,SYM-LIN,1000,25,10,aipw_reference_tcate_rmse,REF-TCATE-K,"aipw reference contrast; RMSE over four strata of X1 with edges (-0.5, 0.0, 0.5)",causal_drf,cwdb_dr,0.002292554732908625,0.0013020078764587814,-0.00025938070495058665,0.004844490170767836,50
wcf_sensitivity_v1_sym,SYM-LIN,1000,25,10,aipw_reference_tcate_rmse,REF-TCATE-K,"aipw reference contrast; RMSE over four strata of X1 with edges (-0.5, 0.0, 0.5)",causal_drf,drf,-0.0008021432985507795,0.00020713914245714158,-0.001208136017766777,-0.00039615057933478203,50
wcf_sensitivity_v1_sym,SYM-LIN,1000,25,10,aipw_reference_tcate_rmse,REF-TCATE-K,"aipw reference contrast; RMSE over four strata of X1 with edges (-0.5, 0.0, 0.5)",cwdb_dr,drf,-0.0030946980314594044,0.0013537343322004359,-0.005748017322572258,-0.0004413787403465502,50
wcf_sensitivity_v1_sym,SYM-LIN,1000,25,10,aipw_tate_abs_error,TATE-K-grid_mean,aipw functional contrast; marginal absolute error,causal_drf,cwdb_dr,0.002948491852608419,0.0020130456687848792,-0.0009970776582099447,0.0068940613634267825,50
wcf_sensitivity_v1_sym,SYM-LIN,1000,25,10,aipw_tate_abs_error,TATE-K-grid_mean,aipw functional contrast; marginal absolute error,causal_drf,drf,-0.0011921102995125221,0.0004908331984224858,-0.0021541433684205942,-0.00023007723060445,50
wcf_sensitivity_v1_sym,SYM-LIN,1000,25,10,aipw_tate_abs_error,TATE-K-grid_mean,aipw functional contrast; marginal absolute error,cwdb_dr,drf,-0.004140602152120941,0.002075795834621463,-0.008209161987979009,-7.204231626287312e-05,50
wcf_sensitivity_v1_sym,SYM-LIN,1000,25,10,aipw_tate_abs_error,TATE-K-grid_sd,aipw functional contrast; marginal absolute error,causal_drf,cwdb_dr,0.00047241440700752577,0.0002279555720209951,2.5621485846375424e-05,0.0009192073281686761,50
wcf_sensitivity_v1_sym,SYM-LIN,1000,25,10,aipw_tate_abs_error,TATE-K-grid_sd,aipw functional contrast; marginal absolute error,causal_drf,drf,-0.00019884782917602064,6.064812762130816e-05,-0.00031771815931378464,-7.997749903825665e-05,50
wcf_sensitivity_v1_sym,SYM-LIN,1000,25,10,aipw_tate_abs_error,TATE-K-grid_sd,aipw functional contrast; marginal absolute error,cwdb_dr,drf,-0.0006712622361835464,0.0002333064858519405,-0.0011285429484533499,-0.00021398152391374303,50
wcf_sensitivity_v1_sym,SYM-LIN,1000,25,10,aipw_tate_abs_error,TATE-K-grid_skewness,aipw functional contrast; marginal absolute error,causal_drf,cwdb_dr,-0.0005746106059689487,0.00010518999975977308,-0.0007807830054981039,-0.00036843820643979344,50
wcf_sensitivity_v1_sym,SYM-LIN,1000,25,10,aipw_tate_abs_error,TATE-K-grid_skewness,aipw functional contrast; marginal absolute error,causal_drf,drf,2.1372971373615623e-19,1.2280677750245114e-19,-2.6971570168648013e-20,4.544309976409605e-19,50
wcf_sensitivity_v1_sym,SYM-LIN,1000,25,10,aipw_tate_abs_error,TATE-K-grid_skewness,aipw functional contrast; marginal absolute error,cwdb_dr,drf,0.0005746106059689489,0.00010518999975977307,0.00036843820643979366,0.0007807830054981041,50
wcf_sensitivity_v1_sym,SYM-LIN,1000,25,10,aipw_tate_abs_error,TATE-K-grid_upper_tail_mean,aipw functional contrast; marginal absolute error,causal_drf,cwdb_dr,0.0029393395752345362,0.002033575414266095,-0.0010464682367270104,0.006925147387196083,50
wcf_sensitivity_v1_sym,SYM-LIN,1000,25,10,aipw_tate_abs_error,TATE-K-grid_upper_tail_mean,aipw functional contrast; marginal absolute error,causal_drf,drf,-0.00118624887683675,0.0004779376788012125,-0.0021230067272871266,-0.00024949102638637335,50
wcf_sensitivity_v1_sym,SYM-LIN,1000,25,10,aipw_tate_abs_error,TATE-K-grid_upper_tail_mean,aipw functional contrast; marginal absolute error,cwdb_dr,drf,-0.004125588452071286,0.0020864090153548433,-0.008214950122166779,-3.622678197579346e-05,50
wcf_sensitivity_v1_sym,SYM-LIN,1000,25,10,aipw_tcate_rmse,TCATE-K-grid_mean,"aipw functional contrast; RMSE over four strata of X1 with edges (-0.5, 0.0, 0.5)",causal_drf,cwdb_dr,0.005631415690396865,0.0017473725335598576,0.0022065655246195446,0.009056265856174186,50
wcf_sensitivity_v1_sym,SYM-LIN,1000,25,10,aipw_tcate_rmse,TCATE-K-grid_mean,"aipw functional contrast; RMSE over four strata of X1 with edges (-0.5, 0.0, 0.5)",causal_drf,drf,-0.002130717029097763,0.0005058258213527565,-0.003122135638949166,-0.0011392984192463602,50
wcf_sensitivity_v1_sym,SYM-LIN,1000,25,10,aipw_tcate_rmse,TCATE-K-grid_mean,"aipw functional contrast; RMSE over four strata of X1 with edges (-0.5, 0.0, 0.5)",cwdb_dr,drf,-0.0077621327194946285,0.001811439992344476,-0.0113125551044898,-0.0042117103344994555,50
wcf_sensitivity_v1_sym,SYM-LIN,1000,25,10,aipw_tcate_rmse,TCATE-K-grid_sd,"aipw functional contrast; RMSE over four strata of X1 with edges (-0.5, 0.0, 0.5)",causal_drf,cwdb_dr,0.0021438149086719896,0.0002893813195716484,0.0015766275223115587,0.0027110022950324205,50
wcf_sensitivity_v1_sym,SYM-LIN,1000,25,10,aipw_tcate_rmse,TCATE-K-grid_sd,"aipw functional contrast; RMSE over four strata of X1 with edges (-0.5, 0.0, 0.5)",causal_drf,drf,-0.0009079234790302197,9.155112097649199e-05,-0.001087363676144144,-0.0007284832819162955,50
wcf_sensitivity_v1_sym,SYM-LIN,1000,25,10,aipw_tcate_rmse,TCATE-K-grid_sd,"aipw functional contrast; RMSE over four strata of X1 with edges (-0.5, 0.0, 0.5)",cwdb_dr,drf,-0.0030517383877022093,0.00034367703726400094,-0.0037253453807396513,-0.0023781313946647674,50
wcf_sensitivity_v1_sym,SYM-LIN,1000,25,10,aipw_tcate_rmse,TCATE-K-grid_skewness,"aipw functional contrast; RMSE over four strata of X1 with edges (-0.5, 0.0, 0.5)",causal_drf,cwdb_dr,-0.0011391291662561872,0.00012762233789929725,-0.00138926894853881,-0.0008889893839735646,50
wcf_sensitivity_v1_sym,SYM-LIN,1000,25,10,aipw_tcate_rmse,TCATE-K-grid_skewness,"aipw functional contrast; RMSE over four strata of X1 with edges (-0.5, 0.0, 0.5)",causal_drf,drf,-9.49616986513393e-21,1.084832198591023e-19,-2.2212328078897446e-19,2.0313094105870657e-19,50
wcf_sensitivity_v1_sym,SYM-LIN,1000,25,10,aipw_tcate_rmse,TCATE-K-grid_skewness,"aipw functional contrast; RMSE over four strata of X1 with edges (-0.5, 0.0, 0.5)",cwdb_dr,drf,0.0011391291662561872,0.00012762233789929723,0.0008889893839735647,0.0013892689485388097,50
wcf_sensitivity_v1_sym,SYM-LIN,1000,25,10,aipw_tcate_rmse,TCATE-K-grid_upper_tail_mean,"aipw functional contrast; RMSE over four strata of X1 with edges (-0.5, 0.0, 0.5)",causal_drf,cwdb_dr,0.005910355700681477,0.0018486843624043732,0.0022869343503689058,0.00953377705099405,50
wcf_sensitivity_v1_sym,SYM-LIN,1000,25,10,aipw_tcate_rmse,TCATE-K-grid_upper_tail_mean,"aipw functional contrast; RMSE over four strata of X1 with edges (-0.5, 0.0, 0.5)",causal_drf,drf,-0.0022797791647207397,0.0005066940768897121,-0.0032728995554245754,-0.001286658774016904,50
wcf_sensitivity_v1_sym,SYM-LIN,1000,25,10,aipw_tcate_rmse,TCATE-K-grid_upper_tail_mean,"aipw functional contrast; RMSE over four strata of X1 with edges (-0.5, 0.0, 0.5)",cwdb_dr,drf,-0.008190134865402217,0.0019138871591757674,-0.011941353697386721,-0.004438916033417712,50
wcf_sensitivity_v1_sym,SYM-LIN,1000,25,10,barycenter_rmse,MEANQ-A-K,,causal_drf,cwdb_dr,0.07094023075398759,0.0011686584084553788,0.06864966027341504,0.07323080123456013,50
wcf_sensitivity_v1_sym,SYM-LIN,1000,25,10,barycenter_rmse,MEANQ-A-K,,causal_drf,drf,-0.014395145539768534,0.0005459532502317738,-0.01546521391022281,-0.013325077169314256,50
wcf_sensitivity_v1_sym,SYM-LIN,1000,25,10,barycenter_rmse,MEANQ-A-K,,cwdb_dr,drf,-0.08533537629375612,0.00109328446543409,-0.08747821384600694,-0.0831925387415053,50
wcf_sensitivity_v1_sym,SYM-LIN,1000,25,10,mean_quantile_rmse,MEANQ-A-K,"arm contrast, the mandatory common target",causal_drf,cwdb_dr,-0.01329675865092192,0.0028136513454929137,-0.01881151528808803,-0.007782002013755809,50
wcf_sensitivity_v1_sym,SYM-LIN,1000,25,10,mean_quantile_rmse,MEANQ-A-K,"arm contrast, the mandatory common target",causal_drf,drf,-0.019218905318416857,0.002013648311848926,-0.023165656009640753,-0.015272154627192962,50
wcf_sensitivity_v1_sym,SYM-LIN,1000,25,10,mean_quantile_rmse,MEANQ-A-K,"arm contrast, the mandatory common target",cwdb_dr,drf,-0.0059221466674949375,0.0028924242154103647,-0.011591298129699251,-0.0002529952052906228,50
wcf_sensitivity_v1_sym,SYM-LIN,1000,25,10,plugin_reference_tate_abs_error,REF-ATE-K,plugin reference contrast; marginal absolute error,causal_drf,cwdb_dr,0.0034442442747872025,0.00233246782723213,-0.0011273926665877725,0.008015881216162177,50
wcf_sensitivity_v1_sym,SYM-LIN,1000,25,10,plugin_reference_tate_abs_error,REF-ATE-K,plugin reference contrast; marginal absolute error,causal_drf,drf,0.0006220677348828391,0.0009372463399991797,-0.001214935091515553,0.0024590705612812314,50
wcf_sensitivity_v1_sym,SYM-LIN,1000,25,10,plugin_reference_tate_abs_error,REF-ATE-K,plugin reference contrast; marginal absolute error,cwdb_dr,drf,-0.0028221765399043634,0.0020163387277008253,-0.006774200446197981,0.0011298473663892538,50
wcf_sensitivity_v1_sym,SYM-LIN,1000,25,10,plugin_reference_tcate_rmse,REF-TCATE-K,"plugin reference contrast; RMSE over four strata of X1 with edges (-0.5, 0.0, 0.5)",causal_drf,cwdb_dr,0.010293114058562172,0.001956598129837775,0.006458181724080133,0.01412804639304421,50
wcf_sensitivity_v1_sym,SYM-LIN,1000,25,10,plugin_reference_tcate_rmse,REF-TCATE-K,"plugin reference contrast; RMSE over four strata of X1 with edges (-0.5, 0.0, 0.5)",causal_drf,drf,0.004259413303862723,0.0009087773278822835,0.0024782097412134477,0.006040616866511999,50
wcf_sensitivity_v1_sym,SYM-LIN,1000,25,10,plugin_reference_tcate_rmse,REF-TCATE-K,"plugin reference contrast; RMSE over four strata of X1 with edges (-0.5, 0.0, 0.5)",cwdb_dr,drf,-0.006033700754699448,0.0021184074414889766,-0.010185779340017843,-0.0018816221693810547,50
wcf_sensitivity_v1_sym,SYM-LIN,1000,25,10,plugin_tate_abs_error,TATE-K-grid_mean,plugin functional contrast; marginal absolute error,causal_drf,cwdb_dr,-0.010097169175610949,0.0037935159620184357,-0.017532460461167083,-0.0026618778900548154,50
wcf_sensitivity_v1_sym,SYM-LIN,1000,25,10,plugin_tate_abs_error,TATE-K-grid_mean,plugin functional contrast; marginal absolute error,causal_drf,drf,0.002960932218517759,0.003509557559877239,-0.00391780059884163,0.009839665035877148,50
wcf_sensitivity_v1_sym,SYM-LIN,1000,25,10,plugin_tate_abs_error,TATE-K-grid_mean,plugin functional contrast; marginal absolute error,cwdb_dr,drf,0.013058101394128708,0.002763389685116668,0.0076418576113000385,0.018474345176957375,50
wcf_sensitivity_v1_sym,SYM-LIN,1000,25,10,plugin_tate_abs_error,TATE-K-grid_sd,plugin functional contrast; marginal absolute error,causal_drf,cwdb_dr,0.004744385294526821,0.0003573192960558739,0.004044039474257308,0.005444731114796333,50
wcf_sensitivity_v1_sym,SYM-LIN,1000,25,10,plugin_tate_abs_error,TATE-K-grid_sd,plugin functional contrast; marginal absolute error,causal_drf,drf,0.00033580020024370685,9.04081921520025e-05,0.00015860014362578196,0.0005130002568616318,50
wcf_sensitivity_v1_sym,SYM-LIN,1000,25,10,plugin_tate_abs_error,TATE-K-grid_sd,plugin functional contrast; marginal absolute error,cwdb_dr,drf,-0.004408585094283114,0.00035228625421340347,-0.005099066152541385,-0.003718104036024843,50
wcf_sensitivity_v1_sym,SYM-LIN,1000,25,10,plugin_tate_abs_error,TATE-K-grid_skewness,plugin functional contrast; marginal absolute error,causal_drf,cwdb_dr,-0.011305639031646665,0.002435906056361724,-0.016080014902115643,-0.0065312631611776865,50
wcf_sensitivity_v1_sym,SYM-LIN,1000,25,10,plugin_tate_abs_error,TATE-K-grid_skewness,plugin functional contrast; marginal absolute error,causal_drf,drf,-1.922717340275354e-19,4.822374650208905e-19,-1.1374571654684807e-18,7.529136974134099e-19,50
wcf_sensitivity_v1_sym,SYM-LIN,1000,25,10,plugin_tate_abs_error,TATE-K-grid_skewness,plugin functional contrast; marginal absolute error,cwdb_dr,drf,0.011305639031646664,0.002435906056361724,0.006531263161177685,0.016080014902115643,50
wcf_sensitivity_v1_sym,SYM-LIN,1000,25,10,plugin_tate_abs_error,TATE-K-grid_upper_tail_mean,plugin functional contrast; marginal absolute error,causal_drf,cwdb_dr,-0.013533004809823623,0.003723256830851621,-0.0208305881982928,-0.006235421421354446,50
wcf_sensitivity_v1_sym,SYM-LIN,1000,25,10,plugin_tate_abs_error,TATE-K-grid_upper_tail_mean,plugin functional contrast; marginal absolute error,causal_drf,drf,-0.0016220560834743977,0.003681901690424787,-0.00883858339670698,0.005594471229758184,50
wcf_sensitivity_v1_sym,SYM-LIN,1000,25,10,plugin_tate_abs_error,TATE-K-grid_upper_tail_mean,plugin functional contrast; marginal absolute error,cwdb_dr,drf,0.011910948726349225,0.002769225784120015,0.006483266189473995,0.017338631263224456,50
wcf_sensitivity_v1_sym,SYM-LIN,1000,25,10,plugin_tcate_rmse,TCATE-K-grid_mean,"plugin functional contrast; RMSE over four strata of X1 with edges (-0.5, 0.0, 0.5)",causal_drf,cwdb_dr,0.007712202684683374,0.002443820216218792,0.002922315060894541,0.012502090308472207,50
wcf_sensitivity_v1_sym,SYM-LIN,1000,25,10,plugin_tcate_rmse,TCATE-K-grid_mean,"plugin functional contrast; RMSE over four strata of X1 with edges (-0.5, 0.0, 0.5)",causal_drf,drf,0.006955545654495875,0.002158738773621031,0.0027244176581986542,0.011186673650793094,50
wcf_sensitivity_v1_sym,SYM-LIN,1000,25,10,plugin_tcate_rmse,TCATE-K-grid_mean,"plugin functional contrast; RMSE over four strata of X1 with edges (-0.5, 0.0, 0.5)",cwdb_dr,drf,-0.0007566570301874992,0.0023757251360140667,-0.00541307829677507,0.0038997642364000714,50
wcf_sensitivity_v1_sym,SYM-LIN,1000,25,10,plugin_tcate_rmse,TCATE-K-grid_sd,"plugin functional contrast; RMSE over four strata of X1 with edges (-0.5, 0.0, 0.5)",causal_drf,cwdb_dr,0.004078826829082458,0.00033753466571087576,0.0034172588842891413,0.004740394773875774,50
wcf_sensitivity_v1_sym,SYM-LIN,1000,25,10,plugin_tcate_rmse,TCATE-K-grid_sd,"plugin functional contrast; RMSE over four strata of X1 with edges (-0.5, 0.0, 0.5)",causal_drf,drf,0.0004662575748698092,8.269978727135011e-05,0.00030416599181796295,0.0006283491579216554,50
wcf_sensitivity_v1_sym,SYM-LIN,1000,25,10,plugin_tcate_rmse,TCATE-K-grid_sd,"plugin functional contrast; RMSE over four strata of X1 with edges (-0.5, 0.0, 0.5)",cwdb_dr,drf,-0.003612569254212649,0.00033422528605510046,-0.004267650814880646,-0.0029574876935446522,50
wcf_sensitivity_v1_sym,SYM-LIN,1000,25,10,plugin_tcate_rmse,TCATE-K-grid_skewness,"plugin functional contrast; RMSE over four strata of X1 with edges (-0.5, 0.0, 0.5)",causal_drf,cwdb_dr,-0.012478824895536164,0.0026390232009540927,-0.017651310369406186,-0.007306339421666142,50
wcf_sensitivity_v1_sym,SYM-LIN,1000,25,10,plugin_tcate_rmse,TCATE-K-grid_skewness,"plugin functional contrast; RMSE over four strata of X1 with edges (-0.5, 0.0, 0.5)",causal_drf,drf,4.203259729521817e-19,5.458266338980552e-19,-6.494942294880064e-19,1.4901461753923698e-18,50
wcf_sensitivity_v1_sym,SYM-LIN,1000,25,10,plugin_tcate_rmse,TCATE-K-grid_skewness,"plugin functional contrast; RMSE over four strata of X1 with edges (-0.5, 0.0, 0.5)",cwdb_dr,drf,0.012478824895536164,0.0026390232009540927,0.007306339421666142,0.017651310369406186,50
wcf_sensitivity_v1_sym,SYM-LIN,1000,25,10,plugin_tcate_rmse,TCATE-K-grid_upper_tail_mean,"plugin functional contrast; RMSE over four strata of X1 with edges (-0.5, 0.0, 0.5)",causal_drf,cwdb_dr,0.005854338606884432,0.0024316540845551998,0.001088296601156241,0.010620380612612623,50
wcf_sensitivity_v1_sym,SYM-LIN,1000,25,10,plugin_tcate_rmse,TCATE-K-grid_upper_tail_mean,"plugin functional contrast; RMSE over four strata of X1 with edges (-0.5, 0.0, 0.5)",causal_drf,drf,0.004422725408765621,0.0021834382550867887,0.00014318642879551473,0.008702264388735727,50
wcf_sensitivity_v1_sym,SYM-LIN,1000,25,10,plugin_tcate_rmse,TCATE-K-grid_upper_tail_mean,"plugin functional contrast; RMSE over four strata of X1 with edges (-0.5, 0.0, 0.5)",cwdb_dr,drf,-0.0014316131981188113,0.0024697963789717674,-0.006272414100903475,0.0034091877046658527,50
wcf_sensitivity_v1_sym,SYM-MU,500,25,10,aipw_reference_tate_abs_error,REF-ATE-K,aipw reference contrast; marginal absolute error,causal_drf,cwdb_dr,0.008299739218653703,0.002436941276340558,0.0035233343170262103,0.013076144120281196,50
wcf_sensitivity_v1_sym,SYM-MU,500,25,10,aipw_reference_tate_abs_error,REF-ATE-K,aipw reference contrast; marginal absolute error,causal_drf,drf,0.000185080169939969,0.00032314917368315434,-0.00044829221047901354,0.0008184525503589516,50
wcf_sensitivity_v1_sym,SYM-MU,500,25,10,aipw_reference_tate_abs_error,REF-ATE-K,aipw reference contrast; marginal absolute error,cwdb_dr,drf,-0.008114659048713734,0.0024280897452200996,-0.012873714949345128,-0.0033556031480823393,50
wcf_sensitivity_v1_sym,SYM-MU,500,25,10,aipw_reference_tcate_rmse,REF-TCATE-K,"aipw reference contrast; RMSE over four strata of X1 with edges (-0.5, 0.0, 0.5)",causal_drf,cwdb_dr,0.023792860423896424,0.0023885112165023354,0.019111378439551845,0.028474342408241003,50
wcf_sensitivity_v1_sym,SYM-MU,500,25,10,aipw_reference_tcate_rmse,REF-TCATE-K,"aipw reference contrast; RMSE over four strata of X1 with edges (-0.5, 0.0, 0.5)",causal_drf,drf,-0.003545496360783759,0.0003796740556202934,-0.004289657509799535,-0.002801335211767984,50
wcf_sensitivity_v1_sym,SYM-MU,500,25,10,aipw_reference_tcate_rmse,REF-TCATE-K,"aipw reference contrast; RMSE over four strata of X1 with edges (-0.5, 0.0, 0.5)",cwdb_dr,drf,-0.027338356784680183,0.002536558705547873,-0.03231001184755401,-0.022366701721806354,50
wcf_sensitivity_v1_sym,SYM-MU,500,25,10,aipw_tate_abs_error,TATE-K-grid_mean,aipw functional contrast; marginal absolute error,causal_drf,cwdb_dr,0.060304724569146095,0.002743846264163515,0.0549267858913856,0.06568266324690658,50
wcf_sensitivity_v1_sym,SYM-MU,500,25,10,aipw_tate_abs_error,TATE-K-grid_mean,aipw functional contrast; marginal absolute error,causal_drf,drf,-0.01004187065437162,0.0008244169934925388,-0.011657727961616998,-0.008426013347126244,50
wcf_sensitivity_v1_sym,SYM-MU,500,25,10,aipw_tate_abs_error,TATE-K-grid_mean,aipw functional contrast; marginal absolute error,cwdb_dr,drf,-0.07034659522351772,0.00313445170007366,-0.0764901205556621,-0.06420306989137334,50
wcf_sensitivity_v1_sym,SYM-MU,500,25,10,aipw_tate_abs_error,TATE-K-grid_sd,aipw functional contrast; marginal absolute error,causal_drf,cwdb_dr,-0.0007331829921582585,0.0003398113515495074,-0.0013992132411952932,-6.715274312122396e-05,50
wcf_sensitivity_v1_sym,SYM-MU,500,25,10,aipw_tate_abs_error,TATE-K-grid_sd,aipw functional contrast; marginal absolute error,causal_drf,drf,-9.742384306756988e-05,3.3054743948192586e-05,-0.00016221114120602734,-3.2636544929112404e-05,50
wcf_sensitivity_v1_sym,SYM-MU,500,25,10,aipw_tate_abs_error,TATE-K-grid_sd,aipw functional contrast; marginal absolute error,cwdb_dr,drf,0.0006357591490906886,0.00034019462867692306,-3.1022323116080565e-05,0.001302540621297458,50
wcf_sensitivity_v1_sym,SYM-MU,500,25,10,aipw_tate_abs_error,TATE-K-grid_skewness,aipw functional contrast; marginal absolute error,causal_drf,cwdb_dr,-0.000549226510904786,5.505551719031218e-05,-0.0006571353245977978,-0.00044131769721177414,50
wcf_sensitivity_v1_sym,SYM-MU,500,25,10,aipw_tate_abs_error,TATE-K-grid_skewness,aipw functional contrast; marginal absolute error,causal_drf,drf,6.557720621322755e-20,1.7078688562978323e-19,-2.691650896211476e-19,4.003195020476027e-19,50
wcf_sensitivity_v1_sym,SYM-MU,500,25,10,aipw_tate_abs_error,TATE-K-grid_skewness,aipw functional contrast; marginal absolute error,cwdb_dr,drf,0.000549226510904786,5.505551719031218e-05,0.00044131769721177414,0.0006571353245977978,50
wcf_sensitivity_v1_sym,SYM-MU,500,25,10,aipw_tate_abs_error,TATE-K-grid_upper_tail_mean,aipw functional contrast; marginal absolute error,causal_drf,cwdb_dr,0.06075019129458239,0.002787617264145808,0.0552864614568566,0.06621392113230817,50
wcf_sensitivity_v1_sym,SYM-MU,500,25,10,aipw_tate_abs_error,TATE-K-grid_upper_tail_mean,aipw functional contrast; marginal absolute error,causal_drf,drf,-0.010052077185720043,0.0008105461850716783,-0.011640747708460533,-0.008463406662979553,50
wcf_sensitivity_v1_sym,SYM-MU,500,25,10,aipw_tate_abs_error,TATE-K-grid_upper_tail_mean,aipw functional contrast; marginal absolute error,cwdb_dr,drf,-0.07080226848030244,0.003161015861021067,-0.07699785956790373,-0.06460667739270115,50
wcf_sensitivity_v1_sym,SYM-MU,500,25,10,aipw_tcate_rmse,TCATE-K-grid_mean,"aipw functional contrast; RMSE over four strata of X1 with edges (-0.5, 0.0, 0.5)",causal_drf,cwdb_dr,0.05413454602935493,0.002617305545859647,0.049004627159470016,0.05926446489923984,50
wcf_sensitivity_v1_sym,SYM-MU,500,25,10,aipw_tcate_rmse,TCATE-K-grid_mean,"aipw functional contrast; RMSE over four strata of X1 with edges (-0.5, 0.0, 0.5)",causal_drf,drf,-0.009976247763884838,0.0009600552360587576,-0.011857956026560004,-0.008094539501209672,50
wcf_sensitivity_v1_sym,SYM-MU,500,25,10,aipw_tcate_rmse,TCATE-K-grid_mean,"aipw functional contrast; RMSE over four strata of X1 with edges (-0.5, 0.0, 0.5)",cwdb_dr,drf,-0.06411079379323976,0.0031146936790346384,-0.07021559340414765,-0.05800599418233188,50
wcf_sensitivity_v1_sym,SYM-MU,500,25,10,aipw_tcate_rmse,TCATE-K-grid_sd,"aipw functional contrast; RMSE over four strata of X1 with edges (-0.5, 0.0, 0.5)",causal_drf,cwdb_dr,0.000952668307167808,0.0003836318823610834,0.00020074981774008448,0.0017045867965955314,50
wcf_sensitivity_v1_sym,SYM-MU,500,25,10,aipw_tcate_rmse,TCATE-K-grid_sd,"aipw functional contrast; RMSE over four strata of X1 with edges (-0.5, 0.0, 0.5)",causal_drf,drf,-0.00101143396954847,7.252118985232024e-05,-0.0011535755016590177,-0.0008692924374379224,50
wcf_sensitivity_v1_sym,SYM-MU,500,25,10,aipw_tcate_rmse,TCATE-K-grid_sd,"aipw functional contrast; RMSE over four strata of X1 with edges (-0.5, 0.0, 0.5)",cwdb_dr,drf,-0.001964102276716278,0.0004100386861035586,-0.0027677781014792528,-0.0011604264519533033,50
wcf_sensitivity_v1_sym,SYM-MU,500,25,10,aipw_tcate_rmse,TCATE-K-grid_skewness,"aipw functional contrast; RMSE over four strata of X1 with edges (-0.5, 0.0, 0.5)",causal_drf,cwdb_dr,-0.0020774537143294913,0.00014014172959780623,-0.0023521315043411916,-0.001802775924317791,50
wcf_sensitivity_v1_sym,SYM-MU,500,25,10,aipw_tcate_rmse,TCATE-K-grid_skewness,"aipw functional contrast; RMSE over four strata of X1 with edges (-0.5, 0.0, 0.5)",causal_drf,drf,-4.004165185973175e-19,1.5516200412038016e-19,-7.045340466732626e-19,-9.629899052137239e-20,50
wcf_sensitivity_v1_sym,SYM-MU,500,25,10,aipw_tcate_rmse,TCATE-K-grid_skewness,"aipw functional contrast; RMSE over four strata of X1 with edges (-0.5, 0.0, 0.5)",cwdb_dr,drf,0.002077453714329491,0.00014014172959780626,0.0018027759243177907,0.002352131504341191,50
wcf_sensitivity_v1_sym,SYM-MU,500,25,10,aipw_tcate_rmse,TCATE-K-grid_upper_tail_mean,"aipw functional contrast; RMSE over four strata of X1 with edges (-0.5, 0.0, 0.5)",causal_drf,cwdb_dr,0.05462552727506391,0.0026679430176572436,0.04939635896045571,0.05985469558967211,50
wcf_sensitivity_v1_sym,SYM-MU,500,25,10,aipw_tcate_rmse,TCATE-K-grid_upper_tail_mean,"aipw functional contrast; RMSE over four strata of X1 with edges (-0.5, 0.0, 0.5)",causal_drf,drf,-0.010019161697208998,0.0009408647349870407,-0.011863256577783598,-0.008175066816634397,50
wcf_sensitivity_v1_sym,SYM-MU,500,25,10,aipw_tcate_rmse,TCATE-K-grid_upper_tail_mean,"aipw functional contrast; RMSE over four strata of X1 with edges (-0.5, 0.0, 0.5)",cwdb_dr,drf,-0.0646446889722729,0.003155452610204145,-0.07082937608827303,-0.058460001856272786,50
wcf_sensitivity_v1_sym,SYM-MU,500,25,10,barycenter_rmse,MEANQ-A-K,,causal_drf,cwdb_dr,0.09234974703835577,0.0018082883466438403,0.08880550187893385,0.0958939921977777,50
wcf_sensitivity_v1_sym,SYM-MU,500,25,10,barycenter_rmse,MEANQ-A-K,,causal_drf,drf,-0.01855334382362317,0.0007622144528823367,-0.02004728415127255,-0.01705940349597379,50
wcf_sensitivity_v1_sym,SYM-MU,500,25,10,barycenter_rmse,MEANQ-A-K,,cwdb_dr,drf,-0.11090309086197894,0.0015686300436000425,-0.11397760574743503,-0.10782857597652286,50
wcf_sensitivity_v1_sym,SYM-MU,500,25,10,mean_quantile_rmse,MEANQ-A-K,"arm contrast, the mandatory common target",causal_drf,cwdb_dr,0.0507009317237723,0.004600180244552989,0.041684578444448436,0.05971728500309616,50
wcf_sensitivity_v1_sym,SYM-MU,500,25,10,mean_quantile_rmse,MEANQ-A-K,"arm contrast, the mandatory common target",causal_drf,drf,0.010515338979063954,0.0017891612842918787,0.007008582861851872,0.014022095096276036,50
wcf_sensitivity_v1_sym,SYM-MU,500,25,10,mean_quantile_rmse,MEANQ-A-K,"arm contrast, the mandatory common target",cwdb_dr,drf,-0.04018559274470834,0.004277466474779485,-0.048569427035276135,-0.03180175845414055,50
wcf_sensitivity_v1_sym,SYM-MU,500,25,10,plugin_reference_tate_abs_error,REF-ATE-K,plugin reference contrast; marginal absolute error,causal_drf,cwdb_dr,0.021563349271383172,0.00450390549588237,0.012735694499453727,0.030391004043312617,50
wcf_sensitivity_v1_sym,SYM-MU,500,25,10,plugin_reference_tate_abs_error,REF-ATE-K,plugin reference contrast; marginal absolute error,causal_drf,drf,0.005476833312073735,0.001075559160614788,0.0033687373572687507,0.0075849292668787194,50
wcf_sensitivity_v1_sym,SYM-MU,500,25,10,plugin_reference_tate_abs_error,REF-ATE-K,plugin reference contrast; marginal absolute error,cwdb_dr,drf,-0.016086515959309437,0.004358002177657199,-0.02462820022751755,-0.007544831691101326,50
wcf_sensitivity_v1_sym,SYM-MU,500,25,10,plugin_reference_tcate_rmse,REF-TCATE-K,"plugin reference contrast; RMSE over four strata of X1 with edges (-0.5, 0.0, 0.5)",causal_drf,cwdb_dr,0.01991657885126602,0.0039005606693599255,0.012271479939320568,0.027561677763211473,50
wcf_sensitivity_v1_sym,SYM-MU,500,25,10,plugin_reference_tcate_rmse,REF-TCATE-K,"plugin reference contrast; RMSE over four strata of X1 with edges (-0.5, 0.0, 0.5)",causal_drf,drf,0.006013364633197842,0.0010924204177626769,0.003872220614382995,0.008154508652012688,50
wcf_sensitivity_v1_sym,SYM-MU,500,25,10,plugin_reference_tcate_rmse,REF-TCATE-K,"plugin reference contrast; RMSE over four strata of X1 with edges (-0.5, 0.0, 0.5)",cwdb_dr,drf,-0.013903214218068179,0.0039056996978986316,-0.021558385625949496,-0.006248042810186861,50
wcf_sensitivity_v1_sym,SYM-MU,500,25,10,plugin_tate_abs_error,TATE-K-grid_mean,plugin functional contrast; marginal absolute error,causal_drf,cwdb_dr,0.10268804562696904,0.006410953277435431,0.0901225772031956,0.11525351405074248,50
wcf_sensitivity_v1_sym,SYM-MU,500,25,10,plugin_tate_abs_error,TATE-K-grid_mean,plugin functional contrast; marginal absolute error,causal_drf,drf,0.024818157912316632,0.0016137978692331257,0.021655114088619705,0.02798120173601356,50
wcf_sensitivity_v1_sym,SYM-MU,500,25,10,plugin_tate_abs_error,TATE-K-grid_mean,plugin functional contrast; marginal absolute error,cwdb_dr,drf,-0.07786988771465242,0.006755082293573291,-0.09110984901005607,-0.06462992641924876,50
wcf_sensitivity_v1_sym,SYM-MU,500,25,10,plugin_tate_abs_error,TATE-K-grid_sd,plugin functional contrast; marginal absolute error,causal_drf,cwdb_dr,0.0005763756757975499,0.00044010657247213627,-0.00028623320624783716,0.0014389845578429371,50
wcf_sensitivity_v1_sym,SYM-MU,500,25,10,plugin_tate_abs_error,TATE-K-grid_sd,plugin functional contrast; marginal absolute error,causal_drf,drf,2.795902620277447e-05,0.0001309482584099719,-0.00022869956028077041,0.00028461761268631935,50
wcf_sensitivity_v1_sym,SYM-MU,500,25,10,plugin_tate_abs_error,TATE-K-grid_sd,plugin functional contrast; marginal absolute error,cwdb_dr,drf,-0.0005484166495947755,0.0004347513822499319,-0.001400529358804642,0.0003036960596150911,50
wcf_sensitivity_v1_sym,SYM-MU,500,25,10,plugin_tate_abs_error,TATE-K-grid_skewness,plugin functional contrast; marginal absolute error,causal_drf,cwdb_dr,-0.005431358283000681,0.0006684873979067314,-0.006741593582897875,-0.004121122983103487,50
wcf_sensitivity_v1_sym,SYM-MU,500,25,10,plugin_tate_abs_error,TATE-K-grid_skewness,plugin functional contrast; marginal absolute error,causal_drf,drf,7.782935498398784e-20,5.2933010400852925e-19,-9.596576488727295e-19,1.1153163588407052e-18,50
wcf_sensitivity_v1_sym,SYM-MU,500,25,10,plugin_tate_abs_error,TATE-K-grid_skewness,plugin functional contrast; marginal absolute error,cwdb_dr,drf,0.005431358283000681,0.0006684873979067313,0.004121122983103487,0.006741593582897875,50
wcf_sensitivity_v1_sym,SYM-MU,500,25,10,plugin_tate_abs_error,TATE-K-grid_upper_tail_mean,plugin functional contrast; marginal absolute error,causal_drf,cwdb_dr,0.10352538667471523,0.006444035370155939,0.09089507734920958,0.11615569600022087,50
wcf_sensitivity_v1_sym,SYM-MU,500,25,10,plugin_tate_abs_error,TATE-K-grid_upper_tail_mean,plugin functional contrast; marginal absolute error,causal_drf,drf,0.024738628591984627,0.0016362329901219374,0.021531611931345628,0.027945645252623625,50
wcf_sensitivity_v1_sym,SYM-MU,500,25,10,plugin_tate_abs_error,TATE-K-grid_upper_tail_mean,plugin functional contrast; marginal absolute error,cwdb_dr,drf,-0.07878675808273061,0.006787082397578487,-0.09208943958198444,-0.06548407658347678,50
wcf_sensitivity_v1_sym,SYM-MU,500,25,10,plugin_tcate_rmse,TCATE-K-grid_mean,"plugin functional contrast; RMSE over four strata of X1 with edges (-0.5, 0.0, 0.5)",causal_drf,cwdb_dr,0.1009711856067804,0.005860729046733181,0.08948415667518336,0.11245821453837743,50
wcf_sensitivity_v1_sym,SYM-MU,500,25,10,plugin_tcate_rmse,TCATE-K-grid_mean,"plugin functional contrast; RMSE over four strata of X1 with edges (-0.5, 0.0, 0.5)",causal_drf,drf,0.023822649472614255,0.0016472333278989837,0.020594072149932245,0.027051226795296264,50
wcf_sensitivity_v1_sym,SYM-MU,500,25,10,plugin_tcate_rmse,TCATE-K-grid_mean,"plugin functional contrast; RMSE over four strata of X1 with edges (-0.5, 0.0, 0.5)",cwdb_dr,drf,-0.07714853613416614,0.0061277798014942484,-0.08915898454509487,-0.06513808772323741,50
wcf_sensitivity_v1_sym,SYM-MU,500,25,10,plugin_tcate_rmse,TCATE-K-grid_sd,"plugin functional contrast; RMSE over four strata of X1 with edges (-0.5, 0.0, 0.5)",causal_drf,cwdb_dr,-0.0003326807991530841,0.000461932016295354,-0.0012380675510919779,0.0005727059527858096,50
wcf_sensitivity_v1_sym,SYM-MU,500,25,10,plugin_tcate_rmse,TCATE-K-grid_sd,"plugin functional contrast; RMSE over four strata of X1 with edges (-0.5, 0.0, 0.5)",causal_drf,drf,0.00025319592107282164,0.00011251641018248118,3.266375711515854e-05,0.00047372808503048474,50
wcf_sensitivity_v1_sym,SYM-MU,500,25,10,plugin_tcate_rmse,TCATE-K-grid_sd,"plugin functional contrast; RMSE over four strata of X1 with edges (-0.5, 0.0, 0.5)",cwdb_dr,drf,0.0005858767202259058,0.00045583624017074206,-0.00030756231050874864,0.0014793157509605602,50
wcf_sensitivity_v1_sym,SYM-MU,500,25,10,plugin_tcate_rmse,TCATE-K-grid_skewness,"plugin functional contrast; RMSE over four strata of X1 with edges (-0.5, 0.0, 0.5)",causal_drf,cwdb_dr,-0.005594685896012493,0.0006617503711347838,-0.0068917166234366695,-0.004297655168588316,50
wcf_sensitivity_v1_sym,SYM-MU,500,25,10,plugin_tcate_rmse,TCATE-K-grid_skewness,"plugin functional contrast; RMSE over four strata of X1 with edges (-0.5, 0.0, 0.5)",causal_drf,drf,5.98776038039156e-19,5.495701426000427e-19,-4.7838144145692765e-19,1.6759335175352396e-18,50
wcf_sensitivity_v1_sym,SYM-MU,500,25,10,plugin_tcate_rmse,TCATE-K-grid_skewness,"plugin functional contrast; RMSE over four strata of X1 with edges (-0.5, 0.0, 0.5)",cwdb_dr,drf,0.005594685896012494,0.0006617503711347838,0.004297655168588318,0.0068917166234366695,50
wcf_sensitivity_v1_sym,SYM-MU,500,25,10,plugin_tcate_rmse,TCATE-K-grid_upper_tail_mean,"plugin functional contrast; RMSE over four strata of X1 with edges (-0.5, 0.0, 0.5)",causal_drf,cwdb_dr,0.10155656699172512,0.005875601413700308,0.09004038822087251,0.11307274576257773,50
wcf_sensitivity_v1_sym,SYM-MU,500,25,10,plugin_tcate_rmse,TCATE-K-grid_upper_tail_mean,"plugin functional contrast; RMSE over four strata of X1 with edges (-0.5, 0.0, 0.5)",causal_drf,drf,0.023766830408910783,0.0016634916150560424,0.02050638684340094,0.027027273974420625,50
wcf_sensitivity_v1_sym,SYM-MU,500,25,10,plugin_tcate_rmse,TCATE-K-grid_upper_tail_mean,"plugin functional contrast; RMSE over four strata of X1 with edges (-0.5, 0.0, 0.5)",cwdb_dr,drf,-0.07778973658281434,0.006150697513171369,-0.08984510370863022,-0.06573436945699845,50
wcf_sensitivity_v1_sym,SYM-MU,1000,25,10,aipw_reference_tate_abs_error,REF-ATE-K,aipw reference contrast; marginal absolute error,causal_drf,cwdb_dr,0.00845705873139983,0.002231454945771178,0.004083407037688321,0.012830710425111337,50
wcf_sensitivity_v1_sym,SYM-MU,1000,25,10,aipw_reference_tate_abs_error,REF-ATE-K,aipw reference contrast; marginal absolute error,causal_drf,drf,0.0003808069109441266,0.0003111124519159291,-0.0002289734948110945,0.0009905873166993475,50
wcf_sensitivity_v1_sym,SYM-MU,1000,25,10,aipw_reference_tate_abs_error,REF-ATE-K,aipw reference contrast; marginal absolute error,cwdb_dr,drf,-0.008076251820455703,0.002207481602531256,-0.012402915761416965,-0.0037495878794944412,50
wcf_sensitivity_v1_sym,SYM-MU,1000,25,10,aipw_reference_tcate_rmse,REF-TCATE-K,"aipw reference contrast; RMSE over four strata of X1 with edges (-0.5, 0.0, 0.5)",causal_drf,cwdb_dr,0.027718754079771625,0.0021574555001098532,0.023490141299556313,0.031947366859986934,50
wcf_sensitivity_v1_sym,SYM-MU,1000,25,10,aipw_reference_tcate_rmse,REF-TCATE-K,"aipw reference contrast; RMSE over four strata of X1 with edges (-0.5, 0.0, 0.5)",causal_drf,drf,-0.0040354755004652215,0.00026999235560276657,-0.0045646605174466445,-0.003506290483483799,50
wcf_sensitivity_v1_sym,SYM-MU,1000,25,10,aipw_reference_tcate_rmse,REF-TCATE-K,"aipw reference contrast; RMSE over four strata of X1 with edges (-0.5, 0.0, 0.5)",cwdb_dr,drf,-0.03175422958023685,0.0022546475463872126,-0.036173338771155784,-0.02733512038931791,50
wcf_sensitivity_v1_sym,SYM-MU,1000,25,10,aipw_tate_abs_error,TATE-K-grid_mean,aipw functional contrast; marginal absolute error,causal_drf,cwdb_dr,0.05558040532787692,0.0018498591117717946,0.0519546814688042,0.05920612918694964,50
wcf_sensitivity_v1_sym,SYM-MU,1000,25,10,aipw_tate_abs_error,TATE-K-grid_mean,aipw functional contrast; marginal absolute error,causal_drf,drf,-0.010632577810846006,0.000589394840982406,-0.011787791699171522,-0.00947736392252049,50
wcf_sensitivity_v1_sym,SYM-MU,1000,25,10,aipw_tate_abs_error,TATE-K-grid_mean,aipw functional contrast; marginal absolute error,cwdb_dr,drf,-0.06621298313872293,0.00201328329743092,-0.07015901840168753,-0.06226694787575832,50
wcf_sensitivity_v1_sym,SYM-MU,1000,25,10,aipw_tate_abs_error,TATE-K-grid_sd,aipw functional contrast; marginal absolute error,causal_drf,cwdb_dr,0.000415656059150655,0.00024658583825302023,-6.765218382526466e-05,0.0008989643021265747,50
wcf_sensitivity_v1_sym,SYM-MU,1000,25,10,aipw_tate_abs_error,TATE-K-grid_sd,aipw functional contrast; marginal absolute error,causal_drf,drf,-5.516175434051385e-05,3.318888335975926e-05,-0.000120211965725642,9.888457044614297e-06,50
wcf_sensitivity_v1_sym,SYM-MU,1000,25,10,aipw_tate_abs_error,TATE-K-grid_sd,aipw functional contrast; marginal absolute error,cwdb_dr,drf,-0.00047081781349116885,0.0002487572573746651,-0.0009583820379455124,1.6746410963174724e-05,50
wcf_sensitivity_v1_sym,SYM-MU,1000,25,10,aipw_tate_abs_error,TATE-K-grid_skewness,aipw functional contrast; marginal absolute error,causal_drf,cwdb_dr,-0.00037459289564957456,4.623537137148255e-05,-0.00046521422353768037,-0.00028397156776146875,50
wcf_sensitivity_v1_sym,SYM-MU,1000,25,10,aipw_tate_abs_error,TATE-K-grid_skewness,aipw functional contrast; marginal absolute error,causal_drf,drf,-1.2131979052068652e-19,1.2260735117183615e-19,-3.616301988174854e-19,1.1899061777611234e-19,50
wcf_sensitivity_v1_sym,SYM-MU,1000,25,10,aipw_tate_abs_error,TATE-K-grid_skewness,aipw functional contrast; marginal absolute error,cwdb_dr,drf,0.00037459289564957445,4.6235371371482517e-05,0.00028397156776146875,0.00046521422353768016,50
wcf_sensitivity_v1_sym,SYM-MU,1000,25,10,aipw_tate_abs_error,TATE-K-grid_upper_tail_mean,aipw functional contrast; marginal absolute error,causal_drf,cwdb_dr,0.05602670240239462,0.0018591661873840354,0.052382736675121916,0.05967066812966733,50
wcf_sensitivity_v1_sym,SYM-MU,1000,25,10,aipw_tate_abs_error,TATE-K-grid_upper_tail_mean,aipw functional contrast; marginal absolute error,causal_drf,drf,-0.010626601643966213,0.0005854945760044077,-0.011774171012934853,-0.009479032274997573,50
wcf_sensitivity_v1_sym,SYM-MU,1000,25,10,aipw_tate_abs_error,TATE-K-grid_upper_tail_mean,aipw functional contrast; marginal absolute error,cwdb_dr,drf,-0.06665330404636083,0.002012304384900405,-0.07059742064076563,-0.06270918745195603,50
wcf_sensitivity_v1_sym,SYM-MU,1000,25,10,aipw_tcate_rmse,TCATE-K-grid_mean,"aipw functional contrast; RMSE over four strata of X1 with edges (-0.5, 0.0, 0.5)",causal_drf,cwdb_dr,0.051885590780565524,0.002111005118122158,0.04774802074904609,0.05602316081208496,50
wcf_sensitivity_v1_sym,SYM-MU,1000,25,10,aipw_tcate_rmse,TCATE-K-grid_mean,"aipw functional contrast; RMSE over four strata of X1 with edges (-0.5, 0.0, 0.5)",causal_drf,drf,-0.010525632454687156,0.0006193277937359997,-0.011739514930409716,-0.009311749978964596,50
wcf_sensitivity_v1_sym,SYM-MU,1000,25,10,aipw_tcate_rmse,TCATE-K-grid_mean,"aipw functional contrast; RMSE over four strata of X1 with edges (-0.5, 0.0, 0.5)",cwdb_dr,drf,-0.06241122323525268,0.0023129738404925157,-0.06694465196261801,-0.05787779450788735,50
wcf_sensitivity_v1_sym,SYM-MU,1000,25,10,aipw_tcate_rmse,TCATE-K-grid_sd,"aipw functional contrast; RMSE over four strata of X1 with edges (-0.5, 0.0, 0.5)",causal_drf,cwdb_dr,0.0011483036256688746,0.00023810537739791702,0.0006816170859689572,0.001614990165368792,50
wcf_sensitivity_v1_sym,SYM-MU,1000,25,10,aipw_tcate_rmse,TCATE-K-grid_sd,"aipw functional contrast; RMSE over four strata of X1 with edges (-0.5, 0.0, 0.5)",causal_drf,drf,-0.0006895361519093524,6.449719655535029e-05,-0.000815950657157839,-0.0005631216466608659,50
wcf_sensitivity_v1_sym,SYM-MU,1000,25,10,aipw_tcate_rmse,TCATE-K-grid_sd,"aipw functional contrast; RMSE over four strata of X1 with edges (-0.5, 0.0, 0.5)",cwdb_dr,drf,-0.001837839777578227,0.00026810696100103607,-0.0023633294211402576,-0.0013123501340161965,50
wcf_sensitivity_v1_sym,SYM-MU,1000,25,10,aipw_tcate_rmse,TCATE-K-grid_skewness,"aipw functional contrast; RMSE over four strata of X1 with edges (-0.5, 0.0, 0.5)",causal_drf,cwdb_dr,-0.0009698152473113363,6.935772801369496e-05,-0.0011057563942181783,-0.0008338741004044941,50
wcf_sensitivity_v1_sym,SYM-MU,1000,25,10,aipw_tcate_rmse,TCATE-K-grid_skewness,"aipw functional contrast; RMSE over four strata of X1 with edges (-0.5, 0.0, 0.5)",causal_drf,drf,-3.2498686570745914e-20,1.0314895966222055e-19,-2.346706475086982e-19,1.6967327436720636e-19,50
wcf_sensitivity_v1_sym,SYM-MU,1000,25,10,aipw_tcate_rmse,TCATE-K-grid_skewness,"aipw functional contrast; RMSE over four strata of X1 with edges (-0.5, 0.0, 0.5)",cwdb_dr,drf,0.0009698152473113363,6.935772801369498e-05,0.0008338741004044941,0.0011057563942181783,50
wcf_sensitivity_v1_sym,SYM-MU,1000,25,10,aipw_tcate_rmse,TCATE-K-grid_upper_tail_mean,"aipw functional contrast; RMSE over four strata of X1 with edges (-0.5, 0.0, 0.5)",causal_drf,cwdb_dr,0.05240781025695835,0.0020869111116449466,0.04831746447813425,0.05649815603578245,50
wcf_sensitivity_v1_sym,SYM-MU,1000,25,10,aipw_tcate_rmse,TCATE-K-grid_upper_tail_mean,"aipw functional contrast; RMSE over four strata of X1 with edges (-0.5, 0.0, 0.5)",causal_drf,drf,-0.010587855646559494,0.0006154043693941968,-0.01179404821057212,-0.009381663082546867,50
wcf_sensitivity_v1_sym,SYM-MU,1000,25,10,aipw_tcate_rmse,TCATE-K-grid_upper_tail_mean,"aipw functional contrast; RMSE over four strata of X1 with edges (-0.5, 0.0, 0.5)",cwdb_dr,drf,-0.06299566590351785,0.0022766452130645494,-0.06745789052112437,-0.058533441285911335,50
wcf_sensitivity_v1_sym,SYM-MU,1000,25,10,barycenter_rmse,MEANQ-A-K,,causal_drf,cwdb_dr,0.08050628772269983,0.0011158829013058413,0.07831915723614037,0.08269341820925928,50
wcf_sensitivity_v1_sym,SYM-MU,1000,25,10,barycenter_rmse,MEANQ-A-K,,causal_drf,drf,-0.012925398059003584,0.0006005716955662677,-0.01410251858231347,-0.0117482775356937,50
wcf_sensitivity_v1_sym,SYM-MU,1000,25,10,barycenter_rmse,MEANQ-A-K,,cwdb_dr,drf,-0.09343168578170341,0.0011045727613717084,-0.09559664839399196,-0.09126672316941487,50
wcf_sensitivity_v1_sym,SYM-MU,1000,25,10,mean_quantile_rmse,MEANQ-A-K,"arm contrast, the mandatory common target",causal_drf,cwdb_dr,0.04642543042197324,0.003619689857568187,0.03933083830113959,0.05352002254280688,50
wcf_sensitivity_v1_sym,SYM-MU,1000,25,10,mean_quantile_rmse,MEANQ-A-K,"arm contrast, the mandatory common target",causal_drf,drf,0.008288493555890258,0.001407232646956097,0.005530317567856309,0.011046669543924208,50
wcf_sensitivity_v1_sym,SYM-MU,1000,25,10,mean_quantile_rmse,MEANQ-A-K,"arm contrast, the mandatory common target",cwdb_dr,drf,-0.03813693686608298,0.003659512008711601,-0.04530958040315772,-0.03096429332900824,50
wcf_sensitivity_v1_sym,SYM-MU,1000,25,10,plugin_reference_tate_abs_error,REF-ATE-K,plugin reference contrast; marginal absolute error,causal_drf,cwdb_dr,0.0171730297296648,0.003022154106823873,0.01124960768029001,0.02309645177903959,50
wcf_sensitivity_v1_sym,SYM-MU,1000,25,10,plugin_reference_tate_abs_error,REF-ATE-K,plugin reference contrast; marginal absolute error,causal_drf,drf,0.006767506616187302,0.0008617318397311482,0.0050785122103142516,0.008456501022060352,50
wcf_sensitivity_v1_sym,SYM-MU,1000,25,10,plugin_reference_tate_abs_error,REF-ATE-K,plugin reference contrast; marginal absolute error,cwdb_dr,drf,-0.010405523113477498,0.0025095386318671783,-0.015324218831937167,-0.005486827395017829,50
wcf_sensitivity_v1_sym,SYM-MU,1000,25,10,plugin_reference_tcate_rmse,REF-TCATE-K,"plugin reference contrast; RMSE over four strata of X1 with edges (-0.5, 0.0, 0.5)",causal_drf,cwdb_dr,0.026169552819459103,0.00295150089070136,0.020384611073684437,0.03195449456523377,50
wcf_sensitivity_v1_sym,SYM-MU,1000,25,10,plugin_reference_tcate_rmse,REF-TCATE-K,"plugin reference contrast; RMSE over four strata of X1 with edges (-0.5, 0.0, 0.5)",causal_drf,drf,0.004668165010174363,0.000960504247786659,0.0027855766845125115,0.006550753335836215,50
wcf_sensitivity_v1_sym,SYM-MU,1000,25,10,plugin_reference_tcate_rmse,REF-TCATE-K,"plugin reference contrast; RMSE over four strata of X1 with edges (-0.5, 0.0, 0.5)",cwdb_dr,drf,-0.02150138780928474,0.002806311959840179,-0.02700175925057149,-0.01600101636799799,50
wcf_sensitivity_v1_sym,SYM-MU,1000,25,10,plugin_tate_abs_error,TATE-K-grid_mean,plugin functional contrast; marginal absolute error,causal_drf,cwdb_dr,0.09737433069054414,0.004067920999880075,0.0894012055307792,0.1053474558503091,50
wcf_sensitivity_v1_sym,SYM-MU,1000,25,10,plugin_tate_abs_error,TATE-K-grid_mean,plugin functional contrast; marginal absolute error,causal_drf,drf,0.024547531124154726,0.0012645420956966698,0.022069028616589253,0.0270260336317202,50
wcf_sensitivity_v1_sym,SYM-MU,1000,25,10,plugin_tate_abs_error,TATE-K-grid_mean,plugin functional contrast; marginal absolute error,cwdb_dr,drf,-0.07282679956638942,0.004195186992973452,-0.08104936607261738,-0.06460423306016146,50
wcf_sensitivity_v1_sym,SYM-MU,1000,25,10,plugin_tate_abs_error,TATE-K-grid_sd,plugin functional contrast; marginal absolute error,causal_drf,cwdb_dr,0.0005926752650228979,0.00025764084215367303,8.769921440169876e-05,0.001097651315644097,50
wcf_sensitivity_v1_sym,SYM-MU,1000,25,10,plugin_tate_abs_error,TATE-K-grid_sd,plugin functional contrast; marginal absolute error,causal_drf,drf,-1.7487589037373623e-05,6.640827322371082e-05,-0.00014764780455584682,0.00011267262648109958,50
wcf_sensitivity_v1_sym,SYM-MU,1000,25,10,plugin_tate_abs_error,TATE-K-grid_sd,plugin functional contrast; marginal absolute error,cwdb_dr,drf,-0.0006101628540602715,0.00025730322170081115,-0.0011144771685938615,-0.00010584853952668165,50
wcf_sensitivity_v1_sym,SYM-MU,1000,25,10,plugin_tate_abs_error,TATE-K-grid_skewness,plugin functional contrast; marginal absolute error,causal_drf,cwdb_dr,-0.009354651118923482,0.0018555062299325314,-0.012991443329591243,-0.005717858908255722,50
wcf_sensitivity_v1_sym,SYM-MU,1000,25,10,plugin_tate_abs_error,TATE-K-grid_skewness,plugin functional contrast; marginal absolute error,causal_drf,drf,3.6223443332841487e-19,4.656066131450346e-19,-5.50354528435853e-19,1.2748233950926827e-18,50
wcf_sensitivity_v1_sym,SYM-MU,1000,25,10,plugin_tate_abs_error,TATE-K-grid_skewness,plugin functional contrast; marginal absolute error,cwdb_dr,drf,0.009354651118923482,0.0018555062299325312,0.005717858908255722,0.012991443329591243,50
wcf_sensitivity_v1_sym,SYM-MU,1000,25,10,plugin_tate_abs_error,TATE-K-grid_upper_tail_mean,plugin functional contrast; marginal absolute error,causal_drf,cwdb_dr,0.09762471583004759,0.004027445372167452,0.08973092290059938,0.1055185087594958,50
wcf_sensitivity_v1_sym,SYM-MU,1000,25,10,plugin_tate_abs_error,TATE-K-grid_upper_tail_mean,plugin functional contrast; marginal absolute error,causal_drf,drf,0.02444165390693606,0.0012820833655293698,0.021928770510498498,0.026954537303373625,50
wcf_sensitivity_v1_sym,SYM-MU,1000,25,10,plugin_tate_abs_error,TATE-K-grid_upper_tail_mean,plugin functional contrast; marginal absolute error,cwdb_dr,drf,-0.07318306192311153,0.004156766291352266,-0.08133032385416197,-0.06503579999206108,50
wcf_sensitivity_v1_sym,SYM-MU,1000,25,10,plugin_tcate_rmse,TCATE-K-grid_mean,"plugin functional contrast; RMSE over four strata of X1 with edges (-0.5, 0.0, 0.5)",causal_drf,cwdb_dr,0.09243874005472695,0.0037044802304730113,0.08517795880299985,0.09969952130645406,50
wcf_sensitivity_v1_sym,SYM-MU,1000,25,10,plugin_tcate_rmse,TCATE-K-grid_mean,"plugin functional contrast; RMSE over four strata of X1 with edges (-0.5, 0.0, 0.5)",causal_drf,drf,0.022985221939495995,0.0013431693314034942,0.020352610049945145,0.025617833829046845,50
wcf_sensitivity_v1_sym,SYM-MU,1000,25,10,plugin_tcate_rmse,TCATE-K-grid_mean,"plugin functional contrast; RMSE over four strata of X1 with edges (-0.5, 0.0, 0.5)",cwdb_dr,drf,-0.06945351811523096,0.003798906879480586,-0.0768993755990129,-0.06200766063144901,50
wcf_sensitivity_v1_sym,SYM-MU,1000,25,10,plugin_tcate_rmse,TCATE-K-grid_sd,"plugin functional contrast; RMSE over four strata of X1 with edges (-0.5, 0.0, 0.5)",causal_drf,cwdb_dr,0.00034255526818843763,0.00023955490426925288,-0.000126972344179298,0.0008120828805561733,50
wcf_sensitivity_v1_sym,SYM-MU,1000,25,10,plugin_tcate_rmse,TCATE-K-grid_sd,"plugin functional contrast; RMSE over four strata of X1 with edges (-0.5, 0.0, 0.5)",causal_drf,drf,0.00016803239153925743,7.863271269131574e-05,1.3912274664278583e-05,0.0003221525084142363,50
wcf_sensitivity_v1_sym,SYM-MU,1000,25,10,plugin_tcate_rmse,TCATE-K-grid_sd,"plugin functional contrast; RMSE over four strata of X1 with edges (-0.5, 0.0, 0.5)",cwdb_dr,drf,-0.0001745228766491802,0.00021787948626468719,-0.0006015666697279671,0.0002525209164296067,50
wcf_sensitivity_v1_sym,SYM-MU,1000,25,10,plugin_tcate_rmse,TCATE-K-grid_skewness,"plugin functional contrast; RMSE over four strata of X1 with edges (-0.5, 0.0, 0.5)",causal_drf,cwdb_dr,-0.00946496356228249,0.0018549060207612164,-0.013100579362974474,-0.005829347761590505,50
wcf_sensitivity_v1_sym,SYM-MU,1000,25,10,plugin_tcate_rmse,TCATE-K-grid_skewness,"plugin functional contrast; RMSE over four strata of X1 with edges (-0.5, 0.0, 0.5)",causal_drf,drf,8.567305097096397e-19,4.315360781663897e-19,1.0919796503515957e-20,1.7025412229157634e-18,50
wcf_sensitivity_v1_sym,SYM-MU,1000,25,10,plugin_tcate_rmse,TCATE-K-grid_skewness,"plugin functional contrast; RMSE over four strata of X1 with edges (-0.5, 0.0, 0.5)",cwdb_dr,drf,0.009464963562282491,0.0018549060207612164,0.005829347761590507,0.013100579362974474,50
wcf_sensitivity_v1_sym,SYM-MU,1000,25,10,plugin_tcate_rmse,TCATE-K-grid_upper_tail_mean,"plugin functional contrast; RMSE over four strata of X1 with edges (-0.5, 0.0, 0.5)",causal_drf,cwdb_dr,0.09245386354222124,0.003692479507766055,0.08521660370699977,0.09969112337744271,50
wcf_sensitivity_v1_sym,SYM-MU,1000,25,10,plugin_tcate_rmse,TCATE-K-grid_upper_tail_mean,"plugin functional contrast; RMSE over four strata of X1 with edges (-0.5, 0.0, 0.5)",causal_drf,drf,0.022854800936807848,0.001362030801496451,0.020185220565874806,0.02552438130774089,50
wcf_sensitivity_v1_sym,SYM-MU,1000,25,10,plugin_tcate_rmse,TCATE-K-grid_upper_tail_mean,"plugin functional contrast; RMSE over four strata of X1 with edges (-0.5, 0.0, 0.5)",cwdb_dr,drf,-0.0695990626054134,0.0037872839771082942,-0.07702213920054565,-0.062175986010281147,50
wcf_sensitivity_v1_sym,SYM-NL,500,25,10,aipw_reference_tate_abs_error,REF-ATE-K,aipw reference contrast; marginal absolute error,causal_drf,cwdb_dr,0.022281837619959707,0.0028668409679181244,0.016662829322840182,0.027900845917079233,50
wcf_sensitivity_v1_sym,SYM-NL,500,25,10,aipw_reference_tate_abs_error,REF-ATE-K,aipw reference contrast; marginal absolute error,causal_drf,drf,0.0011412394403447074,0.00070555712852968,-0.00024165253157346534,0.00252413141226288,50
wcf_sensitivity_v1_sym,SYM-NL,500,25,10,aipw_reference_tate_abs_error,REF-ATE-K,aipw reference contrast; marginal absolute error,cwdb_dr,drf,-0.021140598179615,0.002874500960531428,-0.026774620062256598,-0.015506576296973402,50
wcf_sensitivity_v1_sym,SYM-NL,500,25,10,aipw_reference_tcate_rmse,REF-TCATE-K,"aipw reference contrast; RMSE over four strata of X1 with edges (-0.5, 0.0, 0.5)",causal_drf,cwdb_dr,0.04321042705912774,0.003357710476993297,0.03662931452422088,0.0497915395940346,50
wcf_sensitivity_v1_sym,SYM-NL,500,25,10,aipw_reference_tcate_rmse,REF-TCATE-K,"aipw reference contrast; RMSE over four strata of X1 with edges (-0.5, 0.0, 0.5)",causal_drf,drf,-0.008818206341274462,0.000949959896274461,-0.010680127737972406,-0.006956284944576519,50
wcf_sensitivity_v1_sym,SYM-NL,500,25,10,aipw_reference_tcate_rmse,REF-TCATE-K,"aipw reference contrast; RMSE over four strata of X1 with edges (-0.5, 0.0, 0.5)",cwdb_dr,drf,-0.0520286334004022,0.0035955043839334022,-0.05907582199291167,-0.044981444807892734,50
wcf_sensitivity_v1_sym,SYM-NL,500,25,10,aipw_tate_abs_error,TATE-K-grid_mean,aipw functional contrast; marginal absolute error,causal_drf,cwdb_dr,0.10775073154137596,0.0031756739284451063,0.10152641064162356,0.11397505244112836,50
wcf_sensitivity_v1_sym,SYM-NL,500,25,10,aipw_tate_abs_error,TATE-K-grid_mean,aipw functional contrast; marginal absolute error,causal_drf,drf,-0.020295982292029363,0.0015428082466947448,-0.023319886455551064,-0.017272078128507663,50
wcf_sensitivity_v1_sym,SYM-NL,500,25,10,aipw_tate_abs_error,TATE-K-grid_mean,aipw functional contrast; marginal absolute error,cwdb_dr,drf,-0.12804671383340532,0.003905336626257638,-0.1357011736208703,-0.12039225404594035,50
wcf_sensitivity_v1_sym,SYM-NL,500,25,10,aipw_tate_abs_error,TATE-K-grid_sd,aipw functional contrast; marginal absolute error,causal_drf,cwdb_dr,-0.00017109114773105694,0.0003767059301558138,-0.0009094347708364519,0.0005672524753743381,50
wcf_sensitivity_v1_sym,SYM-NL,500,25,10,aipw_tate_abs_error,TATE-K-grid_sd,aipw functional contrast; marginal absolute error,causal_drf,drf,-0.0002065500610164664,8.894726703353701e-05,-0.00038088670440219894,-3.221341763073388e-05,50
wcf_sensitivity_v1_sym,SYM-NL,500,25,10,aipw_tate_abs_error,TATE-K-grid_sd,aipw functional contrast; marginal absolute error,cwdb_dr,drf,-3.545891328540947e-05,0.0004071287979626926,-0.0008334313572922869,0.000762513530721468,50
wcf_sensitivity_v1_sym,SYM-NL,500,25,10,aipw_tate_abs_error,TATE-K-grid_skewness,aipw functional contrast; marginal absolute error,causal_drf,cwdb_dr,-0.0009114141046202626,0.00010948664728954499,-0.0011260079333077707,-0.0006968202759327544,50
wcf_sensitivity_v1_sym,SYM-NL,500,25,10,aipw_tate_abs_error,TATE-K-grid_skewness,aipw functional contrast; marginal absolute error,causal_drf,drf,-4.709471231493899e-19,2.9061838363364157e-19,-1.0405591550713274e-18,9.866490877254755e-20,50
wcf_sensitivity_v1_sym,SYM-NL,500,25,10,aipw_tate_abs_error,TATE-K-grid_skewness,aipw functional contrast; marginal absolute error,cwdb_dr,drf,0.0009114141046202621,0.00010948664728954495,0.000696820275932754,0.0011260079333077703,50
wcf_sensitivity_v1_sym,SYM-NL,500,25,10,aipw_tate_abs_error,TATE-K-grid_upper_tail_mean,aipw functional contrast; marginal absolute error,causal_drf,cwdb_dr,0.10792627687393684,0.003105943116823512,0.10183862836496275,0.11401392538291093,50
wcf_sensitivity_v1_sym,SYM-NL,500,25,10,aipw_tate_abs_error,TATE-K-grid_upper_tail_mean,aipw functional contrast; marginal absolute error,causal_drf,drf,-0.020284105139945108,0.0015109806250603948,-0.02324562716506348,-0.017322583114826734,50
wcf_sensitivity_v1_sym,SYM-NL,500,25,10,aipw_tate_abs_error,TATE-K-grid_upper_tail_mean,aipw functional contrast; marginal absolute error,cwdb_dr,drf,-0.12821038201388196,0.0038344494172918796,-0.13572590287177405,-0.12069486115598987,50
wcf_sensitivity_v1_sym,SYM-NL,500,25,10,aipw_tcate_rmse,TCATE-K-grid_mean,"aipw functional contrast; RMSE over four strata of X1 with edges (-0.5, 0.0, 0.5)",causal_drf,cwdb_dr,0.0999751403163056,0.003650869045485152,0.0928194369871547,0.1071308436454565,50
wcf_sensitivity_v1_sym,SYM-NL,500,25,10,aipw_tcate_rmse,TCATE-K-grid_mean,"aipw functional contrast; RMSE over four strata of X1 with edges (-0.5, 0.0, 0.5)",causal_drf,drf,-0.026942784322585706,0.002543191134409394,-0.03192743894602812,-0.02195812969914329,50
wcf_sensitivity_v1_sym,SYM-NL,500,25,10,aipw_tcate_rmse,TCATE-K-grid_mean,"aipw functional contrast; RMSE over four strata of X1 with edges (-0.5, 0.0, 0.5)",cwdb_dr,drf,-0.1269179246388913,0.004984510326606663,-0.13668756487904035,-0.11714828439874223,50
wcf_sensitivity_v1_sym,SYM-NL,500,25,10,aipw_tcate_rmse,TCATE-K-grid_sd,"aipw functional contrast; RMSE over four strata of X1 with edges (-0.5, 0.0, 0.5)",causal_drf,cwdb_dr,0.0014515556658853575,0.0006004797355594353,0.0002746153841888643,0.0026284959475818504,50
wcf_sensitivity_v1_sym,SYM-NL,500,25,10,aipw_tcate_rmse,TCATE-K-grid_sd,"aipw functional contrast; RMSE over four strata of X1 with edges (-0.5, 0.0, 0.5)",causal_drf,drf,-0.0011238890113544064,0.00011172877767417867,-0.0013428774155957966,-0.0009049006071130163,50
wcf_sensitivity_v1_sym,SYM-NL,500,25,10,aipw_tcate_rmse,TCATE-K-grid_sd,"aipw functional contrast; RMSE over four strata of X1 with edges (-0.5, 0.0, 0.5)",cwdb_dr,drf,-0.002575444677239764,0.00066050014992385,-0.0038700249710905098,-0.001280864383389018,50
wcf_sensitivity_v1_sym,SYM-NL,500,25,10,aipw_tcate_rmse,TCATE-K-grid_skewness,"aipw functional contrast; RMSE over four strata of X1 with edges (-0.5, 0.0, 0.5)",causal_drf,cwdb_dr,-0.0026012638563082703,0.0002316107948275663,-0.0030552210141703002,-0.0021473066984462404,50
wcf_sensitivity_v1_sym,SYM-NL,500,25,10,aipw_tcate_rmse,TCATE-K-grid_skewness,"aipw functional contrast; RMSE over four strata of X1 with edges (-0.5, 0.0, 0.5)",causal_drf,drf,-6.750947351659293e-19,2.7412291789041494e-19,-1.2123756542311426e-18,-1.3781381610071597e-19,50
wcf_sensitivity_v1_sym,SYM-NL,500,25,10,aipw_tcate_rmse,TCATE-K-grid_skewness,"aipw functional contrast; RMSE over four strata of X1 with edges (-0.5, 0.0, 0.5)",cwdb_dr,drf,0.00260126385630827,0.00023161079482756638,0.00214730669844624,0.0030552210141703,50
wcf_sensitivity_v1_sym,SYM-NL,500,25,10,aipw_tcate_rmse,TCATE-K-grid_upper_tail_mean,"aipw functional contrast; RMSE over four strata of X1 with edges (-0.5, 0.0, 0.5)",causal_drf,cwdb_dr,0.100265092451625,0.0036580869526747707,0.09309524202438245,0.10743494287886755,50
wcf_sensitivity_v1_sym,SYM-NL,500,25,10,aipw_tcate_rmse,TCATE-K-grid_upper_tail_mean,"aipw functional contrast; RMSE over four strata of X1 with edges (-0.5, 0.0, 0.5)",causal_drf,drf,-0.02698038061291877,0.002520833294501079,-0.03192121387014089,-0.022039547355696656,50
wcf_sensitivity_v1_sym,SYM-NL,500,25,10,aipw_tcate_rmse,TCATE-K-grid_upper_tail_mean,"aipw functional contrast; RMSE over four strata of X1 with edges (-0.5, 0.0, 0.5)",cwdb_dr,drf,-0.12724547306454376,0.004934109824756145,-0.1369163283210658,-0.11757461780802171,50
wcf_sensitivity_v1_sym,SYM-NL,500,25,10,barycenter_rmse,MEANQ-A-K,,causal_drf,cwdb_dr,0.10970625075543086,0.002024481138286143,0.10573826772439002,0.1136742337864717,50
wcf_sensitivity_v1_sym,SYM-NL,500,25,10,barycenter_rmse,MEANQ-A-K,,causal_drf,drf,-0.028850272848894687,0.0013205431895200374,-0.03143853750035396,-0.02626200819743541,50
wcf_sensitivity_v1_sym,SYM-NL,500,25,10,barycenter_rmse,MEANQ-A-K,,cwdb_dr,drf,-0.13855652360432555,0.002231957661776998,-0.14293116062140845,-0.13418188658724264,50
wcf_sensitivity_v1_sym,SYM-NL,500,25,10,mean_quantile_rmse,MEANQ-A-K,"arm contrast, the mandatory common target",causal_drf,cwdb_dr,0.11987046625096287,0.005072072729258477,0.10992920370161625,0.12981172880030947,50
wcf_sensitivity_v1_sym,SYM-NL,500,25,10,mean_quantile_rmse,MEANQ-A-K,"arm contrast, the mandatory common target",causal_drf,drf,-0.0011380250932200853,0.0030982815838075627,-0.007210656997482908,0.0049346068110427375,50
wcf_sensitivity_v1_sym,SYM-NL,500,25,10,mean_quantile_rmse,MEANQ-A-K,"arm contrast, the mandatory common target",cwdb_dr,drf,-0.12100849134418296,0.005540443232137385,-0.13186776007917222,-0.11014922260919369,50
wcf_sensitivity_v1_sym,SYM-NL,500,25,10,plugin_reference_tate_abs_error,REF-ATE-K,plugin reference contrast; marginal absolute error,causal_drf,cwdb_dr,0.03762452901903339,0.005040726531544335,0.027744705017206495,0.047504353020860285,50
wcf_sensitivity_v1_sym,SYM-NL,500,25,10,plugin_reference_tate_abs_error,REF-ATE-K,plugin reference contrast; marginal absolute error,causal_drf,drf,0.004031679977587965,0.001091531708919744,0.001892277828105267,0.0061710821270706635,50
wcf_sensitivity_v1_sym,SYM-NL,500,25,10,plugin_reference_tate_abs_error,REF-ATE-K,plugin reference contrast; marginal absolute error,cwdb_dr,drf,-0.033592849041445424,0.004704070120010222,-0.042812826476665455,-0.02437287160622539,50
wcf_sensitivity_v1_sym,SYM-NL,500,25,10,plugin_reference_tcate_rmse,REF-TCATE-K,"plugin reference contrast; RMSE over four strata of X1 with edges (-0.5, 0.0, 0.5)",causal_drf,cwdb_dr,0.04298231488020645,0.004847748612230592,0.03348072760023449,0.05248390216017841,50
wcf_sensitivity_v1_sym,SYM-NL,500,25,10,plugin_reference_tcate_rmse,REF-TCATE-K,"plugin reference contrast; RMSE over four strata of X1 with edges (-0.5, 0.0, 0.5)",causal_drf,drf,0.01360793024661805,0.001134143854945303,0.011385008290925256,0.015830852202310845,50
wcf_sensitivity_v1_sym,SYM-NL,500,25,10,plugin_reference_tcate_rmse,REF-TCATE-K,"plugin reference contrast; RMSE over four strata of X1 with edges (-0.5, 0.0, 0.5)",cwdb_dr,drf,-0.0293743846335884,0.0047864086237648954,-0.0387557455361676,-0.019993023731009203,50
wcf_sensitivity_v1_sym,SYM-NL,500,25,10,plugin_tate_abs_error,TATE-K-grid_mean,plugin functional contrast; marginal absolute error,causal_drf,cwdb_dr,0.1821152144601933,0.007033467820182699,0.1683296175326352,0.1959008113877514,50
wcf_sensitivity_v1_sym,SYM-NL,500,25,10,plugin_tate_abs_error,TATE-K-grid_mean,plugin functional contrast; marginal absolute error,causal_drf,drf,0.0032844969708777927,0.002569686007426631,-0.0017520876036784044,0.00832108154543399,50
wcf_sensitivity_v1_sym,SYM-NL,500,25,10,plugin_tate_abs_error,TATE-K-grid_mean,plugin functional contrast; marginal absolute error,cwdb_dr,drf,-0.1788307174893155,0.007859880720241639,-0.1942360837009891,-0.1634253512776419,50
wcf_sensitivity_v1_sym,SYM-NL,500,25,10,plugin_tate_abs_error,TATE-K-grid_sd,plugin functional contrast; marginal absolute error,causal_drf,cwdb_dr,-0.00030784758044609655,0.0006451774563162021,-0.0015723953948258527,0.0009567002339336596,50
wcf_sensitivity_v1_sym,SYM-NL,500,25,10,plugin_tate_abs_error,TATE-K-grid_sd,plugin functional contrast; marginal absolute error,causal_drf,drf,0.00016311462321684728,0.00017266969783033388,-0.00017531798453060713,0.0005015472309643017,50
wcf_sensitivity_v1_sym,SYM-NL,500,25,10,plugin_tate_abs_error,TATE-K-grid_sd,plugin functional contrast; marginal absolute error,cwdb_dr,drf,0.00047096220366294383,0.0006674949888057066,-0.0008373279743962411,0.0017792523817221288,50
wcf_sensitivity_v1_sym,SYM-NL,500,25,10,plugin_tate_abs_error,TATE-K-grid_skewness,plugin functional contrast; marginal absolute error,causal_drf,cwdb_dr,-0.005930051089109367,0.0007252185831609836,-0.007351479512104895,-0.004508622666113839,50
wcf_sensitivity_v1_sym,SYM-NL,500,25,10,plugin_tate_abs_error,TATE-K-grid_skewness,plugin functional contrast; marginal absolute error,causal_drf,drf,2.9892389518268473e-19,5.031715497389209e-19,-6.872923423056003e-19,1.2851401326709698e-18,50
wcf_sensitivity_v1_sym,SYM-NL,500,25,10,plugin_tate_abs_error,TATE-K-grid_skewness,plugin functional contrast; marginal absolute error,cwdb_dr,drf,0.005930051089109367,0.0007252185831609836,0.004508622666113839,0.007351479512104895,50
wcf_sensitivity_v1_sym,SYM-NL,500,25,10,plugin_tate_abs_error,TATE-K-grid_upper_tail_mean,plugin functional contrast; marginal absolute error,causal_drf,cwdb_dr,0.18180014104091222,0.007230664035990639,0.16762803953037056,0.19597224255145387,50
wcf_sensitivity_v1_sym,SYM-NL,500,25,10,plugin_tate_abs_error,TATE-K-grid_upper_tail_mean,plugin functional contrast; marginal absolute error,causal_drf,drf,0.003228896010813942,0.0025525722098336573,-0.0017741455204600262,0.008231937542087911,50
wcf_sensitivity_v1_sym,SYM-NL,500,25,10,plugin_tate_abs_error,TATE-K-grid_upper_tail_mean,plugin functional contrast; marginal absolute error,cwdb_dr,drf,-0.17857124503009827,0.00800251858588638,-0.19425618145843557,-0.16288630860176098,50
wcf_sensitivity_v1_sym,SYM-NL,500,25,10,plugin_tcate_rmse,TCATE-K-grid_mean,"plugin functional contrast; RMSE over four strata of X1 with edges (-0.5, 0.0, 0.5)",causal_drf,cwdb_dr,0.17819483204352454,0.006053633109896086,0.16632971114812822,0.19005995293892086,50
wcf_sensitivity_v1_sym,SYM-NL,500,25,10,plugin_tcate_rmse,TCATE-K-grid_mean,"plugin functional contrast; RMSE over four strata of X1 with edges (-0.5, 0.0, 0.5)",causal_drf,drf,0.004821649565487085,0.0031569335516198355,-0.0013659401956877927,0.011009239326661962,50
wcf_sensitivity_v1_sym,SYM-NL,500,25,10,plugin_tcate_rmse,TCATE-K-grid_mean,"plugin functional contrast; RMSE over four strata of X1 with edges (-0.5, 0.0, 0.5)",cwdb_dr,drf,-0.17337318247803746,0.0070541442643882865,-0.1871993052362385,-0.1595470597198364,50
wcf_sensitivity_v1_sym,SYM-NL,500,25,10,plugin_tcate_rmse,TCATE-K-grid_sd,"plugin functional contrast; RMSE over four strata of X1 with edges (-0.5, 0.0, 0.5)",causal_drf,cwdb_dr,-0.0007428040580384791,0.0006082164443605074,-0.0019349082889850737,0.0004493001729081155,50
wcf_sensitivity_v1_sym,SYM-NL,500,25,10,plugin_tcate_rmse,TCATE-K-grid_sd,"plugin functional contrast; RMSE over four strata of X1 with edges (-0.5, 0.0, 0.5)",causal_drf,drf,0.0007167952487567315,0.00018733812890000113,0.00034961251611272923,0.0010839779814007338,50
wcf_sensitivity_v1_sym,SYM-NL,500,25,10,plugin_tcate_rmse,TCATE-K-grid_sd,"plugin functional contrast; RMSE over four strata of X1 with edges (-0.5, 0.0, 0.5)",cwdb_dr,drf,0.0014595993067952106,0.0006012227264217243,0.00028120276300863103,0.00263799585058179,50
wcf_sensitivity_v1_sym,SYM-NL,500,25,10,plugin_tcate_rmse,TCATE-K-grid_skewness,"plugin functional contrast; RMSE over four strata of X1 with edges (-0.5, 0.0, 0.5)",causal_drf,cwdb_dr,-0.006152866928792077,0.0007194583455931101,-0.0075630052861545725,-0.0047427285714295815,50
wcf_sensitivity_v1_sym,SYM-NL,500,25,10,plugin_tcate_rmse,TCATE-K-grid_skewness,"plugin functional contrast; RMSE over four strata of X1 with edges (-0.5, 0.0, 0.5)",causal_drf,drf,1.5434782518393199e-18,5.810751883139546e-19,4.0457088274396874e-19,2.6823856209346708e-18,50
wcf_sensitivity_v1_sym,SYM-NL,500,25,10,plugin_tcate_rmse,TCATE-K-grid_skewness,"plugin functional contrast; RMSE over four strata of X1 with edges (-0.5, 0.0, 0.5)",cwdb_dr,drf,0.006152866928792079,0.0007194583455931101,0.004742728571429583,0.007563005286154574,50
wcf_sensitivity_v1_sym,SYM-NL,500,25,10,plugin_tcate_rmse,TCATE-K-grid_upper_tail_mean,"plugin functional contrast; RMSE over four strata of X1 with edges (-0.5, 0.0, 0.5)",causal_drf,cwdb_dr,0.17766542864225993,0.0062283876002731135,0.16545778894572463,0.18987306833879522,50
wcf_sensitivity_v1_sym,SYM-NL,500,25,10,plugin_tcate_rmse,TCATE-K-grid_upper_tail_mean,"plugin functional contrast; RMSE over four strata of X1 with edges (-0.5, 0.0, 0.5)",causal_drf,drf,0.004778756555094493,0.0031552935549457387,-0.0014056188125991546,0.010963131922788142,50
wcf_sensitivity_v1_sym,SYM-NL,500,25,10,plugin_tcate_rmse,TCATE-K-grid_upper_tail_mean,"plugin functional contrast; RMSE over four strata of X1 with edges (-0.5, 0.0, 0.5)",cwdb_dr,drf,-0.17288667208716546,0.007176123293084301,-0.18695187374161068,-0.15882147043272024,50
wcf_sensitivity_v1_sym,SYM-NL,1000,25,10,aipw_reference_tate_abs_error,REF-ATE-K,aipw reference contrast; marginal absolute error,causal_drf,cwdb_dr,0.020252063859888852,0.002279651432200494,0.015783947052775884,0.02472018066700182,50
wcf_sensitivity_v1_sym,SYM-NL,1000,25,10,aipw_reference_tate_abs_error,REF-ATE-K,aipw reference contrast; marginal absolute error,causal_drf,drf,0.00325404251960619,0.0005701881858425308,0.0021364736753548296,0.004371611363857551,50
wcf_sensitivity_v1_sym,SYM-NL,1000,25,10,aipw_reference_tate_abs_error,REF-ATE-K,aipw reference contrast; marginal absolute error,cwdb_dr,drf,-0.01699802134028266,0.002332733719363066,-0.02157017943023427,-0.012425863250331053,50
wcf_sensitivity_v1_sym,SYM-NL,1000,25,10,aipw_reference_tcate_rmse,REF-TCATE-K,"aipw reference contrast; RMSE over four strata of X1 with edges (-0.5, 0.0, 0.5)",causal_drf,cwdb_dr,0.0480625884585352,0.0019962062977162123,0.04415002411501143,0.05197515280205897,50
wcf_sensitivity_v1_sym,SYM-NL,1000,25,10,aipw_reference_tcate_rmse,REF-TCATE-K,"aipw reference contrast; RMSE over four strata of X1 with edges (-0.5, 0.0, 0.5)",causal_drf,drf,-0.008701639190937027,0.00034985681076709534,-0.009387358540040533,-0.008015919841833521,50
wcf_sensitivity_v1_sym,SYM-NL,1000,25,10,aipw_reference_tcate_rmse,REF-TCATE-K,"aipw reference contrast; RMSE over four strata of X1 with edges (-0.5, 0.0, 0.5)",cwdb_dr,drf,-0.056764227649472226,0.0021849363928075527,-0.06104670297937503,-0.052481752319569426,50
wcf_sensitivity_v1_sym,SYM-NL,1000,25,10,aipw_tate_abs_error,TATE-K-grid_mean,aipw functional contrast; marginal absolute error,causal_drf,cwdb_dr,0.09459067752337316,0.0018501386890220444,0.09096440569288995,0.09821694935385637,50
wcf_sensitivity_v1_sym,SYM-NL,1000,25,10,aipw_tate_abs_error,TATE-K-grid_mean,aipw functional contrast; marginal absolute error,causal_drf,drf,-0.02890657362095589,0.001216277233316348,-0.031290476998255934,-0.026522670243655847,50
wcf_sensitivity_v1_sym,SYM-NL,1000,25,10,aipw_tate_abs_error,TATE-K-grid_mean,aipw functional contrast; marginal absolute error,cwdb_dr,drf,-0.12349725114432905,0.002268581255217674,-0.1279436704045557,-0.11905083188410241,50
wcf_sensitivity_v1_sym,SYM-NL,1000,25,10,aipw_tate_abs_error,TATE-K-grid_sd,aipw functional contrast; marginal absolute error,causal_drf,cwdb_dr,0.0003499190965408597,0.00029326130233084017,-0.00022487305602758698,0.0009247112491093064,50
wcf_sensitivity_v1_sym,SYM-NL,1000,25,10,aipw_tate_abs_error,TATE-K-grid_sd,aipw functional contrast; marginal absolute error,causal_drf,drf,-0.0001931630657213937,7.250210470350226e-05,-0.00033526719094025817,-5.1058940502529275e-05,50
wcf_sensitivity_v1_sym,SYM-NL,1000,25,10,aipw_tate_abs_error,TATE-K-grid_sd,aipw functional contrast; marginal absolute error,cwdb_dr,drf,-0.0005430821622622534,0.0002856766459917561,-0.0011030083884060954,1.6844063881588513e-05,50
wcf_sensitivity_v1_sym,SYM-NL,1000,25,10,aipw_tate_abs_error,TATE-K-grid_skewness,aipw functional contrast; marginal absolute error,causal_drf,cwdb_dr,-0.0006306319828528356,0.00010752780609037541,-0.0008413864827899714,-0.00041987748291569976,50
wcf_sensitivity_v1_sym,SYM-NL,1000,25,10,aipw_tate_abs_error,TATE-K-grid_skewness,aipw functional contrast; marginal absolute error,causal_drf,drf,-1.2910157288102716e-18,3.946368892164255e-19,-2.0645040316744656e-18,-5.175274259460775e-19,50
wcf_sensitivity_v1_sym,SYM-NL,1000,25,10,aipw_tate_abs_error,TATE-K-grid_skewness,aipw functional contrast; marginal absolute error,cwdb_dr,drf,0.0006306319828528343,0.00010752780609037548,0.00041987748291569835,0.0008413864827899702,50
wcf_sensitivity_v1_sym,SYM-NL,1000,25,10,aipw_tate_abs_error,TATE-K-grid_upper_tail_mean,aipw functional contrast; marginal absolute error,causal_drf,cwdb_dr,0.09510188247250237,0.0018304048370876465,0.09151428899181058,0.09868947595319416,50
wcf_sensitivity_v1_sym,SYM-NL,1000,25,10,aipw_tate_abs_error,TATE-K-grid_upper_tail_mean,aipw functional contrast; marginal absolute error,causal_drf,drf,-0.02895528063623351,0.0012074889055250398,-0.03132195889106259,-0.02658860238140443,50
wcf_sensitivity_v1_sym,SYM-NL,1000,25,10,aipw_tate_abs_error,TATE-K-grid_upper_tail_mean,aipw functional contrast; marginal absolute error,cwdb_dr,drf,-0.12405716310873588,0.0022365018204640154,-0.12844070667684535,-0.11967361954062641,50
wcf_sensitivity_v1_sym,SYM-NL,1000,25,10,aipw_tcate_rmse,TCATE-K-grid_mean,"aipw functional contrast; RMSE over four strata of X1 with edges (-0.5, 0.0, 0.5)",causal_drf,cwdb_dr,0.09004606854573782,0.0019892773778387874,0.0861470848851738,0.09394505220630185,50
wcf_sensitivity_v1_sym,SYM-NL,1000,25,10,aipw_tcate_rmse,TCATE-K-grid_mean,"aipw functional contrast; RMSE over four strata of X1 with edges (-0.5, 0.0, 0.5)",causal_drf,drf,-0.028834296706162554,0.0013804765281085222,-0.03154003070125526,-0.02612856271106985,50
wcf_sensitivity_v1_sym,SYM-NL,1000,25,10,aipw_tcate_rmse,TCATE-K-grid_mean,"aipw functional contrast; RMSE over four strata of X1 with edges (-0.5, 0.0, 0.5)",cwdb_dr,drf,-0.11888036525190038,0.002536586900433758,-0.12385207557675054,-0.11390865492705021,50
wcf_sensitivity_v1_sym,SYM-NL,1000,25,10,aipw_tcate_rmse,TCATE-K-grid_sd,"aipw functional contrast; RMSE over four strata of X1 with edges (-0.5, 0.0, 0.5)",causal_drf,cwdb_dr,0.0008401234825915335,0.0002563350221423727,0.000337706839192483,0.001342540125990584,50
wcf_sensitivity_v1_sym,SYM-NL,1000,25,10,aipw_tcate_rmse,TCATE-K-grid_sd,"aipw functional contrast; RMSE over four strata of X1 with edges (-0.5, 0.0, 0.5)",causal_drf,drf,-0.0007823423897320029,9.808234355285642e-05,-0.0009745837830956014,-0.0005901009963684043,50
wcf_sensitivity_v1_sym,SYM-NL,1000,25,10,aipw_tcate_rmse,TCATE-K-grid_sd,"aipw functional contrast; RMSE over four strata of X1 with edges (-0.5, 0.0, 0.5)",cwdb_dr,drf,-0.0016224658723235363,0.00030922460840772587,-0.002228546104802679,-0.0010163856398443937,50
wcf_sensitivity_v1_sym,SYM-NL,1000,25,10,aipw_tcate_rmse,TCATE-K-grid_skewness,"aipw functional contrast; RMSE over four strata of X1 with edges (-0.5, 0.0, 0.5)",causal_drf,cwdb_dr,-0.002096050826447186,0.00032299113763905587,-0.0027291134562197356,-0.0014629881966746368,50
wcf_sensitivity_v1_sym,SYM-NL,1000,25,10,aipw_tcate_rmse,TCATE-K-grid_skewness,"aipw functional contrast; RMSE over four strata of X1 with edges (-0.5, 0.0, 0.5)",causal_drf,drf,-1.2732038589978569e-18,3.3664496869950323e-19,-1.933027997648883e-18,-6.133797203468306e-19,50
wcf_sensitivity_v1_sym,SYM-NL,1000,25,10,aipw_tcate_rmse,TCATE-K-grid_skewness,"aipw functional contrast; RMSE over four strata of X1 with edges (-0.5, 0.0, 0.5)",cwdb_dr,drf,0.002096050826447185,0.0003229911376390559,0.0014629881966746353,0.0027291134562197348,50
wcf_sensitivity_v1_sym,SYM-NL,1000,25,10,aipw_tcate_rmse,TCATE-K-grid_upper_tail_mean,"aipw functional contrast; RMSE over four strata of X1 with edges (-0.5, 0.0, 0.5)",causal_drf,cwdb_dr,0.09052827567022015,0.0020045060064877228,0.08659944389750421,0.09445710744293609,50
wcf_sensitivity_v1_sym,SYM-NL,1000,25,10,aipw_tcate_rmse,TCATE-K-grid_upper_tail_mean,"aipw functional contrast; RMSE over four strata of X1 with edges (-0.5, 0.0, 0.5)",causal_drf,drf,-0.02887992505072723,0.0013614411654885947,-0.03154834973508487,-0.026211500366369583,50
wcf_sensitivity_v1_sym,SYM-NL,1000,25,10,aipw_tcate_rmse,TCATE-K-grid_upper_tail_mean,"aipw functional contrast; RMSE over four strata of X1 with edges (-0.5, 0.0, 0.5)",cwdb_dr,drf,-0.11940820072094738,0.0025060092124610227,-0.12431997877737098,-0.11449642266452377,50
wcf_sensitivity_v1_sym,SYM-NL,1000,25,10,barycenter_rmse,MEANQ-A-K,,causal_drf,cwdb_dr,0.09536005674720488,0.0013303569656209703,0.09275255709458778,0.09796755639982198,50
wcf_sensitivity_v1_sym,SYM-NL,1000,25,10,barycenter_rmse,MEANQ-A-K,,causal_drf,drf,-0.02356265952342923,0.0009509891349096292,-0.025426598227852103,-0.021698720819006357,50
wcf_sensitivity_v1_sym,SYM-NL,1000,25,10,barycenter_rmse,MEANQ-A-K,,cwdb_dr,drf,-0.11892271627063411,0.0014478867255761922,-0.12176057425276345,-0.11608485828850477,50
wcf_sensitivity_v1_sym,SYM-NL,1000,25,10,mean_quantile_rmse,MEANQ-A-K,"arm contrast, the mandatory common target",causal_drf,cwdb_dr,0.1063966053121432,0.0039434530105976525,0.09866743741137181,0.1141257732129146,50
wcf_sensitivity_v1_sym,SYM-NL,1000,25,10,mean_quantile_rmse,MEANQ-A-K,"arm contrast, the mandatory common target",causal_drf,drf,-0.0005530590445010919,0.0019253293649041357,-0.004326704599713198,0.003220586510711014,50
wcf_sensitivity_v1_sym,SYM-NL,1000,25,10,mean_quantile_rmse,MEANQ-A-K,"arm contrast, the mandatory common target",cwdb_dr,drf,-0.1069496643566443,0.004072342278029855,-0.11493145522158281,-0.09896787349170579,50
wcf_sensitivity_v1_sym,SYM-NL,1000,25,10,plugin_reference_tate_abs_error,REF-ATE-K,plugin reference contrast; marginal absolute error,causal_drf,cwdb_dr,0.030650668243436596,0.003291058967720916,0.0242001926667036,0.03710114382016959,50
wcf_sensitivity_v1_sym,SYM-NL,1000,25,10,plugin_reference_tate_abs_error,REF-ATE-K,plugin reference contrast; marginal absolute error,causal_drf,drf,0.011092603675811885,0.0008552644760925736,0.00941628530267044,0.01276892204895333,50
wcf_sensitivity_v1_sym,SYM-NL,1000,25,10,plugin_reference_tate_abs_error,REF-ATE-K,plugin reference contrast; marginal absolute error,cwdb_dr,drf,-0.01955806456762471,0.00309624392237484,-0.025626702655479398,-0.013489426479770025,50
wcf_sensitivity_v1_sym,SYM-NL,1000,25,10,plugin_reference_tcate_rmse,REF-TCATE-K,"plugin reference contrast; RMSE over four strata of X1 with edges (-0.5, 0.0, 0.5)",causal_drf,cwdb_dr,0.0536143735443616,0.0032163685376653994,0.04731029121053741,0.05991845587818578,50
wcf_sensitivity_v1_sym,SYM-NL,1000,25,10,plugin_reference_tcate_rmse,REF-TCATE-K,"plugin reference contrast; RMSE over four strata of X1 with edges (-0.5, 0.0, 0.5)",causal_drf,drf,0.008830190167670032,0.0009689805978321074,0.006930988195919102,0.010729392139420963,50
wcf_sensitivity_v1_sym,SYM-NL,1000,25,10,plugin_reference_tcate_rmse,REF-TCATE-K,"plugin reference contrast; RMSE over four strata of X1 with edges (-0.5, 0.0, 0.5)",cwdb_dr,drf,-0.044784183376691565,0.003147242728268493,-0.05095277912409781,-0.03861558762928532,50
wcf_sensitivity_v1_sym,SYM-NL,1000,25,10,plugin_tate_abs_error,TATE-K-grid_mean,plugin functional contrast; marginal absolute error,causal_drf,cwdb_dr,0.16128029671441033,0.003958055955814595,0.15352250704101372,0.16903808638780693,50
wcf_sensitivity_v1_sym,SYM-NL,1000,25,10,plugin_tate_abs_error,TATE-K-grid_mean,plugin functional contrast; marginal absolute error,causal_drf,drf,0.01169547009423641,0.0017023452598942889,0.008358873384843604,0.015032066803629215,50
wcf_sensitivity_v1_sym,SYM-NL,1000,25,10,plugin_tate_abs_error,TATE-K-grid_mean,plugin functional contrast; marginal absolute error,cwdb_dr,drf,-0.14958482662017392,0.004368080098203126,-0.15814626361265205,-0.14102338962769578,50
wcf_sensitivity_v1_sym,SYM-NL,1000,25,10,plugin_tate_abs_error,TATE-K-grid_sd,plugin functional contrast; marginal absolute error,causal_drf,cwdb_dr,0.000802105276096121,0.0002923456152764776,0.00022910787015422492,0.0013751026820380172,50
wcf_sensitivity_v1_sym,SYM-NL,1000,25,10,plugin_tate_abs_error,TATE-K-grid_sd,plugin functional contrast; marginal absolute error,causal_drf,drf,-0.00011452017836035546,9.863568293759177e-05,-0.00030784611691803533,7.88057601973244e-05,50
wcf_sensitivity_v1_sym,SYM-NL,1000,25,10,plugin_tate_abs_error,TATE-K-grid_sd,plugin functional contrast; marginal absolute error,cwdb_dr,drf,-0.0009166254544564765,0.0002965738463160527,-0.0014979101932359397,-0.00033534071567701326,50
wcf_sensitivity_v1_sym,SYM-NL,1000,25,10,plugin_tate_abs_error,TATE-K-grid_skewness,plugin functional contrast; marginal absolute error,causal_drf,cwdb_dr,-0.004473803475173266,0.0010681589658486858,-0.006567395048236691,-0.0023802119021098423,50
wcf_sensitivity_v1_sym,SYM-NL,1000,25,10,plugin_tate_abs_error,TATE-K-grid_skewness,plugin functional contrast; marginal absolute error,causal_drf,drf,9.627638521526828e-19,6.113988102123769e-19,-2.3557781586357605e-19,2.1611055201689416e-18,50
wcf_sensitivity_v1_sym,SYM-NL,1000,25,10,plugin_tate_abs_error,TATE-K-grid_skewness,plugin functional contrast; marginal absolute error,cwdb_dr,drf,0.004473803475173267,0.0010681589658486858,0.002380211902109843,0.006567395048236691,50
wcf_sensitivity_v1_sym,SYM-NL,1000,25,10,plugin_tate_abs_error,TATE-K-grid_upper_tail_mean,plugin functional contrast; marginal absolute error,causal_drf,cwdb_dr,0.16079539946148494,0.003915814426996093,0.1531204031845726,0.16847039573839728,50
wcf_sensitivity_v1_sym,SYM-NL,1000,25,10,plugin_tate_abs_error,TATE-K-grid_upper_tail_mean,plugin functional contrast; marginal absolute error,causal_drf,drf,0.011433444420056255,0.0017138713074149761,0.0080742566575229,0.014792632182589608,50
wcf_sensitivity_v1_sym,SYM-NL,1000,25,10,plugin_tate_abs_error,TATE-K-grid_upper_tail_mean,plugin functional contrast; marginal absolute error,cwdb_dr,drf,-0.14936195504142868,0.004294224277988002,-0.15777863462628516,-0.1409452754565722,50
wcf_sensitivity_v1_sym,SYM-NL,1000,25,10,plugin_tcate_rmse,TCATE-K-grid_mean,"plugin functional contrast; RMSE over four strata of X1 with edges (-0.5, 0.0, 0.5)",causal_drf,cwdb_dr,0.15657240571138464,0.003576112211539649,0.14956322577676692,0.16358158564600236,50
wcf_sensitivity_v1_sym,SYM-NL,1000,25,10,plugin_tcate_rmse,TCATE-K-grid_mean,"plugin functional contrast; RMSE over four strata of X1 with edges (-0.5, 0.0, 0.5)",causal_drf,drf,0.01250346557509166,0.0018253768403194662,0.008925726968065506,0.016081204182117816,50
wcf_sensitivity_v1_sym,SYM-NL,1000,25,10,plugin_tcate_rmse,TCATE-K-grid_mean,"plugin functional contrast; RMSE over four strata of X1 with edges (-0.5, 0.0, 0.5)",cwdb_dr,drf,-0.14406894013629298,0.0038869958611724626,-0.151687452024191,-0.13645042824839496,50
wcf_sensitivity_v1_sym,SYM-NL,1000,25,10,plugin_tcate_rmse,TCATE-K-grid_sd,"plugin functional contrast; RMSE over four strata of X1 with edges (-0.5, 0.0, 0.5)",causal_drf,cwdb_dr,0.00042306054615644153,0.0003475297663295507,-0.0002580977958494779,0.001104218888162361,50
wcf_sensitivity_v1_sym,SYM-NL,1000,25,10,plugin_tcate_rmse,TCATE-K-grid_sd,"plugin functional contrast; RMSE over four strata of X1 with edges (-0.5, 0.0, 0.5)",causal_drf,drf,5.032305416103689e-05,0.00010914443881412625,-0.00016360004591465057,0.00026424615423672435,50
wcf_sensitivity_v1_sym,SYM-NL,1000,25,10,plugin_tcate_rmse,TCATE-K-grid_sd,"plugin functional contrast; RMSE over four strata of X1 with edges (-0.5, 0.0, 0.5)",cwdb_dr,drf,-0.00037273749199540464,0.0003563400305430797,-0.001071163951859841,0.00032568896786903153,50
wcf_sensitivity_v1_sym,SYM-NL,1000,25,10,plugin_tcate_rmse,TCATE-K-grid_skewness,"plugin functional contrast; RMSE over four strata of X1 with edges (-0.5, 0.0, 0.5)",causal_drf,cwdb_dr,-0.005088333856058829,0.0013300285335125955,-0.007695189781743517,-0.002481477930374142,50
wcf_sensitivity_v1_sym,SYM-NL,1000,25,10,plugin_tcate_rmse,TCATE-K-grid_skewness,"plugin functional contrast; RMSE over four strata of X1 with edges (-0.5, 0.0, 0.5)",causal_drf,drf,1.835605092130842e-18,6.863399700896044e-19,4.903787507552175e-19,3.1808314335064668e-18,50
wcf_sensitivity_v1_sym,SYM-NL,1000,25,10,plugin_tcate_rmse,TCATE-K-grid_skewness,"plugin functional contrast; RMSE over four strata of X1 with edges (-0.5, 0.0, 0.5)",cwdb_dr,drf,0.005088333856058832,0.0013300285335125957,0.0024814779303741446,0.007695189781743519,50
wcf_sensitivity_v1_sym,SYM-NL,1000,25,10,plugin_tcate_rmse,TCATE-K-grid_upper_tail_mean,"plugin functional contrast; RMSE over four strata of X1 with edges (-0.5, 0.0, 0.5)",causal_drf,cwdb_dr,0.15602882232434082,0.003558192146545098,0.14905476571711243,0.1630028789315692,50
wcf_sensitivity_v1_sym,SYM-NL,1000,25,10,plugin_tcate_rmse,TCATE-K-grid_upper_tail_mean,"plugin functional contrast; RMSE over four strata of X1 with edges (-0.5, 0.0, 0.5)",causal_drf,drf,0.012220811635500373,0.0018308723970929832,0.008632301737198126,0.01580932153380262,50
wcf_sensitivity_v1_sym,SYM-NL,1000,25,10,plugin_tcate_rmse,TCATE-K-grid_upper_tail_mean,"plugin functional contrast; RMSE over four strata of X1 with edges (-0.5, 0.0, 0.5)",cwdb_dr,drf,-0.14380801068884044,0.0038416957058815936,-0.15133773427236838,-0.1362782871053125,50
wcf_sensitivity_v1_sym,SYM-RANDOM,500,25,10,aipw_reference_tate_abs_error,REF-ATE-K,aipw reference contrast; marginal absolute error,causal_drf,cwdb_dr,-0.0007885623548839274,0.0017949250558769508,-0.00430661546440275,0.002729490754634896,50
wcf_sensitivity_v1_sym,SYM-RANDOM,500,25,10,aipw_reference_tate_abs_error,REF-ATE-K,aipw reference contrast; marginal absolute error,causal_drf,drf,-0.0004855280488942522,0.00020291790099408172,-0.0008832471348426524,-8.7808962945852e-05,50
wcf_sensitivity_v1_sym,SYM-RANDOM,500,25,10,aipw_reference_tate_abs_error,REF-ATE-K,aipw reference contrast; marginal absolute error,cwdb_dr,drf,0.0003030343059896752,0.0018243733727627538,-0.0032727375046253224,0.003878806116604673,50
wcf_sensitivity_v1_sym,SYM-RANDOM,500,25,10,aipw_reference_tcate_rmse,REF-TCATE-K,"aipw reference contrast; RMSE over four strata of X1 with edges (-0.5, 0.0, 0.5)",causal_drf,cwdb_dr,0.004911386023856136,0.0022144188488226746,0.0005711250801636938,0.009251646967548578,50
wcf_sensitivity_v1_sym,SYM-RANDOM,500,25,10,aipw_reference_tcate_rmse,REF-TCATE-K,"aipw reference contrast; RMSE over four strata of X1 with edges (-0.5, 0.0, 0.5)",causal_drf,drf,-0.0014764944052164317,0.0002543930288623833,-0.001975104741786703,-0.0009778840686461604,50
wcf_sensitivity_v1_sym,SYM-RANDOM,500,25,10,aipw_reference_tcate_rmse,REF-TCATE-K,"aipw reference contrast; RMSE over four strata of X1 with edges (-0.5, 0.0, 0.5)",cwdb_dr,drf,-0.006387880429072568,0.002314783124408783,-0.010924855352913782,-0.0018509055052313532,50
wcf_sensitivity_v1_sym,SYM-RANDOM,500,25,10,aipw_tate_abs_error,TATE-K-grid_mean,aipw functional contrast; marginal absolute error,causal_drf,cwdb_dr,0.0045339364599374585,0.0030282419951619217,-0.001401417850579908,0.010469290770454824,50
wcf_sensitivity_v1_sym,SYM-RANDOM,500,25,10,aipw_tate_abs_error,TATE-K-grid_mean,aipw functional contrast; marginal absolute error,causal_drf,drf,-0.000976516941539024,0.0007149865700729857,-0.002377890618882076,0.0004248567358040279,50
wcf_sensitivity_v1_sym,SYM-RANDOM,500,25,10,aipw_tate_abs_error,TATE-K-grid_mean,aipw functional contrast; marginal absolute error,cwdb_dr,drf,-0.0055104534014764825,0.003155555389734609,-0.011695341965356317,0.0006744351624033513,50
wcf_sensitivity_v1_sym,SYM-RANDOM,500,25,10,aipw_tate_abs_error,TATE-K-grid_sd,aipw functional contrast; marginal absolute error,causal_drf,cwdb_dr,-0.00010538690672050712,0.00027172321055944106,-0.0006379643994170116,0.00042719058597599736,50
wcf_sensitivity_v1_sym,SYM-RANDOM,500,25,10,aipw_tate_abs_error,TATE-K-grid_sd,aipw functional contrast; marginal absolute error,causal_drf,drf,-0.00013776566028440157,3.866161088997971e-05,-0.0002135424176287618,-6.198890294004134e-05,50
wcf_sensitivity_v1_sym,SYM-RANDOM,500,25,10,aipw_tate_abs_error,TATE-K-grid_sd,aipw functional contrast; marginal absolute error,cwdb_dr,drf,-3.237875356389445e-05,0.0002805949618914284,-0.0005823448788710941,0.0005175873717433052,50
wcf_sensitivity_v1_sym,SYM-RANDOM,500,25,10,aipw_tate_abs_error,TATE-K-grid_skewness,aipw functional contrast; marginal absolute error,causal_drf,cwdb_dr,-0.0006239917999343252,7.600614414104108e-05,-0.0007729638424507657,-0.00047501975741788473,50
wcf_sensitivity_v1_sym,SYM-RANDOM,500,25,10,aipw_tate_abs_error,TATE-K-grid_skewness,aipw functional contrast; marginal absolute error,causal_drf,drf,6.054684533962328e-20,7.997867402426345e-20,-9.621135574793307e-20,2.173050464271796e-19,50
wcf_sensitivity_v1_sym,SYM-RANDOM,500,25,10,aipw_tate_abs_error,TATE-K-grid_skewness,aipw functional contrast; marginal absolute error,cwdb_dr,drf,0.0006239917999343253,7.60061441410411e-05,0.0004750197574178848,0.0007729638424507658,50
wcf_sensitivity_v1_sym,SYM-RANDOM,500,25,10,aipw_tate_abs_error,TATE-K-grid_upper_tail_mean,aipw functional contrast; marginal absolute error,causal_drf,cwdb_dr,0.004654943225084009,0.0030118040993117453,-0.001248192809567012,0.01055807925973503,50
wcf_sensitivity_v1_sym,SYM-RANDOM,500,25,10,aipw_tate_abs_error,TATE-K-grid_upper_tail_mean,aipw functional contrast; marginal absolute error,causal_drf,drf,-0.0009781896558072323,0.0007201694552770706,-0.0023897217881502907,0.0004333424765358262,50
wcf_sensitivity_v1_sym,SYM-RANDOM,500,25,10,aipw_tate_abs_error,TATE-K-grid_upper_tail_mean,aipw functional contrast; marginal absolute error,cwdb_dr,drf,-0.005633132880891241,0.003148550035981495,-0.011804290951414971,0.0005380251896324895,50
wcf_sensitivity_v1_sym,SYM-RANDOM,500,25,10,aipw_tcate_rmse,TCATE-K-grid_mean,"aipw functional contrast; RMSE over four strata of X1 with edges (-0.5, 0.0, 0.5)",causal_drf,cwdb_dr,0.008363073963494484,0.002725556211779205,0.003020983788407243,0.013705164138581725,50
wcf_sensitivity_v1_sym,SYM-RANDOM,500,25,10,aipw_tcate_rmse,TCATE-K-grid_mean,"aipw functional contrast; RMSE over four strata of X1 with edges (-0.5, 0.0, 0.5)",causal_drf,drf,-0.0015798854593981615,0.0007825119929129785,-0.0031136089655075996,-4.616195328872364e-05,50
wcf_sensitivity_v1_sym,SYM-RANDOM,500,25,10,aipw_tcate_rmse,TCATE-K-grid_mean,"aipw functional contrast; RMSE over four strata of X1 with edges (-0.5, 0.0, 0.5)",cwdb_dr,drf,-0.009942959422892646,0.0026962869177888623,-0.015227681781758816,-0.004658237064026476,50
wcf_sensitivity_v1_sym,SYM-RANDOM,500,25,10,aipw_tcate_rmse,TCATE-K-grid_sd,"aipw functional contrast; RMSE over four strata of X1 with edges (-0.5, 0.0, 0.5)",causal_drf,cwdb_dr,0.001349264436535452,0.0003761808631835088,0.0006119499446957748,0.0020865789283751293,50
wcf_sensitivity_v1_sym,SYM-RANDOM,500,25,10,aipw_tcate_rmse,TCATE-K-grid_sd,"aipw functional contrast; RMSE over four strata of X1 with edges (-0.5, 0.0, 0.5)",causal_drf,drf,-0.0009652416493712993,8.792353154539134e-05,-0.0011375717712002664,-0.0007929115275423323,50
wcf_sensitivity_v1_sym,SYM-RANDOM,500,25,10,aipw_tcate_rmse,TCATE-K-grid_sd,"aipw functional contrast; RMSE over four strata of X1 with edges (-0.5, 0.0, 0.5)",cwdb_dr,drf,-0.0023145060859067514,0.000424115499910622,-0.0031457724657315703,-0.0014832397060819324,50
wcf_sensitivity_v1_sym,SYM-RANDOM,500,25,10,aipw_tcate_rmse,TCATE-K-grid_skewness,"aipw functional contrast; RMSE over four strata of X1 with edges (-0.5, 0.0, 0.5)",causal_drf,cwdb_dr,-0.0017960122428494817,0.00012183038693296582,-0.002034799801238095,-0.0015572246844608687,50
wcf_sensitivity_v1_sym,SYM-RANDOM,500,25,10,aipw_tcate_rmse,TCATE-K-grid_skewness,"aipw functional contrast; RMSE over four strata of X1 with edges (-0.5, 0.0, 0.5)",causal_drf,drf,-2.58756028520342e-20,9.484312874476728e-20,-2.1176813519177808e-19,1.6001692948770968e-19,50
wcf_sensitivity_v1_sym,SYM-RANDOM,500,25,10,aipw_tcate_rmse,TCATE-K-grid_skewness,"aipw functional contrast; RMSE over four strata of X1 with edges (-0.5, 0.0, 0.5)",cwdb_dr,drf,0.0017960122428494815,0.00012183038693296583,0.0015572246844608685,0.0020347998012380944,50
wcf_sensitivity_v1_sym,SYM-RANDOM,500,25,10,aipw_tcate_rmse,TCATE-K-grid_upper_tail_mean,"aipw functional contrast; RMSE over four strata of X1 with edges (-0.5, 0.0, 0.5)",causal_drf,cwdb_dr,0.00826204255700188,0.002641795223522317,0.0030841239188981375,0.013439961195105621,50
wcf_sensitivity_v1_sym,SYM-RANDOM,500,25,10,aipw_tcate_rmse,TCATE-K-grid_upper_tail_mean,"aipw functional contrast; RMSE over four strata of X1 with edges (-0.5, 0.0, 0.5)",causal_drf,drf,-0.001484249737557744,0.0007824187972051455,-0.003017790580079829,4.9291104964341173e-05,50
wcf_sensitivity_v1_sym,SYM-RANDOM,500,25,10,aipw_tcate_rmse,TCATE-K-grid_upper_tail_mean,"aipw functional contrast; RMSE over four strata of X1 with edges (-0.5, 0.0, 0.5)",cwdb_dr,drf,-0.009746292294559623,0.0025938569358460346,-0.014830251888817852,-0.004662332700301396,50
wcf_sensitivity_v1_sym,SYM-RANDOM,500,25,10,barycenter_rmse,MEANQ-A-K,,causal_drf,cwdb_dr,0.08196220733227233,0.001583850482530473,0.0788578603865126,0.08506655427803206,50
wcf_sensitivity_v1_sym,SYM-RANDOM,500,25,10,barycenter_rmse,MEANQ-A-K,,causal_drf,drf,-0.01349630243460892,0.0011418944974002207,-0.015734415649513354,-0.011258189219704487,50
wcf_sensitivity_v1_sym,SYM-RANDOM,500,25,10,barycenter_rmse,MEANQ-A-K,,cwdb_dr,drf,-0.09545850976688125,0.0013259431790363751,-0.09805735839779255,-0.09285966113596995,50
wcf_sensitivity_v1_sym,SYM-RANDOM,500,25,10,mean_quantile_rmse,MEANQ-A-K,"arm contrast, the mandatory common target",causal_drf,cwdb_dr,-0.039852806089413675,0.002967300013732191,-0.04566871411632877,-0.03403689806249858,50
wcf_sensitivity_v1_sym,SYM-RANDOM,500,25,10,mean_quantile_rmse,MEANQ-A-K,"arm contrast, the mandatory common target",causal_drf,drf,-0.018896480485005543,0.001402247311798525,-0.02164488521613065,-0.016148075753880435,50
wcf_sensitivity_v1_sym,SYM-RANDOM,500,25,10,mean_quantile_rmse,MEANQ-A-K,"arm contrast, the mandatory common target",cwdb_dr,drf,0.020956325604408133,0.0026317554653628324,0.01579808489229698,0.026114566316519285,50
wcf_sensitivity_v1_sym,SYM-RANDOM,500,25,10,plugin_reference_tate_abs_error,REF-ATE-K,plugin reference contrast; marginal absolute error,causal_drf,cwdb_dr,-0.00022691376529706403,0.0024128239939489055,-0.004956048793436919,0.004502221262842791,50
wcf_sensitivity_v1_sym,SYM-RANDOM,500,25,10,plugin_reference_tate_abs_error,REF-ATE-K,plugin reference contrast; marginal absolute error,causal_drf,drf,0.0010948122274830503,0.001039058490905103,-0.0009417424146909515,0.003131366869657052,50
wcf_sensitivity_v1_sym,SYM-RANDOM,500,25,10,plugin_reference_tate_abs_error,REF-ATE-K,plugin reference contrast; marginal absolute error,cwdb_dr,drf,0.0013217259927801144,0.0024031257062915967,-0.003388400391551415,0.006031852377111644,50
wcf_sensitivity_v1_sym,SYM-RANDOM,500,25,10,plugin_reference_tcate_rmse,REF-TCATE-K,"plugin reference contrast; RMSE over four strata of X1 with edges (-0.5, 0.0, 0.5)",causal_drf,cwdb_dr,0.01128162894058813,0.002898226083880612,0.005601105816182131,0.01696215206499413,50
wcf_sensitivity_v1_sym,SYM-RANDOM,500,25,10,plugin_reference_tcate_rmse,REF-TCATE-K,"plugin reference contrast; RMSE over four strata of X1 with edges (-0.5, 0.0, 0.5)",causal_drf,drf,0.004914173278819031,0.0013657982297382153,0.002237208748532129,0.007591137809105933,50
wcf_sensitivity_v1_sym,SYM-RANDOM,500,25,10,plugin_reference_tcate_rmse,REF-TCATE-K,"plugin reference contrast; RMSE over four strata of X1 with edges (-0.5, 0.0, 0.5)",cwdb_dr,drf,-0.006367455661769099,0.0029629954994614253,-0.012174926840713493,-0.000559984482824705,50
wcf_sensitivity_v1_sym,SYM-RANDOM,500,25,10,plugin_tate_abs_error,TATE-K-grid_mean,plugin functional contrast; marginal absolute error,causal_drf,cwdb_dr,-0.0189100623558648,0.005920138131621854,-0.030513533093843637,-0.0073065916178859675,50
wcf_sensitivity_v1_sym,SYM-RANDOM,500,25,10,plugin_tate_abs_error,TATE-K-grid_mean,plugin functional contrast; marginal absolute error,causal_drf,drf,0.003221117424168432,0.0015486652846265214,0.00018573346630045007,0.006256501382036414,50
wcf_sensitivity_v1_sym,SYM-RANDOM,500,25,10,plugin_tate_abs_error,TATE-K-grid_mean,plugin functional contrast; marginal absolute error,cwdb_dr,drf,0.022131179780033233,0.005497897546882806,0.011355300588142932,0.03290705897192353,50
wcf_sensitivity_v1_sym,SYM-RANDOM,500,25,10,plugin_tate_abs_error,TATE-K-grid_sd,plugin functional contrast; marginal absolute error,causal_drf,cwdb_dr,0.0007711849275234017,0.0003946589795904035,-2.346672473789186e-06,0.0015447165275205925,50
wcf_sensitivity_v1_sym,SYM-RANDOM,500,25,10,plugin_tate_abs_error,TATE-K-grid_sd,plugin functional contrast; marginal absolute error,causal_drf,drf,-3.733209763344576e-05,0.00012117523175460294,-0.0002748355518724675,0.000200171356605576,50
wcf_sensitivity_v1_sym,SYM-RANDOM,500,25,10,plugin_tate_abs_error,TATE-K-grid_sd,plugin functional contrast; marginal absolute error,cwdb_dr,drf,-0.0008085170251568474,0.00040217177372929997,-0.0015967737016662753,-2.0260348647419555e-05,50
wcf_sensitivity_v1_sym,SYM-RANDOM,500,25,10,plugin_tate_abs_error,TATE-K-grid_skewness,plugin functional contrast; marginal absolute error,causal_drf,cwdb_dr,-0.006190876603229416,0.0007216243828981906,-0.007605260393709869,-0.004776492812748962,50
wcf_sensitivity_v1_sym,SYM-RANDOM,500,25,10,plugin_tate_abs_error,TATE-K-grid_skewness,plugin functional contrast; marginal absolute error,causal_drf,drf,1.3245249331369026e-18,4.0682606550806594e-19,5.271458447410934e-19,2.1219040215327117e-18,50
wcf_sensitivity_v1_sym,SYM-RANDOM,500,25,10,plugin_tate_abs_error,TATE-K-grid_skewness,plugin functional contrast; marginal absolute error,cwdb_dr,drf,0.006190876603229417,0.0007216243828981905,0.004776492812748963,0.00760526039370987,50
wcf_sensitivity_v1_sym,SYM-RANDOM,500,25,10,plugin_tate_abs_error,TATE-K-grid_upper_tail_mean,plugin functional contrast; marginal absolute error,causal_drf,cwdb_dr,-0.01890773024003317,0.005974744478189276,-0.030618229417284152,-0.007197231062782191,50
wcf_sensitivity_v1_sym,SYM-RANDOM,500,25,10,plugin_tate_abs_error,TATE-K-grid_upper_tail_mean,plugin functional contrast; marginal absolute error,causal_drf,drf,0.003441187415617601,0.00155072045295657,0.0004017753278227239,0.0064805995034124785,50
wcf_sensitivity_v1_sym,SYM-RANDOM,500,25,10,plugin_tate_abs_error,TATE-K-grid_upper_tail_mean,plugin functional contrast; marginal absolute error,cwdb_dr,drf,0.022348917655650773,0.0055367752207275064,0.01149683822302486,0.03320099708827669,50
wcf_sensitivity_v1_sym,SYM-RANDOM,500,25,10,plugin_tcate_rmse,TCATE-K-grid_mean,"plugin functional contrast; RMSE over four strata of X1 with edges (-0.5, 0.0, 0.5)",causal_drf,cwdb_dr,-0.017933688850117015,0.004975475704918607,-0.027685621231757482,-0.008181756468476546,50
wcf_sensitivity_v1_sym,SYM-RANDOM,500,25,10,plugin_tcate_rmse,TCATE-K-grid_mean,"plugin functional contrast; RMSE over four strata of X1 with edges (-0.5, 0.0, 0.5)",causal_drf,drf,-0.003853626909801504,0.0020611852825855722,-0.007893550063669225,0.00018629624406621761,50
wcf_sensitivity_v1_sym,SYM-RANDOM,500,25,10,plugin_tcate_rmse,TCATE-K-grid_mean,"plugin functional contrast; RMSE over four strata of X1 with edges (-0.5, 0.0, 0.5)",cwdb_dr,drf,0.01408006194031551,0.00471243779041428,0.004843683871103522,0.023316440009527498,50
wcf_sensitivity_v1_sym,SYM-RANDOM,500,25,10,plugin_tcate_rmse,TCATE-K-grid_sd,"plugin functional contrast; RMSE over four strata of X1 with edges (-0.5, 0.0, 0.5)",causal_drf,cwdb_dr,-0.0003948161870026825,0.00041972480892076225,-0.0012174768124873765,0.0004278444384820115,50
wcf_sensitivity_v1_sym,SYM-RANDOM,500,25,10,plugin_tcate_rmse,TCATE-K-grid_sd,"plugin functional contrast; RMSE over four strata of X1 with edges (-0.5, 0.0, 0.5)",causal_drf,drf,-7.391508223297989e-05,0.00011372948616523931,-0.00029682487511684894,0.00014899471065088916,50
wcf_sensitivity_v1_sym,SYM-RANDOM,500,25,10,plugin_tcate_rmse,TCATE-K-grid_sd,"plugin functional contrast; RMSE over four strata of X1 with edges (-0.5, 0.0, 0.5)",cwdb_dr,drf,0.00032090110476970263,0.00046292267397799207,-0.0005864273362271618,0.001228229545766567,50
wcf_sensitivity_v1_sym,SYM-RANDOM,500,25,10,plugin_tcate_rmse,TCATE-K-grid_skewness,"plugin functional contrast; RMSE over four strata of X1 with edges (-0.5, 0.0, 0.5)",causal_drf,cwdb_dr,-0.006291881407244535,0.0007185051943376394,-0.007700151588146308,-0.004883611226342762,50
wcf_sensitivity_v1_sym,SYM-RANDOM,500,25,10,plugin_tcate_rmse,TCATE-K-grid_skewness,"plugin functional contrast; RMSE over four strata of X1 with edges (-0.5, 0.0, 0.5)",causal_drf,drf,7.984340336146904e-19,4.842876712646292e-19,-1.5076980206398286e-19,1.7476378692933637e-18,50
wcf_sensitivity_v1_sym,SYM-RANDOM,500,25,10,plugin_tcate_rmse,TCATE-K-grid_skewness,"plugin functional contrast; RMSE over four strata of X1 with edges (-0.5, 0.0, 0.5)",cwdb_dr,drf,0.006291881407244536,0.0007185051943376394,0.004883611226342763,0.007700151588146309,50
wcf_sensitivity_v1_sym,SYM-RANDOM,500,25,10,plugin_tcate_rmse,TCATE-K-grid_upper_tail_mean,"plugin functional contrast; RMSE over four strata of X1 with edges (-0.5, 0.0, 0.5)",causal_drf,cwdb_dr,-0.017943551362400598,0.0049842468196667974,-0.02771267512894752,-0.008174427595853675,50
wcf_sensitivity_v1_sym,SYM-RANDOM,500,25,10,plugin_tcate_rmse,TCATE-K-grid_upper_tail_mean,"plugin functional contrast; RMSE over four strata of X1 with edges (-0.5, 0.0, 0.5)",causal_drf,drf,-0.003783563801381694,0.0020552953411804263,-0.00781194267009533,0.0002448150673319419,50
wcf_sensitivity_v1_sym,SYM-RANDOM,500,25,10,plugin_tcate_rmse,TCATE-K-grid_upper_tail_mean,"plugin functional contrast; RMSE over four strata of X1 with edges (-0.5, 0.0, 0.5)",cwdb_dr,drf,0.014159987561018904,0.00472810229155908,0.004892907069563107,0.0234270680524747,50
wcf_sensitivity_v1_sym,SYM-RANDOM,1000,25,10,aipw_reference_tate_abs_error,REF-ATE-K,aipw reference contrast; marginal absolute error,causal_drf,cwdb_dr,0.0016124239362629751,0.001443655044219055,-0.0012171399504063724,0.004441987822932323,50
wcf_sensitivity_v1_sym,SYM-RANDOM,1000,25,10,aipw_reference_tate_abs_error,REF-ATE-K,aipw reference contrast; marginal absolute error,causal_drf,drf,-0.00045830924657384517,0.00015943871160216508,-0.0007708091213140887,-0.00014580937183360161,50
wcf_sensitivity_v1_sym,SYM-RANDOM,1000,25,10,aipw_reference_tate_abs_error,REF-ATE-K,aipw reference contrast; marginal absolute error,cwdb_dr,drf,-0.0020707331828368203,0.0015089187334255444,-0.005028213900350888,0.0008867475346772467,50
wcf_sensitivity_v1_sym,SYM-RANDOM,1000,25,10,aipw_reference_tcate_rmse,REF-TCATE-K,"aipw reference contrast; RMSE over four strata of X1 with edges (-0.5, 0.0, 0.5)",causal_drf,cwdb_dr,0.0075017649516924065,0.0016939919912989333,0.004181540648746497,0.010821989254638316,50
wcf_sensitivity_v1_sym,SYM-RANDOM,1000,25,10,aipw_reference_tcate_rmse,REF-TCATE-K,"aipw reference contrast; RMSE over four strata of X1 with edges (-0.5, 0.0, 0.5)",causal_drf,drf,-0.00104301436735358,0.00014133331152274174,-0.0013200276579381537,-0.0007660010767690062,50
wcf_sensitivity_v1_sym,SYM-RANDOM,1000,25,10,aipw_reference_tcate_rmse,REF-TCATE-K,"aipw reference contrast; RMSE over four strata of X1 with edges (-0.5, 0.0, 0.5)",cwdb_dr,drf,-0.008544779319045986,0.0017335585608633135,-0.011942554098338082,-0.005147004539753892,50
wcf_sensitivity_v1_sym,SYM-RANDOM,1000,25,10,aipw_tate_abs_error,TATE-K-grid_mean,aipw functional contrast; marginal absolute error,causal_drf,cwdb_dr,0.0025292937072297524,0.0021041265410117497,-0.0015947943131532768,0.0066533817276127815,50
wcf_sensitivity_v1_sym,SYM-RANDOM,1000,25,10,aipw_tate_abs_error,TATE-K-grid_mean,aipw functional contrast; marginal absolute error,causal_drf,drf,-8.067235970278183e-05,0.00037659509268560937,-0.0008187987413665762,0.0006574540219610126,50
wcf_sensitivity_v1_sym,SYM-RANDOM,1000,25,10,aipw_tate_abs_error,TATE-K-grid_mean,aipw functional contrast; marginal absolute error,cwdb_dr,drf,-0.002609966066932534,0.0020514072062023892,-0.006630724191089217,0.0014107920572241483,50
wcf_sensitivity_v1_sym,SYM-RANDOM,1000,25,10,aipw_tate_abs_error,TATE-K-grid_sd,aipw functional contrast; marginal absolute error,causal_drf,cwdb_dr,0.0002969197396254491,0.00023814581655310512,-0.00016984606081863694,0.0007636855400695352,50
wcf_sensitivity_v1_sym,SYM-RANDOM,1000,25,10,aipw_tate_abs_error,TATE-K-grid_sd,aipw functional contrast; marginal absolute error,causal_drf,drf,-9.36978575766976e-05,2.316384931892628e-05,-0.0001390990022417931,-4.8296712911602093e-05,50
wcf_sensitivity_v1_sym,SYM-RANDOM,1000,25,10,aipw_tate_abs_error,TATE-K-grid_sd,aipw functional contrast; marginal absolute error,cwdb_dr,drf,-0.0003906175972021467,0.000243876122802888,-0.0008686147978958071,8.737960349151377e-05,50
wcf_sensitivity_v1_sym,SYM-RANDOM,1000,25,10,aipw_tate_abs_error,TATE-K-grid_skewness,aipw functional contrast; marginal absolute error,causal_drf,cwdb_dr,-0.0002613128658046629,2.8460549274046035e-05,-0.00031709554238179316,-0.0002055301892275327,50
wcf_sensitivity_v1_sym,SYM-RANDOM,1000,25,10,aipw_tate_abs_error,TATE-K-grid_skewness,aipw functional contrast; marginal absolute error,causal_drf,drf,-2.144114916750869e-20,4.0080774373912187e-20,-9.999946694037657e-20,5.71171686053592e-20,50
wcf_sensitivity_v1_sym,SYM-RANDOM,1000,25,10,aipw_tate_abs_error,TATE-K-grid_skewness,aipw functional contrast; marginal absolute error,cwdb_dr,drf,0.0002613128658046629,2.846054927404603e-05,0.0002055301892275327,0.0003170955423817931,50
wcf_sensitivity_v1_sym,SYM-RANDOM,1000,25,10,aipw_tate_abs_error,TATE-K-grid_upper_tail_mean,aipw functional contrast; marginal absolute error,causal_drf,cwdb_dr,0.0026662129342353534,0.0021023559266141177,-0.001454404681928317,0.006786830550399024,50
wcf_sensitivity_v1_sym,SYM-RANDOM,1000,25,10,aipw_tate_abs_error,TATE-K-grid_upper_tail_mean,aipw functional contrast; marginal absolute error,causal_drf,drf,-6.860157419638635e-05,0.0003592063148865351,-0.0007726459513739951,0.0006354428029812224,50
wcf_sensitivity_v1_sym,SYM-RANDOM,1000,25,10,aipw_tate_abs_error,TATE-K-grid_upper_tail_mean,aipw functional contrast; marginal absolute error,cwdb_dr,drf,-0.0027348145084317398,0.0020388000262815415,-0.006730862559943561,0.0012612335430800814,50
wcf_sensitivity_v1_sym,SYM-RANDOM,1000,25,10,aipw_tcate_rmse,TCATE-K-grid_mean,"aipw functional contrast; RMSE over four strata of X1 with edges (-0.5, 0.0, 0.5)",causal_drf,cwdb_dr,0.009918398167683112,0.001662995023904387,0.0066589279208305145,0.01317786841453571,50
wcf_sensitivity_v1_sym,SYM-RANDOM,1000,25,10,aipw_tcate_rmse,TCATE-K-grid_mean,"aipw functional contrast; RMSE over four strata of X1 with edges (-0.5, 0.0, 0.5)",causal_drf,drf,-0.0012005647770737954,0.00031623105143447033,-0.0018203776378853571,-0.0005807519162622335,50
wcf_sensitivity_v1_sym,SYM-RANDOM,1000,25,10,aipw_tcate_rmse,TCATE-K-grid_mean,"aipw functional contrast; RMSE over four strata of X1 with edges (-0.5, 0.0, 0.5)",cwdb_dr,drf,-0.011118962944756908,0.0017431926494735526,-0.01453562053772507,-0.007702305351788745,50
wcf_sensitivity_v1_sym,SYM-RANDOM,1000,25,10,aipw_tcate_rmse,TCATE-K-grid_sd,"aipw functional contrast; RMSE over four strata of X1 with edges (-0.5, 0.0, 0.5)",causal_drf,cwdb_dr,0.0012017066730247747,0.00022670519598441008,0.0007573644888953309,0.0016460488571542185,50
wcf_sensitivity_v1_sym,SYM-RANDOM,1000,25,10,aipw_tcate_rmse,TCATE-K-grid_sd,"aipw functional contrast; RMSE over four strata of X1 with edges (-0.5, 0.0, 0.5)",causal_drf,drf,-0.0004910812065012254,4.601411708745591e-05,-0.000581268875992639,-0.0004008935370098118,50
wcf_sensitivity_v1_sym,SYM-RANDOM,1000,25,10,aipw_tcate_rmse,TCATE-K-grid_sd,"aipw functional contrast; RMSE over four strata of X1 with edges (-0.5, 0.0, 0.5)",cwdb_dr,drf,-0.001692787879526,0.00025245885085184135,-0.002187607227195609,-0.0011979685318563912,50
wcf_sensitivity_v1_sym,SYM-RANDOM,1000,25,10,aipw_tcate_rmse,TCATE-K-grid_skewness,"aipw functional contrast; RMSE over four strata of X1 with edges (-0.5, 0.0, 0.5)",causal_drf,cwdb_dr,-0.0008021308000351859,4.610639857658296e-05,-0.0008924993412452885,-0.0007117622588250832,50
wcf_sensitivity_v1_sym,SYM-RANDOM,1000,25,10,aipw_tcate_rmse,TCATE-K-grid_skewness,"aipw functional contrast; RMSE over four strata of X1 with edges (-0.5, 0.0, 0.5)",causal_drf,drf,5.652127514567675e-20,6.593626853951965e-20,-7.271381119178178e-20,1.8575636148313527e-19,50
wcf_sensitivity_v1_sym,SYM-RANDOM,1000,25,10,aipw_tcate_rmse,TCATE-K-grid_skewness,"aipw functional contrast; RMSE over four strata of X1 with edges (-0.5, 0.0, 0.5)",cwdb_dr,drf,0.000802130800035186,4.610639857658297e-05,0.0007117622588250833,0.0008924993412452886,50
wcf_sensitivity_v1_sym,SYM-RANDOM,1000,25,10,aipw_tcate_rmse,TCATE-K-grid_upper_tail_mean,"aipw functional contrast; RMSE over four strata of X1 with edges (-0.5, 0.0, 0.5)",causal_drf,cwdb_dr,0.0100172045018573,0.001659312624929203,0.006764951756996063,0.013269457246718538,50
wcf_sensitivity_v1_sym,SYM-RANDOM,1000,25,10,aipw_tcate_rmse,TCATE-K-grid_upper_tail_mean,"aipw functional contrast; RMSE over four strata of X1 with edges (-0.5, 0.0, 0.5)",causal_drf,drf,-0.001216669160927407,0.0003187852931295609,-0.0018414883354613463,-0.0005918499863934675,50
wcf_sensitivity_v1_sym,SYM-RANDOM,1000,25,10,aipw_tcate_rmse,TCATE-K-grid_upper_tail_mean,"aipw functional contrast; RMSE over four strata of X1 with edges (-0.5, 0.0, 0.5)",cwdb_dr,drf,-0.011233873662784707,0.0017522975503428651,-0.014668376861456722,-0.007799370464112692,50
wcf_sensitivity_v1_sym,SYM-RANDOM,1000,25,10,barycenter_rmse,MEANQ-A-K,,causal_drf,cwdb_dr,0.07554483053801817,0.0011237035699732932,0.0733423715408705,0.07774728953516583,50
wcf_sensitivity_v1_sym,SYM-RANDOM,1000,25,10,barycenter_rmse,MEANQ-A-K,,causal_drf,drf,-0.0057959036748469195,0.0005384637513989085,-0.00685129262758878,-0.004740514722105059,50
wcf_sensitivity_v1_sym,SYM-RANDOM,1000,25,10,barycenter_rmse,MEANQ-A-K,,cwdb_dr,drf,-0.08134073421286508,0.0011835566690298796,-0.08366050528416365,-0.07902096314156652,50
wcf_sensitivity_v1_sym,SYM-RANDOM,1000,25,10,mean_quantile_rmse,MEANQ-A-K,"arm contrast, the mandatory common target",causal_drf,cwdb_dr,-0.023927356236831718,0.0022938698102142646,-0.028423341064851677,-0.019431371408811758,50
wcf_sensitivity_v1_sym,SYM-RANDOM,1000,25,10,mean_quantile_rmse,MEANQ-A-K,"arm contrast, the mandatory common target",causal_drf,drf,-0.017910383665684607,0.0009963695427352957,-0.019863267969445784,-0.01595749936192343,50
wcf_sensitivity_v1_sym,SYM-RANDOM,1000,25,10,mean_quantile_rmse,MEANQ-A-K,"arm contrast, the mandatory common target",cwdb_dr,drf,0.006016972571147111,0.002439541626779953,0.0012354709826584032,0.010798474159635819,50
wcf_sensitivity_v1_sym,SYM-RANDOM,1000,25,10,plugin_reference_tate_abs_error,REF-ATE-K,plugin reference contrast; marginal absolute error,causal_drf,cwdb_dr,0.007462211051487986,0.0019713209358366898,0.0035984220172480736,0.011326000085727898,50
wcf_sensitivity_v1_sym,SYM-RANDOM,1000,25,10,plugin_reference_tate_abs_error,REF-ATE-K,plugin reference contrast; marginal absolute error,causal_drf,drf,0.0018446062334773264,0.0007705325675060376,0.0003343624011654927,0.00335485006578916,50
wcf_sensitivity_v1_sym,SYM-RANDOM,1000,25,10,plugin_reference_tate_abs_error,REF-ATE-K,plugin reference contrast; marginal absolute error,cwdb_dr,drf,-0.005617604818010659,0.0016158353174246189,-0.008784642040162912,-0.0024505675958584063,50
wcf_sensitivity_v1_sym,SYM-RANDOM,1000,25,10,plugin_reference_tcate_rmse,REF-TCATE-K,"plugin reference contrast; RMSE over four strata of X1 with edges (-0.5, 0.0, 0.5)",causal_drf,cwdb_dr,0.0057059389445985875,0.002141608652880296,0.0015083859849532076,0.009903491904243968,50
wcf_sensitivity_v1_sym,SYM-RANDOM,1000,25,10,plugin_reference_tcate_rmse,REF-TCATE-K,"plugin reference contrast; RMSE over four strata of X1 with edges (-0.5, 0.0, 0.5)",causal_drf,drf,0.0025284523999001066,0.0007733733021678949,0.0010126407276510325,0.00404426407214918,50
wcf_sensitivity_v1_sym,SYM-RANDOM,1000,25,10,plugin_reference_tcate_rmse,REF-TCATE-K,"plugin reference contrast; RMSE over four strata of X1 with edges (-0.5, 0.0, 0.5)",cwdb_dr,drf,-0.003177486544698481,0.002033718845513094,-0.007163575481904145,0.0008086023925071833,50
wcf_sensitivity_v1_sym,SYM-RANDOM,1000,25,10,plugin_tate_abs_error,TATE-K-grid_mean,plugin functional contrast; marginal absolute error,causal_drf,cwdb_dr,-0.01805462384149041,0.004443453679235346,-0.02676379305279169,-0.009345454630189133,50
wcf_sensitivity_v1_sym,SYM-RANDOM,1000,25,10,plugin_tate_abs_error,TATE-K-grid_mean,plugin functional contrast; marginal absolute error,causal_drf,drf,0.002259174291322885,0.0009417098925616354,0.0004134229019020798,0.00410492568074369,50
wcf_sensitivity_v1_sym,SYM-RANDOM,1000,25,10,plugin_tate_abs_error,TATE-K-grid_mean,plugin functional contrast; marginal absolute error,cwdb_dr,drf,0.020313798132813296,0.004220287981845106,0.012042033688396889,0.028585562577229703,50
wcf_sensitivity_v1_sym,SYM-RANDOM,1000,25,10,plugin_tate_abs_error,TATE-K-grid_sd,plugin functional contrast; marginal absolute error,causal_drf,cwdb_dr,0.0008820365516539605,0.00021276322445716147,0.000465020631717924,0.0012990524715899968,50
wcf_sensitivity_v1_sym,SYM-RANDOM,1000,25,10,plugin_tate_abs_error,TATE-K-grid_sd,plugin functional contrast; marginal absolute error,causal_drf,drf,-9.819124590670567e-06,7.191181144107566e-05,-0.00015076627501517886,0.00013112802583383772,50
wcf_sensitivity_v1_sym,SYM-RANDOM,1000,25,10,plugin_tate_abs_error,TATE-K-grid_sd,plugin functional contrast; marginal absolute error,cwdb_dr,drf,-0.000891855676244631,0.0002255728122104585,-0.0013339783881771297,-0.00044973296431213237,50
wcf_sensitivity_v1_sym,SYM-RANDOM,1000,25,10,plugin_tate_abs_error,TATE-K-grid_skewness,plugin functional contrast; marginal absolute error,causal_drf,cwdb_dr,-0.007507346498704956,0.0018381554496968847,-0.011110131180110849,-0.0039045618172990617,50
wcf_sensitivity_v1_sym,SYM-RANDOM,1000,25,10,plugin_tate_abs_error,TATE-K-grid_skewness,plugin functional contrast; marginal absolute error,causal_drf,drf,8.976963399127776e-19,2.6483576320084813e-19,3.786182440391153e-19,1.41677443578644e-18,50
wcf_sensitivity_v1_sym,SYM-RANDOM,1000,25,10,plugin_tate_abs_error,TATE-K-grid_skewness,plugin functional contrast; marginal absolute error,cwdb_dr,drf,0.0075073464987049565,0.0018381554496968847,0.0039045618172990626,0.01111013118011085,50
wcf_sensitivity_v1_sym,SYM-RANDOM,1000,25,10,plugin_tate_abs_error,TATE-K-grid_upper_tail_mean,plugin functional contrast; marginal absolute error,causal_drf,cwdb_dr,-0.017863283056355875,0.004436990725493046,-0.026559784878322244,-0.009166781234389505,50
wcf_sensitivity_v1_sym,SYM-RANDOM,1000,25,10,plugin_tate_abs_error,TATE-K-grid_upper_tail_mean,plugin functional contrast; marginal absolute error,causal_drf,drf,0.002371779847921529,0.0009585250287905078,0.0004930707914921337,0.004250488904350924,50
wcf_sensitivity_v1_sym,SYM-RANDOM,1000,25,10,plugin_tate_abs_error,TATE-K-grid_upper_tail_mean,plugin functional contrast; marginal absolute error,cwdb_dr,drf,0.020235062904277405,0.004193205617860426,0.01201637989327097,0.028453745915283837,50
wcf_sensitivity_v1_sym,SYM-RANDOM,1000,25,10,plugin_tcate_rmse,TCATE-K-grid_mean,"plugin functional contrast; RMSE over four strata of X1 with edges (-0.5, 0.0, 0.5)",causal_drf,cwdb_dr,-0.01054479315347509,0.003575499254860136,-0.017552771693000957,-0.003536814613949224,50
wcf_sensitivity_v1_sym,SYM-RANDOM,1000,25,10,plugin_tcate_rmse,TCATE-K-grid_mean,"plugin functional contrast; RMSE over four strata of X1 with edges (-0.5, 0.0, 0.5)",causal_drf,drf,-0.002138379263084751,0.0011625248145512885,-0.004416927899605277,0.00014016937343577437,50
wcf_sensitivity_v1_sym,SYM-RANDOM,1000,25,10,plugin_tcate_rmse,TCATE-K-grid_mean,"plugin functional contrast; RMSE over four strata of X1 with edges (-0.5, 0.0, 0.5)",cwdb_dr,drf,0.00840641389039034,0.003675557409023356,0.0012023213687045618,0.015610506412076116,50
wcf_sensitivity_v1_sym,SYM-RANDOM,1000,25,10,plugin_tcate_rmse,TCATE-K-grid_sd,"plugin functional contrast; RMSE over four strata of X1 with edges (-0.5, 0.0, 0.5)",causal_drf,cwdb_dr,0.0001602668947437787,0.0002678734908770663,-0.00036476514737527124,0.0006852989368628286,50
wcf_sensitivity_v1_sym,SYM-RANDOM,1000,25,10,plugin_tcate_rmse,TCATE-K-grid_sd,"plugin functional contrast; RMSE over four strata of X1 with edges (-0.5, 0.0, 0.5)",causal_drf,drf,-8.605456081066647e-06,7.94984003072435e-05,-0.0001644223206832639,0.00014721140852113062,50
wcf_sensitivity_v1_sym,SYM-RANDOM,1000,25,10,plugin_tcate_rmse,TCATE-K-grid_sd,"plugin functional contrast; RMSE over four strata of X1 with edges (-0.5, 0.0, 0.5)",cwdb_dr,drf,-0.00016887235082484534,0.00026606761357101234,-0.0006903648734240296,0.0003526201717743389,50
wcf_sensitivity_v1_sym,SYM-RANDOM,1000,25,10,plugin_tcate_rmse,TCATE-K-grid_skewness,"plugin functional contrast; RMSE over four strata of X1 with edges (-0.5, 0.0, 0.5)",causal_drf,cwdb_dr,-0.007548340904103994,0.0018331479066851044,-0.011141310801206799,-0.003955371007001189,50
wcf_sensitivity_v1_sym,SYM-RANDOM,1000,25,10,plugin_tcate_rmse,TCATE-K-grid_skewness,"plugin functional contrast; RMSE over four strata of X1 with edges (-0.5, 0.0, 0.5)",causal_drf,drf,4.611573046947818e-19,3.4078279495201456e-19,-2.0677697341116671e-19,1.1290915828007303e-18,50
wcf_sensitivity_v1_sym,SYM-RANDOM,1000,25,10,plugin_tcate_rmse,TCATE-K-grid_skewness,"plugin functional contrast; RMSE over four strata of X1 with edges (-0.5, 0.0, 0.5)",cwdb_dr,drf,0.0075483409041039945,0.0018331479066851044,0.0039553710070011905,0.011141310801206799,50
wcf_sensitivity_v1_sym,SYM-RANDOM,1000,25,10,plugin_tcate_rmse,TCATE-K-grid_upper_tail_mean,"plugin functional contrast; RMSE over four strata of X1 with edges (-0.5, 0.0, 0.5)",causal_drf,cwdb_dr,-0.010466459802111139,0.0035737179542099998,-0.017470946992362738,-0.0034619726118595394,50
wcf_sensitivity_v1_sym,SYM-RANDOM,1000,25,10,plugin_tcate_rmse,TCATE-K-grid_upper_tail_mean,"plugin functional contrast; RMSE over four strata of X1 with edges (-0.5, 0.0, 0.5)",causal_drf,drf,-0.0022405863672592674,0.0011650985901044697,-0.004524179603864028,4.300686934549311e-05,50
wcf_sensitivity_v1_sym,SYM-RANDOM,1000,25,10,plugin_tcate_rmse,TCATE-K-grid_upper_tail_mean,"plugin functional contrast; RMSE over four strata of X1 with edges (-0.5, 0.0, 0.5)",cwdb_dr,drf,0.008225873434851871,0.0037101422486971055,0.0009539946274055447,0.015497752242298199,50
wcf_sensitivity_v1_sym_null,SYM-LIN-NULL,500,25,10,aipw_reference_tate_abs_error,REF-ATE-K,aipw reference contrast; marginal absolute error,causal_drf,cwdb_dr,0.004751854740631629,0.0029408276383590193,-0.0010121674305520493,0.010515876911815308,50
wcf_sensitivity_v1_sym_null,SYM-LIN-NULL,500,25,10,aipw_reference_tate_abs_error,REF-ATE-K,aipw reference contrast; marginal absolute error,causal_drf,drf,-0.00013598640084343597,0.0002847014682313918,-0.0006940012785769639,0.00042202847689009194,50
wcf_sensitivity_v1_sym_null,SYM-LIN-NULL,500,25,10,aipw_reference_tate_abs_error,REF-ATE-K,aipw reference contrast; marginal absolute error,cwdb_dr,drf,-0.004887841141475065,0.0028202354993500183,-0.0104155027202011,0.0006398204372509708,50
wcf_sensitivity_v1_sym_null,SYM-LIN-NULL,500,25,10,aipw_reference_tcate_rmse,REF-TCATE-K,"aipw reference contrast; RMSE over four strata of X1 with edges (-0.5, 0.0, 0.5)",causal_drf,cwdb_dr,0.006512270212056297,0.0024801027893150405,0.001651268744998817,0.011373271679113776,50
wcf_sensitivity_v1_sym_null,SYM-LIN-NULL,500,25,10,aipw_reference_tcate_rmse,REF-TCATE-K,"aipw reference contrast; RMSE over four strata of X1 with edges (-0.5, 0.0, 0.5)",causal_drf,drf,-0.0006731802163610356,0.00029918385976528903,-0.001259580581501002,-8.677985122106915e-05,50
wcf_sensitivity_v1_sym_null,SYM-LIN-NULL,500,25,10,aipw_reference_tcate_rmse,REF-TCATE-K,"aipw reference contrast; RMSE over four strata of X1 with edges (-0.5, 0.0, 0.5)",cwdb_dr,drf,-0.007185450428417332,0.0024529946774637886,-0.011993319996246359,-0.002377580860588307,50
wcf_sensitivity_v1_sym_null,SYM-LIN-NULL,500,25,10,aipw_tate_abs_error,TATE-K-grid_mean,aipw functional contrast; marginal absolute error,causal_drf,cwdb_dr,0.003096277418010239,0.0023735655277837774,-0.0015559110164459645,0.0077484658524664424,50
wcf_sensitivity_v1_sym_null,SYM-LIN-NULL,500,25,10,aipw_tate_abs_error,TATE-K-grid_mean,aipw functional contrast; marginal absolute error,causal_drf,drf,0.0005053514401681877,0.0008996754687980486,-0.0012580124786759875,0.002268715359012363,50
wcf_sensitivity_v1_sym_null,SYM-LIN-NULL,500,25,10,aipw_tate_abs_error,TATE-K-grid_mean,aipw functional contrast; marginal absolute error,cwdb_dr,drf,-0.0025909259778420513,0.0026776884731037004,-0.007839195385125303,0.0026573434294412017,50
wcf_sensitivity_v1_sym_null,SYM-LIN-NULL,500,25,10,aipw_tate_abs_error,TATE-K-grid_sd,aipw functional contrast; marginal absolute error,causal_drf,cwdb_dr,0.0005475666222656311,0.0003303182730206466,-9.985719285483612e-05,0.0011949904373860984,50
wcf_sensitivity_v1_sym_null,SYM-LIN-NULL,500,25,10,aipw_tate_abs_error,TATE-K-grid_sd,aipw functional contrast; marginal absolute error,causal_drf,drf,-0.0002561183770808167,4.6091550122615386e-05,-0.00034645781532114284,-0.00016577893884049056,50
wcf_sensitivity_v1_sym_null,SYM-LIN-NULL,500,25,10,aipw_tate_abs_error,TATE-K-grid_sd,aipw functional contrast; marginal absolute error,cwdb_dr,drf,-0.0008036849993464479,0.0003441987553455318,-0.0014783145598236901,-0.0001290554388692055,50
wcf_sensitivity_v1_sym_null,SYM-LIN-NULL,500,25,10,aipw_tate_abs_error,TATE-K-grid_skewness,aipw functional contrast; marginal absolute error,causal_drf,cwdb_dr,-0.0009467554734978862,0.0001354901825044826,-0.001212316231206672,-0.0006811947157891003,50
wcf_sensitivity_v1_sym_null,SYM-LIN-NULL,500,25,10,aipw_tate_abs_error,TATE-K-grid_skewness,aipw functional contrast; marginal absolute error,causal_drf,drf,2.2999628504217846e-19,1.1503017915768604e-19,4.537133893113814e-21,4.554554361912431e-19,50
wcf_sensitivity_v1_sym_null,SYM-LIN-NULL,500,25,10,aipw_tate_abs_error,TATE-K-grid_skewness,aipw functional contrast; marginal absolute error,cwdb_dr,drf,0.0009467554734978864,0.00013549018250448255,0.0006811947157891006,0.001212316231206672,50
wcf_sensitivity_v1_sym_null,SYM-LIN-NULL,500,25,10,aipw_tate_abs_error,TATE-K-grid_upper_tail_mean,aipw functional contrast; marginal absolute error,causal_drf,cwdb_dr,0.0034143733032165197,0.002514549938598749,-0.0015141445764370286,0.008342891182870068,50
wcf_sensitivity_v1_sym_null,SYM-LIN-NULL,500,25,10,aipw_tate_abs_error,TATE-K-grid_upper_tail_mean,aipw functional contrast; marginal absolute error,causal_drf,drf,0.0004961050787773563,0.0008996854858250887,-0.0012672784734398175,0.00225948863099453,50
wcf_sensitivity_v1_sym_null,SYM-LIN-NULL,500,25,10,aipw_tate_abs_error,TATE-K-grid_upper_tail_mean,aipw functional contrast; marginal absolute error,cwdb_dr,drf,-0.0029182682244391633,0.002798337206581859,-0.008403009149339606,0.0025664727004612803,50
wcf_sensitivity_v1_sym_null,SYM-LIN-NULL,500,25,10,aipw_tcate_rmse,TCATE-K-grid_mean,"aipw functional contrast; RMSE over four strata of X1 with edges (-0.5, 0.0, 0.5)",causal_drf,cwdb_dr,0.014605039964528596,0.0028752401263250306,0.008969569316931537,0.020240510612125655,50
wcf_sensitivity_v1_sym_null,SYM-LIN-NULL,500,25,10,aipw_tcate_rmse,TCATE-K-grid_mean,"aipw functional contrast; RMSE over four strata of X1 with edges (-0.5, 0.0, 0.5)",causal_drf,drf,0.0025524715063912073,0.0009647328248761274,0.0006615951696339977,0.004443347843148417,50
wcf_sensitivity_v1_sym_null,SYM-LIN-NULL,500,25,10,aipw_tcate_rmse,TCATE-K-grid_mean,"aipw functional contrast; RMSE over four strata of X1 with edges (-0.5, 0.0, 0.5)",cwdb_dr,drf,-0.012052568458137389,0.0028276206420948906,-0.017594704916643375,-0.006510431999631403,50
wcf_sensitivity_v1_sym_null,SYM-LIN-NULL,500,25,10,aipw_tcate_rmse,TCATE-K-grid_sd,"aipw functional contrast; RMSE over four strata of X1 with edges (-0.5, 0.0, 0.5)",causal_drf,cwdb_dr,0.002078136667921085,0.0003992910202409742,0.0012955262682487758,0.0028607470675933947,50
wcf_sensitivity_v1_sym_null,SYM-LIN-NULL,500,25,10,aipw_tcate_rmse,TCATE-K-grid_sd,"aipw functional contrast; RMSE over four strata of X1 with edges (-0.5, 0.0, 0.5)",causal_drf,drf,-0.0011233619263513852,0.00010983763093233669,-0.0013386436829787652,-0.0009080801697240053,50
wcf_sensitivity_v1_sym_null,SYM-LIN-NULL,500,25,10,aipw_tcate_rmse,TCATE-K-grid_sd,"aipw functional contrast; RMSE over four strata of X1 with edges (-0.5, 0.0, 0.5)",cwdb_dr,drf,-0.0032014985942724703,0.00046239169672037224,-0.0041077863198444,-0.002295210868700541,50
wcf_sensitivity_v1_sym_null,SYM-LIN-NULL,500,25,10,aipw_tcate_rmse,TCATE-K-grid_skewness,"aipw functional contrast; RMSE over four strata of X1 with edges (-0.5, 0.0, 0.5)",causal_drf,cwdb_dr,-0.0024851424347897945,0.00021906431893597785,-0.002914508499904311,-0.002055776369675278,50
wcf_sensitivity_v1_sym_null,SYM-LIN-NULL,500,25,10,aipw_tcate_rmse,TCATE-K-grid_skewness,"aipw functional contrast; RMSE over four strata of X1 with edges (-0.5, 0.0, 0.5)",causal_drf,drf,-3.6507588712181975e-20,1.956900747858008e-19,-4.2006013529235152e-19,3.4704495786798758e-19,50
wcf_sensitivity_v1_sym_null,SYM-LIN-NULL,500,25,10,aipw_tcate_rmse,TCATE-K-grid_skewness,"aipw functional contrast; RMSE over four strata of X1 with edges (-0.5, 0.0, 0.5)",cwdb_dr,drf,0.0024851424347897945,0.00021906431893597785,0.002055776369675278,0.002914508499904311,50
wcf_sensitivity_v1_sym_null,SYM-LIN-NULL,500,25,10,aipw_tcate_rmse,TCATE-K-grid_upper_tail_mean,"aipw functional contrast; RMSE over four strata of X1 with edges (-0.5, 0.0, 0.5)",causal_drf,cwdb_dr,0.014654253187318209,0.002994315128139204,0.008785395536165369,0.020523110838471047,50
wcf_sensitivity_v1_sym_null,SYM-LIN-NULL,500,25,10,aipw_tcate_rmse,TCATE-K-grid_upper_tail_mean,"aipw functional contrast; RMSE over four strata of X1 with edges (-0.5, 0.0, 0.5)",causal_drf,drf,0.002482850494676378,0.000951612216637625,0.000617690550066633,0.0043480104392861225,50
wcf_sensitivity_v1_sym_null,SYM-LIN-NULL,500,25,10,aipw_tcate_rmse,TCATE-K-grid_upper_tail_mean,"aipw functional contrast; RMSE over four strata of X1 with edges (-0.5, 0.0, 0.5)",cwdb_dr,drf,-0.01217140269264183,0.0029132518297520075,-0.017881376278955766,-0.006461429106327896,50
wcf_sensitivity_v1_sym_null,SYM-LIN-NULL,500,25,10,barycenter_rmse,MEANQ-A-K,,causal_drf,cwdb_dr,0.11813787538331713,0.002017829395968194,0.11418292976721947,0.12209282099941479,50
wcf_sensitivity_v1_sym_null,SYM-LIN-NULL,500,25,10,barycenter_rmse,MEANQ-A-K,,causal_drf,drf,0.02223681352871071,0.0014441466762304402,0.019406286043299047,0.02506734101412237,50
wcf_sensitivity_v1_sym_null,SYM-LIN-NULL,500,25,10,barycenter_rmse,MEANQ-A-K,,cwdb_dr,drf,-0.09590106185460642,0.001502111310771011,-0.0988452000237176,-0.09295692368549524,50
wcf_sensitivity_v1_sym_null,SYM-LIN-NULL,500,25,10,mean_quantile_rmse,MEANQ-A-K,"arm contrast, the mandatory common target",causal_drf,cwdb_dr,0.059693562477928716,0.007826952751656938,0.04435273508468112,0.07503438987117632,50
wcf_sensitivity_v1_sym_null,SYM-LIN-NULL,500,25,10,mean_quantile_rmse,MEANQ-A-K,"arm contrast, the mandatory common target",causal_drf,drf,0.05152070599148391,0.003831761324332518,0.04401045379579217,0.059030958187175644,50
wcf_sensitivity_v1_sym_null,SYM-LIN-NULL,500,25,10,mean_quantile_rmse,MEANQ-A-K,"arm contrast, the mandatory common target",cwdb_dr,drf,-0.008172856486444807,0.0073492773102485295,-0.022577440014531925,0.0062317270416423105,50
wcf_sensitivity_v1_sym_null,SYM-LIN-NULL,500,25,10,plugin_reference_tate_abs_error,REF-ATE-K,plugin reference contrast; marginal absolute error,causal_drf,cwdb_dr,0.014616638762644503,0.0025765586639759598,0.009566583781251622,0.019666693744037383,50
wcf_sensitivity_v1_sym_null,SYM-LIN-NULL,500,25,10,plugin_reference_tate_abs_error,REF-ATE-K,plugin reference contrast; marginal absolute error,causal_drf,drf,-0.0023152026703135258,0.0015710845879759554,-0.0053945284627463985,0.000764123122119347,50
wcf_sensitivity_v1_sym_null,SYM-LIN-NULL,500,25,10,plugin_reference_tate_abs_error,REF-ATE-K,plugin reference contrast; marginal absolute error,cwdb_dr,drf,-0.016931841432958027,0.0028773335537202707,-0.022571415198249758,-0.011292267667666295,50
wcf_sensitivity_v1_sym_null,SYM-LIN-NULL,500,25,10,plugin_reference_tcate_rmse,REF-TCATE-K,"plugin reference contrast; RMSE over four strata of X1 with edges (-0.5, 0.0, 0.5)",causal_drf,cwdb_dr,0.013651385862230997,0.0023944603251679244,0.008958243624901864,0.01834452809956013,50
wcf_sensitivity_v1_sym_null,SYM-LIN-NULL,500,25,10,plugin_reference_tcate_rmse,REF-TCATE-K,"plugin reference contrast; RMSE over four strata of X1 with edges (-0.5, 0.0, 0.5)",causal_drf,drf,-0.004950423622138343,0.0013279304769133209,-0.007553167356888452,-0.0023476798873882346,50
wcf_sensitivity_v1_sym_null,SYM-LIN-NULL,500,25,10,plugin_reference_tcate_rmse,REF-TCATE-K,"plugin reference contrast; RMSE over four strata of X1 with edges (-0.5, 0.0, 0.5)",cwdb_dr,drf,-0.01860180948436934,0.002696972737595126,-0.023887876050055788,-0.013315742918682892,50
wcf_sensitivity_v1_sym_null,SYM-LIN-NULL,500,25,10,plugin_tate_abs_error,TATE-K-grid_mean,plugin functional contrast; marginal absolute error,causal_drf,cwdb_dr,0.09896444687835207,0.004568817151660002,0.09000956526109846,0.10791932849560568,50
wcf_sensitivity_v1_sym_null,SYM-LIN-NULL,500,25,10,plugin_tate_abs_error,TATE-K-grid_mean,plugin functional contrast; marginal absolute error,causal_drf,drf,0.07424080742534436,0.003155871248944765,0.06805529977741262,0.0804263150732761,50
wcf_sensitivity_v1_sym_null,SYM-LIN-NULL,500,25,10,plugin_tate_abs_error,TATE-K-grid_mean,plugin functional contrast; marginal absolute error,cwdb_dr,drf,-0.02472363945300771,0.003773730934715452,-0.032120152085049994,-0.017327126820965426,50
wcf_sensitivity_v1_sym_null,SYM-LIN-NULL,500,25,10,plugin_tate_abs_error,TATE-K-grid_sd,plugin functional contrast; marginal absolute error,causal_drf,cwdb_dr,0.004749795928202622,0.00048487697688031045,0.0037994370535172134,0.00570015480288803,50
wcf_sensitivity_v1_sym_null,SYM-LIN-NULL,500,25,10,plugin_tate_abs_error,TATE-K-grid_sd,plugin functional contrast; marginal absolute error,causal_drf,drf,-0.00027836163323326484,0.00013219688714495768,-0.0005374675320373818,-1.925573442914779e-05,50
wcf_sensitivity_v1_sym_null,SYM-LIN-NULL,500,25,10,plugin_tate_abs_error,TATE-K-grid_sd,plugin functional contrast; marginal absolute error,cwdb_dr,drf,-0.005028157561435886,0.0004841179796921596,-0.005977028801632519,-0.004079286321239253,50
wcf_sensitivity_v1_sym_null,SYM-LIN-NULL,500,25,10,plugin_tate_abs_error,TATE-K-grid_skewness,plugin functional contrast; marginal absolute error,causal_drf,cwdb_dr,-0.004741979401155462,0.0008809816614162117,-0.006468703457531236,-0.0030152553447796867,50
wcf_sensitivity_v1_sym_null,SYM-LIN-NULL,500,25,10,plugin_tate_abs_error,TATE-K-grid_skewness,plugin functional contrast; marginal absolute error,causal_drf,drf,5.410460146170251e-19,8.514149737384788e-19,-1.1277273339103932e-18,2.2098193631444436e-18,50
wcf_sensitivity_v1_sym_null,SYM-LIN-NULL,500,25,10,plugin_tate_abs_error,TATE-K-grid_skewness,plugin functional contrast; marginal absolute error,cwdb_dr,drf,0.004741979401155462,0.0008809816614162117,0.0030152553447796867,0.006468703457531236,50
wcf_sensitivity_v1_sym_null,SYM-LIN-NULL,500,25,10,plugin_tate_abs_error,TATE-K-grid_upper_tail_mean,plugin functional contrast; marginal absolute error,causal_drf,cwdb_dr,0.0947713904461775,0.0046774658959430225,0.08560355729012917,0.10393922360222582,50
wcf_sensitivity_v1_sym_null,SYM-LIN-NULL,500,25,10,plugin_tate_abs_error,TATE-K-grid_upper_tail_mean,plugin functional contrast; marginal absolute error,causal_drf,drf,0.07266011188704993,0.003448434889816952,0.06590117950300871,0.07941904427109116,50
wcf_sensitivity_v1_sym_null,SYM-LIN-NULL,500,25,10,plugin_tate_abs_error,TATE-K-grid_upper_tail_mean,plugin functional contrast; marginal absolute error,cwdb_dr,drf,-0.022111278559127576,0.003710322339052007,-0.029383510343669508,-0.014839046774585644,50
wcf_sensitivity_v1_sym_null,SYM-LIN-NULL,500,25,10,plugin_tcate_rmse,TCATE-K-grid_mean,"plugin functional contrast; RMSE over four strata of X1 with edges (-0.5, 0.0, 0.5)",causal_drf,cwdb_dr,0.09800440543361978,0.004421779461124562,0.08933771768981565,0.10667109317742392,50
wcf_sensitivity_v1_sym_null,SYM-LIN-NULL,500,25,10,plugin_tcate_rmse,TCATE-K-grid_mean,"plugin functional contrast; RMSE over four strata of X1 with edges (-0.5, 0.0, 0.5)",causal_drf,drf,0.060759633187898454,0.0036222102926092075,0.053660101014384405,0.0678591653614125,50
wcf_sensitivity_v1_sym_null,SYM-LIN-NULL,500,25,10,plugin_tcate_rmse,TCATE-K-grid_mean,"plugin functional contrast; RMSE over four strata of X1 with edges (-0.5, 0.0, 0.5)",cwdb_dr,drf,-0.03724477224572133,0.0035185126992643167,-0.04414105713627939,-0.030348487355163267,50
wcf_sensitivity_v1_sym_null,SYM-LIN-NULL,500,25,10,plugin_tcate_rmse,TCATE-K-grid_sd,"plugin functional contrast; RMSE over four strata of X1 with edges (-0.5, 0.0, 0.5)",causal_drf,cwdb_dr,0.0040401482690394066,0.0005367511270867718,0.0029881160599493336,0.0050921804781294796,50
wcf_sensitivity_v1_sym_null,SYM-LIN-NULL,500,25,10,plugin_tcate_rmse,TCATE-K-grid_sd,"plugin functional contrast; RMSE over four strata of X1 with edges (-0.5, 0.0, 0.5)",causal_drf,drf,-0.0005370508476770916,0.00014032574005633187,-0.000812089298187502,-0.0002620123971666811,50
wcf_sensitivity_v1_sym_null,SYM-LIN-NULL,500,25,10,plugin_tcate_rmse,TCATE-K-grid_sd,"plugin functional contrast; RMSE over four strata of X1 with edges (-0.5, 0.0, 0.5)",cwdb_dr,drf,-0.004577199116716498,0.0005390813579654717,-0.005633798578328823,-0.0035205996551041737,50
wcf_sensitivity_v1_sym_null,SYM-LIN-NULL,500,25,10,plugin_tcate_rmse,TCATE-K-grid_skewness,"plugin functional contrast; RMSE over four strata of X1 with edges (-0.5, 0.0, 0.5)",causal_drf,cwdb_dr,-0.004946347421182288,0.0008831637882234285,-0.0066773484461002085,-0.003215346396264368,50
wcf_sensitivity_v1_sym_null,SYM-LIN-NULL,500,25,10,plugin_tcate_rmse,TCATE-K-grid_skewness,"plugin functional contrast; RMSE over four strata of X1 with edges (-0.5, 0.0, 0.5)",causal_drf,drf,1.1917821508688866e-19,8.285846343778912e-19,-1.504847668293778e-18,1.7432040984675554e-18,50
wcf_sensitivity_v1_sym_null,SYM-LIN-NULL,500,25,10,plugin_tcate_rmse,TCATE-K-grid_skewness,"plugin functional contrast; RMSE over four strata of X1 with edges (-0.5, 0.0, 0.5)",cwdb_dr,drf,0.004946347421182288,0.0008831637882234287,0.0032153463962643677,0.0066773484461002085,50
wcf_sensitivity_v1_sym_null,SYM-LIN-NULL,500,25,10,plugin_tcate_rmse,TCATE-K-grid_upper_tail_mean,"plugin functional contrast; RMSE over four strata of X1 with edges (-0.5, 0.0, 0.5)",causal_drf,cwdb_dr,0.0939059320933485,0.004514233603136471,0.08505803423120101,0.10275382995549598,50
wcf_sensitivity_v1_sym_null,SYM-LIN-NULL,500,25,10,plugin_tcate_rmse,TCATE-K-grid_upper_tail_mean,"plugin functional contrast; RMSE over four strata of X1 with edges (-0.5, 0.0, 0.5)",causal_drf,drf,0.05858295587922788,0.003851215597039037,0.05103457330903136,0.06613133844942438,50
wcf_sensitivity_v1_sym_null,SYM-LIN-NULL,500,25,10,plugin_tcate_rmse,TCATE-K-grid_upper_tail_mean,"plugin functional contrast; RMSE over four strata of X1 with edges (-0.5, 0.0, 0.5)",cwdb_dr,drf,-0.035322976214120616,0.0035117455442185653,-0.042205997480789,-0.028439954947452228,50
wcf_sensitivity_v1_sym_null,SYM-LIN-NULL,1000,25,10,aipw_reference_tate_abs_error,REF-ATE-K,aipw reference contrast; marginal absolute error,causal_drf,cwdb_dr,0.004223403732380941,0.0015679724412025883,0.0011501777476238683,0.0072966297171380146,50
wcf_sensitivity_v1_sym_null,SYM-LIN-NULL,1000,25,10,aipw_reference_tate_abs_error,REF-ATE-K,aipw reference contrast; marginal absolute error,causal_drf,drf,-0.0004898813315811421,0.000247042398919731,-0.0009740844334638148,-5.678229698469293e-06,50
wcf_sensitivity_v1_sym_null,SYM-LIN-NULL,1000,25,10,aipw_reference_tate_abs_error,REF-ATE-K,aipw reference contrast; marginal absolute error,cwdb_dr,drf,-0.004713285063962083,0.0016150227311979401,-0.007878729617110046,-0.0015478405108141206,50
wcf_sensitivity_v1_sym_null,SYM-LIN-NULL,1000,25,10,aipw_reference_tcate_rmse,REF-TCATE-K,"aipw reference contrast; RMSE over four strata of X1 with edges (-0.5, 0.0, 0.5)",causal_drf,cwdb_dr,0.004256957573296742,0.0013586483473748147,0.0015940068124421052,0.006919908334151379,50
wcf_sensitivity_v1_sym_null,SYM-LIN-NULL,1000,25,10,aipw_reference_tcate_rmse,REF-TCATE-K,"aipw reference contrast; RMSE over four strata of X1 with edges (-0.5, 0.0, 0.5)",causal_drf,drf,-0.0007148625442946199,0.0002386726559702751,-0.0011826609499963592,-0.00024706413859288073,50
wcf_sensitivity_v1_sym_null,SYM-LIN-NULL,1000,25,10,aipw_reference_tcate_rmse,REF-TCATE-K,"aipw reference contrast; RMSE over four strata of X1 with edges (-0.5, 0.0, 0.5)",cwdb_dr,drf,-0.004971820117591362,0.0014308324309528072,-0.007776251682258864,-0.00216738855292386,50
wcf_sensitivity_v1_sym_null,SYM-LIN-NULL,1000,25,10,aipw_tate_abs_error,TATE-K-grid_mean,aipw functional contrast; marginal absolute error,causal_drf,cwdb_dr,0.00423346132412104,0.0027051502809698827,-0.0010686332265799304,0.009535555874822011,50
wcf_sensitivity_v1_sym_null,SYM-LIN-NULL,1000,25,10,aipw_tate_abs_error,TATE-K-grid_mean,aipw functional contrast; marginal absolute error,causal_drf,drf,-0.00020724287847842526,0.0005402775402888022,-0.0012661868574444777,0.0008517011004876272,50
wcf_sensitivity_v1_sym_null,SYM-LIN-NULL,1000,25,10,aipw_tate_abs_error,TATE-K-grid_mean,aipw functional contrast; marginal absolute error,cwdb_dr,drf,-0.004440704202599465,0.0026654384152353487,-0.00966496349646075,0.0007835550912618184,50
wcf_sensitivity_v1_sym_null,SYM-LIN-NULL,1000,25,10,aipw_tate_abs_error,TATE-K-grid_sd,aipw functional contrast; marginal absolute error,causal_drf,cwdb_dr,0.000495378816657766,0.00025165837166850227,2.1284081875015985e-06,0.0009886292251280304,50
wcf_sensitivity_v1_sym_null,SYM-LIN-NULL,1000,25,10,aipw_tate_abs_error,TATE-K-grid_sd,aipw functional contrast; marginal absolute error,causal_drf,drf,-0.00024971732192144566,6.472230156293384e-05,-0.000376573032984796,-0.00012286161085809532,50
wcf_sensitivity_v1_sym_null,SYM-LIN-NULL,1000,25,10,aipw_tate_abs_error,TATE-K-grid_sd,aipw functional contrast; marginal absolute error,cwdb_dr,drf,-0.0007450961385792117,0.0002930847320147583,-0.001319542213328138,-0.0001706500638302854,50
wcf_sensitivity_v1_sym_null,SYM-LIN-NULL,1000,25,10,aipw_tate_abs_error,TATE-K-grid_skewness,aipw functional contrast; marginal absolute error,causal_drf,cwdb_dr,-0.0003637664248450367,4.6227807658592766e-05,-0.00045437292785587853,-0.0002731599218341949,50
wcf_sensitivity_v1_sym_null,SYM-LIN-NULL,1000,25,10,aipw_tate_abs_error,TATE-K-grid_skewness,aipw functional contrast; marginal absolute error,causal_drf,drf,-1.360675587013895e-19,1.0700141397158982e-19,-3.4579033008570555e-19,7.365521268292653e-20,50
wcf_sensitivity_v1_sym_null,SYM-LIN-NULL,1000,25,10,aipw_tate_abs_error,TATE-K-grid_skewness,aipw functional contrast; marginal absolute error,cwdb_dr,drf,0.0003637664248450366,4.622780765859277e-05,0.0002731599218341948,0.0004543729278558784,50
wcf_sensitivity_v1_sym_null,SYM-LIN-NULL,1000,25,10,aipw_tate_abs_error,TATE-K-grid_upper_tail_mean,aipw functional contrast; marginal absolute error,causal_drf,cwdb_dr,0.00442337896641588,0.002774809890148127,-0.0010152484182744488,0.00986200635110621,50
wcf_sensitivity_v1_sym_null,SYM-LIN-NULL,1000,25,10,aipw_tate_abs_error,TATE-K-grid_upper_tail_mean,aipw functional contrast; marginal absolute error,causal_drf,drf,-0.00018158701011169662,0.0005256950777073011,-0.0012119493624180068,0.0008487753421946135,50
wcf_sensitivity_v1_sym_null,SYM-LIN-NULL,1000,25,10,aipw_tate_abs_error,TATE-K-grid_upper_tail_mean,aipw functional contrast; marginal absolute error,cwdb_dr,drf,-0.004604965976527577,0.0027405567118306026,-0.009976457131715558,0.0007665251786604047,50
wcf_sensitivity_v1_sym_null,SYM-LIN-NULL,1000,25,10,aipw_tcate_rmse,TCATE-K-grid_mean,"aipw functional contrast; RMSE over four strata of X1 with edges (-0.5, 0.0, 0.5)",causal_drf,cwdb_dr,0.0071444138593043174,0.002192650419520095,0.002846819037044932,0.011442008681563703,50
wcf_sensitivity_v1_sym_null,SYM-LIN-NULL,1000,25,10,aipw_tcate_rmse,TCATE-K-grid_mean,"aipw functional contrast; RMSE over four strata of X1 with edges (-0.5, 0.0, 0.5)",causal_drf,drf,0.00015494787895203865,0.000648828219546065,-0.0011167554313582487,0.001426651189262326,50
wcf_sensitivity_v1_sym_null,SYM-LIN-NULL,1000,25,10,aipw_tcate_rmse,TCATE-K-grid_mean,"aipw functional contrast; RMSE over four strata of X1 with edges (-0.5, 0.0, 0.5)",cwdb_dr,drf,-0.006989465980352279,0.00213128810144768,-0.011166790659189732,-0.002812141301514826,50
wcf_sensitivity_v1_sym_null,SYM-LIN-NULL,1000,25,10,aipw_tcate_rmse,TCATE-K-grid_sd,"aipw functional contrast; RMSE over four strata of X1 with edges (-0.5, 0.0, 0.5)",causal_drf,cwdb_dr,0.0019972240938212825,0.0003055201131915637,0.0013984046719658176,0.002596043515676747,50
wcf_sensitivity_v1_sym_null,SYM-LIN-NULL,1000,25,10,aipw_tcate_rmse,TCATE-K-grid_sd,"aipw functional contrast; RMSE over four strata of X1 with edges (-0.5, 0.0, 0.5)",causal_drf,drf,-0.0010638272903775794,0.00010020304372713979,-0.0012602252560827735,-0.0008674293246723854,50
wcf_sensitivity_v1_sym_null,SYM-LIN-NULL,1000,25,10,aipw_tcate_rmse,TCATE-K-grid_sd,"aipw functional contrast; RMSE over four strata of X1 with edges (-0.5, 0.0, 0.5)",cwdb_dr,drf,-0.003061051384198862,0.00036048467498178986,-0.00376760134716317,-0.002354501421234554,50
wcf_sensitivity_v1_sym_null,SYM-LIN-NULL,1000,25,10,aipw_tcate_rmse,TCATE-K-grid_skewness,"aipw functional contrast; RMSE over four strata of X1 with edges (-0.5, 0.0, 0.5)",causal_drf,cwdb_dr,-0.0008213431677961711,5.087363038865476e-05,-0.0009210554833579345,-0.0007216308522344078,50
wcf_sensitivity_v1_sym_null,SYM-LIN-NULL,1000,25,10,aipw_tcate_rmse,TCATE-K-grid_skewness,"aipw functional contrast; RMSE over four strata of X1 with edges (-0.5, 0.0, 0.5)",causal_drf,drf,-5.838609073387874e-20,1.1832652346766129e-19,-2.9030607673049484e-19,1.7353389526273736e-19,50
wcf_sensitivity_v1_sym_null,SYM-LIN-NULL,1000,25,10,aipw_tcate_rmse,TCATE-K-grid_skewness,"aipw functional contrast; RMSE over four strata of X1 with edges (-0.5, 0.0, 0.5)",cwdb_dr,drf,0.000821343167796171,5.087363038865476e-05,0.0007216308522344077,0.0009210554833579343,50
wcf_sensitivity_v1_sym_null,SYM-LIN-NULL,1000,25,10,aipw_tcate_rmse,TCATE-K-grid_upper_tail_mean,"aipw functional contrast; RMSE over four strata of X1 with edges (-0.5, 0.0, 0.5)",causal_drf,cwdb_dr,0.007539165053860618,0.0022419222497051766,0.0031449974444384713,0.011933332663282763,50
wcf_sensitivity_v1_sym_null,SYM-LIN-NULL,1000,25,10,aipw_tcate_rmse,TCATE-K-grid_upper_tail_mean,"aipw functional contrast; RMSE over four strata of X1 with edges (-0.5, 0.0, 0.5)",causal_drf,drf,-4.7048109587916054e-05,0.0006549285259464489,-0.0013307080204429558,0.0012366118012671237,50
wcf_sensitivity_v1_sym_null,SYM-LIN-NULL,1000,25,10,aipw_tcate_rmse,TCATE-K-grid_upper_tail_mean,"aipw functional contrast; RMSE over four strata of X1 with edges (-0.5, 0.0, 0.5)",cwdb_dr,drf,-0.007586213163448534,0.0022022972053026995,-0.011902715685841826,-0.003269710641055243,50
wcf_sensitivity_v1_sym_null,SYM-LIN-NULL,1000,25,10,barycenter_rmse,MEANQ-A-K,,causal_drf,cwdb_dr,0.09390662170005959,0.0014293126676987618,0.09110516887137002,0.09670807452874916,50
wcf_sensitivity_v1_sym_null,SYM-LIN-NULL,1000,25,10,barycenter_rmse,MEANQ-A-K,,causal_drf,drf,0.008589391907220412,0.0009418264764066493,0.006743412013463379,0.010435371800977445,50
wcf_sensitivity_v1_sym_null,SYM-LIN-NULL,1000,25,10,barycenter_rmse,MEANQ-A-K,,cwdb_dr,drf,-0.08531722979283918,0.0012033873520659398,-0.08767586900288842,-0.08295859058278994,50
wcf_sensitivity_v1_sym_null,SYM-LIN-NULL,1000,25,10,mean_quantile_rmse,MEANQ-A-K,"arm contrast, the mandatory common target",causal_drf,cwdb_dr,0.052698880733700264,0.006177714612250406,0.04059056009368947,0.06480720137371106,50
wcf_sensitivity_v1_sym_null,SYM-LIN-NULL,1000,25,10,mean_quantile_rmse,MEANQ-A-K,"arm contrast, the mandatory common target",causal_drf,drf,0.01057900895927645,0.0024935475482278134,0.0056916557647499364,0.015466362153802964,50
wcf_sensitivity_v1_sym_null,SYM-LIN-NULL,1000,25,10,mean_quantile_rmse,MEANQ-A-K,"arm contrast, the mandatory common target",cwdb_dr,drf,-0.04211987177442381,0.005453606309459878,-0.05280894014096517,-0.03143080340788246,50
wcf_sensitivity_v1_sym_null,SYM-LIN-NULL,1000,25,10,plugin_reference_tate_abs_error,REF-ATE-K,plugin reference contrast; marginal absolute error,causal_drf,cwdb_dr,0.0074779944678026265,0.0019085275013455611,0.003737280565165327,0.011218708370439926,50
wcf_sensitivity_v1_sym_null,SYM-LIN-NULL,1000,25,10,plugin_reference_tate_abs_error,REF-ATE-K,plugin reference contrast; marginal absolute error,causal_drf,drf,-0.0007970931929287377,0.0006330609554683985,-0.0020378926656467984,0.0004437062797893233,50
wcf_sensitivity_v1_sym_null,SYM-LIN-NULL,1000,25,10,plugin_reference_tate_abs_error,REF-ATE-K,plugin reference contrast; marginal absolute error,cwdb_dr,drf,-0.008275087660731364,0.0018589971494855201,-0.011918722073722984,-0.004631453247739744,50
wcf_sensitivity_v1_sym_null,SYM-LIN-NULL,1000,25,10,plugin_reference_tcate_rmse,REF-TCATE-K,"plugin reference contrast; RMSE over four strata of X1 with edges (-0.5, 0.0, 0.5)",causal_drf,cwdb_dr,0.0106259865950235,0.00149464594309106,0.007696480546565022,0.013555492643481978,50
wcf_sensitivity_v1_sym_null,SYM-LIN-NULL,1000,25,10,plugin_reference_tcate_rmse,REF-TCATE-K,"plugin reference contrast; RMSE over four strata of X1 with edges (-0.5, 0.0, 0.5)",causal_drf,drf,-0.004713571958596417,0.0006990908608593318,-0.006083790045880708,-0.003343353871312127,50
wcf_sensitivity_v1_sym_null,SYM-LIN-NULL,1000,25,10,plugin_reference_tcate_rmse,REF-TCATE-K,"plugin reference contrast; RMSE over four strata of X1 with edges (-0.5, 0.0, 0.5)",cwdb_dr,drf,-0.015339558553619917,0.0015365074430759521,-0.018351113142048785,-0.012328003965191051,50
wcf_sensitivity_v1_sym_null,SYM-LIN-NULL,1000,25,10,plugin_tate_abs_error,TATE-K-grid_mean,plugin functional contrast; marginal absolute error,causal_drf,cwdb_dr,0.04739119222989303,0.0031518830037593148,0.04121350154252477,0.053568882917261286,50
wcf_sensitivity_v1_sym_null,SYM-LIN-NULL,1000,25,10,plugin_tate_abs_error,TATE-K-grid_mean,plugin functional contrast; marginal absolute error,causal_drf,drf,0.038545815671889416,0.0027078135314379205,0.03323850115027109,0.04385313019350774,50
wcf_sensitivity_v1_sym_null,SYM-LIN-NULL,1000,25,10,plugin_tate_abs_error,TATE-K-grid_mean,plugin functional contrast; marginal absolute error,cwdb_dr,drf,-0.00884537655800361,0.0023282013008857484,-0.013408651107739677,-0.004282102008267544,50
wcf_sensitivity_v1_sym_null,SYM-LIN-NULL,1000,25,10,plugin_tate_abs_error,TATE-K-grid_sd,plugin functional contrast; marginal absolute error,causal_drf,cwdb_dr,0.004871252986298211,0.0003293629929910256,0.004225701520035801,0.005516804452560621,50
wcf_sensitivity_v1_sym_null,SYM-LIN-NULL,1000,25,10,plugin_tate_abs_error,TATE-K-grid_sd,plugin functional contrast; marginal absolute error,causal_drf,drf,0.0001353594519224871,7.67965237178623e-05,-1.5161734564523004e-05,0.0002858806384094972,50
wcf_sensitivity_v1_sym_null,SYM-LIN-NULL,1000,25,10,plugin_tate_abs_error,TATE-K-grid_sd,plugin functional contrast; marginal absolute error,cwdb_dr,drf,-0.004735893534375724,0.00032475742902633985,-0.00537241809526735,-0.004099368973484098,50
wcf_sensitivity_v1_sym_null,SYM-LIN-NULL,1000,25,10,plugin_tate_abs_error,TATE-K-grid_skewness,plugin functional contrast; marginal absolute error,causal_drf,cwdb_dr,-0.000713328349889031,0.0001946923261307693,-0.0010949253091053388,-0.00033173139067272316,50
wcf_sensitivity_v1_sym_null,SYM-LIN-NULL,1000,25,10,plugin_tate_abs_error,TATE-K-grid_skewness,plugin functional contrast; marginal absolute error,causal_drf,drf,-2.205075082837466e-19,6.818139330704268e-19,-1.5568628171017832e-18,1.11584780053429e-18,50
wcf_sensitivity_v1_sym_null,SYM-LIN-NULL,1000,25,10,plugin_tate_abs_error,TATE-K-grid_skewness,plugin functional contrast; marginal absolute error,cwdb_dr,drf,0.0007133283498890308,0.00019469232613076917,0.0003317313906727232,0.0010949253091053384,50
wcf_sensitivity_v1_sym_null,SYM-LIN-NULL,1000,25,10,plugin_tate_abs_error,TATE-K-grid_upper_tail_mean,plugin functional contrast; marginal absolute error,causal_drf,cwdb_dr,0.04333629128139108,0.0031720929109084525,0.03711898917601052,0.04955359338677165,50
wcf_sensitivity_v1_sym_null,SYM-LIN-NULL,1000,25,10,plugin_tate_abs_error,TATE-K-grid_upper_tail_mean,plugin functional contrast; marginal absolute error,causal_drf,drf,0.03537746951595371,0.0029624341541791594,0.02957109857376256,0.04118384045814486,50
wcf_sensitivity_v1_sym_null,SYM-LIN-NULL,1000,25,10,plugin_tate_abs_error,TATE-K-grid_upper_tail_mean,plugin functional contrast; marginal absolute error,cwdb_dr,drf,-0.007958821765437371,0.0022503117642664744,-0.01236943282339966,-0.0035482107074750815,50
wcf_sensitivity_v1_sym_null,SYM-LIN-NULL,1000,25,10,plugin_tcate_rmse,TCATE-K-grid_mean,"plugin functional contrast; RMSE over four strata of X1 with edges (-0.5, 0.0, 0.5)",causal_drf,cwdb_dr,0.056852913646591396,0.002897167871357634,0.05117446461873043,0.06253136267445236,50
wcf_sensitivity_v1_sym_null,SYM-LIN-NULL,1000,25,10,plugin_tcate_rmse,TCATE-K-grid_mean,"plugin functional contrast; RMSE over four strata of X1 with edges (-0.5, 0.0, 0.5)",causal_drf,drf,0.03321192752366762,0.0021135546516594414,0.029069360406415112,0.037354494640920125,50
wcf_sensitivity_v1_sym_null,SYM-LIN-NULL,1000,25,10,plugin_tcate_rmse,TCATE-K-grid_mean,"plugin functional contrast; RMSE over four strata of X1 with edges (-0.5, 0.0, 0.5)",cwdb_dr,drf,-0.023640986122923775,0.002108844611966599,-0.027774321562378308,-0.01950765068346924,50
wcf_sensitivity_v1_sym_null,SYM-LIN-NULL,1000,25,10,plugin_tcate_rmse,TCATE-K-grid_sd,"plugin functional contrast; RMSE over four strata of X1 with edges (-0.5, 0.0, 0.5)",causal_drf,cwdb_dr,0.004864358223782679,0.0003026431445563037,0.004271177660452324,0.005457538787113034,50
wcf_sensitivity_v1_sym_null,SYM-LIN-NULL,1000,25,10,plugin_tcate_rmse,TCATE-K-grid_sd,"plugin functional contrast; RMSE over four strata of X1 with edges (-0.5, 0.0, 0.5)",causal_drf,drf,0.0001111124210031551,7.820145584764062e-05,-4.2162432458220514e-05,0.0002643872744645307,50
wcf_sensitivity_v1_sym_null,SYM-LIN-NULL,1000,25,10,plugin_tcate_rmse,TCATE-K-grid_sd,"plugin functional contrast; RMSE over four strata of X1 with edges (-0.5, 0.0, 0.5)",cwdb_dr,drf,-0.004753245802779524,0.0003036873332465935,-0.005348472975942847,-0.004158018629616201,50
wcf_sensitivity_v1_sym_null,SYM-LIN-NULL,1000,25,10,plugin_tcate_rmse,TCATE-K-grid_skewness,"plugin functional contrast; RMSE over four strata of X1 with edges (-0.5, 0.0, 0.5)",causal_drf,cwdb_dr,-0.0008160712431789039,0.00017737788352725978,-0.001163731894892333,-0.00046841059146547474,50
wcf_sensitivity_v1_sym_null,SYM-LIN-NULL,1000,25,10,plugin_tcate_rmse,TCATE-K-grid_skewness,"plugin functional contrast; RMSE over four strata of X1 with edges (-0.5, 0.0, 0.5)",causal_drf,drf,-7.322653472237007e-19,6.586878349373788e-19,-2.0232935037009632e-18,5.587628092535618e-19,50
wcf_sensitivity_v1_sym_null,SYM-LIN-NULL,1000,25,10,plugin_tcate_rmse,TCATE-K-grid_skewness,"plugin functional contrast; RMSE over four strata of X1 with edges (-0.5, 0.0, 0.5)",cwdb_dr,drf,0.0008160712431789031,0.0001773778835272597,0.00046841059146547414,0.0011637318948923322,50
wcf_sensitivity_v1_sym_null,SYM-LIN-NULL,1000,25,10,plugin_tcate_rmse,TCATE-K-grid_upper_tail_mean,"plugin functional contrast; RMSE over four strata of X1 with edges (-0.5, 0.0, 0.5)",causal_drf,cwdb_dr,0.05381711908699282,0.0028757111608074737,0.048180725211810174,0.059453512962175464,50
wcf_sensitivity_v1_sym_null,SYM-LIN-NULL,1000,25,10,plugin_tcate_rmse,TCATE-K-grid_upper_tail_mean,"plugin functional contrast; RMSE over four strata of X1 with edges (-0.5, 0.0, 0.5)",causal_drf,drf,0.030290284422274653,0.0022281312997574163,0.025923147074750116,0.03465742176979919,50
wcf_sensitivity_v1_sym_null,SYM-LIN-NULL,1000,25,10,plugin_tcate_rmse,TCATE-K-grid_upper_tail_mean,"plugin functional contrast; RMSE over four strata of X1 with edges (-0.5, 0.0, 0.5)",cwdb_dr,drf,-0.023526834664718166,0.002126295307947548,-0.02769437346829536,-0.019359295861140973,50
wcf_sensitivity_v1_sym_null,SYM-MU-NULL,500,25,10,aipw_reference_tate_abs_error,REF-ATE-K,aipw reference contrast; marginal absolute error,causal_drf,cwdb_dr,-0.0014885381474272555,0.0018657054921091985,-0.005145320911961284,0.0021682446171067734,50
wcf_sensitivity_v1_sym_null,SYM-MU-NULL,500,25,10,aipw_reference_tate_abs_error,REF-ATE-K,aipw reference contrast; marginal absolute error,causal_drf,drf,-0.0003057972606766782,0.00029592828471207856,-0.0008858166987123522,0.00027422217735899583,50
wcf_sensitivity_v1_sym_null,SYM-MU-NULL,500,25,10,aipw_reference_tate_abs_error,REF-ATE-K,aipw reference contrast; marginal absolute error,cwdb_dr,drf,0.0011827408867505773,0.0018527852574379555,-0.0024487182178278156,0.00481419999132897,50
wcf_sensitivity_v1_sym_null,SYM-MU-NULL,500,25,10,aipw_reference_tcate_rmse,REF-TCATE-K,"aipw reference contrast; RMSE over four strata of X1 with edges (-0.5, 0.0, 0.5)",causal_drf,cwdb_dr,0.026423904318421655,0.0027769719103397685,0.02098103937415571,0.031866769262687604,50
wcf_sensitivity_v1_sym_null,SYM-MU-NULL,500,25,10,aipw_reference_tcate_rmse,REF-TCATE-K,"aipw reference contrast; RMSE over four strata of X1 with edges (-0.5, 0.0, 0.5)",causal_drf,drf,-0.0029184624539528997,0.0003181363129035652,-0.0035420096272438875,-0.002294915280661912,50
wcf_sensitivity_v1_sym_null,SYM-MU-NULL,500,25,10,aipw_reference_tcate_rmse,REF-TCATE-K,"aipw reference contrast; RMSE over four strata of X1 with edges (-0.5, 0.0, 0.5)",cwdb_dr,drf,-0.029342366772374555,0.0029119644849058463,-0.035049817162790015,-0.023634916381959095,50
wcf_sensitivity_v1_sym_null,SYM-MU-NULL,500,25,10,aipw_tate_abs_error,TATE-K-grid_mean,aipw functional contrast; marginal absolute error,causal_drf,cwdb_dr,0.07279531567691261,0.0030327214731449294,0.06685118158954854,0.07873944976427667,50
wcf_sensitivity_v1_sym_null,SYM-MU-NULL,500,25,10,aipw_tate_abs_error,TATE-K-grid_mean,aipw functional contrast; marginal absolute error,causal_drf,drf,0.0006528727416399704,0.0007934206146641922,-0.0009022316631018463,0.002207977146381787,50
wcf_sensitivity_v1_sym_null,SYM-MU-NULL,500,25,10,aipw_tate_abs_error,TATE-K-grid_mean,aipw functional contrast; marginal absolute error,cwdb_dr,drf,-0.07214244293527264,0.003151796208275553,-0.07831996350349273,-0.06596492236705255,50
wcf_sensitivity_v1_sym_null,SYM-MU-NULL,500,25,10,aipw_tate_abs_error,TATE-K-grid_sd,aipw functional contrast; marginal absolute error,causal_drf,cwdb_dr,-9.017308600666298e-05,0.0003811990219657989,-0.0008373231690596288,0.0006569769970463028,50
wcf_sensitivity_v1_sym_null,SYM-MU-NULL,500,25,10,aipw_tate_abs_error,TATE-K-grid_sd,aipw functional contrast; marginal absolute error,causal_drf,drf,-0.00012954717850661253,3.4506374500859595e-05,-0.00019717967252829734,-6.191468448492773e-05,50
wcf_sensitivity_v1_sym_null,SYM-MU-NULL,500,25,10,aipw_tate_abs_error,TATE-K-grid_sd,aipw functional contrast; marginal absolute error,cwdb_dr,drf,-3.9374092499949546e-05,0.00038525111838809184,-0.0007944662845406096,0.0007157180995407105,50
wcf_sensitivity_v1_sym_null,SYM-MU-NULL,500,25,10,aipw_tate_abs_error,TATE-K-grid_skewness,aipw functional contrast; marginal absolute error,causal_drf,cwdb_dr,-0.0007517676079471046,0.00010571995215161,-0.0009589787141642603,-0.000544556501729949,50
wcf_sensitivity_v1_sym_null,SYM-MU-NULL,500,25,10,aipw_tate_abs_error,TATE-K-grid_skewness,aipw functional contrast; marginal absolute error,causal_drf,drf,4.8441113580369244e-20,1.2868413268585698e-19,-2.0377978648391042e-19,3.006620136446489e-19,50
wcf_sensitivity_v1_sym_null,SYM-MU-NULL,500,25,10,aipw_tate_abs_error,TATE-K-grid_skewness,aipw functional contrast; marginal absolute error,cwdb_dr,drf,0.0007517676079471047,0.00010571995215161002,0.0005445565017299491,0.0009589787141642604,50
wcf_sensitivity_v1_sym_null,SYM-MU-NULL,500,25,10,aipw_tate_abs_error,TATE-K-grid_upper_tail_mean,aipw functional contrast; marginal absolute error,causal_drf,cwdb_dr,0.07320820506115666,0.0030363181079102164,0.06725702156965263,0.07915938855266069,50
wcf_sensitivity_v1_sym_null,SYM-MU-NULL,500,25,10,aipw_tate_abs_error,TATE-K-grid_upper_tail_mean,aipw functional contrast; marginal absolute error,causal_drf,drf,0.0005964646284624814,0.0007970182707536099,-0.000965691182214594,0.0021586204391395567,50
wcf_sensitivity_v1_sym_null,SYM-MU-NULL,500,25,10,aipw_tate_abs_error,TATE-K-grid_upper_tail_mean,aipw functional contrast; marginal absolute error,cwdb_dr,drf,-0.0726117404326942,0.003143903681620954,-0.07877379164867127,-0.06644968921671712,50
wcf_sensitivity_v1_sym_null,SYM-MU-NULL,500,25,10,aipw_tcate_rmse,TCATE-K-grid_mean,"aipw functional contrast; RMSE over four strata of X1 with edges (-0.5, 0.0, 0.5)",causal_drf,cwdb_dr,0.06391482654962767,0.0030394798974737445,0.05795744595057913,0.06987220714867622,50
wcf_sensitivity_v1_sym_null,SYM-MU-NULL,500,25,10,aipw_tcate_rmse,TCATE-K-grid_mean,"aipw functional contrast; RMSE over four strata of X1 with edges (-0.5, 0.0, 0.5)",causal_drf,drf,0.0021078797412620587,0.0010492830860289804,5.1284892645257155e-05,0.004164474589878861,50
wcf_sensitivity_v1_sym_null,SYM-MU-NULL,500,25,10,aipw_tcate_rmse,TCATE-K-grid_mean,"aipw functional contrast; RMSE over four strata of X1 with edges (-0.5, 0.0, 0.5)",cwdb_dr,drf,-0.06180694680836561,0.003094598546675392,-0.06787235995984939,-0.05574153365688184,50
wcf_sensitivity_v1_sym_null,SYM-MU-NULL,500,25,10,aipw_tcate_rmse,TCATE-K-grid_sd,"aipw functional contrast; RMSE over four strata of X1 with edges (-0.5, 0.0, 0.5)",causal_drf,cwdb_dr,0.001384068642103233,0.0003511052607087049,0.0006959023311141714,0.0020722349530922944,50
wcf_sensitivity_v1_sym_null,SYM-MU-NULL,500,25,10,aipw_tcate_rmse,TCATE-K-grid_sd,"aipw functional contrast; RMSE over four strata of X1 with edges (-0.5, 0.0, 0.5)",causal_drf,drf,-0.001053145855151645,8.13167884014132e-05,-0.0012125267604184149,-0.0008937649498848751,50
wcf_sensitivity_v1_sym_null,SYM-MU-NULL,500,25,10,aipw_tcate_rmse,TCATE-K-grid_sd,"aipw functional contrast; RMSE over four strata of X1 with edges (-0.5, 0.0, 0.5)",cwdb_dr,drf,-0.002437214497254878,0.0003944801454280213,-0.0032103955822937996,-0.0016640334122159563,50
wcf_sensitivity_v1_sym_null,SYM-MU-NULL,500,25,10,aipw_tcate_rmse,TCATE-K-grid_skewness,"aipw functional contrast; RMSE over four strata of X1 with edges (-0.5, 0.0, 0.5)",causal_drf,cwdb_dr,-0.0020404303611645546,0.00019105050168998888,-0.002414889344476933,-0.0016659713778521764,50
wcf_sensitivity_v1_sym_null,SYM-MU-NULL,500,25,10,aipw_tcate_rmse,TCATE-K-grid_skewness,"aipw functional contrast; RMSE over four strata of X1 with edges (-0.5, 0.0, 0.5)",causal_drf,drf,-9.29187799780612e-20,1.1133225499005525e-19,-3.111299997585695e-19,1.2529243980244709e-19,50
wcf_sensitivity_v1_sym_null,SYM-MU-NULL,500,25,10,aipw_tcate_rmse,TCATE-K-grid_skewness,"aipw functional contrast; RMSE over four strata of X1 with edges (-0.5, 0.0, 0.5)",cwdb_dr,drf,0.0020404303611645546,0.00019105050168998888,0.0016659713778521764,0.002414889344476933,50
wcf_sensitivity_v1_sym_null,SYM-MU-NULL,500,25,10,aipw_tcate_rmse,TCATE-K-grid_upper_tail_mean,"aipw functional contrast; RMSE over four strata of X1 with edges (-0.5, 0.0, 0.5)",causal_drf,cwdb_dr,0.06416961775434064,0.0030381415906929415,0.058214860236582476,0.0701243752720988,50
wcf_sensitivity_v1_sym_null,SYM-MU-NULL,500,25,10,aipw_tcate_rmse,TCATE-K-grid_upper_tail_mean,"aipw functional contrast; RMSE over four strata of X1 with edges (-0.5, 0.0, 0.5)",causal_drf,drf,0.001961070053943914,0.0010549170993861489,-0.00010656746085293753,0.004028707568740766,50
wcf_sensitivity_v1_sym_null,SYM-MU-NULL,500,25,10,aipw_tcate_rmse,TCATE-K-grid_upper_tail_mean,"aipw functional contrast; RMSE over four strata of X1 with edges (-0.5, 0.0, 0.5)",cwdb_dr,drf,-0.06220854770039673,0.0030659599374635938,-0.06821782917782537,-0.056199266222968086,50
wcf_sensitivity_v1_sym_null,SYM-MU-NULL,500,25,10,barycenter_rmse,MEANQ-A-K,,causal_drf,cwdb_dr,0.1239592671962593,0.0021160351856686884,0.11981183823234867,0.12810669616016993,50
wcf_sensitivity_v1_sym_null,SYM-MU-NULL,500,25,10,barycenter_rmse,MEANQ-A-K,,causal_drf,drf,0.014988656531533473,0.0015062044287980634,0.01203649585108927,0.017940817211977676,50
wcf_sensitivity_v1_sym_null,SYM-MU-NULL,500,25,10,barycenter_rmse,MEANQ-A-K,,cwdb_dr,drf,-0.10897061066472583,0.001794078849033237,-0.11248700520883097,-0.10545421612062068,50
wcf_sensitivity_v1_sym_null,SYM-MU-NULL,500,25,10,mean_quantile_rmse,MEANQ-A-K,"arm contrast, the mandatory common target",causal_drf,cwdb_dr,0.12283124191173185,0.008097844064391006,0.10695946754552547,0.1387030162779382,50
wcf_sensitivity_v1_sym_null,SYM-MU-NULL,500,25,10,mean_quantile_rmse,MEANQ-A-K,"arm contrast, the mandatory common target",causal_drf,drf,0.05409911252906338,0.0025937603772969876,0.04901534218956129,0.059182882868565476,50
wcf_sensitivity_v1_sym_null,SYM-MU-NULL,500,25,10,mean_quantile_rmse,MEANQ-A-K,"arm contrast, the mandatory common target",cwdb_dr,drf,-0.06873212938266847,0.008447601805342908,-0.08528942892114057,-0.05217482984419637,50
wcf_sensitivity_v1_sym_null,SYM-MU-NULL,500,25,10,plugin_reference_tate_abs_error,REF-ATE-K,plugin reference contrast; marginal absolute error,causal_drf,cwdb_dr,0.013695862127222489,0.002416207643555193,0.00896009514585431,0.01843162910859067,50
wcf_sensitivity_v1_sym_null,SYM-MU-NULL,500,25,10,plugin_reference_tate_abs_error,REF-ATE-K,plugin reference contrast; marginal absolute error,causal_drf,drf,-0.0011416547336939135,0.0008543141909658939,-0.0028161105479870656,0.0005328010805992385,50
wcf_sensitivity_v1_sym_null,SYM-MU-NULL,500,25,10,plugin_reference_tate_abs_error,REF-ATE-K,plugin reference contrast; marginal absolute error,cwdb_dr,drf,-0.014837516860916403,0.0022831139274734112,-0.01931242015876429,-0.010362613563068517,50
wcf_sensitivity_v1_sym_null,SYM-MU-NULL,500,25,10,plugin_reference_tcate_rmse,REF-TCATE-K,"plugin reference contrast; RMSE over four strata of X1 with edges (-0.5, 0.0, 0.5)",causal_drf,cwdb_dr,0.03388237934171694,0.00215589954177973,0.029656816239828666,0.03810794244360521,50
wcf_sensitivity_v1_sym_null,SYM-MU-NULL,500,25,10,plugin_reference_tcate_rmse,REF-TCATE-K,"plugin reference contrast; RMSE over four strata of X1 with edges (-0.5, 0.0, 0.5)",causal_drf,drf,-0.010574358146428126,0.0009837074862855215,-0.012502424819547747,-0.008646291473308504,50
wcf_sensitivity_v1_sym_null,SYM-MU-NULL,500,25,10,plugin_reference_tcate_rmse,REF-TCATE-K,"plugin reference contrast; RMSE over four strata of X1 with edges (-0.5, 0.0, 0.5)",cwdb_dr,drf,-0.04445673748814506,0.0025513946202289466,-0.049457470943793796,-0.03945600403249633,50
wcf_sensitivity_v1_sym_null,SYM-MU-NULL,500,25,10,plugin_tate_abs_error,TATE-K-grid_mean,plugin functional contrast; marginal absolute error,causal_drf,cwdb_dr,0.16284086418247623,0.0033292399855979027,0.15631555381070433,0.16936617455424813,50
wcf_sensitivity_v1_sym_null,SYM-MU-NULL,500,25,10,plugin_tate_abs_error,TATE-K-grid_mean,plugin functional contrast; marginal absolute error,causal_drf,drf,0.06303869426290246,0.0024610144725061007,0.0582151058967905,0.06786228262901442,50
wcf_sensitivity_v1_sym_null,SYM-MU-NULL,500,25,10,plugin_tate_abs_error,TATE-K-grid_mean,plugin functional contrast; marginal absolute error,cwdb_dr,drf,-0.09980216991957379,0.0035595738842267334,-0.10677893473265819,-0.09282540510648939,50
wcf_sensitivity_v1_sym_null,SYM-MU-NULL,500,25,10,plugin_tate_abs_error,TATE-K-grid_sd,plugin functional contrast; marginal absolute error,causal_drf,cwdb_dr,0.001461912469914011,0.0003801741677906087,0.000716771101044418,0.002207053838783604,50
wcf_sensitivity_v1_sym_null,SYM-MU-NULL,500,25,10,plugin_tate_abs_error,TATE-K-grid_sd,plugin functional contrast; marginal absolute error,causal_drf,drf,-2.38919842497215e-05,0.00013622434257973005,-0.00029089169570599237,0.00024310772720654937,50
wcf_sensitivity_v1_sym_null,SYM-MU-NULL,500,25,10,plugin_tate_abs_error,TATE-K-grid_sd,plugin functional contrast; marginal absolute error,cwdb_dr,drf,-0.0014858044541637325,0.0003771596256761202,-0.002225037320488928,-0.000746571587838537,50
wcf_sensitivity_v1_sym_null,SYM-MU-NULL,500,25,10,plugin_tate_abs_error,TATE-K-grid_skewness,plugin functional contrast; marginal absolute error,causal_drf,cwdb_dr,-0.003510793952922016,0.0006805002107117733,-0.004844574365917092,-0.00217701353992694,50
wcf_sensitivity_v1_sym_null,SYM-MU-NULL,500,25,10,plugin_tate_abs_error,TATE-K-grid_skewness,plugin functional contrast; marginal absolute error,causal_drf,drf,1.1883490999572594e-18,8.243472405619587e-19,-4.2737149154417953e-19,2.8040696914586986e-18,50
wcf_sensitivity_v1_sym_null,SYM-MU-NULL,500,25,10,plugin_tate_abs_error,TATE-K-grid_skewness,plugin functional contrast; marginal absolute error,cwdb_dr,drf,0.0035107939529220172,0.0006805002107117732,0.002177013539926942,0.0048445743659170926,50
wcf_sensitivity_v1_sym_null,SYM-MU-NULL,500,25,10,plugin_tate_abs_error,TATE-K-grid_upper_tail_mean,plugin functional contrast; marginal absolute error,causal_drf,cwdb_dr,0.16303563634001558,0.00337522509295507,0.15642019515782365,0.1696510775222075,50
wcf_sensitivity_v1_sym_null,SYM-MU-NULL,500,25,10,plugin_tate_abs_error,TATE-K-grid_upper_tail_mean,plugin functional contrast; marginal absolute error,causal_drf,drf,0.0629822541677578,0.0024809929803264715,0.05811950792631791,0.06784500040919768,50
wcf_sensitivity_v1_sym_null,SYM-MU-NULL,500,25,10,plugin_tate_abs_error,TATE-K-grid_upper_tail_mean,plugin functional contrast; marginal absolute error,cwdb_dr,drf,-0.10005338217225779,0.0036328792259758057,-0.10717382545517037,-0.0929329388893452,50
wcf_sensitivity_v1_sym_null,SYM-MU-NULL,500,25,10,plugin_tcate_rmse,TCATE-K-grid_mean,"plugin functional contrast; RMSE over four strata of X1 with edges (-0.5, 0.0, 0.5)",causal_drf,cwdb_dr,0.15948667451367277,0.0037173105610510512,0.15220074581401272,0.16677260321333282,50
wcf_sensitivity_v1_sym_null,SYM-MU-NULL,500,25,10,plugin_tcate_rmse,TCATE-K-grid_mean,"plugin functional contrast; RMSE over four strata of X1 with edges (-0.5, 0.0, 0.5)",causal_drf,drf,0.060164717532194045,0.002394965931386178,0.05547058430667714,0.06485885075771096,50
wcf_sensitivity_v1_sym_null,SYM-MU-NULL,500,25,10,plugin_tcate_rmse,TCATE-K-grid_mean,"plugin functional contrast; RMSE over four strata of X1 with edges (-0.5, 0.0, 0.5)",cwdb_dr,drf,-0.0993219569814787,0.003892654816695228,-0.10695156042220136,-0.09169235354075606,50
wcf_sensitivity_v1_sym_null,SYM-MU-NULL,500,25,10,plugin_tcate_rmse,TCATE-K-grid_sd,"plugin functional contrast; RMSE over four strata of X1 with edges (-0.5, 0.0, 0.5)",causal_drf,cwdb_dr,0.0011547836193969677,0.00045859316326931883,0.0002559410193891028,0.0020536262194048326,50
wcf_sensitivity_v1_sym_null,SYM-MU-NULL,500,25,10,plugin_tcate_rmse,TCATE-K-grid_sd,"plugin functional contrast; RMSE over four strata of X1 with edges (-0.5, 0.0, 0.5)",causal_drf,drf,-1.5347417862576762e-05,0.00011114855698148005,-0.00023319858954627765,0.00020250375382112413,50
wcf_sensitivity_v1_sym_null,SYM-MU-NULL,500,25,10,plugin_tcate_rmse,TCATE-K-grid_sd,"plugin functional contrast; RMSE over four strata of X1 with edges (-0.5, 0.0, 0.5)",cwdb_dr,drf,-0.0011701310372595444,0.00044072298625747483,-0.002033948090324195,-0.0003063139841948938,50
wcf_sensitivity_v1_sym_null,SYM-MU-NULL,500,25,10,plugin_tcate_rmse,TCATE-K-grid_skewness,"plugin functional contrast; RMSE over four strata of X1 with edges (-0.5, 0.0, 0.5)",causal_drf,cwdb_dr,-0.003644177909400075,0.0006875108070463494,-0.0049916990912109195,-0.0022966567275892304,50
wcf_sensitivity_v1_sym_null,SYM-MU-NULL,500,25,10,plugin_tcate_rmse,TCATE-K-grid_skewness,"plugin functional contrast; RMSE over four strata of X1 with edges (-0.5, 0.0, 0.5)",causal_drf,drf,1.7190530958439824e-19,7.449632735158261e-19,-1.288222706506621e-18,1.6320333256754174e-18,50
wcf_sensitivity_v1_sym_null,SYM-MU-NULL,500,25,10,plugin_tcate_rmse,TCATE-K-grid_skewness,"plugin functional contrast; RMSE over four strata of X1 with edges (-0.5, 0.0, 0.5)",cwdb_dr,drf,0.0036441779094000754,0.0006875108070463492,0.002296656727589231,0.0049916990912109195,50
wcf_sensitivity_v1_sym_null,SYM-MU-NULL,500,25,10,plugin_tcate_rmse,TCATE-K-grid_upper_tail_mean,"plugin functional contrast; RMSE over four strata of X1 with edges (-0.5, 0.0, 0.5)",causal_drf,cwdb_dr,0.15939828542961276,0.003754911184146611,0.1520386595086854,0.16675791135054013,50
wcf_sensitivity_v1_sym_null,SYM-MU-NULL,500,25,10,plugin_tcate_rmse,TCATE-K-grid_upper_tail_mean,"plugin functional contrast; RMSE over four strata of X1 with edges (-0.5, 0.0, 0.5)",causal_drf,drf,0.06010889362069613,0.002404982720370187,0.05539512748877056,0.06482265975262169,50
wcf_sensitivity_v1_sym_null,SYM-MU-NULL,500,25,10,plugin_tcate_rmse,TCATE-K-grid_upper_tail_mean,"plugin functional contrast; RMSE over four strata of X1 with edges (-0.5, 0.0, 0.5)",cwdb_dr,drf,-0.09928939180891663,0.0039468966361743615,-0.10702530921581838,-0.09155347440201489,50
wcf_sensitivity_v1_sym_null,SYM-MU-NULL,1000,25,10,aipw_reference_tate_abs_error,REF-ATE-K,aipw reference contrast; marginal absolute error,causal_drf,cwdb_dr,0.0018419196589001333,0.0020833738387206965,-0.0022414930649924322,0.005925332382792699,50
wcf_sensitivity_v1_sym_null,SYM-MU-NULL,1000,25,10,aipw_reference_tate_abs_error,REF-ATE-K,aipw reference contrast; marginal absolute error,causal_drf,drf,-0.0003071025514089949,0.0003656540327030756,-0.001023784455507023,0.00040957935268903323,50
wcf_sensitivity_v1_sym_null,SYM-MU-NULL,1000,25,10,aipw_reference_tate_abs_error,REF-ATE-K,aipw reference contrast; marginal absolute error,cwdb_dr,drf,-0.002149022210309128,0.002030983272303536,-0.006129749424024059,0.0018317050034058029,50
wcf_sensitivity_v1_sym_null,SYM-MU-NULL,1000,25,10,aipw_reference_tcate_rmse,REF-TCATE-K,"aipw reference contrast; RMSE over four strata of X1 with edges (-0.5, 0.0, 0.5)",causal_drf,cwdb_dr,0.03378538070055887,0.001861886592071327,0.03013608298009907,0.03743467842101867,50
wcf_sensitivity_v1_sym_null,SYM-MU-NULL,1000,25,10,aipw_reference_tcate_rmse,REF-TCATE-K,"aipw reference contrast; RMSE over four strata of X1 with edges (-0.5, 0.0, 0.5)",causal_drf,drf,-0.0035778014287138615,0.000260427995489147,-0.004088240299872589,-0.0030673625575551337,50
wcf_sensitivity_v1_sym_null,SYM-MU-NULL,1000,25,10,aipw_reference_tcate_rmse,REF-TCATE-K,"aipw reference contrast; RMSE over four strata of X1 with edges (-0.5, 0.0, 0.5)",cwdb_dr,drf,-0.03736318212927273,0.001971991709464626,-0.0412282858798234,-0.03349807837872207,50
wcf_sensitivity_v1_sym_null,SYM-MU-NULL,1000,25,10,aipw_tate_abs_error,TATE-K-grid_mean,aipw functional contrast; marginal absolute error,causal_drf,cwdb_dr,0.06905266679152905,0.0018947801896852586,0.06533889761974594,0.07276643596331216,50
wcf_sensitivity_v1_sym_null,SYM-MU-NULL,1000,25,10,aipw_tate_abs_error,TATE-K-grid_mean,aipw functional contrast; marginal absolute error,causal_drf,drf,0.0010049454132010638,0.000608652957038794,-0.00018801438259497243,0.0021979052089971,50
wcf_sensitivity_v1_sym_null,SYM-MU-NULL,1000,25,10,aipw_tate_abs_error,TATE-K-grid_mean,aipw functional contrast; marginal absolute error,cwdb_dr,drf,-0.06804772137832799,0.002002672460849343,-0.07197295940159269,-0.06412248335506328,50
wcf_sensitivity_v1_sym_null,SYM-MU-NULL,1000,25,10,aipw_tate_abs_error,TATE-K-grid_sd,aipw functional contrast; marginal absolute error,causal_drf,cwdb_dr,0.0004584761361786339,0.000238809009406492,-9.589522258090458e-06,0.0009265417946153582,50
wcf_sensitivity_v1_sym_null,SYM-MU-NULL,1000,25,10,aipw_tate_abs_error,TATE-K-grid_sd,aipw functional contrast; marginal absolute error,causal_drf,drf,-9.477739446731091e-05,3.0289674566683027e-05,-0.00015414515661800964,-3.5409632316612176e-05,50
wcf_sensitivity_v1_sym_null,SYM-MU-NULL,1000,25,10,aipw_tate_abs_error,TATE-K-grid_sd,aipw functional contrast; marginal absolute error,cwdb_dr,drf,-0.0005532535306459448,0.00024947563827701434,-0.0010422257816688927,-6.428127962299676e-05,50
wcf_sensitivity_v1_sym_null,SYM-MU-NULL,1000,25,10,aipw_tate_abs_error,TATE-K-grid_skewness,aipw functional contrast; marginal absolute error,causal_drf,cwdb_dr,-0.00045113110045486157,5.8867130927691734e-05,-0.0005665106770731374,-0.0003357515238365858,50
wcf_sensitivity_v1_sym_null,SYM-MU-NULL,1000,25,10,aipw_tate_abs_error,TATE-K-grid_skewness,aipw functional contrast; marginal absolute error,causal_drf,drf,-1.1175483368418579e-19,1.1706550339905645e-19,-3.4120322034633643e-19,1.1769355297796486e-19,50
wcf_sensitivity_v1_sym_null,SYM-MU-NULL,1000,25,10,aipw_tate_abs_error,TATE-K-grid_skewness,aipw functional contrast; marginal absolute error,cwdb_dr,drf,0.00045113110045486146,5.8867130927691734e-05,0.00033575152383658567,0.0005665106770731372,50
wcf_sensitivity_v1_sym_null,SYM-MU-NULL,1000,25,10,aipw_tate_abs_error,TATE-K-grid_upper_tail_mean,aipw functional contrast; marginal absolute error,causal_drf,cwdb_dr,0.06948774260813478,0.0019043248332736937,0.06575526593491834,0.07322021928135122,50
wcf_sensitivity_v1_sym_null,SYM-MU-NULL,1000,25,10,aipw_tate_abs_error,TATE-K-grid_upper_tail_mean,aipw functional contrast; marginal absolute error,causal_drf,drf,0.0009674048632088983,0.0006137695758013534,-0.00023558350536175433,0.002170393231779551,50
wcf_sensitivity_v1_sym_null,SYM-MU-NULL,1000,25,10,aipw_tate_abs_error,TATE-K-grid_upper_tail_mean,aipw functional contrast; marginal absolute error,cwdb_dr,drf,-0.06852033774492589,0.002025155426971159,-0.07248964238178936,-0.06455103310806241,50
wcf_sensitivity_v1_sym_null,SYM-MU-NULL,1000,25,10,aipw_tcate_rmse,TCATE-K-grid_mean,"aipw functional contrast; RMSE over four strata of X1 with edges (-0.5, 0.0, 0.5)",causal_drf,cwdb_dr,0.06341878998161754,0.0021650586999803607,0.05917527492965603,0.06766230503357905,50
wcf_sensitivity_v1_sym_null,SYM-MU-NULL,1000,25,10,aipw_tcate_rmse,TCATE-K-grid_mean,"aipw functional contrast; RMSE over four strata of X1 with edges (-0.5, 0.0, 0.5)",causal_drf,drf,0.0001477029243128758,0.0007347422311212227,-0.0012923918486847205,0.0015877976973104721,50
wcf_sensitivity_v1_sym_null,SYM-MU-NULL,1000,25,10,aipw_tcate_rmse,TCATE-K-grid_mean,"aipw functional contrast; RMSE over four strata of X1 with edges (-0.5, 0.0, 0.5)",cwdb_dr,drf,-0.06327108705730466,0.0023919047208514326,-0.06795922031017347,-0.05858295380443586,50
wcf_sensitivity_v1_sym_null,SYM-MU-NULL,1000,25,10,aipw_tcate_rmse,TCATE-K-grid_sd,"aipw functional contrast; RMSE over four strata of X1 with edges (-0.5, 0.0, 0.5)",causal_drf,cwdb_dr,0.0012638060693016314,0.0002439620067770475,0.0007856405360186184,0.0017419716025846444,50
wcf_sensitivity_v1_sym_null,SYM-MU-NULL,1000,25,10,aipw_tcate_rmse,TCATE-K-grid_sd,"aipw functional contrast; RMSE over four strata of X1 with edges (-0.5, 0.0, 0.5)",causal_drf,drf,-0.000705928595037925,6.114229203934874e-05,-0.0008257674874350485,-0.0005860897026408014,50
wcf_sensitivity_v1_sym_null,SYM-MU-NULL,1000,25,10,aipw_tcate_rmse,TCATE-K-grid_sd,"aipw functional contrast; RMSE over four strata of X1 with edges (-0.5, 0.0, 0.5)",cwdb_dr,drf,-0.0019697346643395564,0.00025514357479526785,-0.0024698160709382814,-0.0014696532577408313,50
wcf_sensitivity_v1_sym_null,SYM-MU-NULL,1000,25,10,aipw_tcate_rmse,TCATE-K-grid_skewness,"aipw functional contrast; RMSE over four strata of X1 with edges (-0.5, 0.0, 0.5)",causal_drf,cwdb_dr,-0.0014331429950445855,0.00022130054715749294,-0.0018668920674732715,-0.0009993939226158994,50
wcf_sensitivity_v1_sym_null,SYM-MU-NULL,1000,25,10,aipw_tcate_rmse,TCATE-K-grid_skewness,"aipw functional contrast; RMSE over four strata of X1 with edges (-0.5, 0.0, 0.5)",causal_drf,drf,-9.720886207104494e-20,9.069883244178106e-20,-2.749785736569358e-19,8.056084951484593e-20,50
wcf_sensitivity_v1_sym_null,SYM-MU-NULL,1000,25,10,aipw_tcate_rmse,TCATE-K-grid_skewness,"aipw functional contrast; RMSE over four strata of X1 with edges (-0.5, 0.0, 0.5)",cwdb_dr,drf,0.0014331429950445855,0.00022130054715749294,0.0009993939226158994,0.0018668920674732715,50
wcf_sensitivity_v1_sym_null,SYM-MU-NULL,1000,25,10,aipw_tcate_rmse,TCATE-K-grid_upper_tail_mean,"aipw functional contrast; RMSE over four strata of X1 with edges (-0.5, 0.0, 0.5)",causal_drf,cwdb_dr,0.06376910210222875,0.0021603415555404492,0.059534832653369466,0.06800337155108803,50
wcf_sensitivity_v1_sym_null,SYM-MU-NULL,1000,25,10,aipw_tcate_rmse,TCATE-K-grid_upper_tail_mean,"aipw functional contrast; RMSE over four strata of X1 with edges (-0.5, 0.0, 0.5)",causal_drf,drf,4.7146994794897146e-05,0.0007396828248313529,-0.0014026313418745546,0.0014969253314643489,50
wcf_sensitivity_v1_sym_null,SYM-MU-NULL,1000,25,10,aipw_tcate_rmse,TCATE-K-grid_upper_tail_mean,"aipw functional contrast; RMSE over four strata of X1 with edges (-0.5, 0.0, 0.5)",cwdb_dr,drf,-0.06372195510743384,0.0023922595339792895,-0.06841078379403324,-0.05903312642083443,50
wcf_sensitivity_v1_sym_null,SYM-MU-NULL,1000,25,10,barycenter_rmse,MEANQ-A-K,,causal_drf,cwdb_dr,0.0985246618059891,0.0015300030172440077,0.09552585589219084,0.10152346771978735,50
wcf_sensitivity_v1_sym_null,SYM-MU-NULL,1000,25,10,barycenter_rmse,MEANQ-A-K,,causal_drf,drf,0.007876961955606943,0.000943646848636917,0.006027414132278586,0.0097265097789353,50
wcf_sensitivity_v1_sym_null,SYM-MU-NULL,1000,25,10,barycenter_rmse,MEANQ-A-K,,cwdb_dr,drf,-0.09064769985038215,0.0013636468887042502,-0.09332044775224248,-0.08797495194852183,50
wcf_sensitivity_v1_sym_null,SYM-MU-NULL,1000,25,10,mean_quantile_rmse,MEANQ-A-K,"arm contrast, the mandatory common target",causal_drf,cwdb_dr,0.09393712015035197,0.006021253797795521,0.08213546270667274,0.10573877759403119,50
wcf_sensitivity_v1_sym_null,SYM-MU-NULL,1000,25,10,mean_quantile_rmse,MEANQ-A-K,"arm contrast, the mandatory common target",causal_drf,drf,0.036828260338407776,0.0019066938603442669,0.03309114037213301,0.04056538030468254,50
wcf_sensitivity_v1_sym_null,SYM-MU-NULL,1000,25,10,mean_quantile_rmse,MEANQ-A-K,"arm contrast, the mandatory common target",cwdb_dr,drf,-0.0571088598119442,0.006370099165630611,-0.06959425417658019,-0.0446234654473082,50
wcf_sensitivity_v1_sym_null,SYM-MU-NULL,1000,25,10,plugin_reference_tate_abs_error,REF-ATE-K,plugin reference contrast; marginal absolute error,causal_drf,cwdb_dr,0.0096454905526967,0.0017320073336369215,0.006250756178768335,0.013040224926625066,50
wcf_sensitivity_v1_sym_null,SYM-MU-NULL,1000,25,10,plugin_reference_tate_abs_error,REF-ATE-K,plugin reference contrast; marginal absolute error,causal_drf,drf,0.0003347832076439558,0.0007473797872037483,-0.0011300811752753908,0.0017996475905633024,50
wcf_sensitivity_v1_sym_null,SYM-MU-NULL,1000,25,10,plugin_reference_tate_abs_error,REF-ATE-K,plugin reference contrast; marginal absolute error,cwdb_dr,drf,-0.009310707345052745,0.001586515502363051,-0.012420277729684324,-0.006201136960421165,50
wcf_sensitivity_v1_sym_null,SYM-MU-NULL,1000,25,10,plugin_reference_tcate_rmse,REF-TCATE-K,"plugin reference contrast; RMSE over four strata of X1 with edges (-0.5, 0.0, 0.5)",causal_drf,cwdb_dr,0.04014668281270409,0.0017126636953841785,0.0367898619697511,0.043503503655657076,50
wcf_sensitivity_v1_sym_null,SYM-MU-NULL,1000,25,10,plugin_reference_tcate_rmse,REF-TCATE-K,"plugin reference contrast; RMSE over four strata of X1 with edges (-0.5, 0.0, 0.5)",causal_drf,drf,-0.001969565758520364,0.0008971370758858785,-0.003727954427256686,-0.0002111770897840423,50
wcf_sensitivity_v1_sym_null,SYM-MU-NULL,1000,25,10,plugin_reference_tcate_rmse,REF-TCATE-K,"plugin reference contrast; RMSE over four strata of X1 with edges (-0.5, 0.0, 0.5)",cwdb_dr,drf,-0.04211624857122445,0.0020053156121886714,-0.04604666717111425,-0.038185829971334656,50
wcf_sensitivity_v1_sym_null,SYM-MU-NULL,1000,25,10,plugin_tate_abs_error,TATE-K-grid_mean,plugin functional contrast; marginal absolute error,causal_drf,cwdb_dr,0.1200463925023229,0.0024576115393635015,0.11522947388517044,0.12486331111947535,50
wcf_sensitivity_v1_sym_null,SYM-MU-NULL,1000,25,10,plugin_tate_abs_error,TATE-K-grid_mean,plugin functional contrast; marginal absolute error,causal_drf,drf,0.04744830775635908,0.0017405924247639814,0.044036746603821675,0.05085986890889649,50
wcf_sensitivity_v1_sym_null,SYM-MU-NULL,1000,25,10,plugin_tate_abs_error,TATE-K-grid_mean,plugin functional contrast; marginal absolute error,cwdb_dr,drf,-0.07259808474596381,0.002199971668104852,-0.07691002921544932,-0.06828614027647831,50
wcf_sensitivity_v1_sym_null,SYM-MU-NULL,1000,25,10,plugin_tate_abs_error,TATE-K-grid_sd,plugin functional contrast; marginal absolute error,causal_drf,cwdb_dr,0.0010559573727502462,0.00024298408345901738,0.0005797085691705722,0.0015322061763299202,50
wcf_sensitivity_v1_sym_null,SYM-MU-NULL,1000,25,10,plugin_tate_abs_error,TATE-K-grid_sd,plugin functional contrast; marginal absolute error,causal_drf,drf,1.9724400945060182e-05,6.598357322052154e-05,-0.00010960340256716203,0.0001490522044572824,50
wcf_sensitivity_v1_sym_null,SYM-MU-NULL,1000,25,10,plugin_tate_abs_error,TATE-K-grid_sd,plugin functional contrast; marginal absolute error,cwdb_dr,drf,-0.001036232971805186,0.00023875416081683943,-0.0015041911270061914,-0.0005682748166041807,50
wcf_sensitivity_v1_sym_null,SYM-MU-NULL,1000,25,10,plugin_tate_abs_error,TATE-K-grid_skewness,plugin functional contrast; marginal absolute error,causal_drf,cwdb_dr,-0.005573848363962268,0.0024649501343776883,-0.010405150627342537,-0.0007425461005819986,50
wcf_sensitivity_v1_sym_null,SYM-MU-NULL,1000,25,10,plugin_tate_abs_error,TATE-K-grid_skewness,plugin functional contrast; marginal absolute error,causal_drf,drf,1.6295857542176986e-18,4.361440306980296e-19,7.747434540495606e-19,2.4844280543858364e-18,50
wcf_sensitivity_v1_sym_null,SYM-MU-NULL,1000,25,10,plugin_tate_abs_error,TATE-K-grid_skewness,plugin functional contrast; marginal absolute error,cwdb_dr,drf,0.005573848363962269,0.0024649501343776883,0.0007425461005820004,0.010405150627342537,50
wcf_sensitivity_v1_sym_null,SYM-MU-NULL,1000,25,10,plugin_tate_abs_error,TATE-K-grid_upper_tail_mean,plugin functional contrast; marginal absolute error,causal_drf,cwdb_dr,0.12039987207323931,0.0024670331977399707,0.11556448700566896,0.12523525714080966,50
wcf_sensitivity_v1_sym_null,SYM-MU-NULL,1000,25,10,plugin_tate_abs_error,TATE-K-grid_upper_tail_mean,plugin functional contrast; marginal absolute error,causal_drf,drf,0.04738335864920096,0.0017597263150710553,0.04393429507166169,0.050832422226740226,50
wcf_sensitivity_v1_sym_null,SYM-MU-NULL,1000,25,10,plugin_tate_abs_error,TATE-K-grid_upper_tail_mean,plugin functional contrast; marginal absolute error,cwdb_dr,drf,-0.07301651342403835,0.0022006626932878884,-0.0773298123028826,-0.0687032145451941,50
wcf_sensitivity_v1_sym_null,SYM-MU-NULL,1000,25,10,plugin_tcate_rmse,TCATE-K-grid_mean,"plugin functional contrast; RMSE over four strata of X1 with edges (-0.5, 0.0, 0.5)",causal_drf,cwdb_dr,0.11907391843651499,0.0026085325393349628,0.11396119465941847,0.12418664221361152,50
wcf_sensitivity_v1_sym_null,SYM-MU-NULL,1000,25,10,plugin_tcate_rmse,TCATE-K-grid_mean,"plugin functional contrast; RMSE over four strata of X1 with edges (-0.5, 0.0, 0.5)",causal_drf,drf,0.04617593764476355,0.0017754495842089062,0.04269605645971409,0.04965581882981301,50
wcf_sensitivity_v1_sym_null,SYM-MU-NULL,1000,25,10,plugin_tcate_rmse,TCATE-K-grid_mean,"plugin functional contrast; RMSE over four strata of X1 with edges (-0.5, 0.0, 0.5)",cwdb_dr,drf,-0.07289798079175144,0.002582107329818291,-0.0779589111581953,-0.06783705042530759,50
wcf_sensitivity_v1_sym_null,SYM-MU-NULL,1000,25,10,plugin_tcate_rmse,TCATE-K-grid_sd,"plugin functional contrast; RMSE over four strata of X1 with edges (-0.5, 0.0, 0.5)",causal_drf,cwdb_dr,0.0011660035741636373,0.00024258770991070704,0.0006905316627386515,0.001641475485588623,50
wcf_sensitivity_v1_sym_null,SYM-MU-NULL,1000,25,10,plugin_tcate_rmse,TCATE-K-grid_sd,"plugin functional contrast; RMSE over four strata of X1 with edges (-0.5, 0.0, 0.5)",causal_drf,drf,9.043546801226592e-05,6.808361931930987e-05,-4.3008425853581435e-05,0.00022387936187811327,50
wcf_sensitivity_v1_sym_null,SYM-MU-NULL,1000,25,10,plugin_tcate_rmse,TCATE-K-grid_sd,"plugin functional contrast; RMSE over four strata of X1 with edges (-0.5, 0.0, 0.5)",cwdb_dr,drf,-0.0010755681061513714,0.00024109564726899294,-0.0015481155747985975,-0.0006030206375041453,50
wcf_sensitivity_v1_sym_null,SYM-MU-NULL,1000,25,10,plugin_tcate_rmse,TCATE-K-grid_skewness,"plugin functional contrast; RMSE over four strata of X1 with edges (-0.5, 0.0, 0.5)",causal_drf,cwdb_dr,-0.0057216477191615964,0.0025233443035219787,-0.010667402554064676,-0.0007758928842585182,50
wcf_sensitivity_v1_sym_null,SYM-MU-NULL,1000,25,10,plugin_tcate_rmse,TCATE-K-grid_skewness,"plugin functional contrast; RMSE over four strata of X1 with edges (-0.5, 0.0, 0.5)",causal_drf,drf,1.6294493734455761e-18,4.348822254625106e-19,7.770802115390553e-19,2.481818535352097e-18,50
wcf_sensitivity_v1_sym_null,SYM-MU-NULL,1000,25,10,plugin_tcate_rmse,TCATE-K-grid_skewness,"plugin functional contrast; RMSE over four strata of X1 with edges (-0.5, 0.0, 0.5)",cwdb_dr,drf,0.005721647719161597,0.0025233443035219787,0.0007758928842585191,0.010667402554064676,50
wcf_sensitivity_v1_sym_null,SYM-MU-NULL,1000,25,10,plugin_tcate_rmse,TCATE-K-grid_upper_tail_mean,"plugin functional contrast; RMSE over four strata of X1 with edges (-0.5, 0.0, 0.5)",causal_drf,cwdb_dr,0.11936369474510374,0.0026221241065900605,0.11422433149618721,0.12450305799402026,50
wcf_sensitivity_v1_sym_null,SYM-MU-NULL,1000,25,10,plugin_tcate_rmse,TCATE-K-grid_upper_tail_mean,"plugin functional contrast; RMSE over four strata of X1 with edges (-0.5, 0.0, 0.5)",causal_drf,drf,0.04605189209055183,0.0017971129095578973,0.04252955078781835,0.0495742333932853,50
wcf_sensitivity_v1_sym_null,SYM-MU-NULL,1000,25,10,plugin_tcate_rmse,TCATE-K-grid_upper_tail_mean,"plugin functional contrast; RMSE over four strata of X1 with edges (-0.5, 0.0, 0.5)",cwdb_dr,drf,-0.07331180265455191,0.0025980981492451315,-0.07840407502707236,-0.06821953028203145,50
wcf_sensitivity_v1_sym_null,SYM-NL-NULL,500,25,10,aipw_reference_tate_abs_error,REF-ATE-K,aipw reference contrast; marginal absolute error,causal_drf,cwdb_dr,-0.0014244380724104284,0.0026062726104408053,-0.006532732388874407,0.00368385624405355,50
wcf_sensitivity_v1_sym_null,SYM-NL-NULL,500,25,10,aipw_reference_tate_abs_error,REF-ATE-K,aipw reference contrast; marginal absolute error,causal_drf,drf,-0.001191807961667967,0.0003536192928442721,-0.0018849017756427404,-0.0004987141476931938,50
wcf_sensitivity_v1_sym_null,SYM-NL-NULL,500,25,10,aipw_reference_tate_abs_error,REF-ATE-K,aipw reference contrast; marginal absolute error,cwdb_dr,drf,0.00023263011074246137,0.0027541535936612864,-0.00516551093283366,0.005630771154318583,50
wcf_sensitivity_v1_sym_null,SYM-NL-NULL,500,25,10,aipw_reference_tcate_rmse,REF-TCATE-K,"aipw reference contrast; RMSE over four strata of X1 with edges (-0.5, 0.0, 0.5)",causal_drf,cwdb_dr,0.05185356866626342,0.003025453807782238,0.045923679203010236,0.05778345812951661,50
wcf_sensitivity_v1_sym_null,SYM-NL-NULL,500,25,10,aipw_reference_tcate_rmse,REF-TCATE-K,"aipw reference contrast; RMSE over four strata of X1 with edges (-0.5, 0.0, 0.5)",causal_drf,drf,-0.005350079718640072,0.00046821945353905155,-0.006267789847576612,-0.004432369589703531,50
wcf_sensitivity_v1_sym_null,SYM-NL-NULL,500,25,10,aipw_reference_tcate_rmse,REF-TCATE-K,"aipw reference contrast; RMSE over four strata of X1 with edges (-0.5, 0.0, 0.5)",cwdb_dr,drf,-0.057203648384903494,0.003149087479653692,-0.06337585984502472,-0.05103143692478226,50
wcf_sensitivity_v1_sym_null,SYM-NL-NULL,500,25,10,aipw_tate_abs_error,TATE-K-grid_mean,aipw functional contrast; marginal absolute error,causal_drf,cwdb_dr,0.1230990660619427,0.003408296511383151,0.11641880489963172,0.12977932722425367,50
wcf_sensitivity_v1_sym_null,SYM-NL-NULL,500,25,10,aipw_tate_abs_error,TATE-K-grid_mean,aipw functional contrast; marginal absolute error,causal_drf,drf,-0.006863354579485614,0.0010058808943151911,-0.008834881132343389,-0.00489182802662784,50
wcf_sensitivity_v1_sym_null,SYM-NL-NULL,500,25,10,aipw_tate_abs_error,TATE-K-grid_mean,aipw functional contrast; marginal absolute error,cwdb_dr,drf,-0.12996242064142832,0.0038184372043659526,-0.1374465575619856,-0.12247828372087105,50
wcf_sensitivity_v1_sym_null,SYM-NL-NULL,500,25,10,aipw_tate_abs_error,TATE-K-grid_sd,aipw functional contrast; marginal absolute error,causal_drf,cwdb_dr,-9.110434549882427e-05,0.0004384734782843659,-0.0009505123629361814,0.0007683036719385328,50
wcf_sensitivity_v1_sym_null,SYM-NL-NULL,500,25,10,aipw_tate_abs_error,TATE-K-grid_sd,aipw functional contrast; marginal absolute error,causal_drf,drf,-0.00023516022388422137,6.756184713006718e-05,-0.0003675814442591531,-0.0001027390035092897,50
wcf_sensitivity_v1_sym_null,SYM-NL-NULL,500,25,10,aipw_tate_abs_error,TATE-K-grid_sd,aipw functional contrast; marginal absolute error,cwdb_dr,drf,-0.0001440558783853971,0.0004541441154557421,-0.0010341783446786517,0.0007460665879078574,50
wcf_sensitivity_v1_sym_null,SYM-NL-NULL,500,25,10,aipw_tate_abs_error,TATE-K-grid_skewness,aipw functional contrast; marginal absolute error,causal_drf,cwdb_dr,-0.0010662971938739253,0.00013114376526922124,-0.001323338973801599,-0.0008092554139462517,50
wcf_sensitivity_v1_sym_null,SYM-NL-NULL,500,25,10,aipw_tate_abs_error,TATE-K-grid_skewness,aipw functional contrast; marginal absolute error,causal_drf,drf,-1.612000779747177e-19,1.770718230586153e-19,-5.082608511696037e-19,1.8586069522016832e-19,50
wcf_sensitivity_v1_sym_null,SYM-NL-NULL,500,25,10,aipw_tate_abs_error,TATE-K-grid_skewness,aipw functional contrast; marginal absolute error,cwdb_dr,drf,0.001066297193873925,0.00013114376526922124,0.0008092554139462515,0.0013233389738015987,50
wcf_sensitivity_v1_sym_null,SYM-NL-NULL,500,25,10,aipw_tate_abs_error,TATE-K-grid_upper_tail_mean,aipw functional contrast; marginal absolute error,causal_drf,cwdb_dr,0.12324214492073284,0.0034093125141759686,0.11655989239294794,0.12992439744851772,50
wcf_sensitivity_v1_sym_null,SYM-NL-NULL,500,25,10,aipw_tate_abs_error,TATE-K-grid_upper_tail_mean,aipw functional contrast; marginal absolute error,causal_drf,drf,-0.006850894516953865,0.0009953624343493114,-0.008801804888278515,-0.004899984145629215,50
wcf_sensitivity_v1_sym_null,SYM-NL-NULL,500,25,10,aipw_tate_abs_error,TATE-K-grid_upper_tail_mean,aipw functional contrast; marginal absolute error,cwdb_dr,drf,-0.13009303943768669,0.0038043349873868254,-0.13754953601296485,-0.1226365428624085,50
wcf_sensitivity_v1_sym_null,SYM-NL-NULL,500,25,10,aipw_tcate_rmse,TCATE-K-grid_mean,"aipw functional contrast; RMSE over four strata of X1 with edges (-0.5, 0.0, 0.5)",causal_drf,cwdb_dr,0.1170290058949987,0.004179422445001969,0.10883733790279485,0.12522067388720257,50
wcf_sensitivity_v1_sym_null,SYM-NL-NULL,500,25,10,aipw_tcate_rmse,TCATE-K-grid_mean,"aipw functional contrast; RMSE over four strata of X1 with edges (-0.5, 0.0, 0.5)",causal_drf,drf,-0.010067131131329232,0.001907016534316437,-0.013804883538589448,-0.006329378724069016,50
wcf_sensitivity_v1_sym_null,SYM-NL-NULL,500,25,10,aipw_tcate_rmse,TCATE-K-grid_mean,"aipw functional contrast; RMSE over four strata of X1 with edges (-0.5, 0.0, 0.5)",cwdb_dr,drf,-0.12709613702632794,0.004909412025416003,-0.1367185845961433,-0.11747368945651257,50
wcf_sensitivity_v1_sym_null,SYM-NL-NULL,500,25,10,aipw_tcate_rmse,TCATE-K-grid_sd,"aipw functional contrast; RMSE over four strata of X1 with edges (-0.5, 0.0, 0.5)",causal_drf,cwdb_dr,0.0013426973708953,0.0005085173569544092,0.0003460033512646581,0.002339391390525942,50
wcf_sensitivity_v1_sym_null,SYM-NL-NULL,500,25,10,aipw_tcate_rmse,TCATE-K-grid_sd,"aipw functional contrast; RMSE over four strata of X1 with edges (-0.5, 0.0, 0.5)",causal_drf,drf,-0.0012609689301600994,0.00012169686627180591,-0.001499494788052839,-0.00102244307226736,50
wcf_sensitivity_v1_sym_null,SYM-NL-NULL,500,25,10,aipw_tcate_rmse,TCATE-K-grid_sd,"aipw functional contrast; RMSE over four strata of X1 with edges (-0.5, 0.0, 0.5)",cwdb_dr,drf,-0.0026036663010553995,0.0005887707308374673,-0.0037576569334968352,-0.0014496756686139636,50
wcf_sensitivity_v1_sym_null,SYM-NL-NULL,500,25,10,aipw_tcate_rmse,TCATE-K-grid_skewness,"aipw functional contrast; RMSE over four strata of X1 with edges (-0.5, 0.0, 0.5)",causal_drf,cwdb_dr,-0.0030806597521604133,0.0002254958635814808,-0.0035226316447801156,-0.002638687859540711,50
wcf_sensitivity_v1_sym_null,SYM-NL-NULL,500,25,10,aipw_tcate_rmse,TCATE-K-grid_skewness,"aipw functional contrast; RMSE over four strata of X1 with edges (-0.5, 0.0, 0.5)",causal_drf,drf,-3.381167413187464e-19,2.416759452418379e-19,-8.118015939927488e-19,1.3556811135525592e-19,50
wcf_sensitivity_v1_sym_null,SYM-NL-NULL,500,25,10,aipw_tcate_rmse,TCATE-K-grid_skewness,"aipw functional contrast; RMSE over four strata of X1 with edges (-0.5, 0.0, 0.5)",cwdb_dr,drf,0.003080659752160413,0.0002254958635814808,0.0026386878595407105,0.003522631644780115,50
wcf_sensitivity_v1_sym_null,SYM-NL-NULL,500,25,10,aipw_tcate_rmse,TCATE-K-grid_upper_tail_mean,"aipw functional contrast; RMSE over four strata of X1 with edges (-0.5, 0.0, 0.5)",causal_drf,cwdb_dr,0.11721536022885039,0.004179997586637773,0.10902256495904035,0.1254081554986604,50
wcf_sensitivity_v1_sym_null,SYM-NL-NULL,500,25,10,aipw_tcate_rmse,TCATE-K-grid_upper_tail_mean,"aipw functional contrast; RMSE over four strata of X1 with edges (-0.5, 0.0, 0.5)",causal_drf,drf,-0.010097046985101388,0.0018876560503719867,-0.013796852843830481,-0.006397241126372294,50
wcf_sensitivity_v1_sym_null,SYM-NL-NULL,500,25,10,aipw_tcate_rmse,TCATE-K-grid_upper_tail_mean,"aipw functional contrast; RMSE over four strata of X1 with edges (-0.5, 0.0, 0.5)",cwdb_dr,drf,-0.12731240721395176,0.004846992896356449,-0.1368125132908104,-0.11781230113709312,50
wcf_sensitivity_v1_sym_null,SYM-NL-NULL,500,25,10,barycenter_rmse,MEANQ-A-K,,causal_drf,cwdb_dr,0.13264239168276654,0.0019627147497480973,0.12879547077326026,0.13648931259227282,50
wcf_sensitivity_v1_sym_null,SYM-NL-NULL,500,25,10,barycenter_rmse,MEANQ-A-K,,causal_drf,drf,-0.0055290069228345895,0.00147931589477382,-0.008428466076591278,-0.0026295477690779024,50
wcf_sensitivity_v1_sym_null,SYM-NL-NULL,500,25,10,barycenter_rmse,MEANQ-A-K,,cwdb_dr,drf,-0.13817139860560113,0.002056401076349257,-0.14220194471524567,-0.1341408524959566,50
wcf_sensitivity_v1_sym_null,SYM-NL-NULL,500,25,10,mean_quantile_rmse,MEANQ-A-K,"arm contrast, the mandatory common target",causal_drf,cwdb_dr,0.20353439409196933,0.0074594802117219665,0.18891381287699427,0.2181549753069444,50
wcf_sensitivity_v1_sym_null,SYM-NL-NULL,500,25,10,mean_quantile_rmse,MEANQ-A-K,"arm contrast, the mandatory common target",causal_drf,drf,0.035070784993946474,0.003350498343361294,0.02850380824095834,0.041637761746934614,50
wcf_sensitivity_v1_sym_null,SYM-NL-NULL,500,25,10,mean_quantile_rmse,MEANQ-A-K,"arm contrast, the mandatory common target",cwdb_dr,drf,-0.16846360909802288,0.007207364373589793,-0.18259004327025888,-0.15433717492578689,50
wcf_sensitivity_v1_sym_null,SYM-NL-NULL,500,25,10,plugin_reference_tate_abs_error,REF-ATE-K,plugin reference contrast; marginal absolute error,causal_drf,cwdb_dr,0.015234111645899127,0.002992712627861875,0.009368394895289851,0.021099828396508404,50
wcf_sensitivity_v1_sym_null,SYM-NL-NULL,500,25,10,plugin_reference_tate_abs_error,REF-ATE-K,plugin reference contrast; marginal absolute error,causal_drf,drf,0.002183151152604909,0.0009248365393091049,0.0003704715355590635,0.003995830769650755,50
wcf_sensitivity_v1_sym_null,SYM-NL-NULL,500,25,10,plugin_reference_tate_abs_error,REF-ATE-K,plugin reference contrast; marginal absolute error,cwdb_dr,drf,-0.013050960493294218,0.002549863710573711,-0.018048693366018692,-0.008053227620569745,50
wcf_sensitivity_v1_sym_null,SYM-NL-NULL,500,25,10,plugin_reference_tcate_rmse,REF-TCATE-K,"plugin reference contrast; RMSE over four strata of X1 with edges (-0.5, 0.0, 0.5)",causal_drf,cwdb_dr,0.06320748402776756,0.002410830379907691,0.05848225648314849,0.06793271157238663,50
wcf_sensitivity_v1_sym_null,SYM-NL-NULL,500,25,10,plugin_reference_tcate_rmse,REF-TCATE-K,"plugin reference contrast; RMSE over four strata of X1 with edges (-0.5, 0.0, 0.5)",causal_drf,drf,-0.0076876967880307595,0.0012381222847263939,-0.01011441646609449,-0.005260977109967028,50
wcf_sensitivity_v1_sym_null,SYM-NL-NULL,500,25,10,plugin_reference_tcate_rmse,REF-TCATE-K,"plugin reference contrast; RMSE over four strata of X1 with edges (-0.5, 0.0, 0.5)",cwdb_dr,drf,-0.07089518081579832,0.002524060795430503,-0.0758423399748421,-0.06594802165675454,50
wcf_sensitivity_v1_sym_null,SYM-NL-NULL,500,25,10,plugin_tate_abs_error,TATE-K-grid_mean,plugin functional contrast; marginal absolute error,causal_drf,cwdb_dr,0.22582571479563146,0.0036858400586668918,0.21860146828064436,0.23304996131061856,50
wcf_sensitivity_v1_sym_null,SYM-NL-NULL,500,25,10,plugin_tate_abs_error,TATE-K-grid_mean,plugin functional contrast; marginal absolute error,causal_drf,drf,0.039128964539302646,0.0026989780872047862,0.033838967488381264,0.04441896159022403,50
wcf_sensitivity_v1_sym_null,SYM-NL-NULL,500,25,10,plugin_tate_abs_error,TATE-K-grid_mean,plugin functional contrast; marginal absolute error,cwdb_dr,drf,-0.18669675025632881,0.003769790093328699,-0.19408553883925306,-0.17930796167340457,50
wcf_sensitivity_v1_sym_null,SYM-NL-NULL,500,25,10,plugin_tate_abs_error,TATE-K-grid_sd,plugin functional contrast; marginal absolute error,causal_drf,cwdb_dr,0.0008005263052392971,0.00046920847510420477,-0.00011912230596494418,0.0017201749164435383,50
wcf_sensitivity_v1_sym_null,SYM-NL-NULL,500,25,10,plugin_tate_abs_error,TATE-K-grid_sd,plugin functional contrast; marginal absolute error,causal_drf,drf,4.369282208969939e-05,0.00015316480679034686,-0.00025651019921938046,0.00034389584339877924,50
wcf_sensitivity_v1_sym_null,SYM-NL-NULL,500,25,10,plugin_tate_abs_error,TATE-K-grid_sd,plugin functional contrast; marginal absolute error,cwdb_dr,drf,-0.0007568334831495977,0.00047897950082524156,-0.0016956333047670712,0.00018196633846787567,50
wcf_sensitivity_v1_sym_null,SYM-NL-NULL,500,25,10,plugin_tate_abs_error,TATE-K-grid_skewness,plugin functional contrast; marginal absolute error,causal_drf,cwdb_dr,-0.0013697856844339207,0.0002680278675597421,-0.0018951203048510152,-0.0008444510640168262,50
wcf_sensitivity_v1_sym_null,SYM-NL-NULL,500,25,10,plugin_tate_abs_error,TATE-K-grid_skewness,plugin functional contrast; marginal absolute error,causal_drf,drf,1.677948660015262e-18,6.652502821276414e-19,3.74058107045085e-19,2.9818392129854387e-18,50
wcf_sensitivity_v1_sym_null,SYM-NL-NULL,500,25,10,plugin_tate_abs_error,TATE-K-grid_skewness,plugin functional contrast; marginal absolute error,cwdb_dr,drf,0.0013697856844339222,0.00026802786755974215,0.0008444510640168276,0.0018951203048510167,50
wcf_sensitivity_v1_sym_null,SYM-NL-NULL,500,25,10,plugin_tate_abs_error,TATE-K-grid_upper_tail_mean,plugin functional contrast; marginal absolute error,causal_drf,cwdb_dr,0.22567024926909995,0.0037429835947747625,0.21833400142334142,0.2330064971148585,50
wcf_sensitivity_v1_sym_null,SYM-NL-NULL,500,25,10,plugin_tate_abs_error,TATE-K-grid_upper_tail_mean,plugin functional contrast; marginal absolute error,causal_drf,drf,0.039099751053485565,0.0027096843926458555,0.03378876964389969,0.044410732463071444,50
wcf_sensitivity_v1_sym_null,SYM-NL-NULL,500,25,10,plugin_tate_abs_error,TATE-K-grid_upper_tail_mean,plugin functional contrast; marginal absolute error,cwdb_dr,drf,-0.1865704982156144,0.003736833844472073,-0.19389469255077965,-0.17924630388044913,50
wcf_sensitivity_v1_sym_null,SYM-NL-NULL,500,25,10,plugin_tcate_rmse,TCATE-K-grid_mean,"plugin functional contrast; RMSE over four strata of X1 with edges (-0.5, 0.0, 0.5)",causal_drf,cwdb_dr,0.22605587944372688,0.0038394808688242787,0.2185304969408313,0.23358126194662246,50
wcf_sensitivity_v1_sym_null,SYM-NL-NULL,500,25,10,plugin_tcate_rmse,TCATE-K-grid_mean,"plugin functional contrast; RMSE over four strata of X1 with edges (-0.5, 0.0, 0.5)",causal_drf,drf,0.03991770285664842,0.0032285143314171676,0.03358981476707077,0.046245590946226066,50
wcf_sensitivity_v1_sym_null,SYM-NL-NULL,500,25,10,plugin_tcate_rmse,TCATE-K-grid_mean,"plugin functional contrast; RMSE over four strata of X1 with edges (-0.5, 0.0, 0.5)",cwdb_dr,drf,-0.18613817658707846,0.003943418418910741,-0.19386727668814352,-0.1784090764860134,50
wcf_sensitivity_v1_sym_null,SYM-NL-NULL,500,25,10,plugin_tcate_rmse,TCATE-K-grid_sd,"plugin functional contrast; RMSE over four strata of X1 with edges (-0.5, 0.0, 0.5)",causal_drf,cwdb_dr,0.0009036700560612109,0.0005159498769735913,-0.00010759170280702805,0.0019149318149294498,50
wcf_sensitivity_v1_sym_null,SYM-NL-NULL,500,25,10,plugin_tcate_rmse,TCATE-K-grid_sd,"plugin functional contrast; RMSE over four strata of X1 with edges (-0.5, 0.0, 0.5)",causal_drf,drf,0.00046316380728915994,0.00014272898418054246,0.0001834149982952967,0.0007429126162830232,50
wcf_sensitivity_v1_sym_null,SYM-NL-NULL,500,25,10,plugin_tcate_rmse,TCATE-K-grid_sd,"plugin functional contrast; RMSE over four strata of X1 with edges (-0.5, 0.0, 0.5)",cwdb_dr,drf,-0.00044050624877205093,0.0005533195865428909,-0.001525012638396117,0.0006440001408520152,50
wcf_sensitivity_v1_sym_null,SYM-NL-NULL,500,25,10,plugin_tcate_rmse,TCATE-K-grid_skewness,"plugin functional contrast; RMSE over four strata of X1 with edges (-0.5, 0.0, 0.5)",causal_drf,cwdb_dr,-0.0014688336244426713,0.0002697892095656935,-0.0019976204751914308,-0.000940046773693912,50
wcf_sensitivity_v1_sym_null,SYM-NL-NULL,500,25,10,plugin_tcate_rmse,TCATE-K-grid_skewness,"plugin functional contrast; RMSE over four strata of X1 with edges (-0.5, 0.0, 0.5)",causal_drf,drf,1.6443284643864913e-18,6.398611503399893e-19,3.902006097201122e-19,2.8984563190528706e-18,50
wcf_sensitivity_v1_sym_null,SYM-NL-NULL,500,25,10,plugin_tcate_rmse,TCATE-K-grid_skewness,"plugin functional contrast; RMSE over four strata of X1 with edges (-0.5, 0.0, 0.5)",cwdb_dr,drf,0.001468833624442673,0.00026978920956569356,0.0009400467736939137,0.0019976204751914325,50
wcf_sensitivity_v1_sym_null,SYM-NL-NULL,500,25,10,plugin_tcate_rmse,TCATE-K-grid_upper_tail_mean,"plugin functional contrast; RMSE over four strata of X1 with edges (-0.5, 0.0, 0.5)",causal_drf,cwdb_dr,0.22582804254254102,0.003924483766264466,0.21813605436066266,0.23352003072441938,50
wcf_sensitivity_v1_sym_null,SYM-NL-NULL,500,25,10,plugin_tcate_rmse,TCATE-K-grid_upper_tail_mean,"plugin functional contrast; RMSE over four strata of X1 with edges (-0.5, 0.0, 0.5)",causal_drf,drf,0.03986295301087131,0.0032462980573925247,0.03350020881838196,0.04622569720336066,50
wcf_sensitivity_v1_sym_null,SYM-NL-NULL,500,25,10,plugin_tcate_rmse,TCATE-K-grid_upper_tail_mean,"plugin functional contrast; RMSE over four strata of X1 with edges (-0.5, 0.0, 0.5)",cwdb_dr,drf,-0.18596508953166974,0.003953426770153797,-0.1937138060011712,-0.17821637306216828,50
wcf_sensitivity_v1_sym_null,SYM-NL-NULL,1000,25,10,aipw_reference_tate_abs_error,REF-ATE-K,aipw reference contrast; marginal absolute error,causal_drf,cwdb_dr,-0.002995157527086796,0.0011315904012564784,-0.005213074713549494,-0.0007772403406240986,50
wcf_sensitivity_v1_sym_null,SYM-NL-NULL,1000,25,10,aipw_reference_tate_abs_error,REF-ATE-K,aipw reference contrast; marginal absolute error,causal_drf,drf,-0.0002877389933840617,0.0008994397815307255,-0.0020506409651842835,0.0014751629784161603,50
wcf_sensitivity_v1_sym_null,SYM-NL-NULL,1000,25,10,aipw_reference_tate_abs_error,REF-ATE-K,aipw reference contrast; marginal absolute error,cwdb_dr,drf,0.0027074185337027344,0.0013678889940536535,2.6356105357573743e-05,0.0053884809620478955,50
wcf_sensitivity_v1_sym_null,SYM-NL-NULL,1000,25,10,aipw_reference_tcate_rmse,REF-TCATE-K,"aipw reference contrast; RMSE over four strata of X1 with edges (-0.5, 0.0, 0.5)",causal_drf,cwdb_dr,0.06014187047115403,0.0018141294040068812,0.05658617683930055,0.06369756410300752,50
wcf_sensitivity_v1_sym_null,SYM-NL-NULL,1000,25,10,aipw_reference_tcate_rmse,REF-TCATE-K,"aipw reference contrast; RMSE over four strata of X1 with edges (-0.5, 0.0, 0.5)",causal_drf,drf,-0.010539689089664211,0.0004581047025782135,-0.01143757430671751,-0.009641803872610913,50
wcf_sensitivity_v1_sym_null,SYM-NL-NULL,1000,25,10,aipw_reference_tcate_rmse,REF-TCATE-K,"aipw reference contrast; RMSE over four strata of X1 with edges (-0.5, 0.0, 0.5)",cwdb_dr,drf,-0.07068155956081824,0.0019253128692298426,-0.07445517278450874,-0.06690794633712775,50
wcf_sensitivity_v1_sym_null,SYM-NL-NULL,1000,25,10,aipw_tate_abs_error,TATE-K-grid_mean,aipw functional contrast; marginal absolute error,causal_drf,cwdb_dr,0.113938090227334,0.002036436375029806,0.10994667493227558,0.11792950552239242,50
wcf_sensitivity_v1_sym_null,SYM-NL-NULL,1000,25,10,aipw_tate_abs_error,TATE-K-grid_mean,aipw functional contrast; marginal absolute error,causal_drf,drf,-0.010758871456977376,0.0007501575070649164,-0.012229180170824612,-0.00928856274313014,50
wcf_sensitivity_v1_sym_null,SYM-NL-NULL,1000,25,10,aipw_tate_abs_error,TATE-K-grid_mean,aipw functional contrast; marginal absolute error,cwdb_dr,drf,-0.12469696168431138,0.002303181628834948,-0.12921119767682787,-0.12018272569179489,50
wcf_sensitivity_v1_sym_null,SYM-NL-NULL,1000,25,10,aipw_tate_abs_error,TATE-K-grid_sd,aipw functional contrast; marginal absolute error,causal_drf,cwdb_dr,0.00030993933715875313,0.00030561362899282374,-0.0002890633756671814,0.0009089420499846877,50
wcf_sensitivity_v1_sym_null,SYM-NL-NULL,1000,25,10,aipw_tate_abs_error,TATE-K-grid_sd,aipw functional contrast; marginal absolute error,causal_drf,drf,-0.00019008672832588475,6.446266585039757e-05,-0.000316433553392664,-6.37399032591055e-05,50
wcf_sensitivity_v1_sym_null,SYM-NL-NULL,1000,25,10,aipw_tate_abs_error,TATE-K-grid_sd,aipw functional contrast; marginal absolute error,cwdb_dr,drf,-0.0005000260654846379,0.00030762823653732597,-0.0011029774090977966,0.000102925278128521,50
wcf_sensitivity_v1_sym_null,SYM-NL-NULL,1000,25,10,aipw_tate_abs_error,TATE-K-grid_skewness,aipw functional contrast; marginal absolute error,causal_drf,cwdb_dr,-0.0004889410751496728,8.76130414643607e-05,-0.0006606626364198199,-0.00031721951387952583,50
wcf_sensitivity_v1_sym_null,SYM-NL-NULL,1000,25,10,aipw_tate_abs_error,TATE-K-grid_skewness,aipw functional contrast; marginal absolute error,causal_drf,drf,-6.341129293486684e-19,2.41718430888983e-19,-1.107881053891075e-18,-1.6034480480626175e-19,50
wcf_sensitivity_v1_sym_null,SYM-NL-NULL,1000,25,10,aipw_tate_abs_error,TATE-K-grid_skewness,aipw functional contrast; marginal absolute error,cwdb_dr,drf,0.0004889410751496722,8.761304146436074e-05,0.00031721951387952513,0.0006606626364198192,50
wcf_sensitivity_v1_sym_null,SYM-NL-NULL,1000,25,10,aipw_tate_abs_error,TATE-K-grid_upper_tail_mean,aipw functional contrast; marginal absolute error,causal_drf,cwdb_dr,0.11460074701832053,0.002127977465885961,0.11042991118518404,0.11877158285145702,50
wcf_sensitivity_v1_sym_null,SYM-NL-NULL,1000,25,10,aipw_tate_abs_error,TATE-K-grid_upper_tail_mean,aipw functional contrast; marginal absolute error,causal_drf,drf,-0.010721220889073652,0.0007462568643713796,-0.012183884343241556,-0.009258557434905747,50
wcf_sensitivity_v1_sym_null,SYM-NL-NULL,1000,25,10,aipw_tate_abs_error,TATE-K-grid_upper_tail_mean,aipw functional contrast; marginal absolute error,cwdb_dr,drf,-0.1253219679073942,0.002366722008058045,-0.12996074304318797,-0.12068319277160043,50
wcf_sensitivity_v1_sym_null,SYM-NL-NULL,1000,25,10,aipw_tcate_rmse,TCATE-K-grid_mean,"aipw functional contrast; RMSE over four strata of X1 with edges (-0.5, 0.0, 0.5)",causal_drf,cwdb_dr,0.1068387958180454,0.002581994548846702,0.10177808650230585,0.11189950513378494,50
wcf_sensitivity_v1_sym_null,SYM-NL-NULL,1000,25,10,aipw_tcate_rmse,TCATE-K-grid_mean,"aipw functional contrast; RMSE over four strata of X1 with edges (-0.5, 0.0, 0.5)",causal_drf,drf,-0.011520733087673513,0.0008206313211640957,-0.01312917047715514,-0.009912295698191884,50
wcf_sensitivity_v1_sym_null,SYM-NL-NULL,1000,25,10,aipw_tcate_rmse,TCATE-K-grid_mean,"aipw functional contrast; RMSE over four strata of X1 with edges (-0.5, 0.0, 0.5)",cwdb_dr,drf,-0.11835952890571891,0.0028867468257911095,-0.12401755268426948,-0.11270150512716834,50
wcf_sensitivity_v1_sym_null,SYM-NL-NULL,1000,25,10,aipw_tcate_rmse,TCATE-K-grid_sd,"aipw functional contrast; RMSE over four strata of X1 with edges (-0.5, 0.0, 0.5)",causal_drf,cwdb_dr,0.0006834525900996573,0.0003217654903173973,5.2792229077558536e-05,0.001314112951121756,50
wcf_sensitivity_v1_sym_null,SYM-NL-NULL,1000,25,10,aipw_tcate_rmse,TCATE-K-grid_sd,"aipw functional contrast; RMSE over four strata of X1 with edges (-0.5, 0.0, 0.5)",causal_drf,drf,-0.0008327018342366051,0.00010442757793767707,-0.001037379886994452,-0.000628023781478758,50
wcf_sensitivity_v1_sym_null,SYM-NL-NULL,1000,25,10,aipw_tcate_rmse,TCATE-K-grid_sd,"aipw functional contrast; RMSE over four strata of X1 with edges (-0.5, 0.0, 0.5)",cwdb_dr,drf,-0.0015161544243362623,0.000362538826206972,-0.0022267305237019274,-0.0008055783249705972,50
wcf_sensitivity_v1_sym_null,SYM-NL-NULL,1000,25,10,aipw_tcate_rmse,TCATE-K-grid_skewness,"aipw functional contrast; RMSE over four strata of X1 with edges (-0.5, 0.0, 0.5)",causal_drf,cwdb_dr,-0.0017310131287813495,0.00027705550532681464,-0.002274041919221906,-0.0011879843383407929,50
wcf_sensitivity_v1_sym_null,SYM-NL-NULL,1000,25,10,aipw_tcate_rmse,TCATE-K-grid_skewness,"aipw functional contrast; RMSE over four strata of X1 with edges (-0.5, 0.0, 0.5)",causal_drf,drf,-6.962399957860005e-19,2.545443548347866e-19,-1.1951469312621822e-18,-1.9733306030981874e-19,50
wcf_sensitivity_v1_sym_null,SYM-NL-NULL,1000,25,10,aipw_tcate_rmse,TCATE-K-grid_skewness,"aipw functional contrast; RMSE over four strata of X1 with edges (-0.5, 0.0, 0.5)",cwdb_dr,drf,0.0017310131287813489,0.00027705550532681464,0.0011879843383407922,0.0022740419192219053,50
wcf_sensitivity_v1_sym_null,SYM-NL-NULL,1000,25,10,aipw_tcate_rmse,TCATE-K-grid_upper_tail_mean,"aipw functional contrast; RMSE over four strata of X1 with edges (-0.5, 0.0, 0.5)",causal_drf,cwdb_dr,0.1074508894134821,0.0026611070705584426,0.10223511955518756,0.11266665927177665,50
wcf_sensitivity_v1_sym_null,SYM-NL-NULL,1000,25,10,aipw_tcate_rmse,TCATE-K-grid_upper_tail_mean,"aipw functional contrast; RMSE over four strata of X1 with edges (-0.5, 0.0, 0.5)",causal_drf,drf,-0.011477617028389231,0.0008132629933263147,-0.013071612495308808,-0.009883621561469654,50
wcf_sensitivity_v1_sym_null,SYM-NL-NULL,1000,25,10,aipw_tcate_rmse,TCATE-K-grid_upper_tail_mean,"aipw functional contrast; RMSE over four strata of X1 with edges (-0.5, 0.0, 0.5)",cwdb_dr,drf,-0.11892850644187133,0.0029358059265020436,-0.12468268605781534,-0.11317432682592733,50
wcf_sensitivity_v1_sym_null,SYM-NL-NULL,1000,25,10,barycenter_rmse,MEANQ-A-K,,causal_drf,cwdb_dr,0.10978456932343225,0.0016322375114609304,0.10658538380096882,0.11298375484589568,50
wcf_sensitivity_v1_sym_null,SYM-NL-NULL,1000,25,10,barycenter_rmse,MEANQ-A-K,,causal_drf,drf,-0.006751553101011554,0.0008495534181364588,-0.008416677800559012,-0.005086428401464094,50
wcf_sensitivity_v1_sym_null,SYM-NL-NULL,1000,25,10,barycenter_rmse,MEANQ-A-K,,cwdb_dr,drf,-0.1165361224244438,0.0015410563205252705,-0.11955659281267333,-0.11351565203621428,50
wcf_sensitivity_v1_sym_null,SYM-NL-NULL,1000,25,10,mean_quantile_rmse,MEANQ-A-K,"arm contrast, the mandatory common target",causal_drf,cwdb_dr,0.156752071606705,0.006345871532151689,0.1443141634036877,0.16918997980972234,50
wcf_sensitivity_v1_sym_null,SYM-NL-NULL,1000,25,10,mean_quantile_rmse,MEANQ-A-K,"arm contrast, the mandatory common target",causal_drf,drf,0.025027571584286645,0.001971136807403216,0.02116414344177634,0.02889099972679695,50
wcf_sensitivity_v1_sym_null,SYM-NL-NULL,1000,25,10,mean_quantile_rmse,MEANQ-A-K,"arm contrast, the mandatory common target",cwdb_dr,drf,-0.13172450002241837,0.0063322578643883855,-0.1441357254366196,-0.11931327460821713,50
wcf_sensitivity_v1_sym_null,SYM-NL-NULL,1000,25,10,plugin_reference_tate_abs_error,REF-ATE-K,plugin reference contrast; marginal absolute error,causal_drf,cwdb_dr,0.004972968138710711,0.0020261137728201616,0.0010017851439831941,0.008944151133438227,50
wcf_sensitivity_v1_sym_null,SYM-NL-NULL,1000,25,10,plugin_reference_tate_abs_error,REF-ATE-K,plugin reference contrast; marginal absolute error,causal_drf,drf,0.00144670020390349,0.001527714639182745,-0.0015476204888946903,0.00444102089670167,50
wcf_sensitivity_v1_sym_null,SYM-NL-NULL,1000,25,10,plugin_reference_tate_abs_error,REF-ATE-K,plugin reference contrast; marginal absolute error,cwdb_dr,drf,-0.003526267934807221,0.0015951489748763554,-0.006652759925564878,-0.00039977594404956443,50
wcf_sensitivity_v1_sym_null,SYM-NL-NULL,1000,25,10,plugin_reference_tcate_rmse,REF-TCATE-K,"plugin reference contrast; RMSE over four strata of X1 with edges (-0.5, 0.0, 0.5)",causal_drf,cwdb_dr,0.06885583035246273,0.00211409861481059,0.06471219706743397,0.07299946363749149,50
wcf_sensitivity_v1_sym_null,SYM-NL-NULL,1000,25,10,plugin_reference_tcate_rmse,REF-TCATE-K,"plugin reference contrast; RMSE over four strata of X1 with edges (-0.5, 0.0, 0.5)",causal_drf,drf,-0.0070931699937921006,0.0009333997567319615,-0.008922633516986744,-0.005263706470597456,50
wcf_sensitivity_v1_sym_null,SYM-NL-NULL,1000,25,10,plugin_reference_tcate_rmse,REF-TCATE-K,"plugin reference contrast; RMSE over four strata of X1 with edges (-0.5, 0.0, 0.5)",cwdb_dr,drf,-0.07594900034625483,0.0022018456792313704,-0.08026461787754832,-0.07163338281496134,50
wcf_sensitivity_v1_sym_null,SYM-NL-NULL,1000,25,10,plugin_tate_abs_error,TATE-K-grid_mean,plugin functional contrast; marginal absolute error,causal_drf,cwdb_dr,0.17588627108234295,0.0027410256556587415,0.1705138607972518,0.1812586813674341,50
wcf_sensitivity_v1_sym_null,SYM-NL-NULL,1000,25,10,plugin_tate_abs_error,TATE-K-grid_mean,plugin functional contrast; marginal absolute error,causal_drf,drf,0.03684186891725483,0.0016527175112409193,0.03360254259522263,0.04008119523928703,50
wcf_sensitivity_v1_sym_null,SYM-NL-NULL,1000,25,10,plugin_tate_abs_error,TATE-K-grid_mean,plugin functional contrast; marginal absolute error,cwdb_dr,drf,-0.13904440216508812,0.002781574517067966,-0.14449628821854132,-0.13359251611163492,50
wcf_sensitivity_v1_sym_null,SYM-NL-NULL,1000,25,10,plugin_tate_abs_error,TATE-K-grid_sd,plugin functional contrast; marginal absolute error,causal_drf,cwdb_dr,0.0005219300172584602,0.0003282870266815665,-0.00012151255503741018,0.0011653725895543305,50
wcf_sensitivity_v1_sym_null,SYM-NL-NULL,1000,25,10,plugin_tate_abs_error,TATE-K-grid_sd,plugin functional contrast; marginal absolute error,causal_drf,drf,-0.0001404030395975881,9.300895477837797e-05,-0.0003227005909632089,4.189451176803271e-05,50
wcf_sensitivity_v1_sym_null,SYM-NL-NULL,1000,25,10,plugin_tate_abs_error,TATE-K-grid_sd,plugin functional contrast; marginal absolute error,cwdb_dr,drf,-0.0006623330568560483,0.00037706242715059533,-0.001401375414071215,7.670930035911855e-05,50
wcf_sensitivity_v1_sym_null,SYM-NL-NULL,1000,25,10,plugin_tate_abs_error,TATE-K-grid_skewness,plugin functional contrast; marginal absolute error,causal_drf,cwdb_dr,-0.006583404105429858,0.0019423205917138747,-0.010390352465189052,-0.0027764557456706634,50
wcf_sensitivity_v1_sym_null,SYM-NL-NULL,1000,25,10,plugin_tate_abs_error,TATE-K-grid_skewness,plugin functional contrast; marginal absolute error,causal_drf,drf,1.3943941820807256e-18,4.365519668730782e-19,5.387523270094924e-19,2.2500360371519587e-18,50
wcf_sensitivity_v1_sym_null,SYM-NL-NULL,1000,25,10,plugin_tate_abs_error,TATE-K-grid_skewness,plugin functional contrast; marginal absolute error,cwdb_dr,drf,0.0065834041054298595,0.0019423205917138747,0.002776455745670665,0.010390352465189054,50
wcf_sensitivity_v1_sym_null,SYM-NL-NULL,1000,25,10,plugin_tate_abs_error,TATE-K-grid_upper_tail_mean,plugin functional contrast; marginal absolute error,causal_drf,cwdb_dr,0.17595005697893845,0.002789452743041832,0.17048272960257646,0.18141738435530044,50
wcf_sensitivity_v1_sym_null,SYM-NL-NULL,1000,25,10,plugin_tate_abs_error,TATE-K-grid_upper_tail_mean,plugin functional contrast; marginal absolute error,causal_drf,drf,0.03671330708281467,0.0016626635473379,0.03345448653003239,0.03997212763559695,50
wcf_sensitivity_v1_sym_null,SYM-NL-NULL,1000,25,10,plugin_tate_abs_error,TATE-K-grid_upper_tail_mean,plugin functional contrast; marginal absolute error,cwdb_dr,drf,-0.13923674989612378,0.0028534733261736927,-0.1448295576154242,-0.13364394217682335,50
wcf_sensitivity_v1_sym_null,SYM-NL-NULL,1000,25,10,plugin_tcate_rmse,TCATE-K-grid_mean,"plugin functional contrast; RMSE over four strata of X1 with edges (-0.5, 0.0, 0.5)",causal_drf,cwdb_dr,0.17436560040235377,0.003051211562362387,0.1683852257401235,0.18034597506458405,50
wcf_sensitivity_v1_sym_null,SYM-NL-NULL,1000,25,10,plugin_tcate_rmse,TCATE-K-grid_mean,"plugin functional contrast; RMSE over four strata of X1 with edges (-0.5, 0.0, 0.5)",causal_drf,drf,0.037694908336088656,0.0017389252414748229,0.03428661486279801,0.041103201809379306,50
wcf_sensitivity_v1_sym_null,SYM-NL-NULL,1000,25,10,plugin_tcate_rmse,TCATE-K-grid_mean,"plugin functional contrast; RMSE over four strata of X1 with edges (-0.5, 0.0, 0.5)",cwdb_dr,drf,-0.13667069206626514,0.0030248223404254026,-0.14259934385349893,-0.13074204027903136,50
wcf_sensitivity_v1_sym_null,SYM-NL-NULL,1000,25,10,plugin_tcate_rmse,TCATE-K-grid_sd,"plugin functional contrast; RMSE over four strata of X1 with edges (-0.5, 0.0, 0.5)",causal_drf,cwdb_dr,0.0007334900062515438,0.0003533425974177709,4.093851531271288e-05,0.0014260414971903747,50
wcf_sensitivity_v1_sym_null,SYM-NL-NULL,1000,25,10,plugin_tcate_rmse,TCATE-K-grid_sd,"plugin functional contrast; RMSE over four strata of X1 with edges (-0.5, 0.0, 0.5)",causal_drf,drf,-4.807079016798431e-05,0.00010293091357140344,-0.00024981538076793505,0.00015367380043196643,50
wcf_sensitivity_v1_sym_null,SYM-NL-NULL,1000,25,10,plugin_tcate_rmse,TCATE-K-grid_sd,"plugin functional contrast; RMSE over four strata of X1 with edges (-0.5, 0.0, 0.5)",cwdb_dr,drf,-0.0007815607964195281,0.0003690550916967894,-0.0015049087761452354,-5.8212816693820947e-05,50
wcf_sensitivity_v1_sym_null,SYM-NL-NULL,1000,25,10,plugin_tcate_rmse,TCATE-K-grid_skewness,"plugin functional contrast; RMSE over four strata of X1 with edges (-0.5, 0.0, 0.5)",causal_drf,cwdb_dr,-0.006639506893340932,0.0019498640332132617,-0.010461240398438924,-0.0028177733882429395,50
wcf_sensitivity_v1_sym_null,SYM-NL-NULL,1000,25,10,plugin_tcate_rmse,TCATE-K-grid_skewness,"plugin functional contrast; RMSE over four strata of X1 with edges (-0.5, 0.0, 0.5)",causal_drf,drf,1.5994238185365649e-18,5.009068338028207e-19,6.176464242830364e-19,2.581201212790093e-18,50
wcf_sensitivity_v1_sym_null,SYM-NL-NULL,1000,25,10,plugin_tcate_rmse,TCATE-K-grid_skewness,"plugin functional contrast; RMSE over four strata of X1 with edges (-0.5, 0.0, 0.5)",cwdb_dr,drf,0.006639506893340934,0.0019498640332132617,0.0028177733882429412,0.010461240398438928,50
wcf_sensitivity_v1_sym_null,SYM-NL-NULL,1000,25,10,plugin_tcate_rmse,TCATE-K-grid_upper_tail_mean,"plugin functional contrast; RMSE over four strata of X1 with edges (-0.5, 0.0, 0.5)",causal_drf,cwdb_dr,0.17427647045487243,0.0031308550156561796,0.16813999462418633,0.18041294628555854,50
wcf_sensitivity_v1_sym_null,SYM-NL-NULL,1000,25,10,plugin_tcate_rmse,TCATE-K-grid_upper_tail_mean,"plugin functional contrast; RMSE over four strata of X1 with edges (-0.5, 0.0, 0.5)",causal_drf,drf,0.037547784680051294,0.001744992606314937,0.03412759917167402,0.04096797018842857,50
wcf_sensitivity_v1_sym_null,SYM-NL-NULL,1000,25,10,plugin_tcate_rmse,TCATE-K-grid_upper_tail_mean,"plugin functional contrast; RMSE over four strata of X1 with edges (-0.5, 0.0, 0.5)",cwdb_dr,drf,-0.13672868577482114,0.003102198140578529,-0.14280899413035505,-0.13064837741928723,50
wcf_sensitivity_v1_sym_null,SYM-RANDOM-NULL,500,25,10,aipw_reference_tate_abs_error,REF-ATE-K,aipw reference contrast; marginal absolute error,causal_drf,cwdb_dr,0.0007158949532822118,0.0017599326558000164,-0.0027335730520858205,0.004165362958650244,50
wcf_sensitivity_v1_sym_null,SYM-RANDOM-NULL,500,25,10,aipw_reference_tate_abs_error,REF-ATE-K,aipw reference contrast; marginal absolute error,causal_drf,drf,-1.3683548427054215e-05,0.000143735142123635,-0.0002954044269893788,0.00026803733013527035,50
wcf_sensitivity_v1_sym_null,SYM-RANDOM-NULL,500,25,10,aipw_reference_tate_abs_error,REF-ATE-K,aipw reference contrast; marginal absolute error,cwdb_dr,drf,-0.000729578501709266,0.0018315024910836551,-0.00431932338423323,0.002860166380814698,50
wcf_sensitivity_v1_sym_null,SYM-RANDOM-NULL,500,25,10,aipw_reference_tcate_rmse,REF-TCATE-K,"aipw reference contrast; RMSE over four strata of X1 with edges (-0.5, 0.0, 0.5)",causal_drf,cwdb_dr,0.005370864657809213,0.0023266969581647702,0.0008105386198062631,0.009931190695812163,50
wcf_sensitivity_v1_sym_null,SYM-RANDOM-NULL,500,25,10,aipw_reference_tcate_rmse,REF-TCATE-K,"aipw reference contrast; RMSE over four strata of X1 with edges (-0.5, 0.0, 0.5)",causal_drf,drf,-0.0006252967378834462,0.0001958990484616533,-0.0010092588728682866,-0.00024133460289860572,50
wcf_sensitivity_v1_sym_null,SYM-RANDOM-NULL,500,25,10,aipw_reference_tcate_rmse,REF-TCATE-K,"aipw reference contrast; RMSE over four strata of X1 with edges (-0.5, 0.0, 0.5)",cwdb_dr,drf,-0.005996161395692659,0.0024050505343771412,-0.010710060443071856,-0.0012822623483134624,50
wcf_sensitivity_v1_sym_null,SYM-RANDOM-NULL,500,25,10,aipw_tate_abs_error,TATE-K-grid_mean,aipw functional contrast; marginal absolute error,causal_drf,cwdb_dr,0.005584696975723422,0.0032138457843823025,-0.0007144407616658903,0.011883834713112735,50
wcf_sensitivity_v1_sym_null,SYM-RANDOM-NULL,500,25,10,aipw_tate_abs_error,TATE-K-grid_mean,aipw functional contrast; marginal absolute error,causal_drf,drf,-0.00020490205826770996,0.0005391443231963614,-0.0012616249317325783,0.0008518208151971584,50
wcf_sensitivity_v1_sym_null,SYM-RANDOM-NULL,500,25,10,aipw_tate_abs_error,TATE-K-grid_mean,aipw functional contrast; marginal absolute error,cwdb_dr,drf,-0.005789599033991132,0.0032981083736421087,-0.012253891446329665,0.0006746933783474008,50
wcf_sensitivity_v1_sym_null,SYM-RANDOM-NULL,500,25,10,aipw_tate_abs_error,TATE-K-grid_sd,aipw functional contrast; marginal absolute error,causal_drf,cwdb_dr,0.00014756028371319414,0.0002745794582198246,-0.00039061545439766205,0.0006857360218240503,50
wcf_sensitivity_v1_sym_null,SYM-RANDOM-NULL,500,25,10,aipw_tate_abs_error,TATE-K-grid_sd,aipw functional contrast; marginal absolute error,causal_drf,drf,-0.00017704525689859595,3.463624939938149e-05,-0.00024493230572138365,-0.00010915820807580824,50
wcf_sensitivity_v1_sym_null,SYM-RANDOM-NULL,500,25,10,aipw_tate_abs_error,TATE-K-grid_sd,aipw functional contrast; marginal absolute error,cwdb_dr,drf,-0.0003246055406117901,0.00028717507010675257,-0.0008874686780210252,0.00023825759679744498,50
wcf_sensitivity_v1_sym_null,SYM-RANDOM-NULL,500,25,10,aipw_tate_abs_error,TATE-K-grid_skewness,aipw functional contrast; marginal absolute error,causal_drf,cwdb_dr,-0.0007487605278538203,7.117628883846859e-05,-0.0008882660539772187,-0.000609255001730422,50
wcf_sensitivity_v1_sym_null,SYM-RANDOM-NULL,500,25,10,aipw_tate_abs_error,TATE-K-grid_skewness,aipw functional contrast; marginal absolute error,causal_drf,drf,1.7954030569871875e-20,7.868950377069021e-20,-1.3627739682068094e-19,1.721854579604247e-19,50
wcf_sensitivity_v1_sym_null,SYM-RANDOM-NULL,500,25,10,aipw_tate_abs_error,TATE-K-grid_skewness,aipw functional contrast; marginal absolute error,cwdb_dr,drf,0.0007487605278538203,7.117628883846859e-05,0.000609255001730422,0.0008882660539772187,50
wcf_sensitivity_v1_sym_null,SYM-RANDOM-NULL,500,25,10,aipw_tate_abs_error,TATE-K-grid_upper_tail_mean,aipw functional contrast; marginal absolute error,causal_drf,cwdb_dr,0.0055048778129067125,0.003282379177280647,-0.0009285853745633552,0.01193834100037678,50
wcf_sensitivity_v1_sym_null,SYM-RANDOM-NULL,500,25,10,aipw_tate_abs_error,TATE-K-grid_upper_tail_mean,aipw functional contrast; marginal absolute error,causal_drf,drf,-0.0002522457030860112,0.0005496736286674431,-0.0013296060152741995,0.0008251146091021772,50
wcf_sensitivity_v1_sym_null,SYM-RANDOM-NULL,500,25,10,aipw_tate_abs_error,TATE-K-grid_upper_tail_mean,aipw functional contrast; marginal absolute error,cwdb_dr,drf,-0.005757123515992724,0.0033883338022592923,-0.012398257768420937,0.0008840107364354892,50
wcf_sensitivity_v1_sym_null,SYM-RANDOM-NULL,500,25,10,aipw_tcate_rmse,TCATE-K-grid_mean,"aipw functional contrast; RMSE over four strata of X1 with edges (-0.5, 0.0, 0.5)",causal_drf,cwdb_dr,0.0111842110224371,0.002871784811369348,0.005555512792153178,0.016812909252721022,50
wcf_sensitivity_v1_sym_null,SYM-RANDOM-NULL,500,25,10,aipw_tcate_rmse,TCATE-K-grid_mean,"aipw functional contrast; RMSE over four strata of X1 with edges (-0.5, 0.0, 0.5)",causal_drf,drf,0.0021221704395791158,0.000832673321988579,0.0004901307284815011,0.0037542101506767307,50
wcf_sensitivity_v1_sym_null,SYM-RANDOM-NULL,500,25,10,aipw_tcate_rmse,TCATE-K-grid_mean,"aipw functional contrast; RMSE over four strata of X1 with edges (-0.5, 0.0, 0.5)",cwdb_dr,drf,-0.009062040582857984,0.0026634932309283627,-0.014282487315477575,-0.0038415938502383935,50
wcf_sensitivity_v1_sym_null,SYM-RANDOM-NULL,500,25,10,aipw_tcate_rmse,TCATE-K-grid_sd,"aipw functional contrast; RMSE over four strata of X1 with edges (-0.5, 0.0, 0.5)",causal_drf,cwdb_dr,0.0015138435583583023,0.00039209862702888526,0.0007453302493816872,0.0022823568673349176,50
wcf_sensitivity_v1_sym_null,SYM-RANDOM-NULL,500,25,10,aipw_tcate_rmse,TCATE-K-grid_sd,"aipw functional contrast; RMSE over four strata of X1 with edges (-0.5, 0.0, 0.5)",causal_drf,drf,-0.0010781064444032491,0.00010060838008249751,-0.0012752988693649442,-0.0008809140194415541,50
wcf_sensitivity_v1_sym_null,SYM-RANDOM-NULL,500,25,10,aipw_tcate_rmse,TCATE-K-grid_sd,"aipw functional contrast; RMSE over four strata of X1 with edges (-0.5, 0.0, 0.5)",cwdb_dr,drf,-0.0025919500027615514,0.0004636703334194176,-0.0035007438562636097,-0.001683156149259493,50
wcf_sensitivity_v1_sym_null,SYM-RANDOM-NULL,500,25,10,aipw_tcate_rmse,TCATE-K-grid_skewness,"aipw functional contrast; RMSE over four strata of X1 with edges (-0.5, 0.0, 0.5)",causal_drf,cwdb_dr,-0.0018006144678706132,0.00010104307556806907,-0.0019986588959840287,-0.0016025700397571977,50
wcf_sensitivity_v1_sym_null,SYM-RANDOM-NULL,500,25,10,aipw_tcate_rmse,TCATE-K-grid_skewness,"aipw functional contrast; RMSE over four strata of X1 with edges (-0.5, 0.0, 0.5)",causal_drf,drf,5.0480821122199686e-20,1.127371543938815e-19,-1.7048400148980806e-19,2.7144564373420743e-19,50
wcf_sensitivity_v1_sym_null,SYM-RANDOM-NULL,500,25,10,aipw_tcate_rmse,TCATE-K-grid_skewness,"aipw functional contrast; RMSE over four strata of X1 with edges (-0.5, 0.0, 0.5)",cwdb_dr,drf,0.0018006144678706132,0.00010104307556806904,0.001602570039757198,0.0019986588959840287,50
wcf_sensitivity_v1_sym_null,SYM-RANDOM-NULL,500,25,10,aipw_tcate_rmse,TCATE-K-grid_upper_tail_mean,"aipw functional contrast; RMSE over four strata of X1 with edges (-0.5, 0.0, 0.5)",causal_drf,cwdb_dr,0.010668499600684701,0.002797206514756433,0.0051859748317620935,0.01615102436960731,50
wcf_sensitivity_v1_sym_null,SYM-RANDOM-NULL,500,25,10,aipw_tcate_rmse,TCATE-K-grid_upper_tail_mean,"aipw functional contrast; RMSE over four strata of X1 with edges (-0.5, 0.0, 0.5)",causal_drf,drf,0.002104463559691877,0.0008439210139668733,0.0004503783723168054,0.0037585487470669487,50
wcf_sensitivity_v1_sym_null,SYM-RANDOM-NULL,500,25,10,aipw_tcate_rmse,TCATE-K-grid_upper_tail_mean,"aipw functional contrast; RMSE over four strata of X1 with edges (-0.5, 0.0, 0.5)",cwdb_dr,drf,-0.008564036040992824,0.002605863731791314,-0.0136715289553038,-0.0034565431266818485,50
wcf_sensitivity_v1_sym_null,SYM-RANDOM-NULL,500,25,10,barycenter_rmse,MEANQ-A-K,,causal_drf,cwdb_dr,0.13030185509532657,0.0018432758082350625,0.12668903451118585,0.1339146756794673,50
wcf_sensitivity_v1_sym_null,SYM-RANDOM-NULL,500,25,10,barycenter_rmse,MEANQ-A-K,,causal_drf,drf,0.03434534095564773,0.001422093068661087,0.031558038541071996,0.03713264337022346,50
wcf_sensitivity_v1_sym_null,SYM-RANDOM-NULL,500,25,10,barycenter_rmse,MEANQ-A-K,,cwdb_dr,drf,-0.09595651413967884,0.0013451079258504897,-0.0985929256743458,-0.09332010260501189,50
wcf_sensitivity_v1_sym_null,SYM-RANDOM-NULL,500,25,10,mean_quantile_rmse,MEANQ-A-K,"arm contrast, the mandatory common target",causal_drf,cwdb_dr,-0.01029007467734485,0.007494348997784423,-0.02497899871300232,0.004398849358312619,50
wcf_sensitivity_v1_sym_null,SYM-RANDOM-NULL,500,25,10,mean_quantile_rmse,MEANQ-A-K,"arm contrast, the mandatory common target",causal_drf,drf,-0.00287540358840372,0.0027758568704288103,-0.008316083054444187,0.0025652758776367477,50
wcf_sensitivity_v1_sym_null,SYM-RANDOM-NULL,500,25,10,mean_quantile_rmse,MEANQ-A-K,"arm contrast, the mandatory common target",cwdb_dr,drf,0.00741467108894113,0.007585711244941834,-0.007453322951144864,0.022282665129027122,50
wcf_sensitivity_v1_sym_null,SYM-RANDOM-NULL,500,25,10,plugin_reference_tate_abs_error,REF-ATE-K,plugin reference contrast; marginal absolute error,causal_drf,cwdb_dr,0.009671206450581548,0.002262775330071243,0.005236166803641911,0.014106246097521185,50
wcf_sensitivity_v1_sym_null,SYM-RANDOM-NULL,500,25,10,plugin_reference_tate_abs_error,REF-ATE-K,plugin reference contrast; marginal absolute error,causal_drf,drf,0.0014090914325447686,0.0009535381643019636,-0.0004598433694870802,0.0032780262345766175,50
wcf_sensitivity_v1_sym_null,SYM-RANDOM-NULL,500,25,10,plugin_reference_tate_abs_error,REF-ATE-K,plugin reference contrast; marginal absolute error,cwdb_dr,drf,-0.008262115018036779,0.002055080866894231,-0.012290073517149471,-0.004234156518924087,50
wcf_sensitivity_v1_sym_null,SYM-RANDOM-NULL,500,25,10,plugin_reference_tcate_rmse,REF-TCATE-K,"plugin reference contrast; RMSE over four strata of X1 with edges (-0.5, 0.0, 0.5)",causal_drf,cwdb_dr,0.004142149895369214,0.0027800323594978993,-0.0013067135292466683,0.009591013319985096,50
wcf_sensitivity_v1_sym_null,SYM-RANDOM-NULL,500,25,10,plugin_reference_tcate_rmse,REF-TCATE-K,"plugin reference contrast; RMSE over four strata of X1 with edges (-0.5, 0.0, 0.5)",causal_drf,drf,-0.00203688643200858,0.0011608244809087804,-0.0043121024145897895,0.00023832955057262982,50
wcf_sensitivity_v1_sym_null,SYM-RANDOM-NULL,500,25,10,plugin_reference_tcate_rmse,REF-TCATE-K,"plugin reference contrast; RMSE over four strata of X1 with edges (-0.5, 0.0, 0.5)",cwdb_dr,drf,-0.006179036327377794,0.002762356265488779,-0.0115932546077358,-0.0007648180470197869,50
wcf_sensitivity_v1_sym_null,SYM-RANDOM-NULL,500,25,10,plugin_tate_abs_error,TATE-K-grid_mean,plugin functional contrast; marginal absolute error,causal_drf,cwdb_dr,0.018318181638409294,0.004709239063799386,0.009088073073362497,0.02754829020345609,50
wcf_sensitivity_v1_sym_null,SYM-RANDOM-NULL,500,25,10,plugin_tate_abs_error,TATE-K-grid_mean,plugin functional contrast; marginal absolute error,causal_drf,drf,0.00803708681680608,0.0022926960996399303,0.003543402461511817,0.012530771172100344,50
wcf_sensitivity_v1_sym_null,SYM-RANDOM-NULL,500,25,10,plugin_tate_abs_error,TATE-K-grid_mean,plugin functional contrast; marginal absolute error,cwdb_dr,drf,-0.010281094821603214,0.004010796409554788,-0.018142255784330596,-0.002419933858875829,50
wcf_sensitivity_v1_sym_null,SYM-RANDOM-NULL,500,25,10,plugin_tate_abs_error,TATE-K-grid_sd,plugin functional contrast; marginal absolute error,causal_drf,cwdb_dr,0.0018609800391517304,0.0004210570792698185,0.0010357081637828863,0.0026862519145205745,50
wcf_sensitivity_v1_sym_null,SYM-RANDOM-NULL,500,25,10,plugin_tate_abs_error,TATE-K-grid_sd,plugin functional contrast; marginal absolute error,causal_drf,drf,-6.632232687228375e-05,0.00011685214483237566,-0.00029535253074374005,0.00016270787699917256,50
wcf_sensitivity_v1_sym_null,SYM-RANDOM-NULL,500,25,10,plugin_tate_abs_error,TATE-K-grid_sd,plugin functional contrast; marginal absolute error,cwdb_dr,drf,-0.0019273023660240141,0.0004576134538191986,-0.0028242247355096434,-0.001030379996538385,50
wcf_sensitivity_v1_sym_null,SYM-RANDOM-NULL,500,25,10,plugin_tate_abs_error,TATE-K-grid_skewness,plugin functional contrast; marginal absolute error,causal_drf,cwdb_dr,-0.003294074304622792,0.0006462617138319977,-0.004560747263733508,-0.0020274013455120763,50
wcf_sensitivity_v1_sym_null,SYM-RANDOM-NULL,500,25,10,plugin_tate_abs_error,TATE-K-grid_skewness,plugin functional contrast; marginal absolute error,causal_drf,drf,3.390952014297089e-19,5.429491421918505e-19,-7.250851172663182e-19,1.403275520125736e-18,50
wcf_sensitivity_v1_sym_null,SYM-RANDOM-NULL,500,25,10,plugin_tate_abs_error,TATE-K-grid_skewness,plugin functional contrast; marginal absolute error,cwdb_dr,drf,0.003294074304622792,0.0006462617138319978,0.0020274013455120763,0.004560747263733508,50
wcf_sensitivity_v1_sym_null,SYM-RANDOM-NULL,500,25,10,plugin_tate_abs_error,TATE-K-grid_upper_tail_mean,plugin functional contrast; marginal absolute error,causal_drf,cwdb_dr,0.018127587552075837,0.004642264556570424,0.009028749021197805,0.02722642608295387,50
wcf_sensitivity_v1_sym_null,SYM-RANDOM-NULL,500,25,10,plugin_tate_abs_error,TATE-K-grid_upper_tail_mean,plugin functional contrast; marginal absolute error,causal_drf,drf,0.008365593640131005,0.002288678065573413,0.0038797846316071154,0.012851402648654895,50
wcf_sensitivity_v1_sym_null,SYM-RANDOM-NULL,500,25,10,plugin_tate_abs_error,TATE-K-grid_upper_tail_mean,plugin functional contrast; marginal absolute error,cwdb_dr,drf,-0.009761993911944832,0.003958150301662237,-0.017519968503202817,-0.002004019320686847,50
wcf_sensitivity_v1_sym_null,SYM-RANDOM-NULL,500,25,10,plugin_tcate_rmse,TCATE-K-grid_mean,"plugin functional contrast; RMSE over four strata of X1 with edges (-0.5, 0.0, 0.5)",causal_drf,cwdb_dr,0.015323050176413392,0.004308594730597745,0.006878204504441812,0.02376789584838497,50
wcf_sensitivity_v1_sym_null,SYM-RANDOM-NULL,500,25,10,plugin_tcate_rmse,TCATE-K-grid_mean,"plugin functional contrast; RMSE over four strata of X1 with edges (-0.5, 0.0, 0.5)",causal_drf,drf,-0.0017613402938851802,0.0025412906827463164,-0.00674227003206796,0.0032195894442975997,50
wcf_sensitivity_v1_sym_null,SYM-RANDOM-NULL,500,25,10,plugin_tcate_rmse,TCATE-K-grid_mean,"plugin functional contrast; RMSE over four strata of X1 with edges (-0.5, 0.0, 0.5)",cwdb_dr,drf,-0.017084390470298572,0.003581125139525238,-0.02410339574376804,-0.010065385196829106,50
wcf_sensitivity_v1_sym_null,SYM-RANDOM-NULL,500,25,10,plugin_tcate_rmse,TCATE-K-grid_sd,"plugin functional contrast; RMSE over four strata of X1 with edges (-0.5, 0.0, 0.5)",causal_drf,cwdb_dr,0.000879819510571144,0.0004740599372363864,-4.933796641217337e-05,0.0018089769875544613,50
wcf_sensitivity_v1_sym_null,SYM-RANDOM-NULL,500,25,10,plugin_tcate_rmse,TCATE-K-grid_sd,"plugin functional contrast; RMSE over four strata of X1 with edges (-0.5, 0.0, 0.5)",causal_drf,drf,-0.00037039267701484153,0.00011892082633534956,-0.0006034774966321266,-0.0001373078573975564,50
wcf_sensitivity_v1_sym_null,SYM-RANDOM-NULL,500,25,10,plugin_tcate_rmse,TCATE-K-grid_sd,"plugin functional contrast; RMSE over four strata of X1 with edges (-0.5, 0.0, 0.5)",cwdb_dr,drf,-0.0012502121875859855,0.0005130889570590806,-0.0022558665434217837,-0.00024455783175018745,50
wcf_sensitivity_v1_sym_null,SYM-RANDOM-NULL,500,25,10,plugin_tcate_rmse,TCATE-K-grid_skewness,"plugin functional contrast; RMSE over four strata of X1 with edges (-0.5, 0.0, 0.5)",causal_drf,cwdb_dr,-0.003426734670213932,0.000644130270907459,-0.004689230001192552,-0.0021642393392353122,50
wcf_sensitivity_v1_sym_null,SYM-RANDOM-NULL,500,25,10,plugin_tcate_rmse,TCATE-K-grid_skewness,"plugin functional contrast; RMSE over four strata of X1 with edges (-0.5, 0.0, 0.5)",causal_drf,drf,-1.1446514376709177e-18,6.13464858509811e-19,-2.3470425603501472e-18,5.773968500831183e-20,50
wcf_sensitivity_v1_sym_null,SYM-RANDOM-NULL,500,25,10,plugin_tcate_rmse,TCATE-K-grid_skewness,"plugin functional contrast; RMSE over four strata of X1 with edges (-0.5, 0.0, 0.5)",cwdb_dr,drf,0.003426734670213931,0.0006441302709074591,0.002164239339235311,0.004689230001192551,50
wcf_sensitivity_v1_sym_null,SYM-RANDOM-NULL,500,25,10,plugin_tcate_rmse,TCATE-K-grid_upper_tail_mean,"plugin functional contrast; RMSE over four strata of X1 with edges (-0.5, 0.0, 0.5)",causal_drf,cwdb_dr,0.015202826133408627,0.004245607830067324,0.0068814347864766725,0.02352421748034058,50
wcf_sensitivity_v1_sym_null,SYM-RANDOM-NULL,500,25,10,plugin_tcate_rmse,TCATE-K-grid_upper_tail_mean,"plugin functional contrast; RMSE over four strata of X1 with edges (-0.5, 0.0, 0.5)",causal_drf,drf,-0.0015827693014423064,0.0025204447732592584,-0.006522841057030453,0.0033573024541458402,50
wcf_sensitivity_v1_sym_null,SYM-RANDOM-NULL,500,25,10,plugin_tcate_rmse,TCATE-K-grid_upper_tail_mean,"plugin functional contrast; RMSE over four strata of X1 with edges (-0.5, 0.0, 0.5)",cwdb_dr,drf,-0.016785595434850933,0.003551381026987129,-0.023746302247745706,-0.00982488862195616,50
wcf_sensitivity_v1_sym_null,SYM-RANDOM-NULL,1000,25,10,aipw_reference_tate_abs_error,REF-ATE-K,aipw reference contrast; marginal absolute error,causal_drf,cwdb_dr,0.004886289572165581,0.0010774156945545816,0.002774554810838601,0.00699802433349256,50
wcf_sensitivity_v1_sym_null,SYM-RANDOM-NULL,1000,25,10,aipw_reference_tate_abs_error,REF-ATE-K,aipw reference contrast; marginal absolute error,causal_drf,drf,-0.00017746762434517685,0.00010894190929759214,-0.00039099376656845744,3.6058517878103736e-05,50
wcf_sensitivity_v1_sym_null,SYM-RANDOM-NULL,1000,25,10,aipw_reference_tate_abs_error,REF-ATE-K,aipw reference contrast; marginal absolute error,cwdb_dr,drf,-0.005063757196510758,0.0010820958578325554,-0.007184665077862566,-0.0029428493151589493,50
wcf_sensitivity_v1_sym_null,SYM-RANDOM-NULL,1000,25,10,aipw_reference_tcate_rmse,REF-TCATE-K,"aipw reference contrast; RMSE over four strata of X1 with edges (-0.5, 0.0, 0.5)",causal_drf,cwdb_dr,0.007834999766758936,0.001383993596786137,0.005122372317058107,0.010547627216459765,50
wcf_sensitivity_v1_sym_null,SYM-RANDOM-NULL,1000,25,10,aipw_reference_tcate_rmse,REF-TCATE-K,"aipw reference contrast; RMSE over four strata of X1 with edges (-0.5, 0.0, 0.5)",causal_drf,drf,-0.0002582953777371458,0.00011836266773798229,-0.0004902862065035911,-2.6304548970700493e-05,50
wcf_sensitivity_v1_sym_null,SYM-RANDOM-NULL,1000,25,10,aipw_reference_tcate_rmse,REF-TCATE-K,"aipw reference contrast; RMSE over four strata of X1 with edges (-0.5, 0.0, 0.5)",cwdb_dr,drf,-0.008093295144496082,0.0013940879963691853,-0.010825707617379686,-0.005360882671612479,50
wcf_sensitivity_v1_sym_null,SYM-RANDOM-NULL,1000,25,10,aipw_tate_abs_error,TATE-K-grid_mean,aipw functional contrast; marginal absolute error,causal_drf,cwdb_dr,0.004254153218095601,0.0021490030087541914,4.21073209373856e-05,0.008466199115253816,50
wcf_sensitivity_v1_sym_null,SYM-RANDOM-NULL,1000,25,10,aipw_tate_abs_error,TATE-K-grid_mean,aipw functional contrast; marginal absolute error,causal_drf,drf,0.0010901031870312154,0.0008053024215660032,-0.0004882895592381508,0.0026684959333005817,50
wcf_sensitivity_v1_sym_null,SYM-RANDOM-NULL,1000,25,10,aipw_tate_abs_error,TATE-K-grid_mean,aipw functional contrast; marginal absolute error,cwdb_dr,drf,-0.0031640500310643853,0.0018560957530355253,-0.006801997707014015,0.0004738976448852442,50
wcf_sensitivity_v1_sym_null,SYM-RANDOM-NULL,1000,25,10,aipw_tate_abs_error,TATE-K-grid_sd,aipw functional contrast; marginal absolute error,causal_drf,cwdb_dr,0.0005564010533520845,0.00018309979486828015,0.00019752545541025534,0.0009152766512939136,50
wcf_sensitivity_v1_sym_null,SYM-RANDOM-NULL,1000,25,10,aipw_tate_abs_error,TATE-K-grid_sd,aipw functional contrast; marginal absolute error,causal_drf,drf,-0.00010301403308489703,2.2325287526366737e-05,-0.00014677159663657583,-5.925646953321823e-05,50
wcf_sensitivity_v1_sym_null,SYM-RANDOM-NULL,1000,25,10,aipw_tate_abs_error,TATE-K-grid_sd,aipw functional contrast; marginal absolute error,cwdb_dr,drf,-0.0006594150864369815,0.00018594205422389334,-0.0010238615127158123,-0.0002949686601581506,50
wcf_sensitivity_v1_sym_null,SYM-RANDOM-NULL,1000,25,10,aipw_tate_abs_error,TATE-K-grid_skewness,aipw functional contrast; marginal absolute error,causal_drf,cwdb_dr,-0.0003260406589571407,4.500412749707737e-05,-0.00041424874885141234,-0.00023783256906286903,50
wcf_sensitivity_v1_sym_null,SYM-RANDOM-NULL,1000,25,10,aipw_tate_abs_error,TATE-K-grid_skewness,aipw functional contrast; marginal absolute error,causal_drf,drf,-3.260902047030066e-20,7.032739590171621e-20,-1.7045071643766443e-19,1.0523267549706312e-19,50
wcf_sensitivity_v1_sym_null,SYM-RANDOM-NULL,1000,25,10,aipw_tate_abs_error,TATE-K-grid_skewness,aipw functional contrast; marginal absolute error,cwdb_dr,drf,0.00032604065895714063,4.5004127497077374e-05,0.00023783256906286898,0.0004142487488514123,50
wcf_sensitivity_v1_sym_null,SYM-RANDOM-NULL,1000,25,10,aipw_tate_abs_error,TATE-K-grid_upper_tail_mean,aipw functional contrast; marginal absolute error,causal_drf,cwdb_dr,0.004326537206487079,0.002210826922018511,-6.683560669202421e-06,0.008659757973643361,50
wcf_sensitivity_v1_sym_null,SYM-RANDOM-NULL,1000,25,10,aipw_tate_abs_error,TATE-K-grid_upper_tail_mean,aipw functional contrast; marginal absolute error,causal_drf,drf,0.0010962211041284364,0.0008119011132879766,-0.0004951050779159977,0.0026875472861728703,50
wcf_sensitivity_v1_sym_null,SYM-RANDOM-NULL,1000,25,10,aipw_tate_abs_error,TATE-K-grid_upper_tail_mean,aipw functional contrast; marginal absolute error,cwdb_dr,drf,-0.003230316102358643,0.0018993258453705796,-0.006952994759284979,0.0004923625545676931,50
wcf_sensitivity_v1_sym_null,SYM-RANDOM-NULL,1000,25,10,aipw_tcate_rmse,TCATE-K-grid_mean,"aipw functional contrast; RMSE over four strata of X1 with edges (-0.5, 0.0, 0.5)",causal_drf,cwdb_dr,0.012367312796613093,0.0017500311448906455,0.008937251752627428,0.015797373840598757,50
wcf_sensitivity_v1_sym_null,SYM-RANDOM-NULL,1000,25,10,aipw_tcate_rmse,TCATE-K-grid_mean,"aipw functional contrast; RMSE over four strata of X1 with edges (-0.5, 0.0, 0.5)",causal_drf,drf,0.0015541599182918517,0.0007113085285571792,0.00015999520231978052,0.002948324634263923,50
wcf_sensitivity_v1_sym_null,SYM-RANDOM-NULL,1000,25,10,aipw_tcate_rmse,TCATE-K-grid_mean,"aipw functional contrast; RMSE over four strata of X1 with edges (-0.5, 0.0, 0.5)",cwdb_dr,drf,-0.010813152878321242,0.001625787391737898,-0.013999696166127522,-0.007626609590514961,50
wcf_sensitivity_v1_sym_null,SYM-RANDOM-NULL,1000,25,10,aipw_tcate_rmse,TCATE-K-grid_sd,"aipw functional contrast; RMSE over four strata of X1 with edges (-0.5, 0.0, 0.5)",causal_drf,cwdb_dr,0.0013323609092922187,0.00020549785413839097,0.0009295851151809723,0.001735136703403465,50
wcf_sensitivity_v1_sym_null,SYM-RANDOM-NULL,1000,25,10,aipw_tcate_rmse,TCATE-K-grid_sd,"aipw functional contrast; RMSE over four strata of X1 with edges (-0.5, 0.0, 0.5)",causal_drf,drf,-0.0005340336865034623,4.786733712919868e-05,-0.0006278536672766917,-0.0004402137057302329,50
wcf_sensitivity_v1_sym_null,SYM-RANDOM-NULL,1000,25,10,aipw_tcate_rmse,TCATE-K-grid_sd,"aipw functional contrast; RMSE over four strata of X1 with edges (-0.5, 0.0, 0.5)",cwdb_dr,drf,-0.001866394595795681,0.00023224551265049615,-0.0023215958005906533,-0.0014111933910007086,50
wcf_sensitivity_v1_sym_null,SYM-RANDOM-NULL,1000,25,10,aipw_tcate_rmse,TCATE-K-grid_skewness,"aipw functional contrast; RMSE over four strata of X1 with edges (-0.5, 0.0, 0.5)",causal_drf,cwdb_dr,-0.0009096300259324495,7.352818369952454e-05,-0.0010537452659835176,-0.0007655147858813814,50
wcf_sensitivity_v1_sym_null,SYM-RANDOM-NULL,1000,25,10,aipw_tcate_rmse,TCATE-K-grid_skewness,"aipw functional contrast; RMSE over four strata of X1 with edges (-0.5, 0.0, 0.5)",causal_drf,drf,5.124948453177027e-21,7.801929389345461e-20,-1.47792867577994e-19,1.5804276448434805e-19,50
wcf_sensitivity_v1_sym_null,SYM-RANDOM-NULL,1000,25,10,aipw_tcate_rmse,TCATE-K-grid_skewness,"aipw functional contrast; RMSE over four strata of X1 with edges (-0.5, 0.0, 0.5)",cwdb_dr,drf,0.0009096300259324495,7.352818369952454e-05,0.0007655147858813814,0.0010537452659835176,50
wcf_sensitivity_v1_sym_null,SYM-RANDOM-NULL,1000,25,10,aipw_tcate_rmse,TCATE-K-grid_upper_tail_mean,"aipw functional contrast; RMSE over four strata of X1 with edges (-0.5, 0.0, 0.5)",causal_drf,cwdb_dr,0.012259052778926124,0.0017884710231832314,0.008753649573486991,0.01576445598436526,50
wcf_sensitivity_v1_sym_null,SYM-RANDOM-NULL,1000,25,10,aipw_tcate_rmse,TCATE-K-grid_upper_tail_mean,"aipw functional contrast; RMSE over four strata of X1 with edges (-0.5, 0.0, 0.5)",causal_drf,drf,0.0015160612349453817,0.0007093106665424301,0.00012581232852221886,0.0029063101413685445,50
wcf_sensitivity_v1_sym_null,SYM-RANDOM-NULL,1000,25,10,aipw_tcate_rmse,TCATE-K-grid_upper_tail_mean,"aipw functional contrast; RMSE over four strata of X1 with edges (-0.5, 0.0, 0.5)",cwdb_dr,drf,-0.010742991543980743,0.00165892069171278,-0.013994476099737791,-0.007491506988223694,50
wcf_sensitivity_v1_sym_null,SYM-RANDOM-NULL,1000,25,10,barycenter_rmse,MEANQ-A-K,,causal_drf,cwdb_dr,0.11292688340779108,0.0011164599335835245,0.11073862193796738,0.11511514487761479,50
wcf_sensitivity_v1_sym_null,SYM-RANDOM-NULL,1000,25,10,barycenter_rmse,MEANQ-A-K,,causal_drf,drf,0.033512853217568694,0.0009345540394655064,0.0316811273002163,0.03534457913492109,50
wcf_sensitivity_v1_sym_null,SYM-RANDOM-NULL,1000,25,10,barycenter_rmse,MEANQ-A-K,,cwdb_dr,drf,-0.07941403019022239,0.001087470082623942,-0.08154547155216532,-0.07728258882827946,50
wcf_sensitivity_v1_sym_null,SYM-RANDOM-NULL,1000,25,10,mean_quantile_rmse,MEANQ-A-K,"arm contrast, the mandatory common target",causal_drf,cwdb_dr,-0.0033069900341503727,0.005796416429409465,-0.014667966235792924,0.008053986167492179,50
wcf_sensitivity_v1_sym_null,SYM-RANDOM-NULL,1000,25,10,mean_quantile_rmse,MEANQ-A-K,"arm contrast, the mandatory common target",causal_drf,drf,-0.009488724962542987,0.0016494966133931675,-0.012721738324793595,-0.006255711600292379,50
wcf_sensitivity_v1_sym_null,SYM-RANDOM-NULL,1000,25,10,mean_quantile_rmse,MEANQ-A-K,"arm contrast, the mandatory common target",cwdb_dr,drf,-0.006181734928392614,0.005339379947261604,-0.016646919625025357,0.0042834497682401294,50
wcf_sensitivity_v1_sym_null,SYM-RANDOM-NULL,1000,25,10,plugin_reference_tate_abs_error,REF-ATE-K,plugin reference contrast; marginal absolute error,causal_drf,cwdb_dr,0.009574060393189386,0.001822718125057347,0.006001532868076986,0.013146587918301787,50
wcf_sensitivity_v1_sym_null,SYM-RANDOM-NULL,1000,25,10,plugin_reference_tate_abs_error,REF-ATE-K,plugin reference contrast; marginal absolute error,causal_drf,drf,0.0014803520061960791,0.000770954021838775,-3.07178766079197e-05,0.0029914218890000777,50
wcf_sensitivity_v1_sym_null,SYM-RANDOM-NULL,1000,25,10,plugin_reference_tate_abs_error,REF-ATE-K,plugin reference contrast; marginal absolute error,cwdb_dr,drf,-0.008093708386993307,0.0014560415977994073,-0.010947549918680145,-0.005239866855306469,50
wcf_sensitivity_v1_sym_null,SYM-RANDOM-NULL,1000,25,10,plugin_reference_tcate_rmse,REF-TCATE-K,"plugin reference contrast; RMSE over four strata of X1 with edges (-0.5, 0.0, 0.5)",causal_drf,cwdb_dr,0.00811367884283376,0.001717450944791879,0.004747474991041677,0.011479882694625843,50
wcf_sensitivity_v1_sym_null,SYM-RANDOM-NULL,1000,25,10,plugin_reference_tcate_rmse,REF-TCATE-K,"plugin reference contrast; RMSE over four strata of X1 with edges (-0.5, 0.0, 0.5)",causal_drf,drf,-0.0022302258757290853,0.0009152997852410351,-0.004024213454801515,-0.0004362382966566565,50
wcf_sensitivity_v1_sym_null,SYM-RANDOM-NULL,1000,25,10,plugin_reference_tcate_rmse,REF-TCATE-K,"plugin reference contrast; RMSE over four strata of X1 with edges (-0.5, 0.0, 0.5)",cwdb_dr,drf,-0.010343904718562846,0.001436313086296727,-0.01315907836770443,-0.007528731069421261,50
wcf_sensitivity_v1_sym_null,SYM-RANDOM-NULL,1000,25,10,plugin_tate_abs_error,TATE-K-grid_mean,plugin functional contrast; marginal absolute error,causal_drf,cwdb_dr,0.010312745392173386,0.001982153635463272,0.006427724266665373,0.014197766517681398,50
wcf_sensitivity_v1_sym_null,SYM-RANDOM-NULL,1000,25,10,plugin_tate_abs_error,TATE-K-grid_mean,plugin functional contrast; marginal absolute error,causal_drf,drf,0.00531167359712615,0.0015266907579270933,0.0023193597115890472,0.008303987482663252,50
wcf_sensitivity_v1_sym_null,SYM-RANDOM-NULL,1000,25,10,plugin_tate_abs_error,TATE-K-grid_mean,plugin functional contrast; marginal absolute error,cwdb_dr,drf,-0.005001071795047236,0.00177997292085964,-0.008489818719932131,-0.0015123248701623413,50
wcf_sensitivity_v1_sym_null,SYM-RANDOM-NULL,1000,25,10,plugin_tate_abs_error,TATE-K-grid_sd,plugin functional contrast; marginal absolute error,causal_drf,cwdb_dr,0.0015507667318215817,0.0003047086543808932,0.000953537769235031,0.0021479956944081323,50
wcf_sensitivity_v1_sym_null,SYM-RANDOM-NULL,1000,25,10,plugin_tate_abs_error,TATE-K-grid_sd,plugin functional contrast; marginal absolute error,causal_drf,drf,2.48166201523509e-05,7.7118292888743e-05,-0.00012633523390958537,0.00017596847421428718,50
wcf_sensitivity_v1_sym_null,SYM-RANDOM-NULL,1000,25,10,plugin_tate_abs_error,TATE-K-grid_sd,plugin functional contrast; marginal absolute error,cwdb_dr,drf,-0.0015259501116692308,0.0002993141476654106,-0.0021126058410934354,-0.000939294382245026,50
wcf_sensitivity_v1_sym_null,SYM-RANDOM-NULL,1000,25,10,plugin_tate_abs_error,TATE-K-grid_skewness,plugin functional contrast; marginal absolute error,causal_drf,cwdb_dr,-0.0011835587054000582,0.0002965860617817241,-0.0017648673864922373,-0.000602250024307879,50
wcf_sensitivity_v1_sym_null,SYM-RANDOM-NULL,1000,25,10,plugin_tate_abs_error,TATE-K-grid_skewness,plugin functional contrast; marginal absolute error,causal_drf,drf,9.765217456537022e-19,3.8174765542429875e-19,2.282963410220767e-19,1.7247471502853278e-18,50
wcf_sensitivity_v1_sym_null,SYM-RANDOM-NULL,1000,25,10,plugin_tate_abs_error,TATE-K-grid_skewness,plugin functional contrast; marginal absolute error,cwdb_dr,drf,0.001183558705400059,0.0002965860617817241,0.0006022500243078798,0.0017648673864922382,50
wcf_sensitivity_v1_sym_null,SYM-RANDOM-NULL,1000,25,10,plugin_tate_abs_error,TATE-K-grid_upper_tail_mean,plugin functional contrast; marginal absolute error,causal_drf,cwdb_dr,0.010312983319431491,0.0019089141796405655,0.0065715115273359825,0.014054455111527,50
wcf_sensitivity_v1_sym_null,SYM-RANDOM-NULL,1000,25,10,plugin_tate_abs_error,TATE-K-grid_upper_tail_mean,plugin functional contrast; marginal absolute error,causal_drf,drf,0.005398037338585977,0.0015624116870641953,0.0023357104319401537,0.0084603642452318,50
wcf_sensitivity_v1_sym_null,SYM-RANDOM-NULL,1000,25,10,plugin_tate_abs_error,TATE-K-grid_upper_tail_mean,plugin functional contrast; marginal absolute error,cwdb_dr,drf,-0.004914945980845515,0.0017331466488306575,-0.008311913412553603,-0.0015179785491374262,50
wcf_sensitivity_v1_sym_null,SYM-RANDOM-NULL,1000,25,10,plugin_tcate_rmse,TCATE-K-grid_mean,"plugin functional contrast; RMSE over four strata of X1 with edges (-0.5, 0.0, 0.5)",causal_drf,cwdb_dr,0.011396480096641327,0.0019021397022386253,0.007668286280253622,0.015124673913029033,50
wcf_sensitivity_v1_sym_null,SYM-RANDOM-NULL,1000,25,10,plugin_tcate_rmse,TCATE-K-grid_mean,"plugin functional contrast; RMSE over four strata of X1 with edges (-0.5, 0.0, 0.5)",causal_drf,drf,-0.002448456795790581,0.00156031152263032,-0.005506667380146008,0.0006097537885648464,50
wcf_sensitivity_v1_sym_null,SYM-RANDOM-NULL,1000,25,10,plugin_tcate_rmse,TCATE-K-grid_mean,"plugin functional contrast; RMSE over four strata of X1 with edges (-0.5, 0.0, 0.5)",cwdb_dr,drf,-0.013844936892431908,0.0017228372086361857,-0.017221697821358833,-0.010468175963504984,50
wcf_sensitivity_v1_sym_null,SYM-RANDOM-NULL,1000,25,10,plugin_tcate_rmse,TCATE-K-grid_sd,"plugin functional contrast; RMSE over four strata of X1 with edges (-0.5, 0.0, 0.5)",causal_drf,cwdb_dr,0.001215601523031133,0.00028041054133004907,0.0006659968620242367,0.0017652061840380292,50
wcf_sensitivity_v1_sym_null,SYM-RANDOM-NULL,1000,25,10,plugin_tcate_rmse,TCATE-K-grid_sd,"plugin functional contrast; RMSE over four strata of X1 with edges (-0.5, 0.0, 0.5)",causal_drf,drf,-0.00025219881468129196,8.500720759762135e-05,-0.00041881294157262983,-8.558468778995413e-05,50
wcf_sensitivity_v1_sym_null,SYM-RANDOM-NULL,1000,25,10,plugin_tcate_rmse,TCATE-K-grid_sd,"plugin functional contrast; RMSE over four strata of X1 with edges (-0.5, 0.0, 0.5)",cwdb_dr,drf,-0.0014678003377124249,0.0002543766205533575,-0.0019663785139970055,-0.0009692221614278441,50
wcf_sensitivity_v1_sym_null,SYM-RANDOM-NULL,1000,25,10,plugin_tcate_rmse,TCATE-K-grid_skewness,"plugin functional contrast; RMSE over four strata of X1 with edges (-0.5, 0.0, 0.5)",causal_drf,cwdb_dr,-0.0012623489253449738,0.00028653632414888004,-0.0018239601206767786,-0.0007007377300131689,50
wcf_sensitivity_v1_sym_null,SYM-RANDOM-NULL,1000,25,10,plugin_tcate_rmse,TCATE-K-grid_skewness,"plugin functional contrast; RMSE over four strata of X1 with edges (-0.5, 0.0, 0.5)",causal_drf,drf,-1.094372033855877e-19,4.854765516652909e-19,-1.0609712446495578e-18,8.420968378783824e-19,50
wcf_sensitivity_v1_sym_null,SYM-RANDOM-NULL,1000,25,10,plugin_tcate_rmse,TCATE-K-grid_skewness,"plugin functional contrast; RMSE over four strata of X1 with edges (-0.5, 0.0, 0.5)",cwdb_dr,drf,0.0012623489253449738,0.00028653632414888004,0.0007007377300131689,0.0018239601206767786,50
wcf_sensitivity_v1_sym_null,SYM-RANDOM-NULL,1000,25,10,plugin_tcate_rmse,TCATE-K-grid_upper_tail_mean,"plugin functional contrast; RMSE over four strata of X1 with edges (-0.5, 0.0, 0.5)",causal_drf,cwdb_dr,0.01115857449956702,0.0018804585337554335,0.0074728757734063705,0.01484427322572767,50
wcf_sensitivity_v1_sym_null,SYM-RANDOM-NULL,1000,25,10,plugin_tcate_rmse,TCATE-K-grid_upper_tail_mean,"plugin functional contrast; RMSE over four strata of X1 with edges (-0.5, 0.0, 0.5)",causal_drf,drf,-0.0026249239880266548,0.0015674590578982229,-0.005697143741507172,0.0004472957654538621,50
wcf_sensitivity_v1_sym_null,SYM-RANDOM-NULL,1000,25,10,plugin_tcate_rmse,TCATE-K-grid_upper_tail_mean,"plugin functional contrast; RMSE over four strata of X1 with edges (-0.5, 0.0, 0.5)",cwdb_dr,drf,-0.013783498487593675,0.001744111960405797,-0.017201957929989038,-0.010365039045198313,50
