statefips,year,n_obs,w_sum,q1,q2,q3,q4,q5,q6,q7,q8,q9,q10,q11,q12,q13,q14,q15,q16,q17,q18,q19,q20,q21,q22,q23,q24,q25,below_share,hsl_share,female_share,A1,A2,A3,rmw,min_mw,min_fed_mw,fed_only,rmw_lag,log_mw_lag,med_wage_lag,p10_wage_lag,w_sum_lag,below_share_lag,hsl_share_lag,female_share_lag
1,2017,1321,9851533.3406,7.09869521923186,7.833043000531708,8.32260818806494,8.812173375598173,9.753288878302737,9.791303750664635,10.273639625358548,11.4607172780041,11.848042080214604,12.728694875864026,13.70782525093049,14.686955625996951,14.688347732026417,15.813151756451315,16.934994941826726,18.603477126262806,19.58260750132927,21.182996099375405,23.25434640782851,24.478259376661587,27.06616048151646,29.373911251993903,33.48273382012623,40.80899830372885,56.48823438092818,0.0182423166106906,0.4093700736391537,0.4853504111887612,0.0,0.0,0.0,7.09869521923186,7.25,7.25,False,7.25,1.9810014688665833,15.0,8.25,10482955.2594,0.0182717137734844,0.4024099880725281,0.5029974033869719
1,2018,1346,10461941.0077,6.915862096406853,7.646543833553366,8.324248358424354,8.84131630754608,9.558179791941708,10.036088781538794,10.752952265934422,11.46981575033005,12.42563372952422,13.38145170871839,14.256460033830589,14.345525629657152,15.77099665670382,16.616284432431186,18.160541604689246,19.30011559038349,20.921254904610908,22.46172251106301,23.89544947985427,25.807085438242613,27.59391371801731,30.63507546749506,35.50674038729116,45.012601618458895,57.44083727765289,0.0191890282359883,0.3627947928789199,0.4995960980618329,0.0,0.0,0.0,6.929680349157739,7.25,7.25,False,7.09869521923186,1.9599109952199634,14.688347732026417,8.32260818806494,9851533.3406,0.0182423166106906,0.4093700736391537,0.4853504111887612
1,2019,1265,10227172.8155,6.80626515932592,7.852208393300725,8.449156749508038,9.38795194389782,9.857349541092711,10.561445936885049,11.265542332677386,12.204337527067167,13.143132721456949,13.709026544183876,14.33910425002915,15.372680894388973,16.24819782690115,17.51725544492808,18.775903887795643,19.714699082185422,20.91059089077458,22.566993581540174,24.40867505413433,27.08048617736765,29.33734982468069,33.850607721709565,38.36410031753704,48.14329515869681,66.8051911103047,0.0189196973582713,0.356459571620309,0.4663729394277194,0.0,0.0,0.0,6.80626515932592,7.25,7.25,False,6.929680349157739,1.9358136864753268,15.77099665670382,8.324248358424354,10461941.0077,0.0191890282359883,0.3627947928789199,0.4995960980618329
1,2020,1070,9248420.0027,6.722042183082018,7.881014973268574,8.808193205417817,10.04412129995772,10.662549669716306,11.126138785790928,12.28511157597748,13.372691642288544,13.90767348223866,14.329943508317326,15.60139631781729,16.810106668834095,17.83935873728422,18.721814658115573,20.059037463432816,21.492188034728976,23.1794558037311,24.96241954415409,26.745383284577088,28.742525196626563,32.09450630040411,35.79113727593968,42.79277274873953,51.503626958909145,66.86369000600077,0.0133937658393365,0.3428050855253574,0.4765009829477302,0.0,0.0,0.0,6.722042183082018,7.25,7.25,False,6.80626515932592,1.9178435349621694,16.24819782690115,8.449156749508038,10227172.8155,0.0189196973582713,0.356459571620309,0.4663729394277194
1,2021,1161,9687446.1938,6.086105205491934,7.971441540544722,8.857157267271914,9.664378020230924,10.628588720726295,11.420862880275449,11.733121377599176,12.938210462572018,13.28573590090787,14.215226808158906,15.057167354362251,15.942883081089445,17.032773181914788,17.88459338300713,19.16201688987942,20.439440396751717,21.291056067999904,22.99450883942798,24.5966227487671,26.57147180181574,28.870047996975323,31.9366948164657,36.62431604126285,43.19982624833977,56.49788638583866,0.0220830370172187,0.3471196976198064,0.4889998012099204,0.0,0.0,0.0,6.421439018772137,7.25,7.25,False,6.722042183082018,1.9053920046599002,17.83935873728422,8.808193205417817,9248420.0027,0.0133937658393365,0.3428050855253574,0.4765009829477302
1,2022,1233,11307064.8326,6.971503341718124,8.20176863731544,9.021945501046984,9.842122364778527,10.662299228510072,11.482476092241615,12.04368747644655,12.30265295597316,13.279872245457858,14.147694202224102,14.8248189323793,15.772616222205391,16.4709199112538,17.74411635840009,18.92215855058034,19.715616494594787,21.324598457020144,22.925939010819864,24.348841081266123,26.23964283041479,27.87777756640884,31.545232444410782,35.48823271680018,43.18093182960138,59.14725957221624,0.0080117058972562,0.3772021510306734,0.4651540336565488,0.0,0.0,0.0,5.946282262053694,7.25,7.25,False,6.421439018772137,1.8596422388110472,17.032773181914788,8.857157267271914,9687446.1938,0.0220830370172187,0.3471196976198064,0.4889998012099204
2,2017,1145,2165620.0907,9.54652115689802,9.791303750664635,10.770434125731098,11.768167977923826,13.218260063397258,14.686955625996951,15.176520813530184,16.64521637612988,17.624346751196345,18.603477126262806,19.58260750132927,21.19081146845412,22.535780365784422,24.173997278964247,25.32836145756173,27.12869569575983,29.142453393539515,30.597824220826983,33.037098433100205,34.95287103756535,37.66316295329679,41.12347575279147,45.08994609818345,51.80852556641496,65.902817719786,0.0309152245066027,0.3528043225499617,0.5028621505113563,0.0,0.0,1.0,9.595477675651344,9.8,7.25,False,9.75,2.277267285009756,22.514733770419287,11.0,2024364.6473000003,0.0265155437147116,0.3412334398949962,0.4814580630026001
2,2018,1018,1999850.3387,9.19042882444675,9.558179791941708,10.51399777113588,11.46981575033005,12.42563372952422,13.644655576261783,14.337269687912562,15.293087667106732,16.248905646300905,17.204723625495074,19.116359583883412,20.072177563077588,21.968663677106083,22.976191538364272,23.89544947985427,25.807085438242613,27.829319852537964,29.86931184981784,32.16685931730583,34.40944725099015,37.063610577509806,41.10017310534934,45.95262203122335,53.52580683487356,68.92905252408242,0.02704493198984,0.3357676437610316,0.4832415264275295,0.0,0.0,1.0,9.40524891527064,9.84,7.25,False,9.595477675651344,2.261291912029906,22.535780365784422,10.770434125731098,2165620.0907,0.0309152245066027,0.3528043225499617,0.5028621505113563
2,2019,926,1840170.8174,9.026750492856351,9.468277613136172,11.265542332677386,11.734939929872276,12.630517735157149,13.540243088683823,14.081927915846732,15.959518304626297,16.898313499016076,18.350379469436028,19.163327482700826,20.519716147287003,21.66437475710277,23.46987985974455,24.41468044206911,26.274788740627944,27.51604159920462,29.33734982468069,31.274762134828457,33.88010494937815,36.874535394765815,41.04864360671112,45.13422186187896,52.65294754336447,67.70145014221774,0.0311535516474493,0.339360456374554,0.4779621166054037,0.0,0.0,1.0,9.284684472514945,9.89,7.25,False,9.40524891527064,2.2412679286729054,21.968663677106083,10.51399777113588,1999850.3387,0.02704493198984,0.3357676437610316,0.4832415264275295
2,2020,882,1879693.3642,8.915050496673018,10.738227660873228,12.053317017940172,13.372691642288544,13.90767348223866,15.30217816070572,16.22561906261177,17.616386410835634,18.54356464298488,19.61244938771768,20.532426732560737,22.96748340890624,23.773706406309003,25.67395276560376,26.775663882855465,28.742525196626563,30.59688166092505,32.45123812522354,34.769183705596646,37.08712928596976,40.10905907895673,42.79278898309836,49.92714458809849,57.05349529532848,66.86369000600077,0.0255783200684238,0.3176953775405577,0.4896137185075881,0.0,0.0,1.0,9.447946185600795,10.19,7.25,False,9.284684472514945,2.228366211730207,21.66437475710277,11.265542332677386,1840170.8174,0.0311535516474493,0.339360456374554,0.4779621166054037
2,2021,873,2016165.9111,9.078586198953712,10.79440486374928,12.417716639204542,13.28573590090787,14.17145162763506,15.32952494033086,16.381395665178335,17.714314534543828,18.60003026127102,19.928603851361807,21.25717744145259,22.142893168179786,23.9191599108368,25.54935585317256,26.57147180181574,28.342903255270123,30.114334708724503,31.915923732044625,34.06595542351787,37.20006052254204,39.85720770272361,42.582333564931496,46.91736696366567,53.227972313397295,63.87361106186309,0.0247901865242482,0.327054839817344,0.4855627649541406,0.0,0.0,1.0,9.158300614359158,10.34,7.25,False,9.447946185600795,2.2457973830279503,23.773706406309003,12.053317017940172,1879693.3642,0.0255783200684238,0.3176953775405577,0.4896137185075881
2,2022,862,2113893.2644,8.36351872394433,11.045805286138298,12.30265295597316,12.617946912329096,13.418794620325343,14.148050899369135,14.930492751024229,16.40353727463088,16.81362570649665,18.043891002093968,18.86406786582551,20.5044215932886,21.731737373503066,23.30228225191325,24.60530591194632,25.5788401930009,27.602027127805453,29.045087273048782,32.25946159751168,34.1029539939576,37.1310775785713,41.0088431865772,45.74526619311292,51.2610539832215,59.14725957221624,0.0228544362260942,0.3333871027778843,0.4860296211746612,0.0,0.0,1.0,8.480628770984165,10.34,7.25,False,9.158300614359158,2.2146606390247467,23.9191599108368,12.417716639204542,2016165.9111,0.0247901865242482,0.327054839817344,0.4855627649541406
4,2017,1444,21101912.6283,7.343477812998477,9.791303750664635,9.791303750664635,9.791303750664635,9.791303750664635,10.2948749881236,10.924658446775332,11.749564500797565,12.48391228209741,13.218260063397258,13.952607844697106,14.686955625996951,15.7258116417496,17.102575436406127,18.35869453249619,19.58260750132927,21.182996099375405,23.49912900159513,25.21565548705668,27.49518909077222,30.597824220826983,34.26956312732622,39.16521500265854,47.0734062594766,61.19564844165397,0.0526591218044257,0.3627798980237142,0.4543230100451965,1.0,1.0,1.0,9.791303750664635,10.0,7.25,False,8.05,2.0856720914304723,16.463858513522105,9.0,19959636.8016,0.0565341578314463,0.366475918610585,0.4623804435038712
4,2018,1653,23699839.8352,7.168634843956281,9.558179791941708,10.036088781538794,10.308670570312172,10.527147085887895,11.46981575033005,11.947724739927136,12.689929072985237,13.38145170871839,14.337269687912562,14.704812176306394,15.763487830365328,16.726814635897988,17.68513338305114,18.96448133536989,20.072177563077588,21.138153564373884,23.89544947985427,25.74815505712671,28.674539375825123,32.16685931730583,36.32108320937849,41.81703658974497,48.51709972310651,59.73862369963568,0.0761611783139195,0.3428307273466193,0.4709997922104438,0.0,0.0,1.0,10.036088781538794,10.5,7.25,False,9.791303750664635,2.2814946193474257,15.7258116417496,9.791303750664635,21101912.6283,0.0526591218044257,0.3627798980237142,0.4543230100451965
4,2019,1554,23620552.7576,7.517132728636011,9.857349541092711,10.326747138287605,10.572349306528803,11.265542332677386,11.671221072645237,12.204337527067167,13.143132721456949,14.081927915846732,15.020723110236514,15.523027556170335,16.42891590182119,17.184823644925807,18.775903887795643,19.714699082185422,20.65349427657521,22.53108466535477,23.46987985974455,25.81549493010961,28.163855831693464,31.593978773195133,35.67421738681172,40.62072926605149,48.865269170245455,63.187957546390265,0.0649463759566933,0.3490603514410619,0.4684020210678661,1.0,1.0,1.0,10.326747138287603,11.0,7.25,False,10.036088781538794,2.306187474772221,16.726814635897988,10.036088781538794,23699839.8352,0.0761611783139195,0.3428307273466193,0.4709997922104438
4,2020,1488,24125020.1758,9.27178232149244,11.126138785790928,11.126138785790928,11.732452464068594,12.38900148778641,13.027820268159669,13.90767348223866,14.245035949812593,14.931629680880254,15.762029946537147,16.68920817868639,17.616386410835634,18.54356464298488,19.47074287513412,20.72449676587279,22.252277571581853,23.1794558037311,24.951892812488943,27.63340739543303,30.31154255998112,34.769183705596646,37.889370251336885,44.57571607248116,49.92483908830819,66.86369000600077,0.0512616422613619,0.3289100914103949,0.4906984950244686,1.0,1.0,1.0,11.126138785790927,12.0,7.25,False,10.326747138287603,2.3347373388939565,17.184823644925807,10.326747138287605,23620552.7576,0.0649463759566933,0.3490603514410619,0.4684020210678661
4,2021,1425,24990702.4771,8.857157267271914,10.628588720726295,11.071446584089893,11.735733379135285,12.400020174180678,13.28573590090787,13.28573590090787,14.17145162763506,14.940093812215746,15.588596790398569,16.34614013989057,17.543337062107014,17.88459338300713,19.16201688987942,21.148138124854352,22.142893168179786,23.42031667505208,25.54935585317256,27.2527643388143,29.807655638345217,33.3584054969396,37.22298550052818,42.582333564931496,48.71436496999552,63.87361106186309,0.0663641749454518,0.3222325919201002,0.4742676349598708,0.0,0.0,1.0,10.761446079735375,12.15,7.25,False,11.126138785790927,2.409297185581317,18.54356464298488,11.126138785790928,24125020.1758,0.0512616422613619,0.3289100914103949,0.4906984950244686
4,2022,1296,24594214.6481,8.20176863731544,10.498263855763764,11.072387660375844,11.829410905600058,12.30265295597316,12.978806516897892,13.532918251570475,14.413013802435104,15.37831619496645,16.40353727463088,17.223714138362425,18.043891002093968,18.92701644011691,20.5044215932886,21.571161968760645,23.601443057772336,25.63052699161075,27.602027127805453,29.573527264000145,31.545232444410782,35.48823271680018,39.43143803340551,44.163243404488725,51.2610539832215,59.14725957221624,0.0606171276144072,0.3076957039075295,0.4695156806233729,0.0,0.0,1.0,10.498263855763764,12.8,7.25,False,10.761446079735375,2.3759699397310214,17.88459338300713,11.071446584089893,24990702.4771,0.0663641749454518,0.3222325919201002,0.4742676349598708
5,2017,1329,6701519.3366,6.832381317856606,8.32260818806494,8.486925009856256,8.925583720385507,9.791303750664635,9.791303750664635,10.317794847640716,11.25999931326433,11.768167977923826,12.728694875864026,13.651280471770402,14.144131710783284,14.686955625996951,15.666086001063416,16.71353339331687,17.624346751196345,18.829411460309394,20.561737876395732,22.437469010574716,24.121534398529377,26.43652012679452,29.41634913212112,34.8342765711458,42.36599219875081,56.48818542440943,0.0567128946303725,0.3595023202935811,0.522715810319102,1.0,1.0,1.0,8.32260818806494,8.5,7.25,False,8.0,2.0794415416798357,15.0,8.5,7504767.0308,0.0399299318113617,0.392062290677976,0.4749570228058145
5,2018,1139,5860012.4641,6.9272438835508,8.140796238343933,8.602361812747537,9.080270802344623,9.558179791941708,10.036088781538794,10.51399777113588,11.46981575033005,11.85214294200772,12.42563372952422,13.38145170871839,14.098315193114018,14.665175472210814,15.77099665670382,16.726814635897988,17.645779747399697,18.74860861638846,20.072177563077588,21.98381352146593,23.89544947985427,26.60124784978108,30.450741131720942,34.46440678479381,45.95262203122335,59.73862369963568,0.0330904950779454,0.3964685772484653,0.4854765041079019,0.0,0.0,1.0,8.124452823150452,8.5,7.25,False,8.32260818806494,2.1189756898496506,14.686955625996951,8.486925009856256,6701519.3366,0.0567128946303725,0.3595023202935811,0.522715810319102
5,2019,1048,5809959.9421,5.355592196971534,8.610491218665363,8.766877817174596,9.153253145300376,9.38795194389782,9.622650742495267,10.326747138287605,11.241795113165471,11.54233087418841,12.204337527067167,13.143132721456949,14.081927915846732,14.743557209824074,15.758731571387193,16.68969234470724,17.912098949829584,18.95638726391708,20.65349427657521,22.566993581540174,24.822478397649185,28.163855831693464,32.438119433640054,36.3770845006355,45.13422186187896,62.98980015943243,0.0608481212130731,0.3874535064843059,0.4893055820919237,1.0,1.0,1.0,8.683855548105484,9.25,7.25,False,8.124452823150452,2.0948783811050142,14.665175472210814,8.602361812747537,5860012.4641,0.0330904950779454,0.3964685772484653,0.4854765041079019
5,2020,913,5760727.3072,4.772403806081054,9.27178232149244,9.27178232149244,9.73537143756706,10.67246868130636,11.357933343828238,12.053317017940172,12.980495250089415,13.444084366164036,13.90767348223866,14.834851714387902,15.70910550660786,16.67345446901116,17.616386410835634,18.54356464298488,19.31909967272172,20.86151022335799,22.28774213896156,23.64304491980572,25.96099050017883,29.420060689769624,34.297619737682666,40.79584221456673,47.2295880946975,62.88676545542926,0.0571041438793414,0.3483313060647767,0.4766716216662373,1.0,1.0,1.0,9.27178232149244,10.0,7.25,False,8.683855548105484,2.16146561761992,14.743557209824074,8.766877817174596,5809959.9421,0.0608481212130731,0.3874535064843059,0.4893055820919237
5,2021,970,6207048.1313000005,7.380964389393261,9.742872993999104,9.742872993999104,10.1857308573627,10.628588720726295,11.071446584089893,11.514304447453489,12.400020174180678,13.248635483344216,13.426507604825876,14.17145162763506,15.057167354362251,15.942883081089445,16.828598807816636,17.714314534543828,18.50040923930478,19.48574598799821,20.439440396751717,22.142893168179786,24.172582492345885,26.57147180181574,29.88863135771071,36.18808204854452,42.582333564931496,63.61232810469768,0.0578933561168855,0.3866517106896273,0.4963679113689619,1.0,1.0,1.0,9.742872993999105,11.0,7.25,False,9.27178232149244,2.2269756287873625,16.67345446901116,9.27178232149244,5760727.3072,0.0571041438793414,0.3483313060647767,0.4766716216662373
5,2022,1061,7270441.8331,7.629575332632954,9.021945501046984,9.637078148845642,10.2522107966443,10.662299228510072,11.482476092241615,12.30265295597316,12.30265295597316,13.122829819704704,13.943006683436248,14.35309511530202,14.929699507589625,15.772428726563254,16.40353727463088,17.634402395571797,18.45397943395974,19.715616494594787,20.5044215932886,22.78082446406011,24.60530591194632,26.964818136355007,30.24106089494075,35.48823271680018,39.43150638147748,53.26072282163724,0.0396072203327452,0.3971226737218692,0.4783036928881196,0.0,0.0,1.0,9.021945501046984,11.0,7.25,False,9.742872993999105,2.2765360427428343,15.942883081089445,9.742872993999104,6207048.1313000005,0.0578933561168855,0.3866517106896273,0.4963679113689619
6,2017,7762,111134296.0409,9.20133690301334,9.791303750664635,10.280868938197868,10.525651531964485,10.970200018579789,11.749564500797565,12.239129688330792,13.58147928854896,14.686955625996951,15.063431255210007,16.64521637612988,17.624346751196345,19.58260750132927,20.561737876395732,22.51999862652866,24.478259376661587,27.00986435261005,29.373911251993903,33.29043275225976,37.20695425252561,41.17316339021554,47.0734062594766,51.7808203202024,58.8418190199942,70.61023178051178,0.0758588875399667,0.3442867600575675,0.4704615631178167,1.0,1.0,1.0,10.280868938197868,10.5,7.25,False,10.0,2.302585092994046,19.0,10.0,114895969.6842,0.0379202075614593,0.3440975280043851,0.4635642721053976
6,2018,7348,108350352.1257,9.558179791941708,10.51399777113588,10.51399777113588,11.02846679843714,11.46981575033005,12.42563372952422,13.38145170871839,14.337269687912562,14.480642384791688,15.93029965323618,17.204723625495074,18.3810966033883,19.30011559038349,21.152027914226064,22.976191538364272,24.85126745904844,27.57152542783505,29.96137719438407,33.453629271795975,37.50381067556154,42.27654608324257,46.83508098051437,55.13779385678453,60.21653268923276,68.92905252408242,0.0593503341155704,0.3170503869073426,0.4666214916887919,0.0,0.0,1.0,10.513997771135879,11.0,7.25,False,10.280868938197868,2.3302847835168574,19.58260750132927,10.280868938197868,111134296.0409,0.0758588875399667,0.3442867600575675,0.4704615631178167
6,2019,7231,109107758.1528,9.38795194389782,11.03084353407994,11.265542332677386,11.734939929872276,12.32638090233784,13.143132721456949,14.081927915846732,14.081927915846732,15.490120707431403,16.618040783016493,17.83710869340586,18.775903887795643,20.310364633025745,21.664388941894124,23.46987985974455,25.36851297482611,28.163855831693464,30.98024141486281,34.12334547310952,37.92102886683169,43.32896564282713,47.391085509192,54.16116011377419,61.02168763533584,67.70145014221774,0.0607386200092127,0.3323301971526162,0.4644348079971944,1.0,1.0,1.0,11.265542332677386,12.0,7.25,False,10.513997771135879,2.3527074904071137,19.30011559038349,10.51399777113588,108350352.1257,0.0593503341155704,0.3170503869073426,0.4666214916887919
6,2020,6314,106788762.0182,9.75818013708761,11.358465906388307,12.053317017940172,12.748700692052104,13.444084366164036,13.90767348223866,14.603057156350593,15.762029946537147,16.68920817868639,17.968714139052345,18.991144687213044,20.397921107283366,22.28774213896156,24.106634035880344,26.33400667964596,27.85959332292393,31.20302443019262,34.04262245390458,37.443629316231146,41.72302044671598,44.57579333733384,52.0655990918257,55.63069392895464,66.86369000600077,66.86369000600077,0.0731170824451478,0.3008545675801021,0.4678667377067713,1.0,1.0,1.0,12.053317017940172,13.0,7.25,False,11.265542332677386,2.4217487158835866,20.310364633025745,11.265542332677386,109107758.1528,0.0607386200092127,0.3323301971526162,0.4644348079971944
6,2021,6323,106374185.8575,10.219388054978332,11.957162310817084,12.400020174180678,13.28573590090787,13.28573590090787,14.17145162763506,14.854608632712091,15.500025217725849,16.607169876134837,17.714314534543828,18.60003026127102,19.928603851361807,21.461556345394893,23.028608894906974,25.54935585317256,27.59336632152724,29.807655638345217,33.21433975226967,35.428629069087656,39.85720770272361,43.40007060963237,49.82150962840451,55.350331330418825,63.87361106186309,63.87361106186309,0.0649522466000886,0.3179197941012076,0.4769561041526207,1.0,1.0,1.0,12.400020174180678,14.0,7.25,False,12.053317017940172,2.4893398932548534,22.28774213896156,12.053317017940172,106788762.0182,0.0731170824451478,0.3008545675801021,0.4678667377067713
6,2022,6454,114541207.0198,9.857705725189428,12.30265295597316,12.30265295597316,12.712741387838932,13.122829819704704,13.943006683436248,14.763183547167792,15.435591344227412,16.40353727463088,17.087017994407166,18.043891002093968,19.684244729557054,20.5044215932886,22.964952184483234,24.60530591194632,27.602027127805453,29.573527264000145,32.7281325261276,35.48823271680018,39.43143803340551,43.01618877979362,47.31782966808077,53.2325541194162,59.14725957221624,59.14725957221624,0.0519542854971949,0.3142289243309464,0.4691856978040237,0.0,0.0,1.0,12.30265295597316,15.0,7.25,False,12.400020174180678,2.5176980995597225,21.461556345394893,12.400020174180678,106374185.8575,0.0649522466000886,0.3179197941012076,0.4769561041526207
8,2017,1257,18095568.375,7.343477812998477,9.301738563131403,9.791303750664635,10.770434125731098,11.749564500797565,12.239129688330792,13.218260063397258,14.686955625996951,15.176520813530184,16.30173687836056,17.511257192876165,18.603477126262806,19.58260750132927,21.182996099375405,22.395618921260187,23.681211217978216,25.8904101601012,28.243994799167204,30.127058336495036,32.951408859893,36.71738906499238,39.91757898644037,46.869582854096464,56.48818542440943,70.61023178051178,0.055783015265471,0.2798881627447084,0.4639317306384414,1.0,1.0,1.0,9.105912488118111,9.3,7.25,False,8.31,2.1174596088673567,18.75444159007308,10.0,17554329.2731,0.0368074124934023,0.3000950921134058,0.4693983624385362
8,2018,1246,18245469.4714,8.290426078200003,9.749343387780542,10.729416273559703,11.9888566770132,12.903542719121306,13.785762713917524,14.337269687912562,15.21768488884755,16.083310181405512,17.04484197735614,18.38093103840792,19.116359583883412,20.704516308796265,22.05717255136908,22.976191538364272,24.668278332773934,26.16935073185676,27.612097490500144,30.635028253150058,33.08583350720168,36.76209762497868,39.803342707010685,45.95249595663751,55.14324201926594,68.92905252408242,0.0568442990423319,0.2516586755083193,0.4708103808709979,1.0,1.0,1.0,9.749343387780542,10.2,7.25,False,9.105912488118111,2.20892392651259,19.58260750132927,9.791303750664635,18095568.375,0.055783015265471,0.2798881627447084,0.4639317306384414
8,2019,1136,18007115.7075,7.823293286581518,10.42062665772658,11.265542332677386,12.040956633526369,13.143132721456949,14.081927915846732,14.316626714444178,15.240482379628103,15.959518304626297,16.898313499016076,18.053735684511302,18.775903887795643,19.859038843322853,20.97240356194433,22.56687037362816,23.46987985974455,25.530802270277896,28.163855831693464,31.593978773195133,33.845976689712465,37.551807775591286,41.58819696728917,47.42132296173839,54.16120705353391,67.70145014221774,0.0647852467407709,0.2781068141420449,0.475355403116271,1.0,1.0,1.0,10.420626657726581,11.1,7.25,False,9.749343387780542,2.2771999378989687,20.704516308796265,10.729416273559703,18245469.4714,0.0568442990423319,0.2516586755083193,0.4708103808709979
8,2020,1037,17672148.645899996,8.32606052470021,11.126138785790928,11.58972790186555,12.516906134014793,12.980495250089415,13.90767348223866,13.90767348223866,14.834851714387902,15.762029946537147,16.69748299309968,17.830315225151875,18.54356464298488,20.08680631007197,21.91564477518932,23.1794558037311,24.516678609048345,26.745383284577088,29.669703428775804,32.63357447793299,36.153113386592096,39.62285873109437,44.57571607248116,50.0401973916217,55.71970303924097,66.86369000600077,0.054778914669473,0.2805916756449661,0.456955146332674,1.0,1.0,1.0,11.126138785790927,12.0,7.25,False,10.420626657726581,2.3437871744138743,19.859038843322853,11.265542332677386,18007115.7075,0.0647852467407709,0.2781068141420449,0.475355403116271
8,2021,1111,18421434.316,8.857157267271914,11.071446584089893,11.71047795720619,12.774677926586278,13.28573590090787,14.17145162763506,15.057167354362251,15.942883081089445,16.710070285066557,17.714314534543828,19.09488809223226,20.439484682538048,22.142893168179786,23.14835296263773,24.815678510414468,26.587781856492654,29.38640766412877,31.458653794543284,34.06587746758983,36.903109935655785,40.87913071694023,44.28578633635957,51.09888884949047,57.06881502195248,63.87361106186309,0.051431584731548,0.2471176465583962,0.4606535862210003,0.0,0.0,1.0,10.912017753278997,12.32,7.25,False,11.126138785790927,2.409297185581317,20.08680631007197,11.58972790186555,17672148.645899996,0.054778914669473,0.2805916756449661,0.456955146332674
8,2022,1216,20549205.4815,9.187595364615,10.662299228510072,12.30265295597316,13.122829819704704,13.943006683436248,14.763183547167792,15.583360410899337,16.40353727463088,17.223714138362425,18.043891002093968,18.927057448960092,20.21686842368346,21.324598457020144,23.298981875181788,25.2900941612318,26.813386064484384,28.524064239699943,30.7566323899329,32.80707454926176,35.56396048426236,39.43143803340551,43.37464335001084,47.31780765777298,54.95184987001345,59.14725957221624,0.0465823173777581,0.2381902595118103,0.4628178331791042,0.0,0.0,1.0,10.301421408468194,12.56,7.25,False,10.912017753278997,2.3898647280498375,22.142893168179786,11.71047795720619,18421434.316,0.051431584731548,0.2471176465583962,0.4606535862210003
9,2017,900,10333952.5071,7.840705967534459,9.791303750664635,9.88921678817128,10.770434125731098,11.749564500797565,12.728694875864026,13.989886574875223,15.176520813530184,16.43053935040707,17.624346751196345,19.32494161315389,20.561737876395732,22.09827054855604,23.536580738441412,25.35797232236784,27.417564327687543,29.373911251993903,31.306552462501305,33.688954628413484,35.73970848364519,39.16521500265854,43.45970698097389,47.07348785367452,56.48818542440943,68.25664714144577,0.1010073071637254,0.3054900974270029,0.4974744390365576,1.0,1.0,1.0,9.88921678817128,10.1,7.25,False,9.6,2.2617630984737906,24.0,10.0,9330338.7436,0.0616936726541509,0.303154713609963,0.5109379472926427
9,2018,911,10614046.0104,8.602361812747537,9.653761589861125,10.339480469078946,11.46981575033005,12.42563372952422,13.466634159487269,14.337269687912562,15.293087667106732,16.57862750381923,18.3810966033883,19.116359583883412,20.67613387255037,22.05717255136908,23.89544947985427,25.273977960347064,26.76290341743678,28.31978242309032,29.86931184981784,33.08587830430102,36.32108320937849,39.06797907642593,43.65507456373536,46.02299149339804,53.02234809544802,61.46669934822816,0.0815925833891653,0.2967181706310798,0.5086178266054597,0.0,0.0,1.0,9.653761589861125,10.1,7.25,False,9.88921678817128,2.2914449502005936,22.09827054855604,9.88921678817128,10333952.5071,0.1010073071637254,0.3054900974270029,0.4974744390365576
9,2019,896,10423438.433,9.00798182718582,9.4818314633368,10.326747138287605,11.265542332677386,12.204337527067167,13.329522298548127,14.081927915846732,15.490120707431403,16.423834533963962,17.83710869340586,18.903608662676312,20.65349427657521,22.566993581540174,23.52571368904034,26.01417818776354,28.163855831693464,29.346703513093946,31.593978773195133,34.11686314228718,37.551807775591286,41.08806827680983,45.13422186187896,49.64771445770644,58.07590116234903,67.70145014221774,0.064343130648393,0.306246801937627,0.5016616343072711,0.0,0.0,1.0,9.4818314633368,10.1,7.25,False,9.653761589861125,2.2673476414559572,22.05717255136908,10.339480469078946,10614046.0104,0.0815925833891653,0.2967181706310798,0.5086178266054597
9,2020,734,9632731.5507,9.27178232149244,10.662549669716306,11.126138785790928,12.053317017940172,13.375180833354408,13.90767348223866,15.298440830462525,17.15279729476101,18.54356464298488,20.12846793963754,22.252277571581853,23.62519673883685,25.384070750954045,26.745383284577088,28.492459317876488,30.55799718590453,32.45123812522354,33.9051391335433,37.08712928596976,40.61341634293707,43.86628241525389,48.37320715043211,53.45994666431484,57.56676650916931,66.86369000600077,0.0360332179998078,0.2756722715901939,0.5079431814483027,1.0,1.0,1.0,10.198960553641683,11.0,7.25,False,9.4818314633368,2.2493774899428,22.566993581540174,10.326747138287605,10423438.433,0.064343130648393,0.306246801937627,0.5016616343072711
9,2021,720,9550586.963,10.070620749817474,11.071446584089893,11.514304447453489,12.400020174180678,13.28573590090787,14.17145162763506,15.057167354362251,15.976037200652597,17.714314534543828,19.120353541504453,20.69448384723738,22.142893168179786,24.348665115348705,26.507344919487057,27.67861646022473,30.74087170909508,32.77148188890608,35.449089770042306,38.32403377975884,41.21206180746285,42.58240737457539,48.06746030619843,51.09888884949047,55.35723292044946,63.87361106186309,0.0218507729743186,0.2892840060829253,0.520361447914497,1.0,1.0,1.0,10.628588720726295,12.0,7.25,False,10.198960553641683,2.3222858085916873,25.384070750954045,11.126138785790928,9632731.5507,0.0360332179998078,0.2756722715901939,0.5079431814483027
9,2022,761,11067312.0503,9.710708559977586,11.072387660375844,12.30265295597316,12.30265295597316,13.122829819704704,13.943006683436248,14.763183547167792,15.772616222205391,16.40353727463088,18.043891002093968,19.684244729557054,20.573600636769594,23.061845419216763,24.60530591194632,26.554682207129165,28.70619023060404,31.166720821798677,32.83980769566486,35.74615081756383,38.634628278013366,41.0088431865772,45.7404916813922,47.31784866661617,55.204054255610906,59.14725957221624,0.0334906893214376,0.2625187799797552,0.5115966372111574,0.0,0.0,1.0,10.662299228510072,13.0,7.25,False,10.628588720726295,2.363547419732464,24.348665115348705,11.514304447453489,9550586.963,0.0218507729743186,0.2892840060829253,0.520361447914497
10,2017,904,2590784.4408,7.09869521923186,8.32260818806494,9.136928866443483,9.791303750664635,10.525651531964485,11.566136839129069,12.239129688330792,13.218260063397258,14.514879436370409,15.02029744174603,16.475582038649616,17.624346751196345,19.09304231379604,19.7708453159358,21.5408682514622,23.510864145341277,24.478259376661587,26.86901032471559,29.373911251993903,30.84197662645729,34.26956312732622,37.65872500758128,42.89035403513913,50.96522267457267,62.76465047156603,0.0381289813017005,0.3595461313687537,0.5073993500571127,0.0,0.0,1.0,8.077825594298323,8.25,7.25,False,8.25,2.1102132003465894,18.269071120608505,9.0,2358142.7409,0.0396956967771483,0.3862331450098691,0.5106146116669964
10,2018,990,2792870.372,7.646543833553366,8.602361812747537,9.558179791941708,10.51399777113588,11.46981575033005,11.947724739927136,12.80796092120189,13.80251422637636,14.337269687912562,15.532042161905276,16.726814635897988,17.9215871098907,19.116359583883412,20.678644070876288,22.05717255136908,23.89544947985427,24.354958973351867,26.76290341743678,28.674539375825123,31.47597044479494,34.028034006629184,36.7621932067766,40.48928912378811,47.79089895970854,61.56246734793103,0.0304733656646775,0.3393876299103796,0.5045239056658947,0.0,0.0,1.0,7.885498328351909,8.25,7.25,False,8.077825594298323,2.0891227266999692,19.09304231379604,9.136928866443483,2590784.4408,0.0381289813017005,0.3595461313687537,0.5073993500571127
10,2019,796,2546074.4497,7.510361555118257,8.449156749508038,9.38795194389782,9.861867209062188,10.796144735482494,11.72667596255562,13.100321716760355,14.081927915846732,14.897110094502636,15.51571805802222,16.23674278857409,17.41465085593046,18.775903887795643,19.42558073265562,21.59228947096499,23.46987985974455,24.40867505413433,26.082561170264487,28.163855831693464,30.041446220473027,32.852564356925924,36.107471369022605,39.89466755589951,46.46334503414832,55.17316721391405,0.0340753000801773,0.352866461114623,0.4914556419775693,1.0,1.0,1.0,8.214457950910594,8.75,7.25,False,7.885498328351909,2.065025417955333,19.116359583883412,9.558179791941708,2792870.372,0.0304733656646775,0.3393876299103796,0.5045239056658947
10,2020,792,2759389.9123,7.832014798071691,9.27178232149244,9.623255683271069,10.430755111678994,11.126138785790928,12.053317017940172,12.980495250089415,13.90767348223866,14.834851714387902,15.65201841231832,16.68920817868639,18.01896172622996,18.54356464298488,20.058096643601907,21.396300748367757,23.1794558037311,24.106634035880344,26.745383284577088,28.6763501204437,30.59688166092505,33.846055427658094,37.08712928596976,42.7492798682084,49.39311496627383,66.86369000600077,0.0334322865314477,0.3588347587582068,0.4971531859216472,1.0,1.0,1.0,8.576398647380506,9.25,7.25,False,8.214457950910594,2.1058957664651095,18.775903887795643,9.38795194389782,2546074.4497,0.0340753000801773,0.352866461114623,0.4914556419775693
10,2021,682,2407668.4374,6.427371314532314,8.857157267271914,9.742872993999104,10.628588720726295,11.663857744429938,12.774677926586278,13.28573590090787,13.28573590090787,14.17145162763506,15.257749188831562,15.942883081089445,17.441887206432575,18.18892660078929,19.492128855545197,21.05882270745208,22.142893168179786,22.740666610901624,24.80004034836136,26.57147180181574,29.71255715768291,33.18559196733665,36.675747948288326,40.45329438681101,46.073370317181904,57.55418803536712,0.0327989883379778,0.3979615337461913,0.5207308958013754,0.0,0.0,1.0,8.19287047222652,9.25,7.25,False,8.576398647380506,2.1490140873176506,18.54356464298488,9.623255683271069,2759389.9123,0.0334322865314477,0.3588347587582068,0.4971531859216472
10,2022,803,2965987.7565,7.8220301634256275,9.021945501046984,10.662299228510072,11.866633220624903,12.30265295597316,13.122829819704704,13.943006683436248,14.35309511530202,15.173271979033563,16.052101414807304,16.40353727463088,17.63604102964021,18.86406786582551,19.715616494594787,20.5044215932886,22.08157869902465,22.98215328342536,24.60530591194632,27.001870454279683,29.573527264000145,32.80707454926176,37.459937897210814,43.031390483851006,48.93431460410188,59.14725957221624,0.0413629925919756,0.3608523331744912,0.52463268828062,1.0,1.0,1.0,8.611857069181212,10.5,7.25,False,8.19287047222652,2.1032643214687976,18.18892660078929,9.742872993999104,2407668.4374,0.0327989883379778,0.3979615337461913,0.5207308958013754
11,2017,2057,2684003.5457,8.138589505982637,11.25999931326433,12.88436945767625,14.686955625996951,16.318963170910052,18.603477126262806,20.241562243749,22.110359881273165,23.76830483989586,25.89035131259884,27.79756730517265,29.93933503835119,31.774494149063106,33.8928427155194,35.775857296328475,38.12953984843199,40.93965495999121,43.93521181319067,47.0734062594766,48.95651875332317,53.6636880314552,56.48818542440943,60.70608325412074,65.902817719786,70.61023178051178,0.0520152325892659,0.121448115194269,0.5234303255115853,1.0,1.0,1.0,11.25999931326433,11.5,7.25,False,10.5,2.3513752571634776,29.75824157485144,12.263034331625434,2585020.1784,0.062199722015137,0.1405976462918584,0.5100554681225309
11,2018,1958,2772432.8126,8.172997276754359,11.55750794500827,12.664588224322763,14.337269687912562,15.753358680131363,18.160541604689246,19.980518629879985,22.057206406133226,23.89544947985427,25.73348745384466,27.57152542783505,29.86931184981784,32.16685931730583,34.46440678479381,36.7621932067766,39.17703841905431,42.27640271054569,44.904672403779365,45.95270168272162,50.13022001751449,55.14324201926594,57.2398803012138,61.270268910295485,68.92905252408242,68.92905252408242,0.0614696120769754,0.1299698271360735,0.5140807231910484,1.0,1.0,1.0,11.947724739927136,12.5,7.25,False,11.25999931326433,2.421256561722584,31.774494149063106,12.88436945767625,2684003.5457,0.0520152325892659,0.121448115194269,0.5234303255115853
11,2019,1829,2924270.1313,7.019245571668536,12.204337527067167,13.540243088683823,14.442903907615008,16.898313499016076,18.775903887795643,21.26989361343535,23.46987985974455,25.275183018556103,27.08048617736765,29.33734982468069,30.98024141486281,32.85783180364238,34.735422192421936,36.59251554100928,39.266751896942814,42.446279054213846,45.13422186187896,46.955056414631976,50.55036603711221,54.16116011377419,54.16120705353391,60.179066793082434,67.70145014221774,67.70145014221774,0.0616779769657663,0.1195145254397654,0.5286582192434952,1.0,1.0,1.0,12.439036325664613,13.25,7.25,False,11.947724739927136,2.4805408619169986,32.16685931730583,12.664588224322763,2772432.8126,0.0614696120769754,0.1299698271360735,0.5140807231910484
11,2020,1832,3046181.4383,10.32629932797102,13.90767348223866,14.834851714387902,17.608447377423396,19.510017146365968,21.80897847162082,23.773651100617435,26.722950849690907,28.08260608989433,29.71709253841899,32.09445994149251,33.43184500300038,36.552147446019646,39.35655401245218,42.34701139695242,44.57571607248116,45.43173337531295,48.52961831541717,51.26206189362544,53.49095200480061,56.12608992714698,60.8496678922638,66.86369000600077,66.86369000600077,66.86369000600077,0.0410970087093252,0.0885435690431244,0.5162597683208396,1.0,1.0,1.0,12.980495250089415,14.0,7.25,False,12.439036325664613,2.5208396185278175,32.85783180364238,13.540243088683823,2924270.1313,0.0616779769657663,0.1195145254397654,0.5286582192434952
11,2021,1720,2988826.0782,10.628588720726295,13.28573590090787,15.329606021852484,17.714314534543828,21.041943904964192,23.03653573862637,25.54935585317256,27.67861646022473,29.807655638345217,31.88576616217889,33.65719761563327,35.3596111902579,37.20006052254204,39.30683757653113,42.582333564931496,42.58240737457539,46.05721778981395,48.96967252822464,51.09888884949047,52.00584415576563,56.77654316610052,59.615311276690434,63.87361106186309,63.87361106186309,63.87361106186309,0.0423189594478425,0.0848462782594306,0.5070525950150617,1.0,1.0,1.0,13.28573590090787,15.0,7.25,False,12.980495250089415,2.5634478654085755,36.552147446019646,14.834851714387902,3046181.4383,0.0410970087093252,0.0885435690431244,0.5162597683208396
11,2022,1674,2833619.6281000003,9.842122364778527,12.30265295597316,13.737962467503362,15.173271979033563,17.602253542861405,19.715616494594787,22.48903040834449,24.447421865677995,26.41912704608863,28.390627182283325,29.573527264000145,31.545232444410782,33.6272514129933,35.48823271680018,37.85427893329294,39.43150638147748,42.19174326829402,44.56263481290698,47.31780765777298,47.31784866661617,51.2610539832215,53.31149614255036,59.14725957221624,59.14725957221624,59.14725957221624,0.0656705788083399,0.1085006256489517,0.5244062424131257,0.0,0.0,1.0,12.466688328719469,15.2,7.25,False,13.28573590090787,2.5866909710466737,37.20006052254204,15.329606021852484,2988826.0782,0.0423189594478425,0.0848462782594306,0.5070525950150617
12,2017,3148,47397582.1929,4.94460839408564,7.833043000531708,8.380600894211803,8.952257354695158,9.791303750664635,9.791303750664635,10.770434125731098,11.749564500797565,12.239129688330792,13.070215135879623,14.121997399583602,14.686955625996951,15.666086001063416,16.64521637612988,17.923968189629026,18.829411460309394,20.33555875975538,21.802785808704467,23.536580738441412,25.8904101601012,28.243994799167208,31.628565515327534,37.65872500758128,47.0734062594766,67.70808883478583,0.0757019622983529,0.3632109017277846,0.4972618065680692,0.0,0.0,1.0,7.930956038038354,8.1,7.25,False,8.05,2.0856720914304723,15.453337868548472,8.5,46704740.3924,0.071775418577115,0.3618982401398901,0.4933499724526776
12,2018,2939,46595653.7579,5.256998885567939,7.940126380731156,8.608345684522275,9.558179791941708,9.650457200671267,10.51399777113588,11.46981575033005,11.947724739927136,12.822922354606668,13.785762713917524,14.337269687912562,15.293087667106732,16.248905646300905,17.461838661898305,18.3810966033883,19.749187200876325,21.02799554227176,22.976191538364272,24.814468466849465,27.378509421459235,29.86931184981784,33.453629271795975,38.60023118076699,46.637850161481296,64.68366002795793,0.0495274393099106,0.3304857482676517,0.4957512378090321,0.0,0.0,1.0,7.885498328351909,8.25,7.25,False,7.930956038038354,2.070773588031773,15.666086001063416,8.380600894211803,47397582.1929,0.0757019622983529,0.3632109017277846,0.4972618065680692
12,2019,2961,48368145.4723,6.7701215443419125,8.449156749508038,9.38795194389782,9.38795194389782,10.326747138287605,11.265542332677386,11.734939929872276,12.26215594268497,13.499718310085056,14.081927915846732,15.020723110236514,15.796872037198266,16.42891590182119,17.83710869340586,18.775903887795643,20.310364633025745,21.664342002134404,23.46987985974455,24.823857228853218,27.09295631747522,30.089429085964063,33.850607721709565,40.11930832167018,47.391085509192,63.187957546390265,0.0452902418649592,0.3225672938532472,0.4817486400474965,0.0,0.0,1.0,7.942207344537557,8.46,7.25,False,7.885498328351909,2.065025417955333,16.248905646300905,8.608345684522275,46595653.7579,0.0495274393099106,0.3304857482676517,0.4957512378090321
12,2020,2423,43401285.1358,6.953836741119329,8.45991265454832,9.27178232149244,10.198960553641683,11.126138785790928,11.58972790186555,12.62405101185542,13.444084366164036,13.90767348223866,14.834851714387902,15.999861530517787,16.874643825116237,17.830332787904073,18.544394840073892,20.059037463432816,21.92110255954264,23.1794558037311,24.96241954415409,26.74538328457709,29.669703428775804,32.45123812522354,35.69636193774589,42.446552778888105,50.994802768208416,66.86369000600077,0.0372828509463945,0.2913816100866686,0.4867385339581743,0.0,0.0,1.0,7.936645667197529,8.56,7.25,False,7.942207344537557,2.072191239713718,16.42891590182119,9.38795194389782,48368145.4723,0.0452902418649592,0.3225672938532472,0.4817486400474965
12,2021,2730,47573896.1947,5.556518969824699,8.414299403908318,8.857157267271914,9.873835019593848,10.628588720726295,11.514304447453489,12.400020174180678,13.28573590090787,13.626293597834474,14.77420368401169,15.32952494033086,16.371994518241888,17.271456671180232,17.88459338300713,19.48574598799821,20.86524823237581,22.142893168179786,23.42031667505208,25.555526222120108,28.104424295848823,31.000050435451698,35.15780217869095,40.87910222243511,48.71436496999552,63.87361106186309,0.0373664801244099,0.3183244583967272,0.4763008277914474,0.0,0.0,1.0,7.5817266207847585,8.56,7.25,False,7.936645667197529,2.0714907259469677,17.830332787904073,9.27178232149244,43401285.1358,0.0372828509463945,0.2913816100866686,0.4867385339581743
12,2022,2693,49162615.8409,6.552980987723814,8.282130636827405,9.842122364778527,10.2522107966443,11.356168855226958,11.892564524107389,12.30265295597316,13.122829819704704,13.669614395525734,14.195211069033697,14.9123066133008,15.772616222205391,16.548176084340607,17.74418351392027,19.4505101605665,20.5044215932886,22.08162170224436,23.65882181120012,25.560248765340397,27.602027127805453,31.16429044262039,35.48823271680018,41.0088431865772,49.28934880281087,59.14725957221624,0.0385382151212504,0.3296128667408871,0.4861180642755336,1.0,1.0,1.0,8.20176863731544,10.0,7.25,False,7.5817266207847585,2.0257409600981147,17.271456671180232,8.857157267271914,47573896.1947,0.0373664801244099,0.3183244583967272,0.4763008277914474
13,2017,2013,28941870.4753,6.584369924248583,7.833043000531708,8.567390781831556,9.414583338857812,9.791303750664635,10.770434125731098,11.749564500797565,12.239129688330792,13.565480222192743,14.432194698412928,15.063431255210007,16.155651188596647,16.9634634926542,18.35869453249619,19.457714635107465,21.182996099375405,22.60468429978168,24.478259376661587,26.3611270879144,28.39478087692744,31.382270839651067,35.30499349895901,40.85561993193919,48.014840115103006,62.76465047156603,0.0239025578733894,0.3364784337180631,0.497149555322611,0.0,0.0,0.0,7.09869521923186,7.25,7.25,False,7.25,1.9810014688665833,17.0,8.65704968860776,27357706.8599,0.0205246298081743,0.3283292402941126,0.5085121777546106
13,2018,1936,28770653.2076,6.929680349157739,7.885498328351909,8.667671202925263,9.558179791941708,10.51399777113588,11.02846679843714,11.55163696591475,12.42563372952422,13.38145170871839,14.337269687912562,15.05413317230819,16.072221605449215,17.190399549429642,18.380953230691414,19.5942685734805,21.02799554227176,22.976191538364272,24.693521623737325,26.678688863535715,29.630357355019296,32.424211016669624,35.67414937141493,41.357288141752576,48.25040845320613,64.28461265413085,0.0161180664739826,0.3366889587734895,0.4977800860814961,0.0,0.0,0.0,6.929680349157739,7.25,7.25,False,7.09869521923186,1.9599109952199634,16.9634634926542,8.567390781831556,28941870.4753,0.0239025578733894,0.3364784337180631,0.497149555322611
13,2019,1793,27158339.1878,6.80626515932592,8.214457950910594,9.38795194389782,9.857349541092711,10.796144735482494,11.265542332677386,12.016578488189213,13.143132721456949,14.081927915846732,14.551325513041622,15.514753845631958,16.42891590182119,17.4143338573462,18.775903887795643,19.714699082185422,21.664342002134404,22.97423969075397,24.64337385273178,26.76093194744785,28.77213596330277,31.293173146326072,35.658681861258934,41.5234747249767,50.69494049704824,67.70145014221774,0.014133122170903,0.3514749785910324,0.4792312686979998,0.0,0.0,0.0,6.80626515932592,7.25,7.25,False,6.929680349157739,1.9358136864753268,17.190399549429642,8.667671202925263,28770653.2076,0.0161180664739826,0.3366889587734895,0.4977800860814961
13,2020,1428,24742475.3978,6.722042183082018,8.344604089343195,9.27178232149244,9.73537143756706,10.662549669716306,11.126138785790928,12.053317017940172,13.199613337269149,13.90767348223866,14.834851714387902,15.60139631781729,16.456653549636403,17.616386410835634,18.54356464298488,20.397921107283366,21.809461026408517,23.1794558037311,25.033812268029585,26.745383284577088,30.19803336409217,33.43172910572136,35.660665575808146,42.79279731561148,50.79814833113765,62.78339504039243,0.0184168218892325,0.3447869056407561,0.5092099666398077,0.0,0.0,0.0,6.722042183082018,7.25,7.25,False,6.80626515932592,1.9178435349621694,17.4143338573462,9.38795194389782,27158339.1878,0.014133122170903,0.3514749785910324,0.4792312686979998
13,2021,1550,27700084.5449,6.992492579425194,8.331082753947014,8.857157267271914,10.1857308573627,10.645417319534111,11.526894512442556,12.577163319526116,13.28573590090787,14.17145162763506,15.057167354362251,15.942883081089445,16.828598807816636,17.714314534543828,19.48574598799821,21.01265816904345,22.142893168179786,23.981375779454694,25.971998942673007,28.38819163076632,31.385012021864465,34.088779198474334,38.72934400983455,42.58240737457539,51.09893313527681,63.87361106186309,0.0135520241063349,0.3364461582416316,0.4965307347458008,0.0,0.0,0.0,6.421439018772137,7.25,7.25,False,6.722042183082018,1.9053920046599002,17.616386410835634,9.27178232149244,24742475.3978,0.0184168218892325,0.3447869056407561,0.5092099666398077
13,2022,1511,30180041.0886,6.561414909852352,8.20176863731544,9.842122364778527,10.662299228510072,11.482476092241615,12.30265295597316,12.618072337278434,13.122829819704704,13.943006683436248,14.763183547167792,15.627570497723374,16.40353727463088,17.74411635840009,18.92701644011691,20.5044215932886,21.68732167500542,23.65882181120012,25.63052699161075,28.055103364643347,30.34654395806713,33.568140449929814,39.43143803340551,45.10972750523492,49.28934880281087,59.14725957221624,0.0165240569101933,0.3137447280440148,0.5056836148498417,0.0,0.0,0.0,5.946282262053694,7.25,7.25,False,6.421439018772137,1.8596422388110472,17.714314534543828,8.857157267271914,27700084.5449,0.0135520241063349,0.3364461582416316,0.4965307347458008
15,2017,1081,3174368.0353,7.85340343931831,9.056955969364788,9.791303750664635,9.791303750664635,11.28277987450527,11.749564500797565,12.728694875864026,13.70782525093049,14.686955625996951,15.176520813530184,16.475582038649616,17.624346751196345,18.829411460309394,19.58260750132927,21.184687177201905,23.065469748002247,24.478259376661587,27.302560943540804,29.373911251993903,32.48069193207979,35.081991198561205,39.16521500265854,43.49908000697013,49.79585150552601,58.85859145576338,0.0470992126739551,0.2929478258535058,0.4882304097588769,1.0,1.0,1.0,9.056955969364788,9.25,7.25,False,8.5,2.1400661634962708,18.0,9.57949314302352,3143768.4051,0.0328565591639738,0.3712348747149128,0.4830757581367361
15,2018,982,3050555.3719,8.333019196802228,9.558179791941708,10.036088781538794,11.46981575033005,11.46981575033005,12.42563372952422,13.38145170871839,14.337269687912562,15.293087667106732,16.542819674903107,17.913447556773487,19.116359583883412,20.072177563077588,21.86403821221048,22.976191538364272,24.15228837696782,27.57152542783505,29.77945246353233,31.54199331340764,33.453629271795975,35.879811180528264,39.05974067426458,45.48396734121832,49.374342979543776,59.73862369963568,0.080514875475616,0.2900831737890539,0.4740637392853744,1.0,1.0,1.0,9.653761589861125,10.1,7.25,False,9.056955969364788,2.203533077877714,18.829411460309394,9.791303750664635,3174368.0353,0.0470992126739551,0.2929478258535058,0.4882304097588769
15,2019,893,2868474.6998999994,7.582318061591734,9.4818314633368,10.326747138287605,11.265542332677386,11.99288802394915,12.67373512426206,13.402225782018997,14.081927915846732,15.020723110236514,15.959518304626297,16.898313499016076,18.571354990817067,19.714699082185422,21.59228947096499,22.4393274601936,23.46987985974455,25.275183018556103,27.08048617736765,28.985403087897225,32.852517358488235,36.107471369022605,39.71821758068867,45.13422186187896,51.95949431787819,60.41132242238922,0.0681449500693921,0.3328250150622847,0.5105775750614283,0.0,0.0,1.0,9.4818314633368,10.1,7.25,False,9.653761589861125,2.2673476414559572,20.072177563077588,10.036088781538794,3050555.3719,0.080514875475616,0.2900831737890539,0.4740637392853744
15,2020,846,3048859.3561000004,8.66911647059543,9.73537143756706,10.662549669716306,11.126138785790928,12.324024397216348,13.37752896629521,13.90767348223866,14.834851714387902,16.002886663608287,16.69427014573049,18.182313252005216,19.343919084881456,21.32509933943261,22.28774213896156,23.1794558037311,25.410700144238632,27.81534696447732,28.974319754663878,32.09450630040411,35.23277282167127,38.40340993992752,41.72302044671598,46.3589116074622,50.994802768208416,66.86369000600077,0.0526039722295211,0.318024127272402,0.5045708587121663,0.0,0.0,1.0,9.364500144707364,10.1,7.25,False,9.4818314633368,2.2493774899428,19.714699082185422,10.326747138287605,2868474.6998999994,0.0681449500693921,0.3328250150622847,0.5105775750614283
15,2021,862,3164165.1512,8.857157267271914,9.742872993999104,10.628588720726295,11.237702151400098,12.263619952264692,12.841762320465367,13.28573590090787,14.17145162763506,15.057167354362251,16.47431251712576,17.714314534543828,17.88459338300713,19.48574598799821,20.3714617147254,21.291056067999904,22.42848178280396,24.80004034836136,26.52418976884325,28.448250955237658,31.9366948164657,35.34278503070457,39.62108249573277,44.28578633635957,51.09893313527681,63.87361106186309,0.0327567625415164,0.3275716245111018,0.4799696233693858,0.0,0.0,1.0,8.945728839944632,10.1,7.25,False,9.364500144707364,2.2369259596405304,21.32509933943261,10.662549669716306,3048859.3561000004,0.0526039722295211,0.318024127272402,0.5045708587121663
15,2022,938,3493134.3521,8.20176863731544,9.021945501046984,9.842122364778527,10.974254305220542,11.829410905600058,12.30265295597316,13.122829819704704,13.971165774312087,14.763183547167792,15.772616222205391,16.40353727463088,17.467344933722906,18.45397943395974,19.715616494594787,20.5044215932886,22.649998020863038,23.65882181120012,25.550825968596115,28.39059758460053,30.7566323899329,32.80707454926176,37.459937897210814,41.0088431865772,47.31784866661617,59.14725957221624,0.0388895728325857,0.338330263417869,0.4913971544976694,0.0,0.0,1.0,8.283786323688595,10.1,7.25,False,8.945728839944632,2.1911761937916774,19.48574598799821,10.628588720726295,3164165.1512,0.0327567625415164,0.3275716245111018,0.4799696233693858
16,2017,1753,5782854.2344,6.11191676072341,7.833043000531708,8.812173375598173,9.301738563131403,9.791303750664635,10.280868938197868,11.162086275757684,11.749564500797565,12.728694875864026,13.590359431292072,14.19739043846372,14.686955625996951,15.666086001063416,16.64521637612988,17.624346751196345,18.829411460309394,20.0721726888625,21.823306762361256,23.49912900159513,25.45738975172805,28.399140484818407,32.62634402151385,36.71738906499238,46.04887536266324,56.48823438092818,0.0262863780476686,0.3435339084776568,0.4633657543986182,0.0,0.0,0.0,7.09869521923186,7.25,7.25,False,7.25,1.9810014688665833,15.384444444444444,8.5,5571039.010600001,0.0276813279545481,0.3540594691846475,0.4550772250698983
16,2018,1741,5948754.085100001,5.132790865774469,7.646543833553366,8.602361812747537,9.558179791941708,9.558179791941708,10.51399777113588,11.326673925914273,11.681909472247188,12.682748765927451,13.38145170871839,14.337269687912562,14.78110423956424,15.456615543975628,16.34485267782869,17.204723625495074,18.421400838832184,19.30011559038349,21.02799554227176,22.976191538364272,25.273977960347064,28.31035517298472,31.54199331340764,36.29431867532614,42.68759001905293,55.1432898101649,0.0277540189320541,0.3822927647313849,0.4648040947810535,0.0,0.0,0.0,6.929680349157739,7.25,7.25,False,7.09869521923186,1.9599109952199634,15.666086001063416,8.812173375598173,5782854.2344,0.0262863780476686,0.3435339084776568,0.4633657543986182
16,2019,1714,6182815.941199999,6.80626515932592,7.979759152313148,8.91855434670293,9.38795194389782,10.326747138287605,10.798732031603317,11.265542332677386,12.176017700747453,12.829396129765286,13.61253031865184,14.081927915846732,15.020723110236514,15.646586573163036,16.24819782690115,17.464692531059228,18.775903887795643,19.714699082185422,21.59228947096499,22.93330044299199,24.40867505413433,27.08048617736765,30.98024141486281,36.01957071265009,42.48275960440991,53.98072367741247,0.0150588678177486,0.3869063280793238,0.4613143999959383,0.0,0.0,0.0,6.80626515932592,7.25,7.25,False,6.929680349157739,1.9358136864753268,15.456615543975628,8.602361812747537,5948754.085100001,0.0277540189320541,0.3822927647313849,0.4648040947810535
16,2020,1550,5856299.9113,6.953836741119329,8.344604089343195,9.27178232149244,10.198960553641683,11.07324560512671,11.126138785790928,12.053317017940172,12.980495250089415,13.72223783580881,13.90767348223866,14.834851714387902,15.762029946537147,16.68920817868639,17.384591852798323,18.506920617946708,19.16755559322132,20.397921107283366,22.256602625231206,23.66170947292104,25.497401384104208,27.723175335449397,30.77897650797413,35.66063644539835,40.90476863588342,53.49099836371222,0.0140247104390129,0.3496426186693476,0.4672985846779339,0.0,0.0,0.0,6.722042183082018,7.25,7.25,False,6.80626515932592,1.9178435349621694,15.646586573163036,8.91855434670293,6182815.941199999,0.0150588678177486,0.3869063280793238,0.4613143999959383
16,2021,1525,5932261.3753,6.421439018772137,8.857157267271914,9.742872993999104,10.628588720726295,11.514304447453489,12.400020174180678,13.28573590090787,13.28573590090787,14.17145162763506,14.82789027598008,15.32952494033086,15.942883081089445,16.828598807816636,17.714314534543828,18.45241097348315,19.33999208315289,20.3714617147254,21.700035304816183,23.08077832904661,25.21290984057135,27.25270859409341,29.85107003188571,34.742217575752235,40.87788334093812,56.20470654023664,0.0153920536576799,0.3693661558176354,0.4640581424416388,0.0,0.0,0.0,6.421439018772137,7.25,7.25,False,6.722042183082018,1.9053920046599002,16.68920817868639,9.27178232149244,5856299.9113,0.0140247104390129,0.3496426186693476,0.4672985846779339
16,2022,1531,6511742.9881,6.561414909852352,8.611857069181212,9.842122364778527,10.662299228510072,11.482476092241615,12.30265295597316,12.405352478990595,13.122829819704704,13.943006683436248,14.763183547167792,15.33889819939366,16.24776541016475,16.520217944825514,17.633802570228198,18.71055371404062,19.684244729557054,20.5044215932886,22.4759217294833,24.139946726227727,25.668580758113613,28.390627182283325,31.032296840671457,35.48823271680018,41.0088431865772,53.41001609448766,0.0129719758372476,0.3737718031175193,0.4815854016091953,0.0,0.0,0.0,5.946282262053694,7.25,7.25,False,6.421439018772137,1.8596422388110472,16.828598807816636,9.742872993999104,5932261.3753,0.0153920536576799,0.3693661558176354,0.4640581424416388
17,2017,2732,37670332.1966,5.8386033905631525,8.473149483231408,9.301738563131403,9.791303750664635,10.280868938197868,11.24556657904304,12.146945825468748,12.858732290394345,14.02455437288918,14.686955625996951,16.138872448455572,17.624346751196345,18.829264590753134,19.58260750132927,21.5408682514622,23.536580738441412,25.36670949264369,28.243994799167204,30.56001181009679,33.588655646984414,37.29148489548191,40.7969357727068,47.0734062594766,52.13387662796421,65.902817719786,0.038637240070088,0.3088912401534444,0.4886435237664665,0.0,0.0,1.0,8.077825594298323,8.25,7.25,False,8.25,2.1102132003465894,18.642135487622244,9.25,37564806.3028,0.0366198490739313,0.2940528414431529,0.4799921262300246
17,2018,2684,39231566.5341,6.379629347509866,8.602361812747537,9.558179791941708,10.271029349820724,10.991906760732965,11.46981575033005,12.42563372952422,13.38145170871839,14.337269687912562,15.293087667106732,16.338712614715323,17.727070770681205,19.116359583883412,20.46260101903704,22.05717255136908,23.89544947985427,25.807085438242613,27.718721396630954,30.19383783781808,33.08587830430102,36.76209762497868,42.27654608324257,45.95270168272162,55.14324201926594,68.92905252408242,0.0312899299657844,0.2964020363905859,0.4934894509571015,0.0,0.0,1.0,7.885498328351909,8.25,7.25,False,8.077825594298323,2.0891227266999692,18.829264590753134,9.301738563131403,37670332.1966,0.038637240070088,0.3088912401534444,0.4886435237664665
17,2019,2335,36435285.4673,6.189984462052659,8.449156749508038,9.38795194389782,10.326747138287605,11.265542332677386,12.204337527067167,13.143132721456949,14.081927915846732,14.804049179371354,15.959518304626297,17.149856376176608,18.775903887795643,19.714699082185422,21.59228947096499,23.46987985974455,24.823857228853218,27.08048617736765,28.885977095218085,31.593978773195133,33.850607721709565,37.13054882333517,42.228730494584525,46.82771791873427,54.16116011377419,67.70145014221774,0.0308660004684008,0.2854537527923128,0.4871811654867045,0.0,0.0,1.0,7.745060353715703,8.25,7.25,False,7.885498328351909,2.065025417955333,19.116359583883412,9.558179791941708,39231566.5341,0.0312899299657844,0.2964020363905859,0.4934894509571015
17,2020,2226,36982381.88339999,7.881014973268574,9.27178232149244,10.351974438757958,11.58972790186555,12.419589275099108,13.444084366164036,13.90767348223866,14.834851714387902,15.762029946537147,17.384591852798323,18.54356464298488,19.92788974549777,21.32509933943261,22.96090497423332,24.106634035880344,26.745383284577088,28.23241394045267,31.20302443019262,33.43172910572136,35.660665575808146,39.86866398241749,44.57571607248116,48.1418753478852,53.49099836371222,66.86369000600077,0.0304528186705442,0.2748687417957474,0.4769791945423032,1.0,1.0,1.0,8.576398647380506,9.25,7.25,False,7.745060353715703,2.0470552664421757,19.714699082185422,9.38795194389782,36435285.4673,0.0308660004684008,0.2854537527923128,0.4871811654867045
17,2021,2234,38679359.6826,7.9810660871671715,9.892220081771192,10.70722255085613,11.514304447453489,12.400020174180678,13.28573590090787,14.14465664134052,15.057167354362251,15.942883081089445,17.03567598670162,17.88459338300713,19.48574598799821,21.25717744145259,22.142893168179786,24.603045175976764,26.57147180181574,28.530232131472925,31.000050435451698,34.06583374587057,36.3180045963049,40.45329438681101,42.58240737457539,47.39975536467526,55.35723292044946,63.87361106186309,0.0420148887658825,0.2625058169943697,0.5011358629889564,1.0,1.0,1.0,9.742872993999105,11.0,7.25,False,8.576398647380506,2.1490140873176506,21.32509933943261,10.351974438757958,36982381.88339999,0.0304528186705442,0.2748687417957474,0.4769791945423032
17,2022,2203,41426432.0684,7.381591773583896,10.2522107966443,11.040786714801117,12.30265295597316,12.30265295597316,13.122829819704704,13.943006683436248,14.763183547167792,15.583360410899337,16.40353727463088,17.223714138362425,18.60976374229269,19.967921890528263,21.52964267295303,23.437311798156767,24.60530591194632,27.067146515174592,29.573527264000145,31.750952661391395,35.48823271680018,39.43143803340551,42.76740191289201,47.31781680526729,56.107789107304,59.14725957221624,0.0343516809835407,0.2956460574634525,0.5151932215417631,0.0,0.0,1.0,9.842122364778529,12.0,7.25,False,9.742872993999105,2.2765360427428343,21.25717744145259,10.70722255085613,38679359.6826,0.0420148887658825,0.2625058169943697,0.5011358629889564
18,2017,1668,20881511.9111,7.09869521923186,7.833043000531708,8.812173375598173,9.791303750664635,10.238243349851214,11.015216719497715,11.749564500797565,12.27947781429623,13.218260063397258,14.132547522069096,14.686955625996951,15.666086001063416,16.562814122055382,17.329036320155023,18.829411460309394,19.58260750132927,21.29907949699884,23.00956381406189,24.478259376661587,26.528029713456103,29.373911251993903,32.951408859893,37.658659732222944,43.65969129947607,58.74782250398781,0.0182327377692233,0.3728325127435604,0.4821998060804965,0.0,0.0,0.0,7.09869521923186,7.25,7.25,False,7.25,1.9810014688665833,15.811840629580663,8.684599347007529,19683005.4322,0.0194807915397268,0.407166701472796,0.4937071358067418
18,2018,1596,20535154.5333,6.55355188159413,8.124452823150452,9.19042882444675,9.558179791941708,10.51399777113588,11.46981575033005,11.947724739927136,12.42563372952422,13.38145170871839,14.337269687912562,14.815178677509648,15.77099665670382,16.37921449073882,17.491469019253326,18.399496099487788,19.314717406895667,21.02799554227176,22.9396315006601,23.89544947985427,26.19774924392917,28.755493499745832,32.16685931730583,36.32873136459545,43.65507456373536,55.15330824345262,0.0196968980702869,0.3713845829128236,0.4850998370158927,0.0,0.0,0.0,6.929680349157739,7.25,7.25,False,7.09869521923186,1.9599109952199634,16.562814122055382,8.812173375598173,20881511.9111,0.0182327377692233,0.3728325127435604,0.4821998060804965
18,2019,1462,20332377.3416,7.040963957923366,8.449156749508038,9.38795194389782,9.857349541092711,10.832194470947062,11.585389093516756,12.204337527067167,13.143132721456949,14.081927915846732,14.081927915846732,15.045772376446411,16.1420662769607,17.146702302146206,18.35299304284908,19.558233216453797,20.65349427657521,21.664342002134404,23.46987985974455,24.823857228853218,27.08048617736765,29.102651026083244,32.85783180364238,37.25229915683895,45.06216933070954,58.68710633465839,0.0111067005449461,0.3767226189201367,0.4719403964811964,0.0,0.0,0.0,6.80626515932592,7.25,7.25,False,6.929680349157739,1.9358136864753268,16.37921449073882,9.19042882444675,20535154.5333,0.0196968980702869,0.3713845829128236,0.4850998370158927
18,2020,1291,19556060.4728,7.317238436788039,8.887353133536608,10.00909144551235,11.126138785790928,11.58972790186555,12.516906134014793,13.372691642288544,13.90767348223866,14.834851714387902,15.762029946537147,16.45741362064908,17.15279729476101,18.311770084947568,19.239027458739923,20.09573678633676,21.70673278793609,23.1794558037311,24.96241954415409,26.745383284577088,28.9374219609028,31.49667966081445,34.32321097593286,38.41528880260265,45.91337555081496,57.94863950932775,0.0119745517726184,0.3549985250381057,0.4610287689506781,0.0,0.0,0.0,6.722042183082018,7.25,7.25,False,6.80626515932592,1.9178435349621694,17.146702302146206,9.38795194389782,20332377.3416,0.0111067005449461,0.3767226189201367,0.4719403964811964
18,2021,1263,18752195.7127,7.085725813817531,8.857157267271914,9.742872993999104,10.628588720726295,11.514304447453489,12.400020174180678,13.28573590090787,13.331338696226847,14.395347503351577,15.278596286044053,16.140857013531168,17.032958523523696,17.714314534543828,18.757805432720364,20.12990288016344,21.5719319781114,23.30434793266661,25.54648339970328,26.57147180181574,28.956029872833547,31.808086776390983,35.428629069087656,40.88924654137633,49.76489074622606,62.0001008709034,0.015846016565343,0.3764851900099697,0.4708650882264423,0.0,0.0,0.0,6.421439018772137,7.25,7.25,False,6.722042183082018,1.9053920046599002,18.311770084947568,10.00909144551235,19556060.4728,0.0119745517726184,0.3549985250381057,0.4610287689506781
18,2022,1385,22961521.6373,6.561414909852352,9.021945501046984,10.2522107966443,11.382045450942426,12.30265295597316,12.30265295597316,13.122829819704704,13.943006683436248,14.763183547167792,15.583360410899337,16.40353727463088,17.223714138362425,18.339154673037324,19.684244729557054,20.5044215932886,21.781163577830704,23.308662144094228,24.84076467964861,26.523591601067174,29.02556966170256,31.545232444410782,35.48823271680018,41.0088431865772,47.31780765777298,59.14725957221624,0.0124226865408011,0.3386709281351622,0.4809422622088274,0.0,0.0,0.0,5.946282262053694,7.25,7.25,False,6.421439018772137,1.8596422388110472,17.714314534543828,9.742872993999104,18752195.7127,0.015846016565343,0.3764851900099697,0.4708650882264423
19,2017,1041,9112479.0089,7.343477812998477,8.32260818806494,9.007999450611464,9.791303750664635,10.227964263013776,10.86097852260534,11.749564500797565,12.728694875864026,13.41408613841055,14.121997399583602,14.686955625996951,15.631940570401598,16.64521637612988,17.624346751196345,18.50705462982967,19.369008364412228,20.561737876395732,22.316282892242015,23.536580738441412,25.44707692565589,27.94638631951879,30.597824220826983,35.77571042677221,42.65813732573808,57.00644627215341,0.0155971911113523,0.3244105070324712,0.4900129664868238,0.0,0.0,0.0,7.09869521923186,7.25,7.25,False,7.25,1.9810014688665833,16.0,9.0,9236796.7387,0.0164088682351292,0.3151383456024474,0.5033992242915177
19,2018,1030,9178302.2781,6.929680349157739,8.602361812747537,9.558179791941708,9.558179791941708,10.51399777113588,11.028610158395711,11.659584101577114,12.576687213951578,14.305208449188878,14.484691285414872,15.48563574693995,16.248905646300905,17.204723625495074,18.26240109366599,19.224259765966785,20.550772307735663,21.98381352146593,23.43128273419723,25.26544467597013,26.76290341743678,29.630357355019296,33.1455373238655,38.23271916776683,46.35009695820356,61.270268910295485,0.0183348783033147,0.2889237473173476,0.4842248114451977,0.0,0.0,0.0,6.929680349157739,7.25,7.25,False,7.09869521923186,1.9599109952199634,16.64521637612988,9.007999450611464,9112479.0089,0.0155971911113523,0.3244105070324712,0.4900129664868238
19,2019,1104,9825312.7903,5.632771166338693,8.449156749508038,9.38795194389782,10.078041224906604,10.832109859364648,11.444691552348797,12.204337527067167,13.366090597494814,14.081927915846732,15.020723110236514,15.959518304626297,16.898313499016076,18.05147882910857,18.775903887795643,19.714699082185422,20.76160314041871,22.566993581540174,24.40867505413433,26.286265442913898,28.21366491823713,31.293173146326072,33.850607721709565,36.50870200404708,43.141694512177295,58.67469964936138,0.021180529316629,0.2814994134467193,0.4800190301581222,0.0,0.0,0.0,6.80626515932592,7.25,7.25,False,6.929680349157739,1.9358136864753268,17.204723625495074,9.558179791941708,9178302.2781,0.0183348783033147,0.2889237473173476,0.4842248114451977
19,2020,930,8937140.105499998,7.417425857193951,9.27178232149244,10.11047061723248,10.698148710878748,11.34057344905349,12.280844969368625,12.980495250089415,13.90767348223866,14.834851714387902,15.774043284808885,16.68920817868639,17.830100993346036,18.54356464298488,19.613031905389747,20.517599025955107,21.90034655671461,23.1794558037311,24.977001364258435,26.745383284577088,28.046923862374108,29.86580162487537,33.43172910572136,36.75508676107406,43.62629590864063,59.91314097401316,0.0106208431085896,0.2984458725513935,0.4674542293041823,0.0,0.0,0.0,6.722042183082018,7.25,7.25,False,6.80626515932592,1.9178435349621694,18.05147882910857,9.38795194389782,9825312.7903,0.021180529316629,0.2814994134467193,0.4800190301581222
19,2021,859,9059915.5858,7.268268475616659,9.30001513063551,10.628588720726295,11.292875515771687,12.400020174180678,13.28573590090787,13.28573590090787,14.169064476773707,14.975022039797093,15.579064432233311,16.245359771130612,17.032977711758935,17.714314534543828,18.848204862446455,20.251375869690342,21.291056067999904,22.560263738102275,23.846124510676173,25.54935585317256,27.223852073198444,30.65922702380708,33.54540790780976,37.20350350132836,45.98901767885596,58.82807441685104,0.0115834780474649,0.3185629826202348,0.4931808112321893,0.0,0.0,0.0,6.421439018772137,7.25,7.25,False,6.722042183082018,1.9053920046599002,18.54356464298488,10.11047061723248,8937140.105499998,0.0106208431085896,0.2984458725513935,0.4674542293041823
19,2022,908,10390197.349599998,5.794088245812801,8.20176863731544,9.842122364778527,10.662299228510072,11.865960640928565,12.30265295597316,13.122829819704704,13.569722918000712,14.151779521004077,14.763183547167792,15.583360410899337,16.40353727463088,17.223714138362425,18.043891002093968,18.86406786582551,20.094333161422828,21.3239426717004,22.842256458073948,24.12092846208972,26.233738825383693,28.70619023060404,31.29598101201058,34.90218957624855,41.860561152492856,52.121539377384174,0.0206157641469867,0.3419769402105525,0.494810567269728,0.0,0.0,0.0,5.946282262053694,7.25,7.25,False,6.421439018772137,1.8596422388110472,17.714314534543828,10.628588720726295,9059915.5858,0.0115834780474649,0.3185629826202348,0.4931808112321893
20,2017,1340,9792292.5677,6.853912625465245,8.077825594298323,9.184535926269351,9.791303750664635,10.280868938197868,11.23497686359848,11.996020739103436,12.728694875864026,13.44947470768081,14.209000343151327,14.686955625996951,15.352805757747538,16.36411492271823,17.37598526665561,18.603477126262806,19.58260750132927,21.182996099375405,23.49912900159513,24.95627013439231,27.41565050186098,29.373911251993903,33.892794729596005,38.38232076990694,47.0734062594766,58.54588674394756,0.0222891899614949,0.2935047290641828,0.4788190250019545,0.0,0.0,0.0,7.09869521923186,7.25,7.25,False,7.25,1.9810014688665833,16.34130786443224,9.0,9550048.8884,0.0296851888731531,0.325471824387776,0.4845575213778086
20,2018,1311,9801482.2279,6.871407930848553,7.885498328351909,9.080270802344623,9.558179791941708,10.51399777113588,11.46981575033005,12.005073818678785,12.903542719121306,13.38145170871839,14.337269687912562,14.578082430480793,15.42519632451125,16.248905646300905,17.204723625495074,18.63845059428633,19.97110177089536,21.20580304669046,22.976191538364272,24.354958973351867,27.11201593433745,29.04389618245653,33.33392066071475,38.11774508277277,45.95270168272162,61.270268910295485,0.0200521581052858,0.3192925812069257,0.4792076858569518,0.0,0.0,0.0,6.929680349157739,7.25,7.25,False,7.09869521923186,1.9599109952199634,16.36411492271823,9.184535926269351,9792292.5677,0.0222891899614949,0.2935047290641828,0.4788190250019545
20,2019,1289,9918721.4204,6.77674455866438,7.979759152313148,9.046101535365306,9.625213158157232,10.796144735482494,11.377858611658674,12.204337527067167,13.143132721456949,14.081927915846732,14.081927915846732,15.020723110236514,15.790027497589293,16.624497522515238,17.556444183651706,18.775903887795643,19.714699082185422,21.15979578726949,22.819887669591036,24.823857228853218,27.08048617736765,29.33734982468069,33.616053268092884,38.39707918492018,45.98422174108123,59.69531090498644,0.0188712815862562,0.3191320971763261,0.4790826633387154,0.0,0.0,0.0,6.80626515932592,7.25,7.25,False,6.929680349157739,1.9358136864753268,16.248905646300905,9.080270802344623,9801482.2279,0.0200521581052858,0.3192925812069257,0.4792076858569518
20,2020,1195,9856841.2135,6.433025547330732,8.344604089343195,9.27178232149244,9.728995010302034,10.662549669716306,11.447622670282357,12.502117651491329,13.18248774888557,13.90767348223866,14.603057156350593,15.729439701739526,16.68920817868639,16.964796728731535,17.864855825129666,18.5440009092822,20.2135478475856,21.39626508344695,23.1794558037311,25.033812268029585,27.81534696447732,29.9106781392642,33.43172910572136,39.44260327366775,47.78859911148067,62.17949035800813,0.021758813047151,0.3238318108065158,0.4839490617710963,0.0,0.0,0.0,6.722042183082018,7.25,7.25,False,6.80626515932592,1.9178435349621694,16.624497522515238,9.046101535365306,9918721.4204,0.0188712815862562,0.3191320971763261,0.4790826633387154
20,2021,1121,9675491.1885,6.65072906086143,8.857157267271914,9.742872993999104,10.628588720726295,11.514304447453489,12.400020174180678,12.842878037544274,13.28573590090787,14.17145162763506,15.057167354362251,15.942883081089445,17.032977711758935,17.714314534543828,18.60003026127102,19.99669405270461,21.29105623062592,22.99450883942798,24.380235224646,25.752320586626503,27.67861646022473,29.807655638345217,34.06595542351787,40.33424104042945,46.84063335010416,59.615311276690434,0.0178471751083027,0.2610166457597203,0.4872836770813002,0.0,0.0,0.0,6.421439018772137,7.25,7.25,False,6.722042183082018,1.9053920046599002,16.964796728731535,9.27178232149244,9856841.2135,0.021758813047151,0.3238318108065158,0.4839490617710963
20,2022,1136,11061595.1362,6.561414909852352,8.20176863731544,9.842122364778527,10.924593842562643,11.849396505460067,12.30265295597316,13.122829819704704,13.943006683436248,14.577174705372324,15.37831619496645,16.22525019927473,16.561091551952646,17.781514963051603,18.86406786582551,19.715616494594787,20.5044215932886,21.70240159569541,23.65882181120012,25.63052699161075,27.602059867632622,30.62654274371872,33.96473935328113,39.43143803340551,45.34614348620554,59.14725957221624,0.0153922570934457,0.2783550916380537,0.4836855578261568,0.0,0.0,0.0,5.946282262053694,7.25,7.25,False,6.421439018772137,1.8596422388110472,17.714314534543828,9.742872993999104,9675491.1885,0.0178471751083027,0.2610166457597203,0.4872836770813002
21,2017,1241,13638762.1398,4.036512581183698,7.684117034028664,8.32260818806494,8.812173375598173,9.791303750664635,9.791303750664635,10.770434125731098,11.749564500797565,12.239129688330792,13.218260063397258,14.121997399583602,14.686955625996951,15.666086001063416,16.946298966462816,18.188330353463947,19.58260750132927,20.561737876395732,22.043842463577928,23.536580738441412,25.10583644713757,27.41565050186098,30.693590913790224,34.60873421423588,41.12347575279147,56.48818542440943,0.034562738998461,0.3619008269816764,0.5047505715647702,0.0,0.0,0.0,7.09869521923186,7.25,7.25,False,7.25,1.9810014688665833,16.0,8.5,11721984.291700002,0.0259480710629657,0.3426893448018286,0.5038091895654233
21,2018,1177,13894552.5047,6.844729944486346,8.124452823150452,8.84131630754608,9.558179791941708,9.814075149377938,10.51399777113588,11.46981575033005,12.223297933690793,12.975285323847968,13.68036119615384,14.337269687912562,15.293087667106732,16.00133976966955,16.992319630118594,17.839122846608184,18.699059391456476,19.86584185175709,21.174354852207397,22.976191538364272,25.00268922302985,27.47882006388145,30.51564951414018,34.664651204467944,44.925905632445584,59.46359829335819,0.020913158570721,0.3767847026904329,0.4864811191877923,0.0,0.0,0.0,6.929680349157739,7.25,7.25,False,7.09869521923186,1.9599109952199634,15.666086001063416,8.32260818806494,13638762.1398,0.034562738998461,0.3619008269816764,0.5047505715647702
21,2019,978,12833637.8482,6.571566360728474,7.742877285130718,9.097135933865689,9.448210167953834,10.326747138287605,11.265542332677386,11.734939929872276,12.67341808681934,13.45296723557579,14.081927915846732,14.508758726468026,15.203034825583156,16.246189176563828,17.331473601707525,18.053735684511302,19.25719289078614,20.65349427657521,21.664372686234504,23.46987985974455,25.35708633788024,28.420099982010026,31.760727703811792,36.107471369022605,43.20574925572608,56.55120595201693,0.0235108314157641,0.3519005451781095,0.4848592530272113,0.0,0.0,0.0,6.80626515932592,7.25,7.25,False,6.929680349157739,1.9358136864753268,16.00133976966955,8.84131630754608,13894552.5047,0.020913158570721,0.3767847026904329,0.4864811191877923
21,2020,903,12280950.8194,6.722042183082018,8.344604089343195,9.27178232149244,10.198960553641683,11.126138785790928,11.58972790186555,12.516906134014793,13.273707530806004,13.90767348223866,14.37126259831328,15.32136124252998,16.095561201119853,16.68920817868639,17.830183891574112,18.917852866734925,20.397921107283366,21.396260268750066,22.96038651645138,24.866055579611317,26.752355439610334,28.974319754663878,33.43172910572136,38.11684406555517,44.57571607248116,57.08374276696589,0.0171157497567659,0.359457728462402,0.4974316246710983,0.0,0.0,0.0,6.722042183082018,7.25,7.25,False,6.80626515932592,1.9178435349621694,16.246189176563828,9.097135933865689,12833637.8482,0.0235108314157641,0.3519005451781095,0.4848592530272113
21,2021,964,13427209.5751,6.275452140455159,7.750012608862924,8.857157267271914,9.742872993999104,10.628588720726295,11.514304447453489,12.400020174180678,13.143014674589626,13.28573590090787,14.17145162763506,15.057167354362251,15.931890851500048,16.710805194562916,17.714314534543828,18.39437286161204,19.48574598799821,20.439484682538048,22.142893168179786,24.06591863092894,25.80329679102428,27.67861646022473,30.367396344932278,34.2518816068973,42.58240737457539,56.77654316610052,0.0196952112217277,0.3733662312158156,0.4960419778173005,0.0,0.0,0.0,6.421439018772137,7.25,7.25,False,6.722042183082018,1.9053920046599002,16.68920817868639,9.27178232149244,12280950.8194,0.0171157497567659,0.359457728462402,0.4974316246710983
21,2022,912,14323227.0832,6.561414909852352,8.20176863731544,9.021945501046984,9.852895213327107,11.124887621431824,12.11417218922982,12.30265295597316,13.122829819704704,13.944940045774104,14.763183547167792,15.583360410899337,16.40353727463088,16.74810773520811,17.74411635840009,18.462317409824877,19.715616494594787,20.934680906434195,22.55486375261746,23.947736608226784,25.63052699161075,27.886013366872497,31.545232444410782,37.8200978369535,43.39244639489342,55.10629372990379,0.013173708864905,0.3500934644457024,0.4799611850854021,0.0,0.0,0.0,5.946282262053694,7.25,7.25,False,6.421439018772137,1.8596422388110472,16.710805194562916,8.857157267271914,13427209.5751,0.0196952112217277,0.3733662312158156,0.4960419778173005
22,2017,1568,10013957.1837,4.895651875332318,7.215649496455904,7.909610376435161,8.812173375598173,9.791303750664635,9.791303750664635,10.770434125731098,11.749564500797565,12.6593029499206,13.70782525093049,14.686955625996951,15.666086001063416,16.64521637612988,17.88773282208922,19.09304231379604,20.41580251034785,22.03043343899543,23.536580738441412,25.768804841678048,28.243994799167204,30.368587153518742,33.8928427155194,38.24974804954134,45.68863265930713,58.74782250398781,0.0421340889879962,0.3752193453868642,0.4918426928883854,0.0,0.0,0.0,7.09869521923186,7.25,7.25,False,7.25,1.9810014688665833,16.15375,8.0,10660526.4167,0.0386343013657193,0.3992817153599465,0.499908380776725
22,2018,1550,10202125.679,5.498738136146302,7.168634843956281,7.646543833553366,8.602361812747537,9.19047790979068,9.558179791941708,10.51399777113588,11.46981575033005,11.947724739927136,13.162719832759212,14.337269687912562,15.293087667106732,16.726814635897988,17.9215871098907,19.116359583883412,20.56073276370535,21.98381352146593,22.976191538364272,24.726850265377163,26.76290341743678,28.674539375825123,32.44506397499257,36.7621932067766,44.11461312434939,55.1432898101649,0.0390536028702455,0.3764729164732728,0.5017991174562554,0.0,0.0,0.0,6.929680349157739,7.25,7.25,False,7.09869521923186,1.9599109952199634,16.64521637612988,7.909610376435161,10013957.1837,0.0421340889879962,0.3752193453868642,0.4918426928883854
22,2019,1397,9198858.5906,4.693975971948911,6.900144678764899,7.510361555118257,8.449156749508038,9.38795194389782,10.012186468893676,10.98390377436045,11.734939929872276,12.992940255654355,14.081927915846732,14.442894668089602,15.474563529924374,16.683494869868714,17.83710869340586,19.25719289078614,20.78656523031805,22.566993581540174,23.718921692937982,25.954221062624395,28.163855831693464,31.593978773195133,34.323633165979416,39.42939816437085,47.22352183355324,67.70145014221774,0.0336922860860919,0.3547080027009281,0.4995727091832875,0.0,0.0,0.0,6.80626515932592,7.25,7.25,False,6.929680349157739,1.9358136864753268,16.726814635897988,7.646543833553366,10202125.679,0.0390536028702455,0.3764729164732728,0.5017991174562554
22,2020,1196,8647866.9637,6.490247625044708,7.417425857193951,8.344604089343195,9.27178232149244,9.503576879529753,10.469101107898393,11.143755172201764,12.29883503647918,13.372691642288544,13.90767348223866,15.556283329341047,16.68920817868639,17.830332787904073,19.47074287513412,20.934558201511088,22.28774213896156,24.106634035880344,26.745383284577088,27.81534696447732,29.684220550666247,32.45123812522354,35.660572702770665,40.11807492686563,49.55182864594219,66.86369000600077,0.0260229591117247,0.3553726061235707,0.4945004910055124,0.0,0.0,0.0,6.722042183082018,7.25,7.25,False,6.80626515932592,1.9178435349621694,16.683494869868714,7.510361555118257,9198858.5906,0.0336922860860919,0.3547080027009281,0.4995727091832875
22,2021,1251,9184164.6474,4.3725329628515714,7.085725813817531,7.971441540544722,8.857157267271914,9.078679114594877,10.219616848048476,11.044890171734131,11.748878754452436,12.823282481529557,13.28573590090787,14.593613472869214,15.942883081089445,17.032977711758935,17.714314534543828,19.48574598799821,21.149550074420983,22.142893168179786,24.443886486689323,26.57147180181574,28.94116123054257,31.038443348838683,34.06595542351787,38.32403377975884,46.09531129943248,61.95452115676768,0.0307218304911243,0.3781155650757089,0.5297477815554347,0.0,0.0,0.0,6.421439018772137,7.25,7.25,False,6.722042183082018,1.9053920046599002,17.830332787904073,8.344604089343195,8647866.9637,0.0260229591117247,0.3553726061235707,0.4945004910055124
22,2022,1179,9384875.935,3.977132165125805,6.971503341718124,8.20176863731544,8.20176863731544,9.83292897947688,10.2522107966443,10.861977714556913,12.094957019088747,12.30265295597316,13.122829819704704,13.943006683436248,14.763183547167792,16.174297018285248,17.223714138362425,18.45397943395974,19.715616494594787,21.66166429918916,22.99825974085585,24.60530591194632,26.820626914912907,28.715082029957298,31.77865992978241,36.90795886791948,46.28454323089209,59.14725957221624,0.0267055572962137,0.3960807756165612,0.4986364096564907,0.0,0.0,0.0,5.946282262053694,7.25,7.25,False,6.421439018772137,1.8596422388110472,17.032977711758935,7.971441540544722,9184164.6474,0.0307218304911243,0.3781155650757089,0.5297477815554347
23,2017,895,4418646.9207,7.343477812998477,8.812173375598173,9.782742056244455,9.791303750664635,10.770434125731098,11.749564500797565,11.994347094564178,12.728694875864026,13.70782525093049,14.605045350335832,14.972524855796452,15.92360895997444,16.946356582339774,17.624346751196345,19.139712339927623,20.561737876395732,21.758452779254743,23.29025791030613,24.478259376661587,26.838293232693356,29.462079440174943,32.49543398368533,36.71738906499238,43.30759060613916,56.48818542440943,0.035328225608773,0.3378721228451287,0.5190236680727329,1.0,1.0,1.0,8.812173375598173,9.0,7.25,False,7.5,2.0149030205422647,17.307499999999997,9.0,4383798.7842,0.0233447708341102,0.342820360577808,0.5044253532278717
23,2018,877,4668826.3158,5.583928842970051,9.558179791941708,9.558179791941708,10.51399777113588,11.46981575033005,11.914997037570684,12.42563372952422,13.38145170871839,14.182958098468374,14.71956898576244,15.68683791412034,16.726814635897988,17.491469019253326,18.3810966033883,19.116359583883412,20.55008655267467,21.98381352146593,23.89544947985427,24.37556771558029,26.32110334935987,28.62917807498107,32.16685931730583,36.76209762497868,45.95262203122335,57.42455841553996,0.0586560892987674,0.3462419233136554,0.5255516307377476,1.0,1.0,1.0,9.558179791941708,10.0,7.25,False,8.812173375598173,2.1761341036895994,16.946356582339774,9.782742056244455,4418646.9207,0.035328225608773,0.3378721228451287,0.5190236680727329
23,2019,802,4677007.0371,7.040963957923366,10.326747138287605,10.326747138287605,10.796144735482494,11.265542332677386,12.100162472197958,12.429490916888776,13.345720219967127,14.081927915846732,15.020723110236514,15.724819506028853,16.23400150667674,17.242135754798408,18.069801509256827,18.775903887795643,20.21858814555937,21.117946688471243,23.113830706682663,24.637273386638043,26.45357100715778,28.885977095218085,31.96080478805496,36.76894072390627,44.06478036082416,57.83202862506516,0.0479482709179437,0.3139762466790153,0.5024449027464133,1.0,1.0,1.0,10.326747138287603,11.0,7.25,False,9.558179791941708,2.257397310602789,17.491469019253326,9.558179791941708,4668826.3158,0.0586560892987674,0.3462419233136554,0.5255516307377476
23,2020,710,4337614.2832,8.271472321005513,11.126138785790928,11.511218352185203,12.053317017940172,12.516906134014793,12.980495250089415,13.90767348223866,14.37126259831328,14.834851714387902,15.762029946537147,16.22561906261177,17.308353046575355,18.079975526910257,19.012306609222783,20.357438648437263,22.075576489290093,23.1794558037311,24.76883990790216,26.745383284577088,28.974319754663878,32.09450630040411,34.89759403763517,39.41356025856613,45.677639363923376,59.36813724487625,0.0410240551330725,0.3325455576091136,0.503122240710165,1.0,1.0,1.0,11.126138785790927,12.0,7.25,False,10.326747138287603,2.3347373388939565,17.242135754798408,10.326747138287605,4677007.0371,0.0479482709179437,0.3139762466790153,0.5024449027464133
23,2021,616,4145498.0105,7.333068502280964,11.071446584089893,11.514304447453489,12.400020174180678,12.842878037544274,13.28573590090787,13.820655273922297,14.614309490998656,15.347204794422662,15.942883081089445,16.787107955990308,17.614321854215756,18.10873882793414,19.16201688987942,20.196133945102616,21.291056067999904,23.294480749128333,24.69774018192437,26.27610052595485,28.342903255270123,30.659252033689825,33.21433975226967,35.93023430753336,42.58196423514687,53.82836543379659,0.0382265963217496,0.3018986181708601,0.5070702197843932,0.0,0.0,1.0,10.761446079735375,12.15,7.25,False,11.126138785790927,2.409297185581317,18.079975526910257,11.511218352185203,4337614.2832,0.0410240551330725,0.3325455576091136,0.503122240710165
23,2022,593,4211908.8086,9.545300469562632,11.072387660375844,11.741404041348574,12.30265295597316,12.97493507498792,13.135251793232976,13.943006683436248,14.59923162394763,14.91599077910134,15.772616222205391,16.40353727463088,17.223714138362425,18.043891002093968,18.86406786582551,19.88465935228845,20.5044215932886,21.68732167500542,22.964952184483234,24.60530591194632,26.61617257297649,29.178326940476857,31.163877726288693,35.48823271680018,44.163243404488725,58.64783614798365,0.0358893343776464,0.3352616420651724,0.4995066868741893,0.0,0.0,1.0,10.457255012577185,12.75,7.25,False,10.761446079735375,2.3759699397310214,18.10873882793414,11.514304447453489,4145498.0105,0.0382265963217496,0.3018986181708601,0.5070702197843932
24,2017,1185,17387081.1622,7.610183991037554,9.301738563131403,9.791303750664635,10.770434125731098,11.7556402345021,13.218260063397258,14.675267125596518,15.666086001063416,16.64521637612988,18.829411460309394,20.561737876395732,23.314953998038074,25.419693232287997,27.607763031381136,29.373911251993903,31.332172002126832,34.26956312732622,37.65872500758128,41.11806317646313,44.78137984089723,47.07348785367452,52.7222541758288,56.48818542440943,63.30488738542711,70.61023178051178,0.0325007776652316,0.2680005613610651,0.492879073764884,1.0,1.0,1.0,8.567390781831556,8.75,7.25,False,8.25,2.1102132003465894,23.07675,10.0,18521426.8464,0.0221030733968301,0.254527346035238,0.509685114213264
24,2018,1265,18557493.6553,7.646543833553366,9.558179791941708,10.51399777113588,11.46981575033005,12.42563372952422,13.399765036427024,14.337269687912562,15.77099665670382,17.204723625495074,18.551683475604445,20.072177563077588,22.05725058997144,23.89544947985427,25.807085438242613,28.13138549052378,29.86931184981784,32.564329178386984,35.35158369978788,38.28524505600088,41.357288141752576,45.95262203122335,49.69779582537458,55.14324201926594,62.95519015411886,68.92905252408242,0.0324521815707588,0.2785436026930134,0.4994121336236112,1.0,1.0,1.0,8.84131630754608,9.25,7.25,False,8.567390781831556,2.147963226722903,25.419693232287997,9.791303750664635,17387081.1622,0.0325007776652316,0.2680005613610651,0.492879073764884
24,2019,1146,19290507.1526,7.513301259699899,9.4818314633368,10.796144735482494,11.288602719176447,12.984885831575088,14.081927915846732,14.081927915846732,15.959518304626297,17.334127841249934,18.775903887795643,20.310364633025745,22.653622221456395,24.40867505413433,26.799437049026896,28.88589364675636,31.593978773195133,33.80344089912566,36.14575196704428,39.927717889628425,44.22896895205576,46.759223839091376,49.64771445770644,55.37772397006087,60.93132859787583,67.70145014221774,0.0638818521333643,0.2638234577266704,0.5251769323252105,1.0,1.0,1.0,9.4818314633368,10.1,7.25,False,8.84131630754608,2.179435769133077,23.89544947985427,10.51399777113588,18557493.6553,0.0324521815707588,0.2785436026930134,0.4994121336236112
24,2020,1056,19252052.7555,8.112809531305885,10.662549669716306,11.58972790186555,12.980495250089415,13.90767348223866,14.577426237352997,15.762029946537147,17.167595860619876,18.54356464298488,19.47074287513412,21.32509933943261,23.1794558037311,25.028557802750857,26.745383284577088,28.255489245497103,31.20302443019262,33.00059043783454,35.660665575808146,37.90611673572604,43.17444256278141,45.83819096404332,53.49095200480061,57.94863950932775,66.86369000600077,66.86369000600077,0.0415837008950274,0.260670919721343,0.5118526846538384,1.0,1.0,1.0,10.198960553641683,11.0,7.25,False,9.4818314633368,2.2493774899428,24.40867505413433,10.796144735482494,19290507.1526,0.0638818521333643,0.2638234577266704,0.5251769323252105
24,2021,1082,19859663.6196,8.857157267271914,10.628588720726295,11.141199638840972,12.77338745738998,13.298421153592434,14.788884751634138,15.942883081089445,17.032903902115038,18.60003026127102,20.830265521058188,22.142893168179786,23.963468940062857,25.62029672090852,27.67861646022473,29.807655638345217,31.000050435451698,33.64014758789377,36.19499460163835,40.02748655118691,42.58240737457539,46.84063335010416,51.09893313527681,57.828794415536485,63.87361106186309,63.87361106186309,0.0482380544982914,0.2545577038077658,0.497844824166218,0.0,0.0,1.0,10.4071597890445,11.75,7.25,False,10.198960553641683,2.3222858085916873,25.028557802750857,11.58972790186555,19252052.7555,0.0415837008950274,0.260670919721343,0.5118526846538384
24,2022,1031,20085610.992300004,7.9051117031191,10.2522107966443,11.482476092241615,12.30265295597316,13.841934575552484,14.763183547167792,15.993448842765108,17.223714138362425,18.576794368189315,19.715616494594787,21.324598457020144,22.964952184483234,24.60530591194632,25.83557120754364,28.390627182283325,30.362127318478027,33.122432553366544,35.48823271680018,38.75351011808512,41.0088431865772,44.9518434589666,47.31780765777298,52.57534184196998,59.14725957221624,59.14725957221624,0.0546103961149352,0.2521052852383335,0.4920292995711518,0.0,0.0,1.0,10.2522107966443,12.5,7.25,False,10.4071597890445,2.3424940105346317,25.62029672090852,11.141199638840972,19859663.6196,0.0482380544982914,0.2545577038077658,0.497844824166218
25,2017,1953,20020773.6159,7.531470845011237,10.770434125731098,10.770434125731098,11.749564500797565,12.728694875864026,14.1072859772783,14.686955625996951,16.475582038649616,17.624346751196345,19.13371382704736,20.33557514080538,21.85817878693196,23.53666233263934,25.45738975172805,27.41565050186098,30.192706359828613,32.951408859893,35.30499349895901,37.65882292061879,41.29230579407947,44.71982162041059,47.86862836240972,54.134213373860895,61.19564844165397,70.61023178051178,0.0470696542540989,0.2406766394418066,0.5151651595924781,1.0,1.0,1.0,10.770434125731098,11.0,7.25,False,10.0,2.302585092994046,23.0,10.0,18296882.9925,0.0424568586473677,0.2759698401399721,0.5028160171856114
25,2018,1863,20203392.0045,9.558179791941708,10.51399777113588,11.46981575033005,12.253905099262337,13.38145170871839,14.337269687912562,15.293087667106732,16.726814635897988,18.12862025042743,19.116359583883412,20.678644070876288,22.51668204486668,23.89544947985427,25.324928368738,27.718721396630954,29.86931184981784,31.89673537609044,34.40944725099015,37.27690118857266,40.4383647365553,44.026152273306295,48.25040845320613,55.14324201926594,59.73862369963568,68.92905252408242,0.0317560693153455,0.2587218459868398,0.50809835593021,0.0,0.0,1.0,10.513997771135879,11.0,7.25,False,10.770434125731098,2.3768047991517505,23.53666233263934,10.770434125731098,20020773.6159,0.0470696542540989,0.2406766394418066,0.5151651595924781
25,2019,1716,19707708.3964,9.38795194389782,11.265542332677386,11.592079417625166,12.641373371837595,13.540243088683823,14.081927915846732,15.020723110236514,16.77529985596504,17.99036077367731,18.775903887795643,20.65349427657521,22.56691818233769,23.46987985974455,26.07764428860506,28.163855831693464,29.33734982468069,31.684337810655148,34.735422192421936,37.551807775591286,40.62072926605149,45.13422186187896,48.809729994871866,54.16116011377419,60.179066793082434,67.70145014221774,0.0449556229308649,0.2497859323613307,0.5184634721034573,1.0,1.0,1.0,11.265542332677386,12.0,7.25,False,10.513997771135879,2.3527074904071137,23.89544947985427,11.46981575033005,20203392.0045,0.0317560693153455,0.2587218459868398,0.50809835593021
25,2020,1551,18940286.254,8.915050496673018,11.58972790186555,12.125732631303803,13.675878924201347,14.192783647790732,15.762029946537147,16.68920817868639,18.32908286039804,19.47074287513412,21.396260268750066,23.1794558037311,24.516678609048345,26.745383284577088,28.28719737136056,30.80394970562109,32.55816082704516,34.769183705596646,37.08712928596976,40.11807492686563,44.5025256340337,46.3589116074622,51.550914575474,55.63069392895464,64.63498533047202,66.86369000600077,0.0650607610769217,0.2269834415196373,0.4920555198331164,1.0,1.0,1.0,11.82152245990286,12.75,7.25,False,11.265542332677386,2.4217487158835866,23.46987985974455,11.592079417625166,19707708.3964,0.0449556229308649,0.2497859323613307,0.5184634721034573
25,2021,1536,19165817.5822,10.130330830933008,11.957162310817084,13.28573590090787,13.28573590090787,14.715729480226722,15.942883081089445,16.828598807816636,18.60003026127102,19.626353140245115,21.291056067999904,22.852339623744065,25.54935585317256,27.3298030867063,29.807655638345217,31.9366948164657,34.06595542351787,36.53023149553297,39.74354085112696,42.582333564931496,45.42127389802383,49.55125737864703,51.09893313527681,57.40357476019,63.87361106186309,63.87361106186309,0.0459271946017843,0.2281537870036464,0.4965012108034318,0.0,0.0,1.0,11.957162310817083,13.5,7.25,False,11.82152245990286,2.469921807397752,26.745383284577088,12.125732631303803,18940286.254,0.0650607610769217,0.2269834415196373,0.4920555198331164
25,2022,1565,20077990.174500003,9.918593954927772,11.829410905600058,12.30265295597316,13.122829819704704,13.943006683436248,15.173271979033563,16.40353727463088,17.223714138362425,18.86406786582551,20.479354156280248,21.324598457020144,23.445611062040825,24.841721892916937,26.56848199577703,28.89197656310023,31.166720821798677,33.51673258060548,36.04619319863055,39.43143803340551,41.0088431865772,44.391726099216655,47.31784866661617,52.57534184196998,59.14725957221624,59.14725957221624,0.0439121775256051,0.2405535533747852,0.5095075912972824,0.0,0.0,1.0,11.687520308174502,14.25,7.25,False,11.957162310817083,2.4813304553888473,27.3298030867063,13.28573590090787,19165817.5822,0.0459271946017843,0.2281537870036464,0.4965012108034318
26,2017,2071,28574816.8945,6.569451649838978,8.714260338091526,9.301738563131403,9.791303750664635,10.207974206103785,10.770434125731098,11.749564500797565,12.391679428891056,13.218260063397258,13.987576786663766,14.686955625996951,15.666086001063416,16.64521637612988,17.89771272123618,19.58260750132927,20.561737876395732,22.54513157790524,24.478259376661587,26.3611270879144,28.39478087692744,30.901354637097587,33.97033778996752,39.37329815595677,45.97284377792327,58.886498961658745,0.0480188036362921,0.3079429003338141,0.4769283485565608,0.0,0.0,1.0,8.714260338091526,8.9,7.25,False,8.5,2.1400661634962708,16.221984567384307,9.0,27564459.939900003,0.051412955004013,0.3370607127278149,0.4948731634337068
26,2018,1933,27104993.7729,7.264729094333849,8.84131630754608,9.558179791941708,9.84454214869168,10.51399777113588,11.46981575033005,12.42563372952422,13.38145170871839,14.337269687912562,14.75230092195864,15.772665195189605,16.726814635897988,17.70636892885607,19.116359583883412,20.072177563077588,21.827075592105977,23.649348294220506,25.73348745384466,27.57152542783505,29.630357355019296,32.25861581581259,35.8431742197814,40.81982303034594,45.95268012925747,61.270268910295485,0.0458173811956987,0.3079349349692541,0.494672448218956,0.0,0.0,1.0,8.84131630754608,9.25,7.25,False,8.714260338091526,2.164960803091474,16.64521637612988,9.301738563131403,28574816.8945,0.0480188036362921,0.3079429003338141,0.4769283485565608
26,2019,1808,26492228.2751,7.138183458738493,9.019094225094522,9.38795194389782,10.326747138287605,10.796144735482494,11.47440097605047,12.509113298435048,13.27019621092046,14.081927915846732,15.020723110236514,15.959518304626297,16.898313499016076,17.83710869340586,18.775903887795643,20.37048940878108,21.664388941894124,23.46987985974455,25.275223459043,28.08353668728456,30.102843355583097,33.55490561215971,36.107471369022605,40.52784571624328,48.14329515869681,60.179066793082434,0.0351784702525738,0.3180592787326869,0.5055351263784718,0.0,0.0,1.0,8.683855548105484,9.25,7.25,False,8.84131630754608,2.179435769133077,17.70636892885607,9.558179791941708,27104993.7729,0.0458173811956987,0.3079349349692541,0.494672448218956
26,2020,1626,25677238.7987,8.344604089343195,9.27178232149244,10.198960553641683,11.126138785790928,12.053317017940172,12.980495250089415,13.90767348223866,14.453905998810969,15.473776560422513,16.48895586169795,17.384591852798323,18.54356464298488,19.47074287513412,20.93295061876679,22.391564811935982,24.106634035880344,25.96099050017883,27.81534696447732,29.669703428775804,32.09449090831755,35.660665575808146,40.11807492686563,44.57571607248116,51.35112141991296,66.86369000600077,0.0350922797565609,0.2761636104914448,0.4950314832739547,1.0,1.0,1.0,8.947269940240204,9.65,7.25,False,8.683855548105484,2.16146561761992,17.83710869340586,9.38795194389782,26492228.2751,0.0351784702525738,0.3180592787326869,0.5055351263784718
26,2021,1675,27316244.1964,7.085725813817531,8.857157267271914,10.1857308573627,11.071446584089893,12.400020174180678,13.28573590090787,13.28573590090787,14.180925134977995,15.057167354362251,15.942883081089445,16.939074841298268,17.714314534543828,19.374018803415865,21.25717744145259,22.53028602870861,24.351714669222705,25.68575607508855,27.67861646022473,29.686466472260168,31.9366948164657,34.49496574896678,38.32403377975884,44.369721055056274,51.09893313527681,63.87361106186309,0.0324720315656315,0.2867166418995543,0.4953276593596706,0.0,0.0,1.0,8.547156762917396,9.65,7.25,False,8.947269940240204,2.1913484511442114,19.47074287513412,10.198960553641683,25677238.7987,0.0350922797565609,0.2761636104914448,0.4950314832739547
26,2022,1756,30816168.0401,6.688629403412504,9.021945501046984,10.335347007566869,11.482476092241615,12.30265295597316,12.712741387838932,13.532918251570475,14.175832438784573,14.76926645409171,15.94723746965126,16.40353727463088,17.633802570228198,18.86406786582551,20.3026840267818,21.324598457020144,23.041454816637792,24.60530591194632,26.36611023335623,28.033979409346603,29.96782729123909,33.19333601525247,36.88795130113617,40.953570213424754,47.31784866661617,59.14725957221624,0.0300200178749089,0.3181569172306533,0.4747843246428676,0.0,0.0,1.0,8.095145645030339,9.87,7.25,False,8.547156762917396,2.1455986852953584,19.374018803415865,10.1857308573627,27316244.1964,0.0324720315656315,0.2867166418995543,0.4953276593596706
27,2017,1536,20809950.0264,8.567390781831556,9.301738563131403,9.992066656823445,11.251862392400412,11.768167977923826,13.532328639191784,14.686955625996951,15.176520813530184,16.155651188596647,17.296591137276756,18.325738101136235,19.27400452522751,19.7708453159358,21.182996099375405,22.545654738803616,24.478259376661587,25.45738975172805,28.243994799167204,30.12686251042001,33.29043275225976,36.24716331521683,39.54177142025151,45.74409956580781,51.7808203202024,65.902817719786,0.0386777696043914,0.2701705326715104,0.4812097669910817,1.0,1.0,1.0,9.301738563131403,9.5,7.25,False,9.0,2.1972245773362196,20.0,10.0,19142273.1042,0.0290461876430968,0.2489830882756693,0.4861042988493547
27,2018,1422,19856953.9761,8.602361812747537,9.558179791941708,10.51399777113588,11.477156238695082,12.747137033566869,13.859360698315475,14.337269687912562,15.293087667106732,16.248905646300905,17.204723625495074,18.399496099487788,19.267160687281127,21.006967546729488,22.49443768217752,23.89544947985427,25.273977960347064,27.57152542783505,28.767587797463083,31.450708104321347,33.54538779779861,36.7621932067766,40.438307831970576,45.03360304422815,52.40063298495383,62.1281686476211,0.0360819651978021,0.2594011978674921,0.5036554780777236,0.0,0.0,1.0,9.223643499223748,9.65,7.25,False,9.301738563131403,2.230201324959875,19.7708453159358,9.992066656823445,20809950.0264,0.0386777696043914,0.2701705326715104,0.4812097669910817
27,2019,1385,20208035.6852,8.449156749508038,9.38795194389782,11.03084353407994,11.74189266454882,13.143132721456949,14.081927915846732,14.551325513041622,15.526122014685448,16.333217776737655,17.130980996385215,18.060390383411736,18.775903887795643,20.184096679380318,21.59228947096499,23.25398636619057,24.37253143915033,26.286265442913898,28.163855831693464,30.867240558186825,33.55020101010097,36.107471369022605,39.71817156616515,45.06216933070954,52.14319592836855,64.55244849131284,0.0346319974341966,0.247472873272022,0.5030195941679125,0.0,0.0,1.0,9.25652061668325,9.86,7.25,False,9.223643499223748,2.2217701329596378,21.006967546729488,10.51399777113588,19856953.9761,0.0360819651978021,0.2594011978674921,0.5036554780777236
27,2020,1271,19894837.7673,9.27178232149244,10.495349354462364,12.053317017940172,12.980495250089415,13.90767348223866,14.834851714387902,15.762029946537147,16.359700516400714,17.191967866275814,18.18643116118428,18.54356464298488,19.83973993787613,21.253453739696205,22.2877688216697,23.1794558037311,25.451042472496745,26.888168732328072,28.974319754663878,31.20302443019262,34.31310288012184,37.08712928596976,41.72302044671598,46.3589116074622,53.49095200480061,66.86369000600077,0.0160706258748945,0.2710470850766744,0.4905176573110802,0.0,0.0,1.0,9.27178232149244,10.0,7.25,False,9.25652061668325,2.22532823471013,20.184096679380318,11.03084353407994,20208035.6852,0.0346319974341966,0.247472873272022,0.5030195941679125
27,2021,1148,19166675.1205,8.66153187689351,10.628588720726295,12.333655517025845,13.28573590090787,13.817165336944184,15.057167354362251,15.942883081089445,16.619206240214186,17.714314534543828,18.35471074639413,19.48574598799821,20.86524823237581,22.142893168179786,23.028608894906974,24.80004034836136,26.47430506826754,28.342903255270123,30.16811911964514,32.77148188890608,35.84869830125548,38.40991500934042,42.582333564931496,46.84063335010416,51.28862575130497,63.87361106186309,0.028825870273612,0.2471857186608591,0.4931274802582158,0.0,0.0,1.0,8.928014525410088,10.08,7.25,False,9.27178232149244,2.2269756287873625,21.253453739696205,12.053317017940172,19894837.7673,0.0160706258748945,0.2710470850766744,0.4905176573110802
27,2022,1244,21179522.9951,8.222809304465846,10.662299228510072,12.30265295597316,13.014538515173555,13.943006683436248,14.763183547167792,15.254052866881644,15.998574153288038,16.40353727463088,17.565024915679526,18.86406786582551,19.715616494594787,20.5044215932886,22.08162170224436,23.65882181120012,25.63052699161075,27.55361267210592,29.573527264000145,31.545232444410782,34.4820715536485,37.854171469137306,42.64919691404029,47.31780765777298,51.2610539832215,59.14725957221624,0.0212301585358663,0.2518256383552144,0.4846278602013216,0.0,0.0,1.0,8.47242700234685,10.33,7.25,False,8.928014525410088,2.1891940325876864,22.142893168179786,12.333655517025845,19166675.1205,0.028825870273612,0.2471857186608591,0.4931274802582158
28,2017,1551,7748901.882999999,5.648603133758428,7.196608256738506,7.833043000531708,8.376135004225146,8.812173375598173,9.791303750664635,9.791303750664635,10.753657341766434,11.749564500797565,11.98065975602892,12.728694875864026,13.477316341607288,14.521875759759318,15.063420775378075,15.75706419995657,16.64521637612988,17.624346751196345,18.829411460309394,20.46194001275598,23.06586381062821,25.39071369476437,28.243994799167204,32.006667366207864,38.38250980384189,56.417125763015726,0.0368716886487901,0.3850175827810259,0.5235648915623262,0.0,0.0,0.0,7.09869521923186,7.25,7.25,False,7.25,1.9810014688665833,13.736573266526952,7.75,7327562.933499999,0.0512438926567699,0.4301712505244088,0.5262392927628071
28,2018,1500,7838582.298,4.792481918221666,7.168634843956281,7.734863884713535,8.602361812747537,9.190508475945016,9.558179791941708,10.101037833233033,10.9434185982058,11.46981575033005,12.131480746427211,13.234255739922489,13.859360698315475,14.337269687912562,15.293087667106732,16.248905646300905,17.204723625495074,18.3810966033883,19.116359583883412,21.02799554227176,22.9396315006601,23.89544947985427,27.08981715694399,29.86931184981784,35.376394315495155,50.13022001751449,0.0359974822707411,0.3608068332358535,0.5004343293558159,0.0,0.0,0.0,6.929680349157739,7.25,7.25,False,7.09869521923186,1.9599109952199634,14.521875759759318,7.833043000531708,7748901.882999999,0.0368716886487901,0.3850175827810259,0.5235648915623262
28,2019,1323,7216667.8709,5.032221481077812,7.040963957923366,7.510361555118257,8.449156749508038,8.91855434670293,9.38795194389782,9.91538098251584,10.796144735482494,11.265542332677386,11.969638728469722,12.67373512426206,13.61253031865184,14.081927915846732,15.020723110236514,15.959518304626297,16.433199599534763,17.602409894808414,18.775903887795643,19.73015875157153,21.664342002134404,23.939277456939443,26.19334873033784,29.2854951647328,36.10744407511821,53.13721501260735,0.0345888560434568,0.3922834569560071,0.5190394563956654,0.0,0.0,0.0,6.80626515932592,7.25,7.25,False,6.929680349157739,1.9358136864753268,14.337269687912562,7.734863884713535,7838582.298,0.0359974822707411,0.3608068332358535,0.5004343293558159
28,2020,1207,6875384.2751,6.216585278992283,7.185631299156641,7.881014973268574,8.344604089343195,9.27178232149244,9.73537143756706,10.430755111678994,11.126138785790928,11.58972790186555,12.627738180584029,13.372691642288544,13.90767348223866,14.321776235175342,15.707965445549345,16.22561906261177,17.384591852798323,18.54356464298488,20.059037463432816,21.57027928518236,23.1794558037311,25.441873275159367,27.81534696447732,31.890492166243824,39.4315944732042,53.49097380342319,0.0306316446431551,0.388567523167444,0.527294059828717,0.0,0.0,0.0,6.722042183082018,7.25,7.25,False,6.80626515932592,1.9178435349621694,14.081927915846732,7.510361555118257,7216667.8709,0.0345888560434568,0.3922834569560071,0.5190394563956654
28,2021,1176,7058374.2419,6.404292721612002,7.5285836771811265,8.152061997706753,8.857157267271914,9.30001513063551,10.008587712017263,10.628588720726295,11.071446584089893,11.939058612938776,12.774677926586278,13.28573590090787,13.728593764271466,14.51903123621126,15.316824948836953,16.181140611579057,17.168330471085742,18.314360893214182,19.660437030882115,21.441619919066188,23.04682970468642,25.54935585317256,28.104424295848823,31.9366948164657,39.36255394554469,54.17395009670212,0.0193825000079867,0.3819919742416797,0.4973659128840701,0.0,0.0,0.0,6.421439018772137,7.25,7.25,False,6.722042183082018,1.9053920046599002,14.321776235175342,7.881014973268574,6875384.2751,0.0306316446431551,0.388567523167444,0.527294059828717
28,2022,1185,7614427.0148,4.599066268161069,7.381591773583896,8.20176863731544,8.605639400156116,9.432033932912756,9.842122364778527,10.662299228510072,11.314927476190972,11.892564524107389,12.30265295597316,12.740335916968268,13.532918251570475,14.195211069033697,14.794562172822223,15.772616222205391,16.561216276683272,17.74411635840009,18.88062851625302,20.196822595388955,21.29302164776648,23.23881172905449,25.63052699161075,29.083058645909283,34.41765791885074,47.31784866661617,0.0269588395030918,0.3766687556825093,0.5226133872667401,0.0,0.0,0.0,5.946282262053694,7.25,7.25,False,6.421439018772137,1.8596422388110472,14.51903123621126,8.152061997706753,7058374.2419,0.0193825000079867,0.3819919742416797,0.4973659128840701
29,2017,1537,20119777.1986,7.343477812998477,7.987290097276861,9.301738563131403,9.791303750664635,10.514598391867631,11.260755655479173,11.749564500797565,12.728694875864026,13.70782525093049,14.686955625996951,15.176520813530184,15.90469930534537,16.946396879500323,18.35869453249619,19.58260750132927,20.80652047016235,22.363494368610706,23.536580738441412,25.45738975172805,27.53804179874429,30.315821257001705,33.8928427155194,38.79185798351786,47.0734062594766,57.90544090639212,0.0300371911246637,0.3496058665544988,0.499552616377848,0.0,0.0,1.0,7.539303888011769,7.7,7.25,False,7.65,2.0347056478384444,16.0,8.5,18969718.463199995,0.0427694306414676,0.368667192945797,0.509399219279184
29,2018,1407,20216858.517800003,7.011673644579274,8.124452823150452,9.08639455249986,9.558179791941708,10.323895944347369,11.36189579604238,11.947724739927136,12.42563372952422,13.38145170871839,14.337269687912562,14.759623340695075,15.99025548531979,17.07879376598831,18.160541604689246,19.116359583883412,20.675367510896443,21.98381352146593,23.57631702494011,25.112487447896694,27.57152542783505,30.033589440250715,34.06049942227375,38.23271916776683,45.95262203122335,57.06314582158212,0.0276929849613907,0.3401727727502729,0.5090733518829591,0.0,0.0,1.0,7.50317113667424,7.85,7.25,False,7.539303888011769,2.020129855213018,16.946396879500323,9.301738563131403,20119777.1986,0.0300371911246637,0.3496058665544988,0.499552616377848
29,2019,1374,20821419.1294,7.510361555118257,8.449156749508038,9.38795194389782,10.326747138287605,11.03084353407994,11.265542332677386,12.204337527067167,13.143132721456949,14.081927915846732,14.551325513041622,15.495030542285146,16.47705581188387,17.656887708915146,18.775903887795643,19.859085783082573,21.122891873770097,23.00048226254966,24.652992635131262,26.634643263273105,28.478689080246983,30.691280254029635,33.84565281081102,37.27377387301807,43.32887754754898,56.8086736815393,0.03764086155844,0.3306145896837517,0.4938624255865655,1.0,1.0,1.0,8.073638671752127,8.6,7.25,False,7.50317113667424,2.0153257494030603,17.07879376598831,9.08639455249986,20216858.517800003,0.0276929849613907,0.3401727727502729,0.5090733518829591
29,2020,1330,20663620.4707,8.033526001592369,9.27178232149244,9.419466573989526,10.198960553641683,11.126138785790928,12.053317017940172,12.980495250089415,13.90767348223866,14.501462365003574,15.60139631781729,16.22561906261177,16.91780704906863,17.83025552305139,18.54356464298488,20.05898956085973,21.95303043305269,23.1794558037311,24.516678609048345,26.745383284577088,28.974319754663878,31.52405989307429,34.769183705596646,38.79294026713821,45.42828623727424,64.63498533047202,0.0396769685284597,0.3403682302611389,0.4981070922733283,1.0,1.0,1.0,8.761834293810354,9.45,7.25,False,8.073638671752127,2.088604269355048,17.656887708915146,9.38795194389782,20821419.1294,0.03764086155844,0.3306145896837517,0.4938624255865655
29,2021,1280,20324796.3871,7.66932438779348,9.122871985290072,9.742872993999104,10.628588720726295,11.514304447453489,12.400020174180678,13.28573590090787,13.493725780058394,14.835738422680455,15.20594639610252,16.050898884787404,16.828598807816636,17.632349436422867,18.72945260828705,20.123311081855665,21.291056067999904,22.56870100380388,24.69774018192437,26.57147180181574,28.751716334847597,31.810299135948053,34.91652774571743,40.45329438681101,48.96967252822464,63.87361106186309,0.0616059922545997,0.3415728824720866,0.4848955830551471,1.0,1.0,1.0,9.122871985290072,10.3,7.25,False,8.761834293810354,2.170405277298968,17.83025552305139,9.419466573989526,20663620.4707,0.0396769685284597,0.3403682302611389,0.4981070922733283
29,2022,1258,20727818.4882,8.20176863731544,9.842122364778527,10.49788679119507,11.482476092241615,12.30265295597316,12.30265295597316,13.122829819704704,13.80091104179476,14.558139331234909,15.173271979033563,16.188476411959797,16.81362570649665,17.80677403778174,18.73529983826625,19.715616494594787,21.324598457020144,22.964952184483234,24.60530591194632,26.245659639409407,29.13308045579469,31.545232444410782,34.699632662322294,39.43145210128255,47.31780765777298,59.14725957221624,0.0377886231030972,0.3366671981459445,0.4826157693678601,0.0,0.0,1.0,9.144972030606716,11.15,7.25,False,9.122871985290072,2.210784665180054,17.632349436422867,9.742872993999104,20324796.3871,0.0616059922545997,0.3415728824720866,0.4848955830551471
30,2017,1981,3358815.5858,7.881999519285032,8.437628634143033,9.056955969364788,9.791303750664635,10.039481369611158,10.770434125731098,11.749564500797565,11.863067084863264,12.728694875864026,13.70782525093049,14.686955625996951,14.916195207717095,16.02333209330249,16.946298966462816,17.794072533803025,19.39550996884997,20.561737876395732,22.335382784121407,23.536580738441412,25.45738975172805,28.243994799167204,31.376088719445,35.15449879372489,42.10260612785793,56.69400956994412,0.0239651327808245,0.3103546353086593,0.4835734493631454,0.0,0.0,1.0,7.979912556791678,8.15,7.25,False,8.05,2.0856720914304723,15.519807220969389,8.75,3281396.6266,0.0535029813759241,0.3458064163903715,0.5046318450128194
30,2018,1808,3365450.9304,7.789916530432492,8.490390131833404,9.190508475945016,9.558179791941708,10.51399777113588,11.02846679843714,11.46981575033005,12.25361011337403,12.94991820191857,13.785762713917524,14.337269687912562,15.293087667106732,16.248905646300905,17.23495334303083,18.53583216863512,19.65848243999432,21.02799554227176,22.222960519892236,23.89544947985427,26.141496278828257,28.674539375825123,30.743657861179965,34.40944725099015,43.01180906373769,55.14324201926594,0.0380900048614775,0.3360537838136236,0.4739407797012283,0.0,0.0,1.0,7.933289227311618,8.3,7.25,False,7.979912556791678,2.0769274536061513,16.02333209330249,9.056955969364788,3358815.5858,0.0239651327808245,0.3103546353086593,0.4835734493631454
30,2019,1731,3500874.5242,7.745060353715703,8.449156749508038,9.38795194389782,9.857349541092711,10.796144735482494,11.265542332677386,12.204337527067167,13.143132721456949,13.88342677858356,14.081927915846732,15.020723110236514,15.959518304626297,16.898313499016076,17.83710869340586,18.775903887795643,19.714699082185422,20.779418088852395,22.53108466535477,24.143443902452827,26.286265442913898,28.41572091302136,31.593978773195133,34.735422192421936,42.38251667832466,54.16120705353391,0.0239794600805304,0.3299956998784457,0.4926193902633787,0.0,0.0,1.0,7.979759152313148,8.5,7.25,False,7.933289227311618,2.0710677324112954,16.248905646300905,9.190508475945016,3365450.9304,0.0380900048614775,0.3360537838136236,0.4739407797012283
30,2020,1636,3571309.3371,7.881014973268574,9.27178232149244,10.198960553641683,11.126138785790928,11.58972790186555,12.286359155094416,12.980495250089415,13.90767348223866,14.230208056694275,14.834851714387902,15.585453399498777,16.197582274944953,17.004448777617135,18.43736963277112,19.17534495685092,20.86151022335799,21.81890252877825,23.1794558037311,25.033812268029585,26.969680138777463,29.669703428775804,32.45123812522354,35.660665575808146,41.76356238557882,53.49099836371222,0.0286274190919063,0.3215881493851791,0.4861056073931994,0.0,0.0,1.0,8.02009170809096,8.65,7.25,False,7.979759152313148,2.076908229591857,16.898313499016076,9.38795194389782,3500874.5242,0.0239794600805304,0.3299956998784457,0.4926193902633787
30,2021,1486,3507843.0126,7.35412189545759,8.635728335590116,9.674178704927746,10.628588720726295,11.514304447453489,12.400020174180678,13.28573590090787,13.28573590090787,14.17145162763506,14.719522576528982,15.329551491378554,15.942883081089445,17.032977711758935,17.714314534543828,19.292773903963592,20.439440396751717,22.142893168179786,23.00102654562395,24.35718248499776,26.08201050257675,28.78576111863372,31.88576616217889,36.019842544193764,41.29650019187879,53.227972313397295,0.0269307123952448,0.3211402657569431,0.5075028024930034,0.0,0.0,1.0,7.750012608862924,8.75,7.25,False,8.02009170809096,2.0819498567371046,17.004448777617135,10.198960553641683,3571309.3371,0.0286274190919063,0.3215881493851791,0.4861056073931994
30,2022,1380,3770432.9058,7.5866359895167825,9.021945501046984,9.961968512827577,11.072387660375844,12.097608740040274,12.30265295597316,13.122829819704704,13.80091104179476,14.35309511530202,14.787492444812685,15.772487189436868,16.40353727463088,17.732644868644925,18.86406786582551,19.845710013859307,20.5044215932886,21.73021811885467,22.964952184483234,24.60530591194632,26.287603789664477,28.390627182283325,31.118853075924008,35.48823271680018,41.0088431865772,57.38936877736808,0.0149541149010412,0.3366951060041855,0.4933625717721954,0.0,0.0,1.0,7.5456271463302045,9.2,7.25,False,7.750012608862924,2.0476944703139868,17.032977711758935,9.674178704927746,3507843.0126,0.0269307123952448,0.3211402657569431,0.5075028024930034
31,2017,1493,7180607.0872,7.833043000531708,9.201307235422393,9.791303750664635,10.430314415276698,11.036709312270478,11.749564500797565,12.239129688330792,12.728694875864026,13.70782525093049,14.686955625996951,15.176520813530184,16.05773815109,16.64521637612988,17.630059310119904,18.829264590753134,19.58260750132927,21.44215090834409,23.00956381406189,24.478259376661587,26.534433164301163,29.068961034575164,32.951408859893,37.33070343661135,42.83695390915778,54.01530224439189,0.0229443505262511,0.2905270598385402,0.4910659653813455,0.0,0.0,1.0,8.812173375598173,9.0,7.25,False,9.0,2.1972245773362196,16.494201919129445,9.5,7189434.692100001,0.0325220627648129,0.3343920692459585,0.5012668692101769
31,2018,1462,7406448.9862,6.884677211670035,8.84131630754608,9.558179791941708,10.207556159923168,10.565173622070136,11.46981575033005,11.947724739927136,12.664588224322763,13.38145170871839,14.337269687912562,14.76738777854994,15.293087667106732,16.248905646300905,17.204723625495074,18.375812592581774,19.116359583883412,20.55008655267467,22.46172251106301,24.05712289880167,26.76290341743678,29.630357355019296,32.49781129260181,36.7621932067766,43.31024261521951,58.15604820343172,0.0284413607779505,0.3039625961907904,0.4924513219892323,0.0,0.0,1.0,8.602361812747537,9.0,7.25,False,8.812173375598173,2.1761341036895994,16.64521637612988,9.791303750664635,7180607.0872,0.0229443505262511,0.2905270598385402,0.4910659653813455
31,2019,1440,7394215.3893,7.835624658135738,9.38795194389782,9.857349541092711,10.764239067560275,11.265542332677386,12.105201223147654,12.67373512426206,13.333968554210204,14.081927915846732,14.7362014428561,15.43785980224879,16.24819782690115,16.898313499016076,17.944394267634145,18.775903887795643,20.65349427657521,22.064745123948214,23.46987985974455,25.34747024852412,27.93437704788958,30.041446220473027,32.75704406808242,36.107471369022605,41.67164957796192,54.1611628342628,0.0223854236839684,0.3190986445856521,0.5008449387556441,0.0,0.0,1.0,8.449156749508038,9.0,7.25,False,8.602361812747537,2.1520367949449626,16.248905646300905,9.558179791941708,7406448.9862,0.0284413607779505,0.3039625961907904,0.4924513219892323
31,2020,1340,7162194.941199999,8.344604089343195,9.27178232149244,10.198960553641683,11.143755172201764,12.13882189239394,12.980495250089415,13.90767348223866,14.264178043560044,15.298440830462525,16.043993716084355,16.68920817868639,17.748893910193157,18.54356464298488,19.585842493184504,20.712407274954664,22.28774213896156,23.44635029420632,25.033812268029585,26.888168732328072,28.974319754663878,31.20302443019262,34.30559458952202,38.20781481794328,44.57571957225208,57.94863950932775,0.0131343891184618,0.3051469862859979,0.5013702756599858,0.0,0.0,1.0,8.344604089343195,9.0,7.25,False,8.449156749508038,2.1340666434318054,16.898313499016076,9.857349541092711,7394215.3893,0.0223854236839684,0.3190986445856521,0.5008449387556441
31,2021,1264,7070092.1601,7.971441540544722,8.857157267271914,10.1857308573627,11.514304447453489,12.400020174180678,13.28573590090787,13.54014277470827,14.17145162763506,15.057167354362251,15.720972921394544,16.38574094445304,17.055089582405788,17.714314534543828,19.15564055294513,20.435988192584567,21.53522469163234,22.99655636063522,24.35718248499776,25.89983624871706,28.354055272798472,31.17816510476874,34.07196850725099,39.603290344712526,45.27600995628973,57.912317018747366,0.0143894861900302,0.2911164832780466,0.4966402696298566,0.0,0.0,1.0,7.971441540544722,9.0,7.25,False,8.344604089343195,2.121615113129536,18.54356464298488,10.198960553641683,7162194.941199999,0.0131343891184618,0.3051469862859979,0.5013702756599858
31,2022,1186,7547561.1029,7.381591773583896,9.355223831518554,10.662299228510072,11.684709547557814,12.30265295597316,13.122829819704704,13.943006683436248,14.763183547167792,15.173271979033563,15.753824347667363,16.40353727463088,17.223714138362425,18.043891002093968,18.92701644011691,20.08624839653382,21.030063832177884,22.445819033317296,24.447498321487597,25.50465872980104,27.602027127805453,29.760598394001743,34.34664211886029,39.543084835243306,47.31780765777298,59.14725957221624,0.014965907935028,0.3065592221586623,0.4915455928504531,0.0,0.0,1.0,7.381591773583896,9.0,7.25,False,7.971441540544722,2.075865347280683,17.714314534543828,10.1857308573627,7070092.1601,0.0143894861900302,0.2911164832780466,0.4966402696298566
32,2017,1345,10056495.3085,7.343477812998477,8.32260818806494,9.056955969364788,9.791303750664635,9.791303750664635,10.770434125731098,11.749564500797565,12.024275600343213,12.728694875864026,13.70782525093049,14.686955625996951,14.97441055907048,16.155170405333052,16.946298966462816,18.113911938729576,19.36715246620194,20.580551422193725,22.595028145026888,24.478259376661587,27.2086249067881,29.373911251993903,32.45716485181643,36.69291848368392,44.607381581147,62.04546040611807,0.0316903187167633,0.4263260700152894,0.4468657551007498,0.0,0.0,1.0,8.077825594298323,8.25,7.25,False,8.25,2.1102132003465894,16.040090872122363,9.0,9646315.1777,0.0307173837513621,0.4188521397414427,0.4395827047308899
32,2018,1309,10097886.8327,7.646543833553366,8.363407317948994,9.376712947971672,9.767439174337255,10.552251204656246,11.46981575033005,12.42563372952422,13.38145170871839,14.337269687912562,14.337269687912562,15.293087667106732,16.248905646300905,17.067540320423422,17.672478333769394,18.72280557881349,19.75962508388109,21.02804237478244,22.9396315006601,24.367222231082863,26.76290341743678,28.674539375825123,32.29648755851062,37.27690118857266,45.8792630013202,59.03265487997578,0.0229181669525722,0.4237504129421772,0.4662380216080473,0.0,0.0,1.0,7.885498328351909,8.25,7.25,False,8.077825594298323,2.0891227266999692,16.155170405333052,9.056955969364788,10056495.3085,0.0316903187167633,0.4263260700152894,0.4468657551007498
32,2019,1149,9014263.4499,7.645190678492407,8.449156749508038,9.38795194389782,10.326747138287605,11.265542332677386,11.734939929872276,12.67373512426206,13.485118463515567,14.081927915846732,14.824314646169404,15.393530430488733,16.635538390910714,17.83710869340586,18.775903887795643,19.558233216453797,20.81737374082668,22.566993581540174,24.071543268771247,26.336808613342537,28.68063975575272,31.593978773195133,35.36668955318553,40.16637461701029,45.13422186187896,58.67469964936138,0.0238089392874778,0.3982569640939244,0.4766187707047392,0.0,0.0,1.0,7.745060353715703,8.25,7.25,False,7.885498328351909,2.065025417955333,17.067540320423422,9.376712947971672,10097886.8327,0.0229181669525722,0.4237504129421772,0.4662380216080473
32,2020,961,8201511.513,7.643341752916421,8.808193205417817,9.27178232149244,11.126138785790928,12.053317017940172,12.980495250089415,13.90767348223866,13.90767348223866,14.834851714387902,15.762029946537147,16.68920817868639,17.616386410835634,18.54356464298488,19.4128127406548,20.40409751557129,22.28774213896156,23.75072373711077,26.424579616253453,28.515327676438105,31.20302443019262,33.43172910572136,36.58031346766381,41.00978859163517,46.3589116074622,66.86369000600077,0.0191360675713532,0.3534446316517656,0.4565133126455199,0.0,0.0,1.0,7.649220415231262,8.25,7.25,False,7.745060353715703,2.0470552664421757,17.83710869340586,9.38795194389782,9014263.4499,0.0238089392874778,0.3982569640939244,0.4766187707047392
32,2021,923,8010263.3508,7.971441540544722,8.857157267271914,9.742872993999104,10.628588720726295,11.514304447453489,12.400020174180678,13.28573590090787,13.28573590090787,14.17145162763506,15.057167354362251,15.942883081089445,16.828598807816636,17.714314534543828,18.59481720800106,19.48355522671082,20.3714617147254,22.142893168179786,23.914324621634165,26.57147180181574,28.902291524282777,31.9366948164657,35.343378930390166,40.87910222243511,46.84063335010416,63.87361106186309,0.0183335261237488,0.3709445482592334,0.4680122883257752,1.0,1.0,1.0,7.971441540544722,9.0,7.25,False,7.649220415231262,2.0346037361399065,18.54356464298488,9.27178232149244,8201511.513,0.0191360675713532,0.3534446316517656,0.4565133126455199
32,2022,976,8990142.8809,8.18911099636985,9.021945501046984,10.2522107966443,11.072387660375844,12.30265295597316,12.312431432697323,13.122829819704704,13.532918251570475,13.943006683436248,14.763183547167792,15.37831619496645,15.772616222205391,16.40353727463088,17.223714138362425,18.043891002093968,19.49612843426484,20.5044215932886,21.73468688888592,23.65882181120012,25.63052699161075,28.70619023060404,31.545213427450705,37.85423792444976,45.89396154828401,59.14725957221624,0.0175617530546071,0.4032932696990725,0.4739960447184131,0.0,0.0,1.0,7.996724421382554,9.75,7.25,False,7.971441540544722,2.075865347280683,17.714314534543828,9.742872993999104,8010263.3508,0.0183335261237488,0.3709445482592334,0.4680122883257752
33,2017,1442,4644280.3196,7.0494285424930565,8.812173375598173,9.791303750664635,10.770434125731098,11.749564500797565,12.728694875864026,13.70782525093049,14.686955625996951,15.666086001063416,16.593645025735984,17.40508796121204,18.18658864807993,19.34448068414717,20.34512756707152,22.13109057815184,23.536580738441412,24.775402939403797,27.41565050186098,29.373911251993903,32.951408859893,35.30499349895901,38.65142448103445,43.93528825416547,52.162313203242014,65.6698696702036,0.0201017708827792,0.3332525333943023,0.5009919485868581,0.0,0.0,0.0,7.09869521923186,7.25,7.25,False,7.25,1.9810014688665833,19.2,10.0,4848222.6304,0.0263291744483005,0.3128737371276308,0.5004170443797943
33,2018,1432,4700822.7027,6.169721895648532,9.053549439966917,9.558179791941708,10.51399777113588,11.782929973005825,12.777606108441416,14.258815619713248,14.815178677509648,16.083310181405512,17.204723625495074,18.160541604689246,19.116359583883412,20.678644070876288,22.63476225911966,23.89544947985427,25.57346671565872,27.57152542783505,29.409574303615333,31.691120670036813,34.40944725099015,37.27690118857266,42.88921707315924,47.79089895970854,55.14324201926594,68.92905252408242,0.0228930506437072,0.3367732873632336,0.482208204491107,0.0,0.0,0.0,6.929680349157739,7.25,7.25,False,7.09869521923186,1.9599109952199634,19.34448068414717,9.791303750664635,4644280.3196,0.0201017708827792,0.3332525333943023,0.5009919485868581
33,2019,1422,4828506.0581,5.360225577046894,8.683855548105484,9.857349541092711,10.796144735482494,11.734939929872276,12.90461473551562,14.081927915846732,15.020723110236514,15.959518304626297,16.898313499016076,18.05372140316916,18.775903887795643,20.310364633025745,21.664388941894124,23.463832877528034,24.869581240492376,27.08048617736765,29.33734982468069,31.629108848323632,34.851104484584525,38.36410031753704,42.245783747540194,48.81475762877778,56.32771166338693,67.70145014221774,0.0249568515913632,0.3518149141907566,0.4761628582909367,0.0,0.0,0.0,6.80626515932592,7.25,7.25,False,6.929680349157739,1.9358136864753268,20.678644070876288,9.558179791941708,4700822.7027,0.0228930506437072,0.3367732873632336,0.482208204491107
33,2020,1274,4757505.3661,7.881014973268574,9.79821809140666,11.126138785790928,12.053317017940172,13.372691642288544,13.90767348223866,14.834851714387902,15.993824504574455,17.197325345308354,18.54356464298488,19.47074287513412,20.86151022335799,22.252277571581853,23.1794558037311,25.033812268029585,26.745383284577088,28.738685900694,30.740573289381363,33.37841635737278,36.24340717329331,40.11807492686563,44.57565524379272,49.03335721809669,55.71970303924097,66.86369000600077,0.0110301024091155,0.2892001076875043,0.4779574328602458,0.0,0.0,0.0,6.722042183082018,7.25,7.25,False,6.80626515932592,1.9178435349621694,20.310364633025745,9.857349541092711,4828506.0581,0.0249568515913632,0.3518149141907566,0.4761628582909367
33,2021,1196,4900099.3094,6.182012273703931,9.742872993999104,10.628588720726295,12.400020174180678,13.28573590090787,13.551450618926028,14.499166446524123,15.500025217725849,16.828598807816636,17.714314534543828,19.436325579857044,20.3714617147254,21.291056067999904,22.17498365790161,23.914324621634165,25.68575607508855,27.733704464707515,30.659271309593407,33.21378630759898,35.428629069087656,39.81129244867719,43.381648626311645,49.07322670503071,56.77654316610052,63.87361106186309,0.019768447736187,0.3016889633979711,0.4806203835057319,0.0,0.0,0.0,6.421439018772137,7.25,7.25,False,6.722042183082018,1.9053920046599002,22.252277571581853,11.126138785790928,4757505.3661,0.0110301024091155,0.2892001076875043,0.4779574328602458
33,2022,1179,5450442.6426,6.7001062011477925,9.842122364778527,11.072387660375844,12.30265295597316,13.122829819704704,13.943006683436248,14.763183547167792,15.77243939641655,16.40353727463088,17.633802570228198,18.86406786582551,20.2474403851858,21.324598457020144,22.964952184483234,24.60530591194632,26.813395194716264,28.664216587142374,30.7566323899329,32.69841289247571,35.17981307741075,37.85414619184778,41.0088431865772,45.547927459580215,52.575255488539135,59.14725957221624,0.01537218092071,0.2942263500703516,0.4701523685015064,0.0,0.0,0.0,5.946282262053694,7.25,7.25,False,6.421439018772137,1.8596422388110472,21.291056067999904,10.628588720726295,4900099.3094,0.019768447736187,0.3016889633979711,0.4806203835057319
34,2017,1692,23313881.237399995,7.833043000531708,8.812173375598173,9.791303750664635,10.280868938197868,11.749564500797565,13.00250079736197,14.686955625996951,15.910868594830031,17.474806351102355,19.073317286457808,20.561737876395732,22.400415675308025,24.478259376661587,25.8904101601012,28.288581365314617,31.060652778349777,33.58946425715943,36.71738906499238,39.16521500265854,42.36599219875081,47.0734062594766,49.75797787332709,56.48818542440943,62.76465047156603,70.61023178051178,0.0375597288921274,0.2720094250255873,0.4996974832706669,0.0,0.0,1.0,8.263860365560951,8.44,7.25,False,8.38,2.125847914493992,23.74112298748321,9.216545112201496,25026197.0492,0.0630093569630231,0.2899034219037256,0.4749898067465265
34,2018,1606,23198749.8556,7.646543833553366,8.84131630754608,9.558179791941708,10.51399777113588,11.46981575033005,12.744239722588944,14.337269687912562,15.293087667106732,16.726814635897988,18.160541604689246,19.116359583883412,20.87571548086789,22.9396315006601,23.903805686289363,26.76290341743678,29.40956340182544,32.16685931730583,34.79830017481891,38.21917317523295,41.357288141752576,45.95264098906458,50.54795592069413,55.14324201926594,61.51737451305706,68.92905252408242,0.0355617323189876,0.2784223435273101,0.478340313106195,0.0,0.0,1.0,8.220034621069868,8.6,7.25,False,8.263860365560951,2.1118918349612454,24.478259376661587,9.791303750664635,23313881.237399995,0.0375597288921274,0.2720094250255873,0.4996974832706669
34,2019,1681,24845354.006400004,7.510361555118257,9.38795194389782,10.092048339690155,11.265542332677386,12.204337527067167,14.081927915846732,14.081927915846732,15.470919124626484,16.898313499016076,18.053735684511302,19.723265151595267,21.664342002134404,23.46987985974455,25.81686784571901,27.71425889024721,29.906860558270857,32.4966303526009,35.20481978961683,38.36410031753704,41.66703562298708,45.13430009481182,49.73511629720801,54.16120705353391,64.54216961429752,67.70145014221774,0.0353514028809471,0.2679861622895326,0.4938946637564139,0.0,0.0,1.0,8.30833747034957,8.85,7.25,False,8.220034621069868,2.1065744208682053,22.9396315006601,9.558179791941708,23198749.8556,0.0355617323189876,0.2784223435273101,0.478340313106195
34,2020,1532,25330753.7596,7.980572499062693,10.198960553641683,11.126138785790928,12.053317017940172,13.398855045224286,13.90767348223866,15.336908756707272,16.68920817868639,17.9640782478916,19.47074287513412,21.355586321203543,23.1794558037311,25.47175060091968,27.636865154788588,28.974319754663878,31.20302443019262,33.37841635737278,35.660665575808146,38.94148575026824,42.55687084947099,46.3589116074622,51.50990178606911,56.16544397434672,66.86369000600077,66.86369000600077,0.0535088408644892,0.2787923158671736,0.4674128111767237,1.0,1.0,1.0,10.198960553641683,11.0,7.25,False,8.30833747034957,2.1172595251154243,23.46987985974455,10.092048339690155,24845354.006400004,0.0353514028809471,0.2679861622895326,0.4938946637564139
34,2021,1528,26889820.7378,7.059030014734172,10.628588720726295,11.514304447453489,12.400020174180678,13.28573590090787,14.17145162763506,15.385272536711009,16.607169876134837,17.714314534543828,19.16201688987942,21.20961373689652,22.142893168179786,24.35718248499776,25.54935585317256,27.67861646022473,29.807655638345217,31.88576616217889,34.06595542351787,36.76664698760728,40.45329438681101,43.94361338212244,49.17995649509815,55.35723292044946,63.87361106186309,63.87361106186309,0.0515342757288078,0.2574649173531985,0.4711491201535072,1.0,1.0,1.0,10.628588720726295,12.0,7.25,False,10.198960553641683,2.3222858085916873,25.47175060091968,11.126138785790928,25330753.7596,0.0535088408644892,0.2787923158671736,0.4674128111767237
34,2022,1421,27944155.8067,7.8860005447787955,9.842122364778527,10.662299228510072,12.30265295597316,12.30265295597316,13.122829819704704,14.162232287766017,15.37831619496645,16.40353727463088,18.043891002093968,19.715616494594787,21.62359438914357,23.65882181120012,25.63052699161075,27.602027127805453,30.34654395806713,32.80707454926176,35.48823271680018,37.97096782983968,41.0088431865772,46.57844284891839,48.49882103978217,52.57534184196998,59.14725957221624,59.14725957221624,0.0740920162921359,0.292209428768723,0.4820286164869726,0.0,0.0,1.0,10.662299228510072,13.0,7.25,False,10.628588720726295,2.363547419732464,24.35718248499776,11.514304447453489,26889820.7378,0.0515342757288078,0.2574649173531985,0.4711491201535072
35,2017,1612,5745362.5693,4.895651875332318,7.833043000531708,8.32260818806494,8.812173375598173,9.301738563131403,9.791303750664635,10.584783369498432,11.015216719497715,11.749564500797565,12.242977608772636,13.218260063397258,14.19739043846372,14.6996059265342,15.801476012792255,16.946298966462816,17.88773282208922,19.58260750132927,21.5408682514622,23.71608495769352,25.94695493926128,28.33355823215688,31.4163723346579,35.5694055270551,42.36599219875081,56.48823438092818,0.0355427376143608,0.3990311222742069,0.4666862401734692,0.0,0.0,1.0,7.343477812998477,7.5,7.25,False,7.5,2.0149030205422647,15.0,8.5,5719725.7529,0.0308669564988296,0.4083280976917204,0.4782579963931053
35,2018,1531,6136679.6143,5.018044390769397,7.646543833553366,8.602361812747537,8.855414000263805,9.558179791941708,9.79371063160751,10.51399777113588,11.46981575033005,11.947724739927136,12.903542719121306,13.785762713917524,14.337269687912562,15.293087667106732,16.204588314037625,17.204723625495074,18.399496099487788,20.31113205787613,22.05717255136908,23.89544947985427,26.652506440839858,29.378093475009845,32.62282884601064,37.6812121937718,44.11463184813192,61.62455788227079,0.0414872375782389,0.3876027199069154,0.4803335598995962,0.0,0.0,1.0,7.168634843956281,7.5,7.25,False,7.343477812998477,1.9938125468956447,14.6996059265342,8.32260818806494,5745362.5693,0.0355427376143608,0.3990311222742069,0.4666862401734692
35,2019,1437,5856140.5547,5.2827482023320105,7.789837368590782,8.449156749508038,9.38795194389782,9.38795194389782,10.092048339690155,10.828513552736425,11.265542332677386,12.204337527067167,13.143132721456949,14.081927915846732,15.020723110236514,15.959518304626297,16.629372392337974,17.83710869340586,18.775903887795643,20.364158267844285,22.03138699536687,23.849687883930148,27.04850164943052,29.65825754010046,32.089290751933554,36.33529491349142,45.13422186187896,63.187957546390265,0.0318091038218843,0.3769528655059894,0.4836653287337464,0.0,0.0,1.0,7.040963957923366,7.5,7.25,False,7.168634843956281,1.9697152381510081,15.293087667106732,8.602361812747537,6136679.6143,0.0414872375782389,0.3876027199069154,0.4803335598995962
35,2020,1201,5429676.3643,6.585476414970623,8.344604089343195,9.27178232149244,9.73537143756706,10.198960553641683,11.126138785790928,11.135878762885344,12.053317017940172,12.980495250089415,13.90767348223866,14.37126259831328,15.298440830462525,16.43883677843561,17.616386410835634,18.54356464298488,19.796481564330247,21.39635960927494,23.74618289293832,25.476502310284207,27.81534696447732,30.59688166092505,32.63876736963556,37.42823505065194,46.02236272317015,61.11473044359629,0.043320732179647,0.3340931493315376,0.4757929016332919,1.0,1.0,1.0,8.344604089343195,9.0,7.25,False,7.040963957923366,1.951745086637851,15.959518304626297,8.449156749508038,5856140.5547,0.0318091038218843,0.3769528655059894,0.4836653287337464
35,2021,1169,5329242.2741,6.613095776572787,8.857157267271914,9.30001513063551,9.870422346792296,10.628588720726295,11.252630531492173,12.008778538419806,12.774677926586278,13.28573590090787,14.059299432893496,15.05425303431906,15.72629373633464,17.0329502530303,17.714314534543828,19.48574598799821,21.291056067999904,22.78230000865161,24.54652870924747,26.32893025689404,28.400608899849164,31.000050435451698,34.50331704534433,40.45329438681101,46.30419705255012,63.87361106186309,0.0848522256714941,0.3488858827147237,0.4842354520719949,1.0,1.0,1.0,9.30001513063551,10.5,7.25,False,8.344604089343195,2.121615113129536,16.43883677843561,9.27178232149244,5429676.3643,0.043320732179647,0.3340931493315376,0.4757929016332919
35,2022,1216,5812082.2077,5.914705452800029,9.021945501046984,9.842122364778527,10.2522107966443,11.04081085112218,11.687520308174502,12.30265295597316,12.789970323176204,13.532918251570475,14.35309511530202,14.941527348040534,15.783730877619808,16.844209738864922,18.5343215251546,19.715616494594787,20.95670439041463,22.87022175672224,23.65882181120012,25.63052699161075,27.602027127805453,28.784927209522262,32.33383249888866,37.6390478830177,43.46178947090628,59.14725957221624,0.0632936805870774,0.3603868204281456,0.4824903743592655,0.0,0.0,1.0,9.432033932912756,11.5,7.25,False,9.30001513063551,2.2300160271079417,17.0329502530303,9.30001513063551,5329242.2741,0.0848522256714941,0.3488858827147237,0.4842354520719949
36,2017,3163,47561039.6808,7.833043000531708,9.54652115689802,9.791303750664635,10.770434125731098,11.413000734440269,11.896434057057531,13.218260063397258,14.686955625996951,15.176520813530184,16.64521637612988,17.751280816729302,19.58260750132927,20.561737876395732,22.03043343899543,23.563330825477564,25.46222239758078,27.968402344228306,29.373911251993903,32.409977050901865,35.51769347932328,39.1894154408806,44.71982162041059,48.95651875332317,56.48818542440943,70.61023178051178,0.050987793943852,0.2899095653530523,0.5009163748036735,1.0,1.0,1.0,9.497564638144695,9.7,7.25,False,9.0,2.1972245773362196,20.0,9.615303762571203,48354613.3136,0.0488749428657989,0.3044300327712423,0.4983430194326987
36,2018,2898,45291713.1242,7.646543833553366,9.558179791941708,10.51399777113588,11.326443053450925,11.947724739927136,12.42563372952422,13.38145170871839,14.337269687912562,14.795093165233435,16.248905646300905,17.461838661898305,19.116359583883412,20.678644070876288,22.05717255136908,23.89544947985427,25.8739112771053,28.490544414830243,30.33405052354491,33.164665208186754,36.71619926672109,40.43826915475738,45.02063241858478,49.62893693369893,55.1432898101649,68.92905252408242,0.0681335461133433,0.2865701713182715,0.5109296802185983,1.0,1.0,1.0,9.940506983619377,10.4,7.25,False,9.497564638144695,2.2510354118627167,20.561737876395732,9.791303750664635,47561039.6808,0.050987793943852,0.2899095653530523,0.5009163748036735
36,2019,2952,47060640.044300005,8.214457950910594,10.42062665772658,11.265542332677386,12.157975234155428,13.143132721456949,14.081927915846732,14.081927915846732,14.600453279899153,15.796872037198266,16.898313499016076,18.053735684511302,18.775903887795643,20.65349427657521,22.53108466535477,23.9327420602657,26.286265442913898,28.163855831693464,30.51084381766792,33.18701233960991,36.107471369022605,40.62072926605149,45.13422186187896,49.64390584807244,55.51518442264258,67.70145014221774,0.0649981448641706,0.2965731671193126,0.4951176457091591,1.0,1.0,1.0,10.420626657726581,11.1,7.25,False,9.940506983619377,2.2966180237560705,20.678644070876288,10.51399777113588,45291713.1242,0.0681335461133433,0.2865701713182715,0.5109296802185983
36,2020,2632,46312776.9316,8.692295926399161,11.126138785790928,12.053317017940172,12.980495250089415,13.90767348223866,14.26407290257914,15.530235388499836,16.68920817868639,17.830332787904073,18.721814658115573,20.31143955645549,21.84200120385581,23.1794558037311,25.033812268029585,26.931394550804477,28.974319754663878,31.20302443019262,33.43177798930032,35.660665575808146,40.11807492686563,44.57571607248116,47.28902000714464,53.49095200480061,59.56579777408512,66.86369000600077,0.0475092167621395,0.257907106203993,0.4942499967170333,1.0,1.0,1.0,10.940703139361078,11.8,7.25,False,10.420626657726581,2.3437871744138743,20.65349427657521,11.265542332677386,47060640.044300005,0.0649981448641706,0.2965731671193126,0.4951176457091591
36,2021,2359,46117995.949,9.334133252469591,11.071446584089893,12.400020174180678,13.28573590090787,13.28573590090787,14.17145162763506,15.057167354362251,15.942883081089445,16.871814115098616,17.714314534543828,19.48574598799821,21.25717744145259,22.142893168179786,24.27193234630027,26.55927051002781,28.956039967097023,31.000050435451698,33.21433975226967,36.19499460163835,39.74354085112696,42.582333564931496,46.84063335010416,51.09888884949047,60.656764959031726,63.87361106186309,0.0471952684198801,0.2506926849246729,0.517638746544832,0.0,0.0,1.0,11.071446584089891,12.5,7.25,False,10.940703139361078,2.392490067264936,23.1794558037311,12.053317017940172,46312776.9316,0.0475092167621395,0.257907106203993,0.4942499967170333
36,2022,2401,49026390.3373,8.728080154098995,11.482476092241615,12.30265295597316,12.30265295597316,13.122829819704704,13.86527660699936,14.56228494281237,15.583360410899337,16.40353727463088,18.043891002093968,19.516054483265737,20.5044215932886,22.08162170224436,23.65882181120012,25.63052699161075,27.602027127805453,29.792651182760427,31.986897685530217,35.39250010357366,39.43143803340551,41.0088431865772,45.56538131841912,49.28934880281087,59.14725957221624,59.14725957221624,0.0472203696676946,0.2675624486271819,0.504920940164882,0.0,0.0,1.0,10.82633460125638,13.2,7.25,False,11.071446584089891,2.404369414252719,22.142893168179786,12.400020174180678,46117995.949,0.0471952684198801,0.2506926849246729,0.517638746544832
37,2017,1707,24064841.9219,6.993413814000306,7.833043000531708,8.32260818806494,9.301738563131403,9.791303750664635,10.280868938197868,11.297451050110622,11.76279764832864,12.728694875864026,13.70782525093049,14.686955625996951,15.666086001063416,16.739707493347417,17.87087216207004,19.249792767867508,20.398549480551324,22.028769573119284,23.536580738441412,25.45738975172805,28.243994799167204,30.597824220826983,34.26956312732622,40.73916144777469,47.07348785367452,62.76465047156603,0.0202363137468534,0.3162092563539767,0.5040691363096339,0.0,0.0,0.0,7.09869521923186,7.25,7.25,False,7.25,1.9810014688665833,15.93387084402088,8.0,25919993.154200003,0.0330206675251884,0.3183523454273335,0.4914028772124157
37,2018,1636,24500254.9487,5.973862369963568,7.646543833553366,8.602361812747537,9.558179791941708,9.558179791941708,10.51399777113588,11.46981575033005,11.947724739927136,12.42563372952422,13.38145170871839,14.337269687912562,15.293087667106732,16.248905646300905,17.204723625495074,18.3810966033883,19.535709178188693,20.932324224169918,22.9396315006601,24.814468466849465,26.736140514019347,30.586175334213465,34.720831197268964,41.35739352512035,47.0361429797405,64.78950424940602,0.0213910499338623,0.3009234547492413,0.5127230869843067,0.0,0.0,0.0,6.929680349157739,7.25,7.25,False,7.09869521923186,1.9599109952199634,16.739707493347417,8.32260818806494,24064841.9219,0.0202363137468534,0.3162092563539767,0.5040691363096339
37,2019,1558,23623901.5778,6.80626515932592,7.979759152313148,8.91855434670293,9.38795194389782,10.326747138287605,11.220808973776377,11.544563582699508,12.204337527067167,13.143132721456949,14.081927915846732,14.668674912340345,15.797867412768085,16.898313499016076,18.025234870345415,18.775903887795643,20.310364633025745,21.664342002134404,23.46987985974455,25.293737224130947,27.404092410338624,30.1516118035512,35.67421738681172,42.2675138743011,51.11041258993252,67.70145014221774,0.018025205840688,0.337813073980102,0.4778179322634648,0.0,0.0,0.0,6.80626515932592,7.25,7.25,False,6.929680349157739,1.9358136864753268,16.248905646300905,8.602361812747537,24500254.9487,0.0213910499338623,0.3009234547492413,0.5127230869843067
37,2020,1348,23446736.4218,6.839667026495634,8.344604089343195,9.16335628775751,9.27178232149244,10.198960553641683,11.126138785790928,12.053317017940172,12.980495250089415,13.90767348223866,14.834851714387902,16.04476260687208,17.06257486296357,18.313244449430485,19.47074287513412,20.83145285631945,22.28774213896156,24.23516776279614,26.745383284577088,28.974319754663878,32.09450630040411,35.228295646083616,42.79275233205817,47.67622111525664,55.3638922174682,66.86369000600077,0.016153043211927,0.3089143146619615,0.4989880408738702,0.0,0.0,0.0,6.722042183082018,7.25,7.25,False,6.80626515932592,1.9178435349621694,16.898313499016076,8.91855434670293,23623901.5778,0.018025205840688,0.337813073980102,0.4778179322634648
37,2021,1399,22599556.8401,6.421439018772137,7.971441540544722,8.857157267271914,9.742872993999104,10.219609483910014,10.645417319534111,11.514304447453489,12.400020174180678,13.28573590090787,13.28573590090787,14.449932910885996,15.329613511903538,16.643647821887612,17.714314534543828,19.16201688987942,20.47591199727821,22.142893168179786,23.914324621634165,26.068790953178592,28.342903255270123,31.000050435451698,36.32298372828324,43.78169261202813,51.09893313527681,63.87361106186309,0.0177884284565564,0.341188686975416,0.5065710820393833,0.0,0.0,0.0,6.421439018772137,7.25,7.25,False,6.722042183082018,1.9053920046599002,18.313244449430485,9.16335628775751,23446736.4218,0.016153043211927,0.3089143146619615,0.4989880408738702
37,2022,1469,25386760.4084,5.946282262053694,8.20176863731544,9.021945501046984,9.842122364778527,11.072387660375844,12.223710932838998,12.30265295597316,12.6180680027905,13.532918251570475,14.35309511530202,15.37831619496645,16.40353727463088,16.81362570649665,18.45397943395974,19.684244729557054,20.93432038362404,22.964952184483234,25.236185955528622,27.128579918685084,29.573527264000145,33.51673258060548,38.64283797892762,43.02898969231057,49.125127325124566,59.14725957221624,0.0185994350600072,0.3389328334249755,0.5065635861180959,0.0,0.0,0.0,5.946282262053694,7.25,7.25,False,6.421439018772137,1.8596422388110472,16.643647821887612,8.857157267271914,22599556.8401,0.0177884284565564,0.341188686975416,0.5065710820393833
38,2017,1650,2688999.7531,6.778519586585127,9.448444352617212,9.791303750664635,11.015216719497715,11.749564500797565,12.728694875864026,13.70782525093049,14.561760058430895,14.931738219763568,15.666086001063416,16.64521637612988,17.431953479280075,18.165626171322163,19.31354509409217,19.647762465081133,21.194302008770237,22.51999862652866,23.49912900159513,24.478259376661587,26.43652012679452,28.243994799167208,30.597824220826983,34.26956312732622,41.851334456280114,55.13291308794408,0.0205823176949699,0.2930740307028553,0.4750433321637036,0.0,0.0,0.0,7.09869521923186,7.25,7.25,False,7.25,1.9810014688665833,18.4043547713058,10.5,2715219.6878000004,0.0115728538067062,0.3004772979386614,0.4828037608485994
38,2018,1593,2667126.4227,7.516867980244168,9.558179791941708,10.51399777113588,11.46981575033005,11.734016065707875,12.664588224322763,13.38145170871839,14.337269687912562,14.704734963803144,15.569622573924896,16.50943741674427,17.223426949163528,18.3810966033883,19.116359583883412,20.072177563077588,21.8446161097952,22.9396315006601,23.89544947985427,24.927919047613493,26.76290341743678,28.674539375825123,31.82858232619552,35.36526523018432,41.357288141752576,55.14324201926594,0.0143304265124814,0.3206295035817239,0.4777059983944045,0.0,0.0,0.0,6.929680349157739,7.25,7.25,False,7.09869521923186,1.9599109952199634,18.165626171322163,9.791303750664635,2688999.7531,0.0205823176949699,0.2930740307028553,0.4750433321637036
38,2019,1668,2802083.0695,7.510361555118257,9.38795194389782,10.326747138287605,11.265542332677386,12.439036325664611,13.540243088683823,14.081927915846732,14.992345502168218,15.490120707431403,16.24819782690115,16.898313499016076,17.83710869340586,18.775903887795643,19.69489903808557,20.781387654368853,21.664342002134404,23.46987985974455,24.823857228853218,26.286265442913898,28.275888580696105,30.98024141486281,33.850607721709565,37.91277452783416,45.13174197653233,54.16120705353391,0.0122003753465096,0.3131387927255737,0.482734262350533,0.0,0.0,0.0,6.80626515932592,7.25,7.25,False,6.929680349157739,1.9358136864753268,18.3810966033883,10.51399777113588,2667126.4227,0.0143304265124814,0.3206295035817239,0.4777059983944045
38,2020,1631,2788566.6523,8.344604089343195,10.198960553641683,11.126138785790928,12.053317017940172,12.980495250089415,13.90767348223866,14.834851714387902,15.60139631781729,16.22561906261177,16.71640250439592,17.848180968872946,18.54356464298488,19.522374256754944,20.694956376701587,21.396260268750066,22.28774213896156,23.1794558037311,24.775128042679007,26.341943461064734,28.04874081342911,30.68424085862964,33.37841635737278,36.38780082966547,42.65019867886522,57.94863950932775,0.0086299974863971,0.2848570564540132,0.4830177062789799,0.0,0.0,0.0,6.722042183082018,7.25,7.25,False,6.80626515932592,1.9178435349621694,18.775903887795643,10.326747138287605,2802083.0695,0.0122003753465096,0.3131387927255737,0.482734262350533
38,2021,1536,2679546.7511,7.971441540544722,9.602429935326448,10.628588720726295,11.514304447453489,12.626862023146758,13.28573590090787,13.728593764271466,14.614309490998656,15.329534708273853,16.162013011477104,16.907963768051825,17.714314534543828,18.60003026127102,19.48574598799821,20.3714617147254,21.291056067999904,22.142893168179786,23.465845401086927,25.54935585317256,27.45973353329388,29.807655638345217,31.88576616217889,35.428629069087656,42.582323154850194,56.54051150446581,0.0131382626130885,0.299579232036337,0.4677099557175179,0.0,0.0,0.0,6.421439018772137,7.25,7.25,False,6.722042183082018,1.9053920046599002,19.522374256754944,11.126138785790928,2788566.6523,0.0086299974863971,0.2848570564540132,0.4830177062789799
38,2022,1550,3102080.3662,6.9726629732494665,9.842122364778527,11.38028338797594,12.30265295597316,13.122829819704704,13.77382920244208,14.35309511530202,15.070622823511512,15.772616222205391,16.40353727463088,17.223714138362425,18.043891002093968,18.86406786582551,19.684244729557054,20.5044215932886,21.324598457020144,22.53745614786866,23.65882181120012,25.236185955528622,27.065836503140957,29.526367094335583,31.93953247164972,35.48823271680018,40.792656171714434,52.57534184196998,0.0103636649940768,0.2980952939439032,0.4780715715681706,0.0,0.0,0.0,5.946282262053694,7.25,7.25,False,6.421439018772137,1.8596422388110472,18.60003026127102,10.628588720726295,2679546.7511,0.0131382626130885,0.299579232036337,0.4677099557175179
39,2017,2762,38582933.2138,7.343477812998477,8.17573863180497,8.812173375598173,9.791303750664635,9.791303750664635,10.770434125731098,11.749564500797565,12.239129688330792,13.218260063397258,14.19739043846372,14.734045800787808,15.822746861074052,16.64521637612988,17.820172826209635,19.18821250193923,20.561737876395732,22.03043343899543,23.536580738441412,25.45738975172805,27.41565050186098,29.373911251993903,32.951408859893,36.71738906499238,43.61175994392253,56.48823438092818,0.0387243749385441,0.3821686242954197,0.485877481448064,0.0,0.0,1.0,7.979912556791678,8.15,7.25,False,8.1,2.0918640616783932,17.0,8.775597046874811,38759927.2778,0.0583305341853656,0.3827891132499084,0.4970308555902292
39,2018,2564,38109148.9969,6.410159056133958,8.124452823150452,8.984689004425206,9.558179791941708,10.491287739934114,11.101455155643546,11.947724739927136,12.664588224322763,13.645270869294556,14.337269687912562,15.293087667106732,16.248905646300905,17.467688926957806,18.399496099487788,19.5942685734805,21.138116432331312,22.976191538364272,24.101569377979096,26.39266627301369,28.674539375825123,30.78783122539132,34.40944725099015,38.18550702257228,45.95262203122335,57.44083727765289,0.046591609672114,0.3513248317638661,0.4936175127193267,0.0,0.0,1.0,7.933289227311618,8.3,7.25,False,7.979912556791678,2.0769274536061513,16.64521637612988,8.812173375598173,38582933.2138,0.0387243749385441,0.3821686242954197,0.485877481448064
39,2019,2417,39121088.6705,6.520215662874615,8.449156749508038,8.91855434670293,9.38795194389782,10.326747138287605,11.265542332677386,12.485976085384102,13.206680703273028,14.081927915846732,15.020723110236514,15.959518304626297,16.898313499016076,17.83710869340586,18.775903887795643,19.55669856323349,20.692385181345543,22.53108466535477,23.750430547178723,26.240591769030477,28.163855831693464,30.691327193789355,34.663134962453924,39.39433437500109,45.13430009481182,58.67469964936138,0.0510275442514797,0.3599992953856619,0.487208764915396,0.0,0.0,1.0,8.026698912032638,8.55,7.25,False,7.933289227311618,2.0710677324112954,17.467688926957806,8.984689004425206,38109148.9969,0.046591609672114,0.3513248317638661,0.4936175127193267
39,2020,2258,39177585.0979,7.417425857193951,8.344604089343195,9.27178232149244,10.198960553641683,11.126138785790928,12.053317017940172,13.372642887916186,13.90767348223866,14.834851714387902,15.762029946537147,16.68920817868639,17.616386410835634,18.54356464298488,19.575941561644463,20.92090657848909,22.28774213896156,24.106634035880344,26.08168607413184,27.82065254232009,30.133292544850427,32.59142401464858,35.660665575808146,40.66108581230896,46.72750917581807,64.6852091688924,0.0351887745545065,0.3493188947047573,0.4841168495175229,0.0,0.0,1.0,8.066450619698422,8.7,7.25,False,8.026698912032638,2.082773349044255,17.83710869340586,8.91855434670293,39121088.6705,0.0510275442514797,0.3599992953856619,0.487208764915396
39,2021,2173,38979838.8669,7.5285836771811265,8.857157267271914,9.742872993999104,10.628588720726295,11.514304447453489,12.40106058331286,13.28573590090787,13.728593764271466,14.497360571500534,15.13027437561112,15.942883081089445,17.06108485582608,17.740551270285373,19.083311112143345,20.3714617147254,21.291653541743635,22.71060647360545,24.80004034836136,26.57147180181574,28.78576111863372,31.000050435451698,34.06595542351787,39.15432729953774,44.72051980692135,58.76369560544224,0.0296400902821865,0.3432196535183877,0.4836465598991663,0.0,0.0,1.0,7.794298395199284,8.8,7.25,False,8.066450619698422,2.087713561453855,18.54356464298488,9.27178232149244,39177585.0979,0.0351887745545065,0.3493188947047573,0.4841168495175229
39,2022,1967,39566635.8529,7.381591773583896,8.822825026107136,9.842122364778527,10.662299228510072,11.892564524107389,12.30265295597316,13.122829819704704,13.943006683436248,14.763183547167792,15.583360410899337,16.40353727463088,16.823737452940513,18.043891002093968,18.94904250330133,20.094333161422828,21.32130398440865,22.529121092395965,24.008018745560648,25.904493147917808,28.045314441083004,30.34654395806713,32.80707454926176,37.63853202821349,45.25271351014717,57.26814933345719,0.0244440751140866,0.3618588014313229,0.4935923958055833,0.0,0.0,1.0,7.62764483270336,9.3,7.25,False,7.794298395199284,2.0533924914286246,17.740551270285373,9.742872993999104,38979838.8669,0.0296400902821865,0.3432196535183877,0.4836465598991663
40,2017,1363,11101678.7336,5.321467912283591,7.826888908592823,8.363592066786522,9.301738563131403,9.791303750664635,10.61734374645882,11.504781907030946,12.239129688330792,12.97347746963064,13.70782525093049,14.686955625996951,15.063431255210007,15.945040885547105,17.131333916514965,18.261948049440942,19.3001283881226,20.39501922484138,21.66725412973545,23.536580738441412,25.42795389126148,28.243994799167204,31.264284526335963,36.3117121957818,47.0734062594766,62.76465047156603,0.0291876730335651,0.4054683406552077,0.4671818475347057,0.0,0.0,0.0,7.09869521923186,7.25,7.25,False,7.25,1.9810014688665833,15.0,8.5,9350617.7134,0.0289794708441213,0.4092773367384792,0.454338298069
40,2018,1368,11491580.4265,6.657581533644247,7.646543833553366,8.602361812747537,9.558179791941708,9.655541768226207,10.51399777113588,11.46981575033005,12.007053737510684,13.219387302773386,14.19619247385144,14.680384391239915,15.440093227604782,16.542819674903107,17.204723625495074,18.38101695189004,19.116359583883412,20.58672418019876,22.01867845681797,22.976191538364272,25.273977960347064,27.718721396630954,31.545888039850677,35.8431742197814,43.4885758585647,61.270268910295485,0.0238923400881268,0.40960196110585,0.4675253545378822,0.0,0.0,0.0,6.929680349157739,7.25,7.25,False,7.09869521923186,1.9599109952199634,15.945040885547105,8.363592066786522,11101678.7336,0.0291876730335651,0.4054683406552077,0.4671818475347057
40,2019,1242,11016278.0888,5.867469964936138,7.510361555118257,8.449156749508038,9.38795194389782,9.634943129365498,10.326747138287605,11.265542332677386,12.197821742954533,12.67373512426206,13.59526136305006,14.081927915846732,15.020723110236514,15.959518304626297,16.898313499016076,18.053735684511302,18.775903887795643,20.65349427657521,22.039031245295057,23.46987985974455,25.271755684171644,28.163855831693464,32.85783180364238,36.863895226239,45.1342797927504,64.47752775550619,0.0274680257307267,0.3906685548974556,0.4749703709476677,0.0,0.0,0.0,6.80626515932592,7.25,7.25,False,6.929680349157739,1.9358136864753268,16.542819674903107,8.602361812747537,11491580.4265,0.0238923400881268,0.40960196110585,0.4675253545378822
40,2020,1090,10042207.1301,5.794863950932775,8.288385765661891,8.915105581115574,9.27178232149244,10.198960553641683,10.708273124589832,11.126138785790928,12.053317017940172,12.980495250089415,13.90767348223866,14.264176097283691,15.23011794401486,16.68920817868639,17.616386410835634,18.39410298821287,19.020348229234084,21.01025929289868,22.28774213896156,24.106634035880344,26.745383284577088,28.974319754663878,33.43172910572136,39.22659305665414,46.3589116074622,56.62306710577167,0.02403371630093,0.4135751496154056,0.4700021697673348,0.0,0.0,0.0,6.722042183082018,7.25,7.25,False,6.80626515932592,1.9178435349621694,15.959518304626297,8.449156749508038,11016278.0888,0.0274680257307267,0.3906685548974556,0.4749703709476677
40,2021,1113,11084913.8754,6.132662690763793,7.720245068901183,8.857157267271914,9.704658182677576,10.219609483910014,10.628588720726295,11.324469481539424,12.230128933223384,12.842878037544274,13.28573590090787,13.504986913901682,14.19397117227009,15.057167354362251,16.17406164949357,17.032977711758935,17.888780603485824,19.48574598799821,20.52173881721348,22.142893168179786,24.27193234630027,26.57147180181574,30.85519747600313,35.42020068234062,42.58240737457539,54.62010073074697,0.0232520782477165,0.4543958428110242,0.4577617986785571,0.0,0.0,0.0,6.421439018772137,7.25,7.25,False,6.722042183082018,1.9053920046599002,16.68920817868639,8.915105581115574,10042207.1301,0.02403371630093,0.4135751496154056,0.4700021697673348
40,2022,1042,11512162.4952,6.308922040575806,8.20176863731544,9.021945501046984,9.842122364778527,10.389249177055689,10.715116598881822,11.482476092241615,12.298095970431696,12.30265295597316,13.122829819704704,13.80091104179476,14.763183547167792,15.37831619496645,15.981833862976648,16.40353727463088,17.66813208737533,18.86406786582551,20.27265903035789,21.757243498768347,23.785129048214777,26.55293259290872,30.32118837120416,32.80707454926176,39.52678059563344,53.6923989471819,0.0144005907290765,0.4374407591536095,0.5005557936923377,0.0,0.0,0.0,5.946282262053694,7.25,7.25,False,6.421439018772137,1.8596422388110472,15.057167354362251,8.857157267271914,11084913.8754,0.0232520782477165,0.4543958428110242,0.4577617986785571
41,2017,1580,13933374.9456,9.013334263752787,9.791303750664635,10.03608634443125,10.770434125731098,11.25999931326433,11.87011470225052,12.728694875864026,13.70782525093049,14.389673048370856,14.686955625996951,15.85497881775764,16.946298966462816,18.474276719667607,19.344851537145765,20.561737876395732,22.460212794057146,23.98869418912836,25.890775666264503,28.243994799167204,30.597824220826983,34.26956312732622,38.388922118954,42.99815975957495,51.772472164380666,66.36919263533898,0.0309384460177847,0.3070951598881086,0.4762991284028939,1.0,1.0,1.0,9.54652115689802,9.75,7.25,False,9.25,2.224623551524334,18.650091740860077,10.0,13166188.7693,0.0168458400062717,0.3230772592611213,0.4655120771541131
41,2018,1492,13796003.4712,9.558179791941708,10.275043276337335,10.991906760732965,11.46981575033005,12.42563372952422,13.38145170871839,13.859360698315475,14.337269687912562,15.293087667106732,16.248905646300905,16.93657775311244,18.160541604689246,19.116359583883412,20.072177563077588,21.601414994723616,22.9396315006601,23.89544947985427,25.807085438242613,28.484078114054277,31.54199331340764,34.46440678479381,38.23271916776683,43.54933731009484,50.13022001751449,61.842921855063295,0.0293193921735666,0.3128304931938817,0.4877789372877467,1.0,1.0,1.0,9.79713428674025,10.25,7.25,False,9.54652115689802,2.2561768113631357,18.474276719667607,10.03608634443125,13933374.9456,0.0309384460177847,0.3070951598881086,0.4762991284028939
41,2019,1530,14039205.5435,9.026750492856351,10.561445936885049,11.265542332677386,11.734939929872276,12.32638090233784,13.143132721456949,14.081927915846732,14.534776971131627,15.236386969897373,16.24819782690115,16.898313499016076,18.084817485943685,18.85932600008591,20.58159947548791,21.664388941894124,23.46987985974455,25.277506462348644,27.321783395953485,29.33734982468069,32.4966303526009,36.09958263378683,39.43263999371752,45.13422186187896,52.97943849894408,61.038009116819616,0.0351615195297535,0.2919201986253048,0.4770552853256614,1.0,1.0,1.0,10.092048339690157,10.75,7.25,False,9.79713428674025,2.2820899231931606,19.116359583883412,10.991906760732965,13796003.4712,0.0293193921735666,0.3128304931938817,0.4877789372877467
41,2020,1516,14412946.135,9.990013855918216,11.198718042335102,12.053317017940172,12.980495250089415,13.90767348223866,13.953250321793456,14.834851714387902,15.762029946537147,16.68920817868639,17.830332787904073,18.54356464298488,20.059037463432816,21.396260268750066,23.1794558037311,24.087949719105847,25.96099050017883,27.81534696447732,31.20302443019262,33.43172910572136,36.536904311193815,40.11807492686563,44.57571607248116,49.03335721809669,55.71970303924097,66.86369000600077,0.0225266597862019,0.2729041984586589,0.4678045449657819,1.0,1.0,1.0,10.430755111678994,11.25,7.25,False,10.092048339690157,2.311747820669258,18.85932600008591,11.265542332677386,14039205.5435,0.0351615195297535,0.2919201986253048,0.4770552853256614
41,2021,1545,14706376.0385,10.219609483910014,11.292875515771687,12.263619952264692,13.064306969226072,13.507164832589668,14.17145162763506,15.057167354362251,15.942883081089445,16.828598807816636,17.714314534543828,19.16201688987942,20.346526086757084,21.291056067999904,22.199290487429774,23.84609277539825,25.54935585317256,27.45718752854293,29.81412141776518,32.64511394623312,35.428629069087656,38.74790593553651,42.582333564931496,47.09114805775393,53.04808251068073,63.87361106186309,0.0231878119332233,0.2806897822817426,0.4796242608263563,0.0,0.0,1.0,10.628588720726295,12.0,7.25,False,10.430755111678994,2.344758664443746,21.396260268750066,12.053317017940172,14412946.135,0.0225266597862019,0.2729041984586589,0.4678045449657819
41,2022,1488,15403817.7918,10.2522107966443,11.482476092241615,12.30265295597316,12.712741387838932,13.773144572370729,14.39947726525667,15.141681432501215,15.993448842765108,16.40353727463088,17.72417527575392,18.92701644011691,19.715616494594787,20.83249233878122,22.053336865453907,23.65882181120012,24.60530591194632,26.245659639409407,28.70619023060404,31.03731115927872,33.63740599255313,36.90795886791948,41.0088431865772,44.289550641503375,51.2610539832215,59.14725957221624,0.0236820717909421,0.2982098871193686,0.4775155905580517,0.0,0.0,1.0,10.457255012577185,12.75,7.25,False,10.628588720726295,2.363547419732464,21.291056067999904,12.263619952264692,14706376.0385,0.0231878119332233,0.2806897822817426,0.4796242608263563
42,2017,2649,38279164.2534,6.853912625465245,8.077825594298323,9.033669681326002,9.791303750664635,10.770434125731098,11.749564500797565,12.239129688330792,13.174556700973644,13.996157668202756,14.686955625996951,15.666086001063416,16.64521637612988,18.075115118471867,19.288793736787817,20.561737876395732,21.91778686460225,23.536580738441412,25.45738975172805,28.243994799167204,30.12686251042001,32.951408859893,36.71738906499238,41.63837057650704,48.95651875332317,62.20739071558683,0.0219309089911866,0.3659008705984467,0.4972823072883374,0.0,0.0,0.0,7.09869521923186,7.25,7.25,False,7.25,1.9810014688665833,17.5,9.0,41360533.76539999,0.0209667429298373,0.3780957840099762,0.5042569515470637
42,2018,2562,38888265.1531,6.929680349157739,8.124452823150452,9.558179791941708,9.835109007640073,10.752952265934422,11.46981575033005,12.42563372952422,13.38145170871839,14.337269687912562,15.155352228557565,16.248905646300905,17.204723625495074,18.38101695189004,19.52742095005066,21.02799554227176,22.9396315006601,24.354958973351867,26.284994427839692,28.674539375825123,31.462182304535155,34.623214160778105,38.634787484633215,43.11873779262626,50.54795592069413,64.1575531597712,0.0189532885794275,0.3649040895918906,0.4972395917758897,0.0,0.0,0.0,6.929680349157739,7.25,7.25,False,7.09869521923186,1.9599109952199634,18.075115118471867,9.033669681326002,38279164.2534,0.0219309089911866,0.3659008705984467,0.4972823072883374
42,2019,2496,40849066.2868,6.80626515932592,7.979759152313148,9.38795194389782,10.326747138287605,11.265542332677386,11.734939929872276,12.67373512426206,13.621366604467422,14.081927915846732,15.267322227945533,16.67028732323211,17.83710869340586,18.775903887795643,19.859085783082573,21.59228947096499,23.058172635505898,24.823857228853218,27.08048617736765,29.33734982468069,32.85783180364238,36.107469657260914,39.536911125145686,45.51655347077906,54.16116011377419,67.70145014221774,0.0172971543202279,0.3593915274593184,0.4957972269795681,0.0,0.0,0.0,6.80626515932592,7.25,7.25,False,6.929680349157739,1.9358136864753268,18.38101695189004,9.558179791941708,38888265.1531,0.0189532885794275,0.3649040895918906,0.4972395917758897
42,2020,2222,39695877.6295,6.722042183082018,8.576398647380506,9.73537143756706,11.126138785790928,11.927706534733716,12.980495250089415,13.90767348223866,14.574914343744226,15.60139631781729,16.68920817868639,17.616386410835634,18.54356464298488,20.059037463432816,21.84200120385581,23.1794558037311,24.53161554772227,26.74012602736096,28.52853246064652,31.20302443019262,33.8070717773548,37.889370251336885,42.34701139695242,46.3589116074622,53.49098247691798,66.86369000600077,0.0185476169710087,0.3348284500006258,0.4949674730808435,0.0,0.0,0.0,6.722042183082018,7.25,7.25,False,6.80626515932592,1.9178435349621694,18.775903887795643,9.38795194389782,40849066.2868,0.0172971543202279,0.3593915274593184,0.4957972269795681
42,2021,2066,36636536.3081,6.464409681719499,8.857157267271914,9.742872993999104,10.628588720726295,11.957162310817084,13.199616351316998,13.28573590090787,14.17145162763506,15.323781465324329,15.942883081089445,17.629372859951697,18.60003026127102,19.928603851361807,21.291056067999904,22.857735278300574,24.80004034836136,26.57147180181574,28.802062286030253,31.000050435451698,34.06583822980213,36.49920632106462,40.45329438681101,45.40568827163733,51.09893313527681,63.87361106186309,0.0153175498819174,0.3296704103310571,0.4930724658953667,0.0,0.0,0.0,6.421439018772137,7.25,7.25,False,6.722042183082018,1.9053920046599002,20.059037463432816,9.73537143756706,39695877.6295,0.0185476169710087,0.3348284500006258,0.4949674730808435
42,2022,2123,39293611.1768,6.15132647798658,8.921556301488266,9.842122364778527,11.449746985080983,12.30265295597316,13.048454949492523,13.943006683436248,14.763183547167792,15.583360410899337,16.40353727463088,17.223714138362425,18.393488420961493,19.715616494594787,20.5044215932886,22.08162170224436,23.785129048214777,25.63052699161075,28.390586173440145,30.7566323899329,33.78443639165848,37.45909350965167,40.17052673207275,45.34614348620554,51.2610539832215,59.14725957221624,0.0152758282790358,0.355044300449459,0.5013264273310358,0.0,0.0,0.0,5.946282262053694,7.25,7.25,False,6.421439018772137,1.8596422388110472,19.928603851361807,9.742872993999104,36636536.3081,0.0153175498819174,0.3296704103310571,0.4930724658953667
44,2017,885,3273598.4369,8.688234522264043,9.791303750664635,9.791303750664635,10.770434125731098,11.743767025862995,12.239129688330792,12.728694875864026,13.70782525093049,14.686955625996951,15.666086001063416,16.64234798528479,17.624346751196345,18.810663871349465,19.58260750132927,21.10836519020126,22.51999862652866,24.478259376661587,26.11319261317703,28.26669602911769,30.597824220826983,32.951408859893,35.60455560306445,40.76263348650296,47.327598174591294,61.11969010407189,0.0474230376120937,0.3145725242877299,0.5280702644570596,0.0,0.0,1.0,9.39965160063805,9.6,7.25,False,9.6,2.2617630984737906,18.0,10.0,3219996.7706,0.0655438425674798,0.3698924519660511,0.5161040776728288
44,2018,824,2969428.9989,8.819768037262824,9.558179791941708,10.141820377715366,10.991906760732965,11.46981575033005,12.42563372952422,13.38145170871839,14.337269687912562,15.293087667106732,16.36752903474889,17.39963330533829,18.69668009135474,19.15756352929989,21.02799554227176,22.49969988127908,23.89544947985427,25.841365920949315,27.57152542783505,29.66340015098103,32.32233459519522,34.46440678479381,37.291502323835694,42.27640271054569,50.55445112853933,68.61677449253764,0.0836000943588683,0.3241746065511558,0.5284141014253095,1.0,1.0,1.0,9.653761589861125,10.1,7.25,False,9.39965160063805,2.2406726248271704,18.810663871349465,9.791303750664635,3273598.4369,0.0474230376120937,0.3145725242877299,0.5280702644570596
44,2019,801,3162343.5969,6.470538506379312,9.528771223056289,10.326747138287605,11.265542332677386,12.204337527067167,13.143132721456949,14.081927915846732,15.020723110236514,15.959518304626297,16.80101001011172,17.50689039957494,18.775903887795643,19.31625022758512,20.65349427657521,22.423877783450507,23.46987985974455,25.34747024852412,27.755401990152777,30.02797329155446,32.4966303526009,34.86898665898077,38.83568739565472,43.72271756470118,49.68047109759361,67.70145014221774,0.0643643105384024,0.3037550513934161,0.4952748315317007,0.0,0.0,1.0,9.857349541092713,10.5,7.25,False,9.653761589861125,2.2673476414559572,19.15756352929989,10.141820377715366,2969428.9989,0.0836000943588683,0.3241746065511558,0.5284141014253095
44,2020,740,3305281.4975000005,8.808193205417817,10.198960553641683,11.126138785790928,12.053317017940172,12.822840438012229,13.51428326655787,13.90767348223866,15.434687123301185,16.68920817868639,17.83028164251841,18.54356464298488,19.778071475081983,21.19443091675917,22.62811470453168,24.106634035880344,26.49729949980136,27.81534696447732,29.669703428775804,31.20302443019262,33.43172910572136,36.103159901392296,40.53048196417162,44.57571607248116,52.28332707166782,65.36163049242212,0.0412544780839804,0.2954735046738632,0.4944795806760176,0.0,0.0,1.0,9.73537143756706,10.5,7.25,False,9.857349541092713,2.288217323259064,19.31625022758512,10.326747138287605,3162343.5969,0.0643643105384024,0.3037550513934161,0.4952748315317007
44,2021,745,3531167.7481,7.797765426501196,10.1857308573627,11.067134081890003,11.514304447453489,12.773662458501718,13.28573590090787,14.17145162763506,15.31981576455908,16.607169876134837,17.714314534543828,19.02088282242172,20.3714617147254,21.291056067999904,22.142893168179786,24.48182003204665,25.68575607508855,27.737981230564117,29.645929186460016,31.517316616540494,34.661298645035124,38.17330718241861,41.73088214653874,46.30720779538847,54.73405559759563,63.87361106186309,0.0370655109405166,0.2797186973152056,0.5060225755237606,1.0,1.0,1.0,10.185730857362701,11.5,7.25,False,9.73537143756706,2.2757657929567943,21.19443091675917,11.126138785790928,3305281.4975000005,0.0412544780839804,0.2954735046738632,0.4944795806760176
44,2022,682,3650827.4477,7.974518133472057,10.2522107966443,12.292895252318395,12.30265295597316,13.122829819704704,14.59975621978676,15.583360410899337,16.40353727463088,17.223714138362425,18.043891002093968,19.32564100913168,20.5044215932886,21.52964267295303,22.964952184483234,24.60530591194632,25.764468113498445,27.602027127805453,28.784927209522262,31.375388659759764,33.51673258060548,35.986848509272576,39.43143803340551,43.37464335001084,48.01292704020951,59.14725957221624,0.0431144938386949,0.2643385031270043,0.5176509722448255,0.0,0.0,1.0,10.047166580711414,12.25,7.25,False,10.185730857362701,2.3209878053136683,21.291056067999904,11.067134081890003,3531167.7481,0.0370655109405166,0.2797186973152056,0.5060225755237606
45,2017,1215,12164536.2579,6.26606462915925,7.343477812998477,8.085049399278454,9.056955969364788,9.791303750664635,10.770434125731098,11.749564500797565,12.48391228209741,13.295003598726083,14.192909650975094,14.686955625996951,15.666086001063416,16.922145708140913,17.88773282208922,18.829411460309394,19.7708453159358,21.182996099375405,23.32575575888596,24.478259376661587,26.43652012679452,28.943219354966864,33.48084558588932,39.220935660716194,47.07348785367452,62.031650396105945,0.0328877349960782,0.3336686533170566,0.4975166924402579,0.0,0.0,0.0,7.09869521923186,7.25,7.25,False,7.25,1.9810014688665833,16.0,8.0,12615499.6101,0.032167636569471,0.3531311544041724,0.5199259023676516
45,2018,1155,11745403.2726,5.018044390769397,7.646543833553366,8.602361812747537,9.558179791941708,10.036088781538794,11.02846679843714,11.48797629193474,12.42563372952422,13.723875685322705,14.337269687912562,15.00199367275022,16.248905646300905,17.204723625495074,18.152851433433774,19.116359583883412,20.0691949867982,21.17216414718204,22.9396315006601,24.373358469451357,26.652506440839858,29.348023380110668,32.25885679780326,36.7621932067766,45.95270168272162,61.270268910295485,0.028468803083164,0.3321574709317231,0.4839490856103857,0.0,0.0,0.0,6.929680349157739,7.25,7.25,False,7.09869521923186,1.9599109952199634,16.922145708140913,8.085049399278454,12164536.2579,0.0328877349960782,0.3336686533170566,0.4975166924402579
45,2019,1183,12806737.401,0.94818314633368,7.059757501136235,8.449156749508038,9.38795194389782,9.857349541092711,11.265542332677386,12.204337527067167,13.143132721456949,14.081927915846732,14.22763925226896,15.075701493352208,15.959518304626297,17.242992249907545,18.053735684511302,18.95638726391708,20.310364633025745,21.664342002134404,23.46987985974455,24.86039033618557,27.08048617736765,29.33734982468069,32.68114736015197,38.36410031753704,45.40021909392124,60.2801853133185,0.0511127526710188,0.3523532804106412,0.488783783511577,0.0,0.0,0.0,6.80626515932592,7.25,7.25,False,6.929680349157739,1.9358136864753268,17.204723625495074,8.602361812747537,11745403.2726,0.028468803083164,0.3321574709317231,0.4839490856103857
45,2020,1023,12137290.8965,0.0053312748348581,3.185881966282897,8.157460037829125,9.27178232149244,10.082760268745352,11.010241506772273,11.940978995219917,12.980495250089415,13.90767348223866,14.834851714387902,15.762029946537147,16.73038274532425,17.830332787904073,18.65659959701321,20.397921107283366,22.17101883509198,23.1794558037311,25.320132680515368,27.018668333684197,29.144199808565112,31.38713376166769,34.769183705596646,38.45662595319922,46.3589116074622,61.42762813741518,0.0686151831081311,0.3398227635698655,0.4865370207698392,0.0,0.0,0.0,6.722042183082018,7.25,7.25,False,6.80626515932592,1.9178435349621694,17.242992249907545,8.449156749508038,12806737.401,0.0511127526710188,0.3523532804106412,0.488783783511577
45,2021,949,11245098.4955,5.314294360363148,7.971441540544722,8.857157267271914,9.742872993999104,10.628588720726295,11.499865541959664,12.400020174180678,12.842878037544274,13.28573590090787,14.082880054962343,14.843748468717768,15.500025217725849,16.38574094445304,17.27885117720936,18.60003026127102,19.48574598799821,21.26652222512135,22.142893168179786,25.047629550440394,26.62646801019099,30.40303359194253,34.48945903096737,40.92957003868416,46.28712333546607,63.87361106186309,0.0243115979739441,0.344919579099475,0.4827146653248271,0.0,0.0,0.0,6.421439018772137,7.25,7.25,False,6.722042183082018,1.9053920046599002,17.830332787904073,8.157460037829125,12137290.8965,0.0686151831081311,0.3398227635698655,0.4865370207698392
45,2022,1003,12802500.517399998,6.561414909852352,8.20176863731544,9.021945501046984,9.842122364778527,10.882743541738732,11.80110418587544,12.30265295597316,12.89580977714251,13.532918251570475,14.208726325264262,14.763183547167792,15.772529121531376,16.40353727463088,17.223714138362425,18.043891002093968,18.9512698827359,20.5044215932886,21.68732167500542,23.65882181120012,25.63052699161075,27.84786574606798,32.657927196091286,37.332677216067125,44.163243404488725,58.8895727902465,0.012180120663777,0.3622101867988635,0.4929462093067473,0.0,0.0,0.0,5.946282262053694,7.25,7.25,False,6.421439018772137,1.8596422388110472,16.38574094445304,8.857157267271914,11245098.4955,0.0243115979739441,0.344919579099475,0.4827146653248271
46,2017,1135,2706686.2109,7.833043000531708,8.812173375598173,9.791303750664635,10.03608634443125,10.770434125731098,11.436890478856316,11.862824897425188,12.728694875864026,13.518690408422694,14.121997399583602,14.686955625996951,15.176520813530184,15.910868594830031,16.64521637612988,17.16706595494411,18.317146902959426,19.58260750132927,20.76388341167932,21.65371302718861,23.49912900159513,25.02887233169749,27.41565050186098,31.30786529157083,36.71738906499238,49.13109282525965,0.0326053459557305,0.3621368569259001,0.5027342310018047,0.0,0.0,1.0,8.46947774432491,8.65,7.25,False,8.55,2.145931282948669,16.0,9.60241717569584,2698768.5696,0.0462769862176477,0.337289284214139,0.4849443848732748
46,2018,1174,2813300.9002,8.124452823150452,8.84131630754608,9.558179791941708,10.036088781538794,10.752952265934422,11.46981575033005,12.42563372952422,13.333660809758682,13.859360698315475,14.337269687912562,15.130598610643723,15.6928380412833,16.53599748841999,17.204723625495074,18.160541604689246,19.116359583883412,19.560170447232004,20.613066241929108,22.05717697738695,23.89544947985427,25.807085438242613,28.553612238553708,32.16685931730583,37.18888414984796,55.14324604655181,0.0332816749155213,0.3491920329710063,0.5047083924791188,0.0,0.0,1.0,8.45898911586841,8.85,7.25,False,8.46947774432491,2.136468847297168,15.910868594830031,9.791303750664635,2706686.2109,0.0326053459557305,0.3621368569259001,0.5027342310018047
46,2019,1163,3030708.3061,6.80626515932592,9.180727669724975,9.38795194389782,10.326747138287605,11.265542332677386,12.1220796115803,12.67373512426206,13.540243088683829,14.081927915846732,15.020723110236514,15.746062675249252,16.42891590182119,16.933503783008955,18.053735684511302,18.775903887795643,19.633258599072107,20.65349427657521,21.664388941894124,23.46987985974455,24.93334913817539,27.08048617736765,30.041446220473027,35.20481978961683,42.23831589294129,55.65815931048789,0.0447515798623758,0.3252467438769989,0.5120201821061686,0.0,0.0,1.0,8.543036268947017,9.1,7.25,False,8.45898911586841,2.1352296766285814,16.53599748841999,9.558179791941708,2813300.9002,0.0332816749155213,0.3491920329710063,0.5047083924791188
46,2020,1037,2876553.4505000003,8.344604089343195,9.27178232149244,10.198960553641683,11.126138785790928,12.053317017940172,12.980495250089415,13.90767348223866,13.969935522596586,14.834851714387902,15.762029946537147,16.31551613732092,16.938619123134536,17.616386410835634,18.54356464298488,19.131510897243885,20.277387937103967,21.32509933943261,22.252277571581853,23.1794558037311,25.3284251964811,27.81534696447732,31.062691637417824,34.305051745342155,40.56404765652943,53.49098003798194,0.0302122578618846,0.3143874015074555,0.5107740622530803,0.0,0.0,1.0,8.622757558987969,9.3,7.25,False,8.543036268947017,2.1451164796183906,16.933503783008955,9.38795194389782,3030708.3061,0.0447515798623758,0.3252467438769989,0.5120201821061686
46,2021,902,2645233.5388,8.253855126697962,9.347943993338616,10.628588720726295,11.514304447453489,12.400020174180678,12.842878037544274,13.28573590090787,14.17145162763506,14.761928778786524,15.104193904945271,15.942883081089445,16.810884493282092,17.271456671180232,17.714314534543828,18.380494295850987,19.41754587704021,20.3714617147254,22.142893168179786,22.71062811213724,24.35718248499776,26.57147180181574,28.77104263191662,31.733033523236323,37.20006052254204,51.09888893941959,0.0208470827589069,0.3341565272535399,0.4707719586698293,0.0,0.0,1.0,8.370013617571958,9.45,7.25,False,8.622757558987969,2.154404935952527,17.616386410835634,10.198960553641683,2876553.4505000003,0.0302122578618846,0.3143874015074555,0.5107740622530803
46,2022,985,3163076.0956,8.099768555208819,9.842122364778527,10.86734344444296,11.626768439001928,12.30265295597316,12.535821814103151,13.140053845931329,13.943006683436248,14.763183547167792,15.37831619496645,15.993448842765108,16.40353727463088,17.223714138362425,18.043891002093968,18.86406786582551,19.684244729557054,20.5044215932886,21.48505200733745,23.48393803167408,25.29244008874644,27.602027127805453,29.573527264000145,33.058122992575456,39.43143803340551,49.55221267333998,0.0197606656339842,0.3563953558272403,0.4926875134201877,0.0,0.0,1.0,8.160759794128863,9.95,7.25,False,8.370013617571958,2.1246555114501153,17.271456671180232,10.628588720726295,2645233.5388,0.0208470827589069,0.3341565272535399,0.4707719586698293
47,2017,1624,17944899.3689,4.895651875332318,7.607927259591888,8.481406050509783,9.094312324818729,9.791303750664635,10.03608634443125,10.946160762062108,11.749564500797565,12.728694875864026,13.413070324452246,14.19739043846372,14.686955625996951,15.666086001063416,16.47558334134487,17.624346751196345,18.829411460309394,20.237784630991545,21.965709651331206,23.536580738441412,25.8904101601012,28.477248337799704,32.020429500144324,37.19024950037493,47.0734062594766,56.48818542440943,0.0353601301827136,0.3508503840769063,0.5070008068848647,0.0,0.0,0.0,7.09869521923186,7.25,7.25,False,7.25,1.9810014688665833,15.4,8.5,16782068.9288,0.0205717561681285,0.3660305237430123,0.4857485676697728
47,2018,1608,18111777.7062,6.690725854359195,7.646543833553366,8.602361812747537,9.558179791941708,9.733264991932868,10.51399777113588,11.46981575033005,11.956238952714784,13.142497213919848,13.38784362886487,14.337269687912562,15.082807711684014,16.248905646300905,17.152476312258564,17.9215871098907,19.116359583883412,20.310083154005,21.98381352146593,23.495823079206342,25.79719451576479,28.576471363206025,31.868121189670568,36.32108320937849,45.95262203122335,57.24422852050206,0.0203602447966091,0.3276859434879408,0.4910042197931666,0.0,0.0,0.0,6.929680349157739,7.25,7.25,False,7.09869521923186,1.9599109952199634,15.666086001063416,8.481406050509783,17944899.3689,0.0353601301827136,0.3508503840769063,0.5070008068848647
47,2019,1640,19103204.262,6.80626515932592,8.449156749508038,9.38795194389782,9.519675625519184,10.63654955243623,11.265542332677386,12.204337527067167,13.143132721456949,14.081927915846732,14.551325513041622,15.44717506017754,16.40329119976238,17.331567481226962,18.053735684511302,18.942034109743545,20.65349427657521,22.53108466535477,23.46987985974455,25.247991015657146,27.08048617736765,29.33734982468069,32.4966303526009,36.84201248248984,45.13422435385501,60.179066793082434,0.0189897518670001,0.3373334007750035,0.4922344874260132,0.0,0.0,0.0,6.80626515932592,7.25,7.25,False,6.929680349157739,1.9358136864753268,16.248905646300905,8.602361812747537,18111777.7062,0.0203602447966091,0.3276859434879408,0.4910042197931666
47,2020,1494,19507149.475100003,6.953836741119329,8.344604089343195,9.27178232149244,10.198960553641683,11.126138785790928,11.58972790186555,12.439826970933897,13.444084366164036,13.90767348223866,14.834851714387902,15.762029946537147,16.68920817868639,17.616386410835634,18.54356464298488,19.47074287513412,20.397921107283366,22.252277571581853,24.0709376739426,25.96099050017883,27.93353323951837,31.20302443019262,35.66065726725545,41.00969114383917,52.14006880497143,66.86369000600077,0.0130149493253267,0.3367514624566295,0.4982605288643882,0.0,0.0,0.0,6.722042183082018,7.25,7.25,False,6.80626515932592,1.9178435349621694,17.331567481226962,9.38795194389782,19103204.262,0.0189897518670001,0.3373334007750035,0.4922344874260132
47,2021,1481,20324203.448700003,6.642867950453935,8.857157267271914,9.30001513063551,10.628588720726295,11.514304447453489,12.271018316163284,12.850489222364905,13.28573590090787,13.724769213275216,14.189854055072637,15.057167354362251,15.942883081089445,16.828598807816636,17.714314534543828,19.16201688987942,20.42197457940173,21.93498094928436,23.42031667505208,25.54935585317256,27.82285030920833,31.000050435451698,34.06595542351787,40.87910222243511,46.840557274022416,63.87361106186309,0.0117178725356261,0.3605311606378694,0.495775552460557,0.0,0.0,0.0,6.421439018772137,7.25,7.25,False,6.722042183082018,1.9053920046599002,17.616386410835634,9.27178232149244,19507149.475100003,0.0130149493253267,0.3367514624566295,0.4982605288643882
47,2022,1415,21482817.8863,6.15132647798658,8.273724796601888,9.842122364778527,10.53916203806897,11.482476092241615,11.892564524107389,12.30265295597316,13.043151137919322,13.530996509943478,14.195211069033697,14.983811123511575,15.772616222205391,16.40353727463088,17.74411635840009,18.86406786582551,20.371953572215716,21.52964267295303,23.375040616349004,24.535135224715955,26.245659639409407,28.699104149493746,32.33383249888866,37.85423792444976,45.42375643690553,59.14725957221624,0.0164611610716822,0.3253239486267273,0.4798200978174997,0.0,0.0,0.0,5.946282262053694,7.25,7.25,False,6.421439018772137,1.8596422388110472,16.828598807816636,9.30001513063551,20324203.448700003,0.0117178725356261,0.3605311606378694,0.495775552460557
48,2017,5574,85414256.07,6.771571095779791,7.833043000531708,8.812173375598173,9.419269398820182,9.791303750664635,10.770434125731098,11.594964967892333,12.141109737571442,12.911512504465724,14.121997399583602,14.686955625996951,15.666086001063416,16.946396879500323,18.33413395178766,19.58260750132927,21.08890167033152,22.59514688281501,24.478259376661587,26.43652012679452,28.68543639548685,31.821737189660062,35.715468989055104,41.84302778620143,51.207821388396965,70.61023178051178,0.0229178007532577,0.3632521367577369,0.4652165593801443,0.0,0.0,0.0,7.09869521923186,7.25,7.25,False,7.25,1.9810014688665833,16.82675,8.653749999999999,80690166.3127,0.0286503761529134,0.3672481645602451,0.4589093772207512
48,2018,5594,87872181.70840001,5.734907875165025,7.646543833553366,8.602361812747537,9.558179791941708,9.558179791941708,10.51399777113588,11.46981575033005,12.38286188312374,13.38145170871839,14.337269687912562,14.815178677509648,15.77099665670382,16.85163503398184,18.151077610814205,19.116359583883412,20.58679552211022,22.05717255136908,23.89544947985427,25.807085438242613,28.490544414830243,31.98865774713748,35.94202409679032,42.05599108454352,50.73173409530404,68.92905252408242,0.0260795159508476,0.3682262384365825,0.4679444687711591,0.0,0.0,0.0,6.929680349157739,7.25,7.25,False,7.09869521923186,1.9599109952199634,16.946396879500323,8.812173375598173,85414256.07,0.0229178007532577,0.3632521367577369,0.4652165593801443
48,2019,5200,89027337.68579999,5.632771166338693,7.53709667493281,8.589976028666507,9.38795194389782,10.326747138287605,11.265542332677386,11.734939929872276,12.67373512426206,13.61253031865184,14.081927915846732,15.490120707431403,16.522795421260167,17.83710869340586,18.775903887795643,20.034479528843192,21.59228947096499,23.028976040623515,24.823857228853218,27.082986427995127,29.78867561438358,33.198240017031104,37.551807775591286,44.1313017401835,53.708663426543644,67.70145014221774,0.0253358502313134,0.3549703298096107,0.4723069350090962,0.0,0.0,0.0,6.80626515932592,7.25,7.25,False,6.929680349157739,1.9358136864753268,16.85163503398184,8.602361812747537,87872181.70840001,0.0260795159508476,0.3682262384365825,0.4679444687711591
48,2020,4458,85211402.2589,6.490247625044708,8.344604089343195,9.27178232149244,10.198960553641683,11.126138785790928,12.053317017940172,12.980495250089415,13.90767348223866,14.510339333135668,15.762029946537147,16.68920817868639,17.830332787904073,18.721814658115573,20.397921107283366,22.252277571581853,23.1794558037311,25.365421524318396,27.636865154788588,29.874878804485974,32.97295045674802,35.660665575808146,40.56404765652943,44.57579333733384,53.49095200480061,66.86369000600077,0.0205328697512105,0.3285358204978493,0.4637425387196077,0.0,0.0,0.0,6.722042183082018,7.25,7.25,False,6.80626515932592,1.9178435349621694,17.83710869340586,8.589976028666507,89027337.68579999,0.0253358502313134,0.3549703298096107,0.4723069350090962
48,2021,4593,87262646.4094,6.421439018772137,7.971441540544722,8.857157267271914,9.742872993999104,10.628588720726295,11.514304447453489,12.774677926586278,13.28573590090787,14.17145162763506,15.057167354362251,15.942883081089445,17.032977711758935,17.756717520999892,19.48574598799821,21.00758672361028,22.142893168179786,24.35718248499776,26.283806648121946,27.997235463167343,30.659271309593407,34.06595542351787,38.32403377975884,42.58240737457539,51.09888884949047,63.87361106186309,0.0184478723158067,0.3387076897924121,0.4657310326084969,0.0,0.0,0.0,6.421439018772137,7.25,7.25,False,6.722042183082018,1.9053920046599002,18.721814658115573,9.27178232149244,85211402.2589,0.0205328697512105,0.3285358204978493,0.4637425387196077
48,2022,4775,96188288.5065,6.15132647798658,8.20176863731544,9.22698971697987,10.2522107966443,11.072387660375844,12.30265295597316,12.30265295597316,13.122829819704704,14.193504757779536,14.840177588202843,15.976194583369926,16.56117272075876,18.043891002093968,19.32131646735585,20.5044215932886,22.08680233252661,23.65882181120012,25.538980589841984,28.04020661725403,30.7566323899329,34.699714680008675,39.36848945911412,43.37464335001084,50.11604121055505,59.14725957221624,0.0172387762745975,0.3454810485088772,0.4714606994232515,0.0,0.0,0.0,5.946282262053694,7.25,7.25,False,6.421439018772137,1.8596422388110472,17.756717520999892,8.857157267271914,87262646.4094,0.0184478723158067,0.3387076897924121,0.4657310326084969
49,2017,1712,10752259.7966,7.241317070755057,8.473149483231408,9.301738563131403,9.791303750664635,10.770434125731098,11.299136680307146,11.749564500797565,12.728694875864026,13.70782525093049,14.496426717021048,14.721996062854409,16.00602803660437,16.946367806665172,17.86912934496296,18.844487098578067,20.32032200879582,22.12442995500181,23.98869418912836,25.68272477413192,28.243994799167204,31.168495297932967,33.96555529700272,37.65882292061879,47.0734062594766,61.19564844165397,0.0086389044216893,0.322675717796281,0.4490638805181044,0.0,0.0,0.0,7.09869521923186,7.25,7.25,False,7.25,1.9810014688665833,17.0,9.0,10605246.6924,0.0239292703659465,0.3296184109800199,0.4488126180422541
49,2018,1768,11075950.6948,7.6433715505294675,9.080270802344623,9.558179791941708,10.51399777113588,11.46981575033005,11.64122577459887,12.42563372952422,13.38145170871839,13.875359550439216,14.337269687912562,15.293087667106732,16.248905646300905,17.204723625495074,18.3810966033883,19.30011559038349,20.8665632546789,22.05722034226804,23.89544947985427,25.807085438242613,28.62235609792536,31.55640646457991,35.32658813818407,40.144355126155176,49.03040778363202,62.145176402755006,0.0076569583990488,0.3134876149846113,0.4513321853849464,0.0,0.0,0.0,6.929680349157739,7.25,7.25,False,7.09869521923186,1.9599109952199634,16.946367806665172,9.301738563131403,10752259.7966,0.0086389044216893,0.322675717796281,0.4490638805181044
49,2019,1867,11765737.9906,6.80626515932592,8.449156749508038,9.38795194389782,10.326747138287605,11.265542332677386,12.204337527067167,12.998558261520923,13.847229117249286,14.081927915846732,15.020723110236514,15.959518304626297,16.86561569127204,17.551999149270635,18.775903887795643,19.714699082185422,20.86211543088405,22.566993581540174,24.227727128295548,26.286265442913898,28.163855831693464,31.142652983492244,33.850607721709565,38.36410031753704,45.58554765158184,66.64932811758342,0.0194729552181976,0.3255055522109835,0.4534603822609792,0.0,0.0,0.0,6.80626515932592,7.25,7.25,False,6.929680349157739,1.9358136864753268,17.204723625495074,9.558179791941708,11075950.6948,0.0076569583990488,0.3134876149846113,0.4513321853849464
49,2020,1724,11936167.5437,7.417425857193951,9.039987763455128,10.198960553641683,11.126138785790928,11.828727970017914,12.73174654077544,13.63879179491538,13.90767348223866,14.834851714387902,15.762029946537147,16.68920817868639,17.384591852798323,18.54356464298488,19.486177626914547,21.319283709696744,22.28774213896156,24.106634035880344,25.610234722825503,27.435018863550773,30.04888157454646,33.43172910572136,37.08712928596976,44.57571607248116,51.99519067345097,66.86369000600077,0.0093410067336771,0.3295461289227747,0.4560425469457379,0.0,0.0,0.0,6.722042183082018,7.25,7.25,False,6.80626515932592,1.9178435349621694,17.551999149270635,9.38795194389782,11765737.9906,0.0194729552181976,0.3255055522109835,0.4534603822609792
49,2021,1637,11451798.189,7.063854455894885,8.857157267271914,9.744070583568709,10.628588720726295,11.514304447453489,12.400020174180678,13.28573590090787,13.28573590090787,14.17145162763506,15.113481411566902,15.942883081089445,17.032828136870915,17.714314534543828,19.09243300942124,20.001038694409573,21.291056067999904,23.028608894906974,25.4007752157984,27.2527331338342,29.91415862576946,31.9366948164657,37.80191373160676,42.582333564931496,51.09888884949047,63.87361106186309,0.011464451209602,0.3304877322353938,0.4671441252901737,0.0,0.0,0.0,6.421439018772137,7.25,7.25,False,6.722042183082018,1.9053920046599002,18.54356464298488,10.198960553641683,11936167.5437,0.0093410067336771,0.3295461289227747,0.4560425469457379
49,2022,1618,12374834.9989,7.886205588994728,9.842122364778527,10.662299228510072,12.097608740040274,12.30265295597316,12.91778560377182,13.532918251570475,14.35309511530202,14.763183547167792,15.732001499792789,16.40353727463088,17.71582025660135,18.74547965650344,19.716008915360213,21.324598457020144,22.712501745826664,24.60530591194632,26.245659639409407,28.390627182283325,30.761862687604165,34.068834636426374,39.36848945911412,43.37464335001084,49.28938297684686,59.14725957221624,0.007004657347569,0.3164596962665041,0.4447239862583377,0.0,0.0,0.0,5.946282262053694,7.25,7.25,False,6.421439018772137,1.8596422388110472,17.714314534543828,9.744070583568709,11451798.189,0.011464451209602,0.3304877322353938,0.4671441252901737
50,2017,1224,1928847.9344,7.464450982089462,9.791303750664635,10.280868938197868,10.770434125731098,11.749564500797565,12.239129688330792,12.869706408901294,13.70782525093049,14.686955625996951,15.608514022002309,16.475582038649616,17.539686810047876,18.35869453249619,19.58260750132927,20.561737876395732,21.667750727830875,23.182371654983918,24.478259376661587,25.8904101601012,27.773277871354,30.127058336495036,33.89279375900065,39.16521500265854,45.8963957069595,58.53341091062082,0.0322295939411821,0.3036172393144981,0.5011049469281584,0.0,0.0,1.0,9.791303750664635,10.0,7.25,False,9.6,2.2617630984737906,18.001801322451744,10.0,2042015.7401,0.0626502043974132,0.3305320583214245,0.5017056768376473
50,2018,1186,1877639.3109,7.564523016475043,9.715024663236989,10.275043276337335,10.761025035581822,11.46981575033005,11.947724739927136,12.903542719121306,13.859360698315475,14.337269687912562,15.42912673562988,16.542819674903107,17.530252895020087,18.52442128675234,19.116359583883412,20.42328136743491,21.138153564373884,22.9396315006601,24.354958973351867,26.3948400129662,28.55635586270375,30.635047851305497,34.40944725099015,37.6806500774239,43.53266363029831,55.14324201926594,0.0696925545499346,0.3231225080226882,0.4935594527767937,0.0,0.0,1.0,10.036088781538794,10.5,7.25,False,9.791303750664635,2.2814946193474257,18.35869453249619,10.280868938197868,1928847.9344,0.0322295939411821,0.3036172393144981,0.5011049469281584
50,2019,1109,1836042.011,7.796927436507352,10.326747138287605,11.265542332677386,12.204337527067167,12.67373512426206,13.530378997564874,14.081927915846732,15.020723110236514,15.959518304626297,16.898313499016076,17.83710869340586,18.775903887795643,19.714699082185422,20.65349427657521,22.050526797823736,23.46987985974455,24.823857228853218,26.629160387664765,28.163855831693464,30.44653780636711,33.24216255301062,36.107471369022605,40.19044342865262,46.9397597194891,60.93025492466309,0.0476529406058345,0.2880485879034715,0.5178800811764214,0.0,0.0,1.0,10.12021219552185,10.78,7.25,False,10.036088781538794,2.306187474772221,18.52442128675234,10.275043276337335,1877639.3109,0.0696925545499346,0.3231225080226882,0.4935594527767937
50,2020,996,1764509.0705,8.914857525627873,10.693539136603697,11.460299934136438,12.053317017940172,12.980495250089415,13.90767348223866,14.603057156350593,15.155655382711542,16.047671156545206,17.15279729476101,18.014985113215747,19.16755559322132,20.397921107283366,21.32509933943261,22.28774213896156,23.341039551482048,25.383216007096134,26.74538328457709,28.974319754663878,31.20302443019262,33.43172910572136,35.660665575808146,40.11807492686563,48.8309577117268,66.86369000600077,0.0337153089743779,0.2984740190373535,0.5414866280224089,0.0,0.0,1.0,10.161873424355715,10.96,7.25,False,10.12021219552185,2.314534631576437,19.714699082185422,11.265542332677386,1836042.011,0.0476529406058345,0.2880485879034715,0.5178800811764214
50,2021,1013,1840623.3337,9.713406432388934,10.628588720726295,11.514304447453489,12.842878037544274,13.28573590090787,14.267443025452708,15.057167354362251,15.7810743011918,16.42196169934794,17.07058275873993,17.714314534543828,19.118249098118167,19.87177042556348,21.25717744145259,22.142893168179786,23.028608894906974,24.640611517550465,26.14562833119928,27.45718752854293,29.408144582558496,31.24425787330366,34.100055478996865,38.32403377975884,46.75399501051973,57.54502629440308,0.0313885259097864,0.2704348547507496,0.516286608944449,0.0,0.0,1.0,10.4071597890445,11.75,7.25,False,10.161873424355715,2.3186428173131866,20.397921107283366,11.460299934136438,1764509.0705,0.0337153089743779,0.2984740190373535,0.5414866280224089
50,2022,926,1918421.956,8.279162820581245,10.662299228510072,12.30265295597316,12.712741387838932,13.543903100717603,14.763183547167792,15.346841840331177,16.146574990587187,16.40353727463088,17.223714138362425,18.043891002093968,18.927057448960092,19.715616494594787,20.5044215932886,22.09785265609398,22.887671878261564,24.60530591194632,25.63052699161075,27.065836503140957,29.573527264000145,31.960263322827043,34.69969598703817,37.72813573165102,44.163243404488725,59.14725957221624,0.0466521177054335,0.266746721178581,0.5175138832178795,0.0,0.0,1.0,10.293219639830879,12.55,7.25,False,10.4071597890445,2.3424940105346317,19.87177042556348,11.514304447453489,1840623.3337,0.0313885259097864,0.2704348547507496,0.516286608944449
51,2017,1690,24043607.0642,4.861424882208259,8.32260818806494,9.19156702533233,9.791303750664635,10.770434125731098,11.749564500797565,12.728694875864026,13.70782525093049,14.686955625996951,16.155651188596647,17.790186974597724,19.58260750132927,20.561737876395732,22.327881171077376,24.478259376661587,25.98440667610757,29.373911251993903,32.599709598187744,35.30499349895901,39.5416906318716,44.71982162041059,48.485557042916206,54.83130100372196,61.19564844165397,70.61023178051178,0.0269642106223453,0.2576545550240685,0.478095322881724,0.0,0.0,0.0,7.09869521923186,7.25,7.25,False,7.25,1.9810014688665833,20.0,9.0,23830412.7249,0.0358384407042863,0.2800225548979871,0.4959572947240928
51,2018,1780,26396942.8318,4.779089895970854,8.402187168071064,9.558179791941708,10.51399777113588,11.46981575033005,12.42563372952422,13.785762713917524,14.337269687912562,15.859807825943925,17.0034230759912,18.381016951890032,19.65722180561161,21.012101716627274,22.25263985708289,23.89544947985427,25.733535955711584,28.674539375825123,31.24783746041892,34.46440678479381,38.0165390617923,41.81703658974497,45.95270168272162,53.4363233784792,59.73862369963568,68.92905252408242,0.0242084925770332,0.2706820827445332,0.4888068570522471,0.0,0.0,0.0,6.929680349157739,7.25,7.25,False,7.09869521923186,1.9599109952199634,20.561737876395732,9.19156702533233,24043607.0642,0.0269642106223453,0.2576545550240685,0.478095322881724
51,2019,1580,24894024.7938,6.80626515932592,8.449156749508038,9.38795194389782,10.832194470947062,11.78908412286255,13.143132721456949,14.081927915846732,15.020723110236514,16.42891590182119,18.053594865232142,18.775903887795643,20.65349427657521,22.40223508487983,23.837311915752284,26.12104934235724,28.015977415279764,30.735244666700865,33.850607721709565,37.551807775591286,40.62072926605149,45.13422186187896,49.64771445770644,54.16120705353391,62.28530596698449,67.70145014221774,0.0160243568528682,0.2734119750573702,0.4707457378815909,0.0,0.0,0.0,6.80626515932592,7.25,7.25,False,6.929680349157739,1.9358136864753268,21.012101716627274,9.558179791941708,26396942.8318,0.0242084925770332,0.2706820827445332,0.4888068570522471
51,2020,1442,24383747.8218,6.722042183082018,8.915120308948522,9.99183913208758,11.126138785790928,12.814462593977469,13.90767348223866,14.264173512500042,15.853266680479177,17.616386410835634,18.721814658115573,21.001055125538446,23.1794558037311,24.96241954415409,26.74625191073173,28.974319754663878,31.99784462209965,34.769183705596646,37.889370251336885,40.56404765652943,44.57571607248116,48.94414252204129,53.49095200480061,57.94863950932775,66.86369000600077,66.86369000600077,0.0189602443307204,0.2198659203900937,0.4833219674115716,0.0,0.0,0.0,6.722042183082018,7.25,7.25,False,6.80626515932592,1.9178435349621694,22.40223508487983,9.38795194389782,24894024.7938,0.0160243568528682,0.2734119750573702,0.4707457378815909
51,2021,1348,23152846.6672,6.421439018772137,8.857157267271914,10.62814354334123,11.514304447453489,12.433735540258104,13.28573590090787,14.17145162763506,15.39528098330348,16.828598807816636,17.714314534543828,19.48574598799821,21.290880298906043,22.56870100380388,24.757899092232037,27.252635776901247,29.329678619406447,31.475689658245454,34.06595542351787,37.39129547934263,41.7307178936833,45.56320984323186,51.09658913622465,54.51009839463661,63.87361106186309,63.87361106186309,0.0185041350663344,0.2636550629062769,0.4879607931669635,0.0,0.0,0.0,6.421439018772137,7.25,7.25,False,6.722042183082018,1.9053920046599002,24.96241954415409,9.99183913208758,24383747.8218,0.0189602443307204,0.2198659203900937,0.4833219674115716
51,2022,1361,25472733.4649,7.34399295385634,9.842122364778527,10.662299228510072,11.536014123688885,12.30265295597316,12.91778560377182,13.811607376207828,14.763183547167792,16.40353727463088,17.223714138362425,19.04454262575609,20.5044215932886,22.08162170224436,23.65882181120012,25.425482775677864,27.833468871264404,29.573527264000145,31.545232444410782,35.48823271680018,39.43143803340551,42.58604329553296,47.31775111500194,52.53079195405524,59.14725957221624,59.14725957221624,0.0366052732222415,0.2559553650645319,0.5004105159175166,1.0,1.0,1.0,9.021945501046984,11.0,7.25,False,6.421439018772137,1.8596422388110472,22.56870100380388,10.62814354334123,23152846.6672,0.0185041350663344,0.2636550629062769,0.4879607931669635
53,2017,1896,24100318.6332,9.791303750664635,10.770434125731098,10.770434125731098,11.749564500797565,12.239129688330792,13.70782525093049,14.686955625996951,14.833825182256923,15.666086001063416,16.946298966462816,18.113911938729576,19.58260750132927,20.561737876395732,22.51999862652866,24.478259376661587,26.43652012679452,28.92045933813292,31.332172002126832,34.26956312732622,37.86232073518709,42.10260612785793,46.269160940671554,51.352895840372206,56.48821030756749,70.61023178051178,0.0334697996104002,0.3085192884942674,0.4773568386042727,1.0,1.0,1.0,10.770434125731098,11.0,7.25,False,9.47,2.248128907197987,21.0,10.546467380433588,24591021.3598,0.0354695686420685,0.2915342112597111,0.4822245541084124
53,2018,2045,26569903.0147,9.558179791941708,10.991906760732965,11.46981575033005,11.708770245128592,12.555396119233958,13.733424883191182,14.337269687912562,15.293087667106732,16.248905646300905,17.204723625495074,18.5746634373653,19.116359583883412,20.55008655267467,22.117359456688284,23.89544947985427,26.081318941465497,28.490544414830243,31.24784033031063,34.311316605126216,37.36846792508689,41.10017310534934,45.95262203122335,50.54795592069413,55.1432898101649,68.92905252408242,0.0580552277494798,0.3155930960290213,0.4708697778226068,0.0,0.0,1.0,10.991906760732965,11.5,7.25,False,10.770434125731098,2.3768047991517505,20.561737876395732,10.770434125731098,24100318.6332,0.0334697996104002,0.3085192884942674,0.4773568386042727
53,2019,2008,26905714.5215,10.326747138287605,11.265542332677386,11.734939929872276,12.67373512426206,13.61253031865184,14.081927915846732,15.020723110236514,15.796965331358072,16.706096310582634,17.602409894808414,18.775903887795643,19.50643638119005,20.684595065725027,22.53108466535477,24.40867505413433,27.040278429803816,28.88589364675636,31.635546698238045,33.938652789627575,36.91833536739575,40.62072926605149,45.13422186187896,49.569580146080845,55.821749437223495,67.70145014221774,0.0292695089168029,0.3136574960481486,0.4693607795551664,1.0,1.0,1.0,11.265542332677386,12.0,7.25,False,10.991906760732965,2.3971592529779477,20.55008655267467,11.46981575033005,26569903.0147,0.0580552277494798,0.3155930960290213,0.4708697778226068
53,2020,1850,26740417.2681,10.698075968376488,12.516906134014793,12.980495250089415,13.90767348223866,14.37126259831328,15.168163445054557,15.762029946537147,17.11700821500005,18.54356464298488,19.47074287513412,20.76336952526733,22.252277571581853,23.484877269234325,25.033812268029585,26.910251924647277,29.60080739523436,32.09450630040411,34.769183705596646,37.889370251336885,41.96339019072564,45.24176285935037,49.92483908830819,55.29305107309648,62.96046306788487,66.86369000600077,0.0483721969418582,0.2795243546560818,0.468750696820769,1.0,1.0,1.0,12.516906134014793,13.5,7.25,False,11.265542332677386,2.4217487158835866,20.684595065725027,11.734939929872276,26905714.5215,0.0292695089168029,0.3136574960481486,0.4693607795551664
53,2021,1767,26456399.8975,11.071446584089893,12.125448298895249,13.097071423511842,13.28573590090787,14.17145162763506,15.057167354362251,15.942883081089445,16.828598807816636,17.714314534543828,19.155773495827933,20.3714617147254,22.020781776372,23.028608894906974,25.33521748765555,26.57147180181574,28.78576111863372,31.000050435451698,33.21433975226967,36.19167430802165,39.85720770272361,42.87673332910967,48.71436496999552,53.22800194487815,63.87361106186309,63.87361106186309,0.0659271204531807,0.2834242779195577,0.4727778203973226,0.0,0.0,1.0,12.364591545111592,13.96,7.25,False,12.516906134014793,2.5270802212377004,23.484877269234325,12.980495250089415,26740417.2681,0.0483721969418582,0.2795243546560818,0.468750696820769
53,2022,1625,26972877.987400003,11.27743187630873,12.30265295597316,12.6240365036591,13.32787403563759,13.97881610363937,14.763183547167792,15.583360410899337,16.40353727463088,17.223714138362425,18.25811737540848,19.70001591140373,20.5044215932886,22.14152705162524,23.65882181120012,25.236171567318856,27.539736482495645,29.573527264000145,32.80707454926176,35.48823271680018,39.43143803340551,43.01618877979362,47.31780765777298,52.57534184196998,59.14725957221624,59.14725957221624,0.0310214948471894,0.2935299699386353,0.468334860962965,0.0,0.0,1.0,11.884362755470073,14.49,7.25,False,12.364591545111592,2.5148368672786905,23.028608894906974,13.097071423511842,26456399.8975,0.0659271204531807,0.2834242779195577,0.4727778203973226
54,2017,1464,3785033.8317,6.315011467142516,8.567390781831556,8.74317511982773,9.179347266248095,9.791303750664635,9.987440004389272,10.770434125731098,11.433775634261902,11.749564500797565,12.712543123067809,13.557039173170256,14.686955625996951,14.7987646859389,16.400433782363265,16.94637259234055,18.22965927116812,19.537213108358472,20.654141213306943,22.51999862652866,24.408187110702915,26.360448740248795,29.373911251993903,33.4221257877062,39.16521500265854,54.76554611118298,0.0541154327299642,0.4250462059879188,0.4852704602576935,0.0,0.0,1.0,8.567390781831556,8.75,7.25,False,8.75,2.169053700369523,15.885865682683422,8.75,3952390.8215,0.0704508866849163,0.4204991145509368,0.4767380205039777
54,2018,1530,4145340.6599,6.853696465345549,8.363407317948994,8.602361812747537,9.213850516974183,9.558179791941708,10.036088781538794,10.752952265934422,11.46981575033005,11.947724739927136,12.500189771476748,13.38145170871839,14.337269687912562,15.293087667106732,16.083310181405512,17.204723625495074,18.363764954537466,19.116359583883412,20.678644070876288,22.708972252033,23.89544947985427,26.571739821597948,28.80323237376133,33.06370303586874,38.434413068284194,51.98065897824363,0.0538456700698235,0.424245663139884,0.4814128994281838,0.0,0.0,1.0,8.363407317948994,8.75,7.25,False,8.567390781831556,2.147963226722903,14.7987646859389,8.74317511982773,3785033.8317,0.0541154327299642,0.4250462059879188,0.4852704602576935
54,2019,1497,4379426.0826,5.600211253922449,8.214457950910594,8.449156749508038,8.92360683370055,9.38795194389782,10.326747138287605,10.832053651667904,11.265542332677386,11.969638728469722,12.67373512426206,13.351703827306087,14.081927915846732,14.7959874616879,15.959518304626297,17.344568258413645,18.64170625042473,19.338921707455864,20.65349427657521,22.566993581540174,24.071543268771247,26.286265442913898,29.102651026083244,33.850607721709565,40.34004905130009,54.16119798949522,0.0590663124622091,0.46006961572093,0.4805997285722974,0.0,0.0,1.0,8.214457950910594,8.75,7.25,False,8.363407317948994,2.123865917978266,15.293087667106732,8.602361812747537,4145340.6599,0.0538456700698235,0.424245663139884,0.4814128994281838
54,2020,1315,4402906.7288,7.209229648279399,8.112809531305885,9.27178232149244,9.27178232149244,10.198960553641683,10.695131030745651,11.58972790186555,12.27677209342116,13.376208126199591,13.90767348223866,14.834851714387902,15.762029946537147,16.68920817868639,17.697146035351196,18.54356464298488,19.47074287513412,20.616532553582854,22.156888078236985,23.1794558037311,25.027474980965447,27.10311378888076,29.55243999452661,33.877474728425206,39.05727175141324,53.49095200480061,0.0371095333297081,0.4248692795747329,0.4911929278568731,0.0,0.0,1.0,8.112809531305885,8.75,7.25,False,8.214457950910594,2.1058957664651095,14.7959874616879,8.449156749508038,4379426.0826,0.0590663124622091,0.46006961572093,0.4805997285722974
54,2021,1298,4732036.6312,6.956480725966778,7.971441540544722,8.857157267271914,8.857157267271914,9.964301925680903,10.628588720726295,11.514304447453489,12.400020174180678,13.21448593701644,13.548607225157289,14.39288055931686,15.269982229948887,15.942883081089445,17.03290390211504,17.714314534543828,19.16201688987942,20.439480938387607,22.142893168179786,23.028608894906974,24.69774018192437,26.96323871105059,29.807655638345217,33.6294033937541,42.0944389857632,53.21638068581968,0.0320886744618233,0.4067452617990207,0.4905716796218701,0.0,0.0,1.0,7.750012608862924,8.75,7.25,False,8.112809531305885,2.09344423616284,16.68920817868639,9.27178232149244,4402906.7288,0.0371095333297081,0.4248692795747329,0.4911929278568731
54,2022,1152,4236818.3188000005,7.17654755765101,8.20176863731544,8.611857069181212,9.842122364778527,10.2522107966443,11.482476092241615,12.30265295597316,12.357797637327073,13.122829819704704,13.8985291618989,14.35309511530202,15.348016515731066,16.23284180093539,17.037177536201906,17.87985562934766,18.86406786582551,20.066624375309686,21.217113500141668,23.375040616349004,24.67621762201297,27.602027127805453,31.166720821798677,36.28768683589709,42.6638304307786,57.4177860783572,0.0173062640837446,0.4252436112979921,0.4781573652593601,0.0,0.0,1.0,7.17654755765101,8.75,7.25,False,7.750012608862924,2.0476944703139868,15.942883081089445,8.857157267271914,4732036.6312,0.0320886744618233,0.4067452617990207,0.4905716796218701
55,2017,1730,23431476.3146,6.821429334950128,8.077825594298323,9.301738563131403,9.791303750664635,10.770434125731098,11.749564500797565,12.675918009009589,13.463042657163871,14.19739043846372,14.686955625996951,15.666086001063416,16.679782777378897,17.624346751196345,18.829166677715627,19.58260750132927,21.08890167033152,22.51999862652866,23.985564957652134,25.65443239837036,27.41565050186098,30.591595421261243,33.89279375900065,37.65882292061879,44.43960589008908,56.48818542440943,0.0200732491365441,0.3420227108526861,0.4937404411642381,0.0,0.0,0.0,7.09869521923186,7.25,7.25,False,7.25,1.9810014688665833,17.5,9.0,23072006.7924,0.0170972521701033,0.3305982270000261,0.5082604390859827
55,2018,1712,24061833.1967,6.929680349157739,8.124452823150452,9.558179791941708,9.622967336778128,10.824371379471923,11.70327919203843,12.42563372952422,13.38145170871839,14.21406836488026,14.58526748827098,15.332676119862056,16.248905646300905,17.433814312322937,18.68559986824719,19.833223068279043,21.04862014223492,22.516217450891787,23.89544947985427,26.02511728738413,28.40708412673788,30.586175334213465,33.453629271795975,36.7621932067766,43.65507456373536,55.14324201926594,0.0165752051159052,0.3453650326999899,0.5034374922381785,0.0,0.0,0.0,6.929680349157739,7.25,7.25,False,7.09869521923186,1.9599109952199634,17.624346751196345,9.301738563131403,23431476.3146,0.0200732491365441,0.3420227108526861,0.4937404411642381
55,2019,1536,22440970.0059,7.033372751341457,8.449156749508038,9.38795194389782,10.365051000947869,11.438688711054764,12.204337527067167,13.143132721456949,14.081927915846732,14.54646204384275,15.482882364991958,16.203325385324085,16.93432776701285,18.19684482828101,18.975925359999007,20.65168275499085,21.794850143090905,23.46132159431912,24.823857228853218,27.08048617736765,28.482753136610874,30.98024141486281,33.850607721709565,38.27862158362306,45.13422186187896,56.72896113149898,0.0130155025127349,0.3281064263293509,0.5094752498752994,0.0,0.0,0.0,6.80626515932592,7.25,7.25,False,6.929680349157739,1.9358136864753268,17.433814312322937,9.558179791941708,24061833.1967,0.0165752051159052,0.3453650326999899,0.5034374922381785
55,2020,1426,22343175.0894,7.417425857193951,9.27178232149244,10.27205409958541,11.497010078650623,12.28511157597748,13.212130922655207,13.90767348223866,14.603057156350593,15.298440830462525,16.22561906261177,17.14777310065354,18.25156583467168,19.007153759059506,20.059037463432816,20.95051933364432,22.044758225440816,23.1794558037311,24.39578247355537,26.69296476576133,28.30367113679744,31.20302443019262,34.59812173080807,38.6689572610536,44.57576113261478,57.94863950932775,0.0125789671958188,0.3134683113960273,0.4842330023333555,0.0,0.0,0.0,6.722042183082018,7.25,7.25,False,6.80626515932592,1.9178435349621694,18.19684482828101,9.38795194389782,22440970.0059,0.0130155025127349,0.3281064263293509,0.5094752498752994
55,2021,1417,22827088.0701,6.642867950453935,8.857157267271914,10.307938986993811,11.081348346438697,12.400020174180678,13.28573590090787,14.17145162763506,14.977075732218683,15.942883081089445,16.38574094445304,17.271456671180232,18.22974405157206,19.48574598799821,20.3714617147254,21.25717744145259,22.142893168179786,23.33823971895938,24.80004034836136,26.57147180181574,28.342903255270123,30.659271309593407,34.06595542351787,37.850963168828,44.28578633635957,56.77654316610052,0.0141473769237788,0.3379663118663475,0.4775041875480111,0.0,0.0,0.0,6.421439018772137,7.25,7.25,False,6.722042183082018,1.9053920046599002,19.007153759059506,10.27205409958541,22343175.0894,0.0125789671958188,0.3134683113960273,0.4842330023333555
55,2022,1395,23270370.601,7.17654755765101,9.021945501046984,10.194962616506407,11.482476092241615,12.30265295597316,13.122829819704704,13.943006683436248,14.763183547167792,15.37831619496645,16.40353727463088,16.561216276683272,17.52795508480777,18.86406786582551,19.715616494594787,20.5044215932886,22.08162170224436,23.456580687976277,24.7861705963543,26.253486512793728,28.04020661725403,30.7566323899329,33.51673258060548,38.55253026290991,43.00066946525718,55.204054255610906,0.0084093020371403,0.3224338705752097,0.484653751419642,0.0,0.0,0.0,5.946282262053694,7.25,7.25,False,6.421439018772137,1.8596422388110472,19.48574598799821,10.307938986993811,22827088.0701,0.0141473769237788,0.3379663118663475,0.4775041875480111
56,2017,1444,1755619.7174,6.853912625465245,8.077825594298323,9.301738563131403,9.791303750664635,10.770434125731098,11.749564500797565,12.239129688330792,13.004801785229898,14.082640049458991,14.686955625996951,15.666086001063416,16.64521637612988,17.624346751196345,18.603477126262806,19.58260750132927,21.29608565769558,22.92971003070773,24.478259376661587,25.8904101601012,27.660567210687187,29.4525432957734,31.996142506121974,35.24869350239269,40.00737553070795,48.95651875332317,0.0209514993682537,0.3806451301365408,0.4627687405466137,0.0,0.0,0.0,7.09869521923186,7.25,7.25,False,7.25,1.9810014688665833,17.301376423824166,9.0,1885696.3427,0.0256990930101781,0.3712874012353039,0.4628380615355796
56,2018,1349,1723684.2563,5.669194242929361,8.592933683430548,9.080270802344623,9.558179791941708,10.51399777113588,11.46981575033005,11.947724739927136,12.72092667602852,13.785762713917524,14.337269687912562,15.293087667106732,16.248905646300905,16.79302797608315,18.236045902817168,19.116359583883412,20.43733900961397,21.98381352146593,23.17352774596727,24.85126745904844,26.76290341743678,28.674539375825123,30.586175334213465,33.59360242961013,38.55721250078811,47.97812195524494,0.0208133187205696,0.4006830455610979,0.4573861597438551,0.0,0.0,0.0,6.929680349157739,7.25,7.25,False,7.09869521923186,1.9599109952199634,17.624346751196345,9.301738563131403,1755619.7174,0.0209514993682537,0.3806451301365408,0.4627687405466137
56,2019,1333,1800718.2569,6.777031035822242,8.449156749508038,9.38795194389782,10.326747138287605,11.265542332677386,11.969638728469722,12.998558261520923,14.081927915846732,14.442894668089604,15.436633702535016,15.959518304626297,16.898313499016076,18.053570384584607,18.775903887795643,19.85907826275594,21.59228947096499,22.566993581540174,23.46987985974455,24.885718879114105,27.08048617736765,28.454882341954296,30.98024141486281,33.7253650454825,37.551807775591286,49.30250053218286,0.0198078380464716,0.3960449497123106,0.4663118787641809,0.0,0.0,0.0,6.80626515932592,7.25,7.25,False,6.929680349157739,1.9358136864753268,16.79302797608315,9.080270802344623,1723684.2563,0.0208133187205696,0.4006830455610979,0.4573861597438551
56,2020,1234,1753439.1441000002,6.855099557920237,8.808193205417817,9.691736093136427,10.690238872507187,11.126138785790928,12.053317017940172,13.13661815253969,13.90767348223866,14.834851714387902,15.298440830462525,16.426132152069684,17.199156206368475,18.54356464298488,19.47074287513412,20.50477839853857,21.84200120385581,23.1794558037311,24.26722781927513,25.99669882871835,27.81534696447732,30.133292544850427,32.45123812522354,35.23277282167127,41.13924504441928,53.49095200480061,0.0181223187054547,0.3525011733539523,0.4949958463174929,0.0,0.0,0.0,6.722042183082018,7.25,7.25,False,6.80626515932592,1.9178435349621694,18.053570384584607,9.38795194389782,1800718.2569,0.0198078380464716,0.3960449497123106,0.4663118787641809
56,2021,1150,1735639.3745,6.421439018772137,8.414299403908318,9.285314540172234,10.219609483910014,11.071446584089893,11.808765370919684,12.842878037544274,13.28573590090787,14.425516705502632,15.254721420794688,15.942883081089445,16.828598807816636,17.714314534543828,18.60003026127102,20.3714617147254,21.898574961632235,22.99450883942798,24.35718248499776,26.019898617059937,27.67861646022473,29.99302332232971,31.92298818502032,35.428629069087656,40.8750722158785,51.35131760395458,0.0188315858007172,0.3780658913600834,0.4670992561075941,0.0,0.0,0.0,6.421439018772137,7.25,7.25,False,6.722042183082018,1.9053920046599002,18.54356464298488,9.691736093136427,1753439.1441000002,0.0181223187054547,0.3525011733539523,0.4949958463174929
56,2022,1078,1768728.6178,6.561414909852352,8.20176863731544,9.463405697950488,10.2522107966443,11.265345088264777,12.150898198954383,12.30265295597316,13.122829819704704,13.943006683436248,14.763183547167792,15.583360410899337,16.40353727463088,17.223714138362425,18.043891002093968,19.412875570807053,20.5044215932886,21.872418016164083,23.256049883393345,24.60530591194632,26.191014936549227,28.36451457526544,30.7566323899329,35.08551931686293,39.586603565980745,52.57534184196998,0.0126608521367477,0.3838831475710179,0.4681557696114753,0.0,0.0,0.0,5.946282262053694,7.25,7.25,False,6.421439018772137,1.8596422388110472,17.714314534543828,9.285314540172234,1735639.3745,0.0188315858007172,0.3780658913600834,0.4670992561075941
