paper_dgp,dgp,n_train,n_grid,n_particles,method,metric,target_id,mean,mc_sd,n_replications,mc_se
LS0,IC0,125,25,10,causal_drf,arm_energy_risk,LAW-A-M-K,0.15011932451911575,0.015515895034050098,20,0.0034694596027887432
LS0,IC0,125,25,10,causal_drf,barycenter_rmse,MEANQ-A-K,0.4381877775568686,0.02195875564114143,20,0.004910127031489922
LS0,IC0,125,25,10,causal_drf,diagnostic_effective_support,NONE_OPERATIONAL,50.554327556036334,1.3071317376053324,10,0.41335134927264183
LS0,IC0,125,25,10,causal_drf,kernel_law_error,LAW-A-K,0.11359023847571532,0.012211561892015275,20,0.00273058825019921
LS0,IC0,125,25,10,causal_drf,mean_quantile_rmse,MEANQ-A-K,0.2858401332594508,0.06265316582262098,10,0.019812670661969935
LS0,IC0,125,25,10,causal_drf,mode_coverage,LAW-A-K,1.0,0.0,20,0.0
LS0,IC0,125,25,10,causal_drf,peak_ram,NONE_OPERATIONAL,270.69529,0.15352696795315005,10,0.0485494900991633
LS0,IC0,125,25,10,causal_drf,process_peak_ram,NONE_OPERATIONAL,743.891015625,188.41764296973707,10,59.58289031447812
LS0,IC0,125,25,10,causal_drf,reference_effect_rmse,REF-ATE-K,0.24453923079461548,0.05306514773983111,10,0.01678067312312025
LS0,IC0,125,25,10,causal_drf,reference_tcate_rmse,REF-TCATE-K,0.244715808552128,0.05298570968523173,10,0.01675555260457756
LS0,IC0,125,25,10,causal_drf,runtime,NONE_OPERATIONAL,4.402299999999999,0.8468684864448157,10,0.26780332957850483
LS0,IC0,125,25,10,causal_drf,tail_calibration,LAW-A-K,2.934405633540335e-05,1.4404177339701885e-05,20,3.220871969153549e-06
LS0,IC0,125,25,10,causal_drf,tate_functional_rmse,TATE-K-grid_mean,0.2795370181657674,0.06296960794578833,10,0.019912738447652772
LS0,IC0,125,25,10,causal_drf,tate_functional_rmse,TATE-K-grid_sd,0.026400001773517638,0.011136352910519126,10,0.003521624002468574
LS0,IC0,125,25,10,causal_drf,tate_functional_rmse,TATE-K-grid_skewness,0.09549770701647801,0.03222599794917752,10,0.010190755339131607
LS0,IC0,125,25,10,causal_drf,tate_functional_rmse,TATE-K-grid_upper_tail_mean,0.279500871106811,0.07200105043699666,10,0.022768731330557124
LS0,IC0,125,25,10,causal_drf,tcate_functional_rmse,TCATE-K-grid_mean,0.2796939784539937,0.06284638491682396,10,0.019873771904481537
LS0,IC0,125,25,10,causal_drf,tcate_functional_rmse,TCATE-K-grid_sd,0.026740005279392215,0.011011622933473434,10,0.0034821809204720836
LS0,IC0,125,25,10,causal_drf,tcate_functional_rmse,TCATE-K-grid_skewness,0.09558677751870312,0.03207328850566116,10,0.010142464372958753
LS0,IC0,125,25,10,causal_drf,tcate_functional_rmse,TCATE-K-grid_upper_tail_mean,0.27963579118169546,0.07184325988163635,10,0.02271883357573698
LS0,IC0,125,25,10,cwdb_dr,arm_energy_risk,LAW-A-M-K,0.07163576501985268,0.010120974553262656,20,0.0022631187099640864
LS0,IC0,125,25,10,cwdb_dr,barycenter_rmse,MEANQ-A-K,0.2040616201380699,0.016707075605760305,20,0.0037358156759708517
LS0,IC0,125,25,10,cwdb_dr,diagnostic_dense_dr_n_levels,NONE_OPERATIONAL,199.0,0.0,10,0.0
LS0,IC0,125,25,10,cwdb_dr,diagnostic_dr_if_se_reference,NONE_OPERATIONAL,0.06112029521085129,0.026754752870366064,10,0.008460595730528443
LS0,IC0,125,25,10,cwdb_dr,diagnostic_effective_support,NONE_OPERATIONAL,9.999999999999998,0.0,10,0.0
LS0,IC0,125,25,10,cwdb_dr,diagnostic_ehat_mean,NONE_OPERATIONAL,0.5027962253350566,0.06183461398054774,10,0.019553821841582143
LS0,IC0,125,25,10,cwdb_dr,diagnostic_n_boosting_steps,NONE_OPERATIONAL,100.0,0.0,10,0.0
LS0,IC0,125,25,10,cwdb_dr,diagnostic_selected_contrast_shrinkage,NONE_OPERATIONAL,135.0,193.00259065618783,10,61.032778078668514
LS0,IC0,125,25,10,cwdb_dr,diagnostic_train_risk,NONE_OPERATIONAL,0.024495217809270962,0.00279901456677756,10,0.0008851261235006552
LS0,IC0,125,25,10,cwdb_dr,kernel_law_error,LAW-A-K,0.02997250820529528,0.005913597933797729,20,0.0013223206971574022
LS0,IC0,125,25,10,cwdb_dr,mean_quantile_rmse,MEANQ-A-K,0.054550566018491654,0.054954030639658584,10,0.017377990342800097
LS0,IC0,125,25,10,cwdb_dr,mode_coverage,LAW-A-K,1.0,0.0,20,0.0
LS0,IC0,125,25,10,cwdb_dr,peak_ram,NONE_OPERATIONAL,0.0,0.0,10,0.0
LS0,IC0,125,25,10,cwdb_dr,process_peak_ram,NONE_OPERATIONAL,743.891015625,188.41764296973707,10,59.58289031447812
LS0,IC0,125,25,10,cwdb_dr,reference_effect_rmse,REF-ATE-K,0.05827337051889984,0.04069983329564659,10,0.012870417360340038
LS0,IC0,125,25,10,cwdb_dr,reference_tcate_rmse,REF-TCATE-K,0.12938296893046775,0.07693660923277215,10,0.024329492062589962
LS0,IC0,125,25,10,cwdb_dr,runtime,NONE_OPERATIONAL,42.526583294200066,7.688092404034389,10,2.431188285858816
LS0,IC0,125,25,10,cwdb_dr,tail_calibration,LAW-A-K,2.9344056335406597e-05,1.4404177339702886e-05,20,3.220871969153773e-06
LS0,IC0,125,25,10,cwdb_dr,tate_functional_rmse,TATE-K-grid_mean,0.06724920491552767,0.04325841369055428,10,0.013679511522796178
LS0,IC0,125,25,10,cwdb_dr,tate_functional_rmse,TATE-K-grid_sd,0.03326474173143973,0.023764493739444562,10,0.007514992765745685
LS0,IC0,125,25,10,cwdb_dr,tate_functional_rmse,TATE-K-grid_skewness,0.016521569915734613,0.014028387911030987,10,0.004436165769922945
LS0,IC0,125,25,10,cwdb_dr,tate_functional_rmse,TATE-K-grid_upper_tail_mean,0.07456111507758398,0.03878835354776815,10,0.012265954389882011
LS0,IC0,125,25,10,cwdb_dr,tcate_functional_rmse,TCATE-K-grid_mean,0.14268963073140659,0.08405674045551063,10,0.02658107525290329
LS0,IC0,125,25,10,cwdb_dr,tcate_functional_rmse,TCATE-K-grid_sd,0.07385840049528389,0.04403466625342749,10,0.013924984136618416
LS0,IC0,125,25,10,cwdb_dr,tcate_functional_rmse,TCATE-K-grid_skewness,0.04111398022143907,0.027388554831240232,10,0.008661021508712771
LS0,IC0,125,25,10,cwdb_dr,tcate_functional_rmse,TCATE-K-grid_upper_tail_mean,0.14749865600612594,0.08101610947249771,10,0.025619543309863532
LS0,IC0,125,25,10,drf,arm_energy_risk,LAW-A-M-K,0.1930650715833011,0.01965223073492506,20,0.004394372383280308
LS0,IC0,125,25,10,drf,barycenter_rmse,MEANQ-A-K,0.5235098424387405,0.019616485707272913,20,0.004386379552111528
LS0,IC0,125,25,10,drf,diagnostic_effective_support,NONE_OPERATIONAL,61.100212522937895,0.1704416103153019,10,0.053898369666320355
LS0,IC0,125,25,10,drf,kernel_law_error,LAW-A-K,0.1520156987006644,0.015367114785193536,20,0.0034361913277734823
LS0,IC0,125,25,10,drf,mean_quantile_rmse,MEANQ-A-K,0.2979520572615133,0.08431355814374861,10,0.026662288136728392
LS0,IC0,125,25,10,drf,mode_coverage,LAW-A-K,0.999,0.0026157418189029845,20,0.0005848976518656018
LS0,IC0,125,25,10,drf,peak_ram,NONE_OPERATIONAL,253.01,2.546653577627799,10,0.8053225716720268
LS0,IC0,125,25,10,drf,process_peak_ram,NONE_OPERATIONAL,743.891015625,188.41764296973707,10,59.58289031447812
LS0,IC0,125,25,10,drf,reference_effect_rmse,REF-ATE-K,0.25704985627309085,0.07117765878027653,10,0.022508352026395614
LS0,IC0,125,25,10,drf,reference_tcate_rmse,REF-TCATE-K,0.25704985627309085,0.07117765878027651,10,0.02250835202639561
LS0,IC0,125,25,10,drf,runtime,NONE_OPERATIONAL,4.9702,0.6251559449893728,10,0.19769166789613457
LS0,IC0,125,25,10,drf,tail_calibration,LAW-A-K,2.934405633540804e-05,1.4404177339689716e-05,20,3.2208719691508284e-06
LS0,IC0,125,25,10,drf,tate_functional_rmse,TATE-K-grid_mean,0.29477963874685426,0.08446990590791119,10,0.026711729640911255
LS0,IC0,125,25,10,drf,tate_functional_rmse,TATE-K-grid_sd,0.02786814632123442,0.011852662559487883,10,0.0037481410025382695
LS0,IC0,125,25,10,drf,tate_functional_rmse,TATE-K-grid_skewness,0.1016838899526183,0.036328546625611434,10,0.011488095142055638
LS0,IC0,125,25,10,drf,tate_functional_rmse,TATE-K-grid_upper_tail_mean,0.2953866909039671,0.09402458925583673,10,0.02973318581102403
LS0,IC0,125,25,10,drf,tcate_functional_rmse,TCATE-K-grid_mean,0.2947796387468542,0.08446990590791117,10,0.02671172964091125
LS0,IC0,125,25,10,drf,tcate_functional_rmse,TCATE-K-grid_sd,0.02786814632123442,0.011852662559487883,10,0.0037481410025382695
LS0,IC0,125,25,10,drf,tcate_functional_rmse,TCATE-K-grid_skewness,0.1016838899526183,0.036328546625611434,10,0.011488095142055638
LS0,IC0,125,25,10,drf,tcate_functional_rmse,TCATE-K-grid_upper_tail_mean,0.2953866909039671,0.09402458925583673,10,0.02973318581102403
LS0,IC0,250,25,10,causal_drf,arm_energy_risk,LAW-A-M-K,0.12238312092555108,0.011300548105383994,20,0.0025268793746645066
LS0,IC0,250,25,10,causal_drf,barycenter_rmse,MEANQ-A-K,0.3792270364617982,0.01630374575832644,20,0.003645628380349178
LS0,IC0,250,25,10,causal_drf,diagnostic_effective_support,NONE_OPERATIONAL,74.06822077404128,2.474504135045533,10,0.7825069146248766
LS0,IC0,250,25,10,causal_drf,kernel_law_error,LAW-A-K,0.08989850906077086,0.009628558584216202,20,0.002153011151964656
LS0,IC0,250,25,10,causal_drf,mean_quantile_rmse,MEANQ-A-K,0.2877423993614083,0.04244398189476833,10,0.013421965575441704
LS0,IC0,250,25,10,causal_drf,mode_coverage,LAW-A-K,1.0,0.0,20,0.0
LS0,IC0,250,25,10,causal_drf,peak_ram,NONE_OPERATIONAL,288.50194999999997,0.11045162088242721,10,0.03492786932458868
LS0,IC0,250,25,10,causal_drf,process_peak_ram,NONE_OPERATIONAL,871.140234375,103.0768378178492,10,32.59575815121836
LS0,IC0,250,25,10,causal_drf,reference_effect_rmse,REF-ATE-K,0.23561006148574487,0.040745350364777666,10,0.012884811121426993
LS0,IC0,250,25,10,causal_drf,reference_tcate_rmse,REF-TCATE-K,0.23607108030249116,0.04040745809659689,10,0.012777960204305824
LS0,IC0,250,25,10,causal_drf,runtime,NONE_OPERATIONAL,7.4205,1.9593695272828056,10,0.6196070484141093
LS0,IC0,250,25,10,causal_drf,tail_calibration,LAW-A-K,2.9344056335405933e-05,1.4404177339705474e-05,20,3.220871969154352e-06
LS0,IC0,250,25,10,causal_drf,tate_functional_rmse,TATE-K-grid_mean,0.2786055271646774,0.04190387370944215,10,0.013251168370588599
LS0,IC0,250,25,10,causal_drf,tate_functional_rmse,TATE-K-grid_sd,0.01817095704795422,0.006760751373115644,10,0.0021379373033156295
LS0,IC0,250,25,10,causal_drf,tate_functional_rmse,TATE-K-grid_skewness,0.10395776859223856,0.023475284490387566,10,0.0074235367710049835
LS0,IC0,250,25,10,causal_drf,tate_functional_rmse,TATE-K-grid_upper_tail_mean,0.2800198204986382,0.042090084859196596,10,0.013310053506482874
LS0,IC0,250,25,10,causal_drf,tcate_functional_rmse,TCATE-K-grid_mean,0.2791033202870108,0.04155723669732634,10,0.013141552122628464
LS0,IC0,250,25,10,causal_drf,tcate_functional_rmse,TCATE-K-grid_sd,0.01836186852579082,0.0068817354534498314,10,0.002176195828763311
LS0,IC0,250,25,10,causal_drf,tcate_functional_rmse,TCATE-K-grid_skewness,0.1040937805536128,0.023504481037466857,10,0.007432769529863273
LS0,IC0,250,25,10,causal_drf,tcate_functional_rmse,TCATE-K-grid_upper_tail_mean,0.28051544345101764,0.041773944471705786,10,0.013210081137998956
LS0,IC0,250,25,10,cwdb_dr,arm_energy_risk,LAW-A-M-K,0.06486831800628984,0.004113934670453725,20,0.0009199037578127725
LS0,IC0,250,25,10,cwdb_dr,barycenter_rmse,MEANQ-A-K,0.18764165876687564,0.01142805105037561,20,0.0025553898998977734
LS0,IC0,250,25,10,cwdb_dr,diagnostic_dense_dr_n_levels,NONE_OPERATIONAL,199.0,0.0,10,0.0
LS0,IC0,250,25,10,cwdb_dr,diagnostic_dr_if_se_reference,NONE_OPERATIONAL,0.036205058147814995,0.0048593057434735,10,0.0015366473996514145
LS0,IC0,250,25,10,cwdb_dr,diagnostic_effective_support,NONE_OPERATIONAL,9.999999999999998,0.0,10,0.0
LS0,IC0,250,25,10,cwdb_dr,diagnostic_ehat_mean,NONE_OPERATIONAL,0.503826897479165,0.024579093346814268,10,0.0077725917797824
LS0,IC0,250,25,10,cwdb_dr,diagnostic_n_boosting_steps,NONE_OPERATIONAL,100.0,0.0,10,0.0
LS0,IC0,250,25,10,cwdb_dr,diagnostic_selected_contrast_shrinkage,NONE_OPERATIONAL,170.0,228.76479915697988,10,72.34178138070236
LS0,IC0,250,25,10,cwdb_dr,diagnostic_train_risk,NONE_OPERATIONAL,0.027752602500311807,0.0031314650854046976,10,0.000990256208317254
LS0,IC0,250,25,10,cwdb_dr,kernel_law_error,LAW-A-K,0.025505224115757025,0.002936315932906681,20,0.000656580202939505
LS0,IC0,250,25,10,cwdb_dr,mean_quantile_rmse,MEANQ-A-K,0.07394176603020562,0.06411038807331211,10,0.020273484798896017
LS0,IC0,250,25,10,cwdb_dr,mode_coverage,LAW-A-K,1.0,0.0,20,0.0
LS0,IC0,250,25,10,cwdb_dr,peak_ram,NONE_OPERATIONAL,0.0,0.0,10,0.0
LS0,IC0,250,25,10,cwdb_dr,process_peak_ram,NONE_OPERATIONAL,871.140234375,103.0768378178492,10,32.59575815121836
LS0,IC0,250,25,10,cwdb_dr,reference_effect_rmse,REF-ATE-K,0.030963230473030977,0.026453167314991467,10,0.008365226004089387
LS0,IC0,250,25,10,cwdb_dr,reference_tcate_rmse,REF-TCATE-K,0.06665073872316064,0.027389771801477246,10,0.008661406348492131
LS0,IC0,250,25,10,cwdb_dr,runtime,NONE_OPERATIONAL,79.862919702,17.73905609919273,10,5.6095820814950805
LS0,IC0,250,25,10,cwdb_dr,tail_calibration,LAW-A-K,0.0001287370971027536,0.0003085804793087868,20,6.900069282639146e-05
LS0,IC0,250,25,10,cwdb_dr,tate_functional_rmse,TATE-K-grid_mean,0.03926056964054169,0.03121673645889108,10,0.009871598832731502
LS0,IC0,250,25,10,cwdb_dr,tate_functional_rmse,TATE-K-grid_sd,0.016429371227114072,0.0082516327698473,10,0.0026093953968001444
LS0,IC0,250,25,10,cwdb_dr,tate_functional_rmse,TATE-K-grid_skewness,0.013001224844961462,0.009551145435597864,10,0.0030203373840010307
LS0,IC0,250,25,10,cwdb_dr,tate_functional_rmse,TATE-K-grid_upper_tail_mean,0.040148070348631396,0.030485839240550063,10,0.0096404688381876
LS0,IC0,250,25,10,cwdb_dr,tcate_functional_rmse,TCATE-K-grid_mean,0.0786280246886303,0.034829474718957476,10,0.011014046981915855
LS0,IC0,250,25,10,cwdb_dr,tcate_functional_rmse,TCATE-K-grid_sd,0.04355780507908265,0.014732027331214186,10,0.004658676091848861
LS0,IC0,250,25,10,cwdb_dr,tcate_functional_rmse,TCATE-K-grid_skewness,0.026213075389018875,0.010898308052102748,10,0.0034463476086797683
LS0,IC0,250,25,10,cwdb_dr,tcate_functional_rmse,TCATE-K-grid_upper_tail_mean,0.08965430914709878,0.026712303364130448,10,0.008447172018003036
LS0,IC0,250,25,10,drf,arm_energy_risk,LAW-A-M-K,0.17065571773026142,0.013807418390852847,20,0.0030874326115727722
LS0,IC0,250,25,10,drf,barycenter_rmse,MEANQ-A-K,0.48292980461161433,0.01657702811898319,20,0.003706736173897188
LS0,IC0,250,25,10,drf,diagnostic_effective_support,NONE_OPERATIONAL,117.00724439774349,1.2940189461985436,10,0.4092047205398282
LS0,IC0,250,25,10,drf,kernel_law_error,LAW-A-K,0.13297536803000037,0.011515701430640964,20,0.002574989120750477
LS0,IC0,250,25,10,drf,mean_quantile_rmse,MEANQ-A-K,0.2985295054445561,0.04735456365214986,10,0.014974827874421502
LS0,IC0,250,25,10,drf,mode_coverage,LAW-A-K,0.99975,0.0011180339887498954,20,0.0002500000000000001
LS0,IC0,250,25,10,drf,peak_ram,NONE_OPERATIONAL,313.33,13.471702853677318,10,4.260126497861038
LS0,IC0,250,25,10,drf,process_peak_ram,NONE_OPERATIONAL,871.140234375,103.0768378178492,10,32.59575815121836
LS0,IC0,250,25,10,drf,reference_effect_rmse,REF-ATE-K,0.24844985978093437,0.042999438907582656,10,0.013597616505722365
LS0,IC0,250,25,10,drf,reference_tcate_rmse,REF-TCATE-K,0.2484761688662252,0.043001439466194516,10,0.013598249137902979
LS0,IC0,250,25,10,drf,runtime,NONE_OPERATIONAL,8.3524,1.550997542801979,10,0.4904684880578748
LS0,IC0,250,25,10,drf,tail_calibration,LAW-A-K,2.9344056335399686e-05,1.4404177339710685e-05,20,3.220871969155517e-06
LS0,IC0,250,25,10,drf,tate_functional_rmse,TATE-K-grid_mean,0.29301188836822,0.0472793348598321,10,0.014951038441486713
LS0,IC0,250,25,10,drf,tate_functional_rmse,TATE-K-grid_sd,0.018403501123638956,0.008639863225440903,10,0.0027321646464722083
LS0,IC0,250,25,10,drf,tate_functional_rmse,TATE-K-grid_skewness,0.11059915667405566,0.025012503812715838,10,0.00790964820318277
LS0,IC0,250,25,10,drf,tate_functional_rmse,TATE-K-grid_upper_tail_mean,0.29481721246195586,0.04835978850527644,10,0.015292707884070326
LS0,IC0,250,25,10,drf,tcate_functional_rmse,TCATE-K-grid_mean,0.2930391069064625,0.047277089535096996,10,0.014950328407461749
LS0,IC0,250,25,10,drf,tcate_functional_rmse,TCATE-K-grid_sd,0.018413840165575547,0.008634532577550456,10,0.0027304789475983897
LS0,IC0,250,25,10,drf,tcate_functional_rmse,TCATE-K-grid_skewness,0.11060709453842692,0.025026636295145992,10,0.00791411728652993
LS0,IC0,250,25,10,drf,tcate_functional_rmse,TCATE-K-grid_upper_tail_mean,0.2948448753394605,0.04836054528991449,10,0.015292947200385773
LS0,IC0,500,25,10,causal_drf,arm_energy_risk,LAW-A-M-K,0.09283070168523837,0.00857514893290802,20,0.0019174615931167114
LS0,IC0,500,25,10,causal_drf,barycenter_rmse,MEANQ-A-K,0.31505711065323566,0.016190414644973002,20,0.0036202867730067757
LS0,IC0,500,25,10,causal_drf,diagnostic_effective_support,NONE_OPERATIONAL,101.64307932392623,3.5918437962532184,10,1.1358407395705936
LS0,IC0,500,25,10,causal_drf,kernel_law_error,LAW-A-K,0.065116315270559,0.006597748166071089,20,0.0014753013397759526
LS0,IC0,500,25,10,causal_drf,mean_quantile_rmse,MEANQ-A-K,0.23221811405447382,0.036861827124737054,10,0.011656733242954478
LS0,IC0,500,25,10,causal_drf,mode_coverage,LAW-A-K,1.0,0.0,20,0.0
LS0,IC0,500,25,10,causal_drf,peak_ram,NONE_OPERATIONAL,318.50782,1.9546812316419633,10,0.6181244791571793
LS0,IC0,500,25,10,causal_drf,process_peak_ram,NONE_OPERATIONAL,758.7234375,182.93524883590865,10,57.84920506511374
LS0,IC0,500,25,10,causal_drf,reference_effect_rmse,REF-ATE-K,0.1866962934171949,0.03437741266977291,10,0.010871092410001226
LS0,IC0,500,25,10,causal_drf,reference_tcate_rmse,REF-TCATE-K,0.18683984306251925,0.03419147173447978,10,0.010812292723422398
LS0,IC0,500,25,10,causal_drf,runtime,NONE_OPERATIONAL,13.2643,2.08286085575692,10,0.6586584353399302
LS0,IC0,500,25,10,causal_drf,tail_calibration,LAW-A-K,0.0002325403440769972,0.0009144071201090338,20,0.00020446764796736144
LS0,IC0,500,25,10,causal_drf,tate_functional_rmse,TATE-K-grid_mean,0.2259474573748017,0.0375401734066264,10,0.011871245172262176
LS0,IC0,500,25,10,causal_drf,tate_functional_rmse,TATE-K-grid_sd,0.007758799563650859,0.005645889564901731,10,0.0017853870442866512
LS0,IC0,500,25,10,causal_drf,tate_functional_rmse,TATE-K-grid_skewness,0.08319573674181381,0.010569388754240136,10,0.0033423341939168476
LS0,IC0,500,25,10,causal_drf,tate_functional_rmse,TATE-K-grid_upper_tail_mean,0.23168884116819574,0.038685981988106834,10,0.012233581660266654
LS0,IC0,500,25,10,causal_drf,tcate_functional_rmse,TCATE-K-grid_mean,0.2260840212819578,0.03732020232842992,10,0.011801684209615786
LS0,IC0,500,25,10,causal_drf,tcate_functional_rmse,TCATE-K-grid_sd,0.008543739089347982,0.005288799314464078,10,0.0016724651921243593
LS0,IC0,500,25,10,causal_drf,tcate_functional_rmse,TCATE-K-grid_skewness,0.0831943996513573,0.010560095376383373,10,0.003339395369798453
LS0,IC0,500,25,10,causal_drf,tcate_functional_rmse,TCATE-K-grid_upper_tail_mean,0.23183806880663216,0.03844747590227692,10,0.012158159413563241
LS0,IC0,500,25,10,cwdb_dr,arm_energy_risk,LAW-A-M-K,0.056352251979367315,0.004615111598794295,20,0.001031970325865178
LS0,IC0,500,25,10,cwdb_dr,barycenter_rmse,MEANQ-A-K,0.16746198733715884,0.010293083650784164,20,0.0023016034741245098
LS0,IC0,500,25,10,cwdb_dr,diagnostic_dense_dr_n_levels,NONE_OPERATIONAL,199.0,0.0,10,0.0
LS0,IC0,500,25,10,cwdb_dr,diagnostic_dr_if_se_reference,NONE_OPERATIONAL,0.023025185540282836,0.0015088513612156193,10,0.00047714069520868026
LS0,IC0,500,25,10,cwdb_dr,diagnostic_effective_support,NONE_OPERATIONAL,9.999999999999998,0.0,10,0.0
LS0,IC0,500,25,10,cwdb_dr,diagnostic_ehat_mean,NONE_OPERATIONAL,0.4874494415505565,0.022709929075001266,10,0.007181510137788485
LS0,IC0,500,25,10,cwdb_dr,diagnostic_n_boosting_steps,NONE_OPERATIONAL,100.0,0.0,10,0.0
LS0,IC0,500,25,10,cwdb_dr,diagnostic_selected_contrast_shrinkage,NONE_OPERATIONAL,160.0,235.4664401659915,10,74.46102634562892
LS0,IC0,500,25,10,cwdb_dr,diagnostic_train_risk,NONE_OPERATIONAL,0.04190958309465521,0.0064145975745565475,10,0.0020284738608990437
LS0,IC0,500,25,10,cwdb_dr,kernel_law_error,LAW-A-K,0.0207579501256833,0.0031035175415878137,20,0.0006939676192353382
LS0,IC0,500,25,10,cwdb_dr,mean_quantile_rmse,MEANQ-A-K,0.09450254659763238,0.06655243413061256,10,0.021045727568106364
LS0,IC0,500,25,10,cwdb_dr,mode_coverage,LAW-A-K,1.0,0.0,20,0.0
LS0,IC0,500,25,10,cwdb_dr,peak_ram,NONE_OPERATIONAL,0.0,0.0,10,0.0
LS0,IC0,500,25,10,cwdb_dr,process_peak_ram,NONE_OPERATIONAL,754.803515625,186.5784126558589,10,59.00127462112998
LS0,IC0,500,25,10,cwdb_dr,reference_effect_rmse,REF-ATE-K,0.02099382278154989,0.011515712365669104,10,0.003641587995488016
LS0,IC0,500,25,10,cwdb_dr,reference_tcate_rmse,REF-TCATE-K,0.04366602645513962,0.018675337261007886,10,0.0059056601816595364
LS0,IC0,500,25,10,cwdb_dr,runtime,NONE_OPERATIONAL,131.4286239901,24.526356803840176,10,7.755915020610252
LS0,IC0,500,25,10,cwdb_dr,tail_calibration,LAW-A-K,2.9344056335406597e-05,1.4404177339702884e-05,20,3.2208719691537727e-06
LS0,IC0,500,25,10,cwdb_dr,tate_functional_rmse,TATE-K-grid_mean,0.014912965667196543,0.011224442763339117,10,0.0035494804598345917
LS0,IC0,500,25,10,cwdb_dr,tate_functional_rmse,TATE-K-grid_sd,0.013543067997623299,0.01364123274508903,10,0.004313736556695241
LS0,IC0,500,25,10,cwdb_dr,tate_functional_rmse,TATE-K-grid_skewness,0.004577985132038174,0.003535927145036074,10,0.0011181583418730535
LS0,IC0,500,25,10,cwdb_dr,tate_functional_rmse,TATE-K-grid_upper_tail_mean,0.015970143092918082,0.009671729956621836,10,0.003058469557700652
LS0,IC0,500,25,10,cwdb_dr,tcate_functional_rmse,TCATE-K-grid_mean,0.044926222854558384,0.01990539145934734,10,0.006294637472880054
LS0,IC0,500,25,10,cwdb_dr,tcate_functional_rmse,TCATE-K-grid_sd,0.03416056633042498,0.010964498352465667,10,0.0034672788194955177
LS0,IC0,500,25,10,cwdb_dr,tcate_functional_rmse,TCATE-K-grid_skewness,0.017302587708678072,0.00934909485400255,10,0.0029564433799607417
LS0,IC0,500,25,10,cwdb_dr,tcate_functional_rmse,TCATE-K-grid_upper_tail_mean,0.0534044713739001,0.017800843197520996,10,0.005629120877568091
LS0,IC0,500,25,10,drf,arm_energy_risk,LAW-A-M-K,0.12233848181565458,0.011039666475050577,20,0.0024685444687138577
LS0,IC0,500,25,10,drf,barycenter_rmse,MEANQ-A-K,0.3814783697281766,0.017753430697450244,20,0.003969787787333025
LS0,IC0,500,25,10,drf,diagnostic_effective_support,NONE_OPERATIONAL,173.63875910099813,3.153179472604127,10,0.9971229004717543
LS0,IC0,500,25,10,drf,kernel_law_error,LAW-A-K,0.0905185344154227,0.008692967397348315,20,0.0019438066026660258
LS0,IC0,500,25,10,drf,mean_quantile_rmse,MEANQ-A-K,0.23390224047666558,0.032101557882334104,10,0.010151403934790727
LS0,IC0,500,25,10,drf,mode_coverage,LAW-A-K,1.0,0.0,20,0.0
LS0,IC0,500,25,10,drf,peak_ram,NONE_OPERATIONAL,430.71999999999997,14.383076475110904,10,4.5483281421736566
LS0,IC0,500,25,10,drf,process_peak_ram,NONE_OPERATIONAL,758.723828125,182.9349024047326,10,57.84909551395686
LS0,IC0,500,25,10,drf,reference_effect_rmse,REF-ATE-K,0.1857462358146838,0.0315793012907878,10,0.009986251899558473
LS0,IC0,500,25,10,drf,reference_tcate_rmse,REF-TCATE-K,0.18577995351315252,0.03150138733316893,10,0.009961613342799125
LS0,IC0,500,25,10,drf,runtime,NONE_OPERATIONAL,14.618799999999998,2.561231726251171,10,0.8099325870438572
LS0,IC0,500,25,10,drf,tail_calibration,LAW-A-K,0.0002271176184767154,0.0008901585795454844,20,0.0001990455094618357
LS0,IC0,500,25,10,drf,tate_functional_rmse,TATE-K-grid_mean,0.22413465126214738,0.03344434509569013,10,0.010576030535506278
LS0,IC0,500,25,10,drf,tate_functional_rmse,TATE-K-grid_sd,0.008352063488328069,0.005100967955224831,10,0.001613067701004226
LS0,IC0,500,25,10,drf,tate_functional_rmse,TATE-K-grid_skewness,0.08061126021880803,0.010565159865671173,10,0.0033409969019319503
LS0,IC0,500,25,10,drf,tate_functional_rmse,TATE-K-grid_upper_tail_mean,0.22927630396011786,0.03410231752265656,10,0.010784099686186549
LS0,IC0,500,25,10,drf,tcate_functional_rmse,TCATE-K-grid_mean,0.22416282573107246,0.03335193604627271,10,0.010546808228249268
LS0,IC0,500,25,10,drf,tcate_functional_rmse,TCATE-K-grid_sd,0.008408843844596548,0.005045226256688003,10,0.0015954406282019408
LS0,IC0,500,25,10,drf,tcate_functional_rmse,TCATE-K-grid_skewness,0.08061465322031533,0.010547443841905004,10,0.0033353946033136735
LS0,IC0,500,25,10,drf,tcate_functional_rmse,TCATE-K-grid_upper_tail_mean,0.22930553427597383,0.03400697075790761,10,0.010753948391773056
LS0,IC0,1000,25,10,causal_drf,arm_energy_risk,LAW-A-M-K,0.070280489685388,0.004902177726609044,20,0.0010961602634483203
LS0,IC0,1000,25,10,causal_drf,barycenter_rmse,MEANQ-A-K,0.2603143864137043,0.0139823229596109,20,0.0031265424621046015
LS0,IC0,1000,25,10,causal_drf,diagnostic_effective_support,NONE_OPERATIONAL,129.20304697015246,3.5961867061261032,10,1.1372140882577084
LS0,IC0,1000,25,10,causal_drf,kernel_law_error,LAW-A-K,0.046664257470935736,0.0037325758541994452,20,0.0008346293341164303
LS0,IC0,1000,25,10,causal_drf,mean_quantile_rmse,MEANQ-A-K,0.19428322846045065,0.025436782430213044,10,0.008043816882562624
LS0,IC0,1000,25,10,causal_drf,mode_coverage,LAW-A-K,1.0,0.0,20,0.0
LS0,IC0,1000,25,10,causal_drf,peak_ram,NONE_OPERATIONAL,390.44649,0.926687484718172,10,0.2930443130881901
LS0,IC0,1000,25,10,causal_drf,process_peak_ram,NONE_OPERATIONAL,865.246484375,164.53246853414134,10,52.0297349617872
LS0,IC0,1000,25,10,causal_drf,reference_effect_rmse,REF-ATE-K,0.1568808140498796,0.025393317848661237,10,0.00803007217503764
LS0,IC0,1000,25,10,causal_drf,reference_tcate_rmse,REF-TCATE-K,0.1570512389570002,0.025320644040230454,10,0.008007090698949637
LS0,IC0,1000,25,10,causal_drf,runtime,NONE_OPERATIONAL,28.732,4.425014927783986,10,1.3993125852042891
LS0,IC0,1000,25,10,causal_drf,tail_calibration,LAW-A-K,0.0001656881072177857,0.0006118372766427047,20,0.0001368109741741432
LS0,IC0,1000,25,10,causal_drf,tate_functional_rmse,TATE-K-grid_mean,0.18692175827438187,0.026807860627795502,10,0.008477389878018517
LS0,IC0,1000,25,10,causal_drf,tate_functional_rmse,TATE-K-grid_sd,0.009423755951402435,0.009771628886815474,10,0.0030900603732232582
LS0,IC0,1000,25,10,causal_drf,tate_functional_rmse,TATE-K-grid_skewness,0.06634205020950505,0.006625879004894215,10,0.0020952869156155665
LS0,IC0,1000,25,10,causal_drf,tate_functional_rmse,TATE-K-grid_upper_tail_mean,0.19015816447297693,0.02573628481678888,10,0.008138527853186212
LS0,IC0,1000,25,10,causal_drf,tcate_functional_rmse,TCATE-K-grid_mean,0.18711073119740132,0.026745519844184128,10,0.008457675991285354
LS0,IC0,1000,25,10,causal_drf,tcate_functional_rmse,TCATE-K-grid_sd,0.010345729741849266,0.009061448904626644,10,0.0028654817439858066
LS0,IC0,1000,25,10,causal_drf,tcate_functional_rmse,TCATE-K-grid_skewness,0.06637362663521751,0.00659092100020375,10,0.002084232223887895
LS0,IC0,1000,25,10,causal_drf,tcate_functional_rmse,TCATE-K-grid_upper_tail_mean,0.19034723714565238,0.02571449090878262,10,0.008131636014344617
LS0,IC0,1000,25,10,cwdb_dr,arm_energy_risk,LAW-A-M-K,0.04526433258727947,0.0027666641399441286,20,0.0006186449087826063
LS0,IC0,1000,25,10,cwdb_dr,barycenter_rmse,MEANQ-A-K,0.14364787613822436,0.005483967033929277,20,0.0012262523074233758
LS0,IC0,1000,25,10,cwdb_dr,diagnostic_dense_dr_n_levels,NONE_OPERATIONAL,199.0,0.0,10,0.0
LS0,IC0,1000,25,10,cwdb_dr,diagnostic_dr_if_se_reference,NONE_OPERATIONAL,0.01695725485167198,0.0011362904824355861,10,0.0003593266008068004
LS0,IC0,1000,25,10,cwdb_dr,diagnostic_effective_support,NONE_OPERATIONAL,9.999999999999998,0.0,10,0.0
LS0,IC0,1000,25,10,cwdb_dr,diagnostic_ehat_mean,NONE_OPERATIONAL,0.49945202048356263,0.01318825230203117,10,0.004170491563137737
LS0,IC0,1000,25,10,cwdb_dr,diagnostic_n_boosting_steps,NONE_OPERATIONAL,100.0,0.0,10,0.0
LS0,IC0,1000,25,10,cwdb_dr,diagnostic_selected_contrast_shrinkage,NONE_OPERATIONAL,140.0,189.73665961010278,10,60.0
LS0,IC0,1000,25,10,cwdb_dr,diagnostic_train_risk,NONE_OPERATIONAL,0.07052150616785358,0.004658303424216632,10,0.001473084885268612
LS0,IC0,1000,25,10,cwdb_dr,kernel_law_error,LAW-A-K,0.015286262643050868,0.0015958051898258972,20,0.0003568328883297662
LS0,IC0,1000,25,10,cwdb_dr,mean_quantile_rmse,MEANQ-A-K,0.042719826998796104,0.013093812853734786,10,0.004140627187379109
LS0,IC0,1000,25,10,cwdb_dr,mode_coverage,LAW-A-K,1.0,0.0,20,0.0
LS0,IC0,1000,25,10,cwdb_dr,peak_ram,NONE_OPERATIONAL,0.0,0.0,10,0.0
LS0,IC0,1000,25,10,cwdb_dr,process_peak_ram,NONE_OPERATIONAL,861.589453125,170.3109106689708,10,53.857038809141876
LS0,IC0,1000,25,10,cwdb_dr,reference_effect_rmse,REF-ATE-K,0.01512225706742821,0.006324232275444019,10,0.0019998978442352456
LS0,IC0,1000,25,10,cwdb_dr,reference_tcate_rmse,REF-TCATE-K,0.028572799968550423,0.00808309422086601,10,0.0025560988279680714
LS0,IC0,1000,25,10,cwdb_dr,runtime,NONE_OPERATIONAL,260.06615090110006,44.700721680086154,10,14.135609356234077
LS0,IC0,1000,25,10,cwdb_dr,tail_calibration,LAW-A-K,2.9344056335406597e-05,1.4404177339702886e-05,20,3.220871969153773e-06
LS0,IC0,1000,25,10,cwdb_dr,tate_functional_rmse,TATE-K-grid_mean,0.01558129410259505,0.009524776877876982,10,0.00301199891389987
LS0,IC0,1000,25,10,cwdb_dr,tate_functional_rmse,TATE-K-grid_sd,0.010240731876254763,0.00741569027593321,10,0.0023450471694311473
LS0,IC0,1000,25,10,cwdb_dr,tate_functional_rmse,TATE-K-grid_skewness,0.0025471331070453466,0.0015541323487294218,10,0.0004914598007332064
LS0,IC0,1000,25,10,cwdb_dr,tate_functional_rmse,TATE-K-grid_upper_tail_mean,0.017017113620143146,0.007498353813762244,10,0.0023711876753298713
LS0,IC0,1000,25,10,cwdb_dr,tcate_functional_rmse,TCATE-K-grid_mean,0.03128150254416055,0.013371717877078733,10,0.004228508472076022
LS0,IC0,1000,25,10,cwdb_dr,tcate_functional_rmse,TCATE-K-grid_sd,0.02123335815949745,0.005589365366313864,10,0.001767512523241318
LS0,IC0,1000,25,10,cwdb_dr,tcate_functional_rmse,TCATE-K-grid_skewness,0.005914916184475782,0.0018293556102546137,10,0.0005784930378811857
LS0,IC0,1000,25,10,cwdb_dr,tcate_functional_rmse,TCATE-K-grid_upper_tail_mean,0.03418013439457301,0.012904619941370146,10,0.004080799135355819
LS0,IC0,1000,25,10,drf,arm_energy_risk,LAW-A-M-K,0.0913702371858209,0.00683898463881172,20,0.0015292434549459852
LS0,IC0,1000,25,10,drf,barycenter_rmse,MEANQ-A-K,0.31060330832297184,0.015114806288873796,20,0.003379773432866313
LS0,IC0,1000,25,10,drf,diagnostic_effective_support,NONE_OPERATIONAL,233.04976795490643,2.347675498441466,10,0.7424001782046112
LS0,IC0,1000,25,10,drf,kernel_law_error,LAW-A-K,0.06413054178424535,0.0052244792459736926,20,0.001168229074103402
LS0,IC0,1000,25,10,drf,mean_quantile_rmse,MEANQ-A-K,0.19628792581923069,0.019990787173044533,10,0.006321641968649931
LS0,IC0,1000,25,10,drf,mode_coverage,LAW-A-K,1.0,0.0,20,0.0
LS0,IC0,1000,25,10,drf,peak_ram,NONE_OPERATIONAL,552.15,9.065349168981538,10,2.8667151158696296
LS0,IC0,1000,25,10,drf,process_peak_ram,NONE_OPERATIONAL,865.25234375,164.5233941796569,10,52.02686539894053
LS0,IC0,1000,25,10,drf,reference_effect_rmse,REF-ATE-K,0.15430759989053966,0.02061679930981849,10,0.006519604388161387
LS0,IC0,1000,25,10,drf,reference_tcate_rmse,REF-TCATE-K,0.15440577971184613,0.020551547382577848,10,0.006498969916981785
LS0,IC0,1000,25,10,drf,runtime,NONE_OPERATIONAL,26.831599999999998,4.065162350181518,10,1.2855172084936601
LS0,IC0,1000,25,10,drf,tail_calibration,LAW-A-K,0.0001318488905099503,0.00046055843173569983,20,0.00010298399609717213
LS0,IC0,1000,25,10,drf,tate_functional_rmse,TATE-K-grid_mean,0.18361722360528926,0.021635748857211517,10,0.006841824527217352
LS0,IC0,1000,25,10,drf,tate_functional_rmse,TATE-K-grid_sd,0.00887905222446194,0.00848290156349188,10,0.0026825290107637787
LS0,IC0,1000,25,10,drf,tate_functional_rmse,TATE-K-grid_skewness,0.06200807273457023,0.00641147653827287,10,0.002027486902567399
LS0,IC0,1000,25,10,drf,tate_functional_rmse,TATE-K-grid_upper_tail_mean,0.18715799582953746,0.0218158975854641,10,0.0068987925571034414
LS0,IC0,1000,25,10,drf,tcate_functional_rmse,TCATE-K-grid_mean,0.1837060318066652,0.02159576474973562,10,0.006829180442234072
LS0,IC0,1000,25,10,drf,tcate_functional_rmse,TCATE-K-grid_sd,0.009102877200923985,0.008267400680729857,10,0.002614381648033288
LS0,IC0,1000,25,10,drf,tcate_functional_rmse,TCATE-K-grid_skewness,0.0620251042849143,0.006399666668358332,10,0.0020237522937873753
LS0,IC0,1000,25,10,drf,tcate_functional_rmse,TCATE-K-grid_upper_tail_mean,0.18723655135675116,0.021803263644794853,10,0.006894797354269616
LS1,IC1,125,25,10,causal_drf,arm_energy_risk,LAW-A-M-K,0.14164864685580164,0.017825731393886032,20,0.003985954714538125
LS1,IC1,125,25,10,causal_drf,barycenter_rmse,MEANQ-A-K,0.42158655417943897,0.03296614288218655,20,0.007371453644053996
LS1,IC1,125,25,10,causal_drf,diagnostic_effective_support,NONE_OPERATIONAL,51.21048443544554,0.6224237206812377,10,0.19682766270691612
LS1,IC1,125,25,10,causal_drf,kernel_law_error,LAW-A-K,0.10818951583543568,0.01374678203934184,20,0.003073873911184154
LS1,IC1,125,25,10,causal_drf,mean_quantile_rmse,MEANQ-A-K,0.2695843869958431,0.05757279890520505,10,0.018206117581129645
LS1,IC1,125,25,10,causal_drf,mode_coverage,LAW-A-K,1.0,0.0,20,0.0
LS1,IC1,125,25,10,causal_drf,peak_ram,NONE_OPERATIONAL,270.78126000000003,0.18474596492359557,10,0.05842180376841372
LS1,IC1,125,25,10,causal_drf,process_peak_ram,NONE_OPERATIONAL,943.466796875,116.91812876419074,10,36.97275866596904
LS1,IC1,125,25,10,causal_drf,reference_effect_rmse,REF-ATE-K,0.21278374635453995,0.050565955989228493,10,0.015990359298979472
LS1,IC1,125,25,10,causal_drf,reference_tcate_rmse,REF-TCATE-K,0.21322551381009164,0.0502210313928471,10,0.015881284564421526
LS1,IC1,125,25,10,causal_drf,runtime,NONE_OPERATIONAL,4.3584,1.1987153494007192,10,0.3790670770310827
LS1,IC1,125,25,10,causal_drf,tail_calibration,LAW-A-K,3.740321573935365e-05,1.9892494331889467e-05,20,4.448096956813411e-06
LS1,IC1,125,25,10,causal_drf,tate_functional_rmse,TATE-K-grid_mean,0.2510699687188917,0.060279589369781034,10,0.019062079882818186
LS1,IC1,125,25,10,causal_drf,tate_functional_rmse,TATE-K-grid_sd,0.025486119263669872,0.01002626575460795,10,0.003170583621070798
LS1,IC1,125,25,10,causal_drf,tate_functional_rmse,TATE-K-grid_skewness,0.06664332336537165,0.028302447945022076,10,0.008950019886462176
LS1,IC1,125,25,10,causal_drf,tate_functional_rmse,TATE-K-grid_upper_tail_mean,0.24826768826277626,0.06885898615017683,10,0.0217751233604548
LS1,IC1,125,25,10,causal_drf,tcate_functional_rmse,TCATE-K-grid_mean,0.2515424073302156,0.059831074290570975,10,0.018920246961294726
LS1,IC1,125,25,10,causal_drf,tcate_functional_rmse,TCATE-K-grid_sd,0.025932917584598723,0.00974453945933073,10,0.003081493944087082
LS1,IC1,125,25,10,causal_drf,tcate_functional_rmse,TCATE-K-grid_skewness,0.06722741143514087,0.02760614884728187,10,0.00872983077830425
LS1,IC1,125,25,10,causal_drf,tcate_functional_rmse,TCATE-K-grid_upper_tail_mean,0.24879039196192365,0.06827999295561699,10,0.02159202963600019
LS1,IC1,125,25,10,cwdb_dr,arm_energy_risk,LAW-A-M-K,0.08219873490975066,0.010462610434286868,20,0.0023395108153164033
LS1,IC1,125,25,10,cwdb_dr,barycenter_rmse,MEANQ-A-K,0.2255444574340788,0.022086823866000787,20,0.004938763957144246
LS1,IC1,125,25,10,cwdb_dr,diagnostic_dense_dr_n_levels,NONE_OPERATIONAL,199.0,0.0,10,0.0
LS1,IC1,125,25,10,cwdb_dr,diagnostic_dr_if_se_reference,NONE_OPERATIONAL,0.06581724079650188,0.030093115492667903,10,0.009516278684733065
LS1,IC1,125,25,10,cwdb_dr,diagnostic_effective_support,NONE_OPERATIONAL,9.999999999999998,0.0,10,0.0
LS1,IC1,125,25,10,cwdb_dr,diagnostic_ehat_mean,NONE_OPERATIONAL,0.5027962253350566,0.06183461398054774,10,0.019553821841582143
LS1,IC1,125,25,10,cwdb_dr,diagnostic_n_boosting_steps,NONE_OPERATIONAL,100.0,0.0,10,0.0
LS1,IC1,125,25,10,cwdb_dr,diagnostic_selected_contrast_shrinkage,NONE_OPERATIONAL,75.0,151.3825177048746,10,47.871355387816905
LS1,IC1,125,25,10,cwdb_dr,diagnostic_train_risk,NONE_OPERATIONAL,0.022682828353277666,0.003200706119996562,10,0.001012152146002934
LS1,IC1,125,25,10,cwdb_dr,kernel_law_error,LAW-A-K,0.03730775327792139,0.00635825627915487,20,0.0014217493258555168
LS1,IC1,125,25,10,cwdb_dr,mean_quantile_rmse,MEANQ-A-K,0.19134344175158924,0.027521590733303337,10,0.008703091154822222
LS1,IC1,125,25,10,cwdb_dr,mode_coverage,LAW-A-K,1.0,0.0,20,0.0
LS1,IC1,125,25,10,cwdb_dr,peak_ram,NONE_OPERATIONAL,0.0,0.0,10,0.0
LS1,IC1,125,25,10,cwdb_dr,process_peak_ram,NONE_OPERATIONAL,943.466796875,116.91812876419074,10,36.97275866596904
LS1,IC1,125,25,10,cwdb_dr,reference_effect_rmse,REF-ATE-K,0.06156331624667717,0.02962088415426978,10,0.009366946023548286
LS1,IC1,125,25,10,cwdb_dr,reference_tcate_rmse,REF-TCATE-K,0.13323868364925173,0.07786628224987367,10,0.02462348048391411
LS1,IC1,125,25,10,cwdb_dr,runtime,NONE_OPERATIONAL,40.94666495200001,9.068276297333018,10,2.867640755129063
LS1,IC1,125,25,10,cwdb_dr,tail_calibration,LAW-A-K,6.178125442835063e-05,0.00011084612116777487,20,2.47859461973323e-05
LS1,IC1,125,25,10,cwdb_dr,tate_functional_rmse,TATE-K-grid_mean,0.07189297577179292,0.04139453202186863,10,0.013090100386587977
LS1,IC1,125,25,10,cwdb_dr,tate_functional_rmse,TATE-K-grid_sd,0.038943037307903286,0.026951499047927492,10,0.008522812334731044
LS1,IC1,125,25,10,cwdb_dr,tate_functional_rmse,TATE-K-grid_skewness,0.019342300472559394,0.017818210142627435,10,0.005634612787821637
LS1,IC1,125,25,10,cwdb_dr,tate_functional_rmse,TATE-K-grid_upper_tail_mean,0.07587250918111825,0.0429573640611742,10,0.013584311271037118
LS1,IC1,125,25,10,cwdb_dr,tcate_functional_rmse,TCATE-K-grid_mean,0.15528804020011833,0.09096046408633361,10,0.028764224353876093
LS1,IC1,125,25,10,cwdb_dr,tcate_functional_rmse,TCATE-K-grid_sd,0.08268132148308187,0.04746908126535847,10,0.015011041523416042
LS1,IC1,125,25,10,cwdb_dr,tcate_functional_rmse,TCATE-K-grid_skewness,0.06209592350327551,0.03353066894541843,10,0.010603328533659832
LS1,IC1,125,25,10,cwdb_dr,tcate_functional_rmse,TCATE-K-grid_upper_tail_mean,0.16784058452930922,0.09744147306625323,10,0.03081369934513114
LS1,IC1,125,25,10,drf,arm_energy_risk,LAW-A-M-K,0.1803998096687086,0.021583766297685863,20,0.004826276865209455
LS1,IC1,125,25,10,drf,barycenter_rmse,MEANQ-A-K,0.4987681918508664,0.030186348092293737,20,0.006749872632683989
LS1,IC1,125,25,10,drf,diagnostic_effective_support,NONE_OPERATIONAL,61.100212522937895,0.1704416103153019,10,0.053898369666320355
LS1,IC1,125,25,10,drf,kernel_law_error,LAW-A-K,0.14310916895874032,0.01644890404888696,20,0.0036780867608682765
LS1,IC1,125,25,10,drf,mean_quantile_rmse,MEANQ-A-K,0.28248140580252457,0.07573280600889333,10,0.023948816058378897
LS1,IC1,125,25,10,drf,mode_coverage,LAW-A-K,0.999,0.0026157418189029845,20,0.0005848976518656018
LS1,IC1,125,25,10,drf,peak_ram,NONE_OPERATIONAL,253.01,2.546653577627799,10,0.8053225716720268
LS1,IC1,125,25,10,drf,process_peak_ram,NONE_OPERATIONAL,943.466796875,116.91812876419074,10,36.97275866596904
LS1,IC1,125,25,10,drf,reference_effect_rmse,REF-ATE-K,0.22228129258529097,0.06740620124507109,10,0.02131571243541023
LS1,IC1,125,25,10,drf,reference_tcate_rmse,REF-TCATE-K,0.22236263736286427,0.06735745360080406,10,0.021300297076765083
LS1,IC1,125,25,10,drf,runtime,NONE_OPERATIONAL,5.087899999999999,1.3556532209807775,10,0.42869518956428193
LS1,IC1,125,25,10,drf,tail_calibration,LAW-A-K,3.740321573935393e-05,1.9892494331875186e-05,20,4.448096956810218e-06
LS1,IC1,125,25,10,drf,tate_functional_rmse,TATE-K-grid_mean,0.2633904920962266,0.08098483183218377,10,0.025609652451540777
LS1,IC1,125,25,10,drf,tate_functional_rmse,TATE-K-grid_sd,0.026776681961087966,0.009983670217334487,10,0.0031571137294765235
LS1,IC1,125,25,10,drf,tate_functional_rmse,TATE-K-grid_skewness,0.07075033563336461,0.03190119707585185,10,0.010088044284559514
LS1,IC1,125,25,10,drf,tate_functional_rmse,TATE-K-grid_upper_tail_mean,0.2613753171951265,0.09065649904496945,10,0.028668102167898286
LS1,IC1,125,25,10,drf,tcate_functional_rmse,TCATE-K-grid_mean,0.2634536406204554,0.08093430061576877,10,0.025593673077859747
LS1,IC1,125,25,10,drf,tcate_functional_rmse,TCATE-K-grid_sd,0.02678225061299235,0.009978207158810867,10,0.0031553861586839796
LS1,IC1,125,25,10,drf,tcate_functional_rmse,TCATE-K-grid_skewness,0.07094991537057994,0.03177273780985827,10,0.010047421897850201
LS1,IC1,125,25,10,drf,tcate_functional_rmse,TCATE-K-grid_upper_tail_mean,0.2614510548311932,0.0906057020311106,10,0.028652038741685378
LS1,IC1,250,25,10,causal_drf,arm_energy_risk,LAW-A-M-K,0.11624722903364129,0.01424411391228614,20,0.0031850806987122286
LS1,IC1,250,25,10,causal_drf,barycenter_rmse,MEANQ-A-K,0.36775745978138863,0.02632806983495545,20,0.005887135386732205
LS1,IC1,250,25,10,causal_drf,diagnostic_effective_support,NONE_OPERATIONAL,77.62951040324691,1.6498624417085235,10,0.5217323141765718
LS1,IC1,250,25,10,causal_drf,kernel_law_error,LAW-A-K,0.08645779283067329,0.011370711924785169,20,0.0025425684816387114
LS1,IC1,250,25,10,causal_drf,mean_quantile_rmse,MEANQ-A-K,0.26513797916471205,0.039721064865258185,10,0.012560903606150507
LS1,IC1,250,25,10,causal_drf,mode_coverage,LAW-A-K,1.0,0.0,20,0.0
LS1,IC1,250,25,10,causal_drf,peak_ram,NONE_OPERATIONAL,288.45272,0.20791476244952847,10,0.06574842085133593
LS1,IC1,250,25,10,causal_drf,process_peak_ram,NONE_OPERATIONAL,736.240625,160.9083289218845,10,50.88368138847009
LS1,IC1,250,25,10,causal_drf,reference_effect_rmse,REF-ATE-K,0.20293521959446706,0.0397243901597439,10,0.012561955156597072
LS1,IC1,250,25,10,causal_drf,reference_tcate_rmse,REF-TCATE-K,0.20378454442562693,0.03897794390252136,10,0.012325908124223958
LS1,IC1,250,25,10,causal_drf,runtime,NONE_OPERATIONAL,7.8805,1.0679980493115764,10,0.3377306372441405
LS1,IC1,250,25,10,causal_drf,tail_calibration,LAW-A-K,3.7403215739345965e-05,1.9892494331887367e-05,20,4.448096956812941e-06
LS1,IC1,250,25,10,causal_drf,tate_functional_rmse,TATE-K-grid_mean,0.24942205719877614,0.03983505739123181,10,0.012596951207981762
LS1,IC1,250,25,10,causal_drf,tate_functional_rmse,TATE-K-grid_sd,0.015489891962032293,0.005306526166603235,10,0.0016780709149748357
LS1,IC1,250,25,10,causal_drf,tate_functional_rmse,TATE-K-grid_skewness,0.07329659956279441,0.020701696509515123,10,0.0065464512399625386
LS1,IC1,250,25,10,causal_drf,tate_functional_rmse,TATE-K-grid_upper_tail_mean,0.24860857671615122,0.039660962407173796,10,0.01254189754009836
LS1,IC1,250,25,10,causal_drf,tcate_functional_rmse,TCATE-K-grid_mean,0.25029713759854444,0.03905572987416806,10,0.012350506208265244
LS1,IC1,250,25,10,causal_drf,tcate_functional_rmse,TCATE-K-grid_sd,0.01583127003524809,0.005358205732882773,10,0.001694413428768133
LS1,IC1,250,25,10,causal_drf,tcate_functional_rmse,TCATE-K-grid_skewness,0.07374236525182107,0.020496496261171,10,0.006481561223842577
LS1,IC1,250,25,10,causal_drf,tcate_functional_rmse,TCATE-K-grid_upper_tail_mean,0.24947256069891882,0.038961817027658295,10,0.012320808358613178
LS1,IC1,250,25,10,cwdb_dr,arm_energy_risk,LAW-A-M-K,0.07082382486282016,0.008506978351756485,20,0.0019022181877646617
LS1,IC1,250,25,10,cwdb_dr,barycenter_rmse,MEANQ-A-K,0.20143003087645747,0.0152793753835123,20,0.0034165722011270418
LS1,IC1,250,25,10,cwdb_dr,diagnostic_dense_dr_n_levels,NONE_OPERATIONAL,199.0,0.0,10,0.0
LS1,IC1,250,25,10,cwdb_dr,diagnostic_dr_if_se_reference,NONE_OPERATIONAL,0.03990624219909617,0.007499444021774585,10,0.0023715324293741074
LS1,IC1,250,25,10,cwdb_dr,diagnostic_effective_support,NONE_OPERATIONAL,9.999999999999998,0.0,10,0.0
LS1,IC1,250,25,10,cwdb_dr,diagnostic_ehat_mean,NONE_OPERATIONAL,0.503826897479165,0.02457909334681427,10,0.007772591779782401
LS1,IC1,250,25,10,cwdb_dr,diagnostic_n_boosting_steps,NONE_OPERATIONAL,100.0,0.0,10,0.0
LS1,IC1,250,25,10,cwdb_dr,diagnostic_selected_contrast_shrinkage,NONE_OPERATIONAL,15.0,24.1522945769824,10,7.637626158259733
LS1,IC1,250,25,10,cwdb_dr,diagnostic_train_risk,NONE_OPERATIONAL,0.023481096112531224,0.002649234052496241,10,0.0008377613660766206
LS1,IC1,250,25,10,cwdb_dr,kernel_law_error,LAW-A-K,0.030417830032442618,0.005008323069303418,20,0.0011198950836242834
LS1,IC1,250,25,10,cwdb_dr,mean_quantile_rmse,MEANQ-A-K,0.17518836564529952,0.030048588960879495,10,0.009502198159057139
LS1,IC1,250,25,10,cwdb_dr,mode_coverage,LAW-A-K,1.0,0.0,20,0.0
LS1,IC1,250,25,10,cwdb_dr,peak_ram,NONE_OPERATIONAL,0.0,0.0,10,0.0
LS1,IC1,250,25,10,cwdb_dr,process_peak_ram,NONE_OPERATIONAL,736.240625,160.9083289218845,10,50.88368138847009
LS1,IC1,250,25,10,cwdb_dr,reference_effect_rmse,REF-ATE-K,0.032698355816754246,0.026470279555290473,10,0.008370637369610684
LS1,IC1,250,25,10,cwdb_dr,reference_tcate_rmse,REF-TCATE-K,0.07783020356039476,0.03136186131080637,10,0.0099174913404462
LS1,IC1,250,25,10,cwdb_dr,runtime,NONE_OPERATIONAL,81.10907872619994,5.951067327793705,10,1.8818927264839966
LS1,IC1,250,25,10,cwdb_dr,tail_calibration,LAW-A-K,0.0001611158444808825,0.000451063325264251,20,0.00010086082574479635
LS1,IC1,250,25,10,cwdb_dr,tate_functional_rmse,TATE-K-grid_mean,0.03738818312026104,0.034453079169843505,10,0.010895020258280864
LS1,IC1,250,25,10,cwdb_dr,tate_functional_rmse,TATE-K-grid_sd,0.010432988412155265,0.007183754339755387,10,0.00227170258647461
LS1,IC1,250,25,10,cwdb_dr,tate_functional_rmse,TATE-K-grid_skewness,0.020567679049080474,0.014377351441079605,10,0.0045465177274515685
LS1,IC1,250,25,10,cwdb_dr,tate_functional_rmse,TATE-K-grid_upper_tail_mean,0.0396165295819105,0.03392101386873534,10,0.010726766436736352
LS1,IC1,250,25,10,cwdb_dr,tcate_functional_rmse,TCATE-K-grid_mean,0.08517299804252583,0.04168202375998847,10,0.013181013256681912
LS1,IC1,250,25,10,cwdb_dr,tcate_functional_rmse,TCATE-K-grid_sd,0.04151318045229836,0.020738229626555776,10,0.006558004025949936
LS1,IC1,250,25,10,cwdb_dr,tcate_functional_rmse,TCATE-K-grid_skewness,0.03786063288526242,0.0118478364401962,10,0.0037466148496161297
LS1,IC1,250,25,10,cwdb_dr,tcate_functional_rmse,TCATE-K-grid_upper_tail_mean,0.09708165649152709,0.04071295082335455,10,0.012874565486822791
LS1,IC1,250,25,10,drf,arm_energy_risk,LAW-A-M-K,0.15656529259687924,0.018494461936963774,20,0.004135487409833343
LS1,IC1,250,25,10,drf,barycenter_rmse,MEANQ-A-K,0.4552203301695782,0.03350727111190995,20,0.007492453594674561
LS1,IC1,250,25,10,drf,diagnostic_effective_support,NONE_OPERATIONAL,116.5263388476822,1.4949135151743063,10,0.4727331612919492
LS1,IC1,250,25,10,drf,kernel_law_error,LAW-A-K,0.12262651281434718,0.014481010000153253,20,0.003238052274319691
LS1,IC1,250,25,10,drf,mean_quantile_rmse,MEANQ-A-K,0.2787259186166934,0.0410798128804675,10,0.01299057745557996
LS1,IC1,250,25,10,drf,mode_coverage,LAW-A-K,0.99975,0.001118033988749896,20,0.0002500000000000003
LS1,IC1,250,25,10,drf,peak_ram,NONE_OPERATIONAL,310.76,11.577199814961974,10,3.661032034215974
LS1,IC1,250,25,10,drf,process_peak_ram,NONE_OPERATIONAL,736.240625,160.9083289218845,10,50.88368138847009
LS1,IC1,250,25,10,drf,reference_effect_rmse,REF-ATE-K,0.21227998131813614,0.04024846789721863,10,0.012727683088737864
LS1,IC1,250,25,10,drf,reference_tcate_rmse,REF-TCATE-K,0.21240782883074152,0.04022035273961906,10,0.012718792295258942
LS1,IC1,250,25,10,drf,runtime,NONE_OPERATIONAL,8.583400000000001,0.708161500726431,10,0.22394032935385064
LS1,IC1,250,25,10,drf,tail_calibration,LAW-A-K,3.740321573934088e-05,1.989249433189399e-05,20,4.448096956814422e-06
LS1,IC1,250,25,10,drf,tate_functional_rmse,TATE-K-grid_mean,0.26016764993923575,0.04454723332043938,10,0.01408707207515339
LS1,IC1,250,25,10,drf,tate_functional_rmse,TATE-K-grid_sd,0.01596100316782346,0.006900796433260036,10,0.0021822234398267844
LS1,IC1,250,25,10,drf,tate_functional_rmse,TATE-K-grid_skewness,0.07815250858885561,0.021682709369630616,10,0.00685667474515065
LS1,IC1,250,25,10,drf,tate_functional_rmse,TATE-K-grid_upper_tail_mean,0.2592032674872246,0.04549430069034229,10,0.01438656107380523
LS1,IC1,250,25,10,drf,tcate_functional_rmse,TCATE-K-grid_mean,0.26026736084073276,0.044499590913894514,10,0.01407200622336404
LS1,IC1,250,25,10,drf,tcate_functional_rmse,TCATE-K-grid_sd,0.015988608831941035,0.006890887726841372,10,0.0021790900317318934
LS1,IC1,250,25,10,drf,tcate_functional_rmse,TCATE-K-grid_skewness,0.07832481647362073,0.021603343281572273,10,0.006831576984426464
LS1,IC1,250,25,10,drf,tcate_functional_rmse,TCATE-K-grid_upper_tail_mean,0.2593095900877617,0.04544853396483611,10,0.014372088364440505
LS1,IC1,500,25,10,causal_drf,arm_energy_risk,LAW-A-M-K,0.0882545426905702,0.011912097751852346,20,0.0026636260327764266
LS1,IC1,500,25,10,causal_drf,barycenter_rmse,MEANQ-A-K,0.3054592571427656,0.024108432433842884,20,0.005390809375303339
LS1,IC1,500,25,10,causal_drf,diagnostic_effective_support,NONE_OPERATIONAL,109.30971544873455,2.013334535745065,10,0.6366722824832095
LS1,IC1,500,25,10,causal_drf,kernel_law_error,LAW-A-K,0.06272549673452839,0.008980319850345189,20,0.002008060564506258
LS1,IC1,500,25,10,causal_drf,mean_quantile_rmse,MEANQ-A-K,0.21095457150516114,0.036140158539913335,10,0.011428521598571141
LS1,IC1,500,25,10,causal_drf,mode_coverage,LAW-A-K,1.0,0.0,20,0.0
LS1,IC1,500,25,10,causal_drf,peak_ram,NONE_OPERATIONAL,318.52889999999996,1.715926748630799,10,0.5426236823680537
LS1,IC1,500,25,10,causal_drf,process_peak_ram,NONE_OPERATIONAL,753.715625,179.83299682698834,10,56.86818684271162
LS1,IC1,500,25,10,causal_drf,reference_effect_rmse,REF-ATE-K,0.15605867129624634,0.03205840761793191,10,0.010137758623075787
LS1,IC1,500,25,10,causal_drf,reference_tcate_rmse,REF-TCATE-K,0.15635592917351157,0.0318601846721174,10,0.010075075023747588
LS1,IC1,500,25,10,causal_drf,runtime,NONE_OPERATIONAL,13.567699999999999,2.5554818223662727,10,0.8081143077835242
LS1,IC1,500,25,10,causal_drf,tail_calibration,LAW-A-K,0.0002233523626813587,0.0008355109392484661,20,0.0001868259256104267
LS1,IC1,500,25,10,causal_drf,tate_functional_rmse,TATE-K-grid_mean,0.198015372964191,0.03724321560268744,10,0.01177733886932129
LS1,IC1,500,25,10,causal_drf,tate_functional_rmse,TATE-K-grid_sd,0.005681835511183009,0.003898710055548515,10,0.001232880371213489
LS1,IC1,500,25,10,causal_drf,tate_functional_rmse,TATE-K-grid_skewness,0.05780480583430869,0.004601684489022849,10,0.00145518040587803
LS1,IC1,500,25,10,causal_drf,tate_functional_rmse,TATE-K-grid_upper_tail_mean,0.201918605723565,0.03851424774181839,10,0.012179274523214274
LS1,IC1,500,25,10,causal_drf,tcate_functional_rmse,TCATE-K-grid_mean,0.19827659242115822,0.03698329267068222,10,0.011695144021196733
LS1,IC1,500,25,10,causal_drf,tcate_functional_rmse,TCATE-K-grid_sd,0.006949065667381052,0.0034983226138638733,10,0.0011062667449883577
LS1,IC1,500,25,10,causal_drf,tcate_functional_rmse,TCATE-K-grid_skewness,0.05792754063842698,0.004576043293298628,10,0.0014470719478361588
LS1,IC1,500,25,10,causal_drf,tcate_functional_rmse,TCATE-K-grid_upper_tail_mean,0.2021934784178976,0.038223151320639685,10,0.012087221752249435
LS1,IC1,500,25,10,cwdb_dr,arm_energy_risk,LAW-A-M-K,0.059780904555302106,0.005241416082286596,20,0.001172016265835346
LS1,IC1,500,25,10,cwdb_dr,barycenter_rmse,MEANQ-A-K,0.17651893012711575,0.011077107368053458,20,0.0024769165069031315
LS1,IC1,500,25,10,cwdb_dr,diagnostic_dense_dr_n_levels,NONE_OPERATIONAL,199.0,0.0,10,0.0
LS1,IC1,500,25,10,cwdb_dr,diagnostic_dr_if_se_reference,NONE_OPERATIONAL,0.023874127972370443,0.0013205449933250586,10,0.00041759299316390344
LS1,IC1,500,25,10,cwdb_dr,diagnostic_effective_support,NONE_OPERATIONAL,9.999999999999998,0.0,10,0.0
LS1,IC1,500,25,10,cwdb_dr,diagnostic_ehat_mean,NONE_OPERATIONAL,0.4874494415505565,0.022709929075001262,10,0.007181510137788483
LS1,IC1,500,25,10,cwdb_dr,diagnostic_n_boosting_steps,NONE_OPERATIONAL,100.0,0.0,10,0.0
LS1,IC1,500,25,10,cwdb_dr,diagnostic_selected_contrast_shrinkage,NONE_OPERATIONAL,65.0,154.65014279549393,10,48.90466917040403
LS1,IC1,500,25,10,cwdb_dr,diagnostic_train_risk,NONE_OPERATIONAL,0.03965998116320375,0.006779047173840364,10,0.0021437229435062968
LS1,IC1,500,25,10,cwdb_dr,kernel_law_error,LAW-A-K,0.022839950547949395,0.0028579720591323265,20,0.000639061980201493
LS1,IC1,500,25,10,cwdb_dr,mean_quantile_rmse,MEANQ-A-K,0.1433236957368961,0.03609033719009824,10,0.01141276670441917
LS1,IC1,500,25,10,cwdb_dr,mode_coverage,LAW-A-K,1.0,0.0,20,0.0
LS1,IC1,500,25,10,cwdb_dr,peak_ram,NONE_OPERATIONAL,0.0,0.0,10,0.0
LS1,IC1,500,25,10,cwdb_dr,process_peak_ram,NONE_OPERATIONAL,743.976171875,188.53729235733718,10,59.62072677302419
LS1,IC1,500,25,10,cwdb_dr,reference_effect_rmse,REF-ATE-K,0.022520314717136752,0.01741122592466961,10,0.005505913077772724
LS1,IC1,500,25,10,cwdb_dr,reference_tcate_rmse,REF-TCATE-K,0.050665425736493616,0.021293337191655656,10,0.006733544451160517
LS1,IC1,500,25,10,cwdb_dr,runtime,NONE_OPERATIONAL,134.45637483970003,28.02815151779006,10,8.863279740052196
LS1,IC1,500,25,10,cwdb_dr,tail_calibration,LAW-A-K,6.239415718945634e-05,0.00011111593483045928,20,2.484627836643435e-05
LS1,IC1,500,25,10,cwdb_dr,tate_functional_rmse,TATE-K-grid_mean,0.022531287267032372,0.016474678029778235,10,0.005209750629203452
LS1,IC1,500,25,10,cwdb_dr,tate_functional_rmse,TATE-K-grid_sd,0.013376347329912042,0.011293379135762028,10,0.0035712800548831935
LS1,IC1,500,25,10,cwdb_dr,tate_functional_rmse,TATE-K-grid_skewness,0.008600585805478667,0.0063842385252031175,10,0.002018873486543614
LS1,IC1,500,25,10,cwdb_dr,tate_functional_rmse,TATE-K-grid_upper_tail_mean,0.02597908859810786,0.017190733300193158,10,0.005436187187711346
LS1,IC1,500,25,10,cwdb_dr,tcate_functional_rmse,TCATE-K-grid_mean,0.05386275593653893,0.018509222689255565,10,0.005853130141731456
LS1,IC1,500,25,10,cwdb_dr,tcate_functional_rmse,TCATE-K-grid_sd,0.036194587120946656,0.012269056882932715,10,0.003879816449223321
LS1,IC1,500,25,10,cwdb_dr,tcate_functional_rmse,TCATE-K-grid_skewness,0.022730540932106764,0.007351190337337023,10,0.002324650497940652
LS1,IC1,500,25,10,cwdb_dr,tcate_functional_rmse,TCATE-K-grid_upper_tail_mean,0.06374499880918044,0.015531014996112598,10,0.0049113381761946955
LS1,IC1,500,25,10,drf,arm_energy_risk,LAW-A-M-K,0.11068602269488628,0.012624057507271847,20,0.0028228250738126393
LS1,IC1,500,25,10,drf,barycenter_rmse,MEANQ-A-K,0.3570125461945123,0.022220431468640334,20,0.004968639525325527
LS1,IC1,500,25,10,drf,diagnostic_effective_support,NONE_OPERATIONAL,170.4577360560525,2.900449402723272,10,0.9172026350680522
LS1,IC1,500,25,10,drf,kernel_law_error,LAW-A-K,0.08208719394345201,0.009183315264899794,20,0.002053451719112743
LS1,IC1,500,25,10,drf,mean_quantile_rmse,MEANQ-A-K,0.21940332439619023,0.03204091033176987,10,0.010132225495361406
LS1,IC1,500,25,10,drf,mode_coverage,LAW-A-K,1.0,0.0,20,0.0
LS1,IC1,500,25,10,drf,peak_ram,NONE_OPERATIONAL,432.62,22.122226128689885,10,6.995662147994923
LS1,IC1,500,25,10,drf,process_peak_ram,NONE_OPERATIONAL,753.74140625,179.81156271366586,10,56.86140878093911
LS1,IC1,500,25,10,drf,reference_effect_rmse,REF-ATE-K,0.1610778544608601,0.030840273903655194,10,0.009752550919900268
LS1,IC1,500,25,10,drf,reference_tcate_rmse,REF-TCATE-K,0.16118949232618474,0.030764964911481767,10,0.009728736125544285
LS1,IC1,500,25,10,drf,runtime,NONE_OPERATIONAL,14.249699999999999,2.6032897158104484,10,0.8232324911253469
LS1,IC1,500,25,10,drf,tail_calibration,LAW-A-K,0.0002351767778806576,0.0008883777195900183,20,0.00019864729706995274
LS1,IC1,500,25,10,drf,tate_functional_rmse,TATE-K-grid_mean,0.20367040343074888,0.03359166925333319,10,0.010622618524758057
LS1,IC1,500,25,10,drf,tate_functional_rmse,TATE-K-grid_sd,0.0067442328700175,0.0042249360174158295,10,0.001336042078351484
LS1,IC1,500,25,10,drf,tate_functional_rmse,TATE-K-grid_skewness,0.057947480094798574,0.007152083192170335,10,0.0022616872902265998
LS1,IC1,500,25,10,drf,tate_functional_rmse,TATE-K-grid_upper_tail_mean,0.2069113092872156,0.03405313279746654,10,0.010768546110417557
LS1,IC1,500,25,10,drf,tcate_functional_rmse,TCATE-K-grid_mean,0.203752233007434,0.0334755064326568,10,0.010585884615481347
LS1,IC1,500,25,10,drf,tcate_functional_rmse,TCATE-K-grid_sd,0.006862071755743088,0.004106448660529837,10,0.0012985730861821867
LS1,IC1,500,25,10,drf,tcate_functional_rmse,TCATE-K-grid_skewness,0.05807602190635379,0.007135061518535589,10,0.0022563045643992164
LS1,IC1,500,25,10,drf,tcate_functional_rmse,TCATE-K-grid_upper_tail_mean,0.206997397165187,0.03393014512990033,10,0.010729653995055474
LS1,IC1,1000,25,10,causal_drf,arm_energy_risk,LAW-A-M-K,0.06758559046025384,0.006338696289657273,20,0.001417375579239936
LS1,IC1,1000,25,10,causal_drf,barycenter_rmse,MEANQ-A-K,0.2541980385798726,0.018662428165677685,20,0.004173045800366201
LS1,IC1,1000,25,10,causal_drf,diagnostic_effective_support,NONE_OPERATIONAL,141.0972750025059,3.5399195819900147,10,1.119420861291961
LS1,IC1,1000,25,10,causal_drf,kernel_law_error,LAW-A-K,0.045539379099964986,0.004217284837316296,20,0.000943013557671838
LS1,IC1,1000,25,10,causal_drf,mean_quantile_rmse,MEANQ-A-K,0.17592772414301355,0.028519157760991804,10,0.009018549547440203
LS1,IC1,1000,25,10,causal_drf,mode_coverage,LAW-A-K,1.0,0.0,20,0.0
LS1,IC1,1000,25,10,causal_drf,peak_ram,NONE_OPERATIONAL,392.11444,1.026823532604862,10,0.32471011180915327
LS1,IC1,1000,25,10,causal_drf,process_peak_ram,NONE_OPERATIONAL,791.78984375,184.53660908843676,10,58.35559964035887
LS1,IC1,1000,25,10,causal_drf,reference_effect_rmse,REF-ATE-K,0.13299147192203536,0.025310750255868167,10,0.008003962009623299
LS1,IC1,1000,25,10,causal_drf,reference_tcate_rmse,REF-TCATE-K,0.13331443548462757,0.025307815449019767,10,0.008003033942209938
LS1,IC1,1000,25,10,causal_drf,runtime,NONE_OPERATIONAL,28.983800000000002,4.302273528160559,10,1.3604983466035931
LS1,IC1,1000,25,10,causal_drf,tail_calibration,LAW-A-K,0.0001600978086475149,0.0005490920054949654,20,0.00012278070501884307
LS1,IC1,1000,25,10,causal_drf,tate_functional_rmse,TATE-K-grid_mean,0.16427984133959211,0.02858135268276588,10,0.009038217308610411
LS1,IC1,1000,25,10,causal_drf,tate_functional_rmse,TATE-K-grid_sd,0.008670096582350116,0.0081463466164431,10,0.002576100991716628
LS1,IC1,1000,25,10,causal_drf,tate_functional_rmse,TATE-K-grid_skewness,0.04587490330700247,0.006953887053323804,10,0.0021990121680059986
LS1,IC1,1000,25,10,causal_drf,tate_functional_rmse,TATE-K-grid_upper_tail_mean,0.16601040324947616,0.027672861554079303,10,0.00875092718853974
LS1,IC1,1000,25,10,causal_drf,tcate_functional_rmse,TCATE-K-grid_mean,0.1645887795236921,0.02860592845975996,10,0.009045988851667377
LS1,IC1,1000,25,10,causal_drf,tcate_functional_rmse,TCATE-K-grid_sd,0.00963969119298239,0.007528092643053432,10,0.0023805919188805797
LS1,IC1,1000,25,10,causal_drf,tcate_functional_rmse,TCATE-K-grid_skewness,0.04602073510047852,0.006906142946963114,10,0.0021839141559110873
LS1,IC1,1000,25,10,causal_drf,tcate_functional_rmse,TCATE-K-grid_upper_tail_mean,0.16629310134635564,0.02774712770427903,10,0.00877441220730807
LS1,IC1,1000,25,10,cwdb_dr,arm_energy_risk,LAW-A-M-K,0.04785749628472991,0.003566157559419705,20,0.0007974170721337206
LS1,IC1,1000,25,10,cwdb_dr,barycenter_rmse,MEANQ-A-K,0.1508162173390943,0.009455701284136316,20,0.0021143590846260853
LS1,IC1,1000,25,10,cwdb_dr,diagnostic_dense_dr_n_levels,NONE_OPERATIONAL,199.0,0.0,10,0.0
LS1,IC1,1000,25,10,cwdb_dr,diagnostic_dr_if_se_reference,NONE_OPERATIONAL,0.017470823394097286,0.0014376620841922143,10,0.0004546286691712151
LS1,IC1,1000,25,10,cwdb_dr,diagnostic_effective_support,NONE_OPERATIONAL,9.999999999999998,0.0,10,0.0
LS1,IC1,1000,25,10,cwdb_dr,diagnostic_ehat_mean,NONE_OPERATIONAL,0.49945202048356263,0.01318825230203117,10,0.004170491563137737
LS1,IC1,1000,25,10,cwdb_dr,diagnostic_n_boosting_steps,NONE_OPERATIONAL,100.0,0.0,10,0.0
LS1,IC1,1000,25,10,cwdb_dr,diagnostic_selected_contrast_shrinkage,NONE_OPERATIONAL,25.0,26.352313834736496,10,8.333333333333334
LS1,IC1,1000,25,10,cwdb_dr,diagnostic_train_risk,NONE_OPERATIONAL,0.06353981996241674,0.0062389465818018745,10,0.0019729281398615938
LS1,IC1,1000,25,10,cwdb_dr,kernel_law_error,LAW-A-K,0.01694201558213746,0.0019045258299446829,20,0.0004258649220660515
LS1,IC1,1000,25,10,cwdb_dr,mean_quantile_rmse,MEANQ-A-K,0.1080161218431525,0.025899618368304674,10,0.008190178457297649
LS1,IC1,1000,25,10,cwdb_dr,mode_coverage,LAW-A-K,1.0,0.0,20,0.0
LS1,IC1,1000,25,10,cwdb_dr,peak_ram,NONE_OPERATIONAL,0.0,0.0,10,0.0
LS1,IC1,1000,25,10,cwdb_dr,process_peak_ram,NONE_OPERATIONAL,789.8921875,186.35841582234374,10,58.931705513936706
LS1,IC1,1000,25,10,cwdb_dr,reference_effect_rmse,REF-ATE-K,0.01226532057704118,0.006926159748439727,10,0.002190244024324839
LS1,IC1,1000,25,10,cwdb_dr,reference_tcate_rmse,REF-TCATE-K,0.030854929704266947,0.008183660676095503,10,0.0025879007334415264
LS1,IC1,1000,25,10,cwdb_dr,runtime,NONE_OPERATIONAL,255.5212199054,38.25168743470166,10,12.096245663850056
LS1,IC1,1000,25,10,cwdb_dr,tail_calibration,LAW-A-K,6.178125442835063e-05,0.00011084612116777487,20,2.47859461973323e-05
LS1,IC1,1000,25,10,cwdb_dr,tate_functional_rmse,TATE-K-grid_mean,0.014806210235166168,0.00953712230814119,10,0.0030159028817328373
LS1,IC1,1000,25,10,cwdb_dr,tate_functional_rmse,TATE-K-grid_sd,0.011780950752556009,0.007537310235834195,10,0.0023835067776536933
LS1,IC1,1000,25,10,cwdb_dr,tate_functional_rmse,TATE-K-grid_skewness,0.004292975108281377,0.0029283953961817036,10,0.0009260399341485332
LS1,IC1,1000,25,10,cwdb_dr,tate_functional_rmse,TATE-K-grid_upper_tail_mean,0.01916717545129136,0.009147990117768222,10,0.002892848478485955
LS1,IC1,1000,25,10,cwdb_dr,tcate_functional_rmse,TCATE-K-grid_mean,0.034841354883703386,0.012378310163484015,10,0.00391436537006207
LS1,IC1,1000,25,10,cwdb_dr,tcate_functional_rmse,TCATE-K-grid_sd,0.02117887451681896,0.007962596713627234,10,0.0025179941704433556
LS1,IC1,1000,25,10,cwdb_dr,tcate_functional_rmse,TCATE-K-grid_skewness,0.009865285086822419,0.003251103495065513,10,0.001028089195334101
LS1,IC1,1000,25,10,cwdb_dr,tcate_functional_rmse,TCATE-K-grid_upper_tail_mean,0.038157084380445114,0.01258534702272564,10,0.003979836173543191
LS1,IC1,1000,25,10,drf,arm_energy_risk,LAW-A-M-K,0.08382480410578394,0.008483349257017126,20,0.0018969345615562627
LS1,IC1,1000,25,10,drf,barycenter_rmse,MEANQ-A-K,0.29397379015449326,0.018177095534773893,20,0.004064522124926232
LS1,IC1,1000,25,10,drf,diagnostic_effective_support,NONE_OPERATIONAL,231.78811891038487,2.205146597776516,10,0.6973285823544982
LS1,IC1,1000,25,10,drf,kernel_law_error,LAW-A-K,0.059127852853824284,0.00580687763368082,20,0.0012984573125933434
LS1,IC1,1000,25,10,drf,mean_quantile_rmse,MEANQ-A-K,0.18757684975008876,0.018302159503635583,10,0.00578765101311852
LS1,IC1,1000,25,10,drf,mode_coverage,LAW-A-K,1.0,0.0,20,0.0
LS1,IC1,1000,25,10,drf,peak_ram,NONE_OPERATIONAL,550.42,8.18057319371802,10,2.5869243857866784
LS1,IC1,1000,25,10,drf,process_peak_ram,NONE_OPERATIONAL,791.79765625,184.52947504203274,10,58.35334365680186
LS1,IC1,1000,25,10,drf,reference_effect_rmse,REF-ATE-K,0.13936953983206007,0.017786882527961928,10,0.005624706126221327
LS1,IC1,1000,25,10,drf,reference_tcate_rmse,REF-TCATE-K,0.13950889707655872,0.017759825513316053,10,0.005616149946924777
LS1,IC1,1000,25,10,drf,runtime,NONE_OPERATIONAL,26.159100000000002,4.165057647993735,10,1.3171068753564041
LS1,IC1,1000,25,10,drf,tail_calibration,LAW-A-K,0.00013990804991390808,0.0004588715901675337,20,0.00010260680685580294
LS1,IC1,1000,25,10,drf,tate_functional_rmse,TATE-K-grid_mean,0.17282926675777982,0.019116886106371543,10,0.0060452901866162
LS1,IC1,1000,25,10,drf,tate_functional_rmse,TATE-K-grid_sd,0.008737252621654349,0.007330703273302635,10,0.0023181719194488135
LS1,IC1,1000,25,10,drf,tate_functional_rmse,TATE-K-grid_skewness,0.04776645989121917,0.0039678320006615725,10,0.0012547386494993296
LS1,IC1,1000,25,10,drf,tate_functional_rmse,TATE-K-grid_upper_tail_mean,0.1752761151094184,0.018799605319568848,10,0.005944957192205519
LS1,IC1,1000,25,10,drf,tcate_functional_rmse,TCATE-K-grid_mean,0.17293111827293703,0.019084696627684933,10,0.006035110979681887
LS1,IC1,1000,25,10,drf,tcate_functional_rmse,TCATE-K-grid_sd,0.008974207947387784,0.00710470876727125,10,0.00224670618167443
LS1,IC1,1000,25,10,drf,tcate_functional_rmse,TCATE-K-grid_skewness,0.04785940998201871,0.0039741207747031925,10,0.0012567273344654957
LS1,IC1,1000,25,10,drf,tcate_functional_rmse,TCATE-K-grid_upper_tail_mean,0.17536447428628582,0.018807996326838355,10,0.0059476106616889865
LS2,IC2,125,25,10,causal_drf,arm_energy_risk,LAW-A-M-K,0.15370508396285745,0.01644202511667171,20,0.0036765485848636852
LS2,IC2,125,25,10,causal_drf,barycenter_rmse,MEANQ-A-K,0.44371094261165817,0.025711879484450757,20,0.005749351035651414
LS2,IC2,125,25,10,causal_drf,diagnostic_effective_support,NONE_OPERATIONAL,50.72493148299809,0.8632202366601005,10,0.2729742070195497
LS2,IC2,125,25,10,causal_drf,kernel_law_error,LAW-A-K,0.1204944725097223,0.014248037167611268,20,0.003185957965272236
LS2,IC2,125,25,10,causal_drf,mean_quantile_rmse,MEANQ-A-K,0.30008199925775475,0.0688188967930993,10,0.021762445992625123
LS2,IC2,125,25,10,causal_drf,mode_coverage,LAW-A-K,1.0,0.0,20,0.0
LS2,IC2,125,25,10,causal_drf,peak_ram,NONE_OPERATIONAL,270.60548,0.12019759472542763,10,0.03800981686061924
LS2,IC2,125,25,10,causal_drf,process_peak_ram,NONE_OPERATIONAL,866.379296875,162.6188830400145,10,51.42460609589724
LS2,IC2,125,25,10,causal_drf,reference_effect_rmse,REF-ATE-K,0.2555909868727189,0.06196686957264063,10,0.019595644732012914
LS2,IC2,125,25,10,causal_drf,reference_tcate_rmse,REF-TCATE-K,0.2557657444202869,0.06191253954474533,10,0.01957846406866395
LS2,IC2,125,25,10,causal_drf,runtime,NONE_OPERATIONAL,4.2128,0.8551329721160329,10,0.270416789419592
LS2,IC2,125,25,10,causal_drf,tail_calibration,LAW-A-K,0.0016994602311132772,0.004335990183975959,20,0.0009695568801142063
LS2,IC2,125,25,10,causal_drf,tate_functional_rmse,TATE-K-grid_mean,0.29319365303647615,0.07039042354819981,10,0.02225940638762625
LS2,IC2,125,25,10,causal_drf,tate_functional_rmse,TATE-K-grid_sd,0.024297114978074436,0.008475078564833278,10,0.002680055161374416
LS2,IC2,125,25,10,causal_drf,tate_functional_rmse,TATE-K-grid_skewness,0.12518353929163678,0.032486028708208346,10,0.010272984285155589
LS2,IC2,125,25,10,causal_drf,tate_functional_rmse,TATE-K-grid_upper_tail_mean,0.30053026784577913,0.07848035909150873,10,0.024817668631707042
LS2,IC2,125,25,10,causal_drf,tcate_functional_rmse,TCATE-K-grid_mean,0.2934641715415226,0.07028233201549333,10,0.022225224843713143
LS2,IC2,125,25,10,causal_drf,tcate_functional_rmse,TCATE-K-grid_sd,0.02447706530144797,0.008335281982297611,10,0.0026358476003823738
LS2,IC2,125,25,10,causal_drf,tcate_functional_rmse,TCATE-K-grid_skewness,0.1251566516509352,0.03249306727738716,10,0.01027521007616296
LS2,IC2,125,25,10,causal_drf,tcate_functional_rmse,TCATE-K-grid_upper_tail_mean,0.3008268089466483,0.07836914245002831,10,0.024782498841627792
LS2,IC2,125,25,10,cwdb_dr,arm_energy_risk,LAW-A-M-K,0.07863295781641008,0.00948104714067548,20,0.0021200265904430383
LS2,IC2,125,25,10,cwdb_dr,barycenter_rmse,MEANQ-A-K,0.2236464544112978,0.023528679061501342,20,0.005261172580229296
LS2,IC2,125,25,10,cwdb_dr,diagnostic_dense_dr_n_levels,NONE_OPERATIONAL,199.0,0.0,10,0.0
LS2,IC2,125,25,10,cwdb_dr,diagnostic_dr_if_se_reference,NONE_OPERATIONAL,0.06048422905252697,0.01339773633316453,10,0.004236736230319241
LS2,IC2,125,25,10,cwdb_dr,diagnostic_effective_support,NONE_OPERATIONAL,9.999999999999998,0.0,10,0.0
LS2,IC2,125,25,10,cwdb_dr,diagnostic_ehat_mean,NONE_OPERATIONAL,0.5070963564990599,0.06419539560370599,10,0.020300366540327082
LS2,IC2,125,25,10,cwdb_dr,diagnostic_n_boosting_steps,NONE_OPERATIONAL,100.0,0.0,10,0.0
LS2,IC2,125,25,10,cwdb_dr,diagnostic_selected_contrast_shrinkage,NONE_OPERATIONAL,20.0,25.81988897471611,10,8.164965809277259
LS2,IC2,125,25,10,cwdb_dr,diagnostic_train_risk,NONE_OPERATIONAL,0.02195884534261553,0.002248259718266322,10,0.0007109621481330044
LS2,IC2,125,25,10,cwdb_dr,kernel_law_error,LAW-A-K,0.03717363505971036,0.007377963458137365,20,0.0016497627827904572
LS2,IC2,125,25,10,cwdb_dr,mean_quantile_rmse,MEANQ-A-K,0.1681015157312813,0.04787323632651809,10,0.015138846575530947
LS2,IC2,125,25,10,cwdb_dr,mode_coverage,LAW-A-K,1.0,0.0,20,0.0
LS2,IC2,125,25,10,cwdb_dr,peak_ram,NONE_OPERATIONAL,0.0,0.0,10,0.0
LS2,IC2,125,25,10,cwdb_dr,process_peak_ram,NONE_OPERATIONAL,866.379296875,162.6188830400145,10,51.42460609589724
LS2,IC2,125,25,10,cwdb_dr,reference_effect_rmse,REF-ATE-K,0.056073372588484396,0.049985257080101014,10,0.015806726180217674
LS2,IC2,125,25,10,cwdb_dr,reference_tcate_rmse,REF-TCATE-K,0.1219141788930395,0.06085234343529038,10,0.01924320062143127
LS2,IC2,125,25,10,cwdb_dr,runtime,NONE_OPERATIONAL,41.018022364800075,5.832448761116292,10,1.844382242135479
LS2,IC2,125,25,10,cwdb_dr,tail_calibration,LAW-A-K,0.0005887848046974154,0.0009371517229419298,20,0.00020955349577292043
LS2,IC2,125,25,10,cwdb_dr,tate_functional_rmse,TATE-K-grid_mean,0.06430859608256327,0.04208822494434198,10,0.013309465349763417
LS2,IC2,125,25,10,cwdb_dr,tate_functional_rmse,TATE-K-grid_sd,0.01863629262872717,0.018348412313666077,10,0.0058022774359064635
LS2,IC2,125,25,10,cwdb_dr,tate_functional_rmse,TATE-K-grid_skewness,0.02584647424261908,0.021536528225492065,10,0.006810448208505931
LS2,IC2,125,25,10,cwdb_dr,tate_functional_rmse,TATE-K-grid_upper_tail_mean,0.056424234783666746,0.04622050341463071,10,0.014616206538982298
LS2,IC2,125,25,10,cwdb_dr,tcate_functional_rmse,TCATE-K-grid_mean,0.14810498526294205,0.05179480800568709,10,0.01637895642690946
LS2,IC2,125,25,10,cwdb_dr,tcate_functional_rmse,TCATE-K-grid_sd,0.065579275743945,0.02135729577655878,10,0.006753769931582031
LS2,IC2,125,25,10,cwdb_dr,tcate_functional_rmse,TCATE-K-grid_skewness,0.06040709952316807,0.027635902954716657,10,0.008739239853228178
LS2,IC2,125,25,10,cwdb_dr,tcate_functional_rmse,TCATE-K-grid_upper_tail_mean,0.15498578870741828,0.040345522372357376,10,0.012758374408592928
LS2,IC2,125,25,10,drf,arm_energy_risk,LAW-A-M-K,0.19698051096764954,0.02132951361211397,20,0.0047694242363693915
LS2,IC2,125,25,10,drf,barycenter_rmse,MEANQ-A-K,0.529732177553153,0.021457278570817483,20,0.004797993349649743
LS2,IC2,125,25,10,drf,diagnostic_effective_support,NONE_OPERATIONAL,61.15182470387269,0.1643607450828122,10,0.051975431238400684
LS2,IC2,125,25,10,drf,kernel_law_error,LAW-A-K,0.16010615089180352,0.01920226443701213,20,0.004293756860308585
LS2,IC2,125,25,10,drf,mean_quantile_rmse,MEANQ-A-K,0.3067013935345791,0.07768734743968453,10,0.02456689632862535
LS2,IC2,125,25,10,drf,mode_coverage,LAW-A-K,0.99925,0.002446802424647975,20,0.0005471216549024178
LS2,IC2,125,25,10,drf,peak_ram,NONE_OPERATIONAL,253.22999999999996,2.2710986083587215,10,0.718184439325228
LS2,IC2,125,25,10,drf,process_peak_ram,NONE_OPERATIONAL,866.379296875,162.6188830400145,10,51.42460609589724
LS2,IC2,125,25,10,drf,reference_effect_rmse,REF-ATE-K,0.26320835099269574,0.0691976213493203,10,0.021882209212974606
LS2,IC2,125,25,10,drf,reference_tcate_rmse,REF-TCATE-K,0.26323220100092976,0.06917014728895768,10,0.021873521152242725
LS2,IC2,125,25,10,drf,runtime,NONE_OPERATIONAL,4.9590000000000005,1.069912249776692,10,0.3383359605809324
LS2,IC2,125,25,10,drf,tail_calibration,LAW-A-K,0.001702534450784985,0.004347915380979149,20,0.0009722234352286274
LS2,IC2,125,25,10,drf,tate_functional_rmse,TATE-K-grid_mean,0.30197002810655993,0.07882077357116736,10,0.024925317142129273
LS2,IC2,125,25,10,drf,tate_functional_rmse,TATE-K-grid_sd,0.021098818329233576,0.01171930914277151,10,0.0037059709494793387
LS2,IC2,125,25,10,drf,tate_functional_rmse,TATE-K-grid_skewness,0.12870904021467727,0.0336173430914081,10,0.010630737305217563
LS2,IC2,125,25,10,drf,tate_functional_rmse,TATE-K-grid_upper_tail_mean,0.30932753837957333,0.0883511822116978,10,0.027939096975751785
LS2,IC2,125,25,10,drf,tcate_functional_rmse,TCATE-K-grid_mean,0.30199291860253974,0.07878839430485907,10,0.024915077919079338
LS2,IC2,125,25,10,drf,tcate_functional_rmse,TCATE-K-grid_sd,0.021100440307475234,0.011723835962147135,10,0.003707402455457654
LS2,IC2,125,25,10,drf,tcate_functional_rmse,TCATE-K-grid_skewness,0.12870488349045703,0.03362011175043558,10,0.010631612832076686
LS2,IC2,125,25,10,drf,tcate_functional_rmse,TCATE-K-grid_upper_tail_mean,0.30935124644348766,0.08832145142825666,10,0.02792969527652226
LS2,IC2,250,25,10,causal_drf,arm_energy_risk,LAW-A-M-K,0.12322186106473396,0.012266840253993501,20,0.0027429488677060253
LS2,IC2,250,25,10,causal_drf,barycenter_rmse,MEANQ-A-K,0.37959172766958493,0.0175346877391382,20,0.003920875374894511
LS2,IC2,250,25,10,causal_drf,diagnostic_effective_support,NONE_OPERATIONAL,74.76638041586455,2.478661357091914,10,0.7838215436654398
LS2,IC2,250,25,10,causal_drf,kernel_law_error,LAW-A-K,0.09334370432929426,0.01181148950285058,20,0.0026411293443899093
LS2,IC2,250,25,10,causal_drf,mean_quantile_rmse,MEANQ-A-K,0.289605397704917,0.048772625713288345,10,0.01542325847208856
LS2,IC2,250,25,10,causal_drf,mode_coverage,LAW-A-K,1.0,0.0,20,0.0
LS2,IC2,250,25,10,causal_drf,peak_ram,NONE_OPERATIONAL,288.52501,0.1717660453446405,10,0.054317192796882546
LS2,IC2,250,25,10,causal_drf,process_peak_ram,NONE_OPERATIONAL,873.58515625,85.06833611009148,10,26.90096988686373
LS2,IC2,250,25,10,causal_drf,reference_effect_rmse,REF-ATE-K,0.23576763962336428,0.04600188204383502,10,0.014547072391292038
LS2,IC2,250,25,10,causal_drf,reference_tcate_rmse,REF-TCATE-K,0.2360397280820842,0.04592116705592254,10,0.014521548070980399
LS2,IC2,250,25,10,causal_drf,runtime,NONE_OPERATIONAL,8.0033,1.7555311984948858,10,0.5551477090728998
LS2,IC2,250,25,10,causal_drf,tail_calibration,LAW-A-K,0.0003201716375275553,0.00033938443632773385,20,7.58886670134262e-05
LS2,IC2,250,25,10,causal_drf,tate_functional_rmse,TATE-K-grid_mean,0.28245746262168536,0.04976865021666918,10,0.01573822907569071
LS2,IC2,250,25,10,causal_drf,tate_functional_rmse,TATE-K-grid_sd,0.008169471328988681,0.005806085234438593,10,0.001836045362989865
LS2,IC2,250,25,10,causal_drf,tate_functional_rmse,TATE-K-grid_skewness,0.12781371104726164,0.022089024325738543,10,0.0069851628160198884
LS2,IC2,250,25,10,causal_drf,tate_functional_rmse,TATE-K-grid_upper_tail_mean,0.2934951288441675,0.05148371786565336,10,0.016280581086896728
LS2,IC2,250,25,10,causal_drf,tcate_functional_rmse,TCATE-K-grid_mean,0.28276278775202274,0.04979226982959013,10,0.015745698253118886
LS2,IC2,250,25,10,causal_drf,tcate_functional_rmse,TCATE-K-grid_sd,0.009140531492888916,0.005132983443240844,10,0.0016231918872574686
LS2,IC2,250,25,10,causal_drf,tcate_functional_rmse,TCATE-K-grid_skewness,0.12785405263124539,0.02207434722110269,10,0.006980521508009298
LS2,IC2,250,25,10,causal_drf,tcate_functional_rmse,TCATE-K-grid_upper_tail_mean,0.29376962839305687,0.051579066993860494,10,0.016310733128701325
LS2,IC2,250,25,10,cwdb_dr,arm_energy_risk,LAW-A-M-K,0.06730951082816869,0.005813145184242959,20,0.0012998587795042796
LS2,IC2,250,25,10,cwdb_dr,barycenter_rmse,MEANQ-A-K,0.19486089338554505,0.011903579832824529,20,0.0026617213681791227
LS2,IC2,250,25,10,cwdb_dr,diagnostic_dense_dr_n_levels,NONE_OPERATIONAL,199.0,0.0,10,0.0
LS2,IC2,250,25,10,cwdb_dr,diagnostic_dr_if_se_reference,NONE_OPERATIONAL,0.0391892098621685,0.005398268030217265,10,0.0017070822395557218
LS2,IC2,250,25,10,cwdb_dr,diagnostic_effective_support,NONE_OPERATIONAL,9.999999999999998,0.0,10,0.0
LS2,IC2,250,25,10,cwdb_dr,diagnostic_ehat_mean,NONE_OPERATIONAL,0.49626607981575016,0.018861576634675595,10,0.005964554242738851
LS2,IC2,250,25,10,cwdb_dr,diagnostic_n_boosting_steps,NONE_OPERATIONAL,100.0,0.0,10,0.0
LS2,IC2,250,25,10,cwdb_dr,diagnostic_selected_contrast_shrinkage,NONE_OPERATIONAL,30.0,25.81988897471611,10,8.164965809277259
LS2,IC2,250,25,10,cwdb_dr,diagnostic_train_risk,NONE_OPERATIONAL,0.02635719469205126,0.004383047421963479,10,0.0013860412945933718
LS2,IC2,250,25,10,cwdb_dr,kernel_law_error,LAW-A-K,0.028322773809334085,0.003337634615300203,20,0.0007463177883867613
LS2,IC2,250,25,10,cwdb_dr,mean_quantile_rmse,MEANQ-A-K,0.12898456469608816,0.04219475522013953,10,0.013343153180892034
LS2,IC2,250,25,10,cwdb_dr,mode_coverage,LAW-A-K,1.0,0.0,20,0.0
LS2,IC2,250,25,10,cwdb_dr,peak_ram,NONE_OPERATIONAL,0.0,0.0,10,0.0
LS2,IC2,250,25,10,cwdb_dr,process_peak_ram,NONE_OPERATIONAL,873.58515625,85.06833611009148,10,26.90096988686373
LS2,IC2,250,25,10,cwdb_dr,reference_effect_rmse,REF-ATE-K,0.027039454521740593,0.013334246286562063,10,0.004216658914717838
LS2,IC2,250,25,10,cwdb_dr,reference_tcate_rmse,REF-TCATE-K,0.0685727901816314,0.03078014735487609,10,0.009733537235701549
LS2,IC2,250,25,10,cwdb_dr,runtime,NONE_OPERATIONAL,77.57480119229994,16.24697645778338,10,5.137745069772997
LS2,IC2,250,25,10,cwdb_dr,tail_calibration,LAW-A-K,0.0004549565911490753,0.00047115914845843475,20,0.00010535438841739752
LS2,IC2,250,25,10,cwdb_dr,tate_functional_rmse,TATE-K-grid_mean,0.02671086038198116,0.013689110784592668,10,0.004328876922168743
LS2,IC2,250,25,10,cwdb_dr,tate_functional_rmse,TATE-K-grid_sd,0.017323733250487545,0.021597953615944566,10,0.006829872622505437
LS2,IC2,250,25,10,cwdb_dr,tate_functional_rmse,TATE-K-grid_skewness,0.012082707389545042,0.011793854379163669,10,0.003729544223050828
LS2,IC2,250,25,10,cwdb_dr,tate_functional_rmse,TATE-K-grid_upper_tail_mean,0.032591460876803764,0.014897650559558509,10,0.0047110507553486825
LS2,IC2,250,25,10,cwdb_dr,tcate_functional_rmse,TCATE-K-grid_mean,0.07322652201922575,0.024998492664139404,10,0.007905217488969114
LS2,IC2,250,25,10,cwdb_dr,tcate_functional_rmse,TCATE-K-grid_sd,0.050696538153170136,0.035014958949645555,10,0.0110727022458177
LS2,IC2,250,25,10,cwdb_dr,tcate_functional_rmse,TCATE-K-grid_skewness,0.03951951286920593,0.012196718675972107,10,0.0038569410996385045
LS2,IC2,250,25,10,cwdb_dr,tcate_functional_rmse,TCATE-K-grid_upper_tail_mean,0.07729571052621088,0.026998445230686535,10,0.008537658021227955
LS2,IC2,250,25,10,drf,arm_energy_risk,LAW-A-M-K,0.17213983258931165,0.018511772462346608,20,0.004139358160981568
LS2,IC2,250,25,10,drf,barycenter_rmse,MEANQ-A-K,0.4840502950730232,0.021435600243881553,20,0.004793145928383022
LS2,IC2,250,25,10,drf,diagnostic_effective_support,NONE_OPERATIONAL,116.68564351938292,1.1297341043054303,10,0.3572532919975396
LS2,IC2,250,25,10,drf,kernel_law_error,LAW-A-K,0.1381721892096585,0.018167216472328693,20,0.004062313099408088
LS2,IC2,250,25,10,drf,mean_quantile_rmse,MEANQ-A-K,0.30380425535074695,0.05253119521254162,10,0.016611822508256446
LS2,IC2,250,25,10,drf,mode_coverage,LAW-A-K,1.0,0.0,20,0.0
LS2,IC2,250,25,10,drf,peak_ram,NONE_OPERATIONAL,308.46,8.905204470794963,10,2.8160729157226485
LS2,IC2,250,25,10,drf,process_peak_ram,NONE_OPERATIONAL,873.58515625,85.06833611009148,10,26.90096988686373
LS2,IC2,250,25,10,drf,reference_effect_rmse,REF-ATE-K,0.2496022932662338,0.04929886576127245,10,0.015589670186851166
LS2,IC2,250,25,10,drf,reference_tcate_rmse,REF-TCATE-K,0.2496338065662295,0.04930310919816737,10,0.01559101207942068
LS2,IC2,250,25,10,drf,runtime,NONE_OPERATIONAL,8.4969,1.5044011322339086,10,0.4757334092395305
LS2,IC2,250,25,10,drf,tail_calibration,LAW-A-K,0.0003201716375275585,0.0003393844363277295,20,7.588866701342522e-05
LS2,IC2,250,25,10,drf,tate_functional_rmse,TATE-K-grid_mean,0.2975242372022552,0.054004345059733797,10,0.017077673393442076
LS2,IC2,250,25,10,drf,tate_functional_rmse,TATE-K-grid_sd,0.008434449425449192,0.00472115191824249,10,0.0014929593241319314
LS2,IC2,250,25,10,drf,tate_functional_rmse,TATE-K-grid_skewness,0.13811123971564396,0.027820535205281077,10,0.008797625697358827
LS2,IC2,250,25,10,drf,tate_functional_rmse,TATE-K-grid_upper_tail_mean,0.30881683480792144,0.055497852891102144,10,0.01754996203848434
LS2,IC2,250,25,10,drf,tcate_functional_rmse,TCATE-K-grid_mean,0.2975558157837892,0.0540180020442666,10,0.01708199211115141
LS2,IC2,250,25,10,drf,tcate_functional_rmse,TCATE-K-grid_sd,0.00845072847600857,0.004711400235553846,10,0.0014898755713003966
LS2,IC2,250,25,10,drf,tcate_functional_rmse,TCATE-K-grid_skewness,0.1381074039667207,0.027824028967063864,10,0.008798730521842392
LS2,IC2,250,25,10,drf,tcate_functional_rmse,TCATE-K-grid_upper_tail_mean,0.3088486316216697,0.05551420528881894,10,0.017555133120683342
LS2,IC2,500,25,10,causal_drf,arm_energy_risk,LAW-A-M-K,0.09431138569364969,0.008678361844687173,20,0.001940540701806099
LS2,IC2,500,25,10,causal_drf,barycenter_rmse,MEANQ-A-K,0.3165746881896219,0.01639828923491272,20,0.003666768944396786
LS2,IC2,500,25,10,causal_drf,diagnostic_effective_support,NONE_OPERATIONAL,102.3555360470764,3.761453034367473,10,1.1894758900352822
LS2,IC2,500,25,10,causal_drf,kernel_law_error,LAW-A-K,0.06834856998251054,0.008144966634921563,20,0.0018212699070152326
LS2,IC2,500,25,10,causal_drf,mean_quantile_rmse,MEANQ-A-K,0.23208173871336793,0.035893852748838426,10,0.011350632868502512
LS2,IC2,500,25,10,causal_drf,mode_coverage,LAW-A-K,1.0,0.0,20,0.0
LS2,IC2,500,25,10,causal_drf,peak_ram,NONE_OPERATIONAL,318.54218000000003,1.8284147692590222,10,0.5781955178349728
LS2,IC2,500,25,10,causal_drf,process_peak_ram,NONE_OPERATIONAL,977.86484375,14.625933315423774,10,4.625126218247703
LS2,IC2,500,25,10,causal_drf,reference_effect_rmse,REF-ATE-K,0.18556571430818392,0.033418160243413354,10,0.010567750158167313
LS2,IC2,500,25,10,causal_drf,reference_tcate_rmse,REF-TCATE-K,0.1857820314037463,0.0332333105534286,10,0.010509295553654529
LS2,IC2,500,25,10,causal_drf,runtime,NONE_OPERATIONAL,14.9344,1.1623495553786265,10,0.36756720322804787
LS2,IC2,500,25,10,causal_drf,tail_calibration,LAW-A-K,0.0006660951487060539,0.0010209021900651697,20,0.000228280669536413
LS2,IC2,500,25,10,causal_drf,tate_functional_rmse,TATE-K-grid_mean,0.2246023046684829,0.03724630817303663,10,0.011778316825934066
LS2,IC2,500,25,10,causal_drf,tate_functional_rmse,TATE-K-grid_sd,0.007461652966362142,0.007016933461927917,10,0.002218949192954262
LS2,IC2,500,25,10,causal_drf,tate_functional_rmse,TATE-K-grid_skewness,0.09607608285437322,0.006969551096906127,10,0.0022039655735148268
LS2,IC2,500,25,10,causal_drf,tate_functional_rmse,TATE-K-grid_upper_tail_mean,0.23779968623076528,0.03671996077149889,10,0.011611871162997018
LS2,IC2,500,25,10,causal_drf,tcate_functional_rmse,TCATE-K-grid_mean,0.22473508755663887,0.037122712805216306,10,0.011739232538878215
LS2,IC2,500,25,10,causal_drf,tcate_functional_rmse,TCATE-K-grid_sd,0.008321513626526859,0.007079472277039833,10,0.002238725702746443
LS2,IC2,500,25,10,causal_drf,tcate_functional_rmse,TCATE-K-grid_skewness,0.09611567789888413,0.0069529031812632595,10,0.002198701040342246
LS2,IC2,500,25,10,causal_drf,tcate_functional_rmse,TCATE-K-grid_upper_tail_mean,0.23789278127173566,0.036677632503118694,10,0.011598485789247787
LS2,IC2,500,25,10,cwdb_dr,arm_energy_risk,LAW-A-M-K,0.05753830573825889,0.005481240343926121,20,0.0012256426010033132
LS2,IC2,500,25,10,cwdb_dr,barycenter_rmse,MEANQ-A-K,0.17243791917165474,0.01099336747016075,20,0.0024581916964914324
LS2,IC2,500,25,10,cwdb_dr,diagnostic_dense_dr_n_levels,NONE_OPERATIONAL,199.0,0.0,10,0.0
LS2,IC2,500,25,10,cwdb_dr,diagnostic_dr_if_se_reference,NONE_OPERATIONAL,0.024084006976160543,0.0016542165251223582,10,0.0005231091962475797
LS2,IC2,500,25,10,cwdb_dr,diagnostic_effective_support,NONE_OPERATIONAL,9.999999999999998,0.0,10,0.0
LS2,IC2,500,25,10,cwdb_dr,diagnostic_ehat_mean,NONE_OPERATIONAL,0.4944179585027471,0.029920617097943802,10,0.009461729902727973
LS2,IC2,500,25,10,cwdb_dr,diagnostic_n_boosting_steps,NONE_OPERATIONAL,100.0,0.0,10,0.0
LS2,IC2,500,25,10,cwdb_dr,diagnostic_selected_contrast_shrinkage,NONE_OPERATIONAL,20.0,25.81988897471611,10,8.164965809277259
LS2,IC2,500,25,10,cwdb_dr,diagnostic_train_risk,NONE_OPERATIONAL,0.04349856250067273,0.00748999239566343,10,0.0023685435627637504
LS2,IC2,500,25,10,cwdb_dr,kernel_law_error,LAW-A-K,0.022879467966272302,0.0034871221990177277,20,0.0007797442282852189
LS2,IC2,500,25,10,cwdb_dr,mean_quantile_rmse,MEANQ-A-K,0.12185385176766424,0.0472392056355519,10,0.014938348466540598
LS2,IC2,500,25,10,cwdb_dr,mode_coverage,LAW-A-K,1.0,0.0,20,0.0
LS2,IC2,500,25,10,cwdb_dr,peak_ram,NONE_OPERATIONAL,0.0,0.0,10,0.0
LS2,IC2,500,25,10,cwdb_dr,process_peak_ram,NONE_OPERATIONAL,977.86484375,14.625933315423774,10,4.625126218247703
LS2,IC2,500,25,10,cwdb_dr,reference_effect_rmse,REF-ATE-K,0.0192181979760897,0.010861292080230723,10,0.003434642130587736
LS2,IC2,500,25,10,cwdb_dr,reference_tcate_rmse,REF-TCATE-K,0.04505267981368094,0.011175917188417296,10,0.003534135325682382
LS2,IC2,500,25,10,cwdb_dr,runtime,NONE_OPERATIONAL,148.06610037350003,17.26698510596842,10,5.460300125906406
LS2,IC2,500,25,10,cwdb_dr,tail_calibration,LAW-A-K,0.000367213255233724,0.00036302955364744604,20,8.117587597970961e-05
LS2,IC2,500,25,10,cwdb_dr,tate_functional_rmse,TATE-K-grid_mean,0.01675184432264503,0.008568240549926012,10,0.0027095155677979857
LS2,IC2,500,25,10,cwdb_dr,tate_functional_rmse,TATE-K-grid_sd,0.009246746027937153,0.007212273001370785,10,0.002280720979127038
LS2,IC2,500,25,10,cwdb_dr,tate_functional_rmse,TATE-K-grid_skewness,0.007545578781648579,0.005438521919696429,10,0.0017198116370992066
LS2,IC2,500,25,10,cwdb_dr,tate_functional_rmse,TATE-K-grid_upper_tail_mean,0.01307506741233099,0.00956731188462866,10,0.0030254496640624647
LS2,IC2,500,25,10,cwdb_dr,tcate_functional_rmse,TCATE-K-grid_mean,0.047467962575468134,0.011369008830741134,10,0.0035951962643709715
LS2,IC2,500,25,10,cwdb_dr,tcate_functional_rmse,TCATE-K-grid_sd,0.031496594165348175,0.012317299148617315,10,0.003895071993128353
LS2,IC2,500,25,10,cwdb_dr,tcate_functional_rmse,TCATE-K-grid_skewness,0.017730130723219543,0.006370979186903391,10,0.0020146805156142297
LS2,IC2,500,25,10,cwdb_dr,tcate_functional_rmse,TCATE-K-grid_upper_tail_mean,0.0540361735443168,0.01278973039808191,10,0.004044467871743085
LS2,IC2,500,25,10,drf,arm_energy_risk,LAW-A-M-K,0.1272990357169477,0.01260524337688126,20,0.0028186181063635496
LS2,IC2,500,25,10,drf,barycenter_rmse,MEANQ-A-K,0.3906160286340519,0.0188576404914864,20,0.004216696603421613
LS2,IC2,500,25,10,drf,diagnostic_effective_support,NONE_OPERATIONAL,174.39448996345104,2.3071182064263542,10,0.7295748363549799
LS2,IC2,500,25,10,drf,kernel_law_error,LAW-A-K,0.09776267929104053,0.01191427481903393,20,0.002664112839797387
LS2,IC2,500,25,10,drf,mean_quantile_rmse,MEANQ-A-K,0.24950603243092906,0.04024036647233021,10,0.012725121193243847
LS2,IC2,500,25,10,drf,mode_coverage,LAW-A-K,1.0,0.0,20,0.0
LS2,IC2,500,25,10,drf,peak_ram,NONE_OPERATIONAL,435.03000000000003,4.248672995444846,10,1.3435483698855906
LS2,IC2,500,25,10,drf,process_peak_ram,NONE_OPERATIONAL,977.86484375,14.625933315423774,10,4.625126218247703
LS2,IC2,500,25,10,drf,reference_effect_rmse,REF-ATE-K,0.20157004393980021,0.03830699545566075,10,0.01211373559576076
LS2,IC2,500,25,10,drf,reference_tcate_rmse,REF-TCATE-K,0.2015969510113124,0.0382693479823062,10,0.012101830419365672
LS2,IC2,500,25,10,drf,runtime,NONE_OPERATIONAL,16.5268,1.5615816625744852,10,0.49381548060878905
LS2,IC2,500,25,10,drf,tail_calibration,LAW-A-K,0.0007239462888726844,0.001152190887360465,20,0.0002576377147193803
LS2,IC2,500,25,10,drf,tate_functional_rmse,TATE-K-grid_mean,0.2410611090199505,0.041202657463332536,10,0.013029424323586641
LS2,IC2,500,25,10,drf,tate_functional_rmse,TATE-K-grid_sd,0.007588217564190694,0.006282601455968811,10,0.0019867330231951503
LS2,IC2,500,25,10,drf,tate_functional_rmse,TATE-K-grid_skewness,0.10626922657613627,0.009879452353588811,10,0.003124157147245181
LS2,IC2,500,25,10,drf,tate_functional_rmse,TATE-K-grid_upper_tail_mean,0.25310275373253616,0.039147042140762894,10,0.012379381682340462
LS2,IC2,500,25,10,drf,tcate_functional_rmse,TCATE-K-grid_mean,0.24107409908869074,0.041160775976762425,10,0.013016180234651111
LS2,IC2,500,25,10,drf,tcate_functional_rmse,TCATE-K-grid_sd,0.007654284608613615,0.0062311623960208656,10,0.0019704665641818056
LS2,IC2,500,25,10,drf,tcate_functional_rmse,TCATE-K-grid_skewness,0.1062636195131321,0.009874550243763547,10,0.0031226069640063686
LS2,IC2,500,25,10,drf,tcate_functional_rmse,TCATE-K-grid_upper_tail_mean,0.2531095529819536,0.039112120002036475,10,0.012368338332426477
LS2,IC2,1000,25,10,causal_drf,arm_energy_risk,LAW-A-M-K,0.07103293274223604,0.005772755482381743,20,0.0012908273676090166
LS2,IC2,1000,25,10,causal_drf,barycenter_rmse,MEANQ-A-K,0.2617611578711126,0.013525588655405341,20,0.003024413566918632
LS2,IC2,1000,25,10,causal_drf,diagnostic_effective_support,NONE_OPERATIONAL,124.88310702753138,4.16924321792205,10,1.3184304687843424
LS2,IC2,1000,25,10,causal_drf,kernel_law_error,LAW-A-K,0.0488350360999217,0.005155325401795131,20,0.0011527658044545328
LS2,IC2,1000,25,10,causal_drf,mean_quantile_rmse,MEANQ-A-K,0.19739164279688856,0.022677732173751023,10,0.007171328583633455
LS2,IC2,1000,25,10,causal_drf,mode_coverage,LAW-A-K,1.0,0.0,20,0.0
LS2,IC2,1000,25,10,causal_drf,peak_ram,NONE_OPERATIONAL,388.06993,4.3836359135235545,10,1.386227391964734
LS2,IC2,1000,25,10,causal_drf,process_peak_ram,NONE_OPERATIONAL,943.899609375,109.46598070001743,10,34.61618253160881
LS2,IC2,1000,25,10,causal_drf,reference_effect_rmse,REF-ATE-K,0.15614161761637982,0.02159002053301336,10,0.006827363961412475
LS2,IC2,1000,25,10,causal_drf,reference_tcate_rmse,REF-TCATE-K,0.15636332218081533,0.02171421183126316,10,0.00686663669821674
LS2,IC2,1000,25,10,causal_drf,runtime,NONE_OPERATIONAL,30.2856,4.590672431983988,10,1.4516980876813808
LS2,IC2,1000,25,10,causal_drf,tail_calibration,LAW-A-K,0.0005834064152594756,0.0007255052732329023,20,0.0001622279108983328
LS2,IC2,1000,25,10,causal_drf,tate_functional_rmse,TATE-K-grid_mean,0.18966862739679416,0.0236668507865157,10,0.007484115352873703
LS2,IC2,1000,25,10,causal_drf,tate_functional_rmse,TATE-K-grid_sd,0.00783285644838059,0.005964726664238147,10,0.0018862121879330948
LS2,IC2,1000,25,10,causal_drf,tate_functional_rmse,TATE-K-grid_skewness,0.07262116074863793,0.00666186909829238,10,0.0021066679824496056
LS2,IC2,1000,25,10,causal_drf,tate_functional_rmse,TATE-K-grid_upper_tail_mean,0.1995478645064806,0.022823435024023727,10,0.007217403870477478
LS2,IC2,1000,25,10,causal_drf,tcate_functional_rmse,TCATE-K-grid_mean,0.18985782221137149,0.023778197141034192,10,0.007519326161817204
LS2,IC2,1000,25,10,causal_drf,tcate_functional_rmse,TCATE-K-grid_sd,0.008444914742799448,0.005678635388594686,10,0.0017957421829594559
LS2,IC2,1000,25,10,causal_drf,tcate_functional_rmse,TCATE-K-grid_skewness,0.07266886252985821,0.006662948106458377,10,0.002107009194791453
LS2,IC2,1000,25,10,causal_drf,tcate_functional_rmse,TCATE-K-grid_upper_tail_mean,0.1997442610855155,0.02291693691835804,10,0.007246971765641161
LS2,IC2,1000,25,10,cwdb_dr,arm_energy_risk,LAW-A-M-K,0.04661505292064495,0.0038392012807082717,20,0.0008584715042967947
LS2,IC2,1000,25,10,cwdb_dr,barycenter_rmse,MEANQ-A-K,0.15062240734632465,0.009439202320711644,20,0.0021106698042485006
LS2,IC2,1000,25,10,cwdb_dr,diagnostic_dense_dr_n_levels,NONE_OPERATIONAL,199.0,0.0,10,0.0
LS2,IC2,1000,25,10,cwdb_dr,diagnostic_dr_if_se_reference,NONE_OPERATIONAL,0.0175453105968357,0.0014379563811006291,10,0.00045472173402510876
LS2,IC2,1000,25,10,cwdb_dr,diagnostic_effective_support,NONE_OPERATIONAL,9.999999999999998,0.0,10,0.0
LS2,IC2,1000,25,10,cwdb_dr,diagnostic_ehat_mean,NONE_OPERATIONAL,0.5011351287276258,0.01617861729024485,10,0.005116128002935516
LS2,IC2,1000,25,10,cwdb_dr,diagnostic_n_boosting_steps,NONE_OPERATIONAL,100.0,0.0,10,0.0
LS2,IC2,1000,25,10,cwdb_dr,diagnostic_selected_contrast_shrinkage,NONE_OPERATIONAL,85.0,147.290340635238,10,46.5772953749404
LS2,IC2,1000,25,10,cwdb_dr,diagnostic_train_risk,NONE_OPERATIONAL,0.06787257244812159,0.006391420812083782,10,0.0020211447250787786
LS2,IC2,1000,25,10,cwdb_dr,kernel_law_error,LAW-A-K,0.017209337899652944,0.0023266895600864016,20,0.0005202636018892276
LS2,IC2,1000,25,10,cwdb_dr,mean_quantile_rmse,MEANQ-A-K,0.08228057024762818,0.027626380302327357,10,0.008736228526136555
LS2,IC2,1000,25,10,cwdb_dr,mode_coverage,LAW-A-K,1.0,0.0,20,0.0
LS2,IC2,1000,25,10,cwdb_dr,peak_ram,NONE_OPERATIONAL,0.0,0.0,10,0.0
LS2,IC2,1000,25,10,cwdb_dr,process_peak_ram,NONE_OPERATIONAL,938.99375,124.87563566008549,10,39.489143294721416
LS2,IC2,1000,25,10,cwdb_dr,reference_effect_rmse,REF-ATE-K,0.01585821061602632,0.01117711577534046,10,0.003534514352147471
LS2,IC2,1000,25,10,cwdb_dr,reference_tcate_rmse,REF-TCATE-K,0.030996427185799556,0.01098761659913211,10,0.0034745894509930733
LS2,IC2,1000,25,10,cwdb_dr,runtime,NONE_OPERATIONAL,273.5045735126999,52.35765489388548,10,16.556944240973966
LS2,IC2,1000,25,10,cwdb_dr,tail_calibration,LAW-A-K,0.00032017163752755875,0.00033938443632773775,20,7.588866701342707e-05
LS2,IC2,1000,25,10,cwdb_dr,tate_functional_rmse,TATE-K-grid_mean,0.016977945565013662,0.013389940445912017,10,0.004234270954309259
LS2,IC2,1000,25,10,cwdb_dr,tate_functional_rmse,TATE-K-grid_sd,0.014243625584327702,0.007112882501560567,10,0.0022492909434087558
LS2,IC2,1000,25,10,cwdb_dr,tate_functional_rmse,TATE-K-grid_skewness,0.002880203680869198,0.0019689235477874656,10,0.0006226282949747771
LS2,IC2,1000,25,10,cwdb_dr,tate_functional_rmse,TATE-K-grid_upper_tail_mean,0.01769533647384401,0.01277591971702865,10,0.004040100550926442
LS2,IC2,1000,25,10,cwdb_dr,tcate_functional_rmse,TCATE-K-grid_mean,0.033441826328509276,0.011443814295278151,10,0.003618851829307364
LS2,IC2,1000,25,10,cwdb_dr,tcate_functional_rmse,TCATE-K-grid_sd,0.02453767031227635,0.007932735779008463,10,0.002508551313797687
LS2,IC2,1000,25,10,cwdb_dr,tcate_functional_rmse,TCATE-K-grid_skewness,0.009595727192467918,0.0049174516707058144,10,0.001555034756323067
LS2,IC2,1000,25,10,cwdb_dr,tcate_functional_rmse,TCATE-K-grid_upper_tail_mean,0.034153828029044035,0.009511971994309212,10,0.0030079496541751288
LS2,IC2,1000,25,10,drf,arm_energy_risk,LAW-A-M-K,0.09835496912664687,0.008271426009468228,20,0.0018495470828030778
LS2,IC2,1000,25,10,drf,barycenter_rmse,MEANQ-A-K,0.3266939159040654,0.014332079787995411,20,0.0032047504664908513
LS2,IC2,1000,25,10,drf,diagnostic_effective_support,NONE_OPERATIONAL,235.8143191472073,4.211685945497789,10,1.3318520377092795
LS2,IC2,1000,25,10,drf,kernel_law_error,LAW-A-K,0.0723539336251651,0.007572103744719274,20,0.001693173870587301
LS2,IC2,1000,25,10,drf,mean_quantile_rmse,MEANQ-A-K,0.22981889650568235,0.0198861318532189,10,0.006288547050659694
LS2,IC2,1000,25,10,drf,mode_coverage,LAW-A-K,1.0,0.0,20,0.0
LS2,IC2,1000,25,10,drf,peak_ram,NONE_OPERATIONAL,553.08,24.10835724160583,10,7.6237319528488685
LS2,IC2,1000,25,10,drf,process_peak_ram,NONE_OPERATIONAL,943.90234375,109.45740002816422,10,34.61346908491774
LS2,IC2,1000,25,10,drf,reference_effect_rmse,REF-ATE-K,0.179519060970203,0.01595736471524501,10,0.005046161795417845
LS2,IC2,1000,25,10,drf,reference_tcate_rmse,REF-TCATE-K,0.17958281963188472,0.015930963041553,10,0.005037812853127115
LS2,IC2,1000,25,10,drf,runtime,NONE_OPERATIONAL,28.3624,4.260043979950337,10,1.3471441909131743
LS2,IC2,1000,25,10,drf,tail_calibration,LAW-A-K,0.0006868802458021103,0.0009151502510063306,20,0.00020463381708761506
LS2,IC2,1000,25,10,drf,tate_functional_rmse,TATE-K-grid_mean,0.2168489937930814,0.018745361967286715,10,0.005927803938092076
LS2,IC2,1000,25,10,drf,tate_functional_rmse,TATE-K-grid_sd,0.006795893258431681,0.005372280313826298,10,0.0016988642020575272
LS2,IC2,1000,25,10,drf,tate_functional_rmse,TATE-K-grid_skewness,0.09123942277959866,0.006605794287760314,10,0.002088935570385233
LS2,IC2,1000,25,10,drf,tate_functional_rmse,TATE-K-grid_upper_tail_mean,0.22788930281607866,0.01902424571400222,10,0.006015994722294326
LS2,IC2,1000,25,10,drf,tcate_functional_rmse,TCATE-K-grid_mean,0.21690416717116245,0.018750904390889295,10,0.005929556606326239
LS2,IC2,1000,25,10,drf,tcate_functional_rmse,TCATE-K-grid_sd,0.007003283319079791,0.0052077932729469555,10,0.0016468488325815324
LS2,IC2,1000,25,10,drf,tcate_functional_rmse,TCATE-K-grid_skewness,0.09124390939719615,0.006604234414410439,10,0.002088442295120533
LS2,IC2,1000,25,10,drf,tcate_functional_rmse,TCATE-K-grid_upper_tail_mean,0.22794066291007836,0.019052370431817046,10,0.006024888538978762
LS3,IC3,125,25,10,causal_drf,arm_energy_risk,LAW-A-M-K,0.15240375294302094,0.02274432348412874,20,0.0050857853412756724
LS3,IC3,125,25,10,causal_drf,barycenter_rmse,MEANQ-A-K,0.4435546426280115,0.0396934202865607,20,0.00887571860202189
LS3,IC3,125,25,10,causal_drf,diagnostic_effective_support,NONE_OPERATIONAL,50.46140171370706,1.0333326726415215,10,0.3267684826216368
LS3,IC3,125,25,10,causal_drf,kernel_law_error,LAW-A-K,0.11781733482238035,0.01738531897066805,20,0.003887475502893043
LS3,IC3,125,25,10,causal_drf,mean_quantile_rmse,MEANQ-A-K,0.3997942568461415,0.08005978902894774,10,0.025317128232403494
LS3,IC3,125,25,10,causal_drf,mode_coverage,LAW-A-K,1.0,0.0,20,0.0
LS3,IC3,125,25,10,causal_drf,peak_ram,NONE_OPERATIONAL,270.67577,0.2088744814476163,10,0.06605191064610516
LS3,IC3,125,25,10,causal_drf,process_peak_ram,NONE_OPERATIONAL,876.048828125,88.04531639996468,10,27.84237371340649
LS3,IC3,125,25,10,causal_drf,reference_effect_rmse,REF-ATE-K,0.3146566915265018,0.06434148889202966,10,0.020346565294523732
LS3,IC3,125,25,10,causal_drf,reference_tcate_rmse,REF-TCATE-K,0.3149127991395037,0.0642265882900604,10,0.020310230533849
LS3,IC3,125,25,10,causal_drf,runtime,NONE_OPERATIONAL,4.787599999999999,1.3486472399325844,10,0.4264797038286556
LS3,IC3,125,25,10,causal_drf,tail_calibration,LAW-A-K,3.740321573935026e-05,1.9892494331889393e-05,20,4.448096956813394e-06
LS3,IC3,125,25,10,causal_drf,tate_functional_rmse,TATE-K-grid_mean,0.38814588142300044,0.0810875751243861,10,0.025642142733307133
LS3,IC3,125,25,10,causal_drf,tate_functional_rmse,TATE-K-grid_sd,0.017503845658333805,0.00950530750192937,10,0.0030058421566382153
LS3,IC3,125,25,10,causal_drf,tate_functional_rmse,TATE-K-grid_skewness,0.09790555508637433,0.027358736004042827,10,0.008651591967602894
LS3,IC3,125,25,10,causal_drf,tate_functional_rmse,TATE-K-grid_upper_tail_mean,0.3965621369177963,0.08895246410783769,10,0.02812923900651447
LS3,IC3,125,25,10,causal_drf,tcate_functional_rmse,TCATE-K-grid_mean,0.3883310373020633,0.08103205892138172,10,0.025624586968453322
LS3,IC3,125,25,10,causal_drf,tcate_functional_rmse,TCATE-K-grid_sd,0.017943092720713406,0.009718985436746059,10,0.003073413052612388
LS3,IC3,125,25,10,causal_drf,tcate_functional_rmse,TCATE-K-grid_skewness,0.09816271141281611,0.027214805335098836,10,0.008606077093701427
LS3,IC3,125,25,10,causal_drf,tcate_functional_rmse,TCATE-K-grid_upper_tail_mean,0.39668610084962397,0.08898666052759972,10,0.02814005286394159
LS3,IC3,125,25,10,cwdb_dr,arm_energy_risk,LAW-A-M-K,0.09614614017387639,0.01506311732089452,20,0.003368215428257466
LS3,IC3,125,25,10,cwdb_dr,barycenter_rmse,MEANQ-A-K,0.2475561103991326,0.027690655025067522,20,0.006191818697754712
LS3,IC3,125,25,10,cwdb_dr,diagnostic_dense_dr_n_levels,NONE_OPERATIONAL,199.0,0.0,10,0.0
LS3,IC3,125,25,10,cwdb_dr,diagnostic_dr_if_se_reference,NONE_OPERATIONAL,0.07007659793726298,0.07210158516651,10,0.022800523203478234
LS3,IC3,125,25,10,cwdb_dr,diagnostic_effective_support,NONE_OPERATIONAL,9.999999999999998,0.0,10,0.0
LS3,IC3,125,25,10,cwdb_dr,diagnostic_ehat_mean,NONE_OPERATIONAL,0.50619716465177,0.06436837781694281,10,0.02035506831917961
LS3,IC3,125,25,10,cwdb_dr,diagnostic_n_boosting_steps,NONE_OPERATIONAL,100.0,0.0,10,0.0
LS3,IC3,125,25,10,cwdb_dr,diagnostic_selected_contrast_shrinkage,NONE_OPERATIONAL,170.0,228.76479915697988,10,72.34178138070236
LS3,IC3,125,25,10,cwdb_dr,diagnostic_train_risk,NONE_OPERATIONAL,0.023490057565511556,0.0032044316548070725,10,0.0010133302635532797
LS3,IC3,125,25,10,cwdb_dr,kernel_law_error,LAW-A-K,0.04548757219869602,0.009162179834201624,20,0.0020487256931352583
LS3,IC3,125,25,10,cwdb_dr,mean_quantile_rmse,MEANQ-A-K,0.229786078869813,0.024648122622731625,10,0.007794420753495505
LS3,IC3,125,25,10,cwdb_dr,mode_coverage,LAW-A-K,1.0,0.0,20,0.0
LS3,IC3,125,25,10,cwdb_dr,peak_ram,NONE_OPERATIONAL,0.0,0.0,10,0.0
LS3,IC3,125,25,10,cwdb_dr,process_peak_ram,NONE_OPERATIONAL,876.048828125,88.04531639996468,10,27.84237371340649
LS3,IC3,125,25,10,cwdb_dr,reference_effect_rmse,REF-ATE-K,0.08463540408178069,0.04047751581704199,10,0.012800114400734409
LS3,IC3,125,25,10,cwdb_dr,reference_tcate_rmse,REF-TCATE-K,0.15169249060284035,0.11805920074433035,10,0.037333597309112995
LS3,IC3,125,25,10,cwdb_dr,runtime,NONE_OPERATIONAL,40.97845464910006,8.353079482784468,10,2.6414756642020163
LS3,IC3,125,25,10,cwdb_dr,tail_calibration,LAW-A-K,8.74014751533371e-05,0.00022946974421767357,20,5.131099468502074e-05
LS3,IC3,125,25,10,cwdb_dr,tate_functional_rmse,TATE-K-grid_mean,0.09880652074500357,0.05857509951622881,10,0.018523072864231
LS3,IC3,125,25,10,cwdb_dr,tate_functional_rmse,TATE-K-grid_sd,0.04092873862743179,0.021363051420818388,10,0.006755590026108234
LS3,IC3,125,25,10,cwdb_dr,tate_functional_rmse,TATE-K-grid_skewness,0.05603109506629791,0.044857466186993426,10,0.014185176321488776
LS3,IC3,125,25,10,cwdb_dr,tate_functional_rmse,TATE-K-grid_upper_tail_mean,0.09816171167067009,0.07931216957874934,10,0.025080710203836516
LS3,IC3,125,25,10,cwdb_dr,tcate_functional_rmse,TCATE-K-grid_mean,0.17151363198387853,0.11359097807218879,10,0.035920621235435886
LS3,IC3,125,25,10,cwdb_dr,tcate_functional_rmse,TCATE-K-grid_sd,0.0831329601273651,0.030661760634526015,10,0.009696100067599184
LS3,IC3,125,25,10,cwdb_dr,tcate_functional_rmse,TCATE-K-grid_skewness,0.11768907509877173,0.1173778941406696,10,0.037118149243864834
LS3,IC3,125,25,10,cwdb_dr,tcate_functional_rmse,TCATE-K-grid_upper_tail_mean,0.17554785193562167,0.1147416844027379,10,0.03628450652768686
LS3,IC3,125,25,10,drf,arm_energy_risk,LAW-A-M-K,0.1921008631094784,0.024972824299020424,20,0.00558409327227682
LS3,IC3,125,25,10,drf,barycenter_rmse,MEANQ-A-K,0.5207917342276158,0.03646694934792096,20,0.00815425776739929
LS3,IC3,125,25,10,drf,diagnostic_effective_support,NONE_OPERATIONAL,61.04383796272875,0.17787027959698393,10,0.05624752115774457
LS3,IC3,125,25,10,drf,kernel_law_error,LAW-A-K,0.15378936738856622,0.019653377719179316,20,0.0043946288567564724
LS3,IC3,125,25,10,drf,mean_quantile_rmse,MEANQ-A-K,0.41404081933683906,0.07961658417144044,10,0.025176974550426147
LS3,IC3,125,25,10,drf,mode_coverage,LAW-A-K,0.998,0.003769685174625282,20,0.0008429272304235296
LS3,IC3,125,25,10,drf,peak_ram,NONE_OPERATIONAL,252.28000000000003,2.58663230217723,10,0.8179649544244959
LS3,IC3,125,25,10,drf,process_peak_ram,NONE_OPERATIONAL,876.048828125,88.04531639996468,10,27.84237371340649
LS3,IC3,125,25,10,drf,reference_effect_rmse,REF-ATE-K,0.32477782630011254,0.06682640624276075,10,0.021132365157081903
LS3,IC3,125,25,10,drf,reference_tcate_rmse,REF-TCATE-K,0.32483859026174494,0.06676534413646815,10,0.02111305562362071
LS3,IC3,125,25,10,drf,runtime,NONE_OPERATIONAL,4.8746,1.000737639055423,10,0.3164610279674611
LS3,IC3,125,25,10,drf,tail_calibration,LAW-A-K,3.740321573938751e-05,1.9892494331839492e-05,20,4.448096956802236e-06
LS3,IC3,125,25,10,drf,tate_functional_rmse,TATE-K-grid_mean,0.40159762844089536,0.08199054365559044,10,0.02592768645471339
LS3,IC3,125,25,10,drf,tate_functional_rmse,TATE-K-grid_sd,0.02002083389093003,0.012250409770993531,10,0.0038739197146721274
LS3,IC3,125,25,10,drf,tate_functional_rmse,TATE-K-grid_skewness,0.10116124858110705,0.027232750337832866,10,0.008611751801827175
LS3,IC3,125,25,10,drf,tate_functional_rmse,TATE-K-grid_upper_tail_mean,0.41013939460429005,0.08863543848097775,10,0.028028986700762464
LS3,IC3,125,25,10,drf,tcate_functional_rmse,TCATE-K-grid_mean,0.4016413656709409,0.08194325640363356,10,0.02591273291266599
LS3,IC3,125,25,10,drf,tcate_functional_rmse,TCATE-K-grid_sd,0.020038946505957958,0.012225071786275063,10,0.0038659071403692375
LS3,IC3,125,25,10,drf,tcate_functional_rmse,TCATE-K-grid_skewness,0.10128653079286205,0.027150990272097452,10,0.008585896998890275
LS3,IC3,125,25,10,drf,tcate_functional_rmse,TCATE-K-grid_upper_tail_mean,0.4101892740041363,0.08858886710600605,10,0.02801425953889483
LS3,IC3,250,25,10,causal_drf,arm_energy_risk,LAW-A-M-K,0.1287813334898309,0.017676014526089773,20,0.003952477005161046
LS3,IC3,250,25,10,causal_drf,barycenter_rmse,MEANQ-A-K,0.3951451150415003,0.03226902867095981,20,0.007215574167615582
LS3,IC3,250,25,10,causal_drf,diagnostic_effective_support,NONE_OPERATIONAL,77.35483089305644,2.2651277813317696,10,0.716296298033222
LS3,IC3,250,25,10,causal_drf,kernel_law_error,LAW-A-K,0.09749841396505282,0.014325690781195615,20,0.003203321841139546
LS3,IC3,250,25,10,causal_drf,mean_quantile_rmse,MEANQ-A-K,0.37909904879622097,0.05738067053090543,10,0.01814536125453643
LS3,IC3,250,25,10,causal_drf,mode_coverage,LAW-A-K,1.0,0.0,20,0.0
LS3,IC3,250,25,10,causal_drf,peak_ram,NONE_OPERATIONAL,288.46759000000003,0.15780416449933363,10,0.04990205840777787
LS3,IC3,250,25,10,causal_drf,process_peak_ram,NONE_OPERATIONAL,714.847265625,164.39290261367287,10,51.98560034254537
LS3,IC3,250,25,10,causal_drf,reference_effect_rmse,REF-ATE-K,0.2967155873495952,0.05530307847405887,10,0.017488368959705514
LS3,IC3,250,25,10,causal_drf,reference_tcate_rmse,REF-TCATE-K,0.2969777416737096,0.05477500094985718,10,0.017321376183943513
LS3,IC3,250,25,10,causal_drf,runtime,NONE_OPERATIONAL,7.0891,0.8611090329724026,10,0.2723065857937825
LS3,IC3,250,25,10,causal_drf,tail_calibration,LAW-A-K,3.740321573935221e-05,1.98924943318896e-05,20,4.448096956813441e-06
LS3,IC3,250,25,10,causal_drf,tate_functional_rmse,TATE-K-grid_mean,0.3683776413381185,0.05894221178372627,10,0.0186391639564591
LS3,IC3,250,25,10,causal_drf,tate_functional_rmse,TATE-K-grid_sd,0.01053459917800732,0.006621061857229795,10,0.0020937635997710737
LS3,IC3,250,25,10,causal_drf,tate_functional_rmse,TATE-K-grid_skewness,0.10469332088410963,0.02013079882597832,10,0.006365917540873507
LS3,IC3,250,25,10,causal_drf,tate_functional_rmse,TATE-K-grid_upper_tail_mean,0.37752151364384906,0.05788578463957238,10,0.018305092360703764
LS3,IC3,250,25,10,causal_drf,tcate_functional_rmse,TCATE-K-grid_mean,0.36861373236458694,0.05843392388071077,10,0.01847842920839512
LS3,IC3,250,25,10,causal_drf,tcate_functional_rmse,TCATE-K-grid_sd,0.011271932226177518,0.0062523396118488745,10,0.001977163387833553
LS3,IC3,250,25,10,causal_drf,tcate_functional_rmse,TCATE-K-grid_skewness,0.10484612129857526,0.020136951360473814,10,0.006367863143112359
LS3,IC3,250,25,10,causal_drf,tcate_functional_rmse,TCATE-K-grid_upper_tail_mean,0.37775812977902873,0.0574651557753218,10,0.018172077834639602
LS3,IC3,250,25,10,cwdb_dr,arm_energy_risk,LAW-A-M-K,0.07984806842547784,0.011312795261791091,20,0.0025296179220902406
LS3,IC3,250,25,10,cwdb_dr,barycenter_rmse,MEANQ-A-K,0.21608782212977912,0.022315809221392466,20,0.004989966639195021
LS3,IC3,250,25,10,cwdb_dr,diagnostic_dense_dr_n_levels,NONE_OPERATIONAL,199.0,0.0,10,0.0
LS3,IC3,250,25,10,cwdb_dr,diagnostic_dr_if_se_reference,NONE_OPERATIONAL,0.049706992298260706,0.018469213093608505,10,0.005840477996680749
LS3,IC3,250,25,10,cwdb_dr,diagnostic_effective_support,NONE_OPERATIONAL,9.999999999999998,0.0,10,0.0
LS3,IC3,250,25,10,cwdb_dr,diagnostic_ehat_mean,NONE_OPERATIONAL,0.5032973693712295,0.028031497095627387,10,0.00886433770465773
LS3,IC3,250,25,10,cwdb_dr,diagnostic_n_boosting_steps,NONE_OPERATIONAL,100.0,0.0,10,0.0
LS3,IC3,250,25,10,cwdb_dr,diagnostic_selected_contrast_shrinkage,NONE_OPERATIONAL,70.0,153.1157877047447,10,48.41946348777983
LS3,IC3,250,25,10,cwdb_dr,diagnostic_train_risk,NONE_OPERATIONAL,0.02685455648189432,0.0032032277570091332,10,0.0010129495576421247
LS3,IC3,250,25,10,cwdb_dr,kernel_law_error,LAW-A-K,0.03527228494014563,0.006600486918033493,20,0.0014759137433320972
LS3,IC3,250,25,10,cwdb_dr,mean_quantile_rmse,MEANQ-A-K,0.19846547305556772,0.02868758506508288,10,0.009071810937549163
LS3,IC3,250,25,10,cwdb_dr,mode_coverage,LAW-A-K,1.0,0.0,20,0.0
LS3,IC3,250,25,10,cwdb_dr,peak_ram,NONE_OPERATIONAL,0.0,0.0,10,0.0
LS3,IC3,250,25,10,cwdb_dr,process_peak_ram,NONE_OPERATIONAL,714.847265625,164.39290261367287,10,51.98560034254537
LS3,IC3,250,25,10,cwdb_dr,reference_effect_rmse,REF-ATE-K,0.03175306447389971,0.03403759561638755,10,0.010763632822354749
LS3,IC3,250,25,10,cwdb_dr,reference_tcate_rmse,REF-TCATE-K,0.09487150597794446,0.03920500911615505,10,0.012397712449471477
LS3,IC3,250,25,10,cwdb_dr,runtime,NONE_OPERATIONAL,74.57886841349992,9.446840675621791,10,2.987353322768875
LS3,IC3,250,25,10,cwdb_dr,tail_calibration,LAW-A-K,8.704523450291115e-05,0.00022036117135438156,20,4.927425587498765e-05
LS3,IC3,250,25,10,cwdb_dr,tate_functional_rmse,TATE-K-grid_mean,0.04292769733478399,0.03274878344541323,10,0.01035607462871223
LS3,IC3,250,25,10,cwdb_dr,tate_functional_rmse,TATE-K-grid_sd,0.022974378174744663,0.012969103526330883,10,0.0041011906353727095
LS3,IC3,250,25,10,cwdb_dr,tate_functional_rmse,TATE-K-grid_skewness,0.024325519259140987,0.021499617823698507,10,0.00679877611460397
LS3,IC3,250,25,10,cwdb_dr,tate_functional_rmse,TATE-K-grid_upper_tail_mean,0.05453585291896794,0.02666596391651092,10,0.008432518198003858
LS3,IC3,250,25,10,cwdb_dr,tcate_functional_rmse,TCATE-K-grid_mean,0.10742032798575021,0.04060353841611773,10,0.012839966245707768
LS3,IC3,250,25,10,cwdb_dr,tcate_functional_rmse,TCATE-K-grid_sd,0.052042335376643864,0.023136355492699195,10,0.007316358011227664
LS3,IC3,250,25,10,cwdb_dr,tcate_functional_rmse,TCATE-K-grid_skewness,0.06583455581713994,0.03923492235873413,10,0.01240717184734658
LS3,IC3,250,25,10,cwdb_dr,tcate_functional_rmse,TCATE-K-grid_upper_tail_mean,0.11483559813426478,0.039795840660683965,10,0.012584549788890132
LS3,IC3,250,25,10,drf,arm_energy_risk,LAW-A-M-K,0.1655440158812156,0.023021827614912796,20,0.005147837151322686
LS3,IC3,250,25,10,drf,barycenter_rmse,MEANQ-A-K,0.4725677504108122,0.03740635164895815,20,0.008364314507733176
LS3,IC3,250,25,10,drf,diagnostic_effective_support,NONE_OPERATIONAL,115.40741082289624,1.571118996469153,10,0.4968314504000565
LS3,IC3,250,25,10,drf,kernel_law_error,LAW-A-K,0.13072691419910545,0.019252155196416095,20,0.0043049127732562205
LS3,IC3,250,25,10,drf,mean_quantile_rmse,MEANQ-A-K,0.39740161209333547,0.05774357835541144,10,0.018260122785149994
LS3,IC3,250,25,10,drf,mode_coverage,LAW-A-K,0.9995,0.001538967528127721,20,0.00034412360080584035
LS3,IC3,250,25,10,drf,peak_ram,NONE_OPERATIONAL,308.77,10.773635515563997,10,3.4069226909664665
LS3,IC3,250,25,10,drf,process_peak_ram,NONE_OPERATIONAL,714.847265625,164.39290261367287,10,51.98560034254537
LS3,IC3,250,25,10,drf,reference_effect_rmse,REF-ATE-K,0.30763801882625524,0.05844479170231803,10,0.018481865915343457
LS3,IC3,250,25,10,drf,reference_tcate_rmse,REF-TCATE-K,0.30773343002300885,0.058423008577724124,10,0.018474977486516258
LS3,IC3,250,25,10,drf,runtime,NONE_OPERATIONAL,8.1131,1.0411162225654205,10,0.32922985722575193
LS3,IC3,250,25,10,drf,tail_calibration,LAW-A-K,3.740321573933481e-05,1.9892494331884127e-05,20,4.448096956812217e-06
LS3,IC3,250,25,10,drf,tate_functional_rmse,TATE-K-grid_mean,0.3809900031866214,0.06450858735774158,10,0.020399406469040652
LS3,IC3,250,25,10,drf,tate_functional_rmse,TATE-K-grid_sd,0.009774038631490827,0.006213899872373907,10,0.001965007674893115
LS3,IC3,250,25,10,drf,tate_functional_rmse,TATE-K-grid_skewness,0.10710638891088997,0.02245141894583253,10,0.007099762057148731
LS3,IC3,250,25,10,drf,tate_functional_rmse,TATE-K-grid_upper_tail_mean,0.39071678167608453,0.06547513800426633,10,0.020705056620733304
LS3,IC3,250,25,10,drf,tcate_functional_rmse,TCATE-K-grid_mean,0.38106503542493114,0.06446977956886187,10,0.020387134368659167
LS3,IC3,250,25,10,drf,tcate_functional_rmse,TCATE-K-grid_sd,0.009819233492659073,0.006154230618973121,10,0.0019461386001902918
LS3,IC3,250,25,10,drf,tcate_functional_rmse,TCATE-K-grid_skewness,0.10724336179586051,0.022398585658587107,10,0.007083054704751785
LS3,IC3,250,25,10,drf,tcate_functional_rmse,TCATE-K-grid_upper_tail_mean,0.39079921682533963,0.06543827774673712,10,0.020693400383840037
LS3,IC3,500,25,10,causal_drf,arm_energy_risk,LAW-A-M-K,0.10526051971480288,0.01409069838455839,20,0.0031507759438319034
LS3,IC3,500,25,10,causal_drf,barycenter_rmse,MEANQ-A-K,0.34689263487758415,0.03186973579940667,20,0.007126289567243191
LS3,IC3,500,25,10,causal_drf,diagnostic_effective_support,NONE_OPERATIONAL,109.26002615087286,3.585414392604366,10,1.1338075836178965
LS3,IC3,500,25,10,causal_drf,kernel_law_error,LAW-A-K,0.0773351235963333,0.010661945539577394,20,0.002384083499889573
LS3,IC3,500,25,10,causal_drf,mean_quantile_rmse,MEANQ-A-K,0.3449459781181185,0.03580166792151123,10,0.011321481466496185
LS3,IC3,500,25,10,causal_drf,mode_coverage,LAW-A-K,1.0,0.0,20,0.0
LS3,IC3,500,25,10,causal_drf,peak_ram,NONE_OPERATIONAL,318.25625,0.3260353363602835,10,0.10310142605976078
LS3,IC3,500,25,10,causal_drf,process_peak_ram,NONE_OPERATIONAL,886.89296875,95.38720772896644,10,30.164083606715113
LS3,IC3,500,25,10,causal_drf,reference_effect_rmse,REF-ATE-K,0.2668184037931235,0.03512975135382144,10,0.01110900279134594
LS3,IC3,500,25,10,causal_drf,reference_tcate_rmse,REF-TCATE-K,0.26717055234889703,0.03467207147135215,10,0.010964271704561828
LS3,IC3,500,25,10,causal_drf,runtime,NONE_OPERATIONAL,13.621799999999999,3.6673574743191373,10,1.1597202612890938
LS3,IC3,500,25,10,causal_drf,tail_calibration,LAW-A-K,0.00022782570339079664,0.0008568741596413978,20,0.00019160288691211723
LS3,IC3,500,25,10,causal_drf,tate_functional_rmse,TATE-K-grid_mean,0.33421413896866226,0.03782551496360869,10,0.011961478095378451
LS3,IC3,500,25,10,causal_drf,tate_functional_rmse,TATE-K-grid_sd,0.007891860047021249,0.005151873057381469,10,0.0016291653077380784
LS3,IC3,500,25,10,causal_drf,tate_functional_rmse,TATE-K-grid_skewness,0.09271854646262212,0.012551918692317343,10,0.0039692652072965025
LS3,IC3,500,25,10,causal_drf,tate_functional_rmse,TATE-K-grid_upper_tail_mean,0.3464061937273276,0.03649597714578048,10,0.011541041321411732
LS3,IC3,500,25,10,causal_drf,tcate_functional_rmse,TCATE-K-grid_mean,0.33449231485102565,0.03737529926569037,10,0.01181910739100003
LS3,IC3,500,25,10,causal_drf,tcate_functional_rmse,TCATE-K-grid_sd,0.008907738456492138,0.005319056972062859,10,0.0016820335035917242
LS3,IC3,500,25,10,causal_drf,tcate_functional_rmse,TCATE-K-grid_skewness,0.09282860786753747,0.012454424337806946,10,0.003938434785370426
LS3,IC3,500,25,10,causal_drf,tcate_functional_rmse,TCATE-K-grid_upper_tail_mean,0.34660515399233466,0.03613475301814941,10,0.01142681222249958
LS3,IC3,500,25,10,cwdb_dr,arm_energy_risk,LAW-A-M-K,0.06588196867557765,0.00874605132516666,20,0.001955676529777477
LS3,IC3,500,25,10,cwdb_dr,barycenter_rmse,MEANQ-A-K,0.19019000014997203,0.018554268267554082,20,0.004148860511901818
LS3,IC3,500,25,10,cwdb_dr,diagnostic_dense_dr_n_levels,NONE_OPERATIONAL,199.0,0.0,10,0.0
LS3,IC3,500,25,10,cwdb_dr,diagnostic_dr_if_se_reference,NONE_OPERATIONAL,0.031879195887834846,0.010282214822864929,10,0.003251521823139793
LS3,IC3,500,25,10,cwdb_dr,diagnostic_effective_support,NONE_OPERATIONAL,9.999999999999998,0.0,10,0.0
LS3,IC3,500,25,10,cwdb_dr,diagnostic_ehat_mean,NONE_OPERATIONAL,0.4952936279777929,0.01419498377910638,10,0.004488848009112062
LS3,IC3,500,25,10,cwdb_dr,diagnostic_n_boosting_steps,NONE_OPERATIONAL,100.0,0.0,10,0.0
LS3,IC3,500,25,10,cwdb_dr,diagnostic_selected_contrast_shrinkage,NONE_OPERATIONAL,65.0,154.65014279549393,10,48.90466917040403
LS3,IC3,500,25,10,cwdb_dr,diagnostic_train_risk,NONE_OPERATIONAL,0.04239968621667385,0.004408429878109258,10,0.0013940679319963717
LS3,IC3,500,25,10,cwdb_dr,kernel_law_error,LAW-A-K,0.026898598279700463,0.0048582925959416105,20,0.001086347249910936
LS3,IC3,500,25,10,cwdb_dr,mean_quantile_rmse,MEANQ-A-K,0.16616858283503216,0.027568795672752045,10,0.008718018667369048
LS3,IC3,500,25,10,cwdb_dr,mode_coverage,LAW-A-K,1.0,0.0,20,0.0
LS3,IC3,500,25,10,cwdb_dr,peak_ram,NONE_OPERATIONAL,0.0,0.0,10,0.0
LS3,IC3,500,25,10,cwdb_dr,process_peak_ram,NONE_OPERATIONAL,886.89296875,95.38720772896644,10,30.164083606715113
LS3,IC3,500,25,10,cwdb_dr,reference_effect_rmse,REF-ATE-K,0.03094864949902263,0.023748520213755533,10,0.00750994149340163
LS3,IC3,500,25,10,cwdb_dr,reference_tcate_rmse,REF-TCATE-K,0.06766753684269029,0.024220747785277393,10,0.007659272963395545
LS3,IC3,500,25,10,cwdb_dr,runtime,NONE_OPERATIONAL,132.89850138270012,37.9953539384079,10,12.015185894961794
LS3,IC3,500,25,10,cwdb_dr,tail_calibration,LAW-A-K,0.00010903726573063188,0.00024124838049467877,20,5.3944777824783604e-05
LS3,IC3,500,25,10,cwdb_dr,tate_functional_rmse,TATE-K-grid_mean,0.050452732321133655,0.02770518790623471,10,0.008761149678665318
LS3,IC3,500,25,10,cwdb_dr,tate_functional_rmse,TATE-K-grid_sd,0.017579154536026882,0.01136972970533997,10,0.00359542422493494
LS3,IC3,500,25,10,cwdb_dr,tate_functional_rmse,TATE-K-grid_skewness,0.02355697829730798,0.02203238790908018,10,0.006967252808504816
LS3,IC3,500,25,10,cwdb_dr,tate_functional_rmse,TATE-K-grid_upper_tail_mean,0.06111760687266177,0.032739326906462383,10,0.010353084208525553
LS3,IC3,500,25,10,cwdb_dr,tcate_functional_rmse,TCATE-K-grid_mean,0.0775269375076292,0.02228725810498251,10,0.0070478498411792835
LS3,IC3,500,25,10,cwdb_dr,tcate_functional_rmse,TCATE-K-grid_sd,0.046148242341434546,0.029500466228981094,10,0.009328866532045862
LS3,IC3,500,25,10,cwdb_dr,tcate_functional_rmse,TCATE-K-grid_skewness,0.04750846801480096,0.026504407042479274,10,0.008381429428644166
LS3,IC3,500,25,10,cwdb_dr,tcate_functional_rmse,TCATE-K-grid_upper_tail_mean,0.08432824856643217,0.025029833616622227,10,0.007915128368357597
LS3,IC3,500,25,10,drf,arm_energy_risk,LAW-A-M-K,0.12627847972345405,0.018459907260745662,20,0.0041277607493369235
LS3,IC3,500,25,10,drf,barycenter_rmse,MEANQ-A-K,0.3923610492610685,0.036140141578199385,20,0.008081181328532035
LS3,IC3,500,25,10,drf,diagnostic_effective_support,NONE_OPERATIONAL,165.29994187054865,3.4849393504944506,10,1.1020345855110303
LS3,IC3,500,25,10,drf,kernel_law_error,LAW-A-K,0.0958437015340699,0.014107992933879666,20,0.003154643122624163
LS3,IC3,500,25,10,drf,mean_quantile_rmse,MEANQ-A-K,0.36883683207362294,0.03373879550112812,10,0.010669143929420687
LS3,IC3,500,25,10,drf,mode_coverage,LAW-A-K,1.0,0.0,20,0.0
LS3,IC3,500,25,10,drf,peak_ram,NONE_OPERATIONAL,412.76000000000005,20.33711440254547,10,6.431160254745813
LS3,IC3,500,25,10,drf,process_peak_ram,NONE_OPERATIONAL,886.89296875,95.38720772896644,10,30.164083606715113
LS3,IC3,500,25,10,drf,reference_effect_rmse,REF-ATE-K,0.28342686275306583,0.03189717261931409,10,0.010086771639659145
LS3,IC3,500,25,10,drf,reference_tcate_rmse,REF-TCATE-K,0.28355109434621095,0.031812893844180366,10,0.010060120350875973
LS3,IC3,500,25,10,drf,runtime,NONE_OPERATIONAL,14.0174,3.0164963193155803,10,0.9538998922551801
LS3,IC3,500,25,10,drf,tail_calibration,LAW-A-K,0.00018642803735453595,0.0006717976902348813,20,0.00015021853024925412
LS3,IC3,500,25,10,drf,tate_functional_rmse,TATE-K-grid_mean,0.3550875361474862,0.03444060816813161,10,0.01089107658126952
LS3,IC3,500,25,10,drf,tate_functional_rmse,TATE-K-grid_sd,0.007455535883218592,0.006016467871728951,10,0.0019025741943889255
LS3,IC3,500,25,10,drf,tate_functional_rmse,TATE-K-grid_skewness,0.1021371663741358,0.011882929227943723,10,0.003757712163488832
LS3,IC3,500,25,10,drf,tate_functional_rmse,TATE-K-grid_upper_tail_mean,0.3681847665982195,0.033679464363899014,10,0.010650381776439488
LS3,IC3,500,25,10,drf,tcate_functional_rmse,TCATE-K-grid_mean,0.3551759762826544,0.034335290828094195,10,0.010857772314106652
LS3,IC3,500,25,10,drf,tcate_functional_rmse,TCATE-K-grid_sd,0.007577171433777364,0.005939719618093367,10,0.0018783042655960511
LS3,IC3,500,25,10,drf,tcate_functional_rmse,TCATE-K-grid_skewness,0.10224394084911495,0.01180963955837613,10,0.00373453593500936
LS3,IC3,500,25,10,drf,tcate_functional_rmse,TCATE-K-grid_upper_tail_mean,0.3682636356104858,0.03358126098298266,10,0.01061932714067701
LS3,IC3,1000,25,10,causal_drf,arm_energy_risk,LAW-A-M-K,0.08508822924797937,0.01162420790479575,20,0.00259925190597137
LS3,IC3,1000,25,10,causal_drf,barycenter_rmse,MEANQ-A-K,0.2998374289783632,0.028360341847529204,20,0.006341565223620727
LS3,IC3,1000,25,10,causal_drf,diagnostic_effective_support,NONE_OPERATIONAL,141.2637692466037,3.17744302354324,10,1.0047957089808657
LS3,IC3,1000,25,10,causal_drf,kernel_law_error,LAW-A-K,0.06034802832099263,0.008345765139973604,20,0.0018661698177229024
LS3,IC3,1000,25,10,causal_drf,mean_quantile_rmse,MEANQ-A-K,0.31605036081655236,0.025355217609187294,10,0.008018023821424088
LS3,IC3,1000,25,10,causal_drf,mode_coverage,LAW-A-K,1.0,0.0,20,0.0
LS3,IC3,1000,25,10,causal_drf,peak_ram,NONE_OPERATIONAL,388.59962,1.0939209485962844,10,0.3459281777736232
LS3,IC3,1000,25,10,causal_drf,process_peak_ram,NONE_OPERATIONAL,899.091796875,12.123630197236405,10,3.8338284932863447
LS3,IC3,1000,25,10,causal_drf,reference_effect_rmse,REF-ATE-K,0.24601983599438668,0.02158867369971488,10,0.0068269380553272994
LS3,IC3,1000,25,10,causal_drf,reference_tcate_rmse,REF-TCATE-K,0.2462131407839832,0.02145966323642051,10,0.006786141364726923
LS3,IC3,1000,25,10,causal_drf,runtime,NONE_OPERATIONAL,28.5974,5.858436977746045,10,1.8526004378230674
LS3,IC3,1000,25,10,causal_drf,tail_calibration,LAW-A-K,3.7403215739353676e-05,1.989249433189894e-05,20,4.4480969568155295e-06
LS3,IC3,1000,25,10,causal_drf,tate_functional_rmse,TATE-K-grid_mean,0.30709520162395126,0.02553340490780349,10,0.008074371592798063
LS3,IC3,1000,25,10,causal_drf,tate_functional_rmse,TATE-K-grid_sd,0.008319428572214033,0.005950730278611637,10,0.0018817861421741133
LS3,IC3,1000,25,10,causal_drf,tate_functional_rmse,TATE-K-grid_skewness,0.07684842463094232,0.009593632589398307,10,0.003033773001731759
LS3,IC3,1000,25,10,causal_drf,tate_functional_rmse,TATE-K-grid_upper_tail_mean,0.3169518878278829,0.02716254294775941,10,0.008589550275706374
LS3,IC3,1000,25,10,causal_drf,tcate_functional_rmse,TCATE-K-grid_mean,0.30726000647339713,0.02544605276650779,10,0.008046748420299336
LS3,IC3,1000,25,10,causal_drf,tcate_functional_rmse,TCATE-K-grid_sd,0.008721498748252164,0.005746230098799289,10,0.001817117507162013
LS3,IC3,1000,25,10,causal_drf,tcate_functional_rmse,TCATE-K-grid_skewness,0.07693967141438614,0.009586423776824686,10,0.0030314933750359685
LS3,IC3,1000,25,10,causal_drf,tcate_functional_rmse,TCATE-K-grid_upper_tail_mean,0.3170931968998364,0.027166164316210557,10,0.008590695452961603
LS3,IC3,1000,25,10,cwdb_dr,arm_energy_risk,LAW-A-M-K,0.049450348263414476,0.0070014549428662545,20,0.001565572919365085
LS3,IC3,1000,25,10,cwdb_dr,barycenter_rmse,MEANQ-A-K,0.15604271948455622,0.018903973815267202,20,0.004227057049581351
LS3,IC3,1000,25,10,cwdb_dr,diagnostic_dense_dr_n_levels,NONE_OPERATIONAL,199.0,0.0,10,0.0
LS3,IC3,1000,25,10,cwdb_dr,diagnostic_dr_if_se_reference,NONE_OPERATIONAL,0.026475752195223707,0.00512788517909834,10,0.0016215796745771209
LS3,IC3,1000,25,10,cwdb_dr,diagnostic_effective_support,NONE_OPERATIONAL,9.999999999999998,0.0,10,0.0
LS3,IC3,1000,25,10,cwdb_dr,diagnostic_ehat_mean,NONE_OPERATIONAL,0.4991447934978178,0.0183444206118133,10,0.005801015148946955
LS3,IC3,1000,25,10,cwdb_dr,diagnostic_n_boosting_steps,NONE_OPERATIONAL,100.0,0.0,10,0.0
LS3,IC3,1000,25,10,cwdb_dr,diagnostic_selected_contrast_shrinkage,NONE_OPERATIONAL,90.0,144.9137674618944,10,45.825756949558404
LS3,IC3,1000,25,10,cwdb_dr,diagnostic_train_risk,NONE_OPERATIONAL,0.0711781022668412,0.00885828842159144,10,0.002801236758292682
LS3,IC3,1000,25,10,cwdb_dr,kernel_law_error,LAW-A-K,0.01878640647932003,0.0039373286689309926,20,0.0008804134553488463
LS3,IC3,1000,25,10,cwdb_dr,mean_quantile_rmse,MEANQ-A-K,0.11831614614052617,0.017400104613135278,10,0.005502396210271045
LS3,IC3,1000,25,10,cwdb_dr,mode_coverage,LAW-A-K,1.0,0.0,20,0.0
LS3,IC3,1000,25,10,cwdb_dr,peak_ram,NONE_OPERATIONAL,0.0,0.0,10,0.0
LS3,IC3,1000,25,10,cwdb_dr,process_peak_ram,NONE_OPERATIONAL,899.091796875,12.123630197236405,10,3.8338284932863447
LS3,IC3,1000,25,10,cwdb_dr,reference_effect_rmse,REF-ATE-K,0.01816198544360067,0.012475287958115085,10,0.003945032441411493
LS3,IC3,1000,25,10,cwdb_dr,reference_tcate_rmse,REF-TCATE-K,0.04736192997244222,0.019376605474285467,10,0.006127420662122925
LS3,IC3,1000,25,10,cwdb_dr,runtime,NONE_OPERATIONAL,256.82354133020004,58.659144371753605,10,18.549650181138812
LS3,IC3,1000,25,10,cwdb_dr,tail_calibration,LAW-A-K,3.740321573935287e-05,1.9892494331888817e-05,20,4.448096956813265e-06
LS3,IC3,1000,25,10,cwdb_dr,tate_functional_rmse,TATE-K-grid_mean,0.025994760113961218,0.011666985614223548,10,0.0036894247969364983
LS3,IC3,1000,25,10,cwdb_dr,tate_functional_rmse,TATE-K-grid_sd,0.014627415616029357,0.008514265340632193,10,0.0026924471079427096
LS3,IC3,1000,25,10,cwdb_dr,tate_functional_rmse,TATE-K-grid_skewness,0.014557310729031164,0.0068597321393756875,10,0.0021692377699086777
LS3,IC3,1000,25,10,cwdb_dr,tate_functional_rmse,TATE-K-grid_upper_tail_mean,0.0265063184410567,0.01821948204215223,10,0.005761506104173695
LS3,IC3,1000,25,10,cwdb_dr,tcate_functional_rmse,TCATE-K-grid_mean,0.055557541501697005,0.02127191334222937,10,0.006726769635116962
LS3,IC3,1000,25,10,cwdb_dr,tcate_functional_rmse,TCATE-K-grid_sd,0.03128476727116834,0.006425740039006932,10,0.0020319974175401112
LS3,IC3,1000,25,10,cwdb_dr,tcate_functional_rmse,TCATE-K-grid_skewness,0.02391984931815668,0.007844955512150231,10,0.0024807927561087463
LS3,IC3,1000,25,10,cwdb_dr,tcate_functional_rmse,TCATE-K-grid_upper_tail_mean,0.057316538408283976,0.02106489858195079,10,0.006661305819941556
LS3,IC3,1000,25,10,drf,arm_energy_risk,LAW-A-M-K,0.10460915669529888,0.014066574596257776,20,0.0031453817007804042
LS3,IC3,1000,25,10,drf,barycenter_rmse,MEANQ-A-K,0.34572677615993097,0.029838224668979337,20,0.006672029868774895
LS3,IC3,1000,25,10,drf,diagnostic_effective_support,NONE_OPERATIONAL,227.02970685475233,3.186755212697482,10,1.0077404817538378
LS3,IC3,1000,25,10,drf,kernel_law_error,LAW-A-K,0.07730538229946946,0.010301609823193034,20,0.0023035099842339214
LS3,IC3,1000,25,10,drf,mean_quantile_rmse,MEANQ-A-K,0.3480548247759642,0.01729416242691158,10,0.0054688943493945855
LS3,IC3,1000,25,10,drf,mode_coverage,LAW-A-K,1.0,0.0,20,0.0
LS3,IC3,1000,25,10,drf,peak_ram,NONE_OPERATIONAL,546.35,8.479288492163304,10,2.6813864572890838
LS3,IC3,1000,25,10,drf,process_peak_ram,NONE_OPERATIONAL,899.091796875,12.123630197236405,10,3.8338284932863447
LS3,IC3,1000,25,10,drf,reference_effect_rmse,REF-ATE-K,0.27007309168049576,0.01606881888139833,10,0.005081406697393778
LS3,IC3,1000,25,10,drf,reference_tcate_rmse,REF-TCATE-K,0.27017311486651646,0.01599356474371411,10,0.005057609249550374
LS3,IC3,1000,25,10,drf,runtime,NONE_OPERATIONAL,25.5791,4.875491484056876,10,1.5417657802374236
LS3,IC3,1000,25,10,drf,tail_calibration,LAW-A-K,3.7403215739040125e-05,1.9892494331887614e-05,20,4.448096956812997e-06
LS3,IC3,1000,25,10,drf,tate_functional_rmse,TATE-K-grid_mean,0.3373590002895196,0.018354776026248517,10,0.005804289818519982
LS3,IC3,1000,25,10,drf,tate_functional_rmse,TATE-K-grid_sd,0.00852737003853513,0.005294287534582769,10,0.0016742007197119014
LS3,IC3,1000,25,10,drf,tate_functional_rmse,TATE-K-grid_skewness,0.09406431947737189,0.009722395373148146,10,0.0030744913691830794
LS3,IC3,1000,25,10,drf,tate_functional_rmse,TATE-K-grid_upper_tail_mean,0.3490204777499175,0.02051394695488193,10,0.006487079617730227
LS3,IC3,1000,25,10,drf,tcate_functional_rmse,TCATE-K-grid_mean,0.3374269460769984,0.018304634799238072,10,0.005788433770317126
LS3,IC3,1000,25,10,drf,tcate_functional_rmse,TCATE-K-grid_sd,0.008601696878919117,0.005252661664404362,10,0.001661037463776877
LS3,IC3,1000,25,10,drf,tcate_functional_rmse,TCATE-K-grid_skewness,0.09414284450834234,0.009737060339922556,10,0.003079128838864862
LS3,IC3,1000,25,10,drf,tcate_functional_rmse,TCATE-K-grid_upper_tail_mean,0.34908719953184464,0.020492128642619886,10,0.006480180061585344
S1,D0,125,25,10,causal_drf,arm_energy_risk,LAW-A-M-K,0.25125309970521104,0.056368969072905374,20,0.012604484666859971
S1,D0,125,25,10,causal_drf,barycenter_rmse,MEANQ-A-K,0.4465126626286377,0.11542203738732014,20,0.025809152169957005
S1,D0,125,25,10,causal_drf,diagnostic_effective_support,NONE_OPERATIONAL,46.868996293572025,1.4319970428690754,10,0.45283722580920577
S1,D0,125,25,10,causal_drf,kernel_law_error,LAW-A-K,0.29113932649340724,0.04961698720769168,20,0.011094695623513607
S1,D0,125,25,10,causal_drf,mean_quantile_rmse,MEANQ-A-K,0.4120872405317291,0.04761620732016177,10,0.015057566867049363
S1,D0,125,25,10,causal_drf,mode_coverage,LAW-A-K,1.0,0.0,20,0.0
S1,D0,125,25,10,causal_drf,peak_ram,NONE_OPERATIONAL,270.54647,0.1649622653821181,10,0.052165648658863965
S1,D0,125,25,10,causal_drf,process_peak_ram,NONE_OPERATIONAL,308.98359375,2.3827369352772556,10,0.7534875780485335
S1,D0,125,25,10,causal_drf,reference_effect_rmse,REF-ATE-K,0.034185077609630306,0.025774261356659462,10,0.008150537089550536
S1,D0,125,25,10,causal_drf,reference_tcate_rmse,REF-TCATE-K,0.18023727305864995,0.008099561236786413,10,0.0025613061556255443
S1,D0,125,25,10,causal_drf,runtime,NONE_OPERATIONAL,4.7242,0.9724911653411904,10,0.307528708686956
S1,D0,125,25,10,causal_drf,tail_calibration,LAW-A-K,0.2774396843749139,0.04067021961752965,20,0.009094137572464179
S1,D0,125,25,10,causal_drf,tate_functional_rmse,TATE-K-grid_mean,0.2528596238830702,0.0813464866932191,10,0.025724017760315108
S1,D0,125,25,10,causal_drf,tate_functional_rmse,TATE-K-grid_sd,0.023714723827032897,0.013006800877500233,10,0.004113111584517746
S1,D0,125,25,10,causal_drf,tate_functional_rmse,TATE-K-grid_skewness,3.4082599418507026e-17,2.15579675332756e-17,10,6.817227912911265e-18
S1,D0,125,25,10,causal_drf,tate_functional_rmse,TATE-K-grid_upper_tail_mean,0.26119855301230466,0.07749304366048981,10,0.024505452078601976
S1,D0,125,25,10,causal_drf,tcate_functional_rmse,TCATE-K-grid_mean,0.3809663759469944,0.054568112878087285,10,0.017255952431192184
S1,D0,125,25,10,causal_drf,tcate_functional_rmse,TCATE-K-grid_sd,0.028003919206114575,0.010986507913698672,10,0.0034742388538752415
S1,D0,125,25,10,causal_drf,tcate_functional_rmse,TCATE-K-grid_skewness,4.485839790320567e-17,1.6690377792855508e-17,10,5.277960883411739e-18
S1,D0,125,25,10,causal_drf,tcate_functional_rmse,TCATE-K-grid_upper_tail_mean,0.3889011759127108,0.05335543748166696,10,0.016872470799678605
S1,D0,125,25,10,cwdb_dr,arm_energy_risk,LAW-A-M-K,0.10918978074890054,0.0099076009091779,20,0.0022154069126860505
S1,D0,125,25,10,cwdb_dr,barycenter_rmse,MEANQ-A-K,0.18226859130416787,0.020386277937148433,20,0.004558510327566808
S1,D0,125,25,10,cwdb_dr,diagnostic_dense_dr_n_levels,NONE_OPERATIONAL,199.0,0.0,10,0.0
S1,D0,125,25,10,cwdb_dr,diagnostic_dr_if_se_reference,NONE_OPERATIONAL,0.03745262760517562,0.007701751911050814,10,0.002435507801247511
S1,D0,125,25,10,cwdb_dr,diagnostic_effective_support,NONE_OPERATIONAL,9.999999999999998,0.0,10,0.0
S1,D0,125,25,10,cwdb_dr,diagnostic_ehat_mean,NONE_OPERATIONAL,0.5246000901802903,0.0491371579457208,10,0.015538533685591806
S1,D0,125,25,10,cwdb_dr,diagnostic_n_boosting_steps,NONE_OPERATIONAL,100.0,0.0,10,0.0
S1,D0,125,25,10,cwdb_dr,diagnostic_selected_contrast_shrinkage,NONE_OPERATIONAL,0.0,0.0,10,0.0
S1,D0,125,25,10,cwdb_dr,diagnostic_train_risk,NONE_OPERATIONAL,0.020472379705486217,0.0017961177099507556,10,0.0005679822909210063
S1,D0,125,25,10,cwdb_dr,kernel_law_error,LAW-A-K,0.08772390378288276,0.0449926090031903,20,0.010060653221620256
S1,D0,125,25,10,cwdb_dr,mean_quantile_rmse,MEANQ-A-K,0.17172731625056278,0.019176964610936417,10,0.006064288677900383
S1,D0,125,25,10,cwdb_dr,mode_coverage,LAW-A-K,1.0,0.0,20,0.0
S1,D0,125,25,10,cwdb_dr,peak_ram,NONE_OPERATIONAL,45.02734375,2.1564371270452813,10,0.6819252952412974
S1,D0,125,25,10,cwdb_dr,process_peak_ram,NONE_OPERATIONAL,302.119140625,2.3060077800783114,10,0.7292236887116121
S1,D0,125,25,10,cwdb_dr,reference_effect_rmse,REF-ATE-K,0.013219262607135546,0.013226747264908164,10,0.00418266473925123
S1,D0,125,25,10,cwdb_dr,reference_tcate_rmse,REF-TCATE-K,0.06505657737527157,0.027750321724894316,10,0.008775422245311854
S1,D0,125,25,10,cwdb_dr,runtime,NONE_OPERATIONAL,43.353765263099966,5.560942488947911,10,1.7585244202281123
S1,D0,125,25,10,cwdb_dr,tail_calibration,LAW-A-K,0.106725,0.020948856896335844,20,0.004684306807112221
S1,D0,125,25,10,cwdb_dr,tate_functional_rmse,TATE-K-grid_mean,0.036391744673967816,0.02585008184072259,10,0.008174513631844134
S1,D0,125,25,10,cwdb_dr,tate_functional_rmse,TATE-K-grid_sd,0.020477660212771122,0.007820247808315497,10,0.0024729794941216825
S1,D0,125,25,10,cwdb_dr,tate_functional_rmse,TATE-K-grid_skewness,0.0010182968200645381,0.0009145069826670633,10,0.00028919250013560455
S1,D0,125,25,10,cwdb_dr,tate_functional_rmse,TATE-K-grid_upper_tail_mean,0.04569144774284758,0.034002109093137604,10,0.010752410998383715
S1,D0,125,25,10,cwdb_dr,tcate_functional_rmse,TCATE-K-grid_mean,0.07294726413792268,0.027417854131402235,10,0.008670286760948859
S1,D0,125,25,10,cwdb_dr,tcate_functional_rmse,TCATE-K-grid_sd,0.03610069064223835,0.013196994980408924,10,0.004173256240790138
S1,D0,125,25,10,cwdb_dr,tcate_functional_rmse,TCATE-K-grid_skewness,0.0022622376549155812,0.0007811165464604512,10,0.00024701074048597607
S1,D0,125,25,10,cwdb_dr,tcate_functional_rmse,TCATE-K-grid_upper_tail_mean,0.08303026796571508,0.033941373489312573,10,0.010733204714068441
S1,D0,125,25,10,drf,arm_energy_risk,LAW-A-M-K,0.4137796195067375,0.1264111292640801,20,0.028266387814699607
S1,D0,125,25,10,drf,barycenter_rmse,MEANQ-A-K,0.685539231636956,0.21402634084296793,20,0.04785774471004159
S1,D0,125,25,10,drf,diagnostic_effective_support,NONE_OPERATIONAL,61.06015158037011,0.12839396622729354,10,0.040601737110098374
S1,D0,125,25,10,drf,kernel_law_error,LAW-A-K,0.5065341237702246,0.029884783315947846,20,0.006682440698731095
S1,D0,125,25,10,drf,mean_quantile_rmse,MEANQ-A-K,0.5909212638745504,0.058731427832831605,10,0.018572508218555474
S1,D0,125,25,10,drf,mode_coverage,LAW-A-K,1.0,0.0,20,0.0
S1,D0,125,25,10,drf,peak_ram,NONE_OPERATIONAL,250.51999999999998,6.145603668025174,10,1.9434105187644857
S1,D0,125,25,10,drf,process_peak_ram,NONE_OPERATIONAL,308.98359375,2.3827369352772556,10,0.7534875780485335
S1,D0,125,25,10,drf,reference_effect_rmse,REF-ATE-K,0.03576148068201205,0.023113129627827016,10,0.007309013347865326
S1,D0,125,25,10,drf,reference_tcate_rmse,REF-TCATE-K,0.19240927994363172,0.005657246040578788,10,0.0017889782772198318
S1,D0,125,25,10,drf,runtime,NONE_OPERATIONAL,4.9683,0.5433470448167645,10,0.17182142215425616
S1,D0,125,25,10,drf,tail_calibration,LAW-A-K,0.3447274939754689,0.06999240021146613,20,0.015650776478120892
S1,D0,125,25,10,drf,tate_functional_rmse,TATE-K-grid_mean,0.32681779898163144,0.11063708026366878,10,0.034986516730405565
S1,D0,125,25,10,drf,tate_functional_rmse,TATE-K-grid_sd,0.0251017769227631,0.011946599183950237,10,0.0037778463714391625
S1,D0,125,25,10,drf,tate_functional_rmse,TATE-K-grid_skewness,3.7107980022135216e-17,2.3762365894883558e-17,10,7.514319882213726e-18
S1,D0,125,25,10,drf,tate_functional_rmse,TATE-K-grid_upper_tail_mean,0.33347473051288734,0.10488538228309188,10,0.033167670127204174
S1,D0,125,25,10,drf,tcate_functional_rmse,TCATE-K-grid_mean,0.5644340075975784,0.06381691426653932,10,0.020180680232595803
S1,D0,125,25,10,drf,tcate_functional_rmse,TCATE-K-grid_sd,0.027715289471951825,0.009851082795454397,10,0.0031151859052534507
S1,D0,125,25,10,drf,tcate_functional_rmse,TCATE-K-grid_skewness,5.051170090117852e-17,1.842614589888003e-17,10,5.826858953903152e-18
S1,D0,125,25,10,drf,tcate_functional_rmse,TCATE-K-grid_upper_tail_mean,0.5665592510784123,0.06058148981268214,10,0.019157549185436298
S1,D0,250,25,10,causal_drf,arm_energy_risk,LAW-A-M-K,0.18029496306419848,0.0276630729235582,20,0.006185651152360997
S1,D0,250,25,10,causal_drf,barycenter_rmse,MEANQ-A-K,0.30907795786417747,0.052794606752144216,20,0.011805232954316385
S1,D0,250,25,10,causal_drf,diagnostic_effective_support,NONE_OPERATIONAL,64.11025553760064,2.0609271544743706,10,0.6517223899828688
S1,D0,250,25,10,causal_drf,kernel_law_error,LAW-A-K,0.19301660234985923,0.04706303258498434,20,0.010523614008731263
S1,D0,250,25,10,causal_drf,mean_quantile_rmse,MEANQ-A-K,0.2572709117016713,0.025482588684176407,10,0.008058302091923058
S1,D0,250,25,10,causal_drf,mode_coverage,LAW-A-K,1.0,0.0,20,0.0
S1,D0,250,25,10,causal_drf,peak_ram,NONE_OPERATIONAL,288.45079,0.25946737945259785,10,0.0820507897585382
S1,D0,250,25,10,causal_drf,process_peak_ram,NONE_OPERATIONAL,342.7390625,2.023181759364108,10,0.6397862480097276
S1,D0,250,25,10,causal_drf,reference_effect_rmse,REF-ATE-K,0.02353560436028728,0.024279743878112235,10,0.0076779291660364285
S1,D0,250,25,10,causal_drf,reference_tcate_rmse,REF-TCATE-K,0.1498286335587755,0.006046839841373895,10,0.0019121786544992773
S1,D0,250,25,10,causal_drf,runtime,NONE_OPERATIONAL,7.460500000000001,1.4470462827582422,10,0.4575962133196085
S1,D0,250,25,10,causal_drf,tail_calibration,LAW-A-K,0.22946124608787,0.024963183615725314,20,0.0055819375499570785
S1,D0,250,25,10,causal_drf,tate_functional_rmse,TATE-K-grid_mean,0.11894493904788153,0.05205405348037132,10,0.01646093704421883
S1,D0,250,25,10,causal_drf,tate_functional_rmse,TATE-K-grid_sd,0.018048865742410554,0.014650175617912578,10,0.004632792307406842
S1,D0,250,25,10,causal_drf,tate_functional_rmse,TATE-K-grid_skewness,2.287084063066945e-17,2.0043643081901628e-17,10,6.3383564746286e-18
S1,D0,250,25,10,causal_drf,tate_functional_rmse,TATE-K-grid_upper_tail_mean,0.12927660734403537,0.048817944746418186,10,0.015437589608693252
S1,D0,250,25,10,causal_drf,tcate_functional_rmse,TCATE-K-grid_mean,0.2109660698710428,0.03293198892620744,10,0.010414009288625823
S1,D0,250,25,10,causal_drf,tcate_functional_rmse,TCATE-K-grid_sd,0.024476573322758165,0.012939880058060042,10,0.004091949363286158
S1,D0,250,25,10,causal_drf,tcate_functional_rmse,TCATE-K-grid_skewness,4.0297035196150425e-17,2.4814508626703846e-17,10,7.84703662782811e-18
S1,D0,250,25,10,causal_drf,tcate_functional_rmse,TCATE-K-grid_upper_tail_mean,0.21590718567163353,0.034645391780639835,10,0.010955834845569853
S1,D0,250,25,10,cwdb_dr,arm_energy_risk,LAW-A-M-K,0.0858607908614472,0.0077214931005472704,20,0.0017265783460619314
S1,D0,250,25,10,cwdb_dr,barycenter_rmse,MEANQ-A-K,0.1474685599137829,0.017600940175396464,20,0.003935689870009356
S1,D0,250,25,10,cwdb_dr,diagnostic_dense_dr_n_levels,NONE_OPERATIONAL,199.0,0.0,10,0.0
S1,D0,250,25,10,cwdb_dr,diagnostic_dr_if_se_reference,NONE_OPERATIONAL,0.02128700129064091,0.0006602489916898259,10,0.0002087890636569434
S1,D0,250,25,10,cwdb_dr,diagnostic_effective_support,NONE_OPERATIONAL,9.999999999999998,0.0,10,0.0
S1,D0,250,25,10,cwdb_dr,diagnostic_ehat_mean,NONE_OPERATIONAL,0.49504054428506317,0.04429870581666587,10,0.01400848077784135
S1,D0,250,25,10,cwdb_dr,diagnostic_n_boosting_steps,NONE_OPERATIONAL,100.0,0.0,10,0.0
S1,D0,250,25,10,cwdb_dr,diagnostic_selected_contrast_shrinkage,NONE_OPERATIONAL,0.0,0.0,10,0.0
S1,D0,250,25,10,cwdb_dr,diagnostic_train_risk,NONE_OPERATIONAL,0.019545407304086253,0.0008780521457930487,10,0.00027766446851042664
S1,D0,250,25,10,cwdb_dr,kernel_law_error,LAW-A-K,0.05734140005116044,0.0268039138859443,20,0.0059935373512021994
S1,D0,250,25,10,cwdb_dr,mean_quantile_rmse,MEANQ-A-K,0.12860091226419462,0.008443237911480739,10,0.0026699862626962264
S1,D0,250,25,10,cwdb_dr,mode_coverage,LAW-A-K,1.0,0.0,20,0.0
S1,D0,250,25,10,cwdb_dr,peak_ram,NONE_OPERATIONAL,72.55078125,16.169345384719687,10,5.113195968964575
S1,D0,250,25,10,cwdb_dr,process_peak_ram,NONE_OPERATIONAL,333.96875,2.6062407105399994,10,0.8241656775962003
S1,D0,250,25,10,cwdb_dr,reference_effect_rmse,REF-ATE-K,0.018653273224719647,0.013830102795658964,10,0.004373462510854459
S1,D0,250,25,10,cwdb_dr,reference_tcate_rmse,REF-TCATE-K,0.03461849729749072,0.011460323761687964,10,0.003624072580988269
S1,D0,250,25,10,cwdb_dr,runtime,NONE_OPERATIONAL,107.96697564639996,18.904604354368576,10,5.978160802414162
S1,D0,250,25,10,cwdb_dr,tail_calibration,LAW-A-K,0.087975,0.00996767802766311,20,0.002228840564768574
S1,D0,250,25,10,cwdb_dr,tate_functional_rmse,TATE-K-grid_mean,0.012890191902219881,0.013387555440926523,10,0.004233516749510758
S1,D0,250,25,10,cwdb_dr,tate_functional_rmse,TATE-K-grid_sd,0.008787241826894204,0.009531074066199565,10,0.003013990259695308
S1,D0,250,25,10,cwdb_dr,tate_functional_rmse,TATE-K-grid_skewness,0.0009932568135271613,0.0009803314257783348,10,0.00031000801672998433
S1,D0,250,25,10,cwdb_dr,tate_functional_rmse,TATE-K-grid_upper_tail_mean,0.012719876459260282,0.015255638988618325,10,0.004824256636530145
S1,D0,250,25,10,cwdb_dr,tcate_functional_rmse,TCATE-K-grid_mean,0.041573247747227635,0.014465195012450057,10,0.004574296303784987
S1,D0,250,25,10,cwdb_dr,tcate_functional_rmse,TCATE-K-grid_sd,0.02149248610437665,0.006823463191063381,10,0.0021577685214080973
S1,D0,250,25,10,cwdb_dr,tcate_functional_rmse,TCATE-K-grid_skewness,0.002098852516785395,0.0009192292596047647,10,0.0002906858152221267
S1,D0,250,25,10,cwdb_dr,tcate_functional_rmse,TCATE-K-grid_upper_tail_mean,0.0387730727848663,0.017923931195957976,10,0.005668044720337301
S1,D0,250,25,10,drf,arm_energy_risk,LAW-A-M-K,0.27624205974849414,0.09890695976498544,20,0.022116268548234404
S1,D0,250,25,10,drf,barycenter_rmse,MEANQ-A-K,0.4788664184541333,0.17596364323262795,20,0.03934666678366769
S1,D0,250,25,10,drf,diagnostic_effective_support,NONE_OPERATIONAL,104.09833122220009,2.4291891762812923,10,0.7681770664477158
S1,D0,250,25,10,drf,kernel_law_error,LAW-A-K,0.3209215353938383,0.08370875350543638,20,0.018717846314992955
S1,D0,250,25,10,drf,mean_quantile_rmse,MEANQ-A-K,0.43042998065483884,0.1616161205017949,10,0.05110750473859068
S1,D0,250,25,10,drf,mode_coverage,LAW-A-K,1.0,0.0,20,0.0
S1,D0,250,25,10,drf,peak_ram,NONE_OPERATIONAL,311.8,15.431569373635766,10,4.879890709158693
S1,D0,250,25,10,drf,process_peak_ram,NONE_OPERATIONAL,342.7390625,2.023181759364108,10,0.6397862480097276
S1,D0,250,25,10,drf,reference_effect_rmse,REF-ATE-K,0.027207606014641665,0.027308778383654857,10,0.008635793980912089
S1,D0,250,25,10,drf,reference_tcate_rmse,REF-TCATE-K,0.18713733238119173,0.008817727331934066,10,0.002788410215523122
S1,D0,250,25,10,drf,runtime,NONE_OPERATIONAL,8.3385,1.3462812360969252,10,0.4257315077213178
S1,D0,250,25,10,drf,tail_calibration,LAW-A-K,0.2877772739284108,0.06525639501477222,20,0.014591773521960907
S1,D0,250,25,10,drf,tate_functional_rmse,TATE-K-grid_mean,0.14032151221212882,0.06349007295353402,10,0.020077323934342126
S1,D0,250,25,10,drf,tate_functional_rmse,TATE-K-grid_sd,0.018266097018109544,0.015100843459060244,10,0.0047753059920286
S1,D0,250,25,10,drf,tate_functional_rmse,TATE-K-grid_skewness,2.3329464027864057e-17,1.6183835442686037e-17,10,5.117778127624729e-18
S1,D0,250,25,10,drf,tate_functional_rmse,TATE-K-grid_upper_tail_mean,0.15052855474639193,0.05771943853696951,10,0.01825248910429205
S1,D0,250,25,10,drf,tcate_functional_rmse,TCATE-K-grid_mean,0.3845169223711619,0.17697481965195191,10,0.055964351859769536
S1,D0,250,25,10,drf,tcate_functional_rmse,TCATE-K-grid_sd,0.02326272627336775,0.013664490466311805,10,0.004321091293920162
S1,D0,250,25,10,drf,tcate_functional_rmse,TCATE-K-grid_skewness,3.9323276592501704e-17,2.0538681442048847e-17,10,6.4949013493505936e-18
S1,D0,250,25,10,drf,tcate_functional_rmse,TCATE-K-grid_upper_tail_mean,0.38814566338427425,0.17609591912278222,10,0.05568641910887919
S1,D0,500,25,10,causal_drf,arm_energy_risk,LAW-A-M-K,0.1431605661416158,0.014832101829242952,20,0.0033165587939386217
S1,D0,500,25,10,causal_drf,barycenter_rmse,MEANQ-A-K,0.23387604994471928,0.022717566058781762,20,0.0050798021990778
S1,D0,500,25,10,causal_drf,diagnostic_effective_support,NONE_OPERATIONAL,84.1600472260809,1.4888332826618669,10,0.47081042294767755
S1,D0,500,25,10,causal_drf,kernel_law_error,LAW-A-K,0.13856532917303074,0.04532779896676578,20,0.010135603976013301
S1,D0,500,25,10,causal_drf,mean_quantile_rmse,MEANQ-A-K,0.18847246424875413,0.010016877974184504,10,0.003167614944239635
S1,D0,500,25,10,causal_drf,mode_coverage,LAW-A-K,1.0,0.0,20,0.0
S1,D0,500,25,10,causal_drf,peak_ram,NONE_OPERATIONAL,317.94804,0.6888285856760326,10,0.21782672481686982
S1,D0,500,25,10,causal_drf,process_peak_ram,NONE_OPERATIONAL,385.73125,3.4257749647573115,10,1.0833251639816162
S1,D0,500,25,10,causal_drf,reference_effect_rmse,REF-ATE-K,0.017629407596834033,0.014210357807375035,10,0.004493709703726138
S1,D0,500,25,10,causal_drf,reference_tcate_rmse,REF-TCATE-K,0.11780997170307997,0.011108468238557248,10,0.0035128060949479573
S1,D0,500,25,10,causal_drf,runtime,NONE_OPERATIONAL,14.116200000000001,0.5723931826599227,10,0.1810066174358152
S1,D0,500,25,10,causal_drf,tail_calibration,LAW-A-K,0.19380638201433234,0.02138224369584069,20,0.004781215041536612
S1,D0,500,25,10,causal_drf,tate_functional_rmse,TATE-K-grid_mean,0.07906937441209647,0.01938785697614739,10,0.006130978699421055
S1,D0,500,25,10,causal_drf,tate_functional_rmse,TATE-K-grid_sd,0.01573355122385322,0.006551621491834099,10,0.0020718046281506
S1,D0,500,25,10,causal_drf,tate_functional_rmse,TATE-K-grid_skewness,1.605240689105804e-17,1.4049290498511478e-17,10,4.442775748465872e-18
S1,D0,500,25,10,causal_drf,tate_functional_rmse,TATE-K-grid_upper_tail_mean,0.09053747785073837,0.02142502033059754,10,0.006775186316010194
S1,D0,500,25,10,causal_drf,tcate_functional_rmse,TCATE-K-grid_mean,0.1404570196023501,0.01286872540707407,10,0.004069448286963156
S1,D0,500,25,10,causal_drf,tcate_functional_rmse,TCATE-K-grid_sd,0.01892367337852414,0.005769301840726904,10,0.0018244134325698996
S1,D0,500,25,10,causal_drf,tcate_functional_rmse,TCATE-K-grid_skewness,3.1869517524033407e-17,1.5162024310753074e-17,10,4.794653076082431e-18
S1,D0,500,25,10,causal_drf,tcate_functional_rmse,TCATE-K-grid_upper_tail_mean,0.1473687062112195,0.014831781067959968,10,0.0046902209931718114
S1,D0,500,25,10,cwdb_dr,arm_energy_risk,LAW-A-M-K,0.06416308861651857,0.005051970804443478,20,0.0011296550139079913
S1,D0,500,25,10,cwdb_dr,barycenter_rmse,MEANQ-A-K,0.115534420944767,0.013911798102853113,20,0.003110772624723217
S1,D0,500,25,10,cwdb_dr,diagnostic_dense_dr_n_levels,NONE_OPERATIONAL,199.0,0.0,10,0.0
S1,D0,500,25,10,cwdb_dr,diagnostic_dr_if_se_reference,NONE_OPERATIONAL,0.013116377042457916,0.00035366454451106184,10,0.00011183854883009562
S1,D0,500,25,10,cwdb_dr,diagnostic_effective_support,NONE_OPERATIONAL,9.999999999999998,0.0,10,0.0
S1,D0,500,25,10,cwdb_dr,diagnostic_ehat_mean,NONE_OPERATIONAL,0.5003375875173358,0.027278173023696558,10,0.008626115716304335
S1,D0,500,25,10,cwdb_dr,diagnostic_n_boosting_steps,NONE_OPERATIONAL,100.0,0.0,10,0.0
S1,D0,500,25,10,cwdb_dr,diagnostic_selected_contrast_shrinkage,NONE_OPERATIONAL,0.0,0.0,10,0.0
S1,D0,500,25,10,cwdb_dr,diagnostic_train_risk,NONE_OPERATIONAL,0.020403447965548292,0.003543568816591446,10,0.001120574850597643
S1,D0,500,25,10,cwdb_dr,kernel_law_error,LAW-A-K,0.0341036026915343,0.013799984234860166,20,0.0030857702837572753
S1,D0,500,25,10,cwdb_dr,mean_quantile_rmse,MEANQ-A-K,0.10173692286085254,0.005133338085127247,10,0.0016233040348689418
S1,D0,500,25,10,cwdb_dr,mode_coverage,LAW-A-K,1.0,0.0,20,0.0
S1,D0,500,25,10,cwdb_dr,peak_ram,NONE_OPERATIONAL,80.91796875,24.11311661699968,10,7.625236999497301
S1,D0,500,25,10,cwdb_dr,process_peak_ram,NONE_OPERATIONAL,375.214453125,5.3309194983373995,10,1.6857847637748382
S1,D0,500,25,10,cwdb_dr,reference_effect_rmse,REF-ATE-K,0.007634125512646828,0.006404515929997912,10,0.002025285764962491
S1,D0,500,25,10,cwdb_dr,reference_tcate_rmse,REF-TCATE-K,0.01906566592074211,0.005028092282293496,10,0.0015900223897561763
S1,D0,500,25,10,cwdb_dr,runtime,NONE_OPERATIONAL,177.8287561623,7.757277949618313,10,2.453066676379476
S1,D0,500,25,10,cwdb_dr,tail_calibration,LAW-A-K,0.074525,0.013495101450448408,20,0.003017596420645865
S1,D0,500,25,10,cwdb_dr,tate_functional_rmse,TATE-K-grid_mean,0.005668139830617423,0.003636000805456221,10,0.001149804411944844
S1,D0,500,25,10,cwdb_dr,tate_functional_rmse,TATE-K-grid_sd,0.007847875731165285,0.0046694084061661605,10,0.0014765965889021687
S1,D0,500,25,10,cwdb_dr,tate_functional_rmse,TATE-K-grid_skewness,0.00039141584938651294,0.000253446473442503,10,8.014681210156856e-05
S1,D0,500,25,10,cwdb_dr,tate_functional_rmse,TATE-K-grid_upper_tail_mean,0.007117096975101278,0.005746074333088881,10,0.0018170682497193884
S1,D0,500,25,10,cwdb_dr,tcate_functional_rmse,TCATE-K-grid_mean,0.021964509117912846,0.005812359517004961,10,0.0018380294653491858
S1,D0,500,25,10,cwdb_dr,tcate_functional_rmse,TCATE-K-grid_sd,0.01748087914392654,0.007772904526263032,10,0.0024580082338023263
S1,D0,500,25,10,cwdb_dr,tcate_functional_rmse,TCATE-K-grid_skewness,0.001180327365669953,0.0005470813947733781,10,0.00017300232729856115
S1,D0,500,25,10,cwdb_dr,tcate_functional_rmse,TCATE-K-grid_upper_tail_mean,0.027664467128021553,0.008997701911975289,10,0.0028453231749093768
S1,D0,500,25,10,drf,arm_energy_risk,LAW-A-M-K,0.16140670074153915,0.01836561714147119,20,0.004106676837706495
S1,D0,500,25,10,drf,barycenter_rmse,MEANQ-A-K,0.25689975228082257,0.023702111397911625,20,0.005299953229600296
S1,D0,500,25,10,drf,diagnostic_effective_support,NONE_OPERATIONAL,127.38622223862333,1.1902872412365995,10,0.3764018752145949
S1,D0,500,25,10,drf,kernel_law_error,LAW-A-K,0.16520015354674594,0.051652983803762736,20,0.011549958302590913
S1,D0,500,25,10,drf,mean_quantile_rmse,MEANQ-A-K,0.21677272505867654,0.013038334654313945,10,0.004123083440313619
S1,D0,500,25,10,drf,mode_coverage,LAW-A-K,1.0,0.0,20,0.0
S1,D0,500,25,10,drf,peak_ram,NONE_OPERATIONAL,388.53000000000003,14.57433436635179,10,4.608809197853853
S1,D0,500,25,10,drf,process_peak_ram,NONE_OPERATIONAL,385.73125,3.4257749647573115,10,1.0833251639816162
S1,D0,500,25,10,drf,reference_effect_rmse,REF-ATE-K,0.015582253767093162,0.01741936710011427,10,0.005508487543496339
S1,D0,500,25,10,drf,reference_tcate_rmse,REF-TCATE-K,0.1426393570939267,0.015994618698113555,10,0.005057942539195594
S1,D0,500,25,10,drf,runtime,NONE_OPERATIONAL,13.9613,0.4554631464539998,10,0.14403009330614824
S1,D0,500,25,10,drf,tail_calibration,LAW-A-K,0.20318184553806445,0.032435383604727676,20,0.0072527722616453245
S1,D0,500,25,10,drf,tate_functional_rmse,TATE-K-grid_mean,0.045224469242740616,0.022019645272762726,10,0.006963223233088982
S1,D0,500,25,10,drf,tate_functional_rmse,TATE-K-grid_sd,0.015220971480392148,0.007601968511089682,10,0.0024039535195922376
S1,D0,500,25,10,drf,tate_functional_rmse,TATE-K-grid_skewness,1.6004564041326245e-17,1.4522383523069726e-17,10,4.592380898740076e-18
S1,D0,500,25,10,drf,tate_functional_rmse,TATE-K-grid_upper_tail_mean,0.05601030651426971,0.02281127325325668,10,0.007213557980877006
S1,D0,500,25,10,drf,tcate_functional_rmse,TCATE-K-grid_mean,0.14430314285571416,0.020371380998221444,10,0.006441996303745429
S1,D0,500,25,10,drf,tcate_functional_rmse,TCATE-K-grid_sd,0.0192370938107133,0.006133455651913115,10,0.0019395689787678326
S1,D0,500,25,10,drf,tcate_functional_rmse,TCATE-K-grid_skewness,3.174963105230726e-17,1.286877411614885e-17,10,4.0694636901250584e-18
S1,D0,500,25,10,drf,tcate_functional_rmse,TCATE-K-grid_upper_tail_mean,0.14856741102024637,0.020450965374681704,10,0.006467163093323299
S1,D0,1000,25,10,causal_drf,arm_energy_risk,LAW-A-M-K,0.11936173382858013,0.009449338877206236,20,0.0021129364071864683
S1,D0,1000,25,10,causal_drf,barycenter_rmse,MEANQ-A-K,0.18929092442287399,0.007510766890415826,20,0.00167945853301245
S1,D0,1000,25,10,causal_drf,diagnostic_effective_support,NONE_OPERATIONAL,104.8923787267634,1.6787562137291119,10,0.5308693271544423
S1,D0,1000,25,10,causal_drf,kernel_law_error,LAW-A-K,0.10327325998499429,0.04051383005585346,20,0.009059167803376244
S1,D0,1000,25,10,causal_drf,mean_quantile_rmse,MEANQ-A-K,0.13912703914452368,0.003935612940410453,10,0.0012445500880529563
S1,D0,1000,25,10,causal_drf,mode_coverage,LAW-A-K,1.0,0.0,20,0.0
S1,D0,1000,25,10,causal_drf,peak_ram,NONE_OPERATIONAL,388.82890000000003,1.293513479721872,10,0.4090448780051139
S1,D0,1000,25,10,causal_drf,process_peak_ram,NONE_OPERATIONAL,475.773828125,3.805632729842254,10,1.2034467364385764
S1,D0,1000,25,10,causal_drf,reference_effect_rmse,REF-ATE-K,0.008975962261374499,0.003944384180149078,10,0.0012473237976006997
S1,D0,1000,25,10,causal_drf,reference_tcate_rmse,REF-TCATE-K,0.08867678693509136,0.007245275801316645,10,0.0022911573808262176
S1,D0,1000,25,10,causal_drf,runtime,NONE_OPERATIONAL,28.419900000000002,3.7086424425477675,10,1.1727757145621096
S1,D0,1000,25,10,causal_drf,tail_calibration,LAW-A-K,0.16541137249486623,0.014617481350354096,20,0.0032685681959227176
S1,D0,1000,25,10,causal_drf,tate_functional_rmse,TATE-K-grid_mean,0.03573695237675346,0.01189460385807808,10,0.003761404005695292
S1,D0,1000,25,10,causal_drf,tate_functional_rmse,TATE-K-grid_sd,0.01147398527804221,0.007841761129033054,10,0.0024797826034717993
S1,D0,1000,25,10,causal_drf,tate_functional_rmse,TATE-K-grid_skewness,1.4261439340449688e-17,1.0477869692242382e-17,10,3.3133933253933413e-18
S1,D0,1000,25,10,causal_drf,tate_functional_rmse,TATE-K-grid_upper_tail_mean,0.044296108590464275,0.01088382709588645,10,0.003441768328245701
S1,D0,1000,25,10,causal_drf,tcate_functional_rmse,TCATE-K-grid_mean,0.09287782721060453,0.005902508818739362,10,0.0018665371776446333
S1,D0,1000,25,10,causal_drf,tcate_functional_rmse,TCATE-K-grid_sd,0.014837333597568506,0.006274065709613595,10,0.001984033783193954
S1,D0,1000,25,10,causal_drf,tcate_functional_rmse,TCATE-K-grid_skewness,3.230367335832289e-17,1.2261969059387244e-17,10,3.877575082617615e-18
S1,D0,1000,25,10,causal_drf,tcate_functional_rmse,TCATE-K-grid_upper_tail_mean,0.0970529081371689,0.007206603292310013,10,0.0022789280596967844
S1,D0,1000,25,10,cwdb_dr,arm_energy_risk,LAW-A-M-K,0.051689763260864253,0.005760872874623702,20,0.001288170335739322
S1,D0,1000,25,10,cwdb_dr,barycenter_rmse,MEANQ-A-K,0.09750701510073659,0.017478029631475614,20,0.003908206236873507
S1,D0,1000,25,10,cwdb_dr,diagnostic_dense_dr_n_levels,NONE_OPERATIONAL,199.0,0.0,10,0.0
S1,D0,1000,25,10,cwdb_dr,diagnostic_dr_if_se_reference,NONE_OPERATIONAL,0.008514106746921945,0.00014124406815832258,10,4.466529613683634e-05
S1,D0,1000,25,10,cwdb_dr,diagnostic_effective_support,NONE_OPERATIONAL,9.999999999999998,0.0,10,0.0
S1,D0,1000,25,10,cwdb_dr,diagnostic_ehat_mean,NONE_OPERATIONAL,0.49320720273415575,0.017379424572383714,10,0.00549585660718304
S1,D0,1000,25,10,cwdb_dr,diagnostic_n_boosting_steps,NONE_OPERATIONAL,100.0,0.0,10,0.0
S1,D0,1000,25,10,cwdb_dr,diagnostic_selected_contrast_shrinkage,NONE_OPERATIONAL,0.0,0.0,10,0.0
S1,D0,1000,25,10,cwdb_dr,diagnostic_train_risk,NONE_OPERATIONAL,0.02287479576272859,0.002212140115230054,10,0.0006995401267554303
S1,D0,1000,25,10,cwdb_dr,kernel_law_error,LAW-A-K,0.0233562465412259,0.008134390448883894,20,0.0018189049999229414
S1,D0,1000,25,10,cwdb_dr,mean_quantile_rmse,MEANQ-A-K,0.08684672095957986,0.006532797150456052,10,0.002065851848729882
S1,D0,1000,25,10,cwdb_dr,mode_coverage,LAW-A-K,1.0,0.0,20,0.0
S1,D0,1000,25,10,cwdb_dr,peak_ram,NONE_OPERATIONAL,100.839453125,63.566716199167786,10,20.10156065668917
S1,D0,1000,25,10,cwdb_dr,process_peak_ram,NONE_OPERATIONAL,434.14375,6.051694712852719,10,1.9137138996613248
S1,D0,1000,25,10,cwdb_dr,reference_effect_rmse,REF-ATE-K,0.0038807268532823013,0.0031537364617098924,10,0.0009972990358923662
S1,D0,1000,25,10,cwdb_dr,reference_tcate_rmse,REF-TCATE-K,0.010227811347734086,0.004168469832560054,10,0.0013181859028590483
S1,D0,1000,25,10,cwdb_dr,runtime,NONE_OPERATIONAL,290.4077512127,38.6227514627927,10,12.213586412502494
S1,D0,1000,25,10,cwdb_dr,tail_calibration,LAW-A-K,0.063775,0.014007962960965794,20,0.0031322757407018747
S1,D0,1000,25,10,cwdb_dr,tate_functional_rmse,TATE-K-grid_mean,0.004302436101285318,0.0032429795762314462,10,0.0010255201866299019
S1,D0,1000,25,10,cwdb_dr,tate_functional_rmse,TATE-K-grid_sd,0.007087489826800556,0.004532945805054037,10,0.001433443325407635
S1,D0,1000,25,10,cwdb_dr,tate_functional_rmse,TATE-K-grid_skewness,0.00042310196622797735,0.00032302559599106456,10,0.00010214966258651198
S1,D0,1000,25,10,cwdb_dr,tate_functional_rmse,TATE-K-grid_upper_tail_mean,0.006118902337564932,0.004027089305745426,10,0.0012734774547061747
S1,D0,1000,25,10,cwdb_dr,tcate_functional_rmse,TCATE-K-grid_mean,0.010123738032328555,0.004530946992264585,10,0.0014328112453045405
S1,D0,1000,25,10,cwdb_dr,tcate_functional_rmse,TCATE-K-grid_sd,0.013450323808594214,0.004429391327740206,10,0.001400696524385641
S1,D0,1000,25,10,cwdb_dr,tcate_functional_rmse,TCATE-K-grid_skewness,0.0010881569292317942,0.0007825258912421869,10,0.00024745641443785183
S1,D0,1000,25,10,cwdb_dr,tcate_functional_rmse,TCATE-K-grid_upper_tail_mean,0.015870534771131053,0.004803773987103562,10,0.0015190867163915578
S1,D0,1000,25,10,drf,arm_energy_risk,LAW-A-M-K,0.13024867011659735,0.009407451857449298,20,0.002103570184831329
S1,D0,1000,25,10,drf,barycenter_rmse,MEANQ-A-K,0.2072242481894333,0.006849646286667377,20,0.0015316274718817267
S1,D0,1000,25,10,drf,diagnostic_effective_support,NONE_OPERATIONAL,155.7903496918488,1.2382220407725495,10,0.3915601897863133
S1,D0,1000,25,10,drf,kernel_law_error,LAW-A-K,0.11913098201937551,0.05010665453096299,20,0.011204188565633108
S1,D0,1000,25,10,drf,mean_quantile_rmse,MEANQ-A-K,0.1671572548436973,0.006847249053126986,10,0.0021652902714312553
S1,D0,1000,25,10,drf,mode_coverage,LAW-A-K,1.0,0.0,20,0.0
S1,D0,1000,25,10,drf,peak_ram,NONE_OPERATIONAL,479.9,16.007012352230014,10,5.061861756749627
S1,D0,1000,25,10,drf,process_peak_ram,NONE_OPERATIONAL,475.805859375,3.802294715335437,10,1.202391163568154
S1,D0,1000,25,10,drf,reference_effect_rmse,REF-ATE-K,0.004775898996367695,0.005183726161804538,10,0.0016392381437904868
S1,D0,1000,25,10,drf,reference_tcate_rmse,REF-TCATE-K,0.07991722637223324,0.007389375851776458,10,0.002336725817866038
S1,D0,1000,25,10,drf,runtime,NONE_OPERATIONAL,22.6672,3.8680101631487767,10,1.2231722128229623
S1,D0,1000,25,10,drf,tail_calibration,LAW-A-K,0.16005720668986037,0.02330619036295889,20,0.005211422594812657
S1,D0,1000,25,10,drf,tate_functional_rmse,TATE-K-grid_mean,0.017206009397459747,0.007870636460810855,10,0.0024889137851328885
S1,D0,1000,25,10,drf,tate_functional_rmse,TATE-K-grid_sd,0.011245817720515217,0.007086612713519085,10,0.002240983707022662
S1,D0,1000,25,10,drf,tate_functional_rmse,TATE-K-grid_skewness,1.5386563140184988e-17,8.63147529825254e-18,10,2.72951215099592e-18
S1,D0,1000,25,10,drf,tate_functional_rmse,TATE-K-grid_upper_tail_mean,0.02402929752089652,0.0066220308232640725,10,0.00209407001373544
S1,D0,1000,25,10,drf,tcate_functional_rmse,TCATE-K-grid_mean,0.07438436754019442,0.007379261598597098,10,0.0023335274101782
S1,D0,1000,25,10,drf,tcate_functional_rmse,TCATE-K-grid_sd,0.014269805225071536,0.006847406945677957,10,0.00216534020143992
S1,D0,1000,25,10,drf,tcate_functional_rmse,TCATE-K-grid_skewness,3.3091867735354736e-17,1.1416538467398623e-17,10,3.610226455190761e-18
S1,D0,1000,25,10,drf,tcate_functional_rmse,TCATE-K-grid_upper_tail_mean,0.07722575090353265,0.00863183689595316,10,0.0027296264982289843
S2,D2,125,25,10,causal_drf,arm_energy_risk,LAW-A-M-K,0.09942323053305734,0.012212236081610256,20,0.00273073900357562
S2,D2,125,25,10,causal_drf,barycenter_rmse,MEANQ-A-K,0.39468102657526394,0.028963044220752642,20,0.006476333571293533
S2,D2,125,25,10,causal_drf,diagnostic_effective_support,NONE_OPERATIONAL,49.692169133643745,0.6951240864044207,10,0.21981753694816536
S2,D2,125,25,10,causal_drf,kernel_law_error,LAW-A-K,0.044383409421323745,0.005926244736874881,20,0.0013251486082952587
S2,D2,125,25,10,causal_drf,mean_quantile_rmse,MEANQ-A-K,0.2255970477863924,0.09549139195798304,10,0.030197029552711217
S2,D2,125,25,10,causal_drf,mode_coverage,LAW-A-K,1.0,0.0,20,0.0
S2,D2,125,25,10,causal_drf,peak_ram,NONE_OPERATIONAL,270.74843,0.15358864288163632,10,0.04856899342401777
S2,D2,125,25,10,causal_drf,process_peak_ram,NONE_OPERATIONAL,462.1390625,1.3670600138974238,10,0.4323023342057297
S2,D2,125,25,10,causal_drf,reference_effect_rmse,REF-ATE-K,0.037624524819941316,0.0314006037336546,10,0.009929742770273574
S2,D2,125,25,10,causal_drf,reference_tcate_rmse,REF-TCATE-K,0.043467561774981435,0.02723246927868584,10,0.008611662923120992
S2,D2,125,25,10,causal_drf,runtime,NONE_OPERATIONAL,3.9849000000000006,0.7924279777998755,10,0.25058772914889504
S2,D2,125,25,10,causal_drf,tail_calibration,LAW-A-K,0.16414591512107202,0.021909339838180192,20,0.004899077322031515
S2,D2,125,25,10,causal_drf,tate_functional_rmse,TATE-K-grid_mean,0.20903887455022813,0.10249389303904426,10,0.0324114148261057
S2,D2,125,25,10,causal_drf,tate_functional_rmse,TATE-K-grid_sd,0.0403575288857458,0.03950187732608836,10,0.012491590420300106
S2,D2,125,25,10,causal_drf,tate_functional_rmse,TATE-K-grid_skewness,4.812148221141421e-17,2.8237396339002336e-17,10,8.929448762414746e-18
S2,D2,125,25,10,causal_drf,tate_functional_rmse,TATE-K-grid_upper_tail_mean,0.2132905505113853,0.09886665329112299,10,0.031264380903813074
S2,D2,125,25,10,causal_drf,tcate_functional_rmse,TCATE-K-grid_mean,0.21043698169522757,0.1021742042070685,10,0.032310320340949474
S2,D2,125,25,10,causal_drf,tcate_functional_rmse,TCATE-K-grid_sd,0.04500601881894976,0.03754356092736981,10,0.011872316400379198
S2,D2,125,25,10,causal_drf,tcate_functional_rmse,TCATE-K-grid_skewness,4.934431037627622e-17,2.7864125164210686e-17,10,8.811410052691901e-18
S2,D2,125,25,10,causal_drf,tcate_functional_rmse,TCATE-K-grid_upper_tail_mean,0.21442574136281914,0.09864906145545072,10,0.03119557232371493
S2,D2,125,25,10,cwdb_dr,arm_energy_risk,LAW-A-M-K,0.10080919843476983,0.007819720214862876,20,0.0017485425965462651
S2,D2,125,25,10,cwdb_dr,barycenter_rmse,MEANQ-A-K,0.2833613978593517,0.022446626693463655,20,0.005019218315214607
S2,D2,125,25,10,cwdb_dr,diagnostic_dense_dr_n_levels,NONE_OPERATIONAL,199.0,0.0,10,0.0
S2,D2,125,25,10,cwdb_dr,diagnostic_dr_if_se_reference,NONE_OPERATIONAL,0.06834195290410676,0.008780038145558047,10,0.0027764918483124414
S2,D2,125,25,10,cwdb_dr,diagnostic_effective_support,NONE_OPERATIONAL,9.999999999999998,0.0,10,0.0
S2,D2,125,25,10,cwdb_dr,diagnostic_ehat_mean,NONE_OPERATIONAL,0.5246000901802903,0.04913715794572077,10,0.015538533685591797
S2,D2,125,25,10,cwdb_dr,diagnostic_n_boosting_steps,NONE_OPERATIONAL,100.0,0.0,10,0.0
S2,D2,125,25,10,cwdb_dr,diagnostic_selected_contrast_shrinkage,NONE_OPERATIONAL,175.0,225.1542681017716,10,71.20003121097942
S2,D2,125,25,10,cwdb_dr,diagnostic_train_risk,NONE_OPERATIONAL,0.04324350567579981,0.007298842175757495,10,0.0023080965557492695
S2,D2,125,25,10,cwdb_dr,kernel_law_error,LAW-A-K,0.025587449618448787,0.0035137419677249543,20,0.000785696589522687
S2,D2,125,25,10,cwdb_dr,mean_quantile_rmse,MEANQ-A-K,0.09221062253606158,0.10072157250372722,10,0.03185095786255663
S2,D2,125,25,10,cwdb_dr,mode_coverage,LAW-A-K,1.0,0.0,20,0.0
S2,D2,125,25,10,cwdb_dr,peak_ram,NONE_OPERATIONAL,45.578515625,1.372616267974438,10,0.4340593760199259
S2,D2,125,25,10,cwdb_dr,process_peak_ram,NONE_OPERATIONAL,442.0203125,1.3209284703020496,10,0.41771425923165617
S2,D2,125,25,10,cwdb_dr,reference_effect_rmse,REF-ATE-K,0.04333214432834352,0.026202951029833155,10,0.008286100667212741
S2,D2,125,25,10,cwdb_dr,reference_tcate_rmse,REF-TCATE-K,0.10558482675744116,0.052643337839889066,10,0.01664728512077779
S2,D2,125,25,10,cwdb_dr,runtime,NONE_OPERATIONAL,35.16330877389996,5.664186087544583,10,1.791172912767877
S2,D2,125,25,10,cwdb_dr,tail_calibration,LAW-A-K,0.15654779823831083,0.01152381206717906,20,0.0025768027142144753
S2,D2,125,25,10,cwdb_dr,tate_functional_rmse,TATE-K-grid_mean,0.04299310903799518,0.03032074048033364,10,0.009588260026072212
S2,D2,125,25,10,cwdb_dr,tate_functional_rmse,TATE-K-grid_sd,0.04619653843278513,0.03189457609873923,10,0.010085950547758342
S2,D2,125,25,10,cwdb_dr,tate_functional_rmse,TATE-K-grid_skewness,0.0009677793755369573,0.001001166372379763,10,0.00031659660534883415
S2,D2,125,25,10,cwdb_dr,tate_functional_rmse,TATE-K-grid_upper_tail_mean,0.044841973662611674,0.03732333243149456,10,0.011802674035115321
S2,D2,125,25,10,cwdb_dr,tcate_functional_rmse,TCATE-K-grid_mean,0.15191500092131083,0.0520815998972211,10,0.016469647986081005
S2,D2,125,25,10,cwdb_dr,tcate_functional_rmse,TCATE-K-grid_sd,0.09302407224104567,0.0435167247192516,10,0.013761196642338642
S2,D2,125,25,10,cwdb_dr,tcate_functional_rmse,TCATE-K-grid_skewness,0.0018712234975202437,0.001823401119131093,10,0.0005766100624554276
S2,D2,125,25,10,cwdb_dr,tcate_functional_rmse,TCATE-K-grid_upper_tail_mean,0.15651480786041835,0.04880922534105836,10,0.015434832290615319
S2,D2,125,25,10,drf,arm_energy_risk,LAW-A-M-K,0.13923543864365245,0.010658257044137587,20,0.002383258727235762
S2,D2,125,25,10,drf,barycenter_rmse,MEANQ-A-K,0.47985796080682713,0.020175525650607092,20,0.004511384683654813
S2,D2,125,25,10,drf,diagnostic_effective_support,NONE_OPERATIONAL,61.06015158037011,0.12839396622729438,10,0.04060173711009864
S2,D2,125,25,10,drf,kernel_law_error,LAW-A-K,0.06471299007473276,0.00576168101855959,20,0.001288351042216947
S2,D2,125,25,10,drf,mean_quantile_rmse,MEANQ-A-K,0.23878631863535976,0.10864175948497184,10,0.03435554089807126
S2,D2,125,25,10,drf,mode_coverage,LAW-A-K,1.0,0.0,20,0.0
S2,D2,125,25,10,drf,peak_ram,NONE_OPERATIONAL,250.51999999999998,6.1456036680251644,10,1.9434105187644826
S2,D2,125,25,10,drf,process_peak_ram,NONE_OPERATIONAL,462.1703125,1.35433217137648,10,0.4282774369991175
S2,D2,125,25,10,drf,reference_effect_rmse,REF-ATE-K,0.03875086518901814,0.030017245266679385,10,0.009492286412661524
S2,D2,125,25,10,drf,reference_tcate_rmse,REF-TCATE-K,0.03875086518901814,0.03001724526667938,10,0.009492286412661522
S2,D2,125,25,10,drf,runtime,NONE_OPERATIONAL,4.7499,0.7822445553945672,10,0.24736744823125859
S2,D2,125,25,10,drf,tail_calibration,LAW-A-K,0.19550726726392242,0.02090328584374683,20,0.0046741168099726955
S2,D2,125,25,10,drf,tate_functional_rmse,TATE-K-grid_mean,0.23200434354977081,0.10790342590816385,10,0.034122059320502045
S2,D2,125,25,10,drf,tate_functional_rmse,TATE-K-grid_sd,0.043118511290293836,0.04051856705704981,10,0.012813095942654304
S2,D2,125,25,10,drf,tate_functional_rmse,TATE-K-grid_skewness,4.460890241038292e-17,2.7298250102536426e-17,10,8.632464646094011e-18
S2,D2,125,25,10,drf,tate_functional_rmse,TATE-K-grid_upper_tail_mean,0.23600418144441418,0.10483973710105489,10,0.03315323585325919
S2,D2,125,25,10,drf,tcate_functional_rmse,TCATE-K-grid_mean,0.23200434354977081,0.10790342590816383,10,0.03412205932050204
S2,D2,125,25,10,drf,tcate_functional_rmse,TCATE-K-grid_sd,0.043118511290293836,0.0405185670570498,10,0.012813095942654302
S2,D2,125,25,10,drf,tcate_functional_rmse,TCATE-K-grid_skewness,4.460890241038292e-17,2.7298250102536426e-17,10,8.632464646094011e-18
S2,D2,125,25,10,drf,tcate_functional_rmse,TCATE-K-grid_upper_tail_mean,0.23600418144441418,0.10483973710105489,10,0.03315323585325919
S2,D2,250,25,10,causal_drf,arm_energy_risk,LAW-A-M-K,0.07059081617409986,0.005922221945149688,20,0.0013242490847195732
S2,D2,250,25,10,causal_drf,barycenter_rmse,MEANQ-A-K,0.3243767712520206,0.015685925476651957,20,0.0035074795655789565
S2,D2,250,25,10,causal_drf,diagnostic_effective_support,NONE_OPERATIONAL,73.13095388761307,0.5861020532448796,10,0.18534174295551006
S2,D2,250,25,10,causal_drf,kernel_law_error,LAW-A-K,0.03062719257485689,0.002968364917792223,20,0.0006637465738208986
S2,D2,250,25,10,causal_drf,mean_quantile_rmse,MEANQ-A-K,0.12876553428993784,0.052122278454402225,10,0.01648251167534318
S2,D2,250,25,10,causal_drf,mode_coverage,LAW-A-K,1.0,0.0,20,0.0
S2,D2,250,25,10,causal_drf,peak_ram,NONE_OPERATIONAL,288.62071000000003,0.15996440194271588,10,0.050585185468564574
S2,D2,250,25,10,causal_drf,process_peak_ram,NONE_OPERATIONAL,501.4125,5.520899419808847,10,1.7458616899298083
S2,D2,250,25,10,causal_drf,reference_effect_rmse,REF-ATE-K,0.02519254961407581,0.023166757579957262,10,0.007325971995363532
S2,D2,250,25,10,causal_drf,reference_tcate_rmse,REF-TCATE-K,0.034857657513696114,0.017602609544766053,10,0.005566433892408037
S2,D2,250,25,10,causal_drf,runtime,NONE_OPERATIONAL,7.147499999999999,0.6853674197100418,10,0.21673220803563104
S2,D2,250,25,10,causal_drf,tail_calibration,LAW-A-K,0.13627202945571915,0.010519574921181524,20,0.002352248461816388
S2,D2,250,25,10,causal_drf,tate_functional_rmse,TATE-K-grid_mean,0.10373256673439761,0.06468231236105677,10,0.020454343138740283
S2,D2,250,25,10,causal_drf,tate_functional_rmse,TATE-K-grid_sd,0.028371573307379973,0.01763487722453365,10,0.0055766378286954904
S2,D2,250,25,10,causal_drf,tate_functional_rmse,TATE-K-grid_skewness,2.446144485291208e-17,1.8051034260106305e-17,10,5.708238238366821e-18
S2,D2,250,25,10,causal_drf,tate_functional_rmse,TATE-K-grid_upper_tail_mean,0.11135222116717827,0.06327903630545705,10,0.020010588286573063
S2,D2,250,25,10,causal_drf,tcate_functional_rmse,TCATE-K-grid_mean,0.10692881943551602,0.06183907074362276,10,0.019555231193813024
S2,D2,250,25,10,causal_drf,tcate_functional_rmse,TCATE-K-grid_sd,0.03195915920581373,0.015415498391808759,10,0.004874808618477841
S2,D2,250,25,10,causal_drf,tcate_functional_rmse,TCATE-K-grid_skewness,2.949768486119672e-17,1.4842450541493197e-17,10,4.6935949769518e-18
S2,D2,250,25,10,causal_drf,tcate_functional_rmse,TCATE-K-grid_upper_tail_mean,0.11617363717552642,0.05798716215619214,10,0.018337150746308765
S2,D2,250,25,10,cwdb_dr,arm_energy_risk,LAW-A-M-K,0.08439290845462315,0.006539587819178336,20,0.0014622962908512362
S2,D2,250,25,10,cwdb_dr,barycenter_rmse,MEANQ-A-K,0.24491051514821938,0.013647271449975804,20,0.0030516226669538016
S2,D2,250,25,10,cwdb_dr,diagnostic_dense_dr_n_levels,NONE_OPERATIONAL,199.0,0.0,10,0.0
S2,D2,250,25,10,cwdb_dr,diagnostic_dr_if_se_reference,NONE_OPERATIONAL,0.045339446755333766,0.0024320120752491757,10,0.0007690697454820208
S2,D2,250,25,10,cwdb_dr,diagnostic_effective_support,NONE_OPERATIONAL,9.999999999999998,0.0,10,0.0
S2,D2,250,25,10,cwdb_dr,diagnostic_ehat_mean,NONE_OPERATIONAL,0.49504054428506317,0.04429870581666587,10,0.01400848077784135
S2,D2,250,25,10,cwdb_dr,diagnostic_n_boosting_steps,NONE_OPERATIONAL,100.0,0.0,10,0.0
S2,D2,250,25,10,cwdb_dr,diagnostic_selected_contrast_shrinkage,NONE_OPERATIONAL,135.0,193.00259065618783,10,61.032778078668514
S2,D2,250,25,10,cwdb_dr,diagnostic_train_risk,NONE_OPERATIONAL,0.05761192671344502,0.008890485157847162,10,0.0028114182602718626
S2,D2,250,25,10,cwdb_dr,kernel_law_error,LAW-A-K,0.019235265478041223,0.0024519456365363302,20,0.0005482717120429226
S2,D2,250,25,10,cwdb_dr,mean_quantile_rmse,MEANQ-A-K,0.07439954171641834,0.05740471367578297,10,0.01815296436452907
S2,D2,250,25,10,cwdb_dr,mode_coverage,LAW-A-K,1.0,0.0,20,0.0
S2,D2,250,25,10,cwdb_dr,peak_ram,NONE_OPERATIONAL,4.5296875,9.550314672055913,10,3.0200746735020716
S2,D2,250,25,10,cwdb_dr,process_peak_ram,NONE_OPERATIONAL,473.279296875,5.544433591361051,10,1.753303848424819
S2,D2,250,25,10,cwdb_dr,reference_effect_rmse,REF-ATE-K,0.025104630725926287,0.01944136076765259,10,0.006147898083882175
S2,D2,250,25,10,cwdb_dr,reference_tcate_rmse,REF-TCATE-K,0.06466043228316551,0.022213512516670076,10,0.007024529438533645
S2,D2,250,25,10,cwdb_dr,runtime,NONE_OPERATIONAL,73.96823206799999,19.2308888480122,10,6.081341018925019
S2,D2,250,25,10,cwdb_dr,tail_calibration,LAW-A-K,0.14489334755507194,0.016835482809499123,20,0.003764528399606918
S2,D2,250,25,10,cwdb_dr,tate_functional_rmse,TATE-K-grid_mean,0.05363010455144092,0.03592912721138693,10,0.01136178763299167
S2,D2,250,25,10,cwdb_dr,tate_functional_rmse,TATE-K-grid_sd,0.018626961873302032,0.014168123014431055,10,0.00448035388950528
S2,D2,250,25,10,cwdb_dr,tate_functional_rmse,TATE-K-grid_skewness,0.00042673658972672464,0.00038144941624238107,10,0.00012062489674675509
S2,D2,250,25,10,cwdb_dr,tate_functional_rmse,TATE-K-grid_upper_tail_mean,0.04898742728440252,0.029502310308002568,10,0.009329449681035181
S2,D2,250,25,10,cwdb_dr,tcate_functional_rmse,TCATE-K-grid_mean,0.10580976870959362,0.03997610124724746,10,0.012641553191479991
S2,D2,250,25,10,cwdb_dr,tcate_functional_rmse,TCATE-K-grid_sd,0.055675721074210774,0.028896215550001464,10,0.009137785689717976
S2,D2,250,25,10,cwdb_dr,tcate_functional_rmse,TCATE-K-grid_skewness,0.0011772463830661748,0.0008838635047992417,10,0.0002795021815864769
S2,D2,250,25,10,cwdb_dr,tcate_functional_rmse,TCATE-K-grid_upper_tail_mean,0.11055352924464931,0.03829562448111672,10,0.012110139777883269
S2,D2,250,25,10,drf,arm_energy_risk,LAW-A-M-K,0.0928621028262944,0.019293002367529722,20,0.0043140464783860836
S2,D2,250,25,10,drf,barycenter_rmse,MEANQ-A-K,0.3794504128644781,0.046966553859186,20,0.010502040709804497
S2,D2,250,25,10,drf,diagnostic_effective_support,NONE_OPERATIONAL,110.26820044187059,1.7040113593604032,10,0.5388557054378554
S2,D2,250,25,10,drf,kernel_law_error,LAW-A-K,0.04184198868342019,0.009945276817251167,20,0.0022238315018426364
S2,D2,250,25,10,drf,mean_quantile_rmse,MEANQ-A-K,0.1527636353882323,0.04862459363871655,10,0.015376446619847883
S2,D2,250,25,10,drf,mode_coverage,LAW-A-K,1.0,0.0,20,0.0
S2,D2,250,25,10,drf,peak_ram,NONE_OPERATIONAL,313.04,13.47567355562527,10,4.261382144067558
S2,D2,250,25,10,drf,process_peak_ram,NONE_OPERATIONAL,501.429296875,5.521994169060282,10,1.746207880039938
S2,D2,250,25,10,drf,reference_effect_rmse,REF-ATE-K,0.027364246568393417,0.01849653565138133,10,0.005849118148087116
S2,D2,250,25,10,drf,reference_tcate_rmse,REF-TCATE-K,0.030475872849026836,0.016391173350522214,10,0.005183344131030367
S2,D2,250,25,10,drf,runtime,NONE_OPERATIONAL,8.521,1.3198419097250496,10,0.41737065860774947
S2,D2,250,25,10,drf,tail_calibration,LAW-A-K,0.1595234061382294,0.018411814615085877,20,0.0041170069068456145
S2,D2,250,25,10,drf,tate_functional_rmse,TATE-K-grid_mean,0.0952483114712164,0.05686479037739218,10,0.01798222562605851
S2,D2,250,25,10,drf,tate_functional_rmse,TATE-K-grid_sd,0.024736954368800336,0.014631342508523043,10,0.00462683675529744
S2,D2,250,25,10,drf,tate_functional_rmse,TATE-K-grid_skewness,2.494748118305517e-17,1.638256887147353e-17,10,5.180623155843064e-18
S2,D2,250,25,10,drf,tate_functional_rmse,TATE-K-grid_upper_tail_mean,0.10346992107851435,0.05644740709100114,10,0.017850237441830306
S2,D2,250,25,10,drf,tcate_functional_rmse,TCATE-K-grid_mean,0.1451654905142002,0.04988564954777238,10,0.01577522751279094
S2,D2,250,25,10,drf,tcate_functional_rmse,TCATE-K-grid_sd,0.026353326681460038,0.01313707395308907,10,0.004154307548183346
S2,D2,250,25,10,drf,tcate_functional_rmse,TCATE-K-grid_skewness,2.8393890774186724e-17,1.473985014675729e-17,10,4.661149883332019e-18
S2,D2,250,25,10,drf,tcate_functional_rmse,TCATE-K-grid_upper_tail_mean,0.14893436181846595,0.047003687278710016,10,0.014863871022700531
S2,D2,500,25,10,causal_drf,arm_energy_risk,LAW-A-M-K,0.05291115114471483,0.00517321535283407,20,0.001156766119118254
S2,D2,500,25,10,causal_drf,barycenter_rmse,MEANQ-A-K,0.27484677932327994,0.01881514189702204,20,0.004207193628804563
S2,D2,500,25,10,causal_drf,diagnostic_effective_support,NONE_OPERATIONAL,100.96707397524867,1.8157288300885615,10,0.5741838716312725
S2,D2,500,25,10,causal_drf,kernel_law_error,LAW-A-K,0.02219771511973032,0.0027264718974650973,20,0.0006096576501474794
S2,D2,500,25,10,causal_drf,mean_quantile_rmse,MEANQ-A-K,0.10899359087599256,0.037423043929440375,10,0.011834205579356917
S2,D2,500,25,10,causal_drf,mode_coverage,LAW-A-K,1.0,0.0,20,0.0
S2,D2,500,25,10,causal_drf,peak_ram,NONE_OPERATIONAL,317.93867,0.3532161442453651,10,0.11169675221579299
S2,D2,500,25,10,causal_drf,process_peak_ram,NONE_OPERATIONAL,584.628515625,11.57291951607238,10,3.6596784848602337
S2,D2,500,25,10,causal_drf,reference_effect_rmse,REF-ATE-K,0.023892090582131428,0.027225775287410485,10,0.008609546097214251
S2,D2,500,25,10,causal_drf,reference_tcate_rmse,REF-TCATE-K,0.03454080342215713,0.02353012201572531,10,0.0074408779191364295
S2,D2,500,25,10,causal_drf,runtime,NONE_OPERATIONAL,13.7223,1.8026424462130282,10,0.5700455936930738
S2,D2,500,25,10,causal_drf,tail_calibration,LAW-A-K,0.11221894291975595,0.010820182611274069,20,0.002419466384777
S2,D2,500,25,10,causal_drf,tate_functional_rmse,TATE-K-grid_mean,0.08203436191701734,0.045158856740601425,10,0.014280484382954811
S2,D2,500,25,10,causal_drf,tate_functional_rmse,TATE-K-grid_sd,0.016767536138806317,0.012963717583622818,10,0.004099487450742244
S2,D2,500,25,10,causal_drf,tate_functional_rmse,TATE-K-grid_skewness,1.9915121538373782e-17,1.419059210116191e-17,10,4.487459238606617e-18
S2,D2,500,25,10,causal_drf,tate_functional_rmse,TATE-K-grid_upper_tail_mean,0.08766756988159279,0.04546663945914558,10,0.014377813824458617
S2,D2,500,25,10,causal_drf,tcate_functional_rmse,TCATE-K-grid_mean,0.09080641426445445,0.04493534930362718,10,0.014209805125472296
S2,D2,500,25,10,causal_drf,tcate_functional_rmse,TCATE-K-grid_sd,0.01995756386623653,0.011567295297211629,10,0.0036578999506943085
S2,D2,500,25,10,causal_drf,tcate_functional_rmse,TCATE-K-grid_skewness,2.2381335276660354e-17,1.3158963080934146e-17,10,4.161229498181851e-18
S2,D2,500,25,10,causal_drf,tcate_functional_rmse,TCATE-K-grid_upper_tail_mean,0.09572373784183072,0.044504566580872325,10,0.014073579667416878
S2,D2,500,25,10,cwdb_dr,arm_energy_risk,LAW-A-M-K,0.062433276831473414,0.005184342746650052,20,0.0011592542800167487
S2,D2,500,25,10,cwdb_dr,barycenter_rmse,MEANQ-A-K,0.20751702006278983,0.008596666422222335,20,0.0019222730499979049
S2,D2,500,25,10,cwdb_dr,diagnostic_dense_dr_n_levels,NONE_OPERATIONAL,199.0,0.0,10,0.0
S2,D2,500,25,10,cwdb_dr,diagnostic_dr_if_se_reference,NONE_OPERATIONAL,0.030418493369674122,0.0014460179507610209,10,0.00045727102618940354
S2,D2,500,25,10,cwdb_dr,diagnostic_effective_support,NONE_OPERATIONAL,9.999999999999998,0.0,10,0.0
S2,D2,500,25,10,cwdb_dr,diagnostic_ehat_mean,NONE_OPERATIONAL,0.5003375875173358,0.027278173023696596,10,0.008626115716304348
S2,D2,500,25,10,cwdb_dr,diagnostic_n_boosting_steps,NONE_OPERATIONAL,100.0,0.0,10,0.0
S2,D2,500,25,10,cwdb_dr,diagnostic_selected_contrast_shrinkage,NONE_OPERATIONAL,230.0,232.379000772445,10,73.48469228349533
S2,D2,500,25,10,cwdb_dr,diagnostic_train_risk,NONE_OPERATIONAL,0.10817222946527746,0.005327892443232195,10,0.0016848275249013093
S2,D2,500,25,10,cwdb_dr,kernel_law_error,LAW-A-K,0.013537238451455217,0.0016333204331975704,20,0.00036522155176691714
S2,D2,500,25,10,cwdb_dr,mean_quantile_rmse,MEANQ-A-K,0.0539379603249477,0.02724713668777832,10,0.008616301165131563
S2,D2,500,25,10,cwdb_dr,mode_coverage,LAW-A-K,1.0,0.0,20,0.0
S2,D2,500,25,10,cwdb_dr,peak_ram,NONE_OPERATIONAL,22.8125,31.67712770304426,10,10.017187327363775
S2,D2,500,25,10,cwdb_dr,process_peak_ram,NONE_OPERATIONAL,495.344140625,19.741571010337992,10,6.242832898261953
S2,D2,500,25,10,cwdb_dr,reference_effect_rmse,REF-ATE-K,0.03009359802797847,0.019741858555054975,10,0.006242923827885435
S2,D2,500,25,10,cwdb_dr,reference_tcate_rmse,REF-TCATE-K,0.06539075626727761,0.02171141470480318,10,0.006865752169165034
S2,D2,500,25,10,cwdb_dr,runtime,NONE_OPERATIONAL,135.79371116759998,25.381929942322632,10,8.026471002856573
S2,D2,500,25,10,cwdb_dr,tail_calibration,LAW-A-K,0.12673672375327683,0.011652054145585757,20,0.0026054785147037983
S2,D2,500,25,10,cwdb_dr,tate_functional_rmse,TATE-K-grid_mean,0.02922151154211671,0.03013311452593333,10,0.009528927489665426
S2,D2,500,25,10,cwdb_dr,tate_functional_rmse,TATE-K-grid_sd,0.022260384698408717,0.011919078425112466,10,0.003769143543352806
S2,D2,500,25,10,cwdb_dr,tate_functional_rmse,TATE-K-grid_skewness,7.695442197558377e-11,1.3747431258666306e-10,10,4.347319475398092e-11
S2,D2,500,25,10,cwdb_dr,tate_functional_rmse,TATE-K-grid_upper_tail_mean,0.03337201568319677,0.0321315497406498,10,0.010160888193144594
S2,D2,500,25,10,cwdb_dr,tcate_functional_rmse,TCATE-K-grid_mean,0.09691738631355767,0.03498730262453099,10,0.011063956547910484
S2,D2,500,25,10,cwdb_dr,tcate_functional_rmse,TCATE-K-grid_sd,0.04902484882771368,0.017397472290322583,10,0.005501563796708551
S2,D2,500,25,10,cwdb_dr,tcate_functional_rmse,TCATE-K-grid_skewness,3.662488773723898e-10,5.090387148682042e-10,10,1.6097217561885433e-10
S2,D2,500,25,10,cwdb_dr,tcate_functional_rmse,TCATE-K-grid_upper_tail_mean,0.10795172871091667,0.0332638881284447,10,0.010518965031892083
S2,D2,500,25,10,drf,arm_energy_risk,LAW-A-M-K,0.04660880792285773,0.004658765399257479,20,0.001041731612396367
S2,D2,500,25,10,drf,barycenter_rmse,MEANQ-A-K,0.25088783518262997,0.017222658073578895,20,0.003851103420575798
S2,D2,500,25,10,drf,diagnostic_effective_support,NONE_OPERATIONAL,145.9261705019499,3.124313893186604,10,0.9879948027777694
S2,D2,500,25,10,drf,kernel_law_error,LAW-A-K,0.018851783694197845,0.002458027141798812,20,0.0005496315779601658
S2,D2,500,25,10,drf,mean_quantile_rmse,MEANQ-A-K,0.08595284265179323,0.03704658372501945,10,0.011715158409918646
S2,D2,500,25,10,drf,mode_coverage,LAW-A-K,1.0,0.0,20,0.0
S2,D2,500,25,10,drf,peak_ram,NONE_OPERATIONAL,390.61,3.9082391602016093,10,1.2358937386900777
S2,D2,500,25,10,drf,process_peak_ram,NONE_OPERATIONAL,584.656640625,11.580038203013745,10,3.6619296113286746
S2,D2,500,25,10,drf,reference_effect_rmse,REF-ATE-K,0.022399610722304498,0.024384663737587003,10,0.007711107738808935
S2,D2,500,25,10,drf,reference_tcate_rmse,REF-TCATE-K,0.03782380711605104,0.021681973496464006,10,0.006856442041623101
S2,D2,500,25,10,drf,runtime,NONE_OPERATIONAL,14.3379,2.1102472972510955,10,0.667318788552784
S2,D2,500,25,10,drf,tail_calibration,LAW-A-K,0.1052500442796945,0.008130244818901523,20,0.001817978008877927
S2,D2,500,25,10,drf,tate_functional_rmse,TATE-K-grid_mean,0.03188521500899301,0.03276892664214883,10,0.010362444466816367
S2,D2,500,25,10,drf,tate_functional_rmse,TATE-K-grid_sd,0.015855444909666568,0.01208535998080853,10,0.0038217263882403766
S2,D2,500,25,10,drf,tate_functional_rmse,TATE-K-grid_skewness,1.659159467864393e-17,1.2959096714691327e-17,10,4.098026203682982e-18
S2,D2,500,25,10,drf,tate_functional_rmse,TATE-K-grid_upper_tail_mean,0.03852562912509435,0.03703292534995471,10,0.011710839252484504
S2,D2,500,25,10,drf,tcate_functional_rmse,TCATE-K-grid_mean,0.07007228485045855,0.04353988063773161,10,0.013768519186709642
S2,D2,500,25,10,drf,tcate_functional_rmse,TCATE-K-grid_sd,0.01950886695669265,0.010658819313833055,10,0.003370614619990552
S2,D2,500,25,10,drf,tcate_functional_rmse,TCATE-K-grid_skewness,2.1377677590386075e-17,1.2120246630793956e-17,10,3.832758515629079e-18
S2,D2,500,25,10,drf,tcate_functional_rmse,TCATE-K-grid_upper_tail_mean,0.07388491025888848,0.04649868651220899,10,0.014704175758473121
S2,D2,1000,25,10,causal_drf,arm_energy_risk,LAW-A-M-K,0.03848497131440261,0.001942254173623404,20,0.00043430123618046104
S2,D2,1000,25,10,causal_drf,barycenter_rmse,MEANQ-A-K,0.22759302068480403,0.008866969326714274,20,0.001982714616893866
S2,D2,1000,25,10,causal_drf,diagnostic_effective_support,NONE_OPERATIONAL,131.14139626265847,1.8014587627658516,10,0.5696712801209021
S2,D2,1000,25,10,causal_drf,kernel_law_error,LAW-A-K,0.015448945695878352,0.001063967970518864,20,0.00023791047079626718
S2,D2,1000,25,10,causal_drf,mean_quantile_rmse,MEANQ-A-K,0.08134120977905054,0.016751514605520015,10,0.005297294041102026
S2,D2,1000,25,10,causal_drf,mode_coverage,LAW-A-K,1.0,0.0,20,0.0
S2,D2,1000,25,10,causal_drf,peak_ram,NONE_OPERATIONAL,391.02891,0.7987934518871359,10,0.2526006687991475
S2,D2,1000,25,10,causal_drf,process_peak_ram,NONE_OPERATIONAL,607.77109375,16.567303008376296,10,5.239041219262874
S2,D2,1000,25,10,causal_drf,reference_effect_rmse,REF-ATE-K,0.014233176951338994,0.01700235572905624,10,0.00537661696922304
S2,D2,1000,25,10,causal_drf,reference_tcate_rmse,REF-TCATE-K,0.022253968534738596,0.015017660426701428,10,0.004749001207535265
S2,D2,1000,25,10,causal_drf,runtime,NONE_OPERATIONAL,28.7361,4.295460121518479,10,1.3583437582422038
S2,D2,1000,25,10,causal_drf,tail_calibration,LAW-A-K,0.09570448281982531,0.007534059986253487,20,0.0016846670275823927
S2,D2,1000,25,10,causal_drf,tate_functional_rmse,TATE-K-grid_mean,0.050407444165013505,0.025751942273896666,10,0.008143479175868912
S2,D2,1000,25,10,causal_drf,tate_functional_rmse,TATE-K-grid_sd,0.011647888915133672,0.008184107292371281,10,0.0025880419659086826
S2,D2,1000,25,10,causal_drf,tate_functional_rmse,TATE-K-grid_skewness,1.1500023069027129e-17,9.172805122904349e-18,10,2.9006956721238487e-18
S2,D2,1000,25,10,causal_drf,tate_functional_rmse,TATE-K-grid_upper_tail_mean,0.05447558326393022,0.02865412188994486,10,0.009061228952431437
S2,D2,1000,25,10,causal_drf,tcate_functional_rmse,TCATE-K-grid_mean,0.05785002085622629,0.02344209324289229,10,0.00741304077695824
S2,D2,1000,25,10,causal_drf,tcate_functional_rmse,TCATE-K-grid_sd,0.015861745262100584,0.008072863097648727,10,0.002552863462729227
S2,D2,1000,25,10,causal_drf,tcate_functional_rmse,TCATE-K-grid_skewness,1.6845212164179834e-17,6.303966108516135e-18,10,1.9934891195419168e-18
S2,D2,1000,25,10,causal_drf,tcate_functional_rmse,TCATE-K-grid_upper_tail_mean,0.06145637233787821,0.02707934096746935,10,0.008563239499351071
S2,D2,1000,25,10,cwdb_dr,arm_energy_risk,LAW-A-M-K,0.043605604416484686,0.0033254845812282236,20,0.0007436009581753729
S2,D2,1000,25,10,cwdb_dr,barycenter_rmse,MEANQ-A-K,0.16744610552100472,0.006892481870951313,20,0.0015412057997132068
S2,D2,1000,25,10,cwdb_dr,diagnostic_dense_dr_n_levels,NONE_OPERATIONAL,199.0,0.0,10,0.0
S2,D2,1000,25,10,cwdb_dr,diagnostic_dr_if_se_reference,NONE_OPERATIONAL,0.020184302195632088,0.0008436714578158765,10,0.00026679234035728355
S2,D2,1000,25,10,cwdb_dr,diagnostic_effective_support,NONE_OPERATIONAL,9.999999999999998,0.0,10,0.0
S2,D2,1000,25,10,cwdb_dr,diagnostic_ehat_mean,NONE_OPERATIONAL,0.49320720273415575,0.017379424572383683,10,0.005495856607183031
S2,D2,1000,25,10,cwdb_dr,diagnostic_n_boosting_steps,NONE_OPERATIONAL,100.0,0.0,10,0.0
S2,D2,1000,25,10,cwdb_dr,diagnostic_selected_contrast_shrinkage,NONE_OPERATIONAL,365.0,217.3706511928416,10,68.7386354243376
S2,D2,1000,25,10,cwdb_dr,diagnostic_train_risk,NONE_OPERATIONAL,0.15294615414648752,0.006739161935064256,10,0.0021311101235510803
S2,D2,1000,25,10,cwdb_dr,kernel_law_error,LAW-A-K,0.009476725849329065,0.0009383433346301441,20,0.00020981994824668346
S2,D2,1000,25,10,cwdb_dr,mean_quantile_rmse,MEANQ-A-K,0.034848248067403824,0.020619563918994267,10,0.006520478634344952
S2,D2,1000,25,10,cwdb_dr,mode_coverage,LAW-A-K,1.0,0.0,20,0.0
S2,D2,1000,25,10,cwdb_dr,peak_ram,NONE_OPERATIONAL,36.93203125,47.802809425836266,10,15.116575634060844
S2,D2,1000,25,10,cwdb_dr,process_peak_ram,NONE_OPERATIONAL,547.593359375,36.48076702146255,10,11.536231457777836
S2,D2,1000,25,10,cwdb_dr,reference_effect_rmse,REF-ATE-K,0.01347101849057987,0.01642914851443813,10,0.005195352932279621
S2,D2,1000,25,10,cwdb_dr,reference_tcate_rmse,REF-TCATE-K,0.04139549885042475,0.00918461239262709,10,0.0029044294586510295
S2,D2,1000,25,10,cwdb_dr,runtime,NONE_OPERATIONAL,245.63069866670003,44.877592344008136,10,14.19154077116004
S2,D2,1000,25,10,cwdb_dr,tail_calibration,LAW-A-K,0.10283539075404394,0.008031694039478973,20,0.0017959413846754862
S2,D2,1000,25,10,cwdb_dr,tate_functional_rmse,TATE-K-grid_mean,0.021552772584640622,0.00997225811022108,10,0.003153504904338506
S2,D2,1000,25,10,cwdb_dr,tate_functional_rmse,TATE-K-grid_sd,0.010601638352646619,0.008466475618534188,10,0.0026773346708850922
S2,D2,1000,25,10,cwdb_dr,tate_functional_rmse,TATE-K-grid_skewness,1.0111426854187193e-14,3.159416804972074e-14,10,9.990953181523745e-15
S2,D2,1000,25,10,cwdb_dr,tate_functional_rmse,TATE-K-grid_upper_tail_mean,0.02824415320793372,0.011815731154768255,10,0.003736462266927918
S2,D2,1000,25,10,cwdb_dr,tcate_functional_rmse,TCATE-K-grid_mean,0.04617275564520137,0.017976499200840036,10,0.005684668183085117
S2,D2,1000,25,10,cwdb_dr,tcate_functional_rmse,TCATE-K-grid_sd,0.029278453411557475,0.012312125883245243,10,0.0038934360629767303
S2,D2,1000,25,10,cwdb_dr,tcate_functional_rmse,TCATE-K-grid_skewness,1.1728601532279428e-14,3.6115393780764874e-14,10,1.1420690294109677e-14
S2,D2,1000,25,10,cwdb_dr,tcate_functional_rmse,TCATE-K-grid_upper_tail_mean,0.05157886998587626,0.01466204397427057,10,0.004636545411224222
S2,D2,1000,25,10,drf,arm_energy_risk,LAW-A-M-K,0.03486558184707534,0.001967509650692787,20,0.0004399485325335938
S2,D2,1000,25,10,drf,barycenter_rmse,MEANQ-A-K,0.21341722818576164,0.005960738672643754,20,0.00133286168681433
S2,D2,1000,25,10,drf,diagnostic_effective_support,NONE_OPERATIONAL,198.49770136340422,2.5793126508601913,10,0.8156502774404866
S2,D2,1000,25,10,drf,kernel_law_error,LAW-A-K,0.01375210927649593,0.0009330658332708833,20,0.000208639863067618
S2,D2,1000,25,10,drf,mean_quantile_rmse,MEANQ-A-K,0.06274313207092844,0.008851461519290657,10,0.0027990779022292905
S2,D2,1000,25,10,drf,mode_coverage,LAW-A-K,1.0,0.0,20,0.0
S2,D2,1000,25,10,drf,peak_ram,NONE_OPERATIONAL,496.61,24.117418785784057,10,7.626597464721012
S2,D2,1000,25,10,drf,process_peak_ram,NONE_OPERATIONAL,607.8171875,16.571519262006174,10,5.2403745157292105
S2,D2,1000,25,10,drf,reference_effect_rmse,REF-ATE-K,0.0139568757512552,0.016651588314242266,10,0.0052656945732449155
S2,D2,1000,25,10,drf,reference_tcate_rmse,REF-TCATE-K,0.022400138003701043,0.016481867844357036,10,0.0052120242482057814
S2,D2,1000,25,10,drf,runtime,NONE_OPERATIONAL,24.2365,3.6513014194332887,10,1.154642890921498
S2,D2,1000,25,10,drf,tail_calibration,LAW-A-K,0.08707770909901753,0.007086232767330785,20,0.0015845298172138087
S2,D2,1000,25,10,drf,tate_functional_rmse,TATE-K-grid_mean,0.019039025934766106,0.01218270045648246,10,0.00385250814940576
S2,D2,1000,25,10,drf,tate_functional_rmse,TATE-K-grid_sd,0.011472439388273055,0.008135773875390745,10,0.002572757597432967
S2,D2,1000,25,10,drf,tate_functional_rmse,TATE-K-grid_skewness,1.1769782625354032e-17,6.808768079214739e-18,10,2.1531215190168334e-18
S2,D2,1000,25,10,drf,tate_functional_rmse,TATE-K-grid_upper_tail_mean,0.021648203966751718,0.01712632917466485,10,0.005415820814973262
S2,D2,1000,25,10,drf,tcate_functional_rmse,TCATE-K-grid_mean,0.035383409527859316,0.017155694325583493,10,0.005425106891047011
S2,D2,1000,25,10,drf,tcate_functional_rmse,TCATE-K-grid_sd,0.01693892482722968,0.007577620345998485,10,0.0023962539537388393
S2,D2,1000,25,10,drf,tcate_functional_rmse,TCATE-K-grid_skewness,1.6805058119848025e-17,5.866463609640708e-18,10,1.855138681695756e-18
S2,D2,1000,25,10,drf,tcate_functional_rmse,TCATE-K-grid_upper_tail_mean,0.03958520683953196,0.015916073046432135,10,0.0050331042232340415
S3,D5,125,25,10,causal_drf,arm_energy_risk,LAW-A-M-K,0.1179080140648386,0.04133101797514216,20,0.009241896577168358
S3,D5,125,25,10,causal_drf,barycenter_rmse,MEANQ-A-K,0.38270226101866384,0.037377354256899545,20,0.008357830493751852
S3,D5,125,25,10,causal_drf,diagnostic_effective_support,NONE_OPERATIONAL,48.853344261501675,1.0889928845856578,10,0.3443697871007548
S3,D5,125,25,10,causal_drf,kernel_law_error,LAW-A-K,0.10856287114869437,0.09586111342155816,20,0.02143519660094215
S3,D5,125,25,10,causal_drf,mean_quantile_rmse,MEANQ-A-K,0.2273667267606419,0.08515217230163798,10,0.02692748121842784
S3,D5,125,25,10,causal_drf,mode_coverage,LAW-A-K,1.0,0.0,20,0.0
S3,D5,125,25,10,causal_drf,peak_ram,NONE_OPERATIONAL,270.78085999999996,0.195956833114956,10,0.061966991571676865
S3,D5,125,25,10,causal_drf,process_peak_ram,NONE_OPERATIONAL,516.421875,78.94778083601341,10,24.965480365759447
S3,D5,125,25,10,causal_drf,reference_effect_rmse,REF-ATE-K,0.04605260706886375,0.03914367945035528,10,0.012378318306265056
S3,D5,125,25,10,causal_drf,reference_tcate_rmse,REF-TCATE-K,0.04939082649081787,0.03680776627383923,10,0.011639637700846089
S3,D5,125,25,10,causal_drf,runtime,NONE_OPERATIONAL,4.2546,1.100411357427556,10,0.3479806252588722
S3,D5,125,25,10,causal_drf,tail_calibration,LAW-A-K,0.10978619149998922,0.027006422377257772,20,0.006038819626461985
S3,D5,125,25,10,causal_drf,tate_functional_rmse,TATE-K-grid_mean,0.19851462577880313,0.0992332729037584,10,0.03138031620489473
S3,D5,125,25,10,causal_drf,tate_functional_rmse,TATE-K-grid_sd,0.05907991306677538,0.053916744914503496,10,0.017049971795213146
S3,D5,125,25,10,causal_drf,tate_functional_rmse,TATE-K-grid_skewness,2.604114106992614e-17,1.759589073038909e-17,10,5.564309216747328e-18
S3,D5,125,25,10,causal_drf,tate_functional_rmse,TATE-K-grid_upper_tail_mean,0.2140151650108831,0.07970401691630394,10,0.025204623212011053
S3,D5,125,25,10,causal_drf,tcate_functional_rmse,TCATE-K-grid_mean,0.2013745660082681,0.09595472043897171,10,0.030343546883186242
S3,D5,125,25,10,causal_drf,tcate_functional_rmse,TCATE-K-grid_sd,0.07075053971014525,0.0455472495863488,10,0.014403304984902426
S3,D5,125,25,10,causal_drf,tcate_functional_rmse,TCATE-K-grid_skewness,3.280597659101171e-17,1.530895119167229e-17,10,4.841115435403337e-18
S3,D5,125,25,10,causal_drf,tcate_functional_rmse,TCATE-K-grid_upper_tail_mean,0.21709879755866912,0.07752912116800208,10,0.024516860788206037
S3,D5,125,25,10,cwdb_dr,arm_energy_risk,LAW-A-M-K,0.11722443273580589,0.026662276135395555,20,0.0059618661873614845
S3,D5,125,25,10,cwdb_dr,barycenter_rmse,MEANQ-A-K,0.28938787240219643,0.07865702170987435,20,0.01758824474509558
S3,D5,125,25,10,cwdb_dr,diagnostic_dense_dr_n_levels,NONE_OPERATIONAL,199.0,0.0,10,0.0
S3,D5,125,25,10,cwdb_dr,diagnostic_dr_if_se_reference,NONE_OPERATIONAL,0.07341076733213443,0.012844561393132265,10,0.00406180695481634
S3,D5,125,25,10,cwdb_dr,diagnostic_effective_support,NONE_OPERATIONAL,9.999999999999998,0.0,10,0.0
S3,D5,125,25,10,cwdb_dr,diagnostic_ehat_mean,NONE_OPERATIONAL,0.5246000901802903,0.04913715794572081,10,0.015538533685591807
S3,D5,125,25,10,cwdb_dr,diagnostic_n_boosting_steps,NONE_OPERATIONAL,100.0,0.0,10,0.0
S3,D5,125,25,10,cwdb_dr,diagnostic_selected_contrast_shrinkage,NONE_OPERATIONAL,20.0,25.81988897471611,10,8.164965809277259
S3,D5,125,25,10,cwdb_dr,diagnostic_train_risk,NONE_OPERATIONAL,0.0506984209475442,0.014517121220143822,10,0.004590716812441714
S3,D5,125,25,10,cwdb_dr,kernel_law_error,LAW-A-K,0.05761005080582171,0.04835503430176777,20,0.01081251437530868
S3,D5,125,25,10,cwdb_dr,mean_quantile_rmse,MEANQ-A-K,0.22814901697533735,0.12923730945382012,10,0.040868425654608305
S3,D5,125,25,10,cwdb_dr,mode_coverage,LAW-A-K,1.0,0.0,20,0.0
S3,D5,125,25,10,cwdb_dr,peak_ram,NONE_OPERATIONAL,27.707421875,23.86119414159529,10,7.54557211789074
S3,D5,125,25,10,cwdb_dr,process_peak_ram,NONE_OPERATIONAL,508.523046875,85.69265072861076,10,27.098395503969737
S3,D5,125,25,10,cwdb_dr,reference_effect_rmse,REF-ATE-K,0.05276374511075943,0.046194543383154055,10,0.014607997256222709
S3,D5,125,25,10,cwdb_dr,reference_tcate_rmse,REF-TCATE-K,0.10363198815225036,0.04959819950455481,10,0.015684327827782805
S3,D5,125,25,10,cwdb_dr,runtime,NONE_OPERATIONAL,37.08549275949997,8.281950925806171,10,2.618982839528768
S3,D5,125,25,10,cwdb_dr,tail_calibration,LAW-A-K,0.14630062442907488,0.06742319519373864,20,0.01507628477134367
S3,D5,125,25,10,cwdb_dr,tate_functional_rmse,TATE-K-grid_mean,0.05239335698669813,0.04403014367318908,10,0.013923553971172993
S3,D5,125,25,10,cwdb_dr,tate_functional_rmse,TATE-K-grid_sd,0.06830247413618672,0.05101576540249548,10,0.016132601524870234
S3,D5,125,25,10,cwdb_dr,tate_functional_rmse,TATE-K-grid_skewness,0.0008001716966113256,0.0004038160867395889,10,0.00012769785899132183
S3,D5,125,25,10,cwdb_dr,tate_functional_rmse,TATE-K-grid_upper_tail_mean,0.041481888510660876,0.03504350066011186,10,0.011081727927156757
S3,D5,125,25,10,cwdb_dr,tcate_functional_rmse,TCATE-K-grid_mean,0.14489763338309702,0.058203760756881405,10,0.018405645237927107
S3,D5,125,25,10,cwdb_dr,tcate_functional_rmse,TCATE-K-grid_sd,0.15091238335465101,0.07631491697471562,10,0.024132895708674783
S3,D5,125,25,10,cwdb_dr,tcate_functional_rmse,TCATE-K-grid_skewness,0.002284994748758199,0.0008488511946652218,10,0.0002684303169697071
S3,D5,125,25,10,cwdb_dr,tcate_functional_rmse,TCATE-K-grid_upper_tail_mean,0.16408099804891824,0.05118915800892462,10,0.01618743308144516
S3,D5,125,25,10,drf,arm_energy_risk,LAW-A-M-K,0.16913673422672879,0.05206871424864987,20,0.011642918456099298
S3,D5,125,25,10,drf,barycenter_rmse,MEANQ-A-K,0.4846117793634579,0.022785922514884847,20,0.005095087167332548
S3,D5,125,25,10,drf,diagnostic_effective_support,NONE_OPERATIONAL,61.06015158037011,0.12839396622729485,10,0.04060173711009878
S3,D5,125,25,10,drf,kernel_law_error,LAW-A-K,0.16054672061863884,0.13909249600066587,20,0.03110202762176065
S3,D5,125,25,10,drf,mean_quantile_rmse,MEANQ-A-K,0.24627333995728273,0.09760054237900873,10,0.030864001478545643
S3,D5,125,25,10,drf,mode_coverage,LAW-A-K,1.0,0.0,20,0.0
S3,D5,125,25,10,drf,peak_ram,NONE_OPERATIONAL,250.51999999999998,6.145603668025177,10,1.9434105187644866
S3,D5,125,25,10,drf,process_peak_ram,NONE_OPERATIONAL,516.43984375,78.93235260809537,10,24.96060153171133
S3,D5,125,25,10,drf,reference_effect_rmse,REF-ATE-K,0.04534812249237189,0.04099119791375554,10,0.01296255494262098
S3,D5,125,25,10,drf,reference_tcate_rmse,REF-TCATE-K,0.045690114658476444,0.040659571181954034,10,0.012857685362071925
S3,D5,125,25,10,drf,runtime,NONE_OPERATIONAL,4.6026,1.144435057135179,10,0.3619021414692099
S3,D5,125,25,10,drf,tail_calibration,LAW-A-K,0.13255584516953314,0.03976402022010171,20,0.008891505227082357
S3,D5,125,25,10,drf,tate_functional_rmse,TATE-K-grid_mean,0.2302190411427249,0.10090696279087695,10,0.03190958341890321
S3,D5,125,25,10,drf,tate_functional_rmse,TATE-K-grid_sd,0.06630619050451979,0.05439082673388054,10,0.01719988962986395
S3,D5,125,25,10,drf,tate_functional_rmse,TATE-K-grid_skewness,2.5433191673011585e-17,2.0926138187737542e-17,10,6.617425930467884e-18
S3,D5,125,25,10,drf,tate_functional_rmse,TATE-K-grid_upper_tail_mean,0.24900585411011175,0.08922415698092055,10,0.02821515583681216
S3,D5,125,25,10,drf,tcate_functional_rmse,TCATE-K-grid_mean,0.23021904114272487,0.10090696279087695,10,0.03190958341890321
S3,D5,125,25,10,drf,tcate_functional_rmse,TCATE-K-grid_sd,0.0663061905045198,0.05439082673388054,10,0.01719988962986395
S3,D5,125,25,10,drf,tcate_functional_rmse,TCATE-K-grid_skewness,2.733354724316976e-17,1.9267935965865012e-17,10,6.093056346240977e-18
S3,D5,125,25,10,drf,tcate_functional_rmse,TCATE-K-grid_upper_tail_mean,0.2490058541101118,0.08922415698092055,10,0.02821515583681216
S3,D5,250,25,10,causal_drf,arm_energy_risk,LAW-A-M-K,0.0780656582219039,0.031632905628595186,20,0.007073332731137454
S3,D5,250,25,10,causal_drf,barycenter_rmse,MEANQ-A-K,0.28818744562409754,0.02133915215833194,20,0.004771579480824157
S3,D5,250,25,10,causal_drf,diagnostic_effective_support,NONE_OPERATIONAL,68.18090093544706,2.1693746789771695,10,0.6860165083864452
S3,D5,250,25,10,causal_drf,kernel_law_error,LAW-A-K,0.07031918442893083,0.06332728331839164,20,0.014160411033031216
S3,D5,250,25,10,causal_drf,mean_quantile_rmse,MEANQ-A-K,0.12261640432914904,0.04015100142410841,10,0.01269686148368468
S3,D5,250,25,10,causal_drf,mode_coverage,LAW-A-K,1.0,0.0,20,0.0
S3,D5,250,25,10,causal_drf,peak_ram,NONE_OPERATIONAL,288.66719,0.13947790306871158,10,0.044106785696131724
S3,D5,250,25,10,causal_drf,process_peak_ram,NONE_OPERATIONAL,493.77578125,4.446872971689825,10,1.4062247055981307
S3,D5,250,25,10,causal_drf,reference_effect_rmse,REF-ATE-K,0.03974875311670669,0.02682329758368926,10,0.008482271472094901
S3,D5,250,25,10,causal_drf,reference_tcate_rmse,REF-TCATE-K,0.05002462432170499,0.021718629139857705,10,0.0068680335738454
S3,D5,250,25,10,causal_drf,runtime,NONE_OPERATIONAL,7.612100000000001,1.4633572853013184,10,0.4627542052153004
S3,D5,250,25,10,causal_drf,tail_calibration,LAW-A-K,0.09266972664052957,0.018187417912321917,20,0.004066830278714911
S3,D5,250,25,10,causal_drf,tate_functional_rmse,TATE-K-grid_mean,0.08317168635569867,0.054786935436106604,10,0.017325150199868723
S3,D5,250,25,10,causal_drf,tate_functional_rmse,TATE-K-grid_sd,0.045587683319037446,0.026317460182737135,10,0.008322311640824047
S3,D5,250,25,10,causal_drf,tate_functional_rmse,TATE-K-grid_skewness,1.6467720803547234e-17,1.5177939776113086e-17,10,4.799685988138346e-18
S3,D5,250,25,10,causal_drf,tate_functional_rmse,TATE-K-grid_upper_tail_mean,0.08202370588008653,0.055550716076082994,10,0.01756667884537537
S3,D5,250,25,10,causal_drf,tcate_functional_rmse,TCATE-K-grid_mean,0.09156007844771019,0.04847320390833176,10,0.01532857298361041
S3,D5,250,25,10,causal_drf,tcate_functional_rmse,TCATE-K-grid_sd,0.053962578040520945,0.02423690869460016,10,0.0076643834916474834
S3,D5,250,25,10,causal_drf,tcate_functional_rmse,TCATE-K-grid_skewness,2.264434127988118e-17,1.6669884107123545e-17,10,5.2714802109552694e-18
S3,D5,250,25,10,causal_drf,tcate_functional_rmse,TCATE-K-grid_upper_tail_mean,0.09656865510325754,0.0454461515402012,10,0.014371334975620504
S3,D5,250,25,10,cwdb_dr,arm_energy_risk,LAW-A-M-K,0.09015019486164147,0.028174271727330395,20,0.0062999586798861175
S3,D5,250,25,10,cwdb_dr,barycenter_rmse,MEANQ-A-K,0.2478428930860513,0.07923795278953341,20,0.01771814488353158
S3,D5,250,25,10,cwdb_dr,diagnostic_dense_dr_n_levels,NONE_OPERATIONAL,199.0,0.0,10,0.0
S3,D5,250,25,10,cwdb_dr,diagnostic_dr_if_se_reference,NONE_OPERATIONAL,0.04507989116685269,0.00399613493442993,10,0.00126368882301662
S3,D5,250,25,10,cwdb_dr,diagnostic_effective_support,NONE_OPERATIONAL,9.999999999999998,0.0,10,0.0
S3,D5,250,25,10,cwdb_dr,diagnostic_ehat_mean,NONE_OPERATIONAL,0.49504054428506317,0.04429870581666587,10,0.01400848077784135
S3,D5,250,25,10,cwdb_dr,diagnostic_n_boosting_steps,NONE_OPERATIONAL,100.0,0.0,10,0.0
S3,D5,250,25,10,cwdb_dr,diagnostic_selected_contrast_shrinkage,NONE_OPERATIONAL,5.0,15.811388300841896,10,5.0
S3,D5,250,25,10,cwdb_dr,diagnostic_train_risk,NONE_OPERATIONAL,0.06052944956705748,0.01672770514688372,10,0.0052897648291874
S3,D5,250,25,10,cwdb_dr,kernel_law_error,LAW-A-K,0.03545545192484871,0.027629572208164133,20,0.006178160164669397
S3,D5,250,25,10,cwdb_dr,mean_quantile_rmse,MEANQ-A-K,0.2604801097070845,0.07193641220636915,10,0.022748290927286505
S3,D5,250,25,10,cwdb_dr,mode_coverage,LAW-A-K,1.0,0.0,20,0.0
S3,D5,250,25,10,cwdb_dr,peak_ram,NONE_OPERATIONAL,14.3109375,30.193984738846947,10,9.548176341112066
S3,D5,250,25,10,cwdb_dr,process_peak_ram,NONE_OPERATIONAL,465.5859375,4.651410915843648,10,1.470905282743571
S3,D5,250,25,10,cwdb_dr,reference_effect_rmse,REF-ATE-K,0.02390626045787104,0.02478338075438103,10,0.007837193130302608
S3,D5,250,25,10,cwdb_dr,reference_tcate_rmse,REF-TCATE-K,0.07072946117645686,0.022152157234217196,10,0.007005127194630239
S3,D5,250,25,10,cwdb_dr,runtime,NONE_OPERATIONAL,82.33873186180003,20.228004826039587,10,6.3966567771163145
S3,D5,250,25,10,cwdb_dr,tail_calibration,LAW-A-K,0.13164187085876936,0.07342328444491492,20,0.016417945515013264
S3,D5,250,25,10,cwdb_dr,tate_functional_rmse,TATE-K-grid_mean,0.04688713617324096,0.03527221177418798,10,0.011154052731824272
S3,D5,250,25,10,cwdb_dr,tate_functional_rmse,TATE-K-grid_sd,0.04219522062396107,0.030041805523646083,10,0.009500053047854902
S3,D5,250,25,10,cwdb_dr,tate_functional_rmse,TATE-K-grid_skewness,0.0012614545180999561,0.0009503818461410627,10,0.00030053712806814645
S3,D5,250,25,10,cwdb_dr,tate_functional_rmse,TATE-K-grid_upper_tail_mean,0.04936103873145767,0.018438935106227666,10,0.005830903256371821
S3,D5,250,25,10,cwdb_dr,tcate_functional_rmse,TCATE-K-grid_mean,0.08772011059612322,0.03477768512982724,10,0.010997669675842273
S3,D5,250,25,10,cwdb_dr,tcate_functional_rmse,TCATE-K-grid_sd,0.0815677160813856,0.02779018592908213,10,0.008788028413546204
S3,D5,250,25,10,cwdb_dr,tcate_functional_rmse,TCATE-K-grid_skewness,0.0033036032564821268,0.001192011849379436,10,0.0003769472441948585
S3,D5,250,25,10,cwdb_dr,tcate_functional_rmse,TCATE-K-grid_upper_tail_mean,0.09852554103212272,0.031469158208442254,10,0.00995142159868613
S3,D5,250,25,10,drf,arm_energy_risk,LAW-A-M-K,0.11665869230684633,0.04425389205909349,20,0.009895471091307118
S3,D5,250,25,10,drf,barycenter_rmse,MEANQ-A-K,0.38105751598959814,0.051231693778190666,20,0.011455754989048736
S3,D5,250,25,10,drf,diagnostic_effective_support,NONE_OPERATIONAL,109.82477626018449,3.776506091679137,10,1.1942360847206732
S3,D5,250,25,10,drf,kernel_law_error,LAW-A-K,0.10694451157064463,0.09848428984588424,20,0.022021756681118942
S3,D5,250,25,10,drf,mean_quantile_rmse,MEANQ-A-K,0.15829673487966617,0.05703415443388461,10,0.01803578324328666
S3,D5,250,25,10,drf,mode_coverage,LAW-A-K,1.0,0.0,20,0.0
S3,D5,250,25,10,drf,peak_ram,NONE_OPERATIONAL,307.64,8.921160861183427,10,2.821118769408885
S3,D5,250,25,10,drf,process_peak_ram,NONE_OPERATIONAL,493.80546875,4.454958884690127,10,1.4087816958024226
S3,D5,250,25,10,drf,reference_effect_rmse,REF-ATE-K,0.04373151776536064,0.02703702865394558,10,0.008549859170970444
S3,D5,250,25,10,drf,reference_tcate_rmse,REF-TCATE-K,0.04624607531770168,0.026109349528586866,10,0.008256501273577804
S3,D5,250,25,10,drf,runtime,NONE_OPERATIONAL,8.3639,1.474543579100553,10,0.4662916219134404
S3,D5,250,25,10,drf,tail_calibration,LAW-A-K,0.11686580756172868,0.02387334272212691,20,0.005338241717682564
S3,D5,250,25,10,drf,tate_functional_rmse,TATE-K-grid_mean,0.0854750480927996,0.055192945984600006,10,0.017453542008598066
S3,D5,250,25,10,drf,tate_functional_rmse,TATE-K-grid_sd,0.04163736071118078,0.023749029958976896,10,0.00751010268899422
S3,D5,250,25,10,drf,tate_functional_rmse,TATE-K-grid_skewness,1.9484448538323922e-17,1.0198381308817728e-17,10,3.2250113382753057e-18
S3,D5,250,25,10,drf,tate_functional_rmse,TATE-K-grid_upper_tail_mean,0.08715230189777237,0.058945058514938566,10,0.018640064171910813
S3,D5,250,25,10,drf,tcate_functional_rmse,TCATE-K-grid_mean,0.14656898133790985,0.05350266448037549,10,0.016919028064577565
S3,D5,250,25,10,drf,tcate_functional_rmse,TCATE-K-grid_sd,0.04292106459963938,0.023075196261213442,10,0.007297017764083618
S3,D5,250,25,10,drf,tcate_functional_rmse,TCATE-K-grid_skewness,2.4672529984932596e-17,1.247453841299551e-17,10,3.9447954144328006e-18
S3,D5,250,25,10,drf,tcate_functional_rmse,TCATE-K-grid_upper_tail_mean,0.1438012023873499,0.06660657998210993,10,0.02106284998976446
S3,D5,500,25,10,causal_drf,arm_energy_risk,LAW-A-M-K,0.05923342487048877,0.02514531877516116,20,0.00562266420971621
S3,D5,500,25,10,causal_drf,barycenter_rmse,MEANQ-A-K,0.24016608986985782,0.014524893849042507,20,0.003247865001242761
S3,D5,500,25,10,causal_drf,diagnostic_effective_support,NONE_OPERATIONAL,90.3610777497343,5.784898971127077,10,1.8293456782726196
S3,D5,500,25,10,causal_drf,kernel_law_error,LAW-A-K,0.05151189874459999,0.04698329616761409,20,0.010505784403779046
S3,D5,500,25,10,causal_drf,mean_quantile_rmse,MEANQ-A-K,0.10468726327833425,0.029752814112118078,10,0.00940866593938935
S3,D5,500,25,10,causal_drf,mode_coverage,LAW-A-K,1.0,0.0,20,0.0
S3,D5,500,25,10,causal_drf,peak_ram,NONE_OPERATIONAL,318.75898,0.35843621716811297,10,0.11334748421459853
S3,D5,500,25,10,causal_drf,process_peak_ram,NONE_OPERATIONAL,592.705078125,14.981742230701935,10,4.7376428766549905
S3,D5,500,25,10,causal_drf,reference_effect_rmse,REF-ATE-K,0.027013628847273118,0.02161076311989359,10,0.006833923343323021
S3,D5,500,25,10,causal_drf,reference_tcate_rmse,REF-TCATE-K,0.04125980570295594,0.02389245932429274,10,0.007555459036769262
S3,D5,500,25,10,causal_drf,runtime,NONE_OPERATIONAL,14.484800000000002,3.092488706527479,10,0.9779307950974854
S3,D5,500,25,10,causal_drf,tail_calibration,LAW-A-K,0.07696080452690146,0.013440880376919016,20,0.0030054722200233914
S3,D5,500,25,10,causal_drf,tate_functional_rmse,TATE-K-grid_mean,0.056428465530509564,0.041654179880465034,10,0.013172208248862975
S3,D5,500,25,10,causal_drf,tate_functional_rmse,TATE-K-grid_sd,0.029484769655432258,0.020158797299869066,10,0.006374771435723859
S3,D5,500,25,10,causal_drf,tate_functional_rmse,TATE-K-grid_skewness,2.0071302794332695e-17,1.2852601236632176e-17,10,4.064349376565442e-18
S3,D5,500,25,10,causal_drf,tate_functional_rmse,TATE-K-grid_upper_tail_mean,0.060643237227198464,0.04722989421054865,10,0.014935403935413386
S3,D5,500,25,10,causal_drf,tcate_functional_rmse,TCATE-K-grid_mean,0.07591594056800885,0.036613856851877624,10,0.011578318157529554
S3,D5,500,25,10,causal_drf,tcate_functional_rmse,TCATE-K-grid_sd,0.03645698124049164,0.019169744454747322,10,0.006062005464038412
S3,D5,500,25,10,causal_drf,tcate_functional_rmse,TCATE-K-grid_skewness,3.108001036531215e-17,3.824232317918184e-18,10,1.2093284426246612e-18
S3,D5,500,25,10,causal_drf,tcate_functional_rmse,TCATE-K-grid_upper_tail_mean,0.08273308360435186,0.034394983037558495,10,0.010876648648154156
S3,D5,500,25,10,cwdb_dr,arm_energy_risk,LAW-A-M-K,0.06990414584590299,0.015805625753584098,20,0.0035342453611935383
S3,D5,500,25,10,cwdb_dr,barycenter_rmse,MEANQ-A-K,0.2049422423622156,0.05117148695876854,20,0.011442292334955043
S3,D5,500,25,10,cwdb_dr,diagnostic_dense_dr_n_levels,NONE_OPERATIONAL,199.0,0.0,10,0.0
S3,D5,500,25,10,cwdb_dr,diagnostic_dr_if_se_reference,NONE_OPERATIONAL,0.031907902167378134,0.003706667128092403,10,0.001172151065284709
S3,D5,500,25,10,cwdb_dr,diagnostic_effective_support,NONE_OPERATIONAL,9.999999999999998,0.0,10,0.0
S3,D5,500,25,10,cwdb_dr,diagnostic_ehat_mean,NONE_OPERATIONAL,0.5003375875173358,0.027278173023696558,10,0.008626115716304335
S3,D5,500,25,10,cwdb_dr,diagnostic_n_boosting_steps,NONE_OPERATIONAL,100.0,0.0,10,0.0
S3,D5,500,25,10,cwdb_dr,diagnostic_selected_contrast_shrinkage,NONE_OPERATIONAL,30.0,25.81988897471611,10,8.164965809277259
S3,D5,500,25,10,cwdb_dr,diagnostic_train_risk,NONE_OPERATIONAL,0.11587818365465499,0.019501711815621704,10,0.006166982760958223
S3,D5,500,25,10,cwdb_dr,kernel_law_error,LAW-A-K,0.031216190638641932,0.026918192681665953,20,0.006019090866764242
S3,D5,500,25,10,cwdb_dr,mean_quantile_rmse,MEANQ-A-K,0.14877668092736007,0.09256529889877473,10,0.0292717176814404
S3,D5,500,25,10,cwdb_dr,mode_coverage,LAW-A-K,1.0,0.0,20,0.0
S3,D5,500,25,10,cwdb_dr,peak_ram,NONE_OPERATIONAL,2.9640625,9.373188627092837,10,2.9640625
S3,D5,500,25,10,cwdb_dr,process_peak_ram,NONE_OPERATIONAL,538.852734375,56.13571370741648,10,17.7516713394571
S3,D5,500,25,10,cwdb_dr,reference_effect_rmse,REF-ATE-K,0.024943684651143105,0.02590786296345828,10,0.008192785627204786
S3,D5,500,25,10,cwdb_dr,reference_tcate_rmse,REF-TCATE-K,0.07154055528324035,0.02609346078937911,10,0.008251476813073312
S3,D5,500,25,10,cwdb_dr,runtime,NONE_OPERATIONAL,133.92813362939995,28.54157713947295,10,9.025639177412781
S3,D5,500,25,10,cwdb_dr,tail_calibration,LAW-A-K,0.10628386735713713,0.05255174379434694,20,0.011750927146031247
S3,D5,500,25,10,cwdb_dr,tate_functional_rmse,TATE-K-grid_mean,0.025287395861689366,0.012828238556179794,10,0.004056645220551803
S3,D5,500,25,10,cwdb_dr,tate_functional_rmse,TATE-K-grid_sd,0.0347300328074736,0.026388577645122497,10,0.008344800957078957
S3,D5,500,25,10,cwdb_dr,tate_functional_rmse,TATE-K-grid_skewness,0.00016031055864615298,0.00022311905848844613,10,7.055644142158152e-05
S3,D5,500,25,10,cwdb_dr,tate_functional_rmse,TATE-K-grid_upper_tail_mean,0.042758754597190016,0.03212056075552549,10,0.01015741317092794
S3,D5,500,25,10,cwdb_dr,tcate_functional_rmse,TCATE-K-grid_mean,0.07484488539536105,0.029965804252147486,10,0.009476019335554461
S3,D5,500,25,10,cwdb_dr,tcate_functional_rmse,TCATE-K-grid_sd,0.07802192344905495,0.037884267208613306,10,0.011980057186564735
S3,D5,500,25,10,cwdb_dr,tcate_functional_rmse,TCATE-K-grid_skewness,0.0007940917178308717,0.000991773888654007,10,0.0003136264412028888
S3,D5,500,25,10,cwdb_dr,tcate_functional_rmse,TCATE-K-grid_upper_tail_mean,0.11076854061115238,0.032305274613476834,10,0.010215824821580247
S3,D5,500,25,10,drf,arm_energy_risk,LAW-A-M-K,0.06518261043710104,0.024321385043323353,20,0.005438427026381768
S3,D5,500,25,10,drf,barycenter_rmse,MEANQ-A-K,0.25633852413853286,0.02774000936269842,20,0.006202854663147428
S3,D5,500,25,10,drf,diagnostic_effective_support,NONE_OPERATIONAL,141.86526877757927,3.9283041155391496,10,1.2422388346916957
S3,D5,500,25,10,drf,kernel_law_error,LAW-A-K,0.055277507572140075,0.04890488304484702,20,0.010935464291995482
S3,D5,500,25,10,drf,mean_quantile_rmse,MEANQ-A-K,0.11399798179291401,0.040272759257228744,10,0.012735364691247374
S3,D5,500,25,10,drf,mode_coverage,LAW-A-K,1.0,0.0,20,0.0
S3,D5,500,25,10,drf,peak_ram,NONE_OPERATIONAL,391.06,3.8494444043552907,10,1.2173012043952909
S3,D5,500,25,10,drf,process_peak_ram,NONE_OPERATIONAL,592.739453125,14.959846616968466,10,4.730718875638488
S3,D5,500,25,10,drf,reference_effect_rmse,REF-ATE-K,0.022621483988210286,0.023160453702018826,10,0.007323978534125817
S3,D5,500,25,10,drf,reference_tcate_rmse,REF-TCATE-K,0.036923565491950874,0.02288632806626818,10,0.007237292396724444
S3,D5,500,25,10,drf,runtime,NONE_OPERATIONAL,13.783700000000001,2.3797776763573713,10,0.752551778211233
S3,D5,500,25,10,drf,tail_calibration,LAW-A-K,0.08947055841145508,0.013233944724994388,20,0.0029592000015562212
S3,D5,500,25,10,drf,tate_functional_rmse,TATE-K-grid_mean,0.030799398425273905,0.032993647308005865,10,0.010433507380958152
S3,D5,500,25,10,drf,tate_functional_rmse,TATE-K-grid_sd,0.031178759439355875,0.02016591841004257,10,0.006377023328485586
S3,D5,500,25,10,drf,tate_functional_rmse,TATE-K-grid_skewness,1.850671091329075e-17,1.251140100710503e-17,10,3.9564523902176396e-18
S3,D5,500,25,10,drf,tate_functional_rmse,TATE-K-grid_upper_tail_mean,0.039054002077139625,0.03764004394703946,10,0.01190282701014789
S3,D5,500,25,10,drf,tcate_functional_rmse,TCATE-K-grid_mean,0.09302121426299063,0.04686232710127969,10,0.014819169009587995
S3,D5,500,25,10,drf,tcate_functional_rmse,TCATE-K-grid_sd,0.033187380523635276,0.01921078792606269,10,0.006074984549282046
S3,D5,500,25,10,drf,tcate_functional_rmse,TCATE-K-grid_skewness,2.914450027379582e-17,4.4813023423791105e-18,10,1.417112228576569e-18
S3,D5,500,25,10,drf,tcate_functional_rmse,TCATE-K-grid_upper_tail_mean,0.10003899782613261,0.04461257108124887,10,0.014107733689290717
S3,D5,1000,25,10,causal_drf,arm_energy_risk,LAW-A-M-K,0.0446071965638922,0.019893597604090336,20,0.004448343655977294
S3,D5,1000,25,10,causal_drf,barycenter_rmse,MEANQ-A-K,0.19725591602422074,0.008411445487772652,20,0.0018808563899693526
S3,D5,1000,25,10,causal_drf,diagnostic_effective_support,NONE_OPERATIONAL,112.63159705931669,3.3410304310158963,10,1.05652658939443
S3,D5,1000,25,10,causal_drf,kernel_law_error,LAW-A-K,0.03739270957552869,0.0341541705139592,20,0.007637104698433169
S3,D5,1000,25,10,causal_drf,mean_quantile_rmse,MEANQ-A-K,0.07707846804317861,0.010969811678750555,10,0.0034689590407967065
S3,D5,1000,25,10,causal_drf,mode_coverage,LAW-A-K,1.0,0.0,20,0.0
S3,D5,1000,25,10,causal_drf,peak_ram,NONE_OPERATIONAL,391.47071,1.374642616545192,10,0.4347001637016268
S3,D5,1000,25,10,causal_drf,process_peak_ram,NONE_OPERATIONAL,589.708203125,16.240014715788313,10,5.135543573654311
S3,D5,1000,25,10,causal_drf,reference_effect_rmse,REF-ATE-K,0.01446597775481041,0.01077820321076902,10,0.003408367123016997
S3,D5,1000,25,10,causal_drf,reference_tcate_rmse,REF-TCATE-K,0.023935481293440353,0.008012097518065989,10,0.002533647699247059
S3,D5,1000,25,10,causal_drf,runtime,NONE_OPERATIONAL,29.8331,4.2736214788448965,10,1.3514377730566967
S3,D5,1000,25,10,causal_drf,tail_calibration,LAW-A-K,0.07016309159296856,0.010806603866669684,20,0.0024164300851785485
S3,D5,1000,25,10,causal_drf,tate_functional_rmse,TATE-K-grid_mean,0.02536158181461189,0.02172250785331206,10,0.00686926013073609
S3,D5,1000,25,10,causal_drf,tate_functional_rmse,TATE-K-grid_sd,0.018034581395446413,0.009913365135271383,10,0.003134881310436078
S3,D5,1000,25,10,causal_drf,tate_functional_rmse,TATE-K-grid_skewness,1.3088534168912647e-17,8.584495580590801e-18,10,2.714655859831647e-18
S3,D5,1000,25,10,causal_drf,tate_functional_rmse,TATE-K-grid_upper_tail_mean,0.032151809343070915,0.025754279594060365,10,0.008144218301402745
S3,D5,1000,25,10,causal_drf,tcate_functional_rmse,TCATE-K-grid_mean,0.04078501569751512,0.01584055083713034,10,0.005009222003701879
S3,D5,1000,25,10,causal_drf,tcate_functional_rmse,TCATE-K-grid_sd,0.03108029440666806,0.012179544456161612,10,0.0038515101344747497
S3,D5,1000,25,10,causal_drf,tcate_functional_rmse,TCATE-K-grid_skewness,1.8764674728991272e-17,8.30690804519255e-18,10,2.626874973638538e-18
S3,D5,1000,25,10,causal_drf,tcate_functional_rmse,TCATE-K-grid_upper_tail_mean,0.05014870310035761,0.019981584352156315,10,0.006318731781159397
S3,D5,1000,25,10,cwdb_dr,arm_energy_risk,LAW-A-M-K,0.047099266936766346,0.008393790134473118,20,0.0018769085329548992
S3,D5,1000,25,10,cwdb_dr,barycenter_rmse,MEANQ-A-K,0.15326381602413583,0.012833634299182465,20,0.0028696878691344863
S3,D5,1000,25,10,cwdb_dr,diagnostic_dense_dr_n_levels,NONE_OPERATIONAL,199.0,0.0,10,0.0
S3,D5,1000,25,10,cwdb_dr,diagnostic_dr_if_se_reference,NONE_OPERATIONAL,0.02092401927574215,0.0011929307349594993,10,0.00037723782132906703
S3,D5,1000,25,10,cwdb_dr,diagnostic_effective_support,NONE_OPERATIONAL,9.999999999999998,0.0,10,0.0
S3,D5,1000,25,10,cwdb_dr,diagnostic_ehat_mean,NONE_OPERATIONAL,0.49320720273415575,0.017379424572383714,10,0.00549585660718304
S3,D5,1000,25,10,cwdb_dr,diagnostic_n_boosting_steps,NONE_OPERATIONAL,100.0,0.0,10,0.0
S3,D5,1000,25,10,cwdb_dr,diagnostic_selected_contrast_shrinkage,NONE_OPERATIONAL,50.0,0.0,10,0.0
S3,D5,1000,25,10,cwdb_dr,diagnostic_train_risk,NONE_OPERATIONAL,0.1629212649393918,0.009569516626241443,10,0.003026146864577319
S3,D5,1000,25,10,cwdb_dr,kernel_law_error,LAW-A-K,0.0223621678657316,0.01983425153624254,20,0.004435073471786795
S3,D5,1000,25,10,cwdb_dr,mean_quantile_rmse,MEANQ-A-K,0.07222058472924389,0.008838660640497624,10,0.0027950299089255174
S3,D5,1000,25,10,cwdb_dr,mode_coverage,LAW-A-K,1.0,0.0,20,0.0
S3,D5,1000,25,10,cwdb_dr,peak_ram,NONE_OPERATIONAL,0.0,0.0,10,0.0
S3,D5,1000,25,10,cwdb_dr,process_peak_ram,NONE_OPERATIONAL,554.45703125,35.35229650289255,10,11.179377746674582
S3,D5,1000,25,10,cwdb_dr,reference_effect_rmse,REF-ATE-K,0.01851245127018723,0.013830547851523736,10,0.004373603249876328
S3,D5,1000,25,10,cwdb_dr,reference_tcate_rmse,REF-TCATE-K,0.04206524746555451,0.019251895978378494,10,0.006087984056831177
S3,D5,1000,25,10,cwdb_dr,runtime,NONE_OPERATIONAL,253.41787402160003,39.73952709069607,10,12.56674187445643
S3,D5,1000,25,10,cwdb_dr,tail_calibration,LAW-A-K,0.08366793274445136,0.03467236285085517,20,0.0077529760275050555
S3,D5,1000,25,10,cwdb_dr,tate_functional_rmse,TATE-K-grid_mean,0.013601099320926286,0.011833386253799306,10,0.003742045299453313
S3,D5,1000,25,10,cwdb_dr,tate_functional_rmse,TATE-K-grid_sd,0.021590900921512023,0.01159181609217516,10,0.003665654106906583
S3,D5,1000,25,10,cwdb_dr,tate_functional_rmse,TATE-K-grid_skewness,1.1738832311479014e-07,2.643183120164277e-07,10,8.358478932629646e-08
S3,D5,1000,25,10,cwdb_dr,tate_functional_rmse,TATE-K-grid_upper_tail_mean,0.024712048626337208,0.022450890054781177,10,0.007099594807113096
S3,D5,1000,25,10,cwdb_dr,tcate_functional_rmse,TCATE-K-grid_mean,0.035016404367705756,0.011900529792445026,10,0.0037632779506817145
S3,D5,1000,25,10,cwdb_dr,tcate_functional_rmse,TCATE-K-grid_sd,0.047308019663484,0.013471489582036533,10,0.004260059055446518
S3,D5,1000,25,10,cwdb_dr,tcate_functional_rmse,TCATE-K-grid_skewness,2.765206427358106e-07,4.049827707372049e-07,10,1.2806679686553554e-07
S3,D5,1000,25,10,cwdb_dr,tcate_functional_rmse,TCATE-K-grid_upper_tail_mean,0.052095139625869626,0.018545926548084186,10,0.005864736921013029
S3,D5,1000,25,10,drf,arm_energy_risk,LAW-A-M-K,0.050286367368827176,0.021090979236872493,20,0.0047160863285683535
S3,D5,1000,25,10,drf,barycenter_rmse,MEANQ-A-K,0.21704407483988333,0.010072865930391974,20,0.0022523612948598115
S3,D5,1000,25,10,drf,diagnostic_effective_support,NONE_OPERATIONAL,185.22288531509784,2.763945582628393,10,0.8740363369866843
S3,D5,1000,25,10,drf,kernel_law_error,LAW-A-K,0.04312521722509256,0.038993338693366096,20,0.008719175598803941
S3,D5,1000,25,10,drf,mean_quantile_rmse,MEANQ-A-K,0.09166389169890707,0.011539773317749408,10,0.003649196736612609
S3,D5,1000,25,10,drf,mode_coverage,LAW-A-K,1.0,0.0,20,0.0
S3,D5,1000,25,10,drf,peak_ram,NONE_OPERATIONAL,484.96000000000004,6.684509455948633,10,2.1138274921730646
S3,D5,1000,25,10,drf,process_peak_ram,NONE_OPERATIONAL,589.80546875,16.27433707740589,10,5.146397257393059
S3,D5,1000,25,10,drf,reference_effect_rmse,REF-ATE-K,0.015096069481083507,0.011841743971557184,10,0.003744688241868886
S3,D5,1000,25,10,drf,reference_tcate_rmse,REF-TCATE-K,0.023480678278644952,0.008958471773737731,10,0.002832917515933982
S3,D5,1000,25,10,drf,runtime,NONE_OPERATIONAL,23.7411,3.267817839680379,10,1.0333747351920957
S3,D5,1000,25,10,drf,tail_calibration,LAW-A-K,0.07507454292159789,0.011012979942306716,20,0.002462577178583953
S3,D5,1000,25,10,drf,tate_functional_rmse,TATE-K-grid_mean,0.014902437640020541,0.013446999519169712,10,0.004252314617576532
S3,D5,1000,25,10,drf,tate_functional_rmse,TATE-K-grid_sd,0.014999216904530047,0.010617967122193409,10,0.0033576960226914553
S3,D5,1000,25,10,drf,tate_functional_rmse,TATE-K-grid_skewness,1.2476758626730151e-17,8.668977178690914e-18,10,2.741371286868378e-18
S3,D5,1000,25,10,drf,tate_functional_rmse,TATE-K-grid_upper_tail_mean,0.022868755370223953,0.01806340192750401,10,0.005712149238198837
S3,D5,1000,25,10,drf,tcate_functional_rmse,TCATE-K-grid_mean,0.04092530295970436,0.015629155005277746,10,0.004942372772049862
S3,D5,1000,25,10,drf,tcate_functional_rmse,TCATE-K-grid_sd,0.024191364770451765,0.015227124465307067,10,0.0048152395525243915
S3,D5,1000,25,10,drf,tcate_functional_rmse,TCATE-K-grid_skewness,1.7699499090831974e-17,1.0053328335254573e-17,10,3.17914156049133e-18
S3,D5,1000,25,10,drf,tcate_functional_rmse,TCATE-K-grid_upper_tail_mean,0.05283931535068098,0.019449285201043345,10,0.006150404009750283
S4,D6,125,25,10,causal_drf,arm_energy_risk,LAW-A-M-K,0.09705469117874678,0.03427114686023763,20,0.007663261404636983
S4,D6,125,25,10,causal_drf,barycenter_rmse,MEANQ-A-K,0.534835314419345,0.14182542485555483,20,0.031713129091480885
S4,D6,125,25,10,causal_drf,diagnostic_effective_support,NONE_OPERATIONAL,47.30796138104516,2.0315434640326524,10,0.642430451197154
S4,D6,125,25,10,causal_drf,kernel_law_error,LAW-A-K,0.027387387963297087,0.013462759329536278,20,0.0030103645025562607
S4,D6,125,25,10,causal_drf,mean_quantile_rmse,MEANQ-A-K,0.5681665589749805,0.3368822432531129,10,0.10653151919467285
S4,D6,125,25,10,causal_drf,mode_coverage,LAW-A-K,0.9974999999999999,0.01060660171779817,20,0.002371708245126275
S4,D6,125,25,10,causal_drf,peak_ram,NONE_OPERATIONAL,270.65196000000003,0.20797532545953396,10,0.06576757255669322
S4,D6,125,25,10,causal_drf,process_peak_ram,NONE_OPERATIONAL,962.88203125,9.636639104606003,10,3.0473728559600572
S4,D6,125,25,10,causal_drf,reference_effect_rmse,REF-ATE-K,0.07437130578544879,0.06967539212869162,10,0.02203329359920332
S4,D6,125,25,10,causal_drf,reference_tcate_rmse,REF-TCATE-K,0.10903053796242086,0.07754019247927534,10,0.024520361844236855
S4,D6,125,25,10,causal_drf,runtime,NONE_OPERATIONAL,4.6325,1.1374531247972863,10,0.3596942606035174
S4,D6,125,25,10,causal_drf,tail_calibration,LAW-A-K,0.0978318830168348,0.036261734904592946,20,0.008108370422874668
S4,D6,125,25,10,causal_drf,tate_functional_rmse,TATE-K-grid_mean,0.4313672695174606,0.3966672696240698,10,0.1254372045252183
S4,D6,125,25,10,causal_drf,tate_functional_rmse,TATE-K-grid_sd,0.03339616871392746,0.032296000247077,10,0.010212892009412406
S4,D6,125,25,10,causal_drf,tate_functional_rmse,TATE-K-grid_skewness,8.68381130249391e-17,9.453312618368333e-17,10,2.9893999307654025e-17
S4,D6,125,25,10,causal_drf,tate_functional_rmse,TATE-K-grid_upper_tail_mean,0.4158239862354519,0.3923498777338182,10,0.12407192533274482
S4,D6,125,25,10,causal_drf,tcate_functional_rmse,TCATE-K-grid_mean,0.546155508965058,0.3513763414261044,10,0.1111149554803467
S4,D6,125,25,10,causal_drf,tcate_functional_rmse,TCATE-K-grid_sd,0.03843505240496532,0.03162296705503852,10,0.010000060226638895
S4,D6,125,25,10,causal_drf,tcate_functional_rmse,TCATE-K-grid_skewness,1.074003410260054e-16,8.342175085483077e-17,10,2.6380273910036372e-17
S4,D6,125,25,10,causal_drf,tcate_functional_rmse,TCATE-K-grid_upper_tail_mean,0.5396805988572705,0.3410732269156177,10,0.10785682459567981
S4,D6,125,25,10,cwdb_dr,arm_energy_risk,LAW-A-M-K,0.2202929410227074,0.028684711675564835,20,0.006414096522154486
S4,D6,125,25,10,cwdb_dr,barycenter_rmse,MEANQ-A-K,0.6588789441179891,0.0826252031056958,20,0.018475557079906252
S4,D6,125,25,10,cwdb_dr,diagnostic_dense_dr_n_levels,NONE_OPERATIONAL,199.0,0.0,10,0.0
S4,D6,125,25,10,cwdb_dr,diagnostic_dr_if_se_reference,NONE_OPERATIONAL,0.1588019896427741,0.010436561447224197,10,0.003300330511353165
S4,D6,125,25,10,cwdb_dr,diagnostic_effective_support,NONE_OPERATIONAL,9.999999999999998,0.0,10,0.0
S4,D6,125,25,10,cwdb_dr,diagnostic_ehat_mean,NONE_OPERATIONAL,0.5246000901802903,0.04913715794572077,10,0.015538533685591797
S4,D6,125,25,10,cwdb_dr,diagnostic_n_boosting_steps,NONE_OPERATIONAL,100.0,0.0,10,0.0
S4,D6,125,25,10,cwdb_dr,diagnostic_selected_contrast_shrinkage,NONE_OPERATIONAL,135.0,193.00259065618783,10,61.032778078668514
S4,D6,125,25,10,cwdb_dr,diagnostic_train_risk,NONE_OPERATIONAL,0.37507815138084055,0.04319545854599964,10,0.013659603358074396
S4,D6,125,25,10,cwdb_dr,kernel_law_error,LAW-A-K,0.07964007233461537,0.012523259934404639,20,0.002800286051322833
S4,D6,125,25,10,cwdb_dr,mean_quantile_rmse,MEANQ-A-K,0.4510886253306906,0.20674347646074176,10,0.06537802769973508
S4,D6,125,25,10,cwdb_dr,mode_coverage,LAW-A-K,0.8571249999999999,0.06900741283598301,20,0.015430526605264954
S4,D6,125,25,10,cwdb_dr,peak_ram,NONE_OPERATIONAL,0.0,0.0,10,0.0
S4,D6,125,25,10,cwdb_dr,process_peak_ram,NONE_OPERATIONAL,960.6703125,15.185898120826135,10,4.802202637708145
S4,D6,125,25,10,cwdb_dr,reference_effect_rmse,REF-ATE-K,0.09853757191529494,0.06377438059780209,10,0.02016722990555053
S4,D6,125,25,10,cwdb_dr,reference_tcate_rmse,REF-TCATE-K,0.3164086089890393,0.1480903881550985,10,0.0468302926148532
S4,D6,125,25,10,cwdb_dr,runtime,NONE_OPERATIONAL,35.99437375560001,5.446669736029045,10,1.7223882028559852
S4,D6,125,25,10,cwdb_dr,tail_calibration,LAW-A-K,0.20459830288240158,0.024143437196092413,20,0.005398636678095955
S4,D6,125,25,10,cwdb_dr,tate_functional_rmse,TATE-K-grid_mean,0.601891350267439,0.4301366260042038,10,0.13602114432332948
S4,D6,125,25,10,cwdb_dr,tate_functional_rmse,TATE-K-grid_sd,0.029857106203034906,0.026364717324021437,10,0.008337255661040724
S4,D6,125,25,10,cwdb_dr,tate_functional_rmse,TATE-K-grid_skewness,3.882954349096301e-06,1.2259131726357955e-05,10,3.876677839132318e-06
S4,D6,125,25,10,cwdb_dr,tate_functional_rmse,TATE-K-grid_upper_tail_mean,0.6005604664000705,0.4345019006396705,10,0.13740156536935308
S4,D6,125,25,10,cwdb_dr,tcate_functional_rmse,TCATE-K-grid_mean,0.825655516720483,0.3983049780506764,10,0.12595509340235106
S4,D6,125,25,10,cwdb_dr,tcate_functional_rmse,TCATE-K-grid_sd,0.06962021703693892,0.029569962102613725,10,0.009350843056912098
S4,D6,125,25,10,cwdb_dr,tcate_functional_rmse,TCATE-K-grid_skewness,4.280326611111691e-05,0.00013527241234931501,10,4.2776892760932406e-05
S4,D6,125,25,10,cwdb_dr,tcate_functional_rmse,TCATE-K-grid_upper_tail_mean,0.8263952593384838,0.40098247940803905,10,0.1268017936750969
S4,D6,125,25,10,drf,arm_energy_risk,LAW-A-M-K,0.15100484442813594,0.049346595492192745,20,0.011034234197872767
S4,D6,125,25,10,drf,barycenter_rmse,MEANQ-A-K,0.7048798750491663,0.17509030360489786,20,0.039151382106162806
S4,D6,125,25,10,drf,diagnostic_effective_support,NONE_OPERATIONAL,61.06015158037011,0.12839396622729438,10,0.04060173711009864
S4,D6,125,25,10,drf,kernel_law_error,LAW-A-K,0.04039026791310586,0.01628435301984046,20,0.003641292032196725
S4,D6,125,25,10,drf,mean_quantile_rmse,MEANQ-A-K,0.6429806850489787,0.28238476284758796,10,0.0892979027124873
S4,D6,125,25,10,drf,mode_coverage,LAW-A-K,0.9813750000000001,0.050967449622799754,20,0.011396668199637626
S4,D6,125,25,10,drf,peak_ram,NONE_OPERATIONAL,250.51999999999998,6.1456036680251644,10,1.9434105187644826
S4,D6,125,25,10,drf,process_peak_ram,NONE_OPERATIONAL,962.8890625,9.622001359189769,10,3.0427439944275587
S4,D6,125,25,10,drf,reference_effect_rmse,REF-ATE-K,0.08175406134804422,0.07495904770416902,10,0.023704132198238952
S4,D6,125,25,10,drf,reference_tcate_rmse,REF-TCATE-K,0.082132675990786,0.07460342675572355,10,0.023591674980163253
S4,D6,125,25,10,drf,runtime,NONE_OPERATIONAL,4.8869,0.7736675211829261,10,0.24465515186346135
S4,D6,125,25,10,drf,tail_calibration,LAW-A-K,0.10659616274992192,0.041319089007673566,20,0.009239229178952242
S4,D6,125,25,10,drf,tate_functional_rmse,TATE-K-grid_mean,0.4255643281616563,0.3927908119267598,10,0.12421136096753918
S4,D6,125,25,10,drf,tate_functional_rmse,TATE-K-grid_sd,0.034740108745643226,0.031663591362190636,10,0.010012906760535591
S4,D6,125,25,10,drf,tate_functional_rmse,TATE-K-grid_skewness,8.483612068162298e-17,8.723221255827494e-17,10,2.7585247702009237e-17
S4,D6,125,25,10,drf,tate_functional_rmse,TATE-K-grid_upper_tail_mean,0.4253746472767559,0.3745619661222086,10,0.11844689378170055
S4,D6,125,25,10,drf,tcate_functional_rmse,TCATE-K-grid_mean,0.6336183852591265,0.2927003811467136,10,0.09255998764230222
S4,D6,125,25,10,drf,tcate_functional_rmse,TCATE-K-grid_sd,0.03474010874564323,0.031663591362190636,10,0.010012906760535591
S4,D6,125,25,10,drf,tcate_functional_rmse,TCATE-K-grid_skewness,9.045327849698652e-17,8.447005947690278e-17,10,2.6711778203690395e-17
S4,D6,125,25,10,drf,tcate_functional_rmse,TCATE-K-grid_upper_tail_mean,0.6286207792582286,0.28061799303354823,10,0.08873920104112754
S4,D6,250,25,10,causal_drf,arm_energy_risk,LAW-A-M-K,0.06354438417799255,0.02223819686091353,20,0.004972611987802508
S4,D6,250,25,10,causal_drf,barycenter_rmse,MEANQ-A-K,0.4039301225633869,0.09921225133653512,20,0.022184533818928688
S4,D6,250,25,10,causal_drf,diagnostic_effective_support,NONE_OPERATIONAL,70.23464254940657,2.241121708179327,10,0.7087049111493883
S4,D6,250,25,10,causal_drf,kernel_law_error,LAW-A-K,0.016435129353999454,0.008340415549907386,20,0.0018649736130189204
S4,D6,250,25,10,causal_drf,mean_quantile_rmse,MEANQ-A-K,0.3114723481919085,0.08296284732809563,10,0.02623515587295967
S4,D6,250,25,10,causal_drf,mode_coverage,LAW-A-K,1.0,0.0,20,0.0
S4,D6,250,25,10,causal_drf,peak_ram,NONE_OPERATIONAL,288.58983,0.1610950585489467,10,0.05094273048128512
S4,D6,250,25,10,causal_drf,process_peak_ram,NONE_OPERATIONAL,899.091796875,12.123630197236405,10,3.8338284932863447
S4,D6,250,25,10,causal_drf,reference_effect_rmse,REF-ATE-K,0.1004020523276207,0.05849669009704139,10,0.018498277628766685
S4,D6,250,25,10,causal_drf,reference_tcate_rmse,REF-TCATE-K,0.10969488258566476,0.05243372622668175,10,0.016581000108602053
S4,D6,250,25,10,causal_drf,runtime,NONE_OPERATIONAL,7.3633,1.8659390278236736,10,0.5900617302923107
S4,D6,250,25,10,causal_drf,tail_calibration,LAW-A-K,0.07429028567308452,0.022901960058391516,20,0.0051210339508548485
S4,D6,250,25,10,causal_drf,tate_functional_rmse,TATE-K-grid_mean,0.14574410872255458,0.05321374120189175,10,0.01682766250167239
S4,D6,250,25,10,causal_drf,tate_functional_rmse,TATE-K-grid_sd,0.022690333939427713,0.015297031084231368,10,0.004837345966456613
S4,D6,250,25,10,causal_drf,tate_functional_rmse,TATE-K-grid_skewness,5.818451883164067e-17,3.042638335904922e-17,10,9.621667237604027e-18
S4,D6,250,25,10,causal_drf,tate_functional_rmse,TATE-K-grid_upper_tail_mean,0.15401900344751307,0.06339901778240103,10,0.02004852976099046
S4,D6,250,25,10,causal_drf,tcate_functional_rmse,TCATE-K-grid_mean,0.2609964286386627,0.08785989240437825,10,0.02778373749751628
S4,D6,250,25,10,causal_drf,tcate_functional_rmse,TCATE-K-grid_sd,0.027538257657752325,0.011438727491468343,10,0.0036172432407024224
S4,D6,250,25,10,causal_drf,tcate_functional_rmse,TCATE-K-grid_skewness,6.858850254750017e-17,2.9137266032122716e-17,10,9.214012545176461e-18
S4,D6,250,25,10,causal_drf,tcate_functional_rmse,TCATE-K-grid_upper_tail_mean,0.2692743595715343,0.0817483658775184,10,0.025851103116974743
S4,D6,250,25,10,cwdb_dr,arm_energy_risk,LAW-A-M-K,0.15591211183685058,0.017472785627619163,20,0.003907033641963777
S4,D6,250,25,10,cwdb_dr,barycenter_rmse,MEANQ-A-K,0.5287047897890982,0.04856708337282592,20,0.010859929989053852
S4,D6,250,25,10,cwdb_dr,diagnostic_dense_dr_n_levels,NONE_OPERATIONAL,199.0,0.0,10,0.0
S4,D6,250,25,10,cwdb_dr,diagnostic_dr_if_se_reference,NONE_OPERATIONAL,0.10873903252900638,0.005947632440444918,10,0.0018808065197311703
S4,D6,250,25,10,cwdb_dr,diagnostic_effective_support,NONE_OPERATIONAL,9.999999999999998,0.0,10,0.0
S4,D6,250,25,10,cwdb_dr,diagnostic_ehat_mean,NONE_OPERATIONAL,0.49504054428506317,0.04429870581666587,10,0.01400848077784135
S4,D6,250,25,10,cwdb_dr,diagnostic_n_boosting_steps,NONE_OPERATIONAL,100.0,0.0,10,0.0
S4,D6,250,25,10,cwdb_dr,diagnostic_selected_contrast_shrinkage,NONE_OPERATIONAL,275.0,237.17082451262846,10,75.0
S4,D6,250,25,10,cwdb_dr,diagnostic_train_risk,NONE_OPERATIONAL,0.4796524317060057,0.036619620132542385,10,0.011580140666899101
S4,D6,250,25,10,cwdb_dr,kernel_law_error,LAW-A-K,0.05292984657833501,0.007440989327658797,20,0.0016638557956495526
S4,D6,250,25,10,cwdb_dr,mean_quantile_rmse,MEANQ-A-K,0.34582653178827405,0.05139640836992521,10,0.01625297140011056
S4,D6,250,25,10,cwdb_dr,mode_coverage,LAW-A-K,0.96275,0.0333433099105274,20,0.007455790755478169
S4,D6,250,25,10,cwdb_dr,peak_ram,NONE_OPERATIONAL,42.292578125,36.45282503264341,10,11.527395425075492
S4,D6,250,25,10,cwdb_dr,process_peak_ram,NONE_OPERATIONAL,881.697265625,15.537901912424168,10,4.913516010354648
S4,D6,250,25,10,cwdb_dr,reference_effect_rmse,REF-ATE-K,0.12429873836685382,0.06973759189684124,10,0.022052962892932043
S4,D6,250,25,10,cwdb_dr,reference_tcate_rmse,REF-TCATE-K,0.2031038650870239,0.05806730150291693,10,0.018362493032893595
S4,D6,250,25,10,cwdb_dr,runtime,NONE_OPERATIONAL,79.33502996409999,19.489190753884674,10,6.163023253576964
S4,D6,250,25,10,cwdb_dr,tail_calibration,LAW-A-K,0.15463580995632872,0.02097510178996374,20,0.0046901753437336435
S4,D6,250,25,10,cwdb_dr,tate_functional_rmse,TATE-K-grid_mean,0.08408564032828877,0.05525575161348096,10,0.017473402892312372
S4,D6,250,25,10,cwdb_dr,tate_functional_rmse,TATE-K-grid_sd,0.017345907947189265,0.010108865730491782,10,0.0031967040269175865
S4,D6,250,25,10,cwdb_dr,tate_functional_rmse,TATE-K-grid_skewness,2.0788382790347832e-14,5.758917138831035e-14,10,1.821129501488618e-14
S4,D6,250,25,10,cwdb_dr,tate_functional_rmse,TATE-K-grid_upper_tail_mean,0.09025816161409539,0.0512299522991516,10,0.01620033336870988
S4,D6,250,25,10,cwdb_dr,tcate_functional_rmse,TCATE-K-grid_mean,0.46237729517159537,0.2189650882285154,10,0.06924284068618324
S4,D6,250,25,10,cwdb_dr,tcate_functional_rmse,TCATE-K-grid_sd,0.03775905703037864,0.013234290426972594,10,0.004185050096539567
S4,D6,250,25,10,cwdb_dr,tcate_functional_rmse,TCATE-K-grid_skewness,3.3987885803375824e-14,9.14070491175566e-14,10,2.89054469406363e-14
S4,D6,250,25,10,cwdb_dr,tcate_functional_rmse,TCATE-K-grid_upper_tail_mean,0.4674593736267978,0.21713358081148826,10,0.06866366718725347
S4,D6,250,25,10,drf,arm_energy_risk,LAW-A-M-K,0.10526596581217891,0.03828418159205634,20,0.008560603250278409
S4,D6,250,25,10,drf,barycenter_rmse,MEANQ-A-K,0.559148207718485,0.14089571076617227,20,0.03150523870113102
S4,D6,250,25,10,drf,diagnostic_effective_support,NONE_OPERATIONAL,115.66184762999293,2.229922671626294,10,0.7051634648386818
S4,D6,250,25,10,drf,kernel_law_error,LAW-A-K,0.02611934773583339,0.012020471072108286,20,0.00268785904388039
S4,D6,250,25,10,drf,mean_quantile_rmse,MEANQ-A-K,0.3577582983875367,0.11394436054949988,10,0.03603237058678547
S4,D6,250,25,10,drf,mode_coverage,LAW-A-K,0.999375,0.0015966659341462687,20,0.0003570253566109259
S4,D6,250,25,10,drf,peak_ram,NONE_OPERATIONAL,311.28000000000003,11.849875761186526,10,3.7472597395370917
S4,D6,250,25,10,drf,process_peak_ram,NONE_OPERATIONAL,899.091796875,12.123630197236405,10,3.8338284932863447
S4,D6,250,25,10,drf,reference_effect_rmse,REF-ATE-K,0.10580863967152958,0.0559471766648102,10,0.017692050691662294
S4,D6,250,25,10,drf,reference_tcate_rmse,REF-TCATE-K,0.10752068134122492,0.054990427853758635,10,0.017389500152504192
S4,D6,250,25,10,drf,runtime,NONE_OPERATIONAL,8.2958,1.3228404455732536,10,0.41831887890034847
S4,D6,250,25,10,drf,tail_calibration,LAW-A-K,0.08152856840979815,0.028923886803879337,20,0.006467577706698332
S4,D6,250,25,10,drf,tate_functional_rmse,TATE-K-grid_mean,0.16839431616529893,0.08086739528533429,10,0.025572515754681835
S4,D6,250,25,10,drf,tate_functional_rmse,TATE-K-grid_sd,0.01985919754025731,0.011756998957729404,10,0.003717889515465061
S4,D6,250,25,10,drf,tate_functional_rmse,TATE-K-grid_skewness,5.734933655073964e-17,3.2872317677671987e-17,10,1.0395139583006022e-17
S4,D6,250,25,10,drf,tate_functional_rmse,TATE-K-grid_upper_tail_mean,0.1745378348485624,0.08363629956916725,10,0.026448120170672784
S4,D6,250,25,10,drf,tcate_functional_rmse,TCATE-K-grid_mean,0.3428721139872444,0.11641849761839525,10,0.03681476142490169
S4,D6,250,25,10,drf,tcate_functional_rmse,TCATE-K-grid_sd,0.020414646417121714,0.011383440422821304,10,0.0035997599344945496
S4,D6,250,25,10,drf,tcate_functional_rmse,TCATE-K-grid_skewness,6.283727512713589e-17,3.0233240206312866e-17,10,9.560590009892761e-18
S4,D6,250,25,10,drf,tcate_functional_rmse,TCATE-K-grid_upper_tail_mean,0.3474288245300906,0.11152068009561523,10,0.035265935531314845
S4,D6,500,25,10,causal_drf,arm_energy_risk,LAW-A-M-K,0.04016685088494466,0.00852670258009441,20,0.0019066286593013946
S4,D6,500,25,10,causal_drf,barycenter_rmse,MEANQ-A-K,0.307986913744484,0.05280617808881465,20,0.011807820383854948
S4,D6,500,25,10,causal_drf,diagnostic_effective_support,NONE_OPERATIONAL,94.82582487016684,4.438298095582512,10,1.403513091682844
S4,D6,500,25,10,causal_drf,kernel_law_error,LAW-A-K,0.009213381256294678,0.0028780169922687877,20,0.0006435441635112496
S4,D6,500,25,10,causal_drf,mean_quantile_rmse,MEANQ-A-K,0.31244111380420847,0.07381943642838319,10,0.0233437554703696
S4,D6,500,25,10,causal_drf,mode_coverage,LAW-A-K,1.0,0.0,20,0.0
S4,D6,500,25,10,causal_drf,peak_ram,NONE_OPERATIONAL,318.47771,0.39515299273406157,10,0.12495834812716007
S4,D6,500,25,10,causal_drf,process_peak_ram,NONE_OPERATIONAL,945.46015625,14.87772676210502,10,4.704750297389394
S4,D6,500,25,10,causal_drf,reference_effect_rmse,REF-ATE-K,0.061710202285629054,0.03349122960360205,10,0.010590856718704064
S4,D6,500,25,10,causal_drf,reference_tcate_rmse,REF-TCATE-K,0.07675823843863702,0.03255109700246897,10,0.010293560686488151
S4,D6,500,25,10,causal_drf,runtime,NONE_OPERATIONAL,14.5962,1.411392204723958,10,0.4463214038734368
S4,D6,500,25,10,causal_drf,tail_calibration,LAW-A-K,0.05719545911180087,0.014095466798354425,20,0.0031518421935711814
S4,D6,500,25,10,causal_drf,tate_functional_rmse,TATE-K-grid_mean,0.16710748753134474,0.11869293977787077,10,0.03753400318792715
S4,D6,500,25,10,causal_drf,tate_functional_rmse,TATE-K-grid_sd,0.014007595190697362,0.01052690860921846,10,0.0033289007925565717
S4,D6,500,25,10,causal_drf,tate_functional_rmse,TATE-K-grid_skewness,4.5711787313330925e-17,4.269681351917795e-17,10,1.3501917955207168e-17
S4,D6,500,25,10,causal_drf,tate_functional_rmse,TATE-K-grid_upper_tail_mean,0.16922466193121327,0.11974533019799233,10,0.03786679825945971
S4,D6,500,25,10,causal_drf,tcate_functional_rmse,TCATE-K-grid_mean,0.2721132948085013,0.08325341517901753,10,0.02632704149533302
S4,D6,500,25,10,causal_drf,tcate_functional_rmse,TCATE-K-grid_sd,0.01897627274905238,0.007865161040744605,10,0.0024871823052773343
S4,D6,500,25,10,causal_drf,tcate_functional_rmse,TCATE-K-grid_skewness,5.698361595086104e-17,4.416619229072574e-17,10,1.396657632156629e-17
S4,D6,500,25,10,causal_drf,tcate_functional_rmse,TCATE-K-grid_upper_tail_mean,0.2765182593076811,0.07738830592991752,10,0.024472331100045427
S4,D6,500,25,10,cwdb_dr,arm_energy_risk,LAW-A-M-K,0.10627305449511226,0.017098671418442183,20,0.003823379161656947
S4,D6,500,25,10,cwdb_dr,barycenter_rmse,MEANQ-A-K,0.42895024984328617,0.04748688088337829,20,0.01061838936946691
S4,D6,500,25,10,cwdb_dr,diagnostic_dense_dr_n_levels,NONE_OPERATIONAL,199.0,0.0,10,0.0
S4,D6,500,25,10,cwdb_dr,diagnostic_dr_if_se_reference,NONE_OPERATIONAL,0.07319540052233992,0.0019723329129017197,10,0.0006237064308883933
S4,D6,500,25,10,cwdb_dr,diagnostic_effective_support,NONE_OPERATIONAL,9.999999999999998,0.0,10,0.0
S4,D6,500,25,10,cwdb_dr,diagnostic_ehat_mean,NONE_OPERATIONAL,0.5003375875173358,0.027278173023696558,10,0.008626115716304335
S4,D6,500,25,10,cwdb_dr,diagnostic_n_boosting_steps,NONE_OPERATIONAL,100.0,0.0,10,0.0
S4,D6,500,25,10,cwdb_dr,diagnostic_selected_contrast_shrinkage,NONE_OPERATIONAL,320.0,232.379000772445,10,73.48469228349533
S4,D6,500,25,10,cwdb_dr,diagnostic_train_risk,NONE_OPERATIONAL,0.5932998450528993,0.016924745038445564,10,0.005352074313912202
S4,D6,500,25,10,cwdb_dr,kernel_law_error,LAW-A-K,0.03319672955965973,0.006105416419587154,20,0.0013652126145140254
S4,D6,500,25,10,cwdb_dr,mean_quantile_rmse,MEANQ-A-K,0.3260828084523369,0.06164331646130709,10,0.01949332825442811
S4,D6,500,25,10,cwdb_dr,mode_coverage,LAW-A-K,0.990375,0.009674811299669355,20,0.0021633535735543765
S4,D6,500,25,10,cwdb_dr,peak_ram,NONE_OPERATIONAL,0.0,0.0,10,0.0
S4,D6,500,25,10,cwdb_dr,process_peak_ram,NONE_OPERATIONAL,945.46015625,14.87772676210502,10,4.704750297389394
S4,D6,500,25,10,cwdb_dr,reference_effect_rmse,REF-ATE-K,0.049672119262022946,0.040010209887717155,10,0.012652339290657596
S4,D6,500,25,10,cwdb_dr,reference_tcate_rmse,REF-TCATE-K,0.12331212669792557,0.05514791179185924,10,0.01743930094643328
S4,D6,500,25,10,cwdb_dr,runtime,NONE_OPERATIONAL,127.09695276650007,15.478374358179874,10,4.894691744859529
S4,D6,500,25,10,cwdb_dr,tail_calibration,LAW-A-K,0.11440298048015914,0.019134359834477838,20,0.004278572929583406
S4,D6,500,25,10,cwdb_dr,tate_functional_rmse,TATE-K-grid_mean,0.10851487944351794,0.10960368543839905,10,0.03465972859339716
S4,D6,500,25,10,cwdb_dr,tate_functional_rmse,TATE-K-grid_sd,0.011207691483696564,0.009443198475438024,10,0.002986201557941376
S4,D6,500,25,10,cwdb_dr,tate_functional_rmse,TATE-K-grid_skewness,3.541893347600189e-17,2.0085873915374033e-17,10,6.351711036754608e-18
S4,D6,500,25,10,cwdb_dr,tate_functional_rmse,TATE-K-grid_upper_tail_mean,0.10539849808653234,0.1097200132301793,10,0.0346965146711175
S4,D6,500,25,10,cwdb_dr,tcate_functional_rmse,TCATE-K-grid_mean,0.27745009941428445,0.08957177481981464,10,0.02832508224943324
S4,D6,500,25,10,cwdb_dr,tcate_functional_rmse,TCATE-K-grid_sd,0.03064608759942266,0.015641704675705873,10,0.004946341326293596
S4,D6,500,25,10,cwdb_dr,tcate_functional_rmse,TCATE-K-grid_skewness,1.5104695859869647e-16,8.086705535944643e-17,10,2.5572408260677703e-17
S4,D6,500,25,10,cwdb_dr,tcate_functional_rmse,TCATE-K-grid_upper_tail_mean,0.2736839135644369,0.09484522243167888,10,0.029992692806939895
S4,D6,500,25,10,drf,arm_energy_risk,LAW-A-M-K,0.04967493298699493,0.009054409435016144,20,0.002024627499281156
S4,D6,500,25,10,drf,barycenter_rmse,MEANQ-A-K,0.34904724702479645,0.053243591180994476,20,0.011905628924691195
S4,D6,500,25,10,drf,diagnostic_effective_support,NONE_OPERATIONAL,167.77524210725863,2.324640729350191,10,0.7351159446341636
S4,D6,500,25,10,drf,kernel_law_error,LAW-A-K,0.010756757986508861,0.00355203638291565,20,0.0007942594810751866
S4,D6,500,25,10,drf,mean_quantile_rmse,MEANQ-A-K,0.25605296278245054,0.08883314341712459,10,0.028091506491050678
S4,D6,500,25,10,drf,mode_coverage,LAW-A-K,1.0,0.0,20,0.0
S4,D6,500,25,10,drf,peak_ram,NONE_OPERATIONAL,423.05,18.666979164050936,10,5.903017119330688
S4,D6,500,25,10,drf,process_peak_ram,NONE_OPERATIONAL,945.46015625,14.87772676210502,10,4.704750297389394
S4,D6,500,25,10,drf,reference_effect_rmse,REF-ATE-K,0.06071036854296395,0.033130575999812645,10,0.010476808035271819
S4,D6,500,25,10,drf,reference_tcate_rmse,REF-TCATE-K,0.0763454170626932,0.0310669294565613,10,0.009824225699051076
S4,D6,500,25,10,drf,runtime,NONE_OPERATIONAL,15.517199999999999,1.7466705979599526,10,0.5523457411601702
S4,D6,500,25,10,drf,tail_calibration,LAW-A-K,0.05741851285947044,0.019407562702257283,20,0.00433966294798368
S4,D6,500,25,10,drf,tate_functional_rmse,TATE-K-grid_mean,0.15788960971754729,0.11517502368173589,10,0.036421540439811745
S4,D6,500,25,10,drf,tate_functional_rmse,TATE-K-grid_sd,0.013283643546698542,0.009963570251379464,10,0.003150757562145552
S4,D6,500,25,10,drf,tate_functional_rmse,TATE-K-grid_skewness,4.638177660931538e-17,4.063605731853477e-17,10,1.2850249625572427e-17
S4,D6,500,25,10,drf,tate_functional_rmse,TATE-K-grid_upper_tail_mean,0.15782073720030493,0.11747476869875793,10,0.03714878366895298
S4,D6,500,25,10,drf,tcate_functional_rmse,TCATE-K-grid_mean,0.2353110514660731,0.09590330456767053,10,0.03032728775706686
S4,D6,500,25,10,drf,tcate_functional_rmse,TCATE-K-grid_sd,0.0156498785923402,0.009192239224448983,10,0.002906841274639853
S4,D6,500,25,10,drf,tcate_functional_rmse,TCATE-K-grid_skewness,5.307247514572103e-17,3.9005836342603367e-17,10,1.233472848823985e-17
S4,D6,500,25,10,drf,tcate_functional_rmse,TCATE-K-grid_upper_tail_mean,0.2386565269374401,0.09341574016355313,10,0.029540650822729806
S4,D6,1000,25,10,causal_drf,arm_energy_risk,LAW-A-M-K,0.028740614899216282,0.005368159295527979,20,0.0012003569098847943
S4,D6,1000,25,10,causal_drf,barycenter_rmse,MEANQ-A-K,0.24717267878487775,0.03691522591870806,20,0.008254495455899334
S4,D6,1000,25,10,causal_drf,diagnostic_effective_support,NONE_OPERATIONAL,120.47611054797146,4.962164800898062,10,1.5691742895953815
S4,D6,1000,25,10,causal_drf,kernel_law_error,LAW-A-K,0.006425724184620743,0.0019050989580079213,20,0.0004259930773969729
S4,D6,1000,25,10,causal_drf,mean_quantile_rmse,MEANQ-A-K,0.23191824815410134,0.041184192318485885,10,0.013023585132082608
S4,D6,1000,25,10,causal_drf,mode_coverage,LAW-A-K,1.0,0.0,20,0.0
S4,D6,1000,25,10,causal_drf,peak_ram,NONE_OPERATIONAL,390.6457,0.9554604044356995,10,0.3021431092122457
S4,D6,1000,25,10,causal_drf,process_peak_ram,NONE_OPERATIONAL,978.684765625,13.622776676805715,10,4.307900235452554
S4,D6,1000,25,10,causal_drf,reference_effect_rmse,REF-ATE-K,0.02627030373985754,0.02357840002649275,10,0.007456144766629154
S4,D6,1000,25,10,causal_drf,reference_tcate_rmse,REF-TCATE-K,0.05812165292104114,0.028956491419035568,10,0.009156846593127354
S4,D6,1000,25,10,causal_drf,runtime,NONE_OPERATIONAL,29.6526,4.901150028309683,10,1.549879724365733
S4,D6,1000,25,10,causal_drf,tail_calibration,LAW-A-K,0.051891258229051086,0.010192529604878806,20,0.002279118905918808
S4,D6,1000,25,10,causal_drf,tate_functional_rmse,TATE-K-grid_mean,0.09848033086830173,0.057067140799328155,10,0.018046214447939888
S4,D6,1000,25,10,causal_drf,tate_functional_rmse,TATE-K-grid_sd,0.00818260675254139,0.006989625452920444,10,0.002210313642271461
S4,D6,1000,25,10,causal_drf,tate_functional_rmse,TATE-K-grid_skewness,2.0721433446308188e-17,2.0190586922512017e-17,10,6.3848241970747574e-18
S4,D6,1000,25,10,causal_drf,tate_functional_rmse,TATE-K-grid_upper_tail_mean,0.09515038540168926,0.0580874773473174,10,0.01836887319509586
S4,D6,1000,25,10,causal_drf,tcate_functional_rmse,TCATE-K-grid_mean,0.16342758679518715,0.054402977529185326,10,0.017203732048718508
S4,D6,1000,25,10,causal_drf,tcate_functional_rmse,TCATE-K-grid_sd,0.013942104563289337,0.007744998839955817,10,0.002449183680962229
S4,D6,1000,25,10,causal_drf,tcate_functional_rmse,TCATE-K-grid_skewness,3.5358550421718204e-17,1.7133302489790273e-17,10,5.418025970837105e-18
S4,D6,1000,25,10,causal_drf,tcate_functional_rmse,TCATE-K-grid_upper_tail_mean,0.16231465571772705,0.05193889082746362,10,0.016424519415761254
S4,D6,1000,25,10,cwdb_dr,arm_energy_risk,LAW-A-M-K,0.06645092848519671,0.007891098164172234,20,0.001764503191221291
S4,D6,1000,25,10,cwdb_dr,barycenter_rmse,MEANQ-A-K,0.32612226613161166,0.03448454440296351,20,0.00771097854581363
S4,D6,1000,25,10,cwdb_dr,diagnostic_dense_dr_n_levels,NONE_OPERATIONAL,199.0,0.0,10,0.0
S4,D6,1000,25,10,cwdb_dr,diagnostic_dr_if_se_reference,NONE_OPERATIONAL,0.0485753694282957,0.0010023407751231215,10,0.0003169679841047704
S4,D6,1000,25,10,cwdb_dr,diagnostic_effective_support,NONE_OPERATIONAL,9.999999999999998,0.0,10,0.0
S4,D6,1000,25,10,cwdb_dr,diagnostic_ehat_mean,NONE_OPERATIONAL,0.49320720273415575,0.017379424572383714,10,0.00549585660718304
S4,D6,1000,25,10,cwdb_dr,diagnostic_n_boosting_steps,NONE_OPERATIONAL,100.0,0.0,10,0.0
S4,D6,1000,25,10,cwdb_dr,diagnostic_selected_contrast_shrinkage,NONE_OPERATIONAL,140.0,189.73665961010275,10,59.99999999999999
S4,D6,1000,25,10,cwdb_dr,diagnostic_train_risk,NONE_OPERATIONAL,0.6872371348683597,0.00747820107298175,10,0.002364814819133739
S4,D6,1000,25,10,cwdb_dr,kernel_law_error,LAW-A-K,0.018008187524398825,0.0027516360466827623,20,0.0006152845249721441
S4,D6,1000,25,10,cwdb_dr,mean_quantile_rmse,MEANQ-A-K,0.22965973870719228,0.05615507821395113,10,0.01775779493409857
S4,D6,1000,25,10,cwdb_dr,mode_coverage,LAW-A-K,0.997875,0.0034674235847080193,20,0.0007753394842193131
S4,D6,1000,25,10,cwdb_dr,peak_ram,NONE_OPERATIONAL,0.0,0.0,10,0.0
S4,D6,1000,25,10,cwdb_dr,process_peak_ram,NONE_OPERATIONAL,967.937109375,12.673864956106192,10,4.007828001868551
S4,D6,1000,25,10,cwdb_dr,reference_effect_rmse,REF-ATE-K,0.019780799142075804,0.018843635580238157,10,0.005958880783174114
S4,D6,1000,25,10,cwdb_dr,reference_tcate_rmse,REF-TCATE-K,0.09030984363223986,0.02876603908038988,10,0.009096620275544746
S4,D6,1000,25,10,cwdb_dr,runtime,NONE_OPERATIONAL,247.05819705919998,49.6623679707723,10,15.704619678503489
S4,D6,1000,25,10,cwdb_dr,tail_calibration,LAW-A-K,0.08069368824393272,0.01597109580646807,20,0.003571245589842443
S4,D6,1000,25,10,cwdb_dr,tate_functional_rmse,TATE-K-grid_mean,0.10282757794752517,0.07093430003716103,10,0.022431395234719535
S4,D6,1000,25,10,cwdb_dr,tate_functional_rmse,TATE-K-grid_sd,0.0076737880000993675,0.004468264461469502,10,0.00141298928862293
S4,D6,1000,25,10,cwdb_dr,tate_functional_rmse,TATE-K-grid_skewness,3.358134255318506e-17,2.2249359375544936e-17,10,7.035865210634363e-18
S4,D6,1000,25,10,cwdb_dr,tate_functional_rmse,TATE-K-grid_upper_tail_mean,0.10081540779938869,0.06669821041704263,10,0.021091826077502377
S4,D6,1000,25,10,cwdb_dr,tcate_functional_rmse,TCATE-K-grid_mean,0.18859354287771452,0.08036367164538133,10,0.025413224353329638
S4,D6,1000,25,10,cwdb_dr,tcate_functional_rmse,TCATE-K-grid_sd,0.02092885499361687,0.008137364405422341,10,0.0025732605671916413
S4,D6,1000,25,10,cwdb_dr,tcate_functional_rmse,TCATE-K-grid_skewness,7.132404019539794e-17,1.9084196412560258e-17,10,6.034952797770483e-18
S4,D6,1000,25,10,cwdb_dr,tcate_functional_rmse,TCATE-K-grid_upper_tail_mean,0.18728664715121343,0.07617802933852025,10,0.024089608037285395
S4,D6,1000,25,10,drf,arm_energy_risk,LAW-A-M-K,0.030329027645985614,0.00410144309305467,20,0.0009171105561917236
S4,D6,1000,25,10,drf,barycenter_rmse,MEANQ-A-K,0.24595772754954232,0.0336932367022806,20,0.0075340367648290265
S4,D6,1000,25,10,drf,diagnostic_effective_support,NONE_OPERATIONAL,227.1348701195478,3.733889764678835,10,1.1807596188375247
S4,D6,1000,25,10,drf,kernel_law_error,LAW-A-K,0.005882976073080409,0.001753137871546791,20,0.0003920135454707919
S4,D6,1000,25,10,drf,mean_quantile_rmse,MEANQ-A-K,0.1985702287073028,0.031291727959979976,10,0.009895313227591093
S4,D6,1000,25,10,drf,mode_coverage,LAW-A-K,1.0,0.0,20,0.0
S4,D6,1000,25,10,drf,peak_ram,NONE_OPERATIONAL,557.24,9.270646627333452,10,2.9316358724931906
S4,D6,1000,25,10,drf,process_peak_ram,NONE_OPERATIONAL,978.751953125,13.609631284511638,10,4.303743297413983
S4,D6,1000,25,10,drf,reference_effect_rmse,REF-ATE-K,0.02199662129728156,0.019020387148759144,10,0.006014774536827477
S4,D6,1000,25,10,drf,reference_tcate_rmse,REF-TCATE-K,0.05006437450406356,0.021421954531172356,10,0.006774216825106913
S4,D6,1000,25,10,drf,runtime,NONE_OPERATIONAL,26.869,4.562149956130575,10,1.442678488860987
S4,D6,1000,25,10,drf,tail_calibration,LAW-A-K,0.04977245932111503,0.010859856942898958,20,0.0024283378350245122
S4,D6,1000,25,10,drf,tate_functional_rmse,TATE-K-grid_mean,0.08809809565981322,0.05186496145680539,10,0.016401140896034973
S4,D6,1000,25,10,drf,tate_functional_rmse,TATE-K-grid_sd,0.008477737514083176,0.0065399816444201,10,0.0020681237852060944
S4,D6,1000,25,10,drf,tate_functional_rmse,TATE-K-grid_skewness,2.0133672344706843e-17,2.0345674814213848e-17,10,6.433867294603889e-18
S4,D6,1000,25,10,drf,tate_functional_rmse,TATE-K-grid_upper_tail_mean,0.08763844167635268,0.047539511633910105,10,0.015033313561522868
S4,D6,1000,25,10,drf,tcate_functional_rmse,TCATE-K-grid_mean,0.16368206292325357,0.03599922856273098,10,0.01138395562672196
S4,D6,1000,25,10,drf,tcate_functional_rmse,TCATE-K-grid_sd,0.012426260140486468,0.006895915626547282,10,0.00218067999322365
S4,D6,1000,25,10,drf,tcate_functional_rmse,TCATE-K-grid_skewness,3.0412474079414265e-17,1.6895289418837773e-17,10,5.342759629126989e-18
S4,D6,1000,25,10,drf,tcate_functional_rmse,TCATE-K-grid_upper_tail_mean,0.16466958366735038,0.03187431449112134,10,0.010079543264845425
S5,D7,125,25,10,causal_drf,arm_energy_risk,LAW-A-M-K,0.09666990293215895,0.012502690782398507,20,0.0027956866491103093
S5,D7,125,25,10,causal_drf,barycenter_rmse,MEANQ-A-K,0.38624015744106266,0.03225975104801013,20,0.0072134996280570724
S5,D7,125,25,10,causal_drf,diagnostic_effective_support,NONE_OPERATIONAL,49.13252540597921,0.973781074965283,10,0.3079366139257464
S5,D7,125,25,10,causal_drf,kernel_law_error,LAW-A-K,0.0425225867431057,0.005986943454496429,20,0.0013387212541701434
S5,D7,125,25,10,causal_drf,mean_quantile_rmse,MEANQ-A-K,0.22528824860708901,0.09004336480074822,10,0.028474212095579786
S5,D7,125,25,10,causal_drf,mode_coverage,LAW-A-K,1.0,0.0,20,0.0
S5,D7,125,25,10,causal_drf,peak_ram,NONE_OPERATIONAL,270.6418,0.21591349090678394,10,0.06827784088234913
S5,D7,125,25,10,causal_drf,process_peak_ram,NONE_OPERATIONAL,829.9421875,156.30099232817545,10,49.42671363015385
S5,D7,125,25,10,causal_drf,reference_effect_rmse,REF-ATE-K,0.0350840188688893,0.026668169522363172,10,0.00843321567181523
S5,D7,125,25,10,causal_drf,reference_tcate_rmse,REF-TCATE-K,0.04164862833239097,0.022695495507589626,10,0.007176945843010248
S5,D7,125,25,10,causal_drf,runtime,NONE_OPERATIONAL,4.8269,1.4372429973158098,10,0.45449614226452273
S5,D7,125,25,10,causal_drf,tail_calibration,LAW-A-K,0.07431600373974331,0.04375543615803514,20,0.00978401296345188
S5,D7,125,25,10,causal_drf,tate_functional_rmse,TATE-K-grid_mean,0.2030488604604587,0.10061587014871841,10,0.03181753184296947
S5,D7,125,25,10,causal_drf,tate_functional_rmse,TATE-K-grid_sd,0.03918781213841748,0.040623032219477814,10,0.012846130727595498
S5,D7,125,25,10,causal_drf,tate_functional_rmse,TATE-K-grid_skewness,0.0466976167638379,0.0226607942329727,10,0.007165972336460201
S5,D7,125,25,10,causal_drf,tate_functional_rmse,TATE-K-grid_upper_tail_mean,0.2041317905022948,0.09331876514331189,10,0.029509984628719482
S5,D7,125,25,10,causal_drf,tcate_functional_rmse,TCATE-K-grid_mean,0.20452709047340872,0.10069534301518997,10,0.031842663369992724
S5,D7,125,25,10,causal_drf,tcate_functional_rmse,TCATE-K-grid_sd,0.04628658731079725,0.03898754767608793,10,0.012328945104084247
S5,D7,125,25,10,causal_drf,tcate_functional_rmse,TCATE-K-grid_skewness,0.12481870212598442,0.01664147057059075,10,0.005262495061772866
S5,D7,125,25,10,causal_drf,tcate_functional_rmse,TCATE-K-grid_upper_tail_mean,0.2053045369453717,0.09300399861937421,10,0.029410446714037784
S5,D7,125,25,10,cwdb_dr,arm_energy_risk,LAW-A-M-K,0.10309506554419204,0.009137136045789867,20,0.0020431257318049775
S5,D7,125,25,10,cwdb_dr,barycenter_rmse,MEANQ-A-K,0.282906742701184,0.02212780960288909,20,0.004947928646523264
S5,D7,125,25,10,cwdb_dr,diagnostic_dense_dr_n_levels,NONE_OPERATIONAL,199.0,0.0,10,0.0
S5,D7,125,25,10,cwdb_dr,diagnostic_dr_if_se_reference,NONE_OPERATIONAL,0.0625513208818368,0.00850745622098216,10,0.0026902938752472387
S5,D7,125,25,10,cwdb_dr,diagnostic_effective_support,NONE_OPERATIONAL,9.999999999999998,0.0,10,0.0
S5,D7,125,25,10,cwdb_dr,diagnostic_ehat_mean,NONE_OPERATIONAL,0.5246000901802903,0.04913715794572077,10,0.015538533685591797
S5,D7,125,25,10,cwdb_dr,diagnostic_n_boosting_steps,NONE_OPERATIONAL,100.0,0.0,10,0.0
S5,D7,125,25,10,cwdb_dr,diagnostic_selected_contrast_shrinkage,NONE_OPERATIONAL,95.0,142.30249470757707,10,45.0
S5,D7,125,25,10,cwdb_dr,diagnostic_train_risk,NONE_OPERATIONAL,0.04884405448959112,0.00780737953598458,10,0.0024689101891099802
S5,D7,125,25,10,cwdb_dr,kernel_law_error,LAW-A-K,0.02486453329138547,0.003682506136140147,20,0.0008234334047969463
S5,D7,125,25,10,cwdb_dr,mean_quantile_rmse,MEANQ-A-K,0.09812336802031735,0.02713289570742952,10,0.008580174995128288
S5,D7,125,25,10,cwdb_dr,mode_coverage,LAW-A-K,1.0,0.0,20,0.0
S5,D7,125,25,10,cwdb_dr,peak_ram,NONE_OPERATIONAL,0.0,0.0,10,0.0
S5,D7,125,25,10,cwdb_dr,process_peak_ram,NONE_OPERATIONAL,829.9421875,156.30099232817545,10,49.42671363015385
S5,D7,125,25,10,cwdb_dr,reference_effect_rmse,REF-ATE-K,0.029559469507854715,0.013956697877629116,10,0.0044134953908145985
S5,D7,125,25,10,cwdb_dr,reference_tcate_rmse,REF-TCATE-K,0.09837633635546277,0.046885076957681626,10,0.014826363145855184
S5,D7,125,25,10,cwdb_dr,runtime,NONE_OPERATIONAL,36.59465977160001,8.100835295760513,10,2.5617090484486975
S5,D7,125,25,10,cwdb_dr,tail_calibration,LAW-A-K,0.06839136307761336,0.02983421209234606,20,0.006671132629363202
S5,D7,125,25,10,cwdb_dr,tate_functional_rmse,TATE-K-grid_mean,0.05750990673852248,0.035134799903478224,10,0.01111059928292553
S5,D7,125,25,10,cwdb_dr,tate_functional_rmse,TATE-K-grid_sd,0.048187364174213085,0.03163873182372766,10,0.010005045484223233
S5,D7,125,25,10,cwdb_dr,tate_functional_rmse,TATE-K-grid_skewness,0.029092142960623013,0.02095886275809142,10,0.006627774348244752
S5,D7,125,25,10,cwdb_dr,tate_functional_rmse,TATE-K-grid_upper_tail_mean,0.03976894274469654,0.04265343880496881,10,0.013488201666231192
S5,D7,125,25,10,cwdb_dr,tcate_functional_rmse,TCATE-K-grid_mean,0.16447616604290324,0.05619495287695203,10,0.01777040440970002
S5,D7,125,25,10,cwdb_dr,tcate_functional_rmse,TCATE-K-grid_sd,0.096729895548249,0.04065738705063132,10,0.012856994679103057
S5,D7,125,25,10,cwdb_dr,tcate_functional_rmse,TCATE-K-grid_skewness,0.0612976044866901,0.018575976252086155,10,0.005874239471779038
S5,D7,125,25,10,cwdb_dr,tcate_functional_rmse,TCATE-K-grid_upper_tail_mean,0.16220160795327704,0.051218795053189624,10,0.016196805137744425
S5,D7,125,25,10,drf,arm_energy_risk,LAW-A-M-K,0.14116468741514795,0.010508298027283793,20,0.00234972687168335
S5,D7,125,25,10,drf,barycenter_rmse,MEANQ-A-K,0.481740923417214,0.019916026716539262,20,0.004453358957988372
S5,D7,125,25,10,drf,diagnostic_effective_support,NONE_OPERATIONAL,61.06015158037011,0.1283939662272941,10,0.04060173711009855
S5,D7,125,25,10,drf,kernel_law_error,LAW-A-K,0.06516801671045055,0.005876534172299636,20,0.0013140329881362446
S5,D7,125,25,10,drf,mean_quantile_rmse,MEANQ-A-K,0.24404635150887355,0.10523658881742953,10,0.033278731384968285
S5,D7,125,25,10,drf,mode_coverage,LAW-A-K,1.0,0.0,20,0.0
S5,D7,125,25,10,drf,peak_ram,NONE_OPERATIONAL,250.51999999999998,6.145603668025169,10,1.943410518764484
S5,D7,125,25,10,drf,process_peak_ram,NONE_OPERATIONAL,829.9421875,156.30099232817545,10,49.42671363015385
S5,D7,125,25,10,drf,reference_effect_rmse,REF-ATE-K,0.035386786387052116,0.027143631941370382,10,0.008583570090402842
S5,D7,125,25,10,drf,reference_tcate_rmse,REF-TCATE-K,0.042135110624788905,0.02340319587715266,10,0.007400740349886458
S5,D7,125,25,10,drf,runtime,NONE_OPERATIONAL,5.0742,1.4982008321094116,10,0.4737727021825269
S5,D7,125,25,10,drf,tail_calibration,LAW-A-K,0.08667737474192908,0.05377867892846524,20,0.012025278182418381
S5,D7,125,25,10,drf,tate_functional_rmse,TATE-K-grid_mean,0.23154676777233138,0.10786429855077082,10,0.034109686163683504
S5,D7,125,25,10,drf,tate_functional_rmse,TATE-K-grid_sd,0.04198925378447263,0.041550943091881905,10,0.013139561909838579
S5,D7,125,25,10,drf,tate_functional_rmse,TATE-K-grid_skewness,0.05105840672639622,0.026566787497428374,10,0.008401155860555835
S5,D7,125,25,10,drf,tate_functional_rmse,TATE-K-grid_upper_tail_mean,0.23235902284320828,0.1031484519877426,10,0.032618404540178905
S5,D7,125,25,10,drf,tcate_functional_rmse,TCATE-K-grid_mean,0.23153697494836933,0.10785497031183032,10,0.034106736315522475
S5,D7,125,25,10,drf,tcate_functional_rmse,TCATE-K-grid_sd,0.04336006987187719,0.04074816677926919,10,0.012885701749889827
S5,D7,125,25,10,drf,tcate_functional_rmse,TCATE-K-grid_skewness,0.16075698696866414,0.008731452479998873,10,0.002761127711832223
S5,D7,125,25,10,drf,tcate_functional_rmse,TCATE-K-grid_upper_tail_mean,0.23260373696854408,0.10281764600318863,10,0.0325137945026984
S5,D7,250,25,10,causal_drf,arm_energy_risk,LAW-A-M-K,0.06714793009446068,0.005271304167304325,20,0.0011786994448170394
S5,D7,250,25,10,causal_drf,barycenter_rmse,MEANQ-A-K,0.3130787118481696,0.015292131238284563,20,0.0034194244969652315
S5,D7,250,25,10,causal_drf,diagnostic_effective_support,NONE_OPERATIONAL,72.2125976334505,1.5962785867629632,10,0.504787611432567
S5,D7,250,25,10,causal_drf,kernel_law_error,LAW-A-K,0.028464662005318043,0.002406671877153347,20,0.0005381481916851906
S5,D7,250,25,10,causal_drf,mean_quantile_rmse,MEANQ-A-K,0.12615230257722373,0.04494492909876977,10,0.014212834522689137
S5,D7,250,25,10,causal_drf,mode_coverage,LAW-A-K,1.0,0.0,20,0.0
S5,D7,250,25,10,causal_drf,peak_ram,NONE_OPERATIONAL,288.50545999999997,0.18168347445184124,10,0.057453359248083
S5,D7,250,25,10,causal_drf,process_peak_ram,NONE_OPERATIONAL,667.77109375,198.63762488536986,10,62.81473236439116
S5,D7,250,25,10,causal_drf,reference_effect_rmse,REF-ATE-K,0.023114494253818223,0.018631299567036932,10,0.005891734240074569
S5,D7,250,25,10,causal_drf,reference_tcate_rmse,REF-TCATE-K,0.034392125103823515,0.014499150643375636,10,0.004585034017096276
S5,D7,250,25,10,causal_drf,runtime,NONE_OPERATIONAL,7.4116,1.0546497259490681,10,0.3335095267671441
S5,D7,250,25,10,causal_drf,tail_calibration,LAW-A-K,0.05916379837240907,0.029520712628437914,20,0.006601032018142367
S5,D7,250,25,10,causal_drf,tate_functional_rmse,TATE-K-grid_mean,0.09698161232665566,0.058324318538987605,10,0.018443768956038494
S5,D7,250,25,10,causal_drf,tate_functional_rmse,TATE-K-grid_sd,0.029853983690645902,0.0186869722738095,10,0.0059093394957653676
S5,D7,250,25,10,causal_drf,tate_functional_rmse,TATE-K-grid_skewness,0.021577269247943464,0.01038916466995858,10,0.0032853423343620607
S5,D7,250,25,10,causal_drf,tate_functional_rmse,TATE-K-grid_upper_tail_mean,0.10263587426171054,0.05738810829670109,10,0.018147713282598146
S5,D7,250,25,10,causal_drf,tcate_functional_rmse,TCATE-K-grid_mean,0.10112599198429573,0.0547271116394513,10,0.01730623225429777
S5,D7,250,25,10,causal_drf,tcate_functional_rmse,TCATE-K-grid_sd,0.033776688038878525,0.0168388452497392,10,0.00532491041562827
S5,D7,250,25,10,causal_drf,tcate_functional_rmse,TCATE-K-grid_skewness,0.08296094868355146,0.011483862952273648,10,0.0036315163266410246
S5,D7,250,25,10,causal_drf,tcate_functional_rmse,TCATE-K-grid_upper_tail_mean,0.10930408659728949,0.05067750384489913,10,0.016025633828182166
S5,D7,250,25,10,cwdb_dr,arm_energy_risk,LAW-A-M-K,0.08906803938993575,0.007398105756511256,20,0.0016542667376291675
S5,D7,250,25,10,cwdb_dr,barycenter_rmse,MEANQ-A-K,0.2517611562114071,0.015357550627027703,20,0.003434052716992846
S5,D7,250,25,10,cwdb_dr,diagnostic_dense_dr_n_levels,NONE_OPERATIONAL,199.0,0.0,10,0.0
S5,D7,250,25,10,cwdb_dr,diagnostic_dr_if_se_reference,NONE_OPERATIONAL,0.04058115422762853,0.0024354420364650514,10,0.0007701543944548415
S5,D7,250,25,10,cwdb_dr,diagnostic_effective_support,NONE_OPERATIONAL,9.999999999999998,0.0,10,0.0
S5,D7,250,25,10,cwdb_dr,diagnostic_ehat_mean,NONE_OPERATIONAL,0.49504054428506317,0.04429870581666587,10,0.01400848077784135
S5,D7,250,25,10,cwdb_dr,diagnostic_n_boosting_steps,NONE_OPERATIONAL,100.0,0.0,10,0.0
S5,D7,250,25,10,cwdb_dr,diagnostic_selected_contrast_shrinkage,NONE_OPERATIONAL,35.0,24.1522945769824,10,7.637626158259733
S5,D7,250,25,10,cwdb_dr,diagnostic_train_risk,NONE_OPERATIONAL,0.05661476447159769,0.007801889718597661,10,0.0024671741564218745
S5,D7,250,25,10,cwdb_dr,kernel_law_error,LAW-A-K,0.020405201917785155,0.0025862825786118707,20,0.0005783103654799586
S5,D7,250,25,10,cwdb_dr,mean_quantile_rmse,MEANQ-A-K,0.12863310771992478,0.07423401033572408,10,0.02347485525093688
S5,D7,250,25,10,cwdb_dr,mode_coverage,LAW-A-K,1.0,0.0,20,0.0
S5,D7,250,25,10,cwdb_dr,peak_ram,NONE_OPERATIONAL,0.0,0.0,10,0.0
S5,D7,250,25,10,cwdb_dr,process_peak_ram,NONE_OPERATIONAL,655.99765625,208.180036138991,10,65.8323077575377
S5,D7,250,25,10,cwdb_dr,reference_effect_rmse,REF-ATE-K,0.019930374094001363,0.013314928449694615,10,0.004210550078320967
S5,D7,250,25,10,cwdb_dr,reference_tcate_rmse,REF-TCATE-K,0.05851394230921464,0.017044929378923525,10,0.005390079939411755
S5,D7,250,25,10,cwdb_dr,runtime,NONE_OPERATIONAL,69.41785501920003,9.321267246965046,10,2.9476435179536775
S5,D7,250,25,10,cwdb_dr,tail_calibration,LAW-A-K,0.06737716875089148,0.03320249233317823,20,0.007424302987940211
S5,D7,250,25,10,cwdb_dr,tate_functional_rmse,TATE-K-grid_mean,0.04815700293479382,0.0381198361451161,10,0.012054550625097974
S5,D7,250,25,10,cwdb_dr,tate_functional_rmse,TATE-K-grid_sd,0.02266277825595156,0.016228980777506962,10,0.005132054336001232
S5,D7,250,25,10,cwdb_dr,tate_functional_rmse,TATE-K-grid_skewness,0.01453087729633552,0.009388795001993158,10,0.0029689976690703496
S5,D7,250,25,10,cwdb_dr,tate_functional_rmse,TATE-K-grid_upper_tail_mean,0.040810342633819593,0.03317362879241522,10,0.010490422523697317
S5,D7,250,25,10,cwdb_dr,tcate_functional_rmse,TCATE-K-grid_mean,0.105874112947133,0.03698816366384471,10,0.011696684364482792
S5,D7,250,25,10,cwdb_dr,tcate_functional_rmse,TCATE-K-grid_sd,0.05866659462433129,0.027155633586201953,10,0.008587365343736456
S5,D7,250,25,10,cwdb_dr,tcate_functional_rmse,TCATE-K-grid_skewness,0.029234166988090664,0.009291223145603144,10,0.0029381427388980195
S5,D7,250,25,10,cwdb_dr,tcate_functional_rmse,TCATE-K-grid_upper_tail_mean,0.10897495054229737,0.03282792009286842,10,0.010381099833947046
S5,D7,250,25,10,drf,arm_energy_risk,LAW-A-M-K,0.09645920675242813,0.018867994151448235,20,0.004219011752170671
S5,D7,250,25,10,drf,barycenter_rmse,MEANQ-A-K,0.3860920009848284,0.04508388217115396,20,0.010081062522429105
S5,D7,250,25,10,drf,diagnostic_effective_support,NONE_OPERATIONAL,111.05408034741626,1.5753858328141783,10,0.49818074252540334
S5,D7,250,25,10,drf,kernel_law_error,LAW-A-K,0.04315652100257773,0.00968096001302994,20,0.0021647284676592194
S5,D7,250,25,10,drf,mean_quantile_rmse,MEANQ-A-K,0.15431867834062438,0.04853268071782941,10,0.015347381202207659
S5,D7,250,25,10,drf,mode_coverage,LAW-A-K,1.0,0.0,20,0.0
S5,D7,250,25,10,drf,peak_ram,NONE_OPERATIONAL,310.14,9.0412880105043,10,2.8591063094765956
S5,D7,250,25,10,drf,process_peak_ram,NONE_OPERATIONAL,667.794140625,198.61911452968263,10,62.80887887596401
S5,D7,250,25,10,drf,reference_effect_rmse,REF-ATE-K,0.024222554766251646,0.017017444249028964,10,0.005381388378186515
S5,D7,250,25,10,drf,reference_tcate_rmse,REF-TCATE-K,0.03170323737472176,0.014583994702335769,10,0.004611864064321039
S5,D7,250,25,10,drf,runtime,NONE_OPERATIONAL,8.3901,1.092543357898847,10,0.345492545344887
S5,D7,250,25,10,drf,tail_calibration,LAW-A-K,0.06785650188637606,0.034795298453003234,20,0.00778046526383085
S5,D7,250,25,10,drf,tate_functional_rmse,TATE-K-grid_mean,0.09640381416623642,0.05772087082900274,10,0.018252942034802003
S5,D7,250,25,10,drf,tate_functional_rmse,TATE-K-grid_sd,0.025270704214992244,0.014807827528609971,10,0.004682646218934965
S5,D7,250,25,10,drf,tate_functional_rmse,TATE-K-grid_skewness,0.020796665383553993,0.014570343874471895,10,0.004607547293521366
S5,D7,250,25,10,drf,tate_functional_rmse,TATE-K-grid_upper_tail_mean,0.10291239795736447,0.0556780614009591,10,0.01760694897297363
S5,D7,250,25,10,drf,tcate_functional_rmse,TCATE-K-grid_mean,0.14154067459707279,0.05123142365689621,10,0.01620079865288247
S5,D7,250,25,10,drf,tcate_functional_rmse,TCATE-K-grid_sd,0.02628042761511639,0.01497962363806024,10,0.004736972918836808
S5,D7,250,25,10,drf,tcate_functional_rmse,TCATE-K-grid_skewness,0.12048951177349052,0.020849612954989497,10,0.006593226527072052
S5,D7,250,25,10,drf,tcate_functional_rmse,TCATE-K-grid_upper_tail_mean,0.143566194451467,0.046761181675556485,10,0.014787184017568724
S5,D7,500,25,10,causal_drf,arm_energy_risk,LAW-A-M-K,0.04705937258194525,0.00442191052507892,20,0.0009887692524498254
S5,D7,500,25,10,causal_drf,barycenter_rmse,MEANQ-A-K,0.25272538482510626,0.017416151889636466,20,0.003894369953168855
S5,D7,500,25,10,causal_drf,diagnostic_effective_support,NONE_OPERATIONAL,96.663747273897,2.339000915590573,10,0.7396570342485455
S5,D7,500,25,10,causal_drf,kernel_law_error,LAW-A-K,0.018947624735088136,0.0024248612840521286,20,0.0005422154667147986
S5,D7,500,25,10,causal_drf,mean_quantile_rmse,MEANQ-A-K,0.10300176845067566,0.034957878894098744,10,0.011054651947368014
S5,D7,500,25,10,causal_drf,mode_coverage,LAW-A-K,1.0,0.0,20,0.0
S5,D7,500,25,10,causal_drf,peak_ram,NONE_OPERATIONAL,317.99375,0.4496433358167893,10,0.14218970758970212
S5,D7,500,25,10,causal_drf,process_peak_ram,NONE_OPERATIONAL,889.0078125,113.62366652956482,10,35.93095823328644
S5,D7,500,25,10,causal_drf,reference_effect_rmse,REF-ATE-K,0.021453296101443375,0.023049186217231954,10,0.007288792665981351
S5,D7,500,25,10,causal_drf,reference_tcate_rmse,REF-TCATE-K,0.03474670627773753,0.017983605793446687,10,0.0056869154849891095
S5,D7,500,25,10,causal_drf,runtime,NONE_OPERATIONAL,13.715,4.132294224224063,10,1.3067461710506578
S5,D7,500,25,10,causal_drf,tail_calibration,LAW-A-K,0.04783679924358505,0.02288931930047288,20,0.005118207391455529
S5,D7,500,25,10,causal_drf,tate_functional_rmse,TATE-K-grid_mean,0.06719619612728893,0.041448634963694636,10,0.013107209239016555
S5,D7,500,25,10,causal_drf,tate_functional_rmse,TATE-K-grid_sd,0.01656811909381511,0.01379803446914804,10,0.004363321615602011
S5,D7,500,25,10,causal_drf,tate_functional_rmse,TATE-K-grid_skewness,0.0233012431769004,0.011209177632216417,10,0.0035446532015217065
S5,D7,500,25,10,causal_drf,tate_functional_rmse,TATE-K-grid_upper_tail_mean,0.07105177772509856,0.042785210552374886,10,0.01352987155153755
S5,D7,500,25,10,causal_drf,tcate_functional_rmse,TCATE-K-grid_mean,0.0804192291151488,0.04327103546253551,10,0.013683502877552975
S5,D7,500,25,10,causal_drf,tcate_functional_rmse,TCATE-K-grid_sd,0.021365592558251194,0.01238034186371638,10,0.0039150078500877665
S5,D7,500,25,10,causal_drf,tcate_functional_rmse,TCATE-K-grid_skewness,0.06452732100397371,0.007016139210629113,10,0.002218698028640385
S5,D7,500,25,10,causal_drf,tcate_functional_rmse,TCATE-K-grid_upper_tail_mean,0.0841722192347855,0.04180526088879214,10,0.013219984258613827
S5,D7,500,25,10,cwdb_dr,arm_energy_risk,LAW-A-M-K,0.0658441120703991,0.0037885824989242287,20,0.0008471528005960599
S5,D7,500,25,10,cwdb_dr,barycenter_rmse,MEANQ-A-K,0.20937289137827725,0.009251622191751767,20,0.0020687256122902545
S5,D7,500,25,10,cwdb_dr,diagnostic_dense_dr_n_levels,NONE_OPERATIONAL,199.0,0.0,10,0.0
S5,D7,500,25,10,cwdb_dr,diagnostic_dr_if_se_reference,NONE_OPERATIONAL,0.02760202783318873,0.0013717029469904854,10,0.00043377055856551425
S5,D7,500,25,10,cwdb_dr,diagnostic_effective_support,NONE_OPERATIONAL,9.999999999999998,0.0,10,0.0
S5,D7,500,25,10,cwdb_dr,diagnostic_ehat_mean,NONE_OPERATIONAL,0.5003375875173358,0.027278173023696558,10,0.008626115716304335
S5,D7,500,25,10,cwdb_dr,diagnostic_n_boosting_steps,NONE_OPERATIONAL,100.0,0.0,10,0.0
S5,D7,500,25,10,cwdb_dr,diagnostic_selected_contrast_shrinkage,NONE_OPERATIONAL,140.0,189.73665961010275,10,59.99999999999999
S5,D7,500,25,10,cwdb_dr,diagnostic_train_risk,NONE_OPERATIONAL,0.10387011024898915,0.00581967115303828,10,0.0018403416076779307
S5,D7,500,25,10,cwdb_dr,kernel_law_error,LAW-A-K,0.014118872207327698,0.0014607300769442569,20,0.0003266291748825857
S5,D7,500,25,10,cwdb_dr,mean_quantile_rmse,MEANQ-A-K,0.07750953241286304,0.011669818210108833,10,0.0036903205424053303
S5,D7,500,25,10,cwdb_dr,mode_coverage,LAW-A-K,1.0,0.0,20,0.0
S5,D7,500,25,10,cwdb_dr,peak_ram,NONE_OPERATIONAL,0.0,0.0,10,0.0
S5,D7,500,25,10,cwdb_dr,process_peak_ram,NONE_OPERATIONAL,879.523046875,142.36913983099228,10,45.02107503849351
S5,D7,500,25,10,cwdb_dr,reference_effect_rmse,REF-ATE-K,0.025977240033997883,0.017385269968941266,10,0.005497705083877918
S5,D7,500,25,10,cwdb_dr,reference_tcate_rmse,REF-TCATE-K,0.0575153911497278,0.015424154601828631,10,0.004877545952434598
S5,D7,500,25,10,cwdb_dr,runtime,NONE_OPERATIONAL,124.25497253560002,37.0493877244652,10,11.716045112399287
S5,D7,500,25,10,cwdb_dr,tail_calibration,LAW-A-K,0.05795293386528183,0.026682639449458832,20,0.005966419562810751
S5,D7,500,25,10,cwdb_dr,tate_functional_rmse,TATE-K-grid_mean,0.03338422635145381,0.02753628508191937,10,0.008707737915858143
S5,D7,500,25,10,cwdb_dr,tate_functional_rmse,TATE-K-grid_sd,0.02187343720854475,0.01573818671094432,10,0.004976851624757808
S5,D7,500,25,10,cwdb_dr,tate_functional_rmse,TATE-K-grid_skewness,0.009868781101792467,0.005774609183460205,10,0.0018260917617059372
S5,D7,500,25,10,cwdb_dr,tate_functional_rmse,TATE-K-grid_upper_tail_mean,0.0356693756761705,0.027038561236838392,10,0.008550343816234875
S5,D7,500,25,10,cwdb_dr,tcate_functional_rmse,TCATE-K-grid_mean,0.09420579227969865,0.03266986919702863,10,0.010331119752238669
S5,D7,500,25,10,cwdb_dr,tcate_functional_rmse,TCATE-K-grid_sd,0.047762593337085366,0.019824139048270847,10,0.006268943204441853
S5,D7,500,25,10,cwdb_dr,tcate_functional_rmse,TCATE-K-grid_skewness,0.021938059036943933,0.00690177120905765,10,0.002182531690999631
S5,D7,500,25,10,cwdb_dr,tcate_functional_rmse,TCATE-K-grid_upper_tail_mean,0.10471377442005776,0.03479401956093509,10,0.011002835076500664
S5,D7,500,25,10,drf,arm_energy_risk,LAW-A-M-K,0.049371687842929265,0.004936593524856854,20,0.0011038558698865221
S5,D7,500,25,10,drf,barycenter_rmse,MEANQ-A-K,0.2575206213106612,0.018602323050466187,20,0.004159605888025364
S5,D7,500,25,10,drf,diagnostic_effective_support,NONE_OPERATIONAL,147.94634642339673,3.582354152871456,10,1.1328398508436823
S5,D7,500,25,10,drf,kernel_law_error,LAW-A-K,0.019794456095875525,0.0026902967398542373,20,0.0006015686389960142
S5,D7,500,25,10,drf,mean_quantile_rmse,MEANQ-A-K,0.09128769477288892,0.03760573705723968,10,0.01189197821902752
S5,D7,500,25,10,drf,mode_coverage,LAW-A-K,1.0,0.0,20,0.0
S5,D7,500,25,10,drf,peak_ram,NONE_OPERATIONAL,389.95,3.456153931757082,10,1.092931836849853
S5,D7,500,25,10,drf,process_peak_ram,NONE_OPERATIONAL,889.018359375,113.59206132461787,10,35.92096378993156
S5,D7,500,25,10,drf,reference_effect_rmse,REF-ATE-K,0.01994477962718356,0.021014135787992782,10,0.006645253215011441
S5,D7,500,25,10,drf,reference_tcate_rmse,REF-TCATE-K,0.03539027371197701,0.017886923693628393,10,0.005656341920549754
S5,D7,500,25,10,drf,runtime,NONE_OPERATIONAL,13.4939,3.2272618063408904,10,1.0205497913706447
S5,D7,500,25,10,drf,tail_calibration,LAW-A-K,0.04967127043081493,0.021540973735156798,20,0.004816708157334815
S5,D7,500,25,10,drf,tate_functional_rmse,TATE-K-grid_mean,0.033439042302817225,0.03288106340741923,10,0.01039790522558618
S5,D7,500,25,10,drf,tate_functional_rmse,TATE-K-grid_sd,0.015651376456407608,0.012070860897231934,10,0.003817141375431658
S5,D7,500,25,10,drf,tate_functional_rmse,TATE-K-grid_skewness,0.01906025925986008,0.008627529952733868,10,0.002728264523196386
S5,D7,500,25,10,drf,tate_functional_rmse,TATE-K-grid_upper_tail_mean,0.03908813781639577,0.03606669243148378,10,0.011405289575224511
S5,D7,500,25,10,drf,tcate_functional_rmse,TCATE-K-grid_mean,0.07068663574039434,0.04656737121593018,10,0.014725895768890402
S5,D7,500,25,10,drf,tcate_functional_rmse,TCATE-K-grid_sd,0.019390851477116562,0.010911184113726399,10,0.0034504193768821107
S5,D7,500,25,10,drf,tcate_functional_rmse,TCATE-K-grid_skewness,0.06759102839263079,0.007562915049035137,10,0.0023916037305315055
S5,D7,500,25,10,drf,tcate_functional_rmse,TCATE-K-grid_upper_tail_mean,0.07484770309807479,0.048029765924239486,10,0.0151883455805339
S5,D7,1000,25,10,causal_drf,arm_energy_risk,LAW-A-M-K,0.033705527433948376,0.0021227834466592322,20,0.00047466880882413416
S5,D7,1000,25,10,causal_drf,barycenter_rmse,MEANQ-A-K,0.2067028239015311,0.006295678603638828,20,0.0014077565322227373
S5,D7,1000,25,10,causal_drf,diagnostic_effective_support,NONE_OPERATIONAL,122.15576849053657,2.217117209696921,10,0.7011140222199426
S5,D7,1000,25,10,causal_drf,kernel_law_error,LAW-A-K,0.01286873202331976,0.001041154478023245,20,0.00023280921879382865
S5,D7,1000,25,10,causal_drf,mean_quantile_rmse,MEANQ-A-K,0.07215230302414141,0.010732386986100573,10,0.0033938787606427683
S5,D7,1000,25,10,causal_drf,mode_coverage,LAW-A-K,1.0,0.0,20,0.0
S5,D7,1000,25,10,causal_drf,peak_ram,NONE_OPERATIONAL,390.76601,1.0426945482738486,10,0.32972896763857507
S5,D7,1000,25,10,causal_drf,process_peak_ram,NONE_OPERATIONAL,866.19609375,99.1904755685854,10,31.366782499201502
S5,D7,1000,25,10,causal_drf,reference_effect_rmse,REF-ATE-K,0.013269429085301265,0.013418633699542524,10,0.004243344557804589
S5,D7,1000,25,10,causal_drf,reference_tcate_rmse,REF-TCATE-K,0.023856047150585806,0.010536927514987712,10,0.0033320690487459157
S5,D7,1000,25,10,causal_drf,runtime,NONE_OPERATIONAL,28.9769,6.562102380758436,10,2.0751189762410136
S5,D7,1000,25,10,causal_drf,tail_calibration,LAW-A-K,0.03871940360469982,0.016552687074606286,20,0.0037012933509101785
S5,D7,1000,25,10,causal_drf,tate_functional_rmse,TATE-K-grid_mean,0.027369842389649245,0.022715892723095252,10,0.0071833960089025565
S5,D7,1000,25,10,causal_drf,tate_functional_rmse,TATE-K-grid_sd,0.011803095520651518,0.008874652170864313,10,0.0028064114301689026
S5,D7,1000,25,10,causal_drf,tate_functional_rmse,TATE-K-grid_skewness,0.013152386729901799,0.009806361423280195,10,0.0031010437656375954
S5,D7,1000,25,10,causal_drf,tate_functional_rmse,TATE-K-grid_upper_tail_mean,0.031442520322371895,0.024190523928040414,10,0.007649715340541083
S5,D7,1000,25,10,causal_drf,tcate_functional_rmse,TCATE-K-grid_mean,0.04257005716210618,0.018576807068742953,10,0.005874502199074387
S5,D7,1000,25,10,causal_drf,tcate_functional_rmse,TCATE-K-grid_sd,0.017859067548770848,0.008972491754111888,10,0.002837351023007302
S5,D7,1000,25,10,causal_drf,tcate_functional_rmse,TCATE-K-grid_skewness,0.0385592221945137,0.003993277822907367,10,0.0012627853250225787
S5,D7,1000,25,10,causal_drf,tcate_functional_rmse,TCATE-K-grid_upper_tail_mean,0.045930376650611136,0.020291487373218484,10,0.006416731721191756
S5,D7,1000,25,10,cwdb_dr,arm_energy_risk,LAW-A-M-K,0.04404156708796522,0.0034308869020321132,20,0.0007671696336057466
S5,D7,1000,25,10,cwdb_dr,barycenter_rmse,MEANQ-A-K,0.16954191428920362,0.007190597544384649,20,0.0016078664908087137
S5,D7,1000,25,10,cwdb_dr,diagnostic_dense_dr_n_levels,NONE_OPERATIONAL,199.0,0.0,10,0.0
S5,D7,1000,25,10,cwdb_dr,diagnostic_dr_if_se_reference,NONE_OPERATIONAL,0.018228256735159147,0.0006573702974957265,10,0.00020787874062289774
S5,D7,1000,25,10,cwdb_dr,diagnostic_effective_support,NONE_OPERATIONAL,9.999999999999998,0.0,10,0.0
S5,D7,1000,25,10,cwdb_dr,diagnostic_ehat_mean,NONE_OPERATIONAL,0.49320720273415575,0.017379424572383714,10,0.00549585660718304
S5,D7,1000,25,10,cwdb_dr,diagnostic_n_boosting_steps,NONE_OPERATIONAL,100.0,0.0,10,0.0
S5,D7,1000,25,10,cwdb_dr,diagnostic_selected_contrast_shrinkage,NONE_OPERATIONAL,365.0,217.3706511928416,10,68.7386354243376
S5,D7,1000,25,10,cwdb_dr,diagnostic_train_risk,NONE_OPERATIONAL,0.15492579059845762,0.006326660225842172,10,0.002000665629565653
S5,D7,1000,25,10,cwdb_dr,kernel_law_error,LAW-A-K,0.009470507341989436,0.0009236707792393859,20,0.00020653906512094683
S5,D7,1000,25,10,cwdb_dr,mean_quantile_rmse,MEANQ-A-K,0.052987048134356785,0.007263845904519942,10,0.0022970297630768985
S5,D7,1000,25,10,cwdb_dr,mode_coverage,LAW-A-K,1.0,0.0,20,0.0
S5,D7,1000,25,10,cwdb_dr,peak_ram,NONE_OPERATIONAL,0.0,0.0,10,0.0
S5,D7,1000,25,10,cwdb_dr,process_peak_ram,NONE_OPERATIONAL,865.904296875,100.1077421874956,10,31.656847672941293
S5,D7,1000,25,10,cwdb_dr,reference_effect_rmse,REF-ATE-K,0.013226800517837636,0.012828784130441482,10,0.004056817746281772
S5,D7,1000,25,10,cwdb_dr,reference_tcate_rmse,REF-TCATE-K,0.033360369606157445,0.009786836536361766,10,0.003094869454265649
S5,D7,1000,25,10,cwdb_dr,runtime,NONE_OPERATIONAL,238.78418787569998,58.240354895913825,10,18.41721732076264
S5,D7,1000,25,10,cwdb_dr,tail_calibration,LAW-A-K,0.04952564852444805,0.019061171314553718,20,0.004262207479011113
S5,D7,1000,25,10,cwdb_dr,tate_functional_rmse,TATE-K-grid_mean,0.018302815329264446,0.008609577434152318,10,0.002722587438350967
S5,D7,1000,25,10,cwdb_dr,tate_functional_rmse,TATE-K-grid_sd,0.01166065303691017,0.00952056916691514,10,0.003010668318862362
S5,D7,1000,25,10,cwdb_dr,tate_functional_rmse,TATE-K-grid_skewness,0.006072244201042631,0.006207022839073909,10,0.001962832966015833
S5,D7,1000,25,10,cwdb_dr,tate_functional_rmse,TATE-K-grid_upper_tail_mean,0.023698234369683265,0.012664930524689167,10,0.004005002686580914
S5,D7,1000,25,10,cwdb_dr,tcate_functional_rmse,TCATE-K-grid_mean,0.04352666691501511,0.02041764821982964,10,0.006456627283874395
S5,D7,1000,25,10,cwdb_dr,tcate_functional_rmse,TCATE-K-grid_sd,0.03122075518214677,0.009665046463910962,10,0.0030563560517315024
S5,D7,1000,25,10,cwdb_dr,tcate_functional_rmse,TCATE-K-grid_skewness,0.014950899472318166,0.006642615233457863,10,0.002100579375785796
S5,D7,1000,25,10,cwdb_dr,tcate_functional_rmse,TCATE-K-grid_upper_tail_mean,0.0483997721427665,0.014061581608934594,10,0.00444666253885684
S5,D7,1000,25,10,drf,arm_energy_risk,LAW-A-M-K,0.036698916720068746,0.0019770147788461877,20,0.00044207394380217885
S5,D7,1000,25,10,drf,barycenter_rmse,MEANQ-A-K,0.21744283321759136,0.006187520019076686,20,0.0013835715374796265
S5,D7,1000,25,10,drf,diagnostic_effective_support,NONE_OPERATIONAL,199.24383835471312,2.7584030211768327,10,0.8722836251608462
S5,D7,1000,25,10,drf,kernel_law_error,LAW-A-K,0.014246285446589412,0.0009279850167606936,20,0.00020750375795781925
S5,D7,1000,25,10,drf,mean_quantile_rmse,MEANQ-A-K,0.06618799878772971,0.009647963290951285,10,0.0030509538781099844
S5,D7,1000,25,10,drf,mode_coverage,LAW-A-K,1.0,0.0,20,0.0
S5,D7,1000,25,10,drf,peak_ram,NONE_OPERATIONAL,498.16,24.541900678001465,10,7.760830425211523
S5,D7,1000,25,10,drf,process_peak_ram,NONE_OPERATIONAL,866.20546875,99.16100683991924,10,31.357463668968045
S5,D7,1000,25,10,drf,reference_effect_rmse,REF-ATE-K,0.013470204401314249,0.013514304368033435,10,0.004273598279574808
S5,D7,1000,25,10,drf,reference_tcate_rmse,REF-TCATE-K,0.023780263071625278,0.011841655008502604,10,0.0037446601092808785
S5,D7,1000,25,10,drf,runtime,NONE_OPERATIONAL,24.1718,5.074937433659213,10,1.6048361273212775
S5,D7,1000,25,10,drf,tail_calibration,LAW-A-K,0.03879952555734372,0.015473807899622855,20,0.0034600486334329943
S5,D7,1000,25,10,drf,tate_functional_rmse,TATE-K-grid_mean,0.019156007968820336,0.012705395093708025,10,0.0040177987068445815
S5,D7,1000,25,10,drf,tate_functional_rmse,TATE-K-grid_sd,0.011600835845430302,0.008058458789469952,10,0.002548308420532835
S5,D7,1000,25,10,drf,tate_functional_rmse,TATE-K-grid_skewness,0.010620705457806634,0.01032337621184569,10,0.0032645381972233297
S5,D7,1000,25,10,drf,tate_functional_rmse,TATE-K-grid_upper_tail_mean,0.02119916356363855,0.01704324049618439,10,0.005389545867796094
S5,D7,1000,25,10,drf,tcate_functional_rmse,TCATE-K-grid_mean,0.03633951395256545,0.018256343371358497,10,0.005773162679961005
S5,D7,1000,25,10,drf,tcate_functional_rmse,TCATE-K-grid_sd,0.016958562690069148,0.007286732940202584,10,0.0023042672792415683
S5,D7,1000,25,10,drf,tcate_functional_rmse,TCATE-K-grid_skewness,0.04846526188140793,0.00467510793214893,10,0.0014783989372710547
S5,D7,1000,25,10,drf,tcate_functional_rmse,TCATE-K-grid_upper_tail_mean,0.039616296762476175,0.0173766859361814,10,0.00549499057437485
S6,D8,125,25,10,causal_drf,arm_energy_risk,LAW-A-M-K,0.3013763975362277,0.04085402229691805,20,0.009135237101020086
S6,D8,125,25,10,causal_drf,barycenter_rmse,MEANQ-A-K,0.8246974428015974,0.07670232672984909,20,0.017151161660034168
S6,D8,125,25,10,causal_drf,diagnostic_effective_support,NONE_OPERATIONAL,49.193926275637004,1.467441310079473,10,0.4640456872472537
S6,D8,125,25,10,causal_drf,kernel_law_error,LAW-A-K,0.1420262648537386,0.02255641791196445,20,0.005043768378004638
S6,D8,125,25,10,causal_drf,mean_quantile_rmse,MEANQ-A-K,0.6728110997297734,0.12391004393358983,10,0.03918379638016735
S6,D8,125,25,10,causal_drf,mode_coverage,LAW-A-K,0.9949999999999999,0.008583950752789553,20,0.0019194297398747932
S6,D8,125,25,10,causal_drf,peak_ram,NONE_OPERATIONAL,270.64218,0.14941569008789174,10,0.047249389884358194
S6,D8,125,25,10,causal_drf,process_peak_ram,NONE_OPERATIONAL,656.5953125,179.44610268429298,10,56.74584017228207
S6,D8,125,25,10,causal_drf,reference_effect_rmse,REF-ATE-K,0.08770034944332125,0.0843454557103362,10,0.026672375032951764
S6,D8,125,25,10,causal_drf,reference_tcate_rmse,REF-TCATE-K,0.10112120381329917,0.08025259982203455,10,0.025378100358765268
S6,D8,125,25,10,causal_drf,runtime,NONE_OPERATIONAL,5.0048,1.2357596673931206,10,0.3907815189534372
S6,D8,125,25,10,causal_drf,tail_calibration,LAW-A-K,0.2653633948631696,0.038784445231172464,20,0.008672465600651918
S6,D8,125,25,10,causal_drf,tate_functional_rmse,TATE-K-grid_mean,0.6616468635691326,0.12468861401793246,10,0.039430001858626565
S6,D8,125,25,10,causal_drf,tate_functional_rmse,TATE-K-grid_sd,0.042443290156916474,0.031873224124899666,10,0.010079198460771006
S6,D8,125,25,10,causal_drf,tate_functional_rmse,TATE-K-grid_skewness,4.917409002579625e-17,3.560588397704997e-17,10,1.1259569147117237e-17
S6,D8,125,25,10,causal_drf,tate_functional_rmse,TATE-K-grid_upper_tail_mean,0.6629942035107547,0.14143379587791846,10,0.044725293309755616
S6,D8,125,25,10,causal_drf,tcate_functional_rmse,TCATE-K-grid_mean,0.6646320231657004,0.12593007406153928,10,0.03982258599481551
S6,D8,125,25,10,causal_drf,tcate_functional_rmse,TCATE-K-grid_sd,0.044835837437394124,0.031169388434249216,10,0.009856626072673695
S6,D8,125,25,10,causal_drf,tcate_functional_rmse,TCATE-K-grid_skewness,5.433095834887851e-17,3.3979020432652794e-17,10,1.0745109722858283e-17
S6,D8,125,25,10,causal_drf,tcate_functional_rmse,TCATE-K-grid_upper_tail_mean,0.6657050461953963,0.14281031124698756,10,0.04516058568980418
S6,D8,125,25,10,cwdb_dr,arm_energy_risk,LAW-A-M-K,0.1474741430089692,0.023510039975617434,20,0.005257004753921808
S6,D8,125,25,10,cwdb_dr,barycenter_rmse,MEANQ-A-K,0.42871386596615385,0.04359284786129764,20,0.009747657115066784
S6,D8,125,25,10,cwdb_dr,diagnostic_dense_dr_n_levels,NONE_OPERATIONAL,199.0,0.0,10,0.0
S6,D8,125,25,10,cwdb_dr,diagnostic_dr_if_se_reference,NONE_OPERATIONAL,0.13068930658811984,0.07218908970357954,10,0.022828194567752074
S6,D8,125,25,10,cwdb_dr,diagnostic_effective_support,NONE_OPERATIONAL,9.999999999999998,0.0,10,0.0
S6,D8,125,25,10,cwdb_dr,diagnostic_ehat_mean,NONE_OPERATIONAL,0.5006621622627674,0.022802420788656703,10,0.0072107585857728125
S6,D8,125,25,10,cwdb_dr,diagnostic_n_boosting_steps,NONE_OPERATIONAL,100.0,0.0,10,0.0
S6,D8,125,25,10,cwdb_dr,diagnostic_selected_contrast_shrinkage,NONE_OPERATIONAL,180.0,221.35943621178654,10,70.0
S6,D8,125,25,10,cwdb_dr,diagnostic_train_risk,NONE_OPERATIONAL,0.09592257397709805,0.018096287801315447,10,0.0057225486646077395
S6,D8,125,25,10,cwdb_dr,kernel_law_error,LAW-A-K,0.04551603717015084,0.011010752003205617,20,0.002462078996255974
S6,D8,125,25,10,cwdb_dr,mean_quantile_rmse,MEANQ-A-K,0.14113743394857906,0.10295626994125139,10,0.032557631240948445
S6,D8,125,25,10,cwdb_dr,mode_coverage,LAW-A-K,0.9962500000000001,0.007411761634477713,20,0.0016573202847717113
S6,D8,125,25,10,cwdb_dr,peak_ram,NONE_OPERATIONAL,0.0,0.0,10,0.0
S6,D8,125,25,10,cwdb_dr,process_peak_ram,NONE_OPERATIONAL,656.215625,179.75093097283565,10,56.842235340986655
S6,D8,125,25,10,cwdb_dr,reference_effect_rmse,REF-ATE-K,0.10088685225739442,0.11240639640410316,10,0.03554602362087266
S6,D8,125,25,10,cwdb_dr,reference_tcate_rmse,REF-TCATE-K,0.2757536299976318,0.14114523909684934,10,0.04463404364350912
S6,D8,125,25,10,cwdb_dr,runtime,NONE_OPERATIONAL,37.496076895299915,4.95993575919768,10,1.5684694047181111
S6,D8,125,25,10,cwdb_dr,tail_calibration,LAW-A-K,0.13708265611947273,0.019693161514175474,20,0.004403524783757905
S6,D8,125,25,10,cwdb_dr,tate_functional_rmse,TATE-K-grid_mean,0.1606065671716096,0.1509794601429049,10,0.04774389739541903
S6,D8,125,25,10,cwdb_dr,tate_functional_rmse,TATE-K-grid_sd,0.06560770798434107,0.05392721278315666,10,0.017053282025932294
S6,D8,125,25,10,cwdb_dr,tate_functional_rmse,TATE-K-grid_skewness,0.00017402815124320577,0.0005124074802858169,10,0.00016203747278110078
S6,D8,125,25,10,cwdb_dr,tate_functional_rmse,TATE-K-grid_upper_tail_mean,0.15926548719935843,0.1668240843614972,10,0.05275440751544077
S6,D8,125,25,10,cwdb_dr,tcate_functional_rmse,TCATE-K-grid_mean,0.320114373011129,0.23576511613421552,10,0.07455547597982333
S6,D8,125,25,10,cwdb_dr,tcate_functional_rmse,TCATE-K-grid_sd,0.1432352447563,0.07823926053696581,10,0.024741426574414044
S6,D8,125,25,10,cwdb_dr,tcate_functional_rmse,TCATE-K-grid_skewness,0.00036303271552326824,0.001045199213181863,10,0.0003305210122270572
S6,D8,125,25,10,cwdb_dr,tcate_functional_rmse,TCATE-K-grid_upper_tail_mean,0.3442224950202521,0.22826774719366022,10,0.0721845997487475
S6,D8,125,25,10,drf,arm_energy_risk,LAW-A-M-K,0.4196818081566375,0.04094790664012454,20,0.00915623027836335
S6,D8,125,25,10,drf,barycenter_rmse,MEANQ-A-K,1.0111153686176393,0.04632314401368888,20,0.010358169894612078
S6,D8,125,25,10,drf,diagnostic_effective_support,NONE_OPERATIONAL,61.08623014387187,0.14572344044480381,10,0.04608179802814803
S6,D8,125,25,10,drf,kernel_law_error,LAW-A-K,0.20501683483311836,0.02183563068723927,20,0.0048825954548247456
S6,D8,125,25,10,drf,mean_quantile_rmse,MEANQ-A-K,0.7493736332365113,0.16052136363094635,10,0.050761312218990655
S6,D8,125,25,10,drf,mode_coverage,LAW-A-K,0.98275,0.02061393243722109,20,0.004609415421321427
S6,D8,125,25,10,drf,peak_ram,NONE_OPERATIONAL,250.11999999999998,4.328664151136396,10,1.3688437943510345
S6,D8,125,25,10,drf,process_peak_ram,NONE_OPERATIONAL,656.60859375,179.43542988833983,10,56.74246513786065
S6,D8,125,25,10,drf,reference_effect_rmse,REF-ATE-K,0.08005994604862646,0.08122509228417579,10,0.025685629477536408
S6,D8,125,25,10,drf,reference_tcate_rmse,REF-TCATE-K,0.10388275301281291,0.06841008317010848,10,0.021633167773909487
S6,D8,125,25,10,drf,runtime,NONE_OPERATIONAL,5.4924,0.5823122873510397,10,0.18414331375317425
S6,D8,125,25,10,drf,tail_calibration,LAW-A-K,0.32374677932265494,0.027690319743515816,20,0.006191743726520591
S6,D8,125,25,10,drf,tate_functional_rmse,TATE-K-grid_mean,0.7435146454930716,0.16190240916851914,10,0.05119803716410482
S6,D8,125,25,10,drf,tate_functional_rmse,TATE-K-grid_sd,0.04213205121559204,0.03213199053687587,10,0.010161027585150433
S6,D8,125,25,10,drf,tate_functional_rmse,TATE-K-grid_skewness,5.113717891284815e-17,3.833105318825122e-17,10,1.2121343318793276e-17
S6,D8,125,25,10,drf,tate_functional_rmse,TATE-K-grid_upper_tail_mean,0.7433720673482871,0.1620762873777824,10,0.05125302228177915
S6,D8,125,25,10,drf,tcate_functional_rmse,TCATE-K-grid_mean,0.7474892797755224,0.16146992103929875,10,0.05106127240917266
S6,D8,125,25,10,drf,tcate_functional_rmse,TCATE-K-grid_sd,0.04227683301821154,0.03196479723846348,10,0.010108156421900497
S6,D8,125,25,10,drf,tcate_functional_rmse,TCATE-K-grid_skewness,5.251389130626016e-17,3.7166955161806627e-17,10,1.1753223200466092e-17
S6,D8,125,25,10,drf,tcate_functional_rmse,TCATE-K-grid_upper_tail_mean,0.7473467662518912,0.16168577593113162,10,0.051129531719400774
S6,D8,250,25,10,causal_drf,arm_energy_risk,LAW-A-M-K,0.21051809269753535,0.03189719820952803,20,0.0071324303488289244
S6,D8,250,25,10,causal_drf,barycenter_rmse,MEANQ-A-K,0.6610784932478118,0.07468936276505073,20,0.01670104923387951
S6,D8,250,25,10,causal_drf,diagnostic_effective_support,NONE_OPERATIONAL,71.38961648594007,2.1506151157941304,10,0.680084213629621
S6,D8,250,25,10,causal_drf,kernel_law_error,LAW-A-K,0.09496699700424857,0.016879546612838674,20,0.0037743813655683597
S6,D8,250,25,10,causal_drf,mean_quantile_rmse,MEANQ-A-K,0.471515471979738,0.1211637910223067,10,0.03831535495711505
S6,D8,250,25,10,causal_drf,mode_coverage,LAW-A-K,0.99975,0.0011180339887498945,20,0.0002499999999999999
S6,D8,250,25,10,causal_drf,peak_ram,NONE_OPERATIONAL,288.59024,0.22500136888471545,10,0.07115168023314403
S6,D8,250,25,10,causal_drf,process_peak_ram,NONE_OPERATIONAL,860.470703125,172.31998426089208,10,54.492363662878574
S6,D8,250,25,10,causal_drf,reference_effect_rmse,REF-ATE-K,0.08857591958372586,0.05370399721309431,10,0.016982695064871302
S6,D8,250,25,10,causal_drf,reference_tcate_rmse,REF-TCATE-K,0.10154274883730693,0.04541784314446643,10,0.014362383074877777
S6,D8,250,25,10,causal_drf,runtime,NONE_OPERATIONAL,7.2854,1.4181821854441383,10,0.4484685843078768
S6,D8,250,25,10,causal_drf,tail_calibration,LAW-A-K,0.2167865873671496,0.031632320602496315,20,0.0070732019153248865
S6,D8,250,25,10,causal_drf,tate_functional_rmse,TATE-K-grid_mean,0.4457251756092563,0.12778756005643174,10,0.04040997464138792
S6,D8,250,25,10,causal_drf,tate_functional_rmse,TATE-K-grid_sd,0.026394144790015662,0.0257839612412016,10,0.008153604462369918
S6,D8,250,25,10,causal_drf,tate_functional_rmse,TATE-K-grid_skewness,4.811106312163797e-17,4.3752017145971795e-17,10,1.383560264080105e-17
S6,D8,250,25,10,causal_drf,tate_functional_rmse,TATE-K-grid_upper_tail_mean,0.45731204383645974,0.14474095522958919,10,0.04577110892339614
S6,D8,250,25,10,causal_drf,tcate_functional_rmse,TCATE-K-grid_mean,0.4542813513118015,0.12738168897377838,10,0.040281626935629616
S6,D8,250,25,10,causal_drf,tcate_functional_rmse,TCATE-K-grid_sd,0.03076238215561671,0.02335936983790593,10,0.007386881339402097
S6,D8,250,25,10,causal_drf,tcate_functional_rmse,TCATE-K-grid_skewness,5.367517504266625e-17,4.0675054523509505e-17,10,1.2862581624582489e-17
S6,D8,250,25,10,causal_drf,tcate_functional_rmse,TCATE-K-grid_upper_tail_mean,0.4653241514712307,0.14383855744354468,10,0.045485745687456745
S6,D8,250,25,10,cwdb_dr,arm_energy_risk,LAW-A-M-K,0.10824068257473654,0.009588115041469865,20,0.002143967700881483
S6,D8,250,25,10,cwdb_dr,barycenter_rmse,MEANQ-A-K,0.3396183273146628,0.019563486929243173,20,0.004374528665071635
S6,D8,250,25,10,cwdb_dr,diagnostic_dense_dr_n_levels,NONE_OPERATIONAL,199.0,0.0,10,0.0
S6,D8,250,25,10,cwdb_dr,diagnostic_dr_if_se_reference,NONE_OPERATIONAL,0.07201877854481564,0.0208689721989772,10,0.006599348457550057
S6,D8,250,25,10,cwdb_dr,diagnostic_effective_support,NONE_OPERATIONAL,9.999999999999998,0.0,10,0.0
S6,D8,250,25,10,cwdb_dr,diagnostic_ehat_mean,NONE_OPERATIONAL,0.4947389197388848,0.025721655141281847,10,0.008133901543583072
S6,D8,250,25,10,cwdb_dr,diagnostic_n_boosting_steps,NONE_OPERATIONAL,100.0,0.0,10,0.0
S6,D8,250,25,10,cwdb_dr,diagnostic_selected_contrast_shrinkage,NONE_OPERATIONAL,230.0,232.379000772445,10,73.48469228349533
S6,D8,250,25,10,cwdb_dr,diagnostic_train_risk,NONE_OPERATIONAL,0.09633242776141039,0.010002577194590252,10,0.0031630926406562452
S6,D8,250,25,10,cwdb_dr,kernel_law_error,LAW-A-K,0.02897906413464908,0.0037113298117181733,20,0.0008298785745923331
S6,D8,250,25,10,cwdb_dr,mean_quantile_rmse,MEANQ-A-K,0.10264494442180923,0.024577478359780126,10,0.007772081076040447
S6,D8,250,25,10,cwdb_dr,mode_coverage,LAW-A-K,1.0,0.0,20,0.0
S6,D8,250,25,10,cwdb_dr,peak_ram,NONE_OPERATIONAL,0.0,0.0,10,0.0
S6,D8,250,25,10,cwdb_dr,process_peak_ram,NONE_OPERATIONAL,860.470703125,172.31998426089208,10,54.492363662878574
S6,D8,250,25,10,cwdb_dr,reference_effect_rmse,REF-ATE-K,0.051936409381520124,0.04390041318752895,10,0.01388252958950841
S6,D8,250,25,10,cwdb_dr,reference_tcate_rmse,REF-TCATE-K,0.1309006746378045,0.060441017173459184,10,0.019113127836548335
S6,D8,250,25,10,cwdb_dr,runtime,NONE_OPERATIONAL,67.30660229099999,10.670068095145085,10,3.3741717969752676
S6,D8,250,25,10,cwdb_dr,tail_calibration,LAW-A-K,0.11688389510851986,0.013678112100735832,20,0.003058518846110777
S6,D8,250,25,10,cwdb_dr,tate_functional_rmse,TATE-K-grid_mean,0.05159345482234264,0.04488435588073741,10,0.014193679589270312
S6,D8,250,25,10,cwdb_dr,tate_functional_rmse,TATE-K-grid_sd,0.04228780275004408,0.04248225079892453,10,0.013434067265510932
S6,D8,250,25,10,cwdb_dr,tate_functional_rmse,TATE-K-grid_skewness,1.3744648661012884e-05,4.3386336411072584e-05,10,1.3719964238928476e-05
S6,D8,250,25,10,cwdb_dr,tate_functional_rmse,TATE-K-grid_upper_tail_mean,0.06863086992267105,0.06057363477337954,10,0.019155065203905662
S6,D8,250,25,10,cwdb_dr,tcate_functional_rmse,TCATE-K-grid_mean,0.15377683502275757,0.06036931234727458,10,0.019090452779551348
S6,D8,250,25,10,cwdb_dr,tcate_functional_rmse,TCATE-K-grid_sd,0.08302460045994733,0.049063976707461134,10,0.015515391746102605
S6,D8,250,25,10,cwdb_dr,tcate_functional_rmse,TCATE-K-grid_skewness,3.4561103385467156e-05,0.00010882025482524027,10,3.4411986080768756e-05
S6,D8,250,25,10,cwdb_dr,tcate_functional_rmse,TCATE-K-grid_upper_tail_mean,0.16789102706991144,0.07682514559156421,10,0.024294244164338674
S6,D8,250,25,10,drf,arm_energy_risk,LAW-A-M-K,0.2512869349264833,0.05415468675463557,20,0.01210935608835726
S6,D8,250,25,10,drf,barycenter_rmse,MEANQ-A-K,0.7367126739264411,0.10127850408785656,20,0.02264656197999376
S6,D8,250,25,10,drf,diagnostic_effective_support,NONE_OPERATIONAL,104.2535067320438,2.896833313303275,10,0.9160591271890494
S6,D8,250,25,10,drf,kernel_law_error,LAW-A-K,0.11651861479051004,0.0290471833020753,20,0.006495147641833718
S6,D8,250,25,10,drf,mean_quantile_rmse,MEANQ-A-K,0.45617191013889363,0.09439904343137068,10,0.029851598618428808
S6,D8,250,25,10,drf,mode_coverage,LAW-A-K,0.999,0.0026157418189029745,20,0.0005848976518655995
S6,D8,250,25,10,drf,peak_ram,NONE_OPERATIONAL,310.97999999999996,13.576188304855256,10,4.2931676986683
S6,D8,250,25,10,drf,process_peak_ram,NONE_OPERATIONAL,860.470703125,172.31998426089208,10,54.492363662878574
S6,D8,250,25,10,drf,reference_effect_rmse,REF-ATE-K,0.09283132114984172,0.05910245340128883,10,0.01868983680520383
S6,D8,250,25,10,drf,reference_tcate_rmse,REF-TCATE-K,0.10722666492482502,0.051324508506993424,10,0.016230234667078725
S6,D8,250,25,10,drf,runtime,NONE_OPERATIONAL,8.410300000000001,1.3448534038242899,10,0.42527998751149554
S6,D8,250,25,10,drf,tail_calibration,LAW-A-K,0.24225899956249655,0.036409692397987414,20,0.008141454724175719
S6,D8,250,25,10,drf,tate_functional_rmse,TATE-K-grid_mean,0.39315390712088116,0.09961891163324156,10,0.03150226587880876
S6,D8,250,25,10,drf,tate_functional_rmse,TATE-K-grid_sd,0.026456365461419717,0.02278412983058624,10,0.007204974476963882
S6,D8,250,25,10,drf,tate_functional_rmse,TATE-K-grid_skewness,4.634354546226853e-17,3.718690803720132e-17,10,1.1759532853677767e-17
S6,D8,250,25,10,drf,tate_functional_rmse,TATE-K-grid_upper_tail_mean,0.4046597309217305,0.11426799088747347,10,0.036134711485578126
S6,D8,250,25,10,drf,tcate_functional_rmse,TCATE-K-grid_mean,0.4515979822359416,0.09587497389078901,10,0.030318328810406872
S6,D8,250,25,10,drf,tcate_functional_rmse,TCATE-K-grid_sd,0.02963473274726831,0.022123319834919608,10,0.006996008008272627
S6,D8,250,25,10,drf,tcate_functional_rmse,TCATE-K-grid_skewness,5.0437665082722914e-17,3.588519296502075e-17,10,1.134789440441166e-17
S6,D8,250,25,10,drf,tcate_functional_rmse,TCATE-K-grid_upper_tail_mean,0.4611936760369238,0.10702377818699425,10,0.03384389028675478
S6,D8,500,25,10,causal_drf,arm_energy_risk,LAW-A-M-K,0.13797359805571502,0.012835724471402039,20,0.0028701552458512514
S6,D8,500,25,10,causal_drf,barycenter_rmse,MEANQ-A-K,0.49453145445601193,0.028756815251938683,20,0.0064302193719737635
S6,D8,500,25,10,causal_drf,diagnostic_effective_support,NONE_OPERATIONAL,94.31599214137077,2.7719999474274895,10,0.8765833507737871
S6,D8,500,25,10,causal_drf,kernel_law_error,LAW-A-K,0.05787574819318303,0.006895151615345721,20,0.0015418027727080513
S6,D8,500,25,10,causal_drf,mean_quantile_rmse,MEANQ-A-K,0.2924406403952494,0.058931587617953994,10,0.01863580430025114
S6,D8,500,25,10,causal_drf,mode_coverage,LAW-A-K,1.0,0.0,20,0.0
S6,D8,500,25,10,causal_drf,peak_ram,NONE_OPERATIONAL,318.13163,0.3848101669077464,10,0.12168765942180317
S6,D8,500,25,10,causal_drf,process_peak_ram,NONE_OPERATIONAL,756.2921875,159.95682324319964,10,50.58278887334723
S6,D8,500,25,10,causal_drf,reference_effect_rmse,REF-ATE-K,0.06616891356405884,0.03651440918199905,10,0.011546870043048274
S6,D8,500,25,10,causal_drf,reference_tcate_rmse,REF-TCATE-K,0.08123244248452993,0.03298090300796805,10,0.010429477279427746
S6,D8,500,25,10,causal_drf,runtime,NONE_OPERATIONAL,14.394499999999999,0.6445906970059895,10,0.2038374761094405
S6,D8,500,25,10,causal_drf,tail_calibration,LAW-A-K,0.1608685375610003,0.020258811900612086,20,0.004530008055315033
S6,D8,500,25,10,causal_drf,tate_functional_rmse,TATE-K-grid_mean,0.24604275323754138,0.08065482511310938,10,0.025505295163997337
S6,D8,500,25,10,causal_drf,tate_functional_rmse,TATE-K-grid_sd,0.017727889310162212,0.008240313229731702,10,0.0026058158439170504
S6,D8,500,25,10,causal_drf,tate_functional_rmse,TATE-K-grid_skewness,2.904208912693698e-17,1.5828623676333933e-17,10,5.0054503042883075e-18
S6,D8,500,25,10,causal_drf,tate_functional_rmse,TATE-K-grid_upper_tail_mean,0.2524572263216366,0.0859850135914848,10,0.027190848758962684
S6,D8,500,25,10,causal_drf,tcate_functional_rmse,TCATE-K-grid_mean,0.2657717447120197,0.06588083427727146,10,0.02083334904682707
S6,D8,500,25,10,causal_drf,tcate_functional_rmse,TCATE-K-grid_sd,0.02490406105224833,0.00667938126733475,10,0.0021122058165439837
S6,D8,500,25,10,causal_drf,tcate_functional_rmse,TCATE-K-grid_skewness,4.077071966990287e-17,1.4373524750160476e-17,10,4.545307621530975e-18
S6,D8,500,25,10,causal_drf,tcate_functional_rmse,TCATE-K-grid_upper_tail_mean,0.2716673594854381,0.07346887212152299,10,0.023232897302765957
S6,D8,500,25,10,cwdb_dr,arm_energy_risk,LAW-A-M-K,0.0754969558735907,0.007255532489598938,20,0.001622386385970151
S6,D8,500,25,10,cwdb_dr,barycenter_rmse,MEANQ-A-K,0.2798505679233615,0.020526550998482603,20,0.004589876337622328
S6,D8,500,25,10,cwdb_dr,diagnostic_dense_dr_n_levels,NONE_OPERATIONAL,199.0,0.0,10,0.0
S6,D8,500,25,10,cwdb_dr,diagnostic_dr_if_se_reference,NONE_OPERATIONAL,0.06360596623125139,0.01244403355162493,10,0.003935148930268929
S6,D8,500,25,10,cwdb_dr,diagnostic_effective_support,NONE_OPERATIONAL,9.999999999999998,0.0,10,0.0
S6,D8,500,25,10,cwdb_dr,diagnostic_ehat_mean,NONE_OPERATIONAL,0.4978696474376257,0.017333874800280712,10,0.005481452504508332
S6,D8,500,25,10,cwdb_dr,diagnostic_n_boosting_steps,NONE_OPERATIONAL,100.0,0.0,10,0.0
S6,D8,500,25,10,cwdb_dr,diagnostic_selected_contrast_shrinkage,NONE_OPERATIONAL,405.0,200.6240264773888,10,63.4428877022476
S6,D8,500,25,10,cwdb_dr,diagnostic_train_risk,NONE_OPERATIONAL,0.1365071093005708,0.010839722167276295,10,0.0034278211252009795
S6,D8,500,25,10,cwdb_dr,kernel_law_error,LAW-A-K,0.01838777311144051,0.002445248224967418,20,0.0005467741252887845
S6,D8,500,25,10,cwdb_dr,mean_quantile_rmse,MEANQ-A-K,0.09089529109946463,0.04255466286203922,10,0.01345696597046236
S6,D8,500,25,10,cwdb_dr,mode_coverage,LAW-A-K,1.0,0.0,20,0.0
S6,D8,500,25,10,cwdb_dr,peak_ram,NONE_OPERATIONAL,0.0,0.0,10,0.0
S6,D8,500,25,10,cwdb_dr,process_peak_ram,NONE_OPERATIONAL,716.812109375,201.1553036379467,10,63.61089229186659
S6,D8,500,25,10,cwdb_dr,reference_effect_rmse,REF-ATE-K,0.05010612122348015,0.039433320430896944,10,0.012469910826488673
S6,D8,500,25,10,cwdb_dr,reference_tcate_rmse,REF-TCATE-K,0.12500344172822678,0.04655082237613772,10,0.01472066256625266
S6,D8,500,25,10,cwdb_dr,runtime,NONE_OPERATIONAL,129.63963963370003,8.913850646870756,10,2.8188070766676847
S6,D8,500,25,10,cwdb_dr,tail_calibration,LAW-A-K,0.10025061508390978,0.01256128195676609,20,0.002808788033987055
S6,D8,500,25,10,cwdb_dr,tate_functional_rmse,TATE-K-grid_mean,0.06736792408726155,0.049711475944813864,10,0.015720148983428266
S6,D8,500,25,10,cwdb_dr,tate_functional_rmse,TATE-K-grid_sd,0.04054450510683605,0.03090814230230635,10,0.009774012791988862
S6,D8,500,25,10,cwdb_dr,tate_functional_rmse,TATE-K-grid_skewness,2.800299503627862e-09,8.855308515696404e-09,10,2.8002944293085545e-09
S6,D8,500,25,10,cwdb_dr,tate_functional_rmse,TATE-K-grid_upper_tail_mean,0.06004351288044518,0.04923491163463152,10,0.015569446116255947
S6,D8,500,25,10,cwdb_dr,tcate_functional_rmse,TCATE-K-grid_mean,0.1583489629392152,0.04147494925731072,10,0.013115530549301079
S6,D8,500,25,10,cwdb_dr,tcate_functional_rmse,TCATE-K-grid_sd,0.07050380588478895,0.03813198853773512,10,0.012058393549067646
S6,D8,500,25,10,cwdb_dr,tcate_functional_rmse,TCATE-K-grid_skewness,4.720929634877117e-09,1.492882181603814e-08,10,4.720907972149174e-09
S6,D8,500,25,10,cwdb_dr,tcate_functional_rmse,TCATE-K-grid_upper_tail_mean,0.14180539158920616,0.04871858125008,10,0.015406168112222606
S6,D8,500,25,10,drf,arm_energy_risk,LAW-A-M-K,0.13324762866987788,0.012439636901275992,20,0.0027815873726667957
S6,D8,500,25,10,drf,barycenter_rmse,MEANQ-A-K,0.4760638843522858,0.029247588055796237,20,0.006539959507067129
S6,D8,500,25,10,drf,diagnostic_effective_support,NONE_OPERATIONAL,130.35381523952387,1.7615884622241644,10,0.5570631840501844
S6,D8,500,25,10,drf,kernel_law_error,LAW-A-K,0.0550832997296352,0.007106031234931668,20,0.0015889568891543989
S6,D8,500,25,10,drf,mean_quantile_rmse,MEANQ-A-K,0.2062272314162965,0.03972126490873528,10,0.012560966865452374
S6,D8,500,25,10,drf,mode_coverage,LAW-A-K,1.0,0.0,20,0.0
S6,D8,500,25,10,drf,peak_ram,NONE_OPERATIONAL,387.09000000000003,4.017033178299068,10,1.2702974279890322
S6,D8,500,25,10,drf,process_peak_ram,NONE_OPERATIONAL,756.305859375,159.94310474818874,10,50.57845070431683
S6,D8,500,25,10,drf,reference_effect_rmse,REF-ATE-K,0.08879373081666979,0.04407170091371656,10,0.013936695524506822
S6,D8,500,25,10,drf,reference_tcate_rmse,REF-TCATE-K,0.1008714010756663,0.0401350896161643,10,0.012691829728205225
S6,D8,500,25,10,drf,runtime,NONE_OPERATIONAL,13.8876,0.4387994226675024,10,0.13876056115962251
S6,D8,500,25,10,drf,tail_calibration,LAW-A-K,0.1481174600680037,0.014507779323509313,20,0.0032440380769932736
S6,D8,500,25,10,drf,tate_functional_rmse,TATE-K-grid_mean,0.10881070464688461,0.06665769031480837,10,0.021079012496094063
S6,D8,500,25,10,drf,tate_functional_rmse,TATE-K-grid_sd,0.017090046661190853,0.009762902860096033,10,0.003087300961287566
S6,D8,500,25,10,drf,tate_functional_rmse,TATE-K-grid_skewness,2.5003755409329728e-17,1.2982599486534198e-17,10,4.105458432718056e-18
S6,D8,500,25,10,drf,tate_functional_rmse,TATE-K-grid_upper_tail_mean,0.11641619203471198,0.07246142036743959,10,0.02291431308520242
S6,D8,500,25,10,drf,tcate_functional_rmse,TCATE-K-grid_mean,0.1763085181321366,0.03871942984849583,10,0.012244158802435508
S6,D8,500,25,10,drf,tcate_functional_rmse,TCATE-K-grid_sd,0.021873500784924192,0.008916844478120531,10,0.0028197538092356324
S6,D8,500,25,10,drf,tcate_functional_rmse,TCATE-K-grid_skewness,3.753694999155911e-17,1.4781167592230085e-17,10,4.6742156068114025e-18
S6,D8,500,25,10,drf,tcate_functional_rmse,TCATE-K-grid_upper_tail_mean,0.17905658553288487,0.04294819964776456,10,0.01358141322905773
S6,D8,1000,25,10,causal_drf,arm_energy_risk,LAW-A-M-K,0.10429478046075177,0.005706616754834865,20,0.001276038298535001
S6,D8,1000,25,10,causal_drf,barycenter_rmse,MEANQ-A-K,0.4105459208090986,0.01501231823307918,20,0.0033568564069024576
S6,D8,1000,25,10,causal_drf,diagnostic_effective_support,NONE_OPERATIONAL,124.31571733740296,3.449739737800145,10,1.090903490624052
S6,D8,1000,25,10,causal_drf,kernel_law_error,LAW-A-K,0.04158308678532096,0.002998350739953215,20,0.0006704516074922183
S6,D8,1000,25,10,causal_drf,mean_quantile_rmse,MEANQ-A-K,0.20942943121526394,0.02534813941969003,10,0.008015785501371924
S6,D8,1000,25,10,causal_drf,mode_coverage,LAW-A-K,1.0,0.0,20,0.0
S6,D8,1000,25,10,causal_drf,peak_ram,NONE_OPERATIONAL,384.52736,6.210339878729142,10,1.9638819060557968
S6,D8,1000,25,10,causal_drf,process_peak_ram,NONE_OPERATIONAL,746.133984375,170.28425600861587,10,53.848609865443905
S6,D8,1000,25,10,causal_drf,reference_effect_rmse,REF-ATE-K,0.03266841383802692,0.02785195124781114,10,0.008807560322305197
S6,D8,1000,25,10,causal_drf,reference_tcate_rmse,REF-TCATE-K,0.058435251181927904,0.024322343112577652,10,0.007691400226785455
S6,D8,1000,25,10,causal_drf,runtime,NONE_OPERATIONAL,29.6133,0.6561509057458603,10,0.20749313509393819
S6,D8,1000,25,10,causal_drf,tail_calibration,LAW-A-K,0.12907451802103365,0.013522780350450098,20,0.0030237856108404847
S6,D8,1000,25,10,causal_drf,tate_functional_rmse,TATE-K-grid_mean,0.12367093578693478,0.03909341660266191,10,0.012362423798225337
S6,D8,1000,25,10,causal_drf,tate_functional_rmse,TATE-K-grid_sd,0.020301838162513193,0.011815353165787823,10,0.003736342736317057
S6,D8,1000,25,10,causal_drf,tate_functional_rmse,TATE-K-grid_skewness,1.6919726000710552e-17,1.1187898156981437e-17,10,3.537924040606138e-18
S6,D8,1000,25,10,causal_drf,tate_functional_rmse,TATE-K-grid_upper_tail_mean,0.13783620068626873,0.04534091098439653,10,0.014338054989764022
S6,D8,1000,25,10,causal_drf,tcate_functional_rmse,TCATE-K-grid_mean,0.157364583179712,0.024123897841519373,10,0.007628646322042089
S6,D8,1000,25,10,causal_drf,tcate_functional_rmse,TCATE-K-grid_sd,0.028284888196378605,0.011497644651326482,10,0.003635874482544419
S6,D8,1000,25,10,causal_drf,tcate_functional_rmse,TCATE-K-grid_skewness,3.276700813779812e-17,1.2720029886470877e-17,10,4.022426634666098e-18
S6,D8,1000,25,10,causal_drf,tcate_functional_rmse,TCATE-K-grid_upper_tail_mean,0.16947115887401626,0.029845208500262538,10,0.009437883610344764
S6,D8,1000,25,10,cwdb_dr,arm_energy_risk,LAW-A-M-K,0.05507008232606112,0.003007786813912685,20,0.0006725615777736273
S6,D8,1000,25,10,cwdb_dr,barycenter_rmse,MEANQ-A-K,0.23180285575978415,0.009866334710365602,20,0.0022061795101143184
S6,D8,1000,25,10,cwdb_dr,diagnostic_dense_dr_n_levels,NONE_OPERATIONAL,199.0,0.0,10,0.0
S6,D8,1000,25,10,cwdb_dr,diagnostic_dr_if_se_reference,NONE_OPERATIONAL,0.04474503475410191,0.009802861090246785,10,0.0030999368631421252
S6,D8,1000,25,10,cwdb_dr,diagnostic_effective_support,NONE_OPERATIONAL,9.999999999999998,0.0,10,0.0
S6,D8,1000,25,10,cwdb_dr,diagnostic_ehat_mean,NONE_OPERATIONAL,0.49347846596896366,0.015475614343206118,10,0.0048938189514902055
S6,D8,1000,25,10,cwdb_dr,diagnostic_n_boosting_steps,NONE_OPERATIONAL,100.0,0.0,10,0.0
S6,D8,1000,25,10,cwdb_dr,diagnostic_selected_contrast_shrinkage,NONE_OPERATIONAL,320.0,232.379000772445,10,73.48469228349533
S6,D8,1000,25,10,cwdb_dr,diagnostic_train_risk,NONE_OPERATIONAL,0.1776687884915674,0.005170818998287221,10,0.0016351565403057914
S6,D8,1000,25,10,cwdb_dr,kernel_law_error,LAW-A-K,0.013058655512508848,0.0011196243496686203,20,0.0002503556155123029
S6,D8,1000,25,10,cwdb_dr,mean_quantile_rmse,MEANQ-A-K,0.06824311971597026,0.010791677071563132,10,0.0034126279319155405
S6,D8,1000,25,10,cwdb_dr,mode_coverage,LAW-A-K,1.0,0.0,20,0.0
S6,D8,1000,25,10,cwdb_dr,peak_ram,NONE_OPERATIONAL,0.0,0.0,10,0.0
S6,D8,1000,25,10,cwdb_dr,process_peak_ram,NONE_OPERATIONAL,739.538671875,175.93245542875053,10,55.634727350090685
S6,D8,1000,25,10,cwdb_dr,reference_effect_rmse,REF-ATE-K,0.03200695498618326,0.04517362886685461,10,0.014285155739439174
S6,D8,1000,25,10,cwdb_dr,reference_tcate_rmse,REF-TCATE-K,0.0800243934080904,0.048458604822971874,10,0.015323956347461164
S6,D8,1000,25,10,cwdb_dr,runtime,NONE_OPERATIONAL,248.8718827605,10.043523093788494,10,3.176040870887256
S6,D8,1000,25,10,cwdb_dr,tail_calibration,LAW-A-K,0.09664745033138085,0.012871171251846694,20,0.0028780813869170273
S6,D8,1000,25,10,cwdb_dr,tate_functional_rmse,TATE-K-grid_mean,0.027799430453143058,0.029252164787617982,10,0.009250346721944844
S6,D8,1000,25,10,cwdb_dr,tate_functional_rmse,TATE-K-grid_sd,0.019348378006200952,0.014211559799659152,10,0.004494089807060914
S6,D8,1000,25,10,cwdb_dr,tate_functional_rmse,TATE-K-grid_skewness,3.659514070787775e-17,2.991008395175277e-17,10,9.458399029438854e-18
S6,D8,1000,25,10,cwdb_dr,tate_functional_rmse,TATE-K-grid_upper_tail_mean,0.0426010268311437,0.033340600448704634,10,0.010543223597553851
S6,D8,1000,25,10,cwdb_dr,tcate_functional_rmse,TCATE-K-grid_mean,0.09094524767201576,0.05084143688391018,10,0.01607747400688498
S6,D8,1000,25,10,cwdb_dr,tcate_functional_rmse,TCATE-K-grid_sd,0.059749169084831764,0.02043933998049695,10,0.006463486820891189
S6,D8,1000,25,10,cwdb_dr,tcate_functional_rmse,TCATE-K-grid_skewness,8.92192126292109e-17,3.900358461291418e-17,10,1.2334016428790566e-17
S6,D8,1000,25,10,cwdb_dr,tcate_functional_rmse,TCATE-K-grid_upper_tail_mean,0.11045708847281777,0.04861394875361541,10,0.015373080411612844
S6,D8,1000,25,10,drf,arm_energy_risk,LAW-A-M-K,0.10411014073916522,0.005183860151062974,20,0.0011591463683629137
S6,D8,1000,25,10,drf,barycenter_rmse,MEANQ-A-K,0.411122528355725,0.01327557979429389,20,0.0029685098860763814
S6,D8,1000,25,10,drf,diagnostic_effective_support,NONE_OPERATIONAL,178.71925175901993,2.365682897431712,10,0.7480946177590706
S6,D8,1000,25,10,drf,kernel_law_error,LAW-A-K,0.041558507914292386,0.003057063807141741,20,0.000683580248432324
S6,D8,1000,25,10,drf,mean_quantile_rmse,MEANQ-A-K,0.16228715693240528,0.017615060975147093,10,0.005570371380421148
S6,D8,1000,25,10,drf,mode_coverage,LAW-A-K,1.0,0.0,20,0.0
S6,D8,1000,25,10,drf,peak_ram,NONE_OPERATIONAL,487.56000000000006,3.292145534787657,10,1.0410678278682088
S6,D8,1000,25,10,drf,process_peak_ram,NONE_OPERATIONAL,746.13671875,170.2822196498641,10,53.84796591226502
S6,D8,1000,25,10,drf,reference_effect_rmse,REF-ATE-K,0.04458825344172852,0.03573140641022329,10,0.011299262825744633
S6,D8,1000,25,10,drf,reference_tcate_rmse,REF-TCATE-K,0.07241409278489093,0.025569411104077053,10,0.008085757751808415
S6,D8,1000,25,10,drf,runtime,NONE_OPERATIONAL,24.4707,1.2777845453927061,10,0.40407095224037626
S6,D8,1000,25,10,drf,tail_calibration,LAW-A-K,0.11933675167669315,0.009768246826737156,20,0.002184246392558089
S6,D8,1000,25,10,drf,tate_functional_rmse,TATE-K-grid_mean,0.03401963584768525,0.01527568802857359,10,0.004830596699645981
S6,D8,1000,25,10,drf,tate_functional_rmse,TATE-K-grid_sd,0.02126462166465943,0.009683315281631353,10,0.0030621331591469906
S6,D8,1000,25,10,drf,tate_functional_rmse,TATE-K-grid_skewness,2.066149076640451e-17,1.0694712450526067e-17,10,3.3819650264223205e-18
S6,D8,1000,25,10,drf,tate_functional_rmse,TATE-K-grid_upper_tail_mean,0.04763926430156805,0.021661569033693182,10,0.0068499895839443095
S6,D8,1000,25,10,drf,tcate_functional_rmse,TCATE-K-grid_mean,0.0848614601599156,0.020601376374966864,10,0.006514727227927834
S6,D8,1000,25,10,drf,tcate_functional_rmse,TCATE-K-grid_sd,0.02582603343349178,0.010127594704298278,10,0.0032026266484642026
S6,D8,1000,25,10,drf,tcate_functional_rmse,TCATE-K-grid_skewness,3.391672119149354e-17,1.4160094246005493e-17,10,4.477814970002198e-18
S6,D8,1000,25,10,drf,tcate_functional_rmse,TCATE-K-grid_upper_tail_mean,0.09306423643839676,0.024117678195694808,10,0.007626679497337571
Z0,ZI0,125,25,10,causal_drf,arm_energy_risk,LAW-A-M-K,0.14839509741486986,0.04444059517159169,20,0.009937219176422795
Z0,ZI0,125,25,10,causal_drf,barycenter_rmse,MEANQ-A-K,0.7757713612476498,0.12166496405756136,20,0.027205113011277583
Z0,ZI0,125,25,10,causal_drf,diagnostic_effective_support,NONE_OPERATIONAL,50.96921046749797,1.6261401637827773,10,0.5142306712232826
Z0,ZI0,125,25,10,causal_drf,kernel_law_error,LAW-A-K,0.07467413527148711,0.019648946557617186,20,0.004393638018909251
Z0,ZI0,125,25,10,causal_drf,mass_contrast_rmse,LAW-A-K,0.1322877856150603,0.09091303064431983,10,0.028749224582473584
Z0,ZI0,125,25,10,causal_drf,mean_quantile_rmse,MEANQ-A-K,0.6361201692046319,0.42684809535544743,10,0.13498121962279536
Z0,ZI0,125,25,10,causal_drf,mode_coverage,LAW-A-K,1.0,0.0,20,0.0
Z0,ZI0,125,25,10,causal_drf,peak_ram,NONE_OPERATIONAL,270.84298,0.14657115678058327,10,0.04634986947122755
Z0,ZI0,125,25,10,causal_drf,process_peak_ram,NONE_OPERATIONAL,734.6921875,153.62208164975738,10,48.579567690959045
Z0,ZI0,125,25,10,causal_drf,reference_effect_rmse,REF-ATE-K,0.2942008367404262,0.2145616568991342,10,0.06785035343408446
Z0,ZI0,125,25,10,causal_drf,reference_tcate_rmse,REF-TCATE-K,0.2981622708780779,0.21326327469378745,10,0.06743976892985165
Z0,ZI0,125,25,10,causal_drf,runtime,NONE_OPERATIONAL,4.6094,0.5384857782089824,10,0.17028415467486496
Z0,ZI0,125,25,10,causal_drf,tail_calibration,LAW-A-K,0.14558662949578147,0.02057876293547825,20,0.0046015512816582485
Z0,ZI0,125,25,10,causal_drf,tate_functional_rmse,TATE-K-grid_mean,0.5924842591275019,0.4206680294065427,10,0.13302691117393647
Z0,ZI0,125,25,10,causal_drf,tate_functional_rmse,TATE-K-grid_sd,0.14663154852973648,0.1193364933893127,10,0.037737512708785496
Z0,ZI0,125,25,10,causal_drf,tate_functional_rmse,TATE-K-grid_skewness,0.19046868430534308,0.13722146187415338,10,0.04339323633802822
Z0,ZI0,125,25,10,causal_drf,tate_functional_rmse,TATE-K-grid_upper_tail_mean,0.690699216256954,0.49986893377126895,10,0.15807243622770709
Z0,ZI0,125,25,10,causal_drf,tcate_functional_rmse,TCATE-K-grid_mean,0.6006836686575108,0.41734738436964697,10,0.13197683101218405
Z0,ZI0,125,25,10,causal_drf,tcate_functional_rmse,TCATE-K-grid_sd,0.1493051135521771,0.11767405812159601,10,0.03721180451792785
Z0,ZI0,125,25,10,causal_drf,tcate_functional_rmse,TCATE-K-grid_skewness,0.1936520527370103,0.13480824615785234,10,0.042630110523145616
Z0,ZI0,125,25,10,causal_drf,tcate_functional_rmse,TCATE-K-grid_upper_tail_mean,0.7005567579451797,0.49561088860436575,10,0.1567259241169785
Z0,ZI0,125,25,10,causal_drf,zero_mass_abs_error,LAW-A-K,0.1754294248950517,0.024409302955328966,20,0.005458086069150208
Z0,ZI0,125,25,10,cwdb_zipt,arm_energy_risk,LAW-A-M-K,0.11429841127020202,0.05764250506960888,20,0.012889255972902169
Z0,ZI0,125,25,10,cwdb_zipt,barycenter_rmse,MEANQ-A-K,0.6726436324627518,0.20709320973731776,20,0.04630744946512639
Z0,ZI0,125,25,10,cwdb_zipt,diagnostic_classifier_constant_arm0,NONE_OPERATIONAL,0.0,0.0,10,0.0
Z0,ZI0,125,25,10,cwdb_zipt,diagnostic_classifier_constant_arm1,NONE_OPERATIONAL,0.0,0.0,10,0.0
Z0,ZI0,125,25,10,cwdb_zipt,diagnostic_effective_support,NONE_OPERATIONAL,4.472163993382686,0.4398910688569516,10,0.13910576999539284
Z0,ZI0,125,25,10,cwdb_zipt,diagnostic_positive_rate_arm0,NONE_OPERATIONAL,0.4949001908801338,0.07789096405596797,10,0.024631285556316572
Z0,ZI0,125,25,10,cwdb_zipt,diagnostic_positive_rate_arm1,NONE_OPERATIONAL,0.5096482330612432,0.07781640243545242,10,0.024607707101630343
Z0,ZI0,125,25,10,cwdb_zipt,diagnostic_selected_contrast_shrinkage,NONE_OPERATIONAL,180.0,221.35943621178657,10,70.0
Z0,ZI0,125,25,10,cwdb_zipt,diagnostic_train_risk,NONE_OPERATIONAL,0.018066616427198055,0.003661157305006622,10,0.001157759595598471
Z0,ZI0,125,25,10,cwdb_zipt,kernel_law_error,LAW-A-K,0.05041861525780118,0.024755330602966565,20,0.005535460203371409
Z0,ZI0,125,25,10,cwdb_zipt,mass_contrast_rmse,LAW-A-K,0.12829109257704846,0.10355318069016119,10,0.03274639099358763
Z0,ZI0,125,25,10,cwdb_zipt,mean_quantile_rmse,MEANQ-A-K,0.8839677117352668,0.43137758226755324,10,0.13641356915021308
Z0,ZI0,125,25,10,cwdb_zipt,mode_coverage,LAW-A-K,0.9755,0.058329824455870156,20,0.013042945259895534
Z0,ZI0,125,25,10,cwdb_zipt,peak_ram,NONE_OPERATIONAL,0.0,0.0,10,0.0
Z0,ZI0,125,25,10,cwdb_zipt,process_peak_ram,NONE_OPERATIONAL,734.6921875,153.62208164975738,10,48.579567690959045
Z0,ZI0,125,25,10,cwdb_zipt,reference_effect_rmse,REF-ATE-K,0.21418346913413044,0.257178893128022,10,0.08132710684055751
Z0,ZI0,125,25,10,cwdb_zipt,reference_tcate_rmse,REF-TCATE-K,0.3117844295308295,0.24593625807745906,10,0.07777187347437539
Z0,ZI0,125,25,10,cwdb_zipt,runtime,NONE_OPERATIONAL,5.766512056500005,0.9631913803306693,10,0.30458785844864206
Z0,ZI0,125,25,10,cwdb_zipt,tail_calibration,LAW-A-K,0.11161591953491437,0.035217427980067974,20,0.007874856295613509
Z0,ZI0,125,25,10,cwdb_zipt,tate_functional_rmse,TATE-K-grid_mean,0.41890521140773984,0.5039367728509807,10,0.15935879989240032
Z0,ZI0,125,25,10,cwdb_zipt,tate_functional_rmse,TATE-K-grid_sd,0.09598822508984098,0.1202915810107478,10,0.03803953793366226
Z0,ZI0,125,25,10,cwdb_zipt,tate_functional_rmse,TATE-K-grid_skewness,0.11937835503812622,0.14242671585510078,10,0.045039282175973465
Z0,ZI0,125,25,10,cwdb_zipt,tate_functional_rmse,TATE-K-grid_upper_tail_mean,0.4843880232270032,0.5858102084881532,10,0.18524945354006675
Z0,ZI0,125,25,10,cwdb_zipt,tcate_functional_rmse,TCATE-K-grid_mean,0.6063688321245645,0.48286910161218277,10,0.15269661728137807
Z0,ZI0,125,25,10,cwdb_zipt,tcate_functional_rmse,TCATE-K-grid_sd,0.13964042450951378,0.117308144530668,10,0.03709609248051349
Z0,ZI0,125,25,10,cwdb_zipt,tcate_functional_rmse,TCATE-K-grid_skewness,0.17092437262553967,0.13610006705204022,10,0.04303862015860853
Z0,ZI0,125,25,10,cwdb_zipt,tcate_functional_rmse,TCATE-K-grid_upper_tail_mean,0.7015295111464152,0.5629385273571886,10,0.17801679291097236
Z0,ZI0,125,25,10,cwdb_zipt,zero_mass_abs_error,LAW-A-K,0.13801421806470368,0.04344369644859174,20,0.009714305845291732
Z0,ZI0,125,25,10,drf,arm_energy_risk,LAW-A-M-K,0.1951201740728177,0.06257061479061435,20,0.013991214806576745
Z0,ZI0,125,25,10,drf,barycenter_rmse,MEANQ-A-K,0.890901464070607,0.13844005228131193,20,0.03095613677096383
Z0,ZI0,125,25,10,drf,diagnostic_effective_support,NONE_OPERATIONAL,61.100212522937895,0.170441610315303,10,0.0538983696663207
Z0,ZI0,125,25,10,drf,kernel_law_error,LAW-A-K,0.09837296417810022,0.027101688906488088,20,0.00606012186999593
Z0,ZI0,125,25,10,drf,mass_contrast_rmse,LAW-A-K,0.1285447142857143,0.09990683199598009,10,0.03159331429190833
Z0,ZI0,125,25,10,drf,mean_quantile_rmse,MEANQ-A-K,0.5981755564255815,0.4754095948285412,10,0.15033771411559965
Z0,ZI0,125,25,10,drf,mode_coverage,LAW-A-K,1.0,0.0,20,0.0
Z0,ZI0,125,25,10,drf,peak_ram,NONE_OPERATIONAL,253.01,2.5466535776278008,10,0.8053225716720274
Z0,ZI0,125,25,10,drf,process_peak_ram,NONE_OPERATIONAL,734.6921875,153.62208164975738,10,48.579567690959045
Z0,ZI0,125,25,10,drf,reference_effect_rmse,REF-ATE-K,0.2859399778002758,0.2340561200050849,10,0.07401504395177692
Z0,ZI0,125,25,10,drf,reference_tcate_rmse,REF-TCATE-K,0.2859399778002758,0.2340561200050849,10,0.07401504395177692
Z0,ZI0,125,25,10,drf,runtime,NONE_OPERATIONAL,4.7848,0.48971211497731554,10,0.15486056811065738
Z0,ZI0,125,25,10,drf,tail_calibration,LAW-A-K,0.1681690925770131,0.022632851227160487,20,0.005060859386857038
Z0,ZI0,125,25,10,drf,tate_functional_rmse,TATE-K-grid_mean,0.5799189703812617,0.4588663372894717,10,0.14510627674137846
Z0,ZI0,125,25,10,drf,tate_functional_rmse,TATE-K-grid_sd,0.1446202705580286,0.1266759524598506,10,0.04005845345443372
Z0,ZI0,125,25,10,drf,tate_functional_rmse,TATE-K-grid_skewness,0.1900240112562806,0.15057133930796526,10,0.047614838255521146
Z0,ZI0,125,25,10,drf,tate_functional_rmse,TATE-K-grid_upper_tail_mean,0.6765709360025723,0.542913151606948,10,0.171684213073826
Z0,ZI0,125,25,10,drf,tcate_functional_rmse,TCATE-K-grid_mean,0.5799189703812617,0.4588663372894717,10,0.14510627674137846
Z0,ZI0,125,25,10,drf,tcate_functional_rmse,TCATE-K-grid_sd,0.1446202705580286,0.1266759524598506,10,0.04005845345443372
Z0,ZI0,125,25,10,drf,tcate_functional_rmse,TCATE-K-grid_skewness,0.1900240112562806,0.15057133930796526,10,0.047614838255521146
Z0,ZI0,125,25,10,drf,tcate_functional_rmse,TCATE-K-grid_upper_tail_mean,0.6765709360025723,0.542913151606948,10,0.171684213073826
Z0,ZI0,125,25,10,drf,zero_mass_abs_error,LAW-A-K,0.202717934758748,0.027717477301872965,20,0.0061978163411795404
Z0,ZI0,250,25,10,causal_drf,arm_energy_risk,LAW-A-M-K,0.10168484875508621,0.034193999484115264,20,0.0076460107269074465
Z0,ZI0,250,25,10,causal_drf,barycenter_rmse,MEANQ-A-K,0.6317272170949721,0.12806680357226524,20,0.028636607844869797
Z0,ZI0,250,25,10,causal_drf,diagnostic_effective_support,NONE_OPERATIONAL,75.43730831803715,2.801318725711295,10,0.8858547625328179
Z0,ZI0,250,25,10,causal_drf,kernel_law_error,LAW-A-K,0.052028188045393664,0.014192053953160047,20,0.003173439737961048
Z0,ZI0,250,25,10,causal_drf,mass_contrast_rmse,LAW-A-K,0.07597016747596955,0.06897997253996464,10,0.021813382616215845
Z0,ZI0,250,25,10,causal_drf,mean_quantile_rmse,MEANQ-A-K,0.4449780850968681,0.28413031119754323,10,0.08984989356766804
Z0,ZI0,250,25,10,causal_drf,mode_coverage,LAW-A-K,1.0,0.0,20,0.0
Z0,ZI0,250,25,10,causal_drf,peak_ram,NONE_OPERATIONAL,288.94375,0.2606781210185893,10,0.0824336598591754
Z0,ZI0,250,25,10,causal_drf,process_peak_ram,NONE_OPERATIONAL,826.438671875,185.41647605446153,10,58.63383800541689
Z0,ZI0,250,25,10,causal_drf,reference_effect_rmse,REF-ATE-K,0.17345194709594447,0.1597436236502677,10,0.05051536924235867
Z0,ZI0,250,25,10,causal_drf,reference_tcate_rmse,REF-TCATE-K,0.1754593650854246,0.15855300155495555,10,0.050138861476987824
Z0,ZI0,250,25,10,causal_drf,runtime,NONE_OPERATIONAL,7.0634999999999994,0.9051809211422873,10,0.28624334053388906
Z0,ZI0,250,25,10,causal_drf,tail_calibration,LAW-A-K,0.118180865577721,0.021218597576855954,20,0.0047446226569062225
Z0,ZI0,250,25,10,causal_drf,tate_functional_rmse,TATE-K-grid_mean,0.3423645063650741,0.31821147454560234,10,0.10062730371647971
Z0,ZI0,250,25,10,causal_drf,tate_functional_rmse,TATE-K-grid_sd,0.08673427382203067,0.0751187099950541,10,0.023754621847802672
Z0,ZI0,250,25,10,causal_drf,tate_functional_rmse,TATE-K-grid_skewness,0.1229853963843804,0.0993573907646333,10,0.03141956571876199
Z0,ZI0,250,25,10,causal_drf,tate_functional_rmse,TATE-K-grid_upper_tail_mean,0.39660301707047185,0.3709794236862837,10,0.1173139943905275
Z0,ZI0,250,25,10,causal_drf,tcate_functional_rmse,TCATE-K-grid_mean,0.34471500045470577,0.317634022145121,10,0.10044469723389443
Z0,ZI0,250,25,10,causal_drf,tcate_functional_rmse,TCATE-K-grid_sd,0.08729105848816505,0.07499472592424893,10,0.023715414642070276
Z0,ZI0,250,25,10,causal_drf,tcate_functional_rmse,TCATE-K-grid_skewness,0.12418284172896091,0.09808525487051235,10,0.031017281026894293
Z0,ZI0,250,25,10,causal_drf,tcate_functional_rmse,TCATE-K-grid_upper_tail_mean,0.3995704915204472,0.3700627511737212,10,0.11702411708971083
Z0,ZI0,250,25,10,causal_drf,zero_mass_abs_error,LAW-A-K,0.14307318510919925,0.024611544873837668,20,0.005503308736918751
Z0,ZI0,250,25,10,cwdb_zipt,arm_energy_risk,LAW-A-M-K,0.08268480996646801,0.04887199584787516,20,0.010928110491193632
Z0,ZI0,250,25,10,cwdb_zipt,barycenter_rmse,MEANQ-A-K,0.5454133015352179,0.18578074575621747,20,0.04154183764215078
Z0,ZI0,250,25,10,cwdb_zipt,diagnostic_classifier_constant_arm0,NONE_OPERATIONAL,0.0,0.0,10,0.0
Z0,ZI0,250,25,10,cwdb_zipt,diagnostic_classifier_constant_arm1,NONE_OPERATIONAL,0.0,0.0,10,0.0
Z0,ZI0,250,25,10,cwdb_zipt,diagnostic_effective_support,NONE_OPERATIONAL,4.800020597300543,0.6712812839385588,10,0.2122777807888051
Z0,ZI0,250,25,10,cwdb_zipt,diagnostic_positive_rate_arm0,NONE_OPERATIONAL,0.5300678122452022,0.0732328890145888,10,0.023158272892042447
Z0,ZI0,250,25,10,cwdb_zipt,diagnostic_positive_rate_arm1,NONE_OPERATIONAL,0.5128574532436078,0.05867776149212699,10,0.018555537431524154
Z0,ZI0,250,25,10,cwdb_zipt,diagnostic_selected_contrast_shrinkage,NONE_OPERATIONAL,210.0,250.33311140691447,10,79.16228058025277
Z0,ZI0,250,25,10,cwdb_zipt,diagnostic_train_risk,NONE_OPERATIONAL,0.013012327864491505,0.0014419241158449409,10,0.00045597644191944985
Z0,ZI0,250,25,10,cwdb_zipt,kernel_law_error,LAW-A-K,0.03604713006696439,0.020435021798581914,20,0.004569409786331917
Z0,ZI0,250,25,10,cwdb_zipt,mass_contrast_rmse,LAW-A-K,0.09072104059914543,0.05544393359120003,10,0.0175329112587311
Z0,ZI0,250,25,10,cwdb_zipt,mean_quantile_rmse,MEANQ-A-K,0.7427008548498902,0.2651505865867224,10,0.08384797765437338
Z0,ZI0,250,25,10,cwdb_zipt,mode_coverage,LAW-A-K,0.9615,0.0467101927341684,20,0.010444716619571729
Z0,ZI0,250,25,10,cwdb_zipt,peak_ram,NONE_OPERATIONAL,0.0,0.0,10,0.0
Z0,ZI0,250,25,10,cwdb_zipt,process_peak_ram,NONE_OPERATIONAL,826.438671875,185.41647605446153,10,58.63383800541689
Z0,ZI0,250,25,10,cwdb_zipt,reference_effect_rmse,REF-ATE-K,0.18240936658250523,0.15841235629944914,10,0.05009438554203816
Z0,ZI0,250,25,10,cwdb_zipt,reference_tcate_rmse,REF-TCATE-K,0.23121335639895482,0.14412580131561242,10,0.04557658017542276
Z0,ZI0,250,25,10,cwdb_zipt,runtime,NONE_OPERATIONAL,12.328082645699942,2.4248235194603445,10,0.7667965245440312
Z0,ZI0,250,25,10,cwdb_zipt,tail_calibration,LAW-A-K,0.09089998637045016,0.032348624997797046,20,0.007233372447372317
Z0,ZI0,250,25,10,cwdb_zipt,tate_functional_rmse,TATE-K-grid_mean,0.3466545495317893,0.29867307605565196,10,0.09444871961045595
Z0,ZI0,250,25,10,cwdb_zipt,tate_functional_rmse,TATE-K-grid_sd,0.07667516430354436,0.06329975405285451,10,0.020017139813549464
Z0,ZI0,250,25,10,cwdb_zipt,tate_functional_rmse,TATE-K-grid_skewness,0.08580487095635876,0.08037451973593299,10,0.025416654820770337
Z0,ZI0,250,25,10,cwdb_zipt,tate_functional_rmse,TATE-K-grid_upper_tail_mean,0.3998906419673703,0.3417800288760997,10,0.10808033500065936
Z0,ZI0,250,25,10,cwdb_zipt,tcate_functional_rmse,TCATE-K-grid_mean,0.43979056635018043,0.27186168834311913,10,0.08597021437031038
Z0,ZI0,250,25,10,cwdb_zipt,tcate_functional_rmse,TCATE-K-grid_sd,0.09738111437721099,0.058734267123918334,10,0.018573406081232903
Z0,ZI0,250,25,10,cwdb_zipt,tcate_functional_rmse,TCATE-K-grid_skewness,0.11363899081007786,0.07250854903521575,10,0.022929216478528625
Z0,ZI0,250,25,10,cwdb_zipt,tcate_functional_rmse,TCATE-K-grid_upper_tail_mean,0.5066006470062275,0.31210854839455354,10,0.09869738901356781
Z0,ZI0,250,25,10,cwdb_zipt,zero_mass_abs_error,LAW-A-K,0.10977376369839023,0.03894012447261827,20,0.008707276537307759
Z0,ZI0,250,25,10,drf,arm_energy_risk,LAW-A-M-K,0.16058877601676663,0.03165498558919743,20,0.007078269960422169
Z0,ZI0,250,25,10,drf,barycenter_rmse,MEANQ-A-K,0.8053650033796513,0.09399244284135916,20,0.021017349156454253
Z0,ZI0,250,25,10,drf,diagnostic_effective_support,NONE_OPERATIONAL,117.700901073599,0.6983466020630076,10,0.22083658587583457
Z0,ZI0,250,25,10,drf,kernel_law_error,LAW-A-K,0.08175002819476401,0.013180087188816678,20,0.0029471570903568194
Z0,ZI0,250,25,10,drf,mass_contrast_rmse,LAW-A-K,0.09022975995853857,0.06870447174856852,10,0.021726261616416775
Z0,ZI0,250,25,10,drf,mean_quantile_rmse,MEANQ-A-K,0.43377120824541826,0.31280070520658726,10,0.09891626821597056
Z0,ZI0,250,25,10,drf,mode_coverage,LAW-A-K,1.0,0.0,20,0.0
Z0,ZI0,250,25,10,drf,peak_ram,NONE_OPERATIONAL,314.06,14.080025252502608,10,4.452494931059564
Z0,ZI0,250,25,10,drf,process_peak_ram,NONE_OPERATIONAL,826.438671875,185.41647605446153,10,58.63383800541689
Z0,ZI0,250,25,10,drf,reference_effect_rmse,REF-ATE-K,0.19190765502273552,0.16675684574445385,10,0.052733144797783085
Z0,ZI0,250,25,10,drf,reference_tcate_rmse,REF-TCATE-K,0.19239633991604377,0.16604508963396272,10,0.05250806775301364
Z0,ZI0,250,25,10,drf,runtime,NONE_OPERATIONAL,8.3783,1.1145126538337533,10,0.3524398467193452
Z0,ZI0,250,25,10,drf,tail_calibration,LAW-A-K,0.15296796555432937,0.014120227283343858,20,0.003157378806330405
Z0,ZI0,250,25,10,drf,tate_functional_rmse,TATE-K-grid_mean,0.3964742358413132,0.32218344770635066,10,0.10188335191578199
Z0,ZI0,250,25,10,drf,tate_functional_rmse,TATE-K-grid_sd,0.10289128053090886,0.0757940576288832,10,0.023968185521333202
Z0,ZI0,250,25,10,drf,tate_functional_rmse,TATE-K-grid_skewness,0.14697878180877919,0.09936802003531892,10,0.03142292698928529
Z0,ZI0,250,25,10,drf,tate_functional_rmse,TATE-K-grid_upper_tail_mean,0.46404018753779275,0.37201934027267575,10,0.1176428448894861
Z0,ZI0,250,25,10,drf,tcate_functional_rmse,TCATE-K-grid_mean,0.3966100339163529,0.3218422314388288,10,0.10177544985777494
Z0,ZI0,250,25,10,drf,tcate_functional_rmse,TCATE-K-grid_sd,0.10291639342272556,0.0757105444269498,10,0.023941776328052892
Z0,ZI0,250,25,10,drf,tcate_functional_rmse,TCATE-K-grid_skewness,0.14719828726867373,0.0989807972085946,10,0.031300476379839536
Z0,ZI0,250,25,10,drf,tcate_functional_rmse,TCATE-K-grid_upper_tail_mean,0.46418342226111786,0.37163079216410183,10,0.11751997518912172
Z0,ZI0,250,25,10,drf,zero_mass_abs_error,LAW-A-K,0.18349177967634686,0.018297652086436352,20,0.004091479389391254
Z0,ZI0,500,25,10,causal_drf,arm_energy_risk,LAW-A-M-K,0.06565942871114569,0.017611640605331887,20,0.0039380825588817645
Z0,ZI0,500,25,10,causal_drf,barycenter_rmse,MEANQ-A-K,0.5027796999618352,0.07041084880026925,20,0.015744344427086155
Z0,ZI0,500,25,10,causal_drf,diagnostic_effective_support,NONE_OPERATIONAL,106.19671531468046,4.622213542799591,10,1.4616722626922887
Z0,ZI0,500,25,10,causal_drf,kernel_law_error,LAW-A-K,0.03490561311120826,0.008641417003908186,20,0.001932279584266127
Z0,ZI0,500,25,10,causal_drf,mass_contrast_rmse,LAW-A-K,0.07719505700428815,0.03537873080172388,10,0.011187737005940236
Z0,ZI0,500,25,10,causal_drf,mean_quantile_rmse,MEANQ-A-K,0.41977681399085187,0.1352049550492481,10,0.042755560889630714
Z0,ZI0,500,25,10,causal_drf,mode_coverage,LAW-A-K,1.0,0.0,20,0.0
Z0,ZI0,500,25,10,causal_drf,peak_ram,NONE_OPERATIONAL,320.95234,0.4786697033329761,10,0.15136865094492957
Z0,ZI0,500,25,10,causal_drf,process_peak_ram,NONE_OPERATIONAL,755.56171875,178.22471251953044,10,56.35960268904427
Z0,ZI0,500,25,10,causal_drf,reference_effect_rmse,REF-ATE-K,0.153125598733578,0.08211839324340497,10,0.025968116044254152
Z0,ZI0,500,25,10,causal_drf,reference_tcate_rmse,REF-TCATE-K,0.154870785315882,0.08180965228215584,10,0.025870483579800447
Z0,ZI0,500,25,10,causal_drf,runtime,NONE_OPERATIONAL,14.3139,2.203975471228702,10,0.6969582396225601
Z0,ZI0,500,25,10,causal_drf,tail_calibration,LAW-A-K,0.09383027715631376,0.013799491210460852,20,0.003085660040150132
Z0,ZI0,500,25,10,causal_drf,tate_functional_rmse,TATE-K-grid_mean,0.3257509054881978,0.16771912417215185,10,0.053037443955260215
Z0,ZI0,500,25,10,causal_drf,tate_functional_rmse,TATE-K-grid_sd,0.08393296730399818,0.0389779790702894,10,0.012325919245248682
Z0,ZI0,500,25,10,causal_drf,tate_functional_rmse,TATE-K-grid_skewness,0.1231394497261464,0.05058906559462355,10,0.01599766719786708
Z0,ZI0,500,25,10,causal_drf,tate_functional_rmse,TATE-K-grid_upper_tail_mean,0.3807725984750264,0.1935670347261312,10,0.06121127096594816
Z0,ZI0,500,25,10,causal_drf,tcate_functional_rmse,TCATE-K-grid_mean,0.32941128991086316,0.1652575185753938,10,0.05225901591658288
Z0,ZI0,500,25,10,causal_drf,tcate_functional_rmse,TCATE-K-grid_sd,0.08464417946690497,0.03871312120031634,10,0.012242163832715125
Z0,ZI0,500,25,10,causal_drf,tcate_functional_rmse,TCATE-K-grid_skewness,0.12366469918721217,0.0504085686091779,10,0.015940589039386832
Z0,ZI0,500,25,10,causal_drf,tcate_functional_rmse,TCATE-K-grid_upper_tail_mean,0.38489116037050347,0.1909904631557684,10,0.06039648749426983
Z0,ZI0,500,25,10,causal_drf,zero_mass_abs_error,LAW-A-K,0.11558008215709263,0.015653091351920414,20,0.003500137632090813
Z0,ZI0,500,25,10,cwdb_zipt,arm_energy_risk,LAW-A-M-K,0.038165589884381734,0.011623724188308067,20,0.0025991437436765404
Z0,ZI0,500,25,10,cwdb_zipt,barycenter_rmse,MEANQ-A-K,0.3434008448353167,0.07784139336348672,20,0.01740586470240573
Z0,ZI0,500,25,10,cwdb_zipt,diagnostic_classifier_constant_arm0,NONE_OPERATIONAL,0.0,0.0,10,0.0
Z0,ZI0,500,25,10,cwdb_zipt,diagnostic_classifier_constant_arm1,NONE_OPERATIONAL,0.0,0.0,10,0.0
Z0,ZI0,500,25,10,cwdb_zipt,diagnostic_effective_support,NONE_OPERATIONAL,4.443067366210279,0.38198823087131134,10,0.1207952848931589
Z0,ZI0,500,25,10,cwdb_zipt,diagnostic_positive_rate_arm0,NONE_OPERATIONAL,0.4924182709903947,0.03356084066601608,10,0.010612869669461312
Z0,ZI0,500,25,10,cwdb_zipt,diagnostic_positive_rate_arm1,NONE_OPERATIONAL,0.5080780282973988,0.020854750268426255,10,0.0065948510882234855
Z0,ZI0,500,25,10,cwdb_zipt,diagnostic_selected_contrast_shrinkage,NONE_OPERATIONAL,80.0,149.44341180973262,10,47.25815626252608
Z0,ZI0,500,25,10,cwdb_zipt,diagnostic_train_risk,NONE_OPERATIONAL,0.015412940208837983,0.0016738057124343329,10,0.0005293038411893309
Z0,ZI0,500,25,10,cwdb_zipt,kernel_law_error,LAW-A-K,0.017338090087401427,0.00475852206465399,20,0.001064037880899897
Z0,ZI0,500,25,10,cwdb_zipt,mass_contrast_rmse,LAW-A-K,0.04527210408037098,0.01472629292564063,10,0.004656862713584901
Z0,ZI0,500,25,10,cwdb_zipt,mean_quantile_rmse,MEANQ-A-K,0.47519174105414574,0.10826465059320486,10,0.0342362885956827
Z0,ZI0,500,25,10,cwdb_zipt,mode_coverage,LAW-A-K,0.9737500000000001,0.029774370822819037,20,0.006657751714710971
Z0,ZI0,500,25,10,cwdb_zipt,peak_ram,NONE_OPERATIONAL,0.0,0.0,10,0.0
Z0,ZI0,500,25,10,cwdb_zipt,process_peak_ram,NONE_OPERATIONAL,755.56171875,178.22471251953044,10,56.35960268904427
Z0,ZI0,500,25,10,cwdb_zipt,reference_effect_rmse,REF-ATE-K,0.0754076979968177,0.03875776529813693,10,0.012256281536034766
Z0,ZI0,500,25,10,cwdb_zipt,reference_tcate_rmse,REF-TCATE-K,0.11459009858897462,0.03771305675903418,10,0.011925915688575588
Z0,ZI0,500,25,10,cwdb_zipt,runtime,NONE_OPERATIONAL,23.33161248530005,3.823226038649648,10,1.209010229179583
Z0,ZI0,500,25,10,cwdb_zipt,tail_calibration,LAW-A-K,0.05599903216949988,0.014741186989802361,20,0.003296229617823358
Z0,ZI0,500,25,10,cwdb_zipt,tate_functional_rmse,TATE-K-grid_mean,0.14378263546506442,0.06852445773608724,10,0.021669336187398094
Z0,ZI0,500,25,10,cwdb_zipt,tate_functional_rmse,TATE-K-grid_sd,0.033175247865581965,0.017747625705130173,10,0.005612292028836322
Z0,ZI0,500,25,10,cwdb_zipt,tate_functional_rmse,TATE-K-grid_skewness,0.03994943830125518,0.020131932843348858,10,0.006366276148653217
Z0,ZI0,500,25,10,cwdb_zipt,tate_functional_rmse,TATE-K-grid_upper_tail_mean,0.16642446744156253,0.07961293380039916,10,0.02517582020174663
Z0,ZI0,500,25,10,cwdb_zipt,tcate_functional_rmse,TCATE-K-grid_mean,0.2181189957358194,0.07054942729928888,10,0.02230968778862144
Z0,ZI0,500,25,10,cwdb_zipt,tcate_functional_rmse,TCATE-K-grid_sd,0.05114795178510308,0.01817829202518916,10,0.005748480677127268
Z0,ZI0,500,25,10,cwdb_zipt,tcate_functional_rmse,TCATE-K-grid_skewness,0.06192325413723705,0.019951768429270007,10,0.0063093031584733296
Z0,ZI0,500,25,10,cwdb_zipt,tcate_functional_rmse,TCATE-K-grid_upper_tail_mean,0.25257246150265356,0.0821662639282395,10,0.02598325408397707
Z0,ZI0,500,25,10,cwdb_zipt,zero_mass_abs_error,LAW-A-K,0.06869254461006118,0.01711761090485029,20,0.003827614159563693
Z0,ZI0,500,25,10,drf,arm_energy_risk,LAW-A-M-K,0.09306561457484042,0.018654300082151163,20,0.004171228305636991
Z0,ZI0,500,25,10,drf,barycenter_rmse,MEANQ-A-K,0.6045141083563821,0.0674012773104823,20,0.015071383783655261
Z0,ZI0,500,25,10,drf,diagnostic_effective_support,NONE_OPERATIONAL,182.51612285541265,3.026138757607946,10,0.9569490989753302
Z0,ZI0,500,25,10,drf,kernel_law_error,LAW-A-K,0.04862941823588131,0.008957359673863319,20,0.0020029265129673725
Z0,ZI0,500,25,10,drf,mass_contrast_rmse,LAW-A-K,0.0821064886040656,0.028443108150710755,10,0.008994500549074576
Z0,ZI0,500,25,10,drf,mean_quantile_rmse,MEANQ-A-K,0.4322976997001066,0.11823509449908016,10,0.03738921979823384
Z0,ZI0,500,25,10,drf,mode_coverage,LAW-A-K,1.0,0.0,20,0.0
Z0,ZI0,500,25,10,drf,peak_ram,NONE_OPERATIONAL,431.98999999999995,4.596000676917064,10,1.4533830266733578
Z0,ZI0,500,25,10,drf,process_peak_ram,NONE_OPERATIONAL,755.56171875,178.22471251953044,10,56.35960268904427
Z0,ZI0,500,25,10,drf,reference_effect_rmse,REF-ATE-K,0.16317998554562094,0.07557956220834994,10,0.023900356113677128
Z0,ZI0,500,25,10,drf,reference_tcate_rmse,REF-TCATE-K,0.1641834204471346,0.0751858186964859,10,0.02377584348253674
Z0,ZI0,500,25,10,drf,runtime,NONE_OPERATIONAL,15.5609,2.481761491360521,10,0.7848018921995535
Z0,ZI0,500,25,10,drf,tail_calibration,LAW-A-K,0.11379138303641012,0.012654074343157733,20,0.002829537042363669
Z0,ZI0,500,25,10,drf,tate_functional_rmse,TATE-K-grid_mean,0.3505403189936588,0.13985735565037408,10,0.04422677913834018
Z0,ZI0,500,25,10,drf,tate_functional_rmse,TATE-K-grid_sd,0.0886569075559127,0.03051500777586162,10,0.009649692738947158
Z0,ZI0,500,25,10,drf,tate_functional_rmse,TATE-K-grid_skewness,0.13025693445784703,0.04003363147915096,10,0.012659745848193267
Z0,ZI0,500,25,10,drf,tate_functional_rmse,TATE-K-grid_upper_tail_mean,0.40876024335050776,0.1600959061039131,10,0.050626770735681885
Z0,ZI0,500,25,10,drf,tcate_functional_rmse,TCATE-K-grid_mean,0.3522219320576048,0.1392841748629831,10,0.044045523458419764
Z0,ZI0,500,25,10,drf,tcate_functional_rmse,TCATE-K-grid_sd,0.08903263311783256,0.030349412155448174,10,0.009597326805841641
Z0,ZI0,500,25,10,drf,tcate_functional_rmse,TCATE-K-grid_skewness,0.13062242644821914,0.03992140104513886,10,0.01262425546876652
Z0,ZI0,500,25,10,drf,tcate_functional_rmse,TCATE-K-grid_upper_tail_mean,0.41070471697354893,0.15940375281783956,10,0.050407892648285636
Z0,ZI0,500,25,10,drf,zero_mass_abs_error,LAW-A-K,0.13887317971953178,0.01451122841324753,20,0.0032448093169047884
Z0,ZI0,1000,25,10,causal_drf,arm_energy_risk,LAW-A-M-K,0.04636414893969779,0.011528868342694232,20,0.002577933331790964
Z0,ZI0,1000,25,10,causal_drf,barycenter_rmse,MEANQ-A-K,0.4130903148737806,0.05609988726986475,20,0.012544316146549266
Z0,ZI0,1000,25,10,causal_drf,diagnostic_effective_support,NONE_OPERATIONAL,141.6884562242799,4.893939728663622,10,1.5475996274163473
Z0,ZI0,1000,25,10,causal_drf,kernel_law_error,LAW-A-K,0.024649303958950933,0.005448280824436492,20,0.0012182726283948592
Z0,ZI0,1000,25,10,causal_drf,mass_contrast_rmse,LAW-A-K,0.059505987683316,0.017115694174494746,10,0.00541245773262788
Z0,ZI0,1000,25,10,causal_drf,mean_quantile_rmse,MEANQ-A-K,0.36381726746965865,0.05843782423208633,10,0.018479662607797296
Z0,ZI0,1000,25,10,causal_drf,mode_coverage,LAW-A-K,1.0,0.0,20,0.0
Z0,ZI0,1000,25,10,causal_drf,peak_ram,NONE_OPERATIONAL,392.42424,1.4653537374982089,10,0.4633855388334825
Z0,ZI0,1000,25,10,causal_drf,process_peak_ram,NONE_OPERATIONAL,815.775390625,176.80751876733314,10,55.9114466747739
Z0,ZI0,1000,25,10,causal_drf,reference_effect_rmse,REF-ATE-K,0.13047042138298598,0.0378065810588294,10,0.01195549066896812
Z0,ZI0,1000,25,10,causal_drf,reference_tcate_rmse,REF-TCATE-K,0.13363413672033414,0.03683342283165053,10,0.01164775101680644
Z0,ZI0,1000,25,10,causal_drf,runtime,NONE_OPERATIONAL,29.2934,3.794686934825235,10,1.1999853721330662
Z0,ZI0,1000,25,10,causal_drf,tail_calibration,LAW-A-K,0.07791546904008126,0.011146863894869439,20,0.0024925145404866133
Z0,ZI0,1000,25,10,causal_drf,tate_functional_rmse,TATE-K-grid_mean,0.2642056264841656,0.07517214621851355,10,0.02377151986537163
Z0,ZI0,1000,25,10,causal_drf,tate_functional_rmse,TATE-K-grid_sd,0.0657149477774477,0.02453838746811241,10,0.007759719450696759
Z0,ZI0,1000,25,10,causal_drf,tate_functional_rmse,TATE-K-grid_skewness,0.08833063043510128,0.033958818046464744,10,0.010738721167405825
Z0,ZI0,1000,25,10,causal_drf,tate_functional_rmse,TATE-K-grid_upper_tail_mean,0.3079334801083419,0.08973377217273254,10,0.028376310310447107
Z0,ZI0,1000,25,10,causal_drf,tcate_functional_rmse,TCATE-K-grid_mean,0.2697252991753808,0.07365738307134934,10,0.023292509699299257
Z0,ZI0,1000,25,10,causal_drf,tcate_functional_rmse,TCATE-K-grid_sd,0.0667691623795335,0.02436219070141279,10,0.007704001140783948
Z0,ZI0,1000,25,10,causal_drf,tcate_functional_rmse,TCATE-K-grid_skewness,0.08962472803089871,0.033596339181952414,10,0.010624095285852772
Z0,ZI0,1000,25,10,causal_drf,tcate_functional_rmse,TCATE-K-grid_upper_tail_mean,0.3141411540006464,0.08815929297442734,10,0.027878416270927072
Z0,ZI0,1000,25,10,causal_drf,zero_mass_abs_error,LAW-A-K,0.09444203920368102,0.011820831225199457,20,0.002643218217009811
Z0,ZI0,1000,25,10,cwdb_zipt,arm_energy_risk,LAW-A-M-K,0.028899267875642166,0.008055843506245565,20,0.0018013413696065332
Z0,ZI0,1000,25,10,cwdb_zipt,barycenter_rmse,MEANQ-A-K,0.2745384763999591,0.07034282129317074,20,0.015729133014064943
Z0,ZI0,1000,25,10,cwdb_zipt,diagnostic_classifier_constant_arm0,NONE_OPERATIONAL,0.0,0.0,10,0.0
Z0,ZI0,1000,25,10,cwdb_zipt,diagnostic_classifier_constant_arm1,NONE_OPERATIONAL,0.0,0.0,10,0.0
Z0,ZI0,1000,25,10,cwdb_zipt,diagnostic_effective_support,NONE_OPERATIONAL,4.360220942983538,0.16892451532416636,10,0.05341862210643823
Z0,ZI0,1000,25,10,cwdb_zipt,diagnostic_positive_rate_arm0,NONE_OPERATIONAL,0.49852676940867385,0.022398988007948074,10,0.007083181938791362
Z0,ZI0,1000,25,10,cwdb_zipt,diagnostic_positive_rate_arm1,NONE_OPERATIONAL,0.48769545440255035,0.029633543163546567,10,0.00937094915377187
Z0,ZI0,1000,25,10,cwdb_zipt,diagnostic_selected_contrast_shrinkage,NONE_OPERATIONAL,155.0,238.57214143035785,10,75.44313531837517
Z0,ZI0,1000,25,10,cwdb_zipt,diagnostic_train_risk,NONE_OPERATIONAL,0.02262914520156748,0.0031381215223733085,10,0.0009923611585094699
Z0,ZI0,1000,25,10,cwdb_zipt,kernel_law_error,LAW-A-K,0.013334367284265227,0.0033739321671803955,20,0.0007544341677288549
Z0,ZI0,1000,25,10,cwdb_zipt,mass_contrast_rmse,LAW-A-K,0.042663951825406596,0.029145309336781826,10,0.009216556061440204
Z0,ZI0,1000,25,10,cwdb_zipt,mean_quantile_rmse,MEANQ-A-K,0.41174646973575857,0.1206059264511359,10,0.03813894269003376
Z0,ZI0,1000,25,10,cwdb_zipt,mode_coverage,LAW-A-K,0.97525,0.020227326487751777,20,0.004522967702969504
Z0,ZI0,1000,25,10,cwdb_zipt,peak_ram,NONE_OPERATIONAL,0.0,0.0,10,0.0
Z0,ZI0,1000,25,10,cwdb_zipt,process_peak_ram,NONE_OPERATIONAL,816.355859375,176.03006218349324,10,55.665593316091126
Z0,ZI0,1000,25,10,cwdb_zipt,reference_effect_rmse,REF-ATE-K,0.0719220413297869,0.07985446673154292,10,0.025252199620981724
Z0,ZI0,1000,25,10,cwdb_zipt,reference_tcate_rmse,REF-TCATE-K,0.10752749603340347,0.07011130788882278,10,0.022171142266201132
Z0,ZI0,1000,25,10,cwdb_zipt,runtime,NONE_OPERATIONAL,39.277821822000035,4.627462491660584,10,1.4633321260645369
Z0,ZI0,1000,25,10,cwdb_zipt,tail_calibration,LAW-A-K,0.044211020955664856,0.012258000391583007,20,0.0027409722143798645
Z0,ZI0,1000,25,10,cwdb_zipt,tate_functional_rmse,TATE-K-grid_mean,0.13704802955337123,0.15512791743915957,10,0.049055754778629904
Z0,ZI0,1000,25,10,cwdb_zipt,tate_functional_rmse,TATE-K-grid_sd,0.029913710647114816,0.03465487380255235,10,0.010958833324176569
Z0,ZI0,1000,25,10,cwdb_zipt,tate_functional_rmse,TATE-K-grid_skewness,0.03677130421842631,0.04426994868475764,10,0.013999386974260961
Z0,ZI0,1000,25,10,cwdb_zipt,tate_functional_rmse,TATE-K-grid_upper_tail_mean,0.15756195419525093,0.17858967135024081,10,0.05647501280476793
Z0,ZI0,1000,25,10,cwdb_zipt,tcate_functional_rmse,TCATE-K-grid_mean,0.20558618246462296,0.13711224762481872,10,0.043358699759943914
Z0,ZI0,1000,25,10,cwdb_zipt,tcate_functional_rmse,TCATE-K-grid_sd,0.04583584126226581,0.031059195838183774,10,0.009821780114188324
Z0,ZI0,1000,25,10,cwdb_zipt,tcate_functional_rmse,TCATE-K-grid_skewness,0.05690073334082749,0.03885431941725504,10,0.01228681462942321
Z0,ZI0,1000,25,10,cwdb_zipt,tcate_functional_rmse,TCATE-K-grid_upper_tail_mean,0.23640501840958308,0.15854264854166225,10,0.05013558756672254
Z0,ZI0,1000,25,10,cwdb_zipt,zero_mass_abs_error,LAW-A-K,0.05366526035205277,0.014887883212588968,20,0.0033290318904426884
Z0,ZI0,1000,25,10,drf,arm_energy_risk,LAW-A-M-K,0.05739371360780239,0.01662984093404756,20,0.0037185454783538944
Z0,ZI0,1000,25,10,drf,barycenter_rmse,MEANQ-A-K,0.465591667404199,0.08207721450042617,20,0.018353023102678435
Z0,ZI0,1000,25,10,drf,diagnostic_effective_support,NONE_OPERATIONAL,260.8569224357992,3.864523214807268,10,1.222069542938711
Z0,ZI0,1000,25,10,drf,kernel_law_error,LAW-A-K,0.029600350280935363,0.0071741582894298194,20,0.0016041905616508687
Z0,ZI0,1000,25,10,drf,mass_contrast_rmse,LAW-A-K,0.05607906508745623,0.024897993451779326,10,0.007873436847558035
Z0,ZI0,1000,25,10,drf,mean_quantile_rmse,MEANQ-A-K,0.3599657093476389,0.09535087135658599,10,0.030152593036852086
Z0,ZI0,1000,25,10,drf,mode_coverage,LAW-A-K,1.0,0.0,20,0.0
Z0,ZI0,1000,25,10,drf,peak_ram,NONE_OPERATIONAL,559.88,10.334494558408649,10,3.268054127118735
Z0,ZI0,1000,25,10,drf,process_peak_ram,NONE_OPERATIONAL,816.355859375,176.03006218349324,10,55.665593316091126
Z0,ZI0,1000,25,10,drf,reference_effect_rmse,REF-ATE-K,0.12357428350942852,0.05957017718539427,10,0.018837744052564435
Z0,ZI0,1000,25,10,drf,reference_tcate_rmse,REF-TCATE-K,0.1257620121553154,0.05790298171181127,10,0.018310530552439898
Z0,ZI0,1000,25,10,drf,runtime,NONE_OPERATIONAL,29.525299999999998,4.5546968200114275,10,1.4403216002762094
Z0,ZI0,1000,25,10,drf,tail_calibration,LAW-A-K,0.08742249614658912,0.015054424281195477,20,0.0033662716054876493
Z0,ZI0,1000,25,10,drf,tate_functional_rmse,TATE-K-grid_mean,0.2500922712745906,0.11655981530195957,10,0.036859450000273915
Z0,ZI0,1000,25,10,drf,tate_functional_rmse,TATE-K-grid_sd,0.06317776412400808,0.03053927676725149,10,0.009657367267877857
Z0,ZI0,1000,25,10,drf,tate_functional_rmse,TATE-K-grid_skewness,0.08525821891850045,0.04013627479793317,10,0.012692204515588319
Z0,ZI0,1000,25,10,drf,tate_functional_rmse,TATE-K-grid_upper_tail_mean,0.29171588981409047,0.13668378087164845,10,0.04322320667577639
Z0,ZI0,1000,25,10,drf,tcate_functional_rmse,TCATE-K-grid_mean,0.25389761992474863,0.11392736241417918,10,0.036026995304426546
Z0,ZI0,1000,25,10,drf,tcate_functional_rmse,TCATE-K-grid_sd,0.06411146324484529,0.029761411816737644,10,0.009411384772314067
Z0,ZI0,1000,25,10,drf,tcate_functional_rmse,TCATE-K-grid_skewness,0.08643018793239857,0.03890722680080723,10,0.012303545413129714
Z0,ZI0,1000,25,10,drf,tcate_functional_rmse,TCATE-K-grid_upper_tail_mean,0.29610094078143934,0.13366098209445926,10,0.042267313771347424
Z0,ZI0,1000,25,10,drf,zero_mass_abs_error,LAW-A-K,0.10582819833171904,0.016833144859598522,20,0.0037640056181163445
Z1,ZI1,125,25,10,causal_drf,arm_energy_risk,LAW-A-M-K,0.13631092733411407,0.02590802075398087,20,0.005793209556837658
Z1,ZI1,125,25,10,causal_drf,barycenter_rmse,MEANQ-A-K,0.7189155836798842,0.09627533072299066,20,0.02152781840528811
Z1,ZI1,125,25,10,causal_drf,diagnostic_effective_support,NONE_OPERATIONAL,49.94537172048299,1.0853832473183704,10,0.3432283195715894
Z1,ZI1,125,25,10,causal_drf,kernel_law_error,LAW-A-K,0.07318590705281189,0.011834314850254641,20,0.0026462332472304622
Z1,ZI1,125,25,10,causal_drf,mass_contrast_rmse,LAW-A-K,0.10127171626797427,0.05164110322753154,10,0.016330350708287217
Z1,ZI1,125,25,10,causal_drf,mean_quantile_rmse,MEANQ-A-K,0.5199969012826239,0.21696221240976485,10,0.06860947574041061
Z1,ZI1,125,25,10,causal_drf,mode_coverage,LAW-A-K,1.0,0.0,20,0.0
Z1,ZI1,125,25,10,causal_drf,peak_ram,NONE_OPERATIONAL,270.8832,0.284238643865804,10,0.08988415136533878
Z1,ZI1,125,25,10,causal_drf,process_peak_ram,NONE_OPERATIONAL,865.057421875,173.84925529001825,10,54.97596162405341
Z1,ZI1,125,25,10,causal_drf,reference_effect_rmse,REF-ATE-K,0.19890977192251696,0.11892280249948599,10,0.03760669216287408
Z1,ZI1,125,25,10,causal_drf,reference_tcate_rmse,REF-TCATE-K,0.20401075649688316,0.11856797323774325,10,0.03749448529811577
Z1,ZI1,125,25,10,causal_drf,runtime,NONE_OPERATIONAL,4.4708,0.6913353905466015,10,0.21861944612092996
Z1,ZI1,125,25,10,causal_drf,tail_calibration,LAW-A-K,0.13291798019203493,0.015306223555073337,20,0.003422575634795248
Z1,ZI1,125,25,10,causal_drf,tate_functional_rmse,TATE-K-grid_mean,0.4250472041893647,0.23482875171095724,10,0.07425937155007871
Z1,ZI1,125,25,10,causal_drf,tate_functional_rmse,TATE-K-grid_sd,0.11204523788504675,0.07110069845640869,10,0.022484015035106955
Z1,ZI1,125,25,10,causal_drf,tate_functional_rmse,TATE-K-grid_skewness,0.1588116517260068,0.08319454453069919,10,0.026308424961731344
Z1,ZI1,125,25,10,causal_drf,tate_functional_rmse,TATE-K-grid_upper_tail_mean,0.49865854064057835,0.2812314280262875,10,0.08893318621847802
Z1,ZI1,125,25,10,causal_drf,tcate_functional_rmse,TCATE-K-grid_mean,0.43496870773718505,0.2333939129570514,10,0.07380563569633668
Z1,ZI1,125,25,10,causal_drf,tcate_functional_rmse,TCATE-K-grid_sd,0.11460523681152668,0.06976752470350067,10,0.02206242847751257
Z1,ZI1,125,25,10,causal_drf,tcate_functional_rmse,TCATE-K-grid_skewness,0.16255031727739988,0.07982252561852725,10,0.025242098954168686
Z1,ZI1,125,25,10,causal_drf,tcate_functional_rmse,TCATE-K-grid_upper_tail_mean,0.5102437242938318,0.2789985819922756,10,0.0882270983052829
Z1,ZI1,125,25,10,causal_drf,zero_mass_abs_error,LAW-A-K,0.16496586621076914,0.01808682159766253,20,0.004044336258928477
Z1,ZI1,125,25,10,cwdb_zipt,arm_energy_risk,LAW-A-M-K,0.12465335764977563,0.0591729590826939,20,0.013231475893871714
Z1,ZI1,125,25,10,cwdb_zipt,barycenter_rmse,MEANQ-A-K,0.6911186230404265,0.20758420210717723,20,0.04641723869667034
Z1,ZI1,125,25,10,cwdb_zipt,diagnostic_classifier_constant_arm0,NONE_OPERATIONAL,0.0,0.0,10,0.0
Z1,ZI1,125,25,10,cwdb_zipt,diagnostic_classifier_constant_arm1,NONE_OPERATIONAL,0.0,0.0,10,0.0
Z1,ZI1,125,25,10,cwdb_zipt,diagnostic_effective_support,NONE_OPERATIONAL,5.929037339613865,0.49087481719663956,10,0.15522824683601702
Z1,ZI1,125,25,10,cwdb_zipt,diagnostic_positive_rate_arm0,NONE_OPERATIONAL,0.4949001908801338,0.07789096405596796,10,0.02463128555631657
Z1,ZI1,125,25,10,cwdb_zipt,diagnostic_positive_rate_arm1,NONE_OPERATIONAL,0.700294821094319,0.031205293269597548,10,0.0098679801785451
Z1,ZI1,125,25,10,cwdb_zipt,diagnostic_selected_contrast_shrinkage,NONE_OPERATIONAL,275.0,237.17082451262846,10,75.0
Z1,ZI1,125,25,10,cwdb_zipt,diagnostic_train_risk,NONE_OPERATIONAL,0.018518849078801476,0.003494154236933025,10,0.0011049485884635994
Z1,ZI1,125,25,10,cwdb_zipt,kernel_law_error,LAW-A-K,0.054910352054444875,0.02351675764538165,20,0.005258506870546126
Z1,ZI1,125,25,10,cwdb_zipt,mass_contrast_rmse,LAW-A-K,0.10407294526431672,0.06018332733480373,10,0.019031639154545078
Z1,ZI1,125,25,10,cwdb_zipt,mean_quantile_rmse,MEANQ-A-K,0.947866690129526,0.17696110502096077,10,0.055960014912649465
Z1,ZI1,125,25,10,cwdb_zipt,mode_coverage,LAW-A-K,0.9804999999999999,0.05792236183029829,20,0.01295183384698861
Z1,ZI1,125,25,10,cwdb_zipt,peak_ram,NONE_OPERATIONAL,0.0,0.0,10,0.0
Z1,ZI1,125,25,10,cwdb_zipt,process_peak_ram,NONE_OPERATIONAL,865.057421875,173.84925529001825,10,54.97596162405341
Z1,ZI1,125,25,10,cwdb_zipt,reference_effect_rmse,REF-ATE-K,0.14921029416154527,0.114574462137715,10,0.03623162620439039
Z1,ZI1,125,25,10,cwdb_zipt,reference_tcate_rmse,REF-TCATE-K,0.24782584743591177,0.14475092896407915,10,0.045774262895172745
Z1,ZI1,125,25,10,cwdb_zipt,runtime,NONE_OPERATIONAL,6.343662158799953,1.403548902260941,10,0.44384113385736257
Z1,ZI1,125,25,10,cwdb_zipt,tail_calibration,LAW-A-K,0.11109590991845983,0.03531048151195837,20,0.007895663697898847
Z1,ZI1,125,25,10,cwdb_zipt,tate_functional_rmse,TATE-K-grid_mean,0.29907795467474985,0.23225342472026436,10,0.07344498164904904
Z1,ZI1,125,25,10,cwdb_zipt,tate_functional_rmse,TATE-K-grid_sd,0.07623973883542758,0.06214380362076549,10,0.019651596190783754
Z1,ZI1,125,25,10,cwdb_zipt,tate_functional_rmse,TATE-K-grid_skewness,0.09019881483417728,0.07213704596213014,10,0.02281173689165837
Z1,ZI1,125,25,10,cwdb_zipt,tate_functional_rmse,TATE-K-grid_upper_tail_mean,0.3506459895752395,0.27409807555641263,10,0.08667742210271881
Z1,ZI1,125,25,10,cwdb_zipt,tcate_functional_rmse,TCATE-K-grid_mean,0.4859858532254469,0.28196008055882427,10,0.08916360638104465
Z1,ZI1,125,25,10,cwdb_zipt,tcate_functional_rmse,TCATE-K-grid_sd,0.11718268137383896,0.07066830214744561,10,0.022347279316289635
Z1,ZI1,125,25,10,cwdb_zipt,tcate_functional_rmse,TCATE-K-grid_skewness,0.14045630124678327,0.08199573618574192,10,0.025929328476923166
Z1,ZI1,125,25,10,cwdb_zipt,tcate_functional_rmse,TCATE-K-grid_upper_tail_mean,0.5654903821120163,0.3297469498671743,10,0.10427514130736278
Z1,ZI1,125,25,10,cwdb_zipt,zero_mass_abs_error,LAW-A-K,0.1405129248543721,0.04264617698222466,20,0.009535975071274117
Z1,ZI1,125,25,10,drf,arm_energy_risk,LAW-A-M-K,0.18542309239054794,0.03176347037971402,20,0.0071025278970341605
Z1,ZI1,125,25,10,drf,barycenter_rmse,MEANQ-A-K,0.8440333690296145,0.0906476830929324,20,0.020269438139865523
Z1,ZI1,125,25,10,drf,diagnostic_effective_support,NONE_OPERATIONAL,61.100212522937895,0.1704416103153019,10,0.053898369666320355
Z1,ZI1,125,25,10,drf,kernel_law_error,LAW-A-K,0.09996534290916322,0.014957211400406546,20,0.0033445341445143863
Z1,ZI1,125,25,10,drf,mass_contrast_rmse,LAW-A-K,0.10596768823956174,0.06334058971301405,10,0.020030053183135537
Z1,ZI1,125,25,10,drf,mean_quantile_rmse,MEANQ-A-K,0.5138707905665421,0.27834504999724546,10,0.08802043334247399
Z1,ZI1,125,25,10,drf,mode_coverage,LAW-A-K,1.0,0.0,20,0.0
Z1,ZI1,125,25,10,drf,peak_ram,NONE_OPERATIONAL,253.01,2.546653577627799,10,0.8053225716720268
Z1,ZI1,125,25,10,drf,process_peak_ram,NONE_OPERATIONAL,865.057421875,173.84925529001825,10,54.97596162405341
Z1,ZI1,125,25,10,drf,reference_effect_rmse,REF-ATE-K,0.21300187970850093,0.14658949777876606,10,0.046355669404109415
Z1,ZI1,125,25,10,drf,reference_tcate_rmse,REF-TCATE-K,0.2130775250758207,0.14649219081783457,10,0.04632489824123616
Z1,ZI1,125,25,10,drf,runtime,NONE_OPERATIONAL,4.9079999999999995,0.6771687792238767,10,0.21413957027031585
Z1,ZI1,125,25,10,drf,tail_calibration,LAW-A-K,0.1594391741361585,0.013429578606760315,20,0.003002945067389298
Z1,ZI1,125,25,10,drf,tate_functional_rmse,TATE-K-grid_mean,0.45432970067467143,0.28819188792132416,10,0.09113427690153528
Z1,ZI1,125,25,10,drf,tate_functional_rmse,TATE-K-grid_sd,0.12281539175626865,0.08257642820665134,10,0.026112959417439154
Z1,ZI1,125,25,10,drf,tate_functional_rmse,TATE-K-grid_skewness,0.1712694920801558,0.09850771170545561,10,0.03115087360804694
Z1,ZI1,125,25,10,drf,tate_functional_rmse,TATE-K-grid_upper_tail_mean,0.5349468742766583,0.3425003254257894,10,0.10830811276943737
Z1,ZI1,125,25,10,drf,tcate_functional_rmse,TCATE-K-grid_mean,0.4544507691125296,0.2880229753718335,10,0.09108086206335764
Z1,ZI1,125,25,10,drf,tcate_functional_rmse,TCATE-K-grid_sd,0.12283985449325571,0.08254055084051375,10,0.026101613998094894
Z1,ZI1,125,25,10,drf,tcate_functional_rmse,TCATE-K-grid_skewness,0.17130815787871598,0.09844483108150487,10,0.031130989008809253
Z1,ZI1,125,25,10,drf,tcate_functional_rmse,TCATE-K-grid_upper_tail_mean,0.5350844981161275,0.34230680332993335,10,0.10824691570938992
Z1,ZI1,125,25,10,drf,zero_mass_abs_error,LAW-A-K,0.19510984392024106,0.01687896889171148,20,0.0037742521831971155
Z1,ZI1,250,25,10,causal_drf,arm_energy_risk,LAW-A-M-K,0.10378054639613195,0.03643641955425699,20,0.008147431098002122
Z1,ZI1,250,25,10,causal_drf,barycenter_rmse,MEANQ-A-K,0.6153043325369263,0.13436062864377304,20,0.030043949914708188
Z1,ZI1,250,25,10,causal_drf,diagnostic_effective_support,NONE_OPERATIONAL,71.77142345902989,4.447736314208786,10,1.4064977184742091
Z1,ZI1,250,25,10,causal_drf,kernel_law_error,LAW-A-K,0.0556194407852037,0.01665015874399547,20,0.003723088678773639
Z1,ZI1,250,25,10,causal_drf,mass_contrast_rmse,LAW-A-K,0.08091807626018802,0.06938769252010062,10,0.02194231499469467
Z1,ZI1,250,25,10,causal_drf,mean_quantile_rmse,MEANQ-A-K,0.5023272672626655,0.2745831178122651,10,0.0868308059317108
Z1,ZI1,250,25,10,causal_drf,mode_coverage,LAW-A-K,1.0,0.0,20,0.0
Z1,ZI1,250,25,10,causal_drf,peak_ram,NONE_OPERATIONAL,289.03398,0.1428681116741076,10,0.04517886378974716
Z1,ZI1,250,25,10,causal_drf,process_peak_ram,NONE_OPERATIONAL,872.061328125,172.50518010714347,10,54.55092773161425
Z1,ZI1,250,25,10,causal_drf,reference_effect_rmse,REF-ATE-K,0.17401440984144506,0.16635463579804988,10,0.052605954844962007
Z1,ZI1,250,25,10,causal_drf,reference_tcate_rmse,REF-TCATE-K,0.17883215206085937,0.1663835401866826,10,0.052615095215207415
Z1,ZI1,250,25,10,causal_drf,runtime,NONE_OPERATIONAL,7.9271,1.7827235998138729,10,0.5637467013946363
Z1,ZI1,250,25,10,causal_drf,tail_calibration,LAW-A-K,0.11114949054270085,0.02119033651134324,20,0.0047383032905459225
Z1,ZI1,250,25,10,causal_drf,tate_functional_rmse,TATE-K-grid_mean,0.3565148355756018,0.3199566370711276,10,0.10117917256326286
Z1,ZI1,250,25,10,causal_drf,tate_functional_rmse,TATE-K-grid_sd,0.08692239445220912,0.08113739168911709,10,0.025657896114282645
Z1,ZI1,250,25,10,causal_drf,tate_functional_rmse,TATE-K-grid_skewness,0.1223724372394479,0.10831518007948017,10,0.03425226742224552
Z1,ZI1,250,25,10,causal_drf,tate_functional_rmse,TATE-K-grid_upper_tail_mean,0.4141342164692503,0.37290239519723045,10,0.11792209137554821
Z1,ZI1,250,25,10,causal_drf,tcate_functional_rmse,TCATE-K-grid_mean,0.36360003389351947,0.32146850252363246,10,0.10165726639782652
Z1,ZI1,250,25,10,causal_drf,tcate_functional_rmse,TCATE-K-grid_sd,0.08833755132636793,0.081289594467908,10,0.025706026859001252
Z1,ZI1,250,25,10,causal_drf,tcate_functional_rmse,TCATE-K-grid_skewness,0.12413953248252445,0.10793613753829596,10,0.03413240364622149
Z1,ZI1,250,25,10,causal_drf,tcate_functional_rmse,TCATE-K-grid_upper_tail_mean,0.422088157157829,0.37468068993515585,10,0.11848443754784187
Z1,ZI1,250,25,10,causal_drf,zero_mass_abs_error,LAW-A-K,0.13974501751632595,0.02680467483100245,20,0.005993707503689916
Z1,ZI1,250,25,10,cwdb_zipt,arm_energy_risk,LAW-A-M-K,0.0861197211563071,0.041740609807183596,20,0.009333484095115691
Z1,ZI1,250,25,10,cwdb_zipt,barycenter_rmse,MEANQ-A-K,0.5494003214053571,0.15965039968406142,20,0.03569891463285722
Z1,ZI1,250,25,10,cwdb_zipt,diagnostic_classifier_constant_arm0,NONE_OPERATIONAL,0.0,0.0,10,0.0
Z1,ZI1,250,25,10,cwdb_zipt,diagnostic_classifier_constant_arm1,NONE_OPERATIONAL,0.0,0.0,10,0.0
Z1,ZI1,250,25,10,cwdb_zipt,diagnostic_effective_support,NONE_OPERATIONAL,6.240913102980813,0.5496882186090111,10,0.17382667737650281
Z1,ZI1,250,25,10,cwdb_zipt,diagnostic_positive_rate_arm0,NONE_OPERATIONAL,0.5300678122452022,0.07323288901458881,10,0.02315827289204245
Z1,ZI1,250,25,10,cwdb_zipt,diagnostic_positive_rate_arm1,NONE_OPERATIONAL,0.7050131635083969,0.044538000069957444,10,0.014084152264980413
Z1,ZI1,250,25,10,cwdb_zipt,diagnostic_selected_contrast_shrinkage,NONE_OPERATIONAL,65.0,154.65014279549393,10,48.90466917040403
Z1,ZI1,250,25,10,cwdb_zipt,diagnostic_train_risk,NONE_OPERATIONAL,0.012928318607003327,0.001761728279629466,10,0.0005571073981959131
Z1,ZI1,250,25,10,cwdb_zipt,kernel_law_error,LAW-A-K,0.03804563255715668,0.017071198736989354,20,0.003817236083331675
Z1,ZI1,250,25,10,cwdb_zipt,mass_contrast_rmse,LAW-A-K,0.0892218288498247,0.05832959362150365,10,0.0184454370835981
Z1,ZI1,250,25,10,cwdb_zipt,mean_quantile_rmse,MEANQ-A-K,0.7534942588606982,0.24391523658017208,10,0.07713277036121632
Z1,ZI1,250,25,10,cwdb_zipt,mode_coverage,LAW-A-K,0.98375,0.03512665055121782,20,0.00785455784544035
Z1,ZI1,250,25,10,cwdb_zipt,peak_ram,NONE_OPERATIONAL,0.0,0.0,10,0.0
Z1,ZI1,250,25,10,cwdb_zipt,process_peak_ram,NONE_OPERATIONAL,872.061328125,172.50518010714347,10,54.55092773161425
Z1,ZI1,250,25,10,cwdb_zipt,reference_effect_rmse,REF-ATE-K,0.17753401080233025,0.14695609937453746,10,0.046471599007758414
Z1,ZI1,250,25,10,cwdb_zipt,reference_tcate_rmse,REF-TCATE-K,0.22629338810404284,0.15028509985473998,10,0.04752432139268183
Z1,ZI1,250,25,10,cwdb_zipt,runtime,NONE_OPERATIONAL,14.865104180499998,3.8599416280957817,10,1.2206207180081252
Z1,ZI1,250,25,10,cwdb_zipt,tail_calibration,LAW-A-K,0.0889701974914433,0.02882521969917314,20,0.006445515071371717
Z1,ZI1,250,25,10,cwdb_zipt,tate_functional_rmse,TATE-K-grid_mean,0.3332766221813282,0.28172308067899277,10,0.08908866043849928
Z1,ZI1,250,25,10,cwdb_zipt,tate_functional_rmse,TATE-K-grid_sd,0.07005265216194928,0.06657523397869047,10,0.021052937513129567
Z1,ZI1,250,25,10,cwdb_zipt,tate_functional_rmse,TATE-K-grid_skewness,0.08898693309166587,0.08155964802698702,10,0.02579142529269371
Z1,ZI1,250,25,10,cwdb_zipt,tate_functional_rmse,TATE-K-grid_upper_tail_mean,0.3813496885842055,0.32608648498744325,10,0.10311760067586233
Z1,ZI1,250,25,10,cwdb_zipt,tcate_functional_rmse,TCATE-K-grid_mean,0.4309050829255681,0.28488175818573547,10,0.09008752197002415
Z1,ZI1,250,25,10,cwdb_zipt,tcate_functional_rmse,TCATE-K-grid_sd,0.0942526777534061,0.06365389563457069,10,0.02012912921478924
Z1,ZI1,250,25,10,cwdb_zipt,tcate_functional_rmse,TCATE-K-grid_skewness,0.11925215279649966,0.08196864066645272,10,0.025920760121389275
Z1,ZI1,250,25,10,cwdb_zipt,tcate_functional_rmse,TCATE-K-grid_upper_tail_mean,0.4945343911609676,0.3274286802470739,10,0.10354204008437372
Z1,ZI1,250,25,10,cwdb_zipt,zero_mass_abs_error,LAW-A-K,0.11046654347872127,0.032912778057679025,20,0.007359520906533379
Z1,ZI1,250,25,10,drf,arm_energy_risk,LAW-A-M-K,0.1643367403985266,0.03403466929880581,20,0.007610383414385489
Z1,ZI1,250,25,10,drf,barycenter_rmse,MEANQ-A-K,0.7933209487687398,0.09388805646292639,20,0.020994007652644187
Z1,ZI1,250,25,10,drf,diagnostic_effective_support,NONE_OPERATIONAL,116.98039748294286,1.2630626622680905,10,0.3994154840283181
Z1,ZI1,250,25,10,drf,kernel_law_error,LAW-A-K,0.08748062543562486,0.01657569396504857,20,0.0037064378480081627
Z1,ZI1,250,25,10,drf,mass_contrast_rmse,LAW-A-K,0.0973854881226286,0.0726116734937569,10,0.022961827295674787
Z1,ZI1,250,25,10,drf,mean_quantile_rmse,MEANQ-A-K,0.520540591828369,0.28479796872073165,10,0.09006102541469026
Z1,ZI1,250,25,10,drf,mode_coverage,LAW-A-K,1.0,0.0,20,0.0
Z1,ZI1,250,25,10,drf,peak_ram,NONE_OPERATIONAL,314.03000000000003,14.010159012500736,10,4.430401286063776
Z1,ZI1,250,25,10,drf,process_peak_ram,NONE_OPERATIONAL,872.061328125,172.50518010714347,10,54.55092773161425
Z1,ZI1,250,25,10,drf,reference_effect_rmse,REF-ATE-K,0.21142280131201718,0.15712943997422857,10,0.04968869177852713
Z1,ZI1,250,25,10,drf,reference_tcate_rmse,REF-TCATE-K,0.21150179132139485,0.1569261929670863,10,0.04962441943150892
Z1,ZI1,250,25,10,drf,runtime,NONE_OPERATIONAL,8.4927,1.924638670273231,10,0.6086241870901213
Z1,ZI1,250,25,10,drf,tail_calibration,LAW-A-K,0.1477696458111551,0.014688500678970129,20,0.0032844486005729023
Z1,ZI1,250,25,10,drf,tate_functional_rmse,TATE-K-grid_mean,0.43456383477675675,0.3170839919164593,10,0.10027076240344301
Z1,ZI1,250,25,10,drf,tate_functional_rmse,TATE-K-grid_sd,0.10626092726840157,0.08697322844091485,10,0.027503349733142612
Z1,ZI1,250,25,10,drf,tate_functional_rmse,TATE-K-grid_skewness,0.16244223020008305,0.10559373943312748,10,0.03339167232630199
Z1,ZI1,250,25,10,drf,tate_functional_rmse,TATE-K-grid_upper_tail_mean,0.5047259664825978,0.3730859858979464,10,0.11798014785269709
Z1,ZI1,250,25,10,drf,tcate_functional_rmse,TCATE-K-grid_mean,0.43470290585221705,0.3167124444786647,10,0.10015326878721995
Z1,ZI1,250,25,10,drf,tcate_functional_rmse,TCATE-K-grid_sd,0.10639347216431469,0.0867478362335566,10,0.027432074458932112
Z1,ZI1,250,25,10,drf,tcate_functional_rmse,TCATE-K-grid_skewness,0.162441043301217,0.10555518867931404,10,0.0333794815075453
Z1,ZI1,250,25,10,drf,tcate_functional_rmse,TCATE-K-grid_upper_tail_mean,0.5048912485603584,0.3726438335614547,10,0.11784032700708919
Z1,ZI1,250,25,10,drf,zero_mass_abs_error,LAW-A-K,0.1821746877834038,0.018844064331569186,20,0.004213660881776784
Z1,ZI1,500,25,10,causal_drf,arm_energy_risk,LAW-A-M-K,0.06531193166004896,0.019480369352495856,20,0.0043559430098984294
Z1,ZI1,500,25,10,causal_drf,barycenter_rmse,MEANQ-A-K,0.4776249490848808,0.0857662420194141,20,0.019177914733010875
Z1,ZI1,500,25,10,causal_drf,diagnostic_effective_support,NONE_OPERATIONAL,100.98632409688022,4.7992023599982785,10,1.5176410409649919
Z1,ZI1,500,25,10,causal_drf,kernel_law_error,LAW-A-K,0.036575426269364816,0.009493314113531708,20,0.002122769568961505
Z1,ZI1,500,25,10,causal_drf,mass_contrast_rmse,LAW-A-K,0.05830460361902279,0.03601315326657117,10,0.011388359004709789
Z1,ZI1,500,25,10,causal_drf,mean_quantile_rmse,MEANQ-A-K,0.38891856702560723,0.13878572329346567,10,0.043887899232123675
Z1,ZI1,500,25,10,causal_drf,mode_coverage,LAW-A-K,1.0,0.0,20,0.0
Z1,ZI1,500,25,10,causal_drf,peak_ram,NONE_OPERATIONAL,320.35001,0.3608043712780272,10,0.1140963602983603
Z1,ZI1,500,25,10,causal_drf,process_peak_ram,NONE_OPERATIONAL,978.751953125,13.609631284511638,10,4.303743297413983
Z1,ZI1,500,25,10,causal_drf,reference_effect_rmse,REF-ATE-K,0.11307528852609539,0.08716768013108006,10,0.02756484075672176
Z1,ZI1,500,25,10,causal_drf,reference_tcate_rmse,REF-TCATE-K,0.12047057644661338,0.08002558874978155,10,0.02530631315452562
Z1,ZI1,500,25,10,causal_drf,runtime,NONE_OPERATIONAL,14.855500000000001,2.7200478856078987,10,0.8601546663246092
Z1,ZI1,500,25,10,causal_drf,tail_calibration,LAW-A-K,0.08735638885623674,0.015682895777241277,20,0.0035068021041955895
Z1,ZI1,500,25,10,causal_drf,tate_functional_rmse,TATE-K-grid_mean,0.24264804423635855,0.1709169584457346,10,0.05404868794368737
Z1,ZI1,500,25,10,causal_drf,tate_functional_rmse,TATE-K-grid_sd,0.06273220533916431,0.0430008332522141,10,0.013598057436210223
Z1,ZI1,500,25,10,causal_drf,tate_functional_rmse,TATE-K-grid_skewness,0.09191102952841063,0.05912308061680186,10,0.018696359703484666
Z1,ZI1,500,25,10,causal_drf,tate_functional_rmse,TATE-K-grid_upper_tail_mean,0.28370331601619114,0.19912650878323346,10,0.06296933102725417
Z1,ZI1,500,25,10,causal_drf,tcate_functional_rmse,TCATE-K-grid_mean,0.2528444488078552,0.16130383830241382,10,0.05100875243631357
Z1,ZI1,500,25,10,causal_drf,tcate_functional_rmse,TCATE-K-grid_sd,0.06496952550042387,0.04086490102471122,10,0.01292261635954362
Z1,ZI1,500,25,10,causal_drf,tcate_functional_rmse,TCATE-K-grid_skewness,0.0940159118502846,0.05664133132873325,10,0.01791156167030485
Z1,ZI1,500,25,10,causal_drf,tcate_functional_rmse,TCATE-K-grid_upper_tail_mean,0.2954956219461863,0.18792563447101562,10,0.05942730356606614
Z1,ZI1,500,25,10,causal_drf,zero_mass_abs_error,LAW-A-K,0.10987169569791314,0.018231423764675674,20,0.0040766702864419935
Z1,ZI1,500,25,10,cwdb_zipt,arm_energy_risk,LAW-A-M-K,0.048839792517533745,0.01745454746347411,20,0.003902955464482464
Z1,ZI1,500,25,10,cwdb_zipt,barycenter_rmse,MEANQ-A-K,0.37501909955089807,0.09301925825448058,20,0.0207997384673627
Z1,ZI1,500,25,10,cwdb_zipt,diagnostic_classifier_constant_arm0,NONE_OPERATIONAL,0.0,0.0,10,0.0
Z1,ZI1,500,25,10,cwdb_zipt,diagnostic_classifier_constant_arm1,NONE_OPERATIONAL,0.0,0.0,10,0.0
Z1,ZI1,500,25,10,cwdb_zipt,diagnostic_effective_support,NONE_OPERATIONAL,5.722688607827904,0.3086759605069722,10,0.09761190941422151
Z1,ZI1,500,25,10,cwdb_zipt,diagnostic_positive_rate_arm0,NONE_OPERATIONAL,0.4924182709903947,0.03356084066601608,10,0.010612869669461312
Z1,ZI1,500,25,10,cwdb_zipt,diagnostic_positive_rate_arm1,NONE_OPERATIONAL,0.677780777618326,0.03183777766961135,10,0.010067989307401964
Z1,ZI1,500,25,10,cwdb_zipt,diagnostic_selected_contrast_shrinkage,NONE_OPERATIONAL,205.0,254.35102603379536,10,80.4328567467577
Z1,ZI1,500,25,10,cwdb_zipt,diagnostic_train_risk,NONE_OPERATIONAL,0.01752070355040015,0.0018895687585289793,10,0.0005975341072448289
Z1,ZI1,500,25,10,cwdb_zipt,kernel_law_error,LAW-A-K,0.02258057264223739,0.007854443789778306,20,0.001756307023939536
Z1,ZI1,500,25,10,cwdb_zipt,mass_contrast_rmse,LAW-A-K,0.056553430713800736,0.02196233516272202,10,0.006945100185020631
Z1,ZI1,500,25,10,cwdb_zipt,mean_quantile_rmse,MEANQ-A-K,0.5182687151205048,0.08070423768724966,10,0.025520920791930857
Z1,ZI1,500,25,10,cwdb_zipt,mode_coverage,LAW-A-K,0.9875,0.023254880642226704,20,0.0051999493924662875
Z1,ZI1,500,25,10,cwdb_zipt,peak_ram,NONE_OPERATIONAL,0.0,0.0,10,0.0
Z1,ZI1,500,25,10,cwdb_zipt,process_peak_ram,NONE_OPERATIONAL,978.751953125,13.609631284511638,10,4.303743297413983
Z1,ZI1,500,25,10,cwdb_zipt,reference_effect_rmse,REF-ATE-K,0.09563565833849069,0.0739542165977158,10,0.02338637670222102
Z1,ZI1,500,25,10,cwdb_zipt,reference_tcate_rmse,REF-TCATE-K,0.14312830692877548,0.05371199066960789,10,0.016985222817767345
Z1,ZI1,500,25,10,cwdb_zipt,runtime,NONE_OPERATIONAL,27.384803487899898,5.114512174449483,10,1.61735075919208
Z1,ZI1,500,25,10,cwdb_zipt,tail_calibration,LAW-A-K,0.060137149645238495,0.016447047627063952,20,0.0036776716523291607
Z1,ZI1,500,25,10,cwdb_zipt,tate_functional_rmse,TATE-K-grid_mean,0.18159464876277118,0.1423452125673362,10,0.04501350857336065
Z1,ZI1,500,25,10,cwdb_zipt,tate_functional_rmse,TATE-K-grid_sd,0.040956009378375915,0.030444372105953944,10,0.009627355778851151
Z1,ZI1,500,25,10,cwdb_zipt,tate_functional_rmse,TATE-K-grid_skewness,0.051839398730325205,0.04154613844037949,10,0.013138042545627482
Z1,ZI1,500,25,10,cwdb_zipt,tate_functional_rmse,TATE-K-grid_upper_tail_mean,0.2090176109128818,0.16315875071941222,10,0.05159532724609787
Z1,ZI1,500,25,10,cwdb_zipt,tcate_functional_rmse,TCATE-K-grid_mean,0.2727728222433316,0.10432552745497206,10,0.032990628485614105
Z1,ZI1,500,25,10,cwdb_zipt,tcate_functional_rmse,TCATE-K-grid_sd,0.06223545775998178,0.02130606771640342,10,0.006737570196561725
Z1,ZI1,500,25,10,cwdb_zipt,tcate_functional_rmse,TCATE-K-grid_skewness,0.07684272913381728,0.03183440718156264,10,0.010066923465495935
Z1,ZI1,500,25,10,cwdb_zipt,tcate_functional_rmse,TCATE-K-grid_upper_tail_mean,0.3148672458594645,0.11818946944653477,10,0.037374791889793015
Z1,ZI1,500,25,10,cwdb_zipt,zero_mass_abs_error,LAW-A-K,0.07394117320860347,0.0195698921548893,20,0.004375960917067232
Z1,ZI1,500,25,10,drf,arm_energy_risk,LAW-A-M-K,0.09341132136092196,0.026971975865235844,20,0.006031117152215105
Z1,ZI1,500,25,10,drf,barycenter_rmse,MEANQ-A-K,0.5865974653385336,0.09881421374939307,20,0.022095529908683728
Z1,ZI1,500,25,10,drf,diagnostic_effective_support,NONE_OPERATIONAL,177.0083379674417,3.8934998701598267,10,1.2312327659274904
Z1,ZI1,500,25,10,drf,kernel_law_error,LAW-A-K,0.05019649792064481,0.01222599834446658,20,0.0027338163391027164
Z1,ZI1,500,25,10,drf,mass_contrast_rmse,LAW-A-K,0.06445825990881232,0.04170886008289201,10,0.013189499647121806
Z1,ZI1,500,25,10,drf,mean_quantile_rmse,MEANQ-A-K,0.41202997213589976,0.13629162856958446,10,0.04309919722935634
Z1,ZI1,500,25,10,drf,mode_coverage,LAW-A-K,1.0,0.0,20,0.0
Z1,ZI1,500,25,10,drf,peak_ram,NONE_OPERATIONAL,437.56000000000006,15.287990929702525,10,4.834487218585511
Z1,ZI1,500,25,10,drf,process_peak_ram,NONE_OPERATIONAL,978.751953125,13.609631284511638,10,4.303743297413983
Z1,ZI1,500,25,10,drf,reference_effect_rmse,REF-ATE-K,0.1263689927659753,0.09539113201414769,10,0.03016532457465119
Z1,ZI1,500,25,10,drf,reference_tcate_rmse,REF-TCATE-K,0.12747379228677186,0.09443350503767961,10,0.029862496335205234
Z1,ZI1,500,25,10,drf,runtime,NONE_OPERATIONAL,16.3316,3.269654966506406,10,1.0339556857041798
Z1,ZI1,500,25,10,drf,tail_calibration,LAW-A-K,0.10892382181266191,0.01743026814219546,20,0.0038975264431998016
Z1,ZI1,500,25,10,drf,tate_functional_rmse,TATE-K-grid_mean,0.27322245768556974,0.18959483548838302,10,0.05995515127482126
Z1,ZI1,500,25,10,drf,tate_functional_rmse,TATE-K-grid_sd,0.06992275493483746,0.04790690524987346,10,0.015149493623947808
Z1,ZI1,500,25,10,drf,tate_functional_rmse,TATE-K-grid_skewness,0.10864339451146991,0.06109749844471204,10,0.019320725442388515
Z1,ZI1,500,25,10,drf,tate_functional_rmse,TATE-K-grid_upper_tail_mean,0.31888978475261803,0.22095399474738422,10,0.06987178815146146
Z1,ZI1,500,25,10,drf,tcate_functional_rmse,TCATE-K-grid_mean,0.27487895824138253,0.1881392103611282,10,0.0594948421926715
Z1,ZI1,500,25,10,drf,tcate_functional_rmse,TCATE-K-grid_sd,0.07050014151730286,0.047279553437226965,10,0.014951107561727994
Z1,ZI1,500,25,10,drf,tcate_functional_rmse,TCATE-K-grid_skewness,0.10890191575970946,0.06086466471874618,10,0.019247096953372955
Z1,ZI1,500,25,10,drf,tcate_functional_rmse,TCATE-K-grid_upper_tail_mean,0.32084062110747724,0.21923873437546781,10,0.06932937519591312
Z1,ZI1,500,25,10,drf,zero_mass_abs_error,LAW-A-K,0.13495955614900912,0.02094357636043011,20,0.004683126043387937
Z1,ZI1,1000,25,10,causal_drf,arm_energy_risk,LAW-A-M-K,0.04505249495536244,0.012308626777594643,20,0.0027522926184375806
Z1,ZI1,1000,25,10,causal_drf,barycenter_rmse,MEANQ-A-K,0.39539700738638894,0.061943939758185386,20,0.01385108600934544
Z1,ZI1,1000,25,10,causal_drf,diagnostic_effective_support,NONE_OPERATIONAL,131.6450469633057,4.624213062642297,10,1.4623045663852536
Z1,ZI1,1000,25,10,causal_drf,kernel_law_error,LAW-A-K,0.024736056717491205,0.005583869407208389,20,0.0012485911571999413
Z1,ZI1,1000,25,10,causal_drf,mass_contrast_rmse,LAW-A-K,0.041226072583473265,0.024494282484808807,10,0.007745772230356451
Z1,ZI1,1000,25,10,causal_drf,mean_quantile_rmse,MEANQ-A-K,0.3420683216599593,0.08108993329457502,10,0.025642888452197865
Z1,ZI1,1000,25,10,causal_drf,mode_coverage,LAW-A-K,1.0,0.0,20,0.0
Z1,ZI1,1000,25,10,causal_drf,peak_ram,NONE_OPERATIONAL,390.36681,1.103092676120698,10,0.3488285326791837
Z1,ZI1,1000,25,10,causal_drf,process_peak_ram,NONE_OPERATIONAL,831.106640625,176.41416428487605,10,55.78705706553379
Z1,ZI1,1000,25,10,causal_drf,reference_effect_rmse,REF-ATE-K,0.08153789866859909,0.06336591022639404,10,0.02003806023251609
Z1,ZI1,1000,25,10,causal_drf,reference_tcate_rmse,REF-TCATE-K,0.09285689243932618,0.05820493169024244,10,0.018406015519568022
Z1,ZI1,1000,25,10,causal_drf,runtime,NONE_OPERATIONAL,29.532999999999998,3.7012238216268134,10,1.1704297406413506
Z1,ZI1,1000,25,10,causal_drf,tail_calibration,LAW-A-K,0.07170883824689817,0.0115212202747237,20,0.0025762231718030994
Z1,ZI1,1000,25,10,causal_drf,tate_functional_rmse,TATE-K-grid_mean,0.1679433696347818,0.121584998198909,10,0.03844855236160225
Z1,ZI1,1000,25,10,causal_drf,tate_functional_rmse,TATE-K-grid_sd,0.044598864835724575,0.03078894722381694,10,0.009736319998597955
Z1,ZI1,1000,25,10,causal_drf,tate_functional_rmse,TATE-K-grid_skewness,0.06400564957771086,0.03744038121848141,10,0.011839688111539152
Z1,ZI1,1000,25,10,causal_drf,tate_functional_rmse,TATE-K-grid_upper_tail_mean,0.1969465045153115,0.14213134810764969,10,0.04494587869304358
Z1,ZI1,1000,25,10,causal_drf,tcate_functional_rmse,TCATE-K-grid_mean,0.18652326017177906,0.11404701125115221,10,0.036064831588849044
Z1,ZI1,1000,25,10,causal_drf,tcate_functional_rmse,TCATE-K-grid_sd,0.04796310914456683,0.02907839767895933,10,0.009195396737366513
Z1,ZI1,1000,25,10,causal_drf,tcate_functional_rmse,TCATE-K-grid_skewness,0.06730046525851299,0.03623812251592477,10,0.011459500527855365
Z1,ZI1,1000,25,10,causal_drf,tcate_functional_rmse,TCATE-K-grid_upper_tail_mean,0.21783561236448098,0.13344601710165221,10,0.04219933587190023
Z1,ZI1,1000,25,10,causal_drf,zero_mass_abs_error,LAW-A-K,0.08972259107716399,0.012265955870045373,20,0.002742751113443403
Z1,ZI1,1000,25,10,cwdb_zipt,arm_energy_risk,LAW-A-M-K,0.033133284511728825,0.012789722089569406,20,0.0028598688005607845
Z1,ZI1,1000,25,10,cwdb_zipt,barycenter_rmse,MEANQ-A-K,0.27527526737832775,0.07889724765217784,20,0.017641960898790533
Z1,ZI1,1000,25,10,cwdb_zipt,diagnostic_classifier_constant_arm0,NONE_OPERATIONAL,0.0,0.0,10,0.0
Z1,ZI1,1000,25,10,cwdb_zipt,diagnostic_classifier_constant_arm1,NONE_OPERATIONAL,0.0,0.0,10,0.0
Z1,ZI1,1000,25,10,cwdb_zipt,diagnostic_effective_support,NONE_OPERATIONAL,5.792292954736445,0.311782322358492,10,0.09859422728296754
Z1,ZI1,1000,25,10,cwdb_zipt,diagnostic_positive_rate_arm0,NONE_OPERATIONAL,0.49852676940867385,0.022398988007948085,10,0.007083181938791365
Z1,ZI1,1000,25,10,cwdb_zipt,diagnostic_positive_rate_arm1,NONE_OPERATIONAL,0.6790385571215232,0.02438690876952725,10,0.007711817680244036
Z1,ZI1,1000,25,10,cwdb_zipt,diagnostic_selected_contrast_shrinkage,NONE_OPERATIONAL,110.0,206.5591117977289,10,65.31972647421807
Z1,ZI1,1000,25,10,cwdb_zipt,diagnostic_train_risk,NONE_OPERATIONAL,0.02957185835493243,0.007216001101058011,10,0.0022818999077626172
Z1,ZI1,1000,25,10,cwdb_zipt,kernel_law_error,LAW-A-K,0.01540065346641834,0.005448259888417759,20,0.0012182679469587528
Z1,ZI1,1000,25,10,cwdb_zipt,mass_contrast_rmse,LAW-A-K,0.036514195482838616,0.017506303814020584,10,0.005535979346319778
Z1,ZI1,1000,25,10,cwdb_zipt,mean_quantile_rmse,MEANQ-A-K,0.38098493595076754,0.10465498944648838,10,0.03309481351517877
Z1,ZI1,1000,25,10,cwdb_zipt,mode_coverage,LAW-A-K,0.98925,0.014803537983945108,20,0.003310171723960145
Z1,ZI1,1000,25,10,cwdb_zipt,peak_ram,NONE_OPERATIONAL,0.0,0.0,10,0.0
Z1,ZI1,1000,25,10,cwdb_zipt,process_peak_ram,NONE_OPERATIONAL,831.106640625,176.41416428487605,10,55.78705706553379
Z1,ZI1,1000,25,10,cwdb_zipt,reference_effect_rmse,REF-ATE-K,0.056415979290414774,0.04092920951824463,10,0.012942952490789597
Z1,ZI1,1000,25,10,cwdb_zipt,reference_tcate_rmse,REF-TCATE-K,0.09564958895143832,0.04828367709912376,10,0.015268639344134265
Z1,ZI1,1000,25,10,cwdb_zipt,runtime,NONE_OPERATIONAL,45.518564534999996,6.385145142151115,10,2.0191601839957123
Z1,ZI1,1000,25,10,cwdb_zipt,tail_calibration,LAW-A-K,0.0421911538192396,0.012954013280603523,20,0.0028966054276864535
Z1,ZI1,1000,25,10,cwdb_zipt,tate_functional_rmse,TATE-K-grid_mean,0.1054341175685926,0.07418093714364975,10,0.023458072033971832
Z1,ZI1,1000,25,10,cwdb_zipt,tate_functional_rmse,TATE-K-grid_sd,0.02530998271705378,0.018774809161581966,10,0.005937115958559527
Z1,ZI1,1000,25,10,cwdb_zipt,tate_functional_rmse,TATE-K-grid_skewness,0.029160629753292023,0.019764058505118524,10,0.006249944068499716
Z1,ZI1,1000,25,10,cwdb_zipt,tate_functional_rmse,TATE-K-grid_upper_tail_mean,0.12227795861252592,0.08678804416314366,10,0.02744478932268159
Z1,ZI1,1000,25,10,cwdb_zipt,tcate_functional_rmse,TCATE-K-grid_mean,0.17913306051721933,0.08861202989246605,10,0.028021584255111802
Z1,ZI1,1000,25,10,cwdb_zipt,tcate_functional_rmse,TCATE-K-grid_sd,0.040953511857170444,0.020221126347085165,10,0.006394481611082964
Z1,ZI1,1000,25,10,cwdb_zipt,tcate_functional_rmse,TCATE-K-grid_skewness,0.05035462124304518,0.02291883519111374,10,0.007247572052193987
Z1,ZI1,1000,25,10,cwdb_zipt,tcate_functional_rmse,TCATE-K-grid_upper_tail_mean,0.20650709931470984,0.10197583548076651,10,0.03224759064178339
Z1,ZI1,1000,25,10,cwdb_zipt,zero_mass_abs_error,LAW-A-K,0.052619872691260325,0.016354783309550973,20,0.003657040723743496
Z1,ZI1,1000,25,10,drf,arm_energy_risk,LAW-A-M-K,0.05590870953012957,0.01667424720349522,20,0.003728475022065108
Z1,ZI1,1000,25,10,drf,barycenter_rmse,MEANQ-A-K,0.45106426552297785,0.08255951834796693,20,0.018460869521569518
Z1,ZI1,1000,25,10,drf,diagnostic_effective_support,NONE_OPERATIONAL,245.8084869891618,3.478588476320435,10,1.1000262627587272
Z1,ZI1,1000,25,10,drf,kernel_law_error,LAW-A-K,0.029122527529453247,0.007227661231161428,20,0.0016161541831216774
Z1,ZI1,1000,25,10,drf,mass_contrast_rmse,LAW-A-K,0.04792464796295455,0.025166257435048123,10,0.007958269367689905
Z1,ZI1,1000,25,10,drf,mean_quantile_rmse,MEANQ-A-K,0.35441770464520966,0.08136413251308543,10,0.025729597858510974
Z1,ZI1,1000,25,10,drf,mode_coverage,LAW-A-K,1.0,0.0,20,0.0
Z1,ZI1,1000,25,10,drf,peak_ram,NONE_OPERATIONAL,559.3900000000001,10.262168928209624,10,3.2451827546551373
Z1,ZI1,1000,25,10,drf,process_peak_ram,NONE_OPERATIONAL,831.106640625,176.41416428487605,10,55.78705706553379
Z1,ZI1,1000,25,10,drf,reference_effect_rmse,REF-ATE-K,0.10090640085964642,0.0631446779571473,10,0.01996810044624136
Z1,ZI1,1000,25,10,drf,reference_tcate_rmse,REF-TCATE-K,0.1027403086385904,0.06259523335158645,10,0.01979435080607485
Z1,ZI1,1000,25,10,drf,runtime,NONE_OPERATIONAL,26.8593,3.507041679884121,10,1.109023955757694
Z1,ZI1,1000,25,10,drf,tail_calibration,LAW-A-K,0.08138096581218662,0.015413772574886873,20,0.0034466243267169015
Z1,ZI1,1000,25,10,drf,tate_functional_rmse,TATE-K-grid_mean,0.2087943127048239,0.12058209010615868,10,0.038131404975911616
Z1,ZI1,1000,25,10,drf,tate_functional_rmse,TATE-K-grid_sd,0.05445292565932399,0.03086005679207069,10,0.00975880681850926
Z1,ZI1,1000,25,10,drf,tate_functional_rmse,TATE-K-grid_skewness,0.08035275300338865,0.03549363465449638,10,0.01122407279460921
Z1,ZI1,1000,25,10,drf,tate_functional_rmse,TATE-K-grid_upper_tail_mean,0.24411182628630895,0.14132562760312847,10,0.04469108749786488
Z1,ZI1,1000,25,10,drf,tcate_functional_rmse,TCATE-K-grid_mean,0.2119658962534839,0.11982122149643874,10,0.03789079719522754
Z1,ZI1,1000,25,10,drf,tcate_functional_rmse,TCATE-K-grid_sd,0.05510227204454299,0.03072542733080659,10,0.009716233244733663
Z1,ZI1,1000,25,10,drf,tcate_functional_rmse,TCATE-K-grid_skewness,0.08100905654419852,0.035376232990312985,10,0.011186947128617836
Z1,ZI1,1000,25,10,drf,tcate_functional_rmse,TCATE-K-grid_upper_tail_mean,0.2477323965723368,0.1404721919994037,10,0.04442120746345976
Z1,ZI1,1000,25,10,drf,zero_mass_abs_error,LAW-A-K,0.1022218732558654,0.01697220964193416,20,0.0037951014487742148
Z2,ZI2,125,25,10,causal_drf,arm_energy_risk,LAW-A-M-K,0.15351153885984814,0.045399397879779396,20,0.010151613979674654
Z2,ZI2,125,25,10,causal_drf,barycenter_rmse,MEANQ-A-K,0.7951219388818657,0.1239745624502457,20,0.027721554911954226
Z2,ZI2,125,25,10,causal_drf,diagnostic_effective_support,NONE_OPERATIONAL,50.99011148284456,1.4791739974063862,10,0.4677558887500175
Z2,ZI2,125,25,10,causal_drf,kernel_law_error,LAW-A-K,0.07667777345334098,0.019530551340752017,20,0.004367164043597117
Z2,ZI2,125,25,10,causal_drf,mass_contrast_rmse,LAW-A-K,0.13092071510768394,0.08891259323942087,10,0.028116630730865868
Z2,ZI2,125,25,10,causal_drf,mean_quantile_rmse,MEANQ-A-K,0.6457367324386392,0.4297723749811792,10,0.13590595803604907
Z2,ZI2,125,25,10,causal_drf,mode_coverage,LAW-A-K,1.0,0.0,20,0.0
Z2,ZI2,125,25,10,causal_drf,peak_ram,NONE_OPERATIONAL,270.83281,0.11817486525388875,10,0.03737017363857808
Z2,ZI2,125,25,10,causal_drf,process_peak_ram,NONE_OPERATIONAL,836.71640625,181.53356756017067,10,57.40595452661949
Z2,ZI2,125,25,10,causal_drf,reference_effect_rmse,REF-ATE-K,0.30438632941130467,0.22213590869173439,10,0.07024554215770745
Z2,ZI2,125,25,10,causal_drf,reference_tcate_rmse,REF-TCATE-K,0.30838761792848723,0.22077359455341436,10,0.06981474060113335
Z2,ZI2,125,25,10,causal_drf,runtime,NONE_OPERATIONAL,4.3698999999999995,1.127893656334674,10,0.3566712912472771
Z2,ZI2,125,25,10,causal_drf,tail_calibration,LAW-A-K,0.14559116339961525,0.019890039229189572,20,0.00444754797916054
Z2,ZI2,125,25,10,causal_drf,tate_functional_rmse,TATE-K-grid_mean,0.6002625086634041,0.42378204245333767,10,0.13401164856307174
Z2,ZI2,125,25,10,causal_drf,tate_functional_rmse,TATE-K-grid_sd,0.14389772919754312,0.11508590299661575,10,0.03639335800465031
Z2,ZI2,125,25,10,causal_drf,tate_functional_rmse,TATE-K-grid_skewness,0.17171031544271595,0.12084664055766692,10,0.03821506317419081
Z2,ZI2,125,25,10,causal_drf,tate_functional_rmse,TATE-K-grid_upper_tail_mean,0.6985999595546036,0.5019693034076667,10,0.15873663142563474
Z2,ZI2,125,25,10,causal_drf,tcate_functional_rmse,TCATE-K-grid_mean,0.6083421006961182,0.4206343486429907,10,0.1330162603813207
Z2,ZI2,125,25,10,causal_drf,tcate_functional_rmse,TCATE-K-grid_sd,0.14647518628380668,0.1136217060351421,10,0.03593033827051486
Z2,ZI2,125,25,10,causal_drf,tcate_functional_rmse,TCATE-K-grid_skewness,0.17438533650308877,0.11927350676703455,10,0.03771759458993353
Z2,ZI2,125,25,10,causal_drf,tcate_functional_rmse,TCATE-K-grid_upper_tail_mean,0.7083326752455736,0.4979433114542132,10,0.15746350098419237
Z2,ZI2,125,25,10,causal_drf,zero_mass_abs_error,LAW-A-K,0.17551709995165912,0.023996685963391762,20,0.0053658221048859004
Z2,ZI2,125,25,10,cwdb_zipt,arm_energy_risk,LAW-A-M-K,0.12116881384615538,0.05713958570752039,20,0.0127767997848191
Z2,ZI2,125,25,10,cwdb_zipt,barycenter_rmse,MEANQ-A-K,0.6867241840666556,0.2058301629231333,20,0.046025023611598284
Z2,ZI2,125,25,10,cwdb_zipt,diagnostic_classifier_constant_arm0,NONE_OPERATIONAL,0.0,0.0,10,0.0
Z2,ZI2,125,25,10,cwdb_zipt,diagnostic_classifier_constant_arm1,NONE_OPERATIONAL,0.0,0.0,10,0.0
Z2,ZI2,125,25,10,cwdb_zipt,diagnostic_effective_support,NONE_OPERATIONAL,4.472163993382686,0.43989106885695145,10,0.1391057699953928
Z2,ZI2,125,25,10,cwdb_zipt,diagnostic_positive_rate_arm0,NONE_OPERATIONAL,0.4949001908801338,0.077890964055968,10,0.024631285556316582
Z2,ZI2,125,25,10,cwdb_zipt,diagnostic_positive_rate_arm1,NONE_OPERATIONAL,0.5096482330612432,0.0778164024354524,10,0.02460770710163034
Z2,ZI2,125,25,10,cwdb_zipt,diagnostic_selected_contrast_shrinkage,NONE_OPERATIONAL,135.0,193.00259065618783,10,61.032778078668514
Z2,ZI2,125,25,10,cwdb_zipt,diagnostic_train_risk,NONE_OPERATIONAL,0.019132974450524195,0.003600298322509778,10,0.001138514295521436
Z2,ZI2,125,25,10,cwdb_zipt,kernel_law_error,LAW-A-K,0.055352999756045775,0.02446155431595957,20,0.005469769828578897
Z2,ZI2,125,25,10,cwdb_zipt,mass_contrast_rmse,LAW-A-K,0.12829109257704846,0.10355318069016119,10,0.03274639099358763
Z2,ZI2,125,25,10,cwdb_zipt,mean_quantile_rmse,MEANQ-A-K,0.9061452833287879,0.44009629439889836,10,0.13917066801005223
Z2,ZI2,125,25,10,cwdb_zipt,mode_coverage,LAW-A-K,0.9754999999999999,0.05832982445587017,20,0.013042945259895538
Z2,ZI2,125,25,10,cwdb_zipt,peak_ram,NONE_OPERATIONAL,0.0,0.0,10,0.0
Z2,ZI2,125,25,10,cwdb_zipt,process_peak_ram,NONE_OPERATIONAL,836.71640625,181.53356756017067,10,57.40595452661949
Z2,ZI2,125,25,10,cwdb_zipt,reference_effect_rmse,REF-ATE-K,0.24369902128977575,0.25370435580579936,10,0.08022836166520891
Z2,ZI2,125,25,10,cwdb_zipt,reference_tcate_rmse,REF-TCATE-K,0.33977869488172147,0.2453734542451274,10,0.07759389927577143
Z2,ZI2,125,25,10,cwdb_zipt,runtime,NONE_OPERATIONAL,5.4497160984998345,1.2171298680325062,10,0.3848902591202882
Z2,ZI2,125,25,10,cwdb_zipt,tail_calibration,LAW-A-K,0.11161591953491437,0.03521742798006798,20,0.00787485629561351
Z2,ZI2,125,25,10,cwdb_zipt,tate_functional_rmse,TATE-K-grid_mean,0.44854574865419605,0.491328093908296,10,0.1553715855179316
Z2,ZI2,125,25,10,cwdb_zipt,tate_functional_rmse,TATE-K-grid_sd,0.09743845724438004,0.12648980228101833,10,0.039999587599237954
Z2,ZI2,125,25,10,cwdb_zipt,tate_functional_rmse,TATE-K-grid_skewness,0.13978777715847662,0.1262294980444423,10,0.039917272172020804
Z2,ZI2,125,25,10,cwdb_zipt,tate_functional_rmse,TATE-K-grid_upper_tail_mean,0.5175451618043209,0.5756702990641036,10,0.18204293263528645
Z2,ZI2,125,25,10,cwdb_zipt,tcate_functional_rmse,TCATE-K-grid_mean,0.6297082895306036,0.479521472661493,10,0.15163800405684813
Z2,ZI2,125,25,10,cwdb_zipt,tcate_functional_rmse,TCATE-K-grid_sd,0.14221510488380348,0.12261832107653864,10,0.038775317746769164
Z2,ZI2,125,25,10,cwdb_zipt,tcate_functional_rmse,TCATE-K-grid_skewness,0.17357308553487108,0.13194551793531606,10,0.04172483637261962
Z2,ZI2,125,25,10,cwdb_zipt,tcate_functional_rmse,TCATE-K-grid_upper_tail_mean,0.727688806321913,0.56304449774493,10,0.17805030368995176
Z2,ZI2,125,25,10,cwdb_zipt,zero_mass_abs_error,LAW-A-K,0.13801421806470368,0.04344369644859174,20,0.009714305845291732
Z2,ZI2,125,25,10,drf,arm_energy_risk,LAW-A-M-K,0.2019010387702913,0.06655291368475597,20,0.014881683909979035
Z2,ZI2,125,25,10,drf,barycenter_rmse,MEANQ-A-K,0.9134500732620587,0.14782253175406848,20,0.03305412296082183
Z2,ZI2,125,25,10,drf,diagnostic_effective_support,NONE_OPERATIONAL,61.100212522937895,0.17044161031530417,10,0.053898369666321076
Z2,ZI2,125,25,10,drf,kernel_law_error,LAW-A-K,0.10074051960434124,0.027451594190593114,20,0.006138363070090452
Z2,ZI2,125,25,10,drf,mass_contrast_rmse,LAW-A-K,0.1285447142857143,0.09990683199598009,10,0.03159331429190833
Z2,ZI2,125,25,10,drf,mean_quantile_rmse,MEANQ-A-K,0.6168051269772555,0.4923651479443201,10,0.15569953079898224
Z2,ZI2,125,25,10,drf,mode_coverage,LAW-A-K,1.0,0.0,20,0.0
Z2,ZI2,125,25,10,drf,peak_ram,NONE_OPERATIONAL,253.01,2.546653577627794,10,0.8053225716720253
Z2,ZI2,125,25,10,drf,process_peak_ram,NONE_OPERATIONAL,836.71640625,181.53356756017067,10,57.40595452661949
Z2,ZI2,125,25,10,drf,reference_effect_rmse,REF-ATE-K,0.3004591327800844,0.2507980637757545,10,0.07930931142915527
Z2,ZI2,125,25,10,drf,reference_tcate_rmse,REF-TCATE-K,0.3004692302474468,0.25083166324832223,10,0.07931993651530472
Z2,ZI2,125,25,10,drf,runtime,NONE_OPERATIONAL,4.9421,1.010180561417941,10,0.31944714221083065
Z2,ZI2,125,25,10,drf,tail_calibration,LAW-A-K,0.1681690925770131,0.022632851227160484,20,0.005060859386857038
Z2,ZI2,125,25,10,drf,tate_functional_rmse,TATE-K-grid_mean,0.5949818387415572,0.4758709224452953,10,0.15048359871724765
Z2,ZI2,125,25,10,drf,tate_functional_rmse,TATE-K-grid_sd,0.1435765819941994,0.12553106250982274,10,0.03969640746320128
Z2,ZI2,125,25,10,drf,tate_functional_rmse,TATE-K-grid_skewness,0.1727635105485592,0.1350445135451184,10,0.0427048248312034
Z2,ZI2,125,25,10,drf,tate_functional_rmse,TATE-K-grid_upper_tail_mean,0.6929299820048258,0.5612670796485325,10,0.17748823473605008
Z2,ZI2,125,25,10,drf,tcate_functional_rmse,TCATE-K-grid_mean,0.5949834505064693,0.475905259805732,10,0.15049445714402948
Z2,ZI2,125,25,10,drf,tcate_functional_rmse,TCATE-K-grid_sd,0.14357694513008679,0.12552977985598454,10,0.03969600185244345
Z2,ZI2,125,25,10,drf,tcate_functional_rmse,TCATE-K-grid_skewness,0.17282757486148695,0.1349701888536039,10,0.04268132130004588
Z2,ZI2,125,25,10,drf,tcate_functional_rmse,TCATE-K-grid_upper_tail_mean,0.6929309454882476,0.5613032479921358,10,0.17749967217054827
Z2,ZI2,125,25,10,drf,zero_mass_abs_error,LAW-A-K,0.202717934758748,0.027717477301872965,20,0.0061978163411795404
Z2,ZI2,250,25,10,causal_drf,arm_energy_risk,LAW-A-M-K,0.10461678998705282,0.03566802672114161,20,0.007975613237175157
Z2,ZI2,250,25,10,causal_drf,barycenter_rmse,MEANQ-A-K,0.6442734487622106,0.13561604290231988,20,0.03032466907691151
Z2,ZI2,250,25,10,causal_drf,diagnostic_effective_support,NONE_OPERATIONAL,75.30245807810793,2.682573514685463,10,0.848304229724921
Z2,ZI2,250,25,10,causal_drf,kernel_law_error,LAW-A-K,0.05328144333513333,0.014468161726191605,20,0.003235179312922513
Z2,ZI2,250,25,10,causal_drf,mass_contrast_rmse,LAW-A-K,0.07631661899029378,0.06896248806094575,10,0.02180785353847573
Z2,ZI2,250,25,10,causal_drf,mean_quantile_rmse,MEANQ-A-K,0.4555713488238494,0.29379139699495443,10,0.0929049971466804
Z2,ZI2,250,25,10,causal_drf,mode_coverage,LAW-A-K,1.0,0.0,20,0.0
Z2,ZI2,250,25,10,causal_drf,peak_ram,NONE_OPERATIONAL,288.97539,0.20344447481642702,10,0.06433479177966756
Z2,ZI2,250,25,10,causal_drf,process_peak_ram,NONE_OPERATIONAL,930.892578125,103.70046531550778,10,32.79296648162961
Z2,ZI2,250,25,10,causal_drf,reference_effect_rmse,REF-ATE-K,0.19001294064702817,0.16341936816024571,10,0.051677741717197676
Z2,ZI2,250,25,10,causal_drf,reference_tcate_rmse,REF-TCATE-K,0.19131130821319192,0.1632309421680422,10,0.05161815618662365
Z2,ZI2,250,25,10,causal_drf,runtime,NONE_OPERATIONAL,7.3884,1.293547937521709,10,0.40905577451817826
Z2,ZI2,250,25,10,causal_drf,tail_calibration,LAW-A-K,0.11758224118855502,0.02181786903968759,20,0.004878623829692951
Z2,ZI2,250,25,10,causal_drf,tate_functional_rmse,TATE-K-grid_mean,0.3578045177165246,0.32547040400318394,10,0.10292277876252456
Z2,ZI2,250,25,10,causal_drf,tate_functional_rmse,TATE-K-grid_sd,0.08664608826928373,0.0741698653590406,10,0.023454570828259063
Z2,ZI2,250,25,10,causal_drf,tate_functional_rmse,TATE-K-grid_skewness,0.10984902995922283,0.08866992641850138,10,0.02803989274420009
Z2,ZI2,250,25,10,causal_drf,tate_functional_rmse,TATE-K-grid_upper_tail_mean,0.4139257705661651,0.37841647685457824,10,0.11966579709968572
Z2,ZI2,250,25,10,causal_drf,tcate_functional_rmse,TCATE-K-grid_mean,0.36045110373307543,0.32481409861330346,10,0.10271523677525785
Z2,ZI2,250,25,10,causal_drf,tcate_functional_rmse,TCATE-K-grid_sd,0.08720618390502974,0.07410710361652303,10,0.02343472382263141
Z2,ZI2,250,25,10,causal_drf,tcate_functional_rmse,TCATE-K-grid_skewness,0.11020701691502277,0.08878595985064067,10,0.028076585737228762
Z2,ZI2,250,25,10,causal_drf,tcate_functional_rmse,TCATE-K-grid_upper_tail_mean,0.4170230012841417,0.3776389071712729,10,0.11941990797581166
Z2,ZI2,250,25,10,causal_drf,zero_mass_abs_error,LAW-A-K,0.14242349763090367,0.025045421392693418,20,0.0056003264759189935
Z2,ZI2,250,25,10,cwdb_zipt,arm_energy_risk,LAW-A-M-K,0.0840202137111229,0.04861698852487024,20,0.010871089120293708
Z2,ZI2,250,25,10,cwdb_zipt,barycenter_rmse,MEANQ-A-K,0.5614775656801771,0.18543093028653704,20,0.04146361652517214
Z2,ZI2,250,25,10,cwdb_zipt,diagnostic_classifier_constant_arm0,NONE_OPERATIONAL,0.0,0.0,10,0.0
Z2,ZI2,250,25,10,cwdb_zipt,diagnostic_classifier_constant_arm1,NONE_OPERATIONAL,0.0,0.0,10,0.0
Z2,ZI2,250,25,10,cwdb_zipt,diagnostic_effective_support,NONE_OPERATIONAL,4.800020597300543,0.6712812839385588,10,0.2122777807888051
Z2,ZI2,250,25,10,cwdb_zipt,diagnostic_positive_rate_arm0,NONE_OPERATIONAL,0.5300678122452022,0.0732328890145888,10,0.023158272892042447
Z2,ZI2,250,25,10,cwdb_zipt,diagnostic_positive_rate_arm1,NONE_OPERATIONAL,0.5128574532436078,0.05867776149212699,10,0.018555537431524154
Z2,ZI2,250,25,10,cwdb_zipt,diagnostic_selected_contrast_shrinkage,NONE_OPERATIONAL,0.0,0.0,10,0.0
Z2,ZI2,250,25,10,cwdb_zipt,diagnostic_train_risk,NONE_OPERATIONAL,0.011844205782197798,0.0007169674470120387,10,0.00022672501407541262
Z2,ZI2,250,25,10,cwdb_zipt,kernel_law_error,LAW-A-K,0.0364673236570458,0.019889853970045685,20,0.004447506553956621
Z2,ZI2,250,25,10,cwdb_zipt,mass_contrast_rmse,LAW-A-K,0.09072104059914543,0.05544393359120003,10,0.0175329112587311
Z2,ZI2,250,25,10,cwdb_zipt,mean_quantile_rmse,MEANQ-A-K,0.7701791830969829,0.26555841311694767,10,0.0839769437269489
Z2,ZI2,250,25,10,cwdb_zipt,mode_coverage,LAW-A-K,0.9615,0.0467101927341684,20,0.010444716619571729
Z2,ZI2,250,25,10,cwdb_zipt,peak_ram,NONE_OPERATIONAL,0.0,0.0,10,0.0
Z2,ZI2,250,25,10,cwdb_zipt,process_peak_ram,NONE_OPERATIONAL,930.892578125,103.70046531550778,10,32.79296648162961
Z2,ZI2,250,25,10,cwdb_zipt,reference_effect_rmse,REF-ATE-K,0.19638708248649295,0.17156151235045955,10,0.054252513785055974
Z2,ZI2,250,25,10,cwdb_zipt,reference_tcate_rmse,REF-TCATE-K,0.25010646641048706,0.150788573576282,10,0.047683533762893256
Z2,ZI2,250,25,10,cwdb_zipt,runtime,NONE_OPERATIONAL,12.819875610699977,2.293385647180534,10,0.7252322198229803
Z2,ZI2,250,25,10,cwdb_zipt,tail_calibration,LAW-A-K,0.09089998637045016,0.032348624997797046,20,0.007233372447372317
Z2,ZI2,250,25,10,cwdb_zipt,tate_functional_rmse,TATE-K-grid_mean,0.36087742764889325,0.3109276479384001,10,0.09832395550043015
Z2,ZI2,250,25,10,cwdb_zipt,tate_functional_rmse,TATE-K-grid_sd,0.07576504707430544,0.06610016560687222,10,0.020902707703204227
Z2,ZI2,250,25,10,cwdb_zipt,tate_functional_rmse,TATE-K-grid_skewness,0.07896014903538125,0.07918337629453963,10,0.025039982191292907
Z2,ZI2,250,25,10,cwdb_zipt,tate_functional_rmse,TATE-K-grid_upper_tail_mean,0.4140441444421453,0.35579901196628716,10,0.11251352670509716
Z2,ZI2,250,25,10,cwdb_zipt,tcate_functional_rmse,TCATE-K-grid_mean,0.45858170705108625,0.27764471662625834,10,0.08779896848509969
Z2,ZI2,250,25,10,cwdb_zipt,tcate_functional_rmse,TCATE-K-grid_sd,0.09804162041306626,0.062310425183441244,10,0.01970428655531894
Z2,ZI2,250,25,10,cwdb_zipt,tcate_functional_rmse,TCATE-K-grid_skewness,0.10483442846950833,0.07305368588165136,10,0.02310160388565042
Z2,ZI2,250,25,10,cwdb_zipt,tcate_functional_rmse,TCATE-K-grid_upper_tail_mean,0.5263551676730366,0.32020648176080224,10,0.10125818039132985
Z2,ZI2,250,25,10,cwdb_zipt,zero_mass_abs_error,LAW-A-K,0.10977376369839023,0.03894012447261827,20,0.008707276537307759
Z2,ZI2,250,25,10,drf,arm_energy_risk,LAW-A-M-K,0.1662183641652856,0.03352023220872294,20,0.007495351784028241
Z2,ZI2,250,25,10,drf,barycenter_rmse,MEANQ-A-K,0.8260619515455556,0.10202802544362052,20,0.02281416005020136
Z2,ZI2,250,25,10,drf,diagnostic_effective_support,NONE_OPERATIONAL,117.68538723856773,0.6961620108964143,10,0.22014575749156265
Z2,ZI2,250,25,10,drf,kernel_law_error,LAW-A-K,0.08378326768106772,0.01345214430266689,20,0.0030079909103899673
Z2,ZI2,250,25,10,drf,mass_contrast_rmse,LAW-A-K,0.09036023674178988,0.0687096536310554,10,0.021727900271539365
Z2,ZI2,250,25,10,drf,mean_quantile_rmse,MEANQ-A-K,0.44886443328713277,0.3249328748793575,10,0.10275279712852793
Z2,ZI2,250,25,10,drf,mode_coverage,LAW-A-K,1.0,0.0,20,0.0
Z2,ZI2,250,25,10,drf,peak_ram,NONE_OPERATIONAL,314.07,14.097757898963145,10,4.458102486235346
Z2,ZI2,250,25,10,drf,process_peak_ram,NONE_OPERATIONAL,930.892578125,103.70046531550778,10,32.79296648162961
Z2,ZI2,250,25,10,drf,reference_effect_rmse,REF-ATE-K,0.20584254178903794,0.17357198044869018,10,0.054888279620407564
Z2,ZI2,250,25,10,drf,reference_tcate_rmse,REF-TCATE-K,0.2061043200122073,0.17315399784260385,10,0.05475610191465099
Z2,ZI2,250,25,10,drf,runtime,NONE_OPERATIONAL,8.381499999999999,1.319572005529739,10,0.41728530740702785
Z2,ZI2,250,25,10,drf,tail_calibration,LAW-A-K,0.15296861291259997,0.014138147544618344,20,0.0031613858985688357
Z2,ZI2,250,25,10,drf,tate_functional_rmse,TATE-K-grid_mean,0.4102442005327235,0.33116816065961613,10,0.10472456762129567
Z2,ZI2,250,25,10,drf,tate_functional_rmse,TATE-K-grid_sd,0.10185144917031819,0.07516786440827551,10,0.023770165838085548
Z2,ZI2,250,25,10,drf,tate_functional_rmse,TATE-K-grid_skewness,0.12932530954242805,0.09128943827400507,10,0.028868255126320644
Z2,ZI2,250,25,10,drf,tate_functional_rmse,TATE-K-grid_upper_tail_mean,0.47910790728273156,0.3817360329122416,10,0.12071553289596829
Z2,ZI2,250,25,10,drf,tcate_functional_rmse,TCATE-K-grid_mean,0.4104121181170061,0.3307928021076507,10,0.10460586882495233
Z2,ZI2,250,25,10,drf,tcate_functional_rmse,TCATE-K-grid_sd,0.101879150929299,0.0750888161373393,10,0.023745168579959893
Z2,ZI2,250,25,10,drf,tcate_functional_rmse,TCATE-K-grid_skewness,0.1296045007235877,0.0909053699180567,10,0.02874680204812133
Z2,ZI2,250,25,10,drf,tcate_functional_rmse,TCATE-K-grid_upper_tail_mean,0.47928444583144164,0.3813141385674036,10,0.12058211818980501
Z2,ZI2,250,25,10,drf,zero_mass_abs_error,LAW-A-K,0.18350603792476558,0.018329649264765897,20,0.004098634175974558
Z2,ZI2,500,25,10,causal_drf,arm_energy_risk,LAW-A-M-K,0.0697825485776813,0.017925311812884204,20,0.004008221573148907
Z2,ZI2,500,25,10,causal_drf,barycenter_rmse,MEANQ-A-K,0.5205458068393567,0.07272924332293722,20,0.01626275320222103
Z2,ZI2,500,25,10,causal_drf,diagnostic_effective_support,NONE_OPERATIONAL,106.29161740893062,4.323544399057571,10,1.3672247865885876
Z2,ZI2,500,25,10,causal_drf,kernel_law_error,LAW-A-K,0.037059762952619334,0.00876503636693135,20,0.001959921714171629
Z2,ZI2,500,25,10,causal_drf,mass_contrast_rmse,LAW-A-K,0.07893179608807757,0.03527045205372763,10,0.01115349625935428
Z2,ZI2,500,25,10,causal_drf,mean_quantile_rmse,MEANQ-A-K,0.4359382080258163,0.1410550574858724,10,0.04460552571413408
Z2,ZI2,500,25,10,causal_drf,mode_coverage,LAW-A-K,1.0,0.0,20,0.0
Z2,ZI2,500,25,10,causal_drf,peak_ram,NONE_OPERATIONAL,321.41329,2.0753809564350627,10,0.6562930834873483
Z2,ZI2,500,25,10,causal_drf,process_peak_ram,NONE_OPERATIONAL,871.1140625,83.74889180071763,10,26.48372496052681
Z2,ZI2,500,25,10,causal_drf,reference_effect_rmse,REF-ATE-K,0.16279720033462441,0.08751020186899916,10,0.027673155640716117
Z2,ZI2,500,25,10,causal_drf,reference_tcate_rmse,REF-TCATE-K,0.1649726516806918,0.0869868612002626,10,0.027507660790175796
Z2,ZI2,500,25,10,causal_drf,runtime,NONE_OPERATIONAL,14.079699999999999,2.8673058221574097,10,0.9067217146279104
Z2,ZI2,500,25,10,causal_drf,tail_calibration,LAW-A-K,0.09493621882959428,0.014130421625718745,20,0.0031596583305840203
Z2,ZI2,500,25,10,causal_drf,tate_functional_rmse,TATE-K-grid_mean,0.3401384166162211,0.17241958287431047,10,0.05452385950989824
Z2,ZI2,500,25,10,causal_drf,tate_functional_rmse,TATE-K-grid_sd,0.08462985080922301,0.03802741244884196,10,0.012025323686098184
Z2,ZI2,500,25,10,causal_drf,tate_functional_rmse,TATE-K-grid_skewness,0.11421049104955516,0.0479834352705216,10,0.015173694541410593
Z2,ZI2,500,25,10,causal_drf,tate_functional_rmse,TATE-K-grid_upper_tail_mean,0.3971710843851208,0.1979718406362181,10,0.0626041928986327
Z2,ZI2,500,25,10,causal_drf,tcate_functional_rmse,TCATE-K-grid_mean,0.34407115911876657,0.1705585004077414,10,0.053935333559122
Z2,ZI2,500,25,10,causal_drf,tcate_functional_rmse,TCATE-K-grid_sd,0.08546061153627023,0.037780802699103465,10,0.011947338835860409
Z2,ZI2,500,25,10,causal_drf,tcate_functional_rmse,TCATE-K-grid_skewness,0.11487428466215,0.04773685606845068,10,0.01509571935119349
Z2,ZI2,500,25,10,causal_drf,tcate_functional_rmse,TCATE-K-grid_upper_tail_mean,0.401646253806663,0.1960033434896171,10,0.06198169944355254
Z2,ZI2,500,25,10,causal_drf,zero_mass_abs_error,LAW-A-K,0.11692195163291155,0.016091671340392435,20,0.003598207098870264
Z2,ZI2,500,25,10,cwdb_zipt,arm_energy_risk,LAW-A-M-K,0.038502330803237686,0.01219094959366313,20,0.0027259792001704196
Z2,ZI2,500,25,10,cwdb_zipt,barycenter_rmse,MEANQ-A-K,0.35047685339983,0.07925807257481549,20,0.01772264380428992
Z2,ZI2,500,25,10,cwdb_zipt,diagnostic_classifier_constant_arm0,NONE_OPERATIONAL,0.0,0.0,10,0.0
Z2,ZI2,500,25,10,cwdb_zipt,diagnostic_classifier_constant_arm1,NONE_OPERATIONAL,0.0,0.0,10,0.0
Z2,ZI2,500,25,10,cwdb_zipt,diagnostic_effective_support,NONE_OPERATIONAL,4.443067366210279,0.38198823087131134,10,0.1207952848931589
Z2,ZI2,500,25,10,cwdb_zipt,diagnostic_positive_rate_arm0,NONE_OPERATIONAL,0.4924182709903947,0.03356084066601608,10,0.010612869669461312
Z2,ZI2,500,25,10,cwdb_zipt,diagnostic_positive_rate_arm1,NONE_OPERATIONAL,0.5080780282973988,0.020854750268426255,10,0.0065948510882234855
Z2,ZI2,500,25,10,cwdb_zipt,diagnostic_selected_contrast_shrinkage,NONE_OPERATIONAL,0.0,0.0,10,0.0
Z2,ZI2,500,25,10,cwdb_zipt,diagnostic_train_risk,NONE_OPERATIONAL,0.014840983870645624,0.001530792866830683,10,0.0004840792085123777
Z2,ZI2,500,25,10,cwdb_zipt,kernel_law_error,LAW-A-K,0.017918935981325785,0.0051044246851034486,20,0.0011413840581919268
Z2,ZI2,500,25,10,cwdb_zipt,mass_contrast_rmse,LAW-A-K,0.04527210408037098,0.01472629292564063,10,0.004656862713584901
Z2,ZI2,500,25,10,cwdb_zipt,mean_quantile_rmse,MEANQ-A-K,0.492119274460768,0.10676329552171798,10,0.03376151843542835
Z2,ZI2,500,25,10,cwdb_zipt,mode_coverage,LAW-A-K,0.9737500000000001,0.029774370822819037,20,0.006657751714710971
Z2,ZI2,500,25,10,cwdb_zipt,peak_ram,NONE_OPERATIONAL,0.0,0.0,10,0.0
Z2,ZI2,500,25,10,cwdb_zipt,process_peak_ram,NONE_OPERATIONAL,871.1140625,83.74889180071763,10,26.48372496052681
Z2,ZI2,500,25,10,cwdb_zipt,reference_effect_rmse,REF-ATE-K,0.06982806918418276,0.04559119057152268,10,0.014417200344480541
Z2,ZI2,500,25,10,cwdb_zipt,reference_tcate_rmse,REF-TCATE-K,0.1198593470615615,0.04184830011538107,10,0.013233594457089137
Z2,ZI2,500,25,10,cwdb_zipt,runtime,NONE_OPERATIONAL,23.356306478599983,4.858481370116696,10,1.5363867099064286
Z2,ZI2,500,25,10,cwdb_zipt,tail_calibration,LAW-A-K,0.05599903216949988,0.014741186989802361,20,0.003296229617823358
Z2,ZI2,500,25,10,cwdb_zipt,tate_functional_rmse,TATE-K-grid_mean,0.13851214017367366,0.07086310660629211,10,0.02240888189512078
Z2,ZI2,500,25,10,cwdb_zipt,tate_functional_rmse,TATE-K-grid_sd,0.031354150043750174,0.018510663193082477,10,0.0058535856690385794
Z2,ZI2,500,25,10,cwdb_zipt,tate_functional_rmse,TATE-K-grid_skewness,0.04159121798290118,0.023751136990549235,10,0.007510768990881268
Z2,ZI2,500,25,10,cwdb_zipt,tate_functional_rmse,TATE-K-grid_upper_tail_mean,0.15976117023825864,0.08168960724225069,10,0.02583252200500984
Z2,ZI2,500,25,10,cwdb_zipt,tcate_functional_rmse,TCATE-K-grid_mean,0.2225542213676158,0.07317941111761085,10,0.02314136169614983
Z2,ZI2,500,25,10,cwdb_zipt,tcate_functional_rmse,TCATE-K-grid_sd,0.049263733502398474,0.0183965025516635,10,0.0058174849044356075
Z2,ZI2,500,25,10,cwdb_zipt,tcate_functional_rmse,TCATE-K-grid_skewness,0.061075150881537824,0.019398517572348905,10,0.006134349875942268
Z2,ZI2,500,25,10,cwdb_zipt,tcate_functional_rmse,TCATE-K-grid_upper_tail_mean,0.25562680518820824,0.08517721507496986,10,0.026935400438693448
Z2,ZI2,500,25,10,cwdb_zipt,zero_mass_abs_error,LAW-A-K,0.06869254461006118,0.01711761090485029,20,0.003827614159563693
Z2,ZI2,500,25,10,drf,arm_energy_risk,LAW-A-M-K,0.09660692913853555,0.018910482113457357,20,0.004228512349298454
Z2,ZI2,500,25,10,drf,barycenter_rmse,MEANQ-A-K,0.6209281734755006,0.07097294168207274,20,0.01587003221642429
Z2,ZI2,500,25,10,drf,diagnostic_effective_support,NONE_OPERATIONAL,182.41934061086369,3.013293506126908,10,0.952887073795557
Z2,ZI2,500,25,10,drf,kernel_law_error,LAW-A-K,0.04995925067058415,0.008828195092574242,20,0.0019740444345626054
Z2,ZI2,500,25,10,drf,mass_contrast_rmse,LAW-A-K,0.08250955587070055,0.02880474686797695,10,0.009108860752740859
Z2,ZI2,500,25,10,drf,mean_quantile_rmse,MEANQ-A-K,0.4501051748162525,0.12227247152610589,10,0.03866595051605789
Z2,ZI2,500,25,10,drf,mode_coverage,LAW-A-K,1.0,0.0,20,0.0
Z2,ZI2,500,25,10,drf,peak_ram,NONE_OPERATIONAL,433.6,5.545769158156119,10,1.7537261917287894
Z2,ZI2,500,25,10,drf,process_peak_ram,NONE_OPERATIONAL,871.1140625,83.74889180071763,10,26.48372496052681
Z2,ZI2,500,25,10,drf,reference_effect_rmse,REF-ATE-K,0.17073151535368547,0.07903097956507932,10,0.024991790113987403
Z2,ZI2,500,25,10,drf,reference_tcate_rmse,REF-TCATE-K,0.171836846748947,0.07853040604044068,10,0.02483349486656375
Z2,ZI2,500,25,10,drf,runtime,NONE_OPERATIONAL,15.0287,2.7980113989919504,10,0.8848088939928718
Z2,ZI2,500,25,10,drf,tail_calibration,LAW-A-K,0.11399397848224328,0.012579497720735203,20,0.002812861202636758
Z2,ZI2,500,25,10,drf,tate_functional_rmse,TATE-K-grid_mean,0.35954499372765747,0.14428742380510903,10,0.045627689694214345
Z2,ZI2,500,25,10,drf,tate_functional_rmse,TATE-K-grid_sd,0.08809655348161459,0.030838796722278208,10,0.00975208379413342
Z2,ZI2,500,25,10,drf,tate_functional_rmse,TATE-K-grid_skewness,0.11920876608516591,0.039241486858498265,10,0.01240924772444201
Z2,ZI2,500,25,10,drf,tate_functional_rmse,TATE-K-grid_upper_tail_mean,0.4189668737073006,0.16499062089916722,10,0.05217461546067466
Z2,ZI2,500,25,10,drf,tcate_functional_rmse,TCATE-K-grid_mean,0.36129710859323205,0.14366151108568329,10,0.04542975871322882
Z2,ZI2,500,25,10,drf,tcate_functional_rmse,TCATE-K-grid_sd,0.08846971333376945,0.030683893156937803,10,0.009703098985717782
Z2,ZI2,500,25,10,drf,tcate_functional_rmse,TCATE-K-grid_skewness,0.1195475956284483,0.039173319521410094,10,0.0123876913197193
Z2,ZI2,500,25,10,drf,tcate_functional_rmse,TCATE-K-grid_upper_tail_mean,0.4209827746351736,0.1642463405104841,10,0.05193925333607125
Z2,ZI2,500,25,10,drf,zero_mass_abs_error,LAW-A-K,0.13903689051069196,0.014458826562629227,20,0.003233091906891857
Z2,ZI2,1000,25,10,causal_drf,arm_energy_risk,LAW-A-M-K,0.048711574472561504,0.012253322382813247,20,0.002739926179819012
Z2,ZI2,1000,25,10,causal_drf,barycenter_rmse,MEANQ-A-K,0.42447374082261574,0.058582425512341545,20,0.013099428573241364
Z2,ZI2,1000,25,10,causal_drf,diagnostic_effective_support,NONE_OPERATIONAL,142.03291930059686,5.19664697557208,10,1.6433240638633162
Z2,ZI2,1000,25,10,causal_drf,kernel_law_error,LAW-A-K,0.02600603495344813,0.005775049856093556,20,0.0012913404051675568
Z2,ZI2,1000,25,10,causal_drf,mass_contrast_rmse,LAW-A-K,0.05977605660256855,0.016214256136055046,10,0.005127397995529494
Z2,ZI2,1000,25,10,causal_drf,mean_quantile_rmse,MEANQ-A-K,0.3753409551416519,0.056340779369742855,10,0.017816518795741334
Z2,ZI2,1000,25,10,causal_drf,mode_coverage,LAW-A-K,1.0,0.0,20,0.0
Z2,ZI2,1000,25,10,causal_drf,peak_ram,NONE_OPERATIONAL,392.43478,1.626914483035623,10,0.5144755324707938
Z2,ZI2,1000,25,10,causal_drf,process_peak_ram,NONE_OPERATIONAL,758.220703125,177.12730546322985,10,56.01257210721922
Z2,ZI2,1000,25,10,causal_drf,reference_effect_rmse,REF-ATE-K,0.13493651360812786,0.034938112910635935,10,0.011048401394574444
Z2,ZI2,1000,25,10,causal_drf,reference_tcate_rmse,REF-TCATE-K,0.13826668592998032,0.03313861565102246,10,0.010479350396213455
Z2,ZI2,1000,25,10,causal_drf,runtime,NONE_OPERATIONAL,27.9572,5.552847513763646,10,1.7559645643096302
Z2,ZI2,1000,25,10,causal_drf,tail_calibration,LAW-A-K,0.07807359190506427,0.011826068378874266,20,0.0026443892801723593
Z2,ZI2,1000,25,10,causal_drf,tate_functional_rmse,TATE-K-grid_mean,0.2696957896194364,0.06931462639513365,10,0.02191920945722486
Z2,ZI2,1000,25,10,causal_drf,tate_functional_rmse,TATE-K-grid_sd,0.06527634735441927,0.023199176882123876,10,0.007336223878863505
Z2,ZI2,1000,25,10,causal_drf,tate_functional_rmse,TATE-K-grid_skewness,0.08177495240196707,0.03327543546835073,10,0.010522616621394004
Z2,ZI2,1000,25,10,causal_drf,tate_functional_rmse,TATE-K-grid_upper_tail_mean,0.3140800851094526,0.08291076113437489,10,0.026218684772279042
Z2,ZI2,1000,25,10,causal_drf,tcate_functional_rmse,TCATE-K-grid_mean,0.27526757721012807,0.06691671841389772,10,0.021160924373204677
Z2,ZI2,1000,25,10,causal_drf,tcate_functional_rmse,TCATE-K-grid_sd,0.06629628318024429,0.022909104572152447,10,0.007244494960297896
Z2,ZI2,1000,25,10,causal_drf,tcate_functional_rmse,TCATE-K-grid_skewness,0.08294888851049707,0.032906471388601935,10,0.010405939934714585
Z2,ZI2,1000,25,10,causal_drf,tcate_functional_rmse,TCATE-K-grid_upper_tail_mean,0.32032018166035453,0.08036113147753286,10,0.02541242108172561
Z2,ZI2,1000,25,10,causal_drf,zero_mass_abs_error,LAW-A-K,0.09497094456947842,0.012567924568956172,20,0.002810273367227574
Z2,ZI2,1000,25,10,cwdb_zipt,arm_energy_risk,LAW-A-M-K,0.02959249156261798,0.008230024194785225,20,0.0018402893556007732
Z2,ZI2,1000,25,10,cwdb_zipt,barycenter_rmse,MEANQ-A-K,0.2829958288975836,0.07524211508438548,20,0.016824648409954825
Z2,ZI2,1000,25,10,cwdb_zipt,diagnostic_classifier_constant_arm0,NONE_OPERATIONAL,0.0,0.0,10,0.0
Z2,ZI2,1000,25,10,cwdb_zipt,diagnostic_classifier_constant_arm1,NONE_OPERATIONAL,0.0,0.0,10,0.0
Z2,ZI2,1000,25,10,cwdb_zipt,diagnostic_effective_support,NONE_OPERATIONAL,4.360220942983538,0.168924515324166,10,0.053418622106438114
Z2,ZI2,1000,25,10,cwdb_zipt,diagnostic_positive_rate_arm0,NONE_OPERATIONAL,0.49852676940867385,0.022398988007948088,10,0.007083181938791367
Z2,ZI2,1000,25,10,cwdb_zipt,diagnostic_positive_rate_arm1,NONE_OPERATIONAL,0.48769545440255035,0.02963354316354657,10,0.009370949153771872
Z2,ZI2,1000,25,10,cwdb_zipt,diagnostic_selected_contrast_shrinkage,NONE_OPERATIONAL,15.0,24.1522945769824,10,7.637626158259733
Z2,ZI2,1000,25,10,cwdb_zipt,diagnostic_train_risk,NONE_OPERATIONAL,0.025200207812070607,0.005832510442917067,10,0.0018444017476335417
Z2,ZI2,1000,25,10,cwdb_zipt,kernel_law_error,LAW-A-K,0.013582760235325642,0.0032081898037034377,20,0.0007173730485802593
Z2,ZI2,1000,25,10,cwdb_zipt,mass_contrast_rmse,LAW-A-K,0.042663951825406596,0.02914530933678183,10,0.009216556061440206
Z2,ZI2,1000,25,10,cwdb_zipt,mean_quantile_rmse,MEANQ-A-K,0.42511502673094537,0.12824388043457252,10,0.04055427581515534
Z2,ZI2,1000,25,10,cwdb_zipt,mode_coverage,LAW-A-K,0.97525,0.0202273264877518,20,0.004522967702969509
Z2,ZI2,1000,25,10,cwdb_zipt,peak_ram,NONE_OPERATIONAL,0.0,0.0,10,0.0
Z2,ZI2,1000,25,10,cwdb_zipt,process_peak_ram,NONE_OPERATIONAL,758.220703125,177.12730546322985,10,56.01257210721922
Z2,ZI2,1000,25,10,cwdb_zipt,reference_effect_rmse,REF-ATE-K,0.07995297656199209,0.09079262539806268,10,0.02871114910043298
Z2,ZI2,1000,25,10,cwdb_zipt,reference_tcate_rmse,REF-TCATE-K,0.11795098106397009,0.07902588187478111,10,0.024990178082772554
Z2,ZI2,1000,25,10,cwdb_zipt,runtime,NONE_OPERATIONAL,37.692723428699836,8.565647785719296,10,2.7086956637650874
Z2,ZI2,1000,25,10,cwdb_zipt,tail_calibration,LAW-A-K,0.044211020955664856,0.012258000391583007,20,0.0027409722143798645
Z2,ZI2,1000,25,10,cwdb_zipt,tate_functional_rmse,TATE-K-grid_mean,0.1432290431627456,0.1669359147735247,10,0.05278977139680897
Z2,ZI2,1000,25,10,cwdb_zipt,tate_functional_rmse,TATE-K-grid_sd,0.028656545279700407,0.03387366618246289,10,0.010711793783680349
Z2,ZI2,1000,25,10,cwdb_zipt,tate_functional_rmse,TATE-K-grid_skewness,0.0371235289635676,0.03510876930257832,10,0.011102367684154879
Z2,ZI2,1000,25,10,cwdb_zipt,tate_functional_rmse,TATE-K-grid_upper_tail_mean,0.1630898201472432,0.1901745217992121,10,0.06013846418188529
Z2,ZI2,1000,25,10,cwdb_zipt,tcate_functional_rmse,TCATE-K-grid_mean,0.21495916291501813,0.14703288417220675,10,0.04649588049278943
Z2,ZI2,1000,25,10,cwdb_zipt,tcate_functional_rmse,TCATE-K-grid_sd,0.04410109893776379,0.029649511842630653,10,0.009375998893484871
Z2,ZI2,1000,25,10,cwdb_zipt,tcate_functional_rmse,TCATE-K-grid_skewness,0.052444826775730494,0.030509695738565226,10,0.009648012925259922
Z2,ZI2,1000,25,10,cwdb_zipt,tcate_functional_rmse,TCATE-K-grid_upper_tail_mean,0.24520947481987493,0.1675689138290666,10,0.05298994327403375
Z2,ZI2,1000,25,10,cwdb_zipt,zero_mass_abs_error,LAW-A-K,0.05366526035205277,0.014887883212588968,20,0.0033290318904426884
Z2,ZI2,1000,25,10,drf,arm_energy_risk,LAW-A-M-K,0.05974382481402849,0.01762625145245563,20,0.003941349643619519
Z2,ZI2,1000,25,10,drf,barycenter_rmse,MEANQ-A-K,0.4793310581539997,0.08848498836525352,20,0.019785844897298486
Z2,ZI2,1000,25,10,drf,diagnostic_effective_support,NONE_OPERATIONAL,260.34353902979154,3.8046786335234883,10,1.2031450246911284
Z2,ZI2,1000,25,10,drf,kernel_law_error,LAW-A-K,0.030394491211045,0.007124486997167705,20,0.001593083723048034
Z2,ZI2,1000,25,10,drf,mass_contrast_rmse,LAW-A-K,0.05642488436025689,0.025202875282609567,10,0.007969848947820607
Z2,ZI2,1000,25,10,drf,mean_quantile_rmse,MEANQ-A-K,0.37326070742960293,0.10617266463760602,10,0.03357474455040508
Z2,ZI2,1000,25,10,drf,mode_coverage,LAW-A-K,1.0,0.0,20,0.0
Z2,ZI2,1000,25,10,drf,peak_ram,NONE_OPERATIONAL,559.92,10.322876429454027,10,3.264380152154119
Z2,ZI2,1000,25,10,drf,process_peak_ram,NONE_OPERATIONAL,758.220703125,177.12730546322985,10,56.01257210721922
Z2,ZI2,1000,25,10,drf,reference_effect_rmse,REF-ATE-K,0.12867683242910088,0.06346113550574667,10,0.0200681731098741
Z2,ZI2,1000,25,10,drf,reference_tcate_rmse,REF-TCATE-K,0.1310555290686934,0.061317553598606245,10,0.019390312992104974
Z2,ZI2,1000,25,10,drf,runtime,NONE_OPERATIONAL,25.901699999999998,4.81288377517402,10,1.5219674843219657
Z2,ZI2,1000,25,10,drf,tail_calibration,LAW-A-K,0.08765426498432156,0.015197839935846618,20,0.003398340320771408
Z2,ZI2,1000,25,10,drf,tate_functional_rmse,TATE-K-grid_mean,0.2563562289501587,0.12066672919910847,10,0.03815817020719282
Z2,ZI2,1000,25,10,drf,tate_functional_rmse,TATE-K-grid_sd,0.06294347247479268,0.03059101126636728,10,0.009673727152959244
Z2,ZI2,1000,25,10,drf,tate_functional_rmse,TATE-K-grid_skewness,0.07962891748132254,0.03557438989066134,10,0.01124960984253582
Z2,ZI2,1000,25,10,drf,tate_functional_rmse,TATE-K-grid_upper_tail_mean,0.29883431812319305,0.14105654554265418,10,0.04460599627900588
Z2,ZI2,1000,25,10,drf,tcate_functional_rmse,TCATE-K-grid_mean,0.2602141395745542,0.11771206198479595,10,0.03722382239468757
Z2,ZI2,1000,25,10,drf,tcate_functional_rmse,TCATE-K-grid_sd,0.06385877669560518,0.02979316497074907,10,0.009421426001271088
Z2,ZI2,1000,25,10,drf,tcate_functional_rmse,TCATE-K-grid_skewness,0.08035734559667813,0.035260325057126556,10,0.011150293821842664
Z2,ZI2,1000,25,10,drf,tcate_functional_rmse,TCATE-K-grid_upper_tail_mean,0.30324052322100453,0.13773991197279917,10,0.043557184654514185
Z2,ZI2,1000,25,10,drf,zero_mass_abs_error,LAW-A-K,0.10604281015128465,0.01700608514710322,20,0.0038026762420072307
Z3,ZI3,125,25,10,causal_drf,arm_energy_risk,LAW-A-M-K,0.6505954656816358,0.1318632834783701,20,0.02948552655939604
Z3,ZI3,125,25,10,causal_drf,barycenter_rmse,MEANQ-A-K,1.7679608810998175,0.18163231704476937,20,0.0406142207822898
Z3,ZI3,125,25,10,causal_drf,diagnostic_effective_support,NONE_OPERATIONAL,47.08456631949092,2.1655262012888983,10,0.6847995128845176
Z3,ZI3,125,25,10,causal_drf,kernel_law_error,LAW-A-K,0.277759878453112,0.05262691011347194,20,0.011767734845949443
Z3,ZI3,125,25,10,causal_drf,mass_contrast_rmse,LAW-A-K,0.40961465027945565,0.0978793709698998,10,0.030952174820944752
Z3,ZI3,125,25,10,causal_drf,mean_quantile_rmse,MEANQ-A-K,2.040672215980858,0.46671538662369694,10,0.1475883640776965
Z3,ZI3,125,25,10,causal_drf,mode_coverage,LAW-A-K,0.96,0.12312808906090227,20,0.02753227770798257
Z3,ZI3,125,25,10,causal_drf,peak_ram,NONE_OPERATIONAL,270.76288999999997,0.3019335631485081,10,0.09547977615995658
Z3,ZI3,125,25,10,causal_drf,process_peak_ram,NONE_OPERATIONAL,894.38359375,140.32224181886585,10,44.373789052854455
Z3,ZI3,125,25,10,causal_drf,reference_effect_rmse,REF-ATE-K,1.007359498861228,0.24419101696775586,10,0.0772199797770932
Z3,ZI3,125,25,10,causal_drf,reference_tcate_rmse,REF-TCATE-K,1.0071682212328885,0.24448145427757478,10,0.07731182411874518
Z3,ZI3,125,25,10,causal_drf,runtime,NONE_OPERATIONAL,4.8095,1.0905069412382886,10,0.34484857385363915
Z3,ZI3,125,25,10,causal_drf,tail_calibration,LAW-A-K,0.2866862641715153,0.028537595533306075,20,0.006381200352686674
Z3,ZI3,125,25,10,causal_drf,tate_functional_rmse,TATE-K-grid_mean,1.9479748742802827,0.4673085617236828,10,0.14777594251442183
Z3,ZI3,125,25,10,causal_drf,tate_functional_rmse,TATE-K-grid_sd,0.44873224366801373,0.11497634473228562,10,0.03635871263947251
Z3,ZI3,125,25,10,causal_drf,tate_functional_rmse,TATE-K-grid_skewness,0.5377222088098473,0.12713363376243803,10,0.04020318499029862
Z3,ZI3,125,25,10,causal_drf,tate_functional_rmse,TATE-K-grid_upper_tail_mean,2.255304146665291,0.545611561103581,10,0.17253752508074488
Z3,ZI3,125,25,10,causal_drf,tcate_functional_rmse,TCATE-K-grid_mean,1.9476737193381193,0.4677036491148996,10,0.14790088011752772
Z3,ZI3,125,25,10,causal_drf,tcate_functional_rmse,TCATE-K-grid_sd,0.4486728597727523,0.11502791423373901,10,0.03637502034771172
Z3,ZI3,125,25,10,causal_drf,tcate_functional_rmse,TCATE-K-grid_skewness,0.5377304213121713,0.12707561722810629,10,0.040184838551254855
Z3,ZI3,125,25,10,causal_drf,tcate_functional_rmse,TCATE-K-grid_upper_tail_mean,2.2549556700189677,0.5460571969778316,10,0.1726784475177161
Z3,ZI3,125,25,10,causal_drf,zero_mass_abs_error,LAW-A-K,0.36027540265843705,0.036314094920221994,20,0.008120078478299618
Z3,ZI3,125,25,10,cwdb_zipt,arm_energy_risk,LAW-A-M-K,0.30528316889946294,0.17295364052831155,20,0.03867360971773673
Z3,ZI3,125,25,10,cwdb_zipt,barycenter_rmse,MEANQ-A-K,1.122394779717093,0.35295882669219497,20,0.07892399297423151
Z3,ZI3,125,25,10,cwdb_zipt,diagnostic_classifier_constant_arm0,NONE_OPERATIONAL,0.0,0.0,10,0.0
Z3,ZI3,125,25,10,cwdb_zipt,diagnostic_classifier_constant_arm1,NONE_OPERATIONAL,0.0,0.0,10,0.0
Z3,ZI3,125,25,10,cwdb_zipt,diagnostic_effective_support,NONE_OPERATIONAL,5.809880411851232,0.5868621079995127,10,0.18558209337261816
Z3,ZI3,125,25,10,cwdb_zipt,diagnostic_positive_rate_arm0,NONE_OPERATIONAL,0.4115767213008983,0.07295202302538098,10,0.023069455267725147
Z3,ZI3,125,25,10,cwdb_zipt,diagnostic_positive_rate_arm1,NONE_OPERATIONAL,0.7249515645677391,0.08203070429724638,10,0.025940386364706046
Z3,ZI3,125,25,10,cwdb_zipt,diagnostic_selected_contrast_shrinkage,NONE_OPERATIONAL,400.0,210.818510677892,10,66.66666666666667
Z3,ZI3,125,25,10,cwdb_zipt,diagnostic_train_risk,NONE_OPERATIONAL,0.06369574670313345,0.0353577197454927,10,0.011181092726566595
Z3,ZI3,125,25,10,cwdb_zipt,kernel_law_error,LAW-A-K,0.13454648847013728,0.06725007045077744,20,0.015037572901958826
Z3,ZI3,125,25,10,cwdb_zipt,mass_contrast_rmse,LAW-A-K,0.21307336222910012,0.12083739172896743,10,0.038212138437752896
Z3,ZI3,125,25,10,cwdb_zipt,mean_quantile_rmse,MEANQ-A-K,1.2875267730769906,0.5042307277266393,10,0.1594517565860396
Z3,ZI3,125,25,10,cwdb_zipt,mode_coverage,LAW-A-K,0.9027499999999999,0.1135025504002814,20,0.025379941831462517
Z3,ZI3,125,25,10,cwdb_zipt,peak_ram,NONE_OPERATIONAL,0.0,0.0,10,0.0
Z3,ZI3,125,25,10,cwdb_zipt,process_peak_ram,NONE_OPERATIONAL,894.38359375,140.32224181886585,10,44.373789052854455
Z3,ZI3,125,25,10,cwdb_zipt,reference_effect_rmse,REF-ATE-K,0.43225431938576053,0.3015103428231353,10,0.09534594214193103
Z3,ZI3,125,25,10,cwdb_zipt,reference_tcate_rmse,REF-TCATE-K,0.4628079166799103,0.2834992832251809,10,0.08965034500167378
Z3,ZI3,125,25,10,cwdb_zipt,runtime,NONE_OPERATIONAL,5.363227905700024,1.2464676524363647,10,0.39416768114220396
Z3,ZI3,125,25,10,cwdb_zipt,tail_calibration,LAW-A-K,0.1794067292841286,0.047533659935390986,20,0.01062884948348925
Z3,ZI3,125,25,10,cwdb_zipt,tate_functional_rmse,TATE-K-grid_mean,0.9003934674173326,0.5876360904750336,10,0.18582684812178832
Z3,ZI3,125,25,10,cwdb_zipt,tate_functional_rmse,TATE-K-grid_sd,0.2366565372590581,0.14397473965177918,10,0.04552881028293798
Z3,ZI3,125,25,10,cwdb_zipt,tate_functional_rmse,TATE-K-grid_skewness,0.32731478481719495,0.17796530591983242,10,0.056277571119531744
Z3,ZI3,125,25,10,cwdb_zipt,tate_functional_rmse,TATE-K-grid_upper_tail_mean,1.0569402002323438,0.6851943639590928,10,0.2166774830021121
Z3,ZI3,125,25,10,cwdb_zipt,tcate_functional_rmse,TCATE-K-grid_mean,0.9483981945905333,0.5588678886839088,10,0.17672954393705934
Z3,ZI3,125,25,10,cwdb_zipt,tcate_functional_rmse,TCATE-K-grid_sd,0.24683696524393142,0.13648713170275575,10,0.043161020748408385
Z3,ZI3,125,25,10,cwdb_zipt,tcate_functional_rmse,TCATE-K-grid_skewness,0.3337434275276727,0.17375674071985273,10,0.054946705948205964
Z3,ZI3,125,25,10,cwdb_zipt,tcate_functional_rmse,TCATE-K-grid_upper_tail_mean,1.112194962252155,0.6512437306700952,10,0.2059413500822755
Z3,ZI3,125,25,10,cwdb_zipt,zero_mass_abs_error,LAW-A-K,0.2310435875419458,0.0684442419712418,20,0.015304597771614087
Z3,ZI3,125,25,10,drf,arm_energy_risk,LAW-A-M-K,0.8506985049724539,0.14875127193253698,20,0.03326179557807092
Z3,ZI3,125,25,10,drf,barycenter_rmse,MEANQ-A-K,2.0309995385423907,0.18300635711253072,20,0.04092146548182208
Z3,ZI3,125,25,10,drf,diagnostic_effective_support,NONE_OPERATIONAL,61.1210945058768,0.15187551737822458,10,0.0480272555731674
Z3,ZI3,125,25,10,drf,kernel_law_error,LAW-A-K,0.36113440619200043,0.05918654635317309,20,0.01323451409991373
Z3,ZI3,125,25,10,drf,mass_contrast_rmse,LAW-A-K,0.44940424760649744,0.10253644590523574,10,0.032424871223919044
Z3,ZI3,125,25,10,drf,mean_quantile_rmse,MEANQ-A-K,2.241774038109857,0.4905424808502069,10,0.15512315285561842
Z3,ZI3,125,25,10,drf,mode_coverage,LAW-A-K,1.0,0.0,20,0.0
Z3,ZI3,125,25,10,drf,peak_ram,NONE_OPERATIONAL,252.34,3.0441930147595877,10,0.9626583563814873
Z3,ZI3,125,25,10,drf,process_peak_ram,NONE_OPERATIONAL,894.38359375,140.32224181886585,10,44.373789052854455
Z3,ZI3,125,25,10,drf,reference_effect_rmse,REF-ATE-K,1.1079982952972727,0.25340070839741047,10,0.08013233992359729
Z3,ZI3,125,25,10,drf,reference_tcate_rmse,REF-TCATE-K,1.1079680755632544,0.2535127668918067,10,0.08016777593094342
Z3,ZI3,125,25,10,drf,runtime,NONE_OPERATIONAL,4.6552,0.6676399229125431,10,0.21112628132628738
Z3,ZI3,125,25,10,drf,tail_calibration,LAW-A-K,0.3309915466994297,0.024557718837157252,20,0.00549127286922107
Z3,ZI3,125,25,10,drf,tate_functional_rmse,TATE-K-grid_mean,2.1399227968446803,0.4872061843706764,10,0.15406812327312666
Z3,ZI3,125,25,10,drf,tate_functional_rmse,TATE-K-grid_sd,0.4925282412726162,0.12129138383459347,10,0.0383557033471043
Z3,ZI3,125,25,10,drf,tate_functional_rmse,TATE-K-grid_skewness,0.5871936583965867,0.1339951008158015,10,0.04237297138818188
Z3,ZI3,125,25,10,drf,tate_functional_rmse,TATE-K-grid_upper_tail_mean,2.477521902440368,0.5699741833037774,10,0.1802416626734252
Z3,ZI3,125,25,10,drf,tcate_functional_rmse,TCATE-K-grid_mean,2.1398750522762056,0.48732051130745613,10,0.15410427662494006
Z3,ZI3,125,25,10,drf,tcate_functional_rmse,TCATE-K-grid_sd,0.49252414789592225,0.12128667222673412,10,0.03835421340587659
Z3,ZI3,125,25,10,drf,tcate_functional_rmse,TCATE-K-grid_skewness,0.587235735808092,0.13391380320219154,10,0.042347262825447506
Z3,ZI3,125,25,10,drf,tcate_functional_rmse,TCATE-K-grid_upper_tail_mean,2.477468413983995,0.5700954566579086,10,0.1802800126752795
Z3,ZI3,125,25,10,drf,zero_mass_abs_error,LAW-A-K,0.41398138836605236,0.034545402531956655,20,0.007724586837154843
Z3,ZI3,250,25,10,causal_drf,arm_energy_risk,LAW-A-M-K,0.40185818587990685,0.09845554932332261,20,0.022015330104903277
Z3,ZI3,250,25,10,causal_drf,barycenter_rmse,MEANQ-A-K,1.3734509357204332,0.1749609422317086,20,0.03912245602375142
Z3,ZI3,250,25,10,causal_drf,diagnostic_effective_support,NONE_OPERATIONAL,62.35639396985143,2.8644578544217394,10,0.9058211081531714
Z3,ZI3,250,25,10,causal_drf,kernel_law_error,LAW-A-K,0.17416865575330961,0.03918700449124307,20,0.008762480587700907
Z3,ZI3,250,25,10,causal_drf,mass_contrast_rmse,LAW-A-K,0.3228592252783351,0.04691250727048894,10,0.014835037372395384
Z3,ZI3,250,25,10,causal_drf,mean_quantile_rmse,MEANQ-A-K,1.6376224651044466,0.2078653349676035,10,0.06573279050914696
Z3,ZI3,250,25,10,causal_drf,mode_coverage,LAW-A-K,0.92675,0.12149588470396844,20,0.027167305718455034
Z3,ZI3,250,25,10,causal_drf,peak_ram,NONE_OPERATIONAL,289.40938,0.16845764254949475,10,0.05327098397188974
Z3,ZI3,250,25,10,causal_drf,process_peak_ram,NONE_OPERATIONAL,850.35,124.75981715733698,10,39.45251826833384
Z3,ZI3,250,25,10,causal_drf,reference_effect_rmse,REF-ATE-K,0.7955979173470273,0.11017179084949276,10,0.0348393792984094
Z3,ZI3,250,25,10,causal_drf,reference_tcate_rmse,REF-TCATE-K,0.7955034773666215,0.10998915414519687,10,0.03478162450141724
Z3,ZI3,250,25,10,causal_drf,runtime,NONE_OPERATIONAL,7.6213,2.1657680213315142,10,0.6848759830963721
Z3,ZI3,250,25,10,causal_drf,tail_calibration,LAW-A-K,0.22010485527342097,0.02724502004503547,20,0.006092171686904369
Z3,ZI3,250,25,10,causal_drf,tate_functional_rmse,TATE-K-grid_mean,1.5373051079532414,0.21636941275493837,10,0.06842201602986928
Z3,ZI3,250,25,10,causal_drf,tate_functional_rmse,TATE-K-grid_sd,0.3509483485976065,0.0509205946213656,10,0.016102505881363454
Z3,ZI3,250,25,10,causal_drf,tate_functional_rmse,TATE-K-grid_skewness,0.42107804263587856,0.05886613031297027,10,0.018615104882926652
Z3,ZI3,250,25,10,causal_drf,tate_functional_rmse,TATE-K-grid_upper_tail_mean,1.7780154944333897,0.25081711350214164,10,0.07931533548157392
Z3,ZI3,250,25,10,causal_drf,tcate_functional_rmse,TCATE-K-grid_mean,1.5371464277300544,0.21608648547497628,10,0.06833254656818165
Z3,ZI3,250,25,10,causal_drf,tcate_functional_rmse,TCATE-K-grid_sd,0.3509321776271507,0.05090165531355819,10,0.016096516746365613
Z3,ZI3,250,25,10,causal_drf,tcate_functional_rmse,TCATE-K-grid_skewness,0.42108737965709053,0.05890049489591572,10,0.018625971918221594
Z3,ZI3,250,25,10,causal_drf,tcate_functional_rmse,TCATE-K-grid_upper_tail_mean,1.7778399061243768,0.2505147387418362,10,0.07921971618662266
Z3,ZI3,250,25,10,causal_drf,zero_mass_abs_error,LAW-A-K,0.27757843548502426,0.032128389315218824,20,0.00718412625164072
Z3,ZI3,250,25,10,cwdb_zipt,arm_energy_risk,LAW-A-M-K,0.11431650496089252,0.05718993344902348,20,0.01278805788207055
Z3,ZI3,250,25,10,cwdb_zipt,barycenter_rmse,MEANQ-A-K,0.6468180275805077,0.2016373716470002,20,0.045087486980708115
Z3,ZI3,250,25,10,cwdb_zipt,diagnostic_classifier_constant_arm0,NONE_OPERATIONAL,0.0,0.0,10,0.0
Z3,ZI3,250,25,10,cwdb_zipt,diagnostic_classifier_constant_arm1,NONE_OPERATIONAL,0.0,0.0,10,0.0
Z3,ZI3,250,25,10,cwdb_zipt,diagnostic_effective_support,NONE_OPERATIONAL,5.924947108322664,0.3563266206911704,10,0.11268037123349799
Z3,ZI3,250,25,10,cwdb_zipt,diagnostic_positive_rate_arm0,NONE_OPERATIONAL,0.4773333537543406,0.03098150466931641,10,0.009797212009418162
Z3,ZI3,250,25,10,cwdb_zipt,diagnostic_positive_rate_arm1,NONE_OPERATIONAL,0.6685445414010724,0.04398564151574438,10,0.013909481153341325
Z3,ZI3,250,25,10,cwdb_zipt,diagnostic_selected_contrast_shrinkage,NONE_OPERATIONAL,30.0,25.81988897471611,10,8.164965809277259
Z3,ZI3,250,25,10,cwdb_zipt,diagnostic_train_risk,NONE_OPERATIONAL,0.021341948686569398,0.0037859372232170764,10,0.0011972184703779266
Z3,ZI3,250,25,10,cwdb_zipt,kernel_law_error,LAW-A-K,0.05056683889921985,0.02133326663922739,20,0.0047702634387440926
Z3,ZI3,250,25,10,cwdb_zipt,mass_contrast_rmse,LAW-A-K,0.09320247147553991,0.04007484973268544,10,0.012672780204427591
Z3,ZI3,250,25,10,cwdb_zipt,mean_quantile_rmse,MEANQ-A-K,0.7151405117440301,0.1569981203846096,10,0.04964716487806768
Z3,ZI3,250,25,10,cwdb_zipt,mode_coverage,LAW-A-K,0.88575,0.07972444319093899,20,0.01782692744432598
Z3,ZI3,250,25,10,cwdb_zipt,peak_ram,NONE_OPERATIONAL,0.0,0.0,10,0.0
Z3,ZI3,250,25,10,cwdb_zipt,process_peak_ram,NONE_OPERATIONAL,850.35,124.75981715733698,10,39.45251826833384
Z3,ZI3,250,25,10,cwdb_zipt,reference_effect_rmse,REF-ATE-K,0.18951088382093603,0.11089828949187473,10,0.03506911834110412
Z3,ZI3,250,25,10,cwdb_zipt,reference_tcate_rmse,REF-TCATE-K,0.20972382275962667,0.09968656293545568,10,0.031523659098976066
Z3,ZI3,250,25,10,cwdb_zipt,runtime,NONE_OPERATIONAL,11.595980969399966,2.592792884386334,10,0.819913101573844
Z3,ZI3,250,25,10,cwdb_zipt,tail_calibration,LAW-A-K,0.09943359804128529,0.029095190815840007,20,0.006505882448254582
Z3,ZI3,250,25,10,cwdb_zipt,tate_functional_rmse,TATE-K-grid_mean,0.3852968788353577,0.21458694360823516,10,0.06785834979361338
Z3,ZI3,250,25,10,cwdb_zipt,tate_functional_rmse,TATE-K-grid_sd,0.09021067374334331,0.05269740259538657,10,0.01666438189762901
Z3,ZI3,250,25,10,cwdb_zipt,tate_functional_rmse,TATE-K-grid_skewness,0.12390742166712707,0.058007459150380226,10,0.018343569219437722
Z3,ZI3,250,25,10,cwdb_zipt,tate_functional_rmse,TATE-K-grid_upper_tail_mean,0.44697825540954694,0.24808098512641233,10,0.07845009571778176
Z3,ZI3,250,25,10,cwdb_zipt,tcate_functional_rmse,TCATE-K-grid_mean,0.42182542649430727,0.18957167648969336,10,0.05994782775640244
Z3,ZI3,250,25,10,cwdb_zipt,tcate_functional_rmse,TCATE-K-grid_sd,0.09935970773519624,0.04503865449627579,10,0.014242473095761505
Z3,ZI3,250,25,10,cwdb_zipt,tcate_functional_rmse,TCATE-K-grid_skewness,0.1299196299673164,0.05225156493405175,10,0.01652339564997893
Z3,ZI3,250,25,10,cwdb_zipt,tcate_functional_rmse,TCATE-K-grid_upper_tail_mean,0.489024771180794,0.21919144863464823,10,0.0693144221317293
Z3,ZI3,250,25,10,cwdb_zipt,zero_mass_abs_error,LAW-A-K,0.12817560314120977,0.03733509753217558,20,0.008348381602852924
Z3,ZI3,250,25,10,drf,arm_energy_risk,LAW-A-M-K,0.7599200042397292,0.11003467562360347,20,0.024604501457651643
Z3,ZI3,250,25,10,drf,barycenter_rmse,MEANQ-A-K,1.926832520095172,0.13462595024980595,20,0.030103277629407087
Z3,ZI3,250,25,10,drf,diagnostic_effective_support,NONE_OPERATIONAL,117.10791605780594,2.3314290190476683,10,0.737262590320272
Z3,ZI3,250,25,10,drf,kernel_law_error,LAW-A-K,0.3192070981561281,0.039948183209832976,20,0.008932685323480228
Z3,ZI3,250,25,10,drf,mass_contrast_rmse,LAW-A-K,0.4219881225977882,0.04376652031951112,10,0.013840188946969546
Z3,ZI3,250,25,10,drf,mean_quantile_rmse,MEANQ-A-K,2.1042164763695235,0.20931582344886415,10,0.06619147524120916
Z3,ZI3,250,25,10,drf,mode_coverage,LAW-A-K,1.0,0.0,20,0.0
Z3,ZI3,250,25,10,drf,peak_ram,NONE_OPERATIONAL,314.71,14.184377164879512,10,4.485493903190097
Z3,ZI3,250,25,10,drf,process_peak_ram,NONE_OPERATIONAL,850.35,124.75981715733698,10,39.45251826833384
Z3,ZI3,250,25,10,drf,reference_effect_rmse,REF-ATE-K,1.0358718145842434,0.11118208935202213,10,0.03515886373687442
Z3,ZI3,250,25,10,drf,reference_tcate_rmse,REF-TCATE-K,1.0358474181981474,0.11113334306014412,10,0.035143448805892236
Z3,ZI3,250,25,10,drf,runtime,NONE_OPERATIONAL,8.6355,1.5723511941604449,10,0.4972211055232649
Z3,ZI3,250,25,10,drf,tail_calibration,LAW-A-K,0.3137278306162556,0.019475984988700446,20,0.004354962636349967
Z3,ZI3,250,25,10,drf,tate_functional_rmse,TATE-K-grid_mean,2.005076736213417,0.21013230703242491,10,0.06644967002082801
Z3,ZI3,250,25,10,drf,tate_functional_rmse,TATE-K-grid_sd,0.4594987589022651,0.048859781906507374,10,0.015450819680364745
Z3,ZI3,250,25,10,drf,tate_functional_rmse,TATE-K-grid_skewness,0.5503842174715349,0.0548981050756377,10,0.017360305126626542
Z3,ZI3,250,25,10,drf,tate_functional_rmse,TATE-K-grid_upper_tail_mean,2.320152608312677,0.24336203345369575,10,0.07695783217237719
Z3,ZI3,250,25,10,drf,tcate_functional_rmse,TCATE-K-grid_mean,2.0050556293738597,0.2101104726476915,10,0.0664427653821214
Z3,ZI3,250,25,10,drf,tcate_functional_rmse,TCATE-K-grid_sd,0.45950601285165193,0.04887525121000711,10,0.015455711503652303
Z3,ZI3,250,25,10,drf,tcate_functional_rmse,TCATE-K-grid_skewness,0.5504425961622899,0.05495797492108942,10,0.01737923763410551
Z3,ZI3,250,25,10,drf,tcate_functional_rmse,TCATE-K-grid_upper_tail_mean,2.3201331648943957,0.24334725947688415,10,0.07695316023069486
Z3,ZI3,250,25,10,drf,zero_mass_abs_error,LAW-A-K,0.392426171188652,0.02068667881346608,20,0.004625682005561484
Z3,ZI3,500,25,10,causal_drf,arm_energy_risk,LAW-A-M-K,0.2608824331373677,0.08576136327342786,20,0.019176823812243855
Z3,ZI3,500,25,10,causal_drf,barycenter_rmse,MEANQ-A-K,1.0862104935822636,0.20061150147671827,20,0.04485809543702415
Z3,ZI3,500,25,10,causal_drf,diagnostic_effective_support,NONE_OPERATIONAL,88.1593339864328,3.429297531857932,10,1.08443909750649
Z3,ZI3,500,25,10,causal_drf,kernel_law_error,LAW-A-K,0.11556781110212277,0.0327905962884654,20,0.007332200232376094
Z3,ZI3,500,25,10,causal_drf,mass_contrast_rmse,LAW-A-K,0.25725797476413875,0.04399422722458897,10,0.01391219619286892
Z3,ZI3,500,25,10,causal_drf,mean_quantile_rmse,MEANQ-A-K,1.3492052431215373,0.19880730076441322,10,0.06286838858856798
Z3,ZI3,500,25,10,causal_drf,mode_coverage,LAW-A-K,0.8792500000000001,0.14350201722403913,20,0.032088026542129715
Z3,ZI3,500,25,10,causal_drf,peak_ram,NONE_OPERATIONAL,317.64962,0.7824915388963939,10,0.24744555127228426
Z3,ZI3,500,25,10,causal_drf,process_peak_ram,NONE_OPERATIONAL,747.04140625,169.42579132391126,10,53.57713949599542
Z3,ZI3,500,25,10,causal_drf,reference_effect_rmse,REF-ATE-K,0.6403817855956848,0.10501820289792413,10,0.03320967169351356
Z3,ZI3,500,25,10,causal_drf,reference_tcate_rmse,REF-TCATE-K,0.6402962439176694,0.10513408118265971,10,0.03324631562462536
Z3,ZI3,500,25,10,causal_drf,runtime,NONE_OPERATIONAL,14.4549,0.5076139062100028,10,0.16052161155986988
Z3,ZI3,500,25,10,causal_drf,tail_calibration,LAW-A-K,0.17205096979549617,0.027260890690734816,20,0.006095720471167424
Z3,ZI3,500,25,10,causal_drf,tate_functional_rmse,TATE-K-grid_mean,1.2316708228032727,0.20515826330346945,10,0.06487673928435037
Z3,ZI3,500,25,10,causal_drf,tate_functional_rmse,TATE-K-grid_sd,0.2785000765439448,0.046351006467907074,10,0.01465747522797826
Z3,ZI3,500,25,10,causal_drf,tate_functional_rmse,TATE-K-grid_skewness,0.3324200058741401,0.05518077836415523,10,0.017449694269167072
Z3,ZI3,500,25,10,causal_drf,tate_functional_rmse,TATE-K-grid_upper_tail_mean,1.4230562548758112,0.23674871658861402,10,0.0748665177541709
Z3,ZI3,500,25,10,causal_drf,tcate_functional_rmse,TCATE-K-grid_mean,1.2315179910328045,0.20538537625865802,10,0.06494855870680312
Z3,ZI3,500,25,10,causal_drf,tcate_functional_rmse,TCATE-K-grid_sd,0.27846955632716386,0.04637454798700208,10,0.014664919709970315
Z3,ZI3,500,25,10,causal_drf,tcate_functional_rmse,TCATE-K-grid_skewness,0.3324245877910732,0.055253664122647476,10,0.017472742769749517
Z3,ZI3,500,25,10,causal_drf,tcate_functional_rmse,TCATE-K-grid_upper_tail_mean,1.4228763835431377,0.2369905739655416,10,0.0749429997721714
Z3,ZI3,500,25,10,causal_drf,zero_mass_abs_error,LAW-A-K,0.21819804515729602,0.03697417775787539,20,0.008267677487877012
Z3,ZI3,500,25,10,cwdb_zipt,arm_energy_risk,LAW-A-M-K,0.06676174555863376,0.047064467592948675,20,0.010523934886266913
Z3,ZI3,500,25,10,cwdb_zipt,barycenter_rmse,MEANQ-A-K,0.45174657434558085,0.2017432927097209,20,0.04511117165035737
Z3,ZI3,500,25,10,cwdb_zipt,diagnostic_classifier_constant_arm0,NONE_OPERATIONAL,0.0,0.0,10,0.0
Z3,ZI3,500,25,10,cwdb_zipt,diagnostic_classifier_constant_arm1,NONE_OPERATIONAL,0.0,0.0,10,0.0
Z3,ZI3,500,25,10,cwdb_zipt,diagnostic_effective_support,NONE_OPERATIONAL,5.963400275758349,0.42957211029848896,10,0.13584262878282985
Z3,ZI3,500,25,10,cwdb_zipt,diagnostic_positive_rate_arm0,NONE_OPERATIONAL,0.4938753162370572,0.040659053589229804,10,0.012857521684881036
Z3,ZI3,500,25,10,cwdb_zipt,diagnostic_positive_rate_arm1,NONE_OPERATIONAL,0.6490063371028159,0.04547937514876637,10,0.014381841203136084
Z3,ZI3,500,25,10,cwdb_zipt,diagnostic_selected_contrast_shrinkage,NONE_OPERATIONAL,20.0,25.81988897471611,10,8.164965809277259
Z3,ZI3,500,25,10,cwdb_zipt,diagnostic_train_risk,NONE_OPERATIONAL,0.021236575452572924,0.0032611825081224326,10,0.0010312764591167453
Z3,ZI3,500,25,10,cwdb_zipt,kernel_law_error,LAW-A-K,0.030071173894229225,0.01830835328982159,20,0.0040938722512122985
Z3,ZI3,500,25,10,cwdb_zipt,mass_contrast_rmse,LAW-A-K,0.053974420398835335,0.03561769390039652,10,0.011263303772793946
Z3,ZI3,500,25,10,cwdb_zipt,mean_quantile_rmse,MEANQ-A-K,0.5690490989758634,0.15904015700653915,10,0.050292913557145026
Z3,ZI3,500,25,10,cwdb_zipt,mode_coverage,LAW-A-K,0.8547499999999999,0.07118314037526167,20,0.0159170340730995
Z3,ZI3,500,25,10,cwdb_zipt,peak_ram,NONE_OPERATIONAL,0.0,0.0,10,0.0
Z3,ZI3,500,25,10,cwdb_zipt,process_peak_ram,NONE_OPERATIONAL,747.04140625,169.42579132391126,10,53.57713949599542
Z3,ZI3,500,25,10,cwdb_zipt,reference_effect_rmse,REF-ATE-K,0.11622626440967301,0.08137369282703756,10,0.025732621095234477
Z3,ZI3,500,25,10,cwdb_zipt,reference_tcate_rmse,REF-TCATE-K,0.13158880176859555,0.08127774311820121,10,0.02570227913315919
Z3,ZI3,500,25,10,cwdb_zipt,runtime,NONE_OPERATIONAL,24.060963544200057,1.3974148211464181,10,0.4419013670899509
Z3,ZI3,500,25,10,cwdb_zipt,tail_calibration,LAW-A-K,0.06403880424743545,0.02764161013021902,20,0.006180851925871654
Z3,ZI3,500,25,10,cwdb_zipt,tate_functional_rmse,TATE-K-grid_mean,0.22063898621517963,0.17418834429231975,10,0.055083190981732096
Z3,ZI3,500,25,10,cwdb_zipt,tate_functional_rmse,TATE-K-grid_sd,0.05380451001305616,0.033353500724192,10,0.010547303022852221
Z3,ZI3,500,25,10,cwdb_zipt,tate_functional_rmse,TATE-K-grid_skewness,0.07550830041496405,0.04174078767027416,10,0.013199596036753969
Z3,ZI3,500,25,10,cwdb_zipt,tate_functional_rmse,TATE-K-grid_upper_tail_mean,0.25777894051008776,0.19600671813778336,10,0.061982766601003256
Z3,ZI3,500,25,10,cwdb_zipt,tcate_functional_rmse,TCATE-K-grid_mean,0.24974995410714818,0.17015947807495843,10,0.05380915161823521
Z3,ZI3,500,25,10,cwdb_zipt,tcate_functional_rmse,TCATE-K-grid_sd,0.05971976512310555,0.03471327893273978,10,0.010977302648019665
Z3,ZI3,500,25,10,cwdb_zipt,tcate_functional_rmse,TCATE-K-grid_skewness,0.07994569634839326,0.04380263746657311,10,0.01385161019169986
Z3,ZI3,500,25,10,cwdb_zipt,tcate_functional_rmse,TCATE-K-grid_upper_tail_mean,0.290042013847636,0.19368446288086766,10,0.06124840500898795
Z3,ZI3,500,25,10,cwdb_zipt,zero_mass_abs_error,LAW-A-K,0.08693697722277863,0.03927334267098871,20,0.008781786391597391
Z3,ZI3,500,25,10,drf,arm_energy_risk,LAW-A-M-K,0.6420149082878855,0.1454790765479214,20,0.032530110446504765
Z3,ZI3,500,25,10,drf,barycenter_rmse,MEANQ-A-K,1.7726095055588698,0.22561712288962887,20,0.05044952236691339
Z3,ZI3,500,25,10,drf,diagnostic_effective_support,NONE_OPERATIONAL,182.33856743147462,13.987849361636417,10,4.423346355010336
Z3,ZI3,500,25,10,drf,kernel_law_error,LAW-A-K,0.26533875439478105,0.05632795416099175,20,0.012595313453746967
Z3,ZI3,500,25,10,drf,mass_contrast_rmse,LAW-A-K,0.3906794138469524,0.047614750621185115,10,0.015057106218386214
Z3,ZI3,500,25,10,drf,mean_quantile_rmse,MEANQ-A-K,1.9885073287682697,0.21670920268240731,10,0.0685294670395478
Z3,ZI3,500,25,10,drf,mode_coverage,LAW-A-K,1.0,0.0,20,0.0
Z3,ZI3,500,25,10,drf,peak_ram,NONE_OPERATIONAL,424.98999999999995,17.161614143197603,10,5.426978901746348
Z3,ZI3,500,25,10,drf,process_peak_ram,NONE_OPERATIONAL,747.04140625,169.42579132391126,10,53.57713949599542
Z3,ZI3,500,25,10,drf,reference_effect_rmse,REF-ATE-K,0.9725177304094075,0.11946710965434175,10,0.0377788171984811
Z3,ZI3,500,25,10,drf,reference_tcate_rmse,REF-TCATE-K,0.9723009192745298,0.11950762193907362,10,0.037791628307778095
Z3,ZI3,500,25,10,drf,runtime,NONE_OPERATIONAL,15.6968,0.6751213553461665,10,0.21349211799137802
Z3,ZI3,500,25,10,drf,tail_calibration,LAW-A-K,0.28573066064584035,0.03187026088948152,20,0.0071264069809533585
Z3,ZI3,500,25,10,drf,tate_functional_rmse,TATE-K-grid_mean,1.870187834861143,0.22830763778321433,10,0.07219721426076729
Z3,ZI3,500,25,10,drf,tate_functional_rmse,TATE-K-grid_sd,0.42470087508925863,0.05002584202601548,10,0.01581956026699812
Z3,ZI3,500,25,10,drf,tate_functional_rmse,TATE-K-grid_skewness,0.5055026467004962,0.067342184138726,10,0.02129546844888386
Z3,ZI3,500,25,10,drf,tate_functional_rmse,TATE-K-grid_upper_tail_mean,2.161818636074706,0.26190367651866675,10,0.08282121453709455
Z3,ZI3,500,25,10,drf,tcate_functional_rmse,TCATE-K-grid_mean,1.8698403363640241,0.22837823737048785,10,0.0722195398105325
Z3,ZI3,500,25,10,drf,tcate_functional_rmse,TCATE-K-grid_sd,0.4246537751870772,0.0500308587520252,10,0.01582114669505689
Z3,ZI3,500,25,10,drf,tcate_functional_rmse,TCATE-K-grid_skewness,0.505494199564411,0.0672850048017468,10,0.021277386754888605
Z3,ZI3,500,25,10,drf,tcate_functional_rmse,TCATE-K-grid_upper_tail_mean,2.1614334398036466,0.2619826922116683,10,0.0828462014931727
Z3,ZI3,500,25,10,drf,zero_mass_abs_error,LAW-A-K,0.35955295249782393,0.04268197236336698,20,0.009543979161825592
Z3,ZI3,1000,25,10,causal_drf,arm_energy_risk,LAW-A-M-K,0.16579962300724985,0.03487616970073765,20,0.007798548624566787
Z3,ZI3,1000,25,10,causal_drf,barycenter_rmse,MEANQ-A-K,0.8621511734202965,0.1001720116215149,20,0.022399142742860624
Z3,ZI3,1000,25,10,causal_drf,diagnostic_effective_support,NONE_OPERATIONAL,119.78594591092171,1.902639876976028,10,0.6016675578306806
Z3,ZI3,1000,25,10,causal_drf,kernel_law_error,LAW-A-K,0.0765966274141999,0.013637964047429472,20,0.0030495414684750463
Z3,ZI3,1000,25,10,causal_drf,mass_contrast_rmse,LAW-A-K,0.204620344804815,0.026107354249255976,10,0.008255870310852419
Z3,ZI3,1000,25,10,causal_drf,mean_quantile_rmse,MEANQ-A-K,1.0659306259023449,0.1233116488411614,10,0.03899456723689327
Z3,ZI3,1000,25,10,causal_drf,mode_coverage,LAW-A-K,0.8552500000000001,0.15031086209305666,20,0.0336105305396671
Z3,ZI3,1000,25,10,causal_drf,peak_ram,NONE_OPERATIONAL,366.95273,4.1366424444764975,10,1.3081211990272343
Z3,ZI3,1000,25,10,causal_drf,process_peak_ram,NONE_OPERATIONAL,978.159375,14.356251431327886,10,4.539845318504849
Z3,ZI3,1000,25,10,causal_drf,reference_effect_rmse,REF-ATE-K,0.5011862563523415,0.06577631590695045,10,0.02080029743607274
Z3,ZI3,1000,25,10,causal_drf,reference_tcate_rmse,REF-TCATE-K,0.5013161094986289,0.06598252200552415,10,0.02086550552996375
Z3,ZI3,1000,25,10,causal_drf,runtime,NONE_OPERATIONAL,30.002499999999998,5.329967234629329,10,1.685483631549776
Z3,ZI3,1000,25,10,causal_drf,tail_calibration,LAW-A-K,0.13442318274931409,0.017600732541438634,20,0.003935643441644942
Z3,ZI3,1000,25,10,causal_drf,tate_functional_rmse,TATE-K-grid_mean,0.9710243389959177,0.1250724997364203,10,0.03955139718178974
Z3,ZI3,1000,25,10,causal_drf,tate_functional_rmse,TATE-K-grid_sd,0.22269932427242572,0.028770529782700605,10,0.009098040360304314
Z3,ZI3,1000,25,10,causal_drf,tate_functional_rmse,TATE-K-grid_skewness,0.26830178328218907,0.030821791766107394,10,0.00974670635483231
Z3,ZI3,1000,25,10,causal_drf,tate_functional_rmse,TATE-K-grid_upper_tail_mean,1.1236804894299264,0.14427564518807562,10,0.045623964968463104
Z3,ZI3,1000,25,10,causal_drf,tcate_functional_rmse,TCATE-K-grid_mean,0.9712825292515503,0.12544345765494194,10,0.03966870437565009
Z3,ZI3,1000,25,10,causal_drf,tcate_functional_rmse,TCATE-K-grid_sd,0.22276911845245437,0.028809800699617794,10,0.009110458914630469
Z3,ZI3,1000,25,10,causal_drf,tcate_functional_rmse,TCATE-K-grid_skewness,0.26841394779719396,0.030927131028310906,10,0.009780017554392789
Z3,ZI3,1000,25,10,causal_drf,tcate_functional_rmse,TCATE-K-grid_upper_tail_mean,1.123982457187833,0.1446761427363773,10,0.045750613413457764
Z3,ZI3,1000,25,10,causal_drf,zero_mass_abs_error,LAW-A-K,0.1727433354101364,0.018928578600289427,20,0.004232558846769497
Z3,ZI3,1000,25,10,cwdb_zipt,arm_energy_risk,LAW-A-M-K,0.03806292510923741,0.015010455501807051,20,0.0033564398875276283
Z3,ZI3,1000,25,10,cwdb_zipt,barycenter_rmse,MEANQ-A-K,0.31352244942810403,0.09408825580485915,20,0.021038773586405424
Z3,ZI3,1000,25,10,cwdb_zipt,diagnostic_classifier_constant_arm0,NONE_OPERATIONAL,0.0,0.0,10,0.0
Z3,ZI3,1000,25,10,cwdb_zipt,diagnostic_classifier_constant_arm1,NONE_OPERATIONAL,0.0,0.0,10,0.0
Z3,ZI3,1000,25,10,cwdb_zipt,diagnostic_effective_support,NONE_OPERATIONAL,5.821632596873186,0.1973211722840583,10,0.06239843349921135
Z3,ZI3,1000,25,10,cwdb_zipt,diagnostic_positive_rate_arm0,NONE_OPERATIONAL,0.48479022689311535,0.018596616770206756,10,0.005880766576713746
Z3,ZI3,1000,25,10,cwdb_zipt,diagnostic_positive_rate_arm1,NONE_OPERATIONAL,0.6295511240339985,0.027384427171884423,10,0.008659716228215805
Z3,ZI3,1000,25,10,cwdb_zipt,diagnostic_selected_contrast_shrinkage,NONE_OPERATIONAL,10.0,21.081851067789195,10,6.666666666666666
Z3,ZI3,1000,25,10,cwdb_zipt,diagnostic_train_risk,NONE_OPERATIONAL,0.03277550832672472,0.004976118084498451,10,0.0015735867052969316
Z3,ZI3,1000,25,10,cwdb_zipt,kernel_law_error,LAW-A-K,0.017611850883823454,0.00551185290001797,20,0.0012324877766419532
Z3,ZI3,1000,25,10,cwdb_zipt,mass_contrast_rmse,LAW-A-K,0.04448992378568526,0.023327157932625565,10,0.007376695040556142
Z3,ZI3,1000,25,10,cwdb_zipt,mean_quantile_rmse,MEANQ-A-K,0.4061921662314963,0.08515301458140347,10,0.026927747570676442
Z3,ZI3,1000,25,10,cwdb_zipt,mode_coverage,LAW-A-K,0.8285,0.06669056589164146,20,0.014912463879163918
Z3,ZI3,1000,25,10,cwdb_zipt,peak_ram,NONE_OPERATIONAL,0.0,0.0,10,0.0
Z3,ZI3,1000,25,10,cwdb_zipt,process_peak_ram,NONE_OPERATIONAL,978.159375,14.356251431327886,10,4.539845318504849
Z3,ZI3,1000,25,10,cwdb_zipt,reference_effect_rmse,REF-ATE-K,0.09865125023380529,0.05834398879704488,10,0.01844998923780092
Z3,ZI3,1000,25,10,cwdb_zipt,reference_tcate_rmse,REF-TCATE-K,0.11336060894064806,0.05115445364940539,10,0.01617645859936335
Z3,ZI3,1000,25,10,cwdb_zipt,runtime,NONE_OPERATIONAL,43.380233541800045,8.381005644514158,10,2.650306691939221
Z3,ZI3,1000,25,10,cwdb_zipt,tail_calibration,LAW-A-K,0.044026878311943914,0.014369185091986052,20,0.0032130474646957377
Z3,ZI3,1000,25,10,cwdb_zipt,tate_functional_rmse,TATE-K-grid_mean,0.18945397035563621,0.11573175531493156,10,0.03659759444044811
Z3,ZI3,1000,25,10,cwdb_zipt,tate_functional_rmse,TATE-K-grid_sd,0.044919162757809675,0.029552098691928236,10,0.009345194150457583
Z3,ZI3,1000,25,10,cwdb_zipt,tate_functional_rmse,TATE-K-grid_skewness,0.05472804024292542,0.03732946541979149,10,0.011804613456303466
Z3,ZI3,1000,25,10,cwdb_zipt,tate_functional_rmse,TATE-K-grid_upper_tail_mean,0.22045466108126605,0.13550707295804312,10,0.04285109896100264
Z3,ZI3,1000,25,10,cwdb_zipt,tcate_functional_rmse,TCATE-K-grid_mean,0.2151773512726797,0.10353135828948383,10,0.0327394901445723
Z3,ZI3,1000,25,10,cwdb_zipt,tcate_functional_rmse,TCATE-K-grid_sd,0.05105616156473745,0.02657861126040184,10,0.008404894862706846
Z3,ZI3,1000,25,10,cwdb_zipt,tcate_functional_rmse,TCATE-K-grid_skewness,0.05985089280109336,0.03374666265497768,10,0.010671631741907444
Z3,ZI3,1000,25,10,cwdb_zipt,tcate_functional_rmse,TCATE-K-grid_upper_tail_mean,0.2499731648758325,0.12193178512805262,10,0.03855821601748918
Z3,ZI3,1000,25,10,cwdb_zipt,zero_mass_abs_error,LAW-A-K,0.059836451646864366,0.01767642302680008,20,0.003952568348696756
Z3,ZI3,1000,25,10,drf,arm_energy_risk,LAW-A-M-K,0.5977589371771641,0.14162002426621273,20,0.031667200123442145
Z3,ZI3,1000,25,10,drf,barycenter_rmse,MEANQ-A-K,1.7138432239626975,0.1931458077429867,20,0.043188715568242345
Z3,ZI3,1000,25,10,drf,diagnostic_effective_support,NONE_OPERATIONAL,326.94644071521094,28.950345193582233,10,9.15490298598281
Z3,ZI3,1000,25,10,drf,kernel_law_error,LAW-A-K,0.2471523140798692,0.0662344012046305,20,0.014810462354254776
Z3,ZI3,1000,25,10,drf,mass_contrast_rmse,LAW-A-K,0.38231009870269667,0.04096863568978105,10,0.012955420140937157
Z3,ZI3,1000,25,10,drf,mean_quantile_rmse,MEANQ-A-K,1.9406817790289328,0.1964922331685271,10,0.06213629993454294
Z3,ZI3,1000,25,10,drf,mode_coverage,LAW-A-K,1.0,0.0,20,0.0
Z3,ZI3,1000,25,10,drf,peak_ram,NONE_OPERATIONAL,606.9200000000001,35.461459517497445,10,11.213898122914753
Z3,ZI3,1000,25,10,drf,process_peak_ram,NONE_OPERATIONAL,978.159375,14.356251431327886,10,4.539845318504849
Z3,ZI3,1000,25,10,drf,reference_effect_rmse,REF-ATE-K,0.9471764555781839,0.10540326142264385,10,0.033331437890571414
Z3,ZI3,1000,25,10,drf,reference_tcate_rmse,REF-TCATE-K,0.9471310288568876,0.10538384874443957,10,0.03332529906271047
Z3,ZI3,1000,25,10,drf,runtime,NONE_OPERATIONAL,29.4317,4.759853570343431,10,1.505197861116973
Z3,ZI3,1000,25,10,drf,tail_calibration,LAW-A-K,0.27507519004219766,0.044396699988029274,20,0.009927403914989755
Z3,ZI3,1000,25,10,drf,tate_functional_rmse,TATE-K-grid_mean,1.825307447931516,0.19938370707698613,10,0.06305066426911092
Z3,ZI3,1000,25,10,drf,tate_functional_rmse,TATE-K-grid_sd,0.4155013258335635,0.0450248659575812,10,0.014238112776973478
Z3,ZI3,1000,25,10,drf,tate_functional_rmse,TATE-K-grid_skewness,0.496822838430118,0.05099174661577744,10,0.016125006117603955
Z3,ZI3,1000,25,10,drf,tate_functional_rmse,TATE-K-grid_upper_tail_mean,2.1103074410585796,0.23027664414027715,10,0.07281986874233422
Z3,ZI3,1000,25,10,drf,tcate_functional_rmse,TCATE-K-grid_mean,1.825351871676164,0.1993533197131475,10,0.06304105494092908
Z3,ZI3,1000,25,10,drf,tcate_functional_rmse,TCATE-K-grid_sd,0.41556678848075135,0.04498341512552153,10,0.01422500487295171
Z3,ZI3,1000,25,10,drf,tcate_functional_rmse,TCATE-K-grid_skewness,0.4969788150062834,0.05101191734386515,10,0.016131384661886065
Z3,ZI3,1000,25,10,drf,tcate_functional_rmse,TCATE-K-grid_upper_tail_mean,2.110387978561633,0.23022033691794022,10,0.07280206283520399
Z3,ZI3,1000,25,10,drf,zero_mass_abs_error,LAW-A-K,0.3475119018612902,0.047060514748924046,20,0.010523051003472561
