unit_id,grade,schid,tchid,classtype,classsize,tested_n,assigned_n,teacher_tgen,teacher_tgen_imputed,teacher_trace,teacher_trace_imputed,teacher_thighdegree,teacher_thighdegree_imputed,teacher_tyears,teacher_tyears_imputed,share_female_n,share_black_n,share_freelunch_n,share_female,share_black,share_freelunch,school_urban,school_fl_official,school_fl_n_grades,school_fl_student
g1_112038_11203804,g1,112038,11203804,3,28.0,24,28,2.0,False,2.0,False,2.0,False,7.0,False,28,28,28,0.35714285714285715,0.2857142857142857,0.8214285714285714,4.0,0.705,4,0.7534246575342466
g1_112038_11203805,g1,112038,11203805,1,17.0,17,17,2.0,False,1.0,False,2.0,False,12.0,False,17,17,17,0.35294117647058826,0.6470588235294118,0.8235294117647058,4.0,0.705,4,0.7534246575342466
g1_112038_11203806,g1,112038,11203806,2,28.0,27,28,2.0,False,1.0,False,2.0,False,5.0,False,28,28,28,0.39285714285714285,0.35714285714285715,0.6428571428571429,4.0,0.705,4,0.7534246575342466
g1_123056_12305604,g1,123056,12305604,2,25.0,23,25,2.0,False,1.0,False,2.0,False,10.0,False,25,25,25,0.48,0.0,0.44,3.0,0.3075,4,0.39705882352941174
g1_123056_12305605,g1,123056,12305605,3,27.0,25,27,2.0,False,1.0,False,3.0,False,8.0,False,27,27,25,0.4444444444444444,0.0,0.32,3.0,0.3075,4,0.39705882352941174
g1_123056_12305606,g1,123056,12305606,1,19.0,17,19,2.0,False,1.0,False,2.0,False,12.0,False,19,19,18,0.42105263157894735,0.0,0.4444444444444444,3.0,0.3075,4,0.39705882352941174
g1_128076_12807605,g1,128076,12807605,3,21.0,20,21,2.0,False,1.0,False,3.0,False,29.0,False,21,21,21,0.38095238095238093,0.047619047619047616,0.19047619047619047,2.0,0.1825,4,0.16901408450704225
g1_128076_12807606,g1,128076,12807606,1,15.0,15,15,2.0,False,1.0,False,2.0,False,0.0,False,15,15,15,0.5333333333333333,0.0,0.2,2.0,0.1825,4,0.16901408450704225
g1_128076_12807607,g1,128076,12807607,2,21.0,21,21,2.0,False,1.0,False,3.0,False,8.0,False,21,21,21,0.2857142857142857,0.0,0.14285714285714285,2.0,0.1825,4,0.16901408450704225
g1_128079_12807904,g1,128079,12807904,3,23.0,23,23,2.0,False,1.0,False,3.0,False,8.0,False,23,23,23,0.391304347826087,0.043478260869565216,0.43478260869565216,3.0,0.3525,4,0.4375
g1_128079_12807905,g1,128079,12807905,1,15.0,15,15,2.0,False,1.0,False,2.0,False,7.0,False,15,15,15,0.4666666666666667,0.06666666666666667,0.4,3.0,0.3525,4,0.4375
g1_128079_12807906,g1,128079,12807906,2,20.0,20,20,2.0,False,1.0,False,2.0,False,0.0,False,20,20,10,0.4,0.05,0.6,3.0,0.3525,4,0.4375
g1_128079_12807907,g1,128079,12807907,1,16.0,16,16,2.0,False,1.0,False,3.0,False,9.0,False,16,16,16,0.375,0.0625,0.375,3.0,0.3525,4,0.4375
g1_130085_13008505,g1,130085,13008505,2,23.0,23,23,2.0,False,1.0,False,3.0,False,10.0,False,23,23,23,0.6086956521739131,0.0,0.08695652173913043,2.0,0.21,4,0.14942528735632185
g1_130085_13008506,g1,130085,13008506,3,24.0,23,24,2.0,False,1.0,False,2.0,False,1.0,False,24,24,24,0.5416666666666666,0.08333333333333333,0.125,2.0,0.21,4,0.14942528735632185
g1_130085_13008507,g1,130085,13008507,3,23.0,22,23,2.0,False,1.0,False,3.0,False,29.0,False,23,23,23,0.4782608695652174,0.043478260869565216,0.21739130434782608,2.0,0.21,4,0.14942528735632185
g1_130085_13008508,g1,130085,13008508,1,17.0,17,17,2.0,False,1.0,False,3.0,False,12.0,False,17,17,17,0.47058823529411764,0.0,0.17647058823529413,2.0,0.21,4,0.14942528735632185
g1_159171_15917106,g1,159171,15917106,3,26.0,25,26,2.0,False,1.0,False,2.0,False,9.0,False,25,25,25,0.4,0.16,0.52,3.0,0.495,4,0.5614035087719298
g1_159171_15917107,g1,159171,15917107,2,23.0,22,23,2.0,False,1.0,False,2.0,False,1.0,False,23,23,21,0.4782608695652174,0.4782608695652174,0.6666666666666666,3.0,0.495,4,0.5614035087719298
g1_159171_15917108,g1,159171,15917108,3,23.0,23,23,2.0,False,1.0,False,3.0,False,9.0,False,23,23,23,0.4782608695652174,0.17391304347826086,0.43478260869565216,3.0,0.495,4,0.5614035087719298
g1_159171_15917109,g1,159171,15917109,2,23.0,23,23,2.0,False,1.0,False,2.0,False,5.0,False,23,23,23,0.43478260869565216,0.34782608695652173,0.5652173913043478,3.0,0.495,4,0.5614035087719298
g1_159171_15917110,g1,159171,15917110,1,15.0,15,15,2.0,False,1.0,False,2.0,False,7.0,False,15,15,6,0.4666666666666667,0.2,1.0,3.0,0.495,4,0.5614035087719298
g1_159171_15917111,g1,159171,15917111,1,16.0,16,16,2.0,False,1.0,False,2.0,False,1.0,False,16,16,16,0.5,0.3125,0.5,3.0,0.495,4,0.5614035087719298
g1_161176_16117605,g1,161176,16117605,2,26.0,26,26,2.0,False,1.0,False,2.0,False,4.0,False,26,26,26,0.5,0.0,0.46153846153846156,3.0,0.4,4,0.5052631578947369
g1_161176_16117606,g1,161176,16117606,3,27.0,26,27,2.0,False,1.0,False,2.0,False,6.0,False,27,27,27,0.4074074074074074,0.0,0.48148148148148145,3.0,0.4,4,0.5052631578947369
g1_161176_16117607,g1,161176,16117607,1,17.0,17,17,2.0,False,1.0,False,3.0,False,6.0,False,17,17,17,0.4117647058823529,0.0,0.5294117647058824,3.0,0.4,4,0.5052631578947369
g1_161176_16117608,g1,161176,16117608,3,26.0,22,26,2.0,False,1.0,False,2.0,False,31.0,False,26,26,25,0.34615384615384615,0.0,0.56,3.0,0.4,4,0.5052631578947369
g1_161183_16118307,g1,161183,16118307,2,22.0,19,22,2.0,False,1.0,False,2.0,False,8.0,False,22,22,21,0.45454545454545453,0.0,0.7142857142857143,3.0,0.5825,4,0.45535714285714285
g1_161183_16118308,g1,161183,16118308,2,21.0,20,21,2.0,False,1.0,False,2.0,False,15.0,False,21,21,20,0.42857142857142855,0.0,0.45,3.0,0.5825,4,0.45535714285714285
g1_161183_16118309,g1,161183,16118309,3,23.0,21,23,2.0,False,2.0,False,2.0,False,14.0,False,23,23,23,0.4782608695652174,0.0,0.6086956521739131,3.0,0.5825,4,0.45535714285714285
g1_161183_16118310,g1,161183,16118310,3,20.0,18,20,2.0,False,1.0,False,3.0,False,7.0,False,20,20,20,0.35,0.05,0.0,3.0,0.5825,4,0.45535714285714285
g1_161183_16118311,g1,161183,16118311,1,15.0,15,15,1.0,False,1.0,False,3.0,False,7.0,False,15,15,14,0.4666666666666667,0.0,0.42857142857142855,3.0,0.5825,4,0.45535714285714285
g1_162184_16218405,g1,162184,16218405,2,20.0,20,20,2.0,False,1.0,False,2.0,False,12.0,False,20,20,20,0.55,0.0,0.7,3.0,0.635,4,0.6911764705882353
g1_162184_16218407,g1,162184,16218407,3,21.0,21,21,2.0,False,1.0,False,3.0,False,2.0,False,21,21,21,0.6190476190476191,0.0,0.7142857142857143,3.0,0.635,4,0.6911764705882353
g1_164198_16419804,g1,164198,16419804,2,24.0,24,24,2.0,False,1.0,False,2.0,False,2.0,False,24,24,24,0.625,0.08333333333333333,0.25,3.0,0.365,4,0.2833333333333333
g1_164198_16419805,g1,164198,16419805,3,23.0,22,23,2.0,False,1.0,False,3.0,False,12.0,False,23,23,23,0.43478260869565216,0.043478260869565216,0.34782608695652173,3.0,0.365,4,0.2833333333333333
g1_165199_16519905,g1,165199,16519905,2,22.0,22,22,2.0,False,1.0,False,3.0,False,3.0,False,22,22,22,0.45454545454545453,0.045454545454545456,0.13636363636363635,4.0,0.2,4,0.19298245614035087
g1_165199_16519906,g1,165199,16519906,3,22.0,22,22,2.0,False,1.0,False,3.0,False,14.0,False,22,22,21,0.5454545454545454,0.09090909090909091,0.23809523809523808,4.0,0.2,4,0.19298245614035087
g1_166203_16620306,g1,166203,16620306,2,21.0,18,21,2.0,False,1.0,False,2.0,False,11.0,False,21,21,21,0.5238095238095238,0.19047619047619047,0.8571428571428571,4.0,0.6025,4,0.7719298245614035
g1_166203_16620307,g1,166203,16620307,3,23.0,21,23,2.0,False,1.0,False,3.0,False,15.0,False,23,23,23,0.4782608695652174,0.0,0.8260869565217391,4.0,0.6025,4,0.7719298245614035
g1_168211_16821107,g1,168211,16821107,3,30.0,23,30,2.0,False,1.0,False,2.0,False,17.0,False,29,29,19,0.4827586206896552,0.0,0.8947368421052632,3.0,0.5675,4,0.7053571428571429
g1_168211_16821108,g1,168211,16821108,3,29.0,22,29,2.0,False,1.0,False,2.0,False,13.0,False,28,26,29,0.4642857142857143,0.038461538461538464,0.8275862068965517,3.0,0.5675,4,0.7053571428571429
g1_168211_16821109,g1,168211,16821109,1,17.0,17,17,2.0,False,1.0,False,3.0,False,12.0,False,17,17,17,0.5882352941176471,0.0,0.29411764705882354,3.0,0.5675,4,0.7053571428571429
g1_168211_16821110,g1,168211,16821110,2,30.0,23,30,2.0,False,1.0,False,2.0,False,0.0,False,29,27,29,0.6206896551724138,0.0,0.6896551724137931,3.0,0.5675,4,0.7053571428571429
g1_168214_16821405,g1,168214,16821405,2,23.0,23,23,2.0,False,1.0,False,2.0,False,11.0,False,23,23,23,0.6086956521739131,0.0,0.30434782608695654,3.0,0.2825,4,0.3125
g1_168214_16821406,g1,168214,16821406,3,25.0,23,25,2.0,False,1.0,False,2.0,False,16.0,False,23,23,24,0.5652173913043478,0.0,0.25,3.0,0.2825,4,0.3125
g1_169219_16921904,g1,169219,16921904,1,17.0,17,17,2.0,False,1.0,False,2.0,False,13.0,False,17,17,17,0.5882352941176471,0.17647058823529413,0.47058823529411764,2.0,0.185,4,0.3434343434343434
g1_169219_16921905,g1,169219,16921905,1,17.0,15,17,2.0,False,1.0,False,2.0,False,12.0,False,17,17,17,0.5882352941176471,0.17647058823529413,0.11764705882352941,2.0,0.185,4,0.3434343434343434
g1_169219_16921906,g1,169219,16921906,2,22.0,19,22,2.0,False,2.0,False,2.0,False,2.0,False,22,22,22,0.5,0.4090909090909091,0.5,2.0,0.185,4,0.3434343434343434
g1_169219_16921907,g1,169219,16921907,3,22.0,21,22,2.0,False,1.0,False,3.0,False,13.0,False,22,22,22,0.5454545454545454,0.3181818181818182,0.36363636363636365,2.0,0.185,4,0.3434343434343434
g1_169219_16921908,g1,169219,16921908,2,21.0,21,21,2.0,False,1.0,False,2.0,False,1.0,False,21,21,21,0.7142857142857143,0.2857142857142857,0.23809523809523808,2.0,0.185,4,0.3434343434343434
g1_169229_16922908,g1,169229,16922908,1,16.0,16,16,2.0,False,1.0,False,3.0,False,14.0,False,16,16,16,0.375,0.375,0.25,2.0,0.28,4,0.39574468085106385
g1_169229_16922909,g1,169229,16922909,1,16.0,16,16,2.0,False,1.0,False,2.0,False,9.0,False,16,16,16,0.4375,0.125,0.3125,2.0,0.28,4,0.39574468085106385
g1_169229_16922910,g1,169229,16922910,1,17.0,17,17,2.0,False,1.0,False,2.0,False,23.0,False,17,17,17,0.5882352941176471,0.35294117647058826,0.11764705882352941,2.0,0.28,4,0.39574468085106385
g1_169229_16922911,g1,169229,16922911,2,21.0,21,21,2.0,False,2.0,False,3.0,False,7.0,False,21,20,21,0.3333333333333333,0.35,0.42857142857142855,2.0,0.28,4,0.39574468085106385
g1_169229_16922912,g1,169229,16922912,3,21.0,21,21,2.0,False,1.0,False,2.0,False,2.0,False,21,21,21,0.7142857142857143,0.2857142857142857,0.47619047619047616,2.0,0.28,4,0.39574468085106385
g1_169229_16922913,g1,169229,16922913,3,21.0,21,21,2.0,False,1.0,False,3.0,False,20.0,False,21,21,21,0.47619047619047616,0.42857142857142855,0.3333333333333333,2.0,0.28,4,0.39574468085106385
g1_169229_16922914,g1,169229,16922914,2,20.0,20,20,2.0,False,1.0,False,2.0,False,7.0,False,20,20,20,0.4,0.45,0.5,2.0,0.28,4,0.39574468085106385
g1_169229_16922915,g1,169229,16922915,3,22.0,21,22,2.0,False,1.0,False,2.0,False,6.0,False,22,22,22,0.36363636363636365,0.5,0.45454545454545453,2.0,0.28,4,0.39574468085106385
g1_169229_16922916,g1,169229,16922916,2,21.0,21,21,2.0,False,2.0,False,2.0,False,1.0,False,21,21,21,0.42857142857142855,0.5238095238095238,0.47619047619047616,2.0,0.28,4,0.39574468085106385
g1_169229_16922917,g1,169229,16922917,2,21.0,21,21,2.0,False,1.0,False,3.0,False,12.0,False,21,21,20,0.47619047619047616,0.2857142857142857,0.5,2.0,0.28,4,0.39574468085106385
g1_169229_16922918,g1,169229,16922918,3,22.0,22,22,2.0,False,1.0,False,2.0,False,4.0,False,22,22,21,0.5,0.4090909090909091,0.47619047619047616,2.0,0.28,4,0.39574468085106385
g1_169229_16922919,g1,169229,16922919,2,20.0,20,20,2.0,False,1.0,False,3.0,False,13.0,False,20,20,19,0.45,0.5,0.3157894736842105,2.0,0.28,4,0.39574468085106385
g1_169231_16923105,g1,169231,16923105,3,21.0,21,21,2.0,False,1.0,False,2.0,False,7.0,False,21,21,21,0.5238095238095238,0.38095238095238093,0.6190476190476191,1.0,0.63,4,0.6136363636363636
g1_169231_16923106,g1,169231,16923106,2,19.0,19,19,2.0,False,2.0,False,2.0,False,14.0,False,19,19,19,0.42105263157894735,0.47368421052631576,0.6842105263157895,1.0,0.63,4,0.6136363636363636
g1_169231_16923108,g1,169231,16923108,2,19.0,18,19,2.0,False,2.0,False,2.0,False,8.0,False,19,19,19,0.42105263157894735,0.3684210526315789,0.6842105263157895,1.0,0.63,4,0.6136363636363636
g1_169280_16928004,g1,169280,16928004,1,16.0,16,16,2.0,False,1.0,False,2.0,False,23.0,False,16,16,16,0.5,0.25,0.375,2.0,0.25,4,0.40963855421686746
g1_169280_16928005,g1,169280,16928005,1,17.0,15,17,2.0,False,1.0,False,2.0,False,4.0,False,17,17,17,0.47058823529411764,0.17647058823529413,0.4117647058823529,2.0,0.25,4,0.40963855421686746
g1_169280_16928006,g1,169280,16928006,2,25.0,25,25,2.0,False,1.0,False,2.0,False,3.0,False,25,25,25,0.6,0.2,0.44,2.0,0.25,4,0.40963855421686746
g1_169280_16928007,g1,169280,16928007,3,25.0,24,25,2.0,False,1.0,False,2.0,False,4.0,False,25,25,25,0.6,0.2,0.4,2.0,0.25,4,0.40963855421686746
g1_170295_17029505,g1,170295,17029505,3,23.0,23,23,2.0,False,1.0,False,2.0,False,1.0,False,23,23,23,0.43478260869565216,0.043478260869565216,0.5217391304347826,3.0,0.4975,4,0.5930232558139535
g1_170295_17029506,g1,170295,17029506,2,22.0,22,22,2.0,False,1.0,False,3.0,False,13.0,False,22,22,22,0.4090909090909091,0.09090909090909091,0.5909090909090909,3.0,0.4975,4,0.5930232558139535
g1_170295_17029507,g1,170295,17029507,3,23.0,23,23,2.0,False,1.0,False,3.0,False,11.0,False,23,23,23,0.4782608695652174,0.0,0.6086956521739131,3.0,0.4975,4,0.5930232558139535
g1_170295_17029508,g1,170295,17029508,1,18.0,16,18,2.0,False,1.0,False,2.0,False,3.0,False,18,18,18,0.6111111111111112,0.0,0.6666666666666666,3.0,0.4975,4,0.5930232558139535
g1_173312_17331204,g1,173312,17331204,1,16.0,15,16,2.0,False,1.0,False,2.0,False,31.0,False,16,16,16,0.75,0.125,0.3125,3.0,0.355,4,0.43037974683544306
g1_173312_17331205,g1,173312,17331205,2,21.0,21,21,2.0,False,1.0,False,3.0,False,11.0,False,21,21,21,0.5238095238095238,0.14285714285714285,0.38095238095238093,3.0,0.355,4,0.43037974683544306
g1_173312_17331206,g1,173312,17331206,2,20.0,20,20,2.0,False,1.0,False,2.0,False,16.0,False,20,20,20,0.45,0.25,0.5,3.0,0.355,4,0.43037974683544306
g1_173312_17331207,g1,173312,17331207,3,22.0,21,22,2.0,False,1.0,False,2.0,False,16.0,False,22,22,22,0.45454545454545453,0.13636363636363635,0.5,3.0,0.355,4,0.43037974683544306
g1_176329_17632905,g1,176329,17632905,1,15.0,15,15,2.0,False,1.0,False,2.0,False,27.0,False,15,15,15,0.4666666666666667,0.0,0.6666666666666666,3.0,0.69,4,0.76
g1_176329_17632906,g1,176329,17632906,2,23.0,23,23,2.0,False,1.0,False,2.0,False,1.0,False,23,23,23,0.6086956521739131,0.0,0.782608695652174,3.0,0.69,4,0.76
g1_176329_17632907,g1,176329,17632907,3,22.0,21,22,2.0,False,1.0,False,2.0,False,5.0,False,22,22,22,0.5,0.0,0.8636363636363636,3.0,0.69,4,0.76
g1_180344_18034406,g1,180344,18034406,3,22.0,20,22,2.0,False,1.0,False,3.0,False,11.0,False,22,22,21,0.45454545454545453,0.36363636363636365,0.5714285714285714,4.0,0.41,2,0.41739130434782606
g1_180344_18034407,g1,180344,18034407,2,22.0,21,22,2.0,False,1.0,False,2.0,False,20.0,False,22,22,21,0.45454545454545453,0.3181818181818182,0.2857142857142857,4.0,0.41,2,0.41739130434782606
g1_180344_18034408,g1,180344,18034408,2,20.0,20,20,2.0,False,1.0,False,2.0,False,1.0,False,20,20,20,0.45,0.3,0.35,4.0,0.41,2,0.41739130434782606
g1_180344_18034409,g1,180344,18034409,3,21.0,19,21,2.0,False,1.0,False,2.0,False,22.0,False,21,21,21,0.38095238095238093,0.23809523809523808,0.42857142857142855,4.0,0.41,2,0.41739130434782606
g1_180344_18034410,g1,180344,18034410,1,16.0,15,16,2.0,False,1.0,False,3.0,False,13.0,False,16,16,16,0.6875,0.25,0.5625,4.0,0.41,2,0.41739130434782606
g1_180344_18034411,g1,180344,18034411,1,16.0,15,16,2.0,False,1.0,False,3.0,False,15.0,False,16,16,16,0.6875,0.25,0.3125,4.0,0.41,2,0.41739130434782606
g1_189378_18937805,g1,189378,18937805,1,15.0,15,15,2.0,False,1.0,False,3.0,False,2.0,False,15,15,15,0.3333333333333333,0.0,0.3333333333333333,3.0,0.305,4,0.30952380952380953
g1_189378_18937806,g1,189378,18937806,3,23.0,23,23,2.0,False,1.0,False,3.0,False,23.0,False,23,23,23,0.5217391304347826,0.043478260869565216,0.34782608695652173,3.0,0.305,4,0.30952380952380953
g1_189378_18937807,g1,189378,18937807,3,23.0,23,23,2.0,False,1.0,False,3.0,False,15.0,False,23,23,23,0.43478260869565216,0.043478260869565216,0.34782608695652173,3.0,0.305,4,0.30952380952380953
g1_189378_18937808,g1,189378,18937808,2,23.0,23,23,2.0,False,1.0,False,2.0,False,6.0,False,23,23,23,0.4782608695652174,0.0,0.21739130434782608,3.0,0.305,4,0.30952380952380953
g1_189382_18938205,g1,189382,18938205,1,17.0,17,17,2.0,False,1.0,False,2.0,False,19.0,False,17,17,17,0.47058823529411764,0.0,0.058823529411764705,2.0,0.0525,4,0.06097560975609756
g1_189382_18938206,g1,189382,18938206,2,22.0,22,22,2.0,False,1.0,False,3.0,False,5.0,False,22,22,22,0.45454545454545453,0.0,0.13636363636363635,2.0,0.0525,4,0.06097560975609756
g1_189382_18938207,g1,189382,18938207,2,22.0,22,22,2.0,False,1.0,False,3.0,False,18.0,False,22,22,21,0.4090909090909091,0.0,0.0,2.0,0.0525,4,0.06097560975609756
g1_189382_18938208,g1,189382,18938208,3,22.0,22,22,2.0,False,1.0,False,6.0,False,11.0,False,22,22,22,0.45454545454545453,0.0,0.045454545454545456,2.0,0.0525,4,0.06097560975609756
g1_189396_18939604,g1,189396,18939604,1,15.0,15,15,2.0,False,1.0,False,2.0,False,13.0,False,15,15,15,0.4,0.13333333333333333,0.13333333333333333,3.0,0.39,4,0.5416666666666666
g1_189396_18939605,g1,189396,18939605,1,17.0,17,17,2.0,False,1.0,False,3.0,False,11.0,False,17,17,17,0.47058823529411764,0.058823529411764705,0.7058823529411765,3.0,0.39,4,0.5416666666666666
g1_189396_18939606,g1,189396,18939606,2,21.0,21,21,2.0,False,1.0,False,2.0,False,20.0,False,21,21,20,0.6190476190476191,0.047619047619047616,0.3,3.0,0.39,4,0.5416666666666666
g1_189396_18939607,g1,189396,18939607,3,20.0,19,20,2.0,False,1.0,False,3.0,False,6.0,False,20,20,20,0.4,0.1,0.95,3.0,0.39,4,0.5416666666666666
g1_191411_19141104,g1,191411,19141104,1,16.0,16,16,2.0,False,1.0,False,2.0,False,1.0,False,16,16,16,0.5625,0.0,0.8125,3.0,0.86,4,0.8305084745762712
g1_191411_19141105,g1,191411,19141105,3,21.0,19,21,2.0,False,1.0,False,3.0,False,18.0,False,21,21,21,0.47619047619047616,0.0,0.8571428571428571,3.0,0.86,4,0.8305084745762712
g1_191411_19141106,g1,191411,19141106,2,22.0,22,22,2.0,False,1.0,False,2.0,False,19.0,False,22,22,22,0.5,0.0,0.8181818181818182,3.0,0.86,4,0.8305084745762712
g1_193422_19342204,g1,193422,19342204,1,18.0,18,18,2.0,False,1.0,False,3.0,False,13.0,False,18,18,18,0.3888888888888889,0.2222222222222222,0.4444444444444444,3.0,0.39,4,0.463768115942029
g1_193422_19342205,g1,193422,19342205,3,26.0,26,26,2.0,False,2.0,False,3.0,False,11.0,False,26,26,26,0.5,0.11538461538461539,0.5,3.0,0.39,4,0.463768115942029
g1_193422_19342206,g1,193422,19342206,2,25.0,24,25,2.0,False,1.0,False,2.0,False,20.0,False,25,25,25,0.56,0.04,0.44,3.0,0.39,4,0.463768115942029
g1_193423_19342305,g1,193423,19342305,1,15.0,15,15,2.0,False,1.0,False,2.0,False,6.0,False,15,15,15,0.6,0.13333333333333333,0.4,3.0,0.4725,4,0.4457831325301205
g1_193423_19342307,g1,193423,19342307,3,19.0,19,19,2.0,False,1.0,False,2.0,False,17.0,False,19,19,19,0.3684210526315789,0.10526315789473684,0.47368421052631576,3.0,0.4725,4,0.4457831325301205
g1_193423_19342308,g1,193423,19342308,2,21.0,21,21,2.0,False,1.0,False,2.0,False,7.0,False,21,21,21,0.5238095238095238,0.09523809523809523,0.3333333333333333,3.0,0.4725,4,0.4457831325301205
g1_193423_19342309,g1,193423,19342309,2,22.0,22,22,2.0,False,1.0,False,2.0,False,12.0,False,22,22,14,0.4090909090909091,0.09090909090909091,0.2857142857142857,3.0,0.4725,4,0.4457831325301205
g1_201449_20144907,g1,201449,20144907,1,17.0,16,17,2.0,False,1.0,False,3.0,False,8.0,False,17,17,14,0.5882352941176471,0.058823529411764705,0.5,3.0,0.3275,4,0.4253731343283582
g1_201449_20144908,g1,201449,20144908,1,15.0,15,15,2.0,False,1.0,False,2.0,False,7.0,False,15,15,14,0.4,0.13333333333333333,0.35714285714285715,3.0,0.3275,4,0.4253731343283582
g1_201449_20144909,g1,201449,20144909,1,17.0,15,17,2.0,False,1.0,False,2.0,False,15.0,False,17,17,15,0.5294117647058824,0.11764705882352941,0.3333333333333333,3.0,0.3275,4,0.4253731343283582
g1_201449_20144910,g1,201449,20144910,3,26.0,24,26,2.0,False,1.0,False,2.0,False,9.0,False,26,26,23,0.34615384615384615,0.11538461538461539,0.43478260869565216,3.0,0.3275,4,0.4253731343283582
g1_201449_20144911,g1,201449,20144911,3,25.0,25,25,2.0,False,1.0,False,2.0,False,16.0,False,25,25,22,0.48,0.16,0.4090909090909091,3.0,0.3275,4,0.4253731343283582
g1_201449_20144912,g1,201449,20144912,2,24.0,24,24,2.0,False,1.0,False,2.0,False,21.0,False,24,24,24,0.4583333333333333,0.125,0.4166666666666667,3.0,0.3275,4,0.4253731343283582
g1_201449_20144913,g1,201449,20144913,2,25.0,24,25,2.0,False,1.0,False,3.0,False,42.0,False,25,25,22,0.56,0.08,0.5,3.0,0.3275,4,0.4253731343283582
g1_203452_20345206,g1,203452,20345206,3,24.0,24,24,2.0,False,1.0,False,2.0,False,28.0,False,24,24,0,0.5,0.041666666666666664,0.4444444444444444,3.0,0.3625,4,0.44155844155844154
g1_203452_20345207,g1,203452,20345207,1,17.0,16,17,2.0,False,1.0,False,2.0,False,7.0,False,17,17,16,0.5294117647058824,0.058823529411764705,0.25,3.0,0.3625,4,0.44155844155844154
g1_203452_20345208,g1,203452,20345208,1,17.0,17,17,2.0,False,1.0,False,3.0,False,1.0,False,17,17,16,0.5294117647058824,0.058823529411764705,0.4375,3.0,0.3625,4,0.44155844155844154
g1_203452_20345209,g1,203452,20345209,2,23.0,23,23,2.0,False,1.0,False,2.0,False,19.0,False,23,23,23,0.4782608695652174,0.043478260869565216,0.5217391304347826,3.0,0.3625,4,0.44155844155844154
g1_203452_20345210,g1,203452,20345210,2,22.0,22,22,2.0,False,1.0,False,2.0,False,4.0,False,22,22,22,0.5,0.045454545454545456,0.5,3.0,0.3625,4,0.44155844155844154
g1_203457_20345704,g1,203457,20345704,2,24.0,24,24,2.0,False,1.0,False,2.0,False,8.0,False,24,24,24,0.375,0.08333333333333333,0.5416666666666666,3.0,0.415,4,0.41935483870967744
g1_203457_20345705,g1,203457,20345705,3,23.0,23,23,2.0,False,1.0,False,2.0,False,20.0,False,23,23,23,0.4782608695652174,0.0,0.34782608695652173,3.0,0.415,4,0.41935483870967744
g1_205488_20548805,g1,205488,20548805,1,15.0,15,15,2.0,False,1.0,False,2.0,False,8.0,False,15,15,14,0.4666666666666667,0.13333333333333333,0.07142857142857142,2.0,0.265,4,0.24285714285714285
g1_205488_20548806,g1,205488,20548806,2,19.0,18,19,2.0,False,1.0,False,3.0,False,19.0,False,19,19,19,0.3684210526315789,0.05263157894736842,0.3684210526315789,2.0,0.265,4,0.24285714285714285
g1_205488_20548807,g1,205488,20548807,3,23.0,23,23,2.0,False,1.0,False,2.0,False,3.0,False,23,23,23,0.43478260869565216,0.08695652173913043,0.17391304347826086,2.0,0.265,4,0.24285714285714285
g1_205490_20549004,g1,205490,20549004,3,24.0,24,24,2.0,False,2.0,False,2.0,False,1.0,False,24,24,24,0.25,1.0,0.8333333333333334,1.0,0.965,4,0.9384615384615385
g1_205490_20549005,g1,205490,20549005,2,24.0,24,24,2.0,False,2.0,False,2.0,False,0.0,False,24,24,24,0.2916666666666667,1.0,1.0,1.0,0.965,4,0.9384615384615385
g1_205490_20549006,g1,205490,20549006,1,17.0,17,17,2.0,False,1.0,False,2.0,False,1.0,False,17,17,17,0.35294117647058826,1.0,1.0,1.0,0.965,4,0.9384615384615385
g1_205491_20549105,g1,205491,20549105,1,17.0,16,17,2.0,False,1.0,False,3.0,False,16.0,False,17,17,17,0.35294117647058826,0.0,0.29411764705882354,2.0,0.085,4,0.15789473684210525
g1_205491_20549106,g1,205491,20549106,2,18.0,18,18,2.0,False,1.0,False,3.0,False,22.0,False,18,18,18,0.5555555555555556,0.0,0.2222222222222222,2.0,0.085,4,0.15789473684210525
g1_205491_20549107,g1,205491,20549107,3,22.0,22,22,2.0,False,1.0,False,3.0,False,18.0,False,22,22,22,0.5454545454545454,0.0,0.0,2.0,0.085,4,0.15789473684210525
g1_205492_20549205,g1,205492,20549205,3,29.0,29,29,2.0,False,2.0,False,2.0,False,2.0,False,29,29,29,0.3448275862068966,0.8275862068965517,0.8620689655172413,2.0,0.905,4,0.868421052631579
g1_205492_20549206,g1,205492,20549206,2,29.0,28,29,2.0,False,2.0,False,3.0,False,7.0,False,29,29,29,0.5517241379310345,0.8275862068965517,0.9310344827586207,2.0,0.905,4,0.868421052631579
g1_205492_20549207,g1,205492,20549207,1,18.0,18,18,2.0,False,1.0,False,2.0,False,1.0,False,18,18,18,0.6111111111111112,0.8333333333333334,0.7777777777777778,2.0,0.905,4,0.868421052631579
g1_208501_20850105,g1,208501,20850105,1,17.0,17,17,2.0,False,1.0,False,3.0,False,16.0,False,17,17,17,0.35294117647058826,0.0,0.4117647058823529,3.0,0.2625,4,0.30864197530864196
g1_208501_20850106,g1,208501,20850106,3,24.0,24,24,2.0,False,1.0,False,2.0,False,21.0,False,24,24,24,0.375,0.0,0.20833333333333334,3.0,0.2625,4,0.30864197530864196
g1_208501_20850107,g1,208501,20850107,2,23.0,23,23,2.0,False,1.0,False,2.0,False,17.0,False,23,23,23,0.391304347826087,0.0,0.30434782608695654,3.0,0.2625,4,0.30864197530864196
g1_208501_20850108,g1,208501,20850108,1,20.0,20,20,2.0,False,1.0,False,3.0,False,15.0,False,20,20,17,0.4,0.05,0.35294117647058826,3.0,0.2625,4,0.30864197530864196
g1_208503_20850305,g1,208503,20850305,3,20.0,20,20,2.0,False,1.0,False,3.0,False,11.0,False,20,20,20,0.45,0.0,0.2,3.0,0.41,4,0.3018867924528302
g1_208503_20850306,g1,208503,20850306,2,20.0,20,20,2.0,False,1.0,False,3.0,False,13.0,False,20,20,20,0.4,0.0,0.4,3.0,0.41,4,0.3018867924528302
g1_209510_20951006,g1,209510,20951006,3,23.0,23,23,2.0,False,1.0,False,2.0,False,4.0,False,23,23,23,0.6521739130434783,0.043478260869565216,0.43478260869565216,3.0,0.45,4,0.3442622950819672
g1_209510_20951007,g1,209510,20951007,2,23.0,23,23,2.0,False,1.0,False,2.0,False,0.0,False,23,23,23,0.5217391304347826,0.0,0.17391304347826086,3.0,0.45,4,0.3442622950819672
g1_209510_20951008,g1,209510,20951008,3,25.0,23,25,2.0,False,1.0,False,2.0,False,8.0,False,25,25,25,0.4,0.0,0.4,3.0,0.45,4,0.3442622950819672
g1_209510_20951009,g1,209510,20951009,2,24.0,24,24,2.0,False,1.0,False,2.0,False,12.0,False,24,24,24,0.5,0.0,0.4166666666666667,3.0,0.45,4,0.3442622950819672
g1_212522_21252206,g1,212522,21252206,2,26.0,26,26,2.0,False,1.0,False,2.0,False,17.0,False,26,26,25,0.5769230769230769,0.0,0.72,4.0,0.505,4,0.6759259259259259
g1_212522_21252207,g1,212522,21252207,1,16.0,16,16,2.0,False,1.0,False,3.0,False,14.0,False,16,16,16,0.375,0.0625,0.75,4.0,0.505,4,0.6759259259259259
g1_212522_21252208,g1,212522,21252208,1,17.0,17,17,2.0,False,1.0,False,3.0,False,16.0,False,17,17,17,0.4117647058823529,0.058823529411764705,0.47058823529411764,4.0,0.505,4,0.6759259259259259
g1_212522_21252209,g1,212522,21252209,3,27.0,27,27,2.0,False,1.0,False,2.0,False,7.0,False,27,27,25,0.5555555555555556,0.0,0.68,4.0,0.505,4,0.6759259259259259
g1_212522_21252210,g1,212522,21252210,3,26.0,26,26,2.0,False,1.0,False,2.0,False,0.0,False,26,26,25,0.5384615384615384,0.0,0.72,4.0,0.505,4,0.6759259259259259
g1_215533_21553307,g1,215533,21553307,2,23.0,23,23,2.0,False,1.0,False,2.0,False,7.0,False,23,23,23,0.43478260869565216,0.17391304347826086,0.4782608695652174,3.0,0.3475,4,0.4049586776859504
g1_215533_21553308,g1,215533,21553308,3,22.0,21,22,2.0,False,1.0,False,3.0,False,9.0,False,22,22,22,0.45454545454545453,0.22727272727272727,0.45454545454545453,3.0,0.3475,4,0.4049586776859504
g1_215533_21553309,g1,215533,21553309,3,23.0,23,23,2.0,False,1.0,False,3.0,False,16.0,False,23,23,23,0.43478260869565216,0.17391304347826086,0.43478260869565216,3.0,0.3475,4,0.4049586776859504
g1_215533_21553310,g1,215533,21553310,2,23.0,22,23,2.0,False,1.0,False,3.0,False,13.0,False,23,23,22,0.5217391304347826,0.13043478260869565,0.36363636363636365,3.0,0.3475,4,0.4049586776859504
g1_215533_21553312,g1,215533,21553312,1,15.0,15,15,2.0,False,1.0,False,2.0,False,18.0,False,15,15,15,0.26666666666666666,0.13333333333333333,0.4,3.0,0.3475,4,0.4049586776859504
g1_216537_21653701,g1,216537,21653701,3,23.0,22,23,2.0,False,1.0,False,2.0,False,18.0,False,23,23,22,0.4782608695652174,0.0,0.4090909090909091,3.0,0.25666666666666665,3,0.2543859649122807
g1_216537_21653702,g1,216537,21653702,3,24.0,22,24,2.0,False,1.0,False,2.0,False,0.0,False,24,24,24,0.5,0.0,0.16666666666666666,3.0,0.25666666666666665,3,0.2543859649122807
g1_216537_21653703,g1,216537,21653703,2,22.0,20,22,2.0,False,1.0,False,3.0,False,13.0,False,22,22,21,0.45454545454545453,0.0,0.38095238095238093,3.0,0.25666666666666665,3,0.2543859649122807
g1_216537_21653704,g1,216537,21653704,2,21.0,21,21,2.0,False,1.0,False,2.0,False,0.0,False,21,21,21,0.6190476190476191,0.0,0.14285714285714285,3.0,0.25666666666666665,3,0.2543859649122807
g1_218562_21856207,g1,218562,21856207,2,24.0,22,24,2.0,False,1.0,False,3.0,False,8.0,False,24,24,24,0.4583333333333333,0.125,0.5416666666666666,4.0,0.4075,4,0.4189189189189189
g1_218562_21856208,g1,218562,21856208,3,24.0,24,24,2.0,False,1.0,False,3.0,False,12.0,False,24,24,24,0.6666666666666666,0.125,0.4583333333333333,4.0,0.4075,4,0.4189189189189189
g1_221571_22157106,g1,221571,22157106,3,24.0,23,24,2.0,False,1.0,False,2.0,False,6.0,False,24,24,0,0.5,0.20833333333333334,0.4444444444444444,3.0,0.415,4,0.42105263157894735
g1_221571_22157107,g1,221571,22157107,2,23.0,23,23,2.0,False,1.0,False,2.0,False,5.0,False,23,23,23,0.34782608695652173,0.43478260869565216,0.43478260869565216,3.0,0.415,4,0.42105263157894735
g1_221571_22157108,g1,221571,22157108,3,21.0,21,21,2.0,False,1.0,False,2.0,False,2.0,False,21,21,21,0.42857142857142855,0.2857142857142857,0.2857142857142857,3.0,0.415,4,0.42105263157894735
g1_221571_22157109,g1,221571,22157109,2,22.0,19,22,2.0,False,1.0,False,2.0,False,3.0,False,22,22,22,0.5454545454545454,0.4090909090909091,0.5,3.0,0.415,4,0.42105263157894735
g1_221571_22157111,g1,221571,22157111,1,15.0,15,15,2.0,False,1.0,False,2.0,False,21.0,False,15,15,15,0.4666666666666667,0.26666666666666666,0.4666666666666667,3.0,0.415,4,0.42105263157894735
g1_221574_22157405,g1,221574,22157405,2,22.0,19,22,2.0,False,1.0,False,3.0,False,11.0,False,21,21,22,0.5238095238095238,0.047619047619047616,0.13636363636363635,3.0,0.26,4,0.18840579710144928
g1_221574_22157408,g1,221574,22157408,3,21.0,20,21,2.0,False,1.0,False,3.0,False,11.0,False,21,20,21,0.42857142857142855,0.1,0.19047619047619047,3.0,0.26,4,0.18840579710144928
g1_225585_22558505,g1,225585,22558505,3,26.0,25,26,2.0,False,1.0,False,2.0,False,3.0,False,26,26,26,0.46153846153846156,0.0,0.23076923076923078,3.0,0.265,4,0.29213483146067415
g1_225585_22558506,g1,225585,22558506,1,19.0,18,19,2.0,False,1.0,False,3.0,False,11.0,False,19,19,19,0.42105263157894735,0.05263157894736842,0.2631578947368421,3.0,0.265,4,0.29213483146067415
g1_225585_22558507,g1,225585,22558507,2,26.0,25,26,2.0,False,1.0,False,2.0,False,11.0,False,26,25,26,0.46153846153846156,0.0,0.2692307692307692,3.0,0.265,4,0.29213483146067415
g1_225585_22558508,g1,225585,22558508,1,18.0,18,18,2.0,False,1.0,False,2.0,False,2.0,False,18,18,18,0.4444444444444444,0.1111111111111111,0.4444444444444444,3.0,0.265,4,0.29213483146067415
g1_228606_22860605,g1,228606,22860605,2,22.0,22,22,2.0,False,1.0,False,3.0,False,9.0,False,22,22,22,0.5,0.2727272727272727,0.36363636363636365,3.0,0.28,4,0.2857142857142857
g1_228606_22860606,g1,228606,22860606,3,21.0,21,21,2.0,False,1.0,False,2.0,False,23.0,False,21,21,21,0.5238095238095238,0.09523809523809523,0.14285714285714285,3.0,0.28,4,0.2857142857142857
g1_228606_22860607,g1,228606,22860607,3,20.0,20,20,2.0,False,1.0,False,3.0,False,13.0,False,20,20,20,0.45,0.15,0.3,3.0,0.28,4,0.2857142857142857
g1_230612_23061204,g1,230612,23061204,2,23.0,18,23,2.0,False,1.0,False,3.0,False,8.0,False,21,20,23,0.42857142857142855,0.0,0.5652173913043478,3.0,0.505,4,0.5172413793103449
g1_230612_23061205,g1,230612,23061205,3,20.0,20,20,2.0,False,1.0,False,2.0,False,11.0,False,20,20,20,0.6,0.05,0.45,3.0,0.505,4,0.5172413793103449
g1_230612_23061206,g1,230612,23061206,1,15.0,15,15,2.0,False,1.0,False,2.0,False,8.0,False,15,15,15,0.5333333333333333,0.06666666666666667,0.5333333333333333,3.0,0.505,4,0.5172413793103449
g1_231616_23161604,g1,231616,23161604,3,25.0,25,25,2.0,False,1.0,False,2.0,False,39.0,False,25,25,25,0.4,0.0,0.68,3.0,0.5625,4,0.6721311475409836
g1_231616_23161605,g1,231616,23161605,1,15.0,15,15,2.0,False,1.0,False,2.0,False,5.0,False,15,15,15,0.4666666666666667,0.0,0.7333333333333333,3.0,0.5625,4,0.6721311475409836
g1_231616_23161606,g1,231616,23161606,2,21.0,20,21,2.0,False,1.0,False,2.0,False,32.0,False,21,21,21,0.47619047619047616,0.0,0.6190476190476191,3.0,0.5625,4,0.6721311475409836
g1_234628_23462808,g1,234628,23462808,2,21.0,21,21,2.0,False,1.0,False,2.0,False,23.0,False,21,21,21,0.47619047619047616,0.14285714285714285,0.2857142857142857,3.0,0.38,4,0.36936936936936937
g1_234628_23462809,g1,234628,23462809,3,21.0,20,21,2.0,False,1.0,False,2.0,False,9.0,False,21,21,21,0.38095238095238093,0.047619047619047616,0.42857142857142855,3.0,0.38,4,0.36936936936936937
g1_234628_23462810,g1,234628,23462810,3,21.0,21,21,2.0,False,1.0,False,3.0,False,20.0,False,21,21,21,0.47619047619047616,0.0,0.38095238095238093,3.0,0.38,4,0.36936936936936937
g1_234628_23462811,g1,234628,23462811,2,22.0,22,22,2.0,False,1.0,False,2.0,False,12.0,False,22,22,22,0.45454545454545453,0.0,0.5454545454545454,3.0,0.38,4,0.36936936936936937
g1_244697_24469706,g1,244697,24469706,1,17.0,15,17,2.0,False,2.0,False,2.0,False,26.0,False,17,17,17,0.4117647058823529,1.0,0.9411764705882353,1.0,0.9225,4,0.9642857142857143
g1_244697_24469707,g1,244697,24469707,3,19.0,18,19,2.0,False,2.0,False,2.0,False,36.0,False,19,19,19,0.3684210526315789,1.0,0.9473684210526315,1.0,0.9225,4,0.9642857142857143
g1_244697_24469708,g1,244697,24469708,2,21.0,20,21,2.0,False,1.0,False,3.0,False,19.0,False,21,21,19,0.47619047619047616,1.0,1.0,1.0,0.9225,4,0.9642857142857143
g1_244697_24469709,g1,244697,24469709,3,21.0,21,21,2.0,False,1.0,False,3.0,False,7.0,False,21,21,21,0.5714285714285714,1.0,1.0,1.0,0.9225,4,0.9642857142857143
g1_244697_24469710,g1,244697,24469710,2,20.0,20,20,2.0,False,2.0,False,3.0,False,32.0,False,20,20,20,0.35,1.0,0.95,1.0,0.9225,4,0.9642857142857143
g1_244697_24469711,g1,244697,24469711,1,16.0,16,16,2.0,False,2.0,False,2.0,False,4.0,False,16,16,16,0.5,1.0,0.9375,1.0,0.9225,4,0.9642857142857143
g1_244708_24470808,g1,244708,24470808,1,16.0,16,16,2.0,False,2.0,False,2.0,False,1.0,False,16,16,16,0.4375,1.0,0.6875,1.0,0.9475,4,0.952
g1_244708_24470809,g1,244708,24470809,3,25.0,25,25,2.0,False,2.0,False,2.0,False,31.0,False,25,25,25,0.52,1.0,1.0,1.0,0.9475,4,0.952
g1_244708_24470810,g1,244708,24470810,2,22.0,22,22,2.0,False,1.0,False,2.0,False,4.0,False,22,22,21,0.45454545454545453,1.0,0.9523809523809523,1.0,0.9475,4,0.952
g1_244708_24470811,g1,244708,24470811,2,25.0,24,25,2.0,False,1.0,False,2.0,False,0.0,False,25,25,25,0.56,1.0,1.0,1.0,0.9475,4,0.952
g1_244708_24470812,g1,244708,24470812,3,24.0,23,24,2.0,False,1.0,False,2.0,False,10.0,False,24,23,23,0.375,0.9565217391304348,1.0,1.0,0.9475,4,0.952
g1_244723_24472306,g1,244723,24472306,2,22.0,21,22,2.0,False,1.0,False,2.0,False,2.0,False,22,22,22,0.5,1.0,1.0,1.0,0.9625,4,1.0
g1_244723_24472307,g1,244723,24472307,3,26.0,23,26,2.0,False,2.0,False,3.0,False,33.0,False,25,24,26,0.48,1.0,1.0,1.0,0.9625,4,1.0
g1_244723_24472308,g1,244723,24472308,2,23.0,23,23,2.0,False,1.0,False,2.0,False,5.0,False,23,23,22,0.43478260869565216,1.0,1.0,1.0,0.9625,4,1.0
g1_244723_24472309,g1,244723,24472309,3,21.0,20,21,2.0,False,1.0,False,3.0,False,4.0,False,21,21,21,0.5238095238095238,1.0,1.0,1.0,0.9625,4,1.0
g1_244723_24472311,g1,244723,24472311,1,15.0,15,15,2.0,False,2.0,False,2.0,False,38.0,False,15,15,15,0.5333333333333333,1.0,1.0,1.0,0.9625,4,1.0
g1_244727_24472705,g1,244727,24472705,2,21.0,21,21,2.0,False,1.0,False,2.0,False,11.0,False,21,21,21,0.6190476190476191,1.0,0.38095238095238093,2.0,0.315,4,0.5
g1_244727_24472707,g1,244727,24472707,1,18.0,18,18,2.0,False,2.0,False,3.0,False,32.0,False,18,18,16,0.5,1.0,0.8125,2.0,0.315,4,0.5
g1_244727_24472708,g1,244727,24472708,2,21.0,19,21,2.0,False,1.0,False,2.0,False,4.0,False,21,21,21,0.5238095238095238,1.0,0.38095238095238093,2.0,0.315,4,0.5
g1_244727_24472709,g1,244727,24472709,3,23.0,21,23,2.0,False,2.0,False,2.0,False,2.0,False,23,23,23,0.5217391304347826,1.0,0.6521739130434783,2.0,0.315,4,0.5
g1_244728_24472806,g1,244728,24472806,2,22.0,22,22,2.0,False,1.0,False,3.0,False,3.0,False,22,22,22,0.5454545454545454,0.9545454545454546,0.9545454545454546,1.0,0.9075,4,0.9791666666666666
g1_244736_24473604,g1,244736,24473604,2,24.0,24,24,2.0,False,1.0,False,2.0,False,14.0,False,24,24,22,0.4166666666666667,1.0,0.8636363636363636,1.0,0.9425,4,0.9310344827586207
g1_244736_24473605,g1,244736,24473605,2,22.0,22,22,2.0,False,2.0,False,2.0,False,37.0,False,22,22,22,0.45454545454545453,1.0,0.9545454545454546,1.0,0.9425,4,0.9310344827586207
g1_244745_24474505,g1,244745,24474505,3,24.0,23,24,2.0,False,1.0,False,2.0,False,19.0,False,24,24,22,0.375,0.625,0.6818181818181818,2.0,0.5525,4,0.5802469135802469
g1_244745_24474506,g1,244745,24474506,1,18.0,17,18,2.0,False,1.0,False,2.0,False,4.0,False,18,17,18,0.5,0.47058823529411764,0.5,2.0,0.5525,4,0.5802469135802469
g1_244745_24474507,g1,244745,24474507,2,18.0,17,18,2.0,False,1.0,False,3.0,False,33.0,False,18,18,18,0.6111111111111112,0.2777777777777778,0.5,2.0,0.5525,4,0.5802469135802469
g1_244745_24474508,g1,244745,24474508,2,24.0,23,24,2.0,False,1.0,False,3.0,False,23.0,False,24,24,23,0.4583333333333333,0.4166666666666667,0.6086956521739131,2.0,0.5525,4,0.5802469135802469
g1_244746_24474604,g1,244746,24474604,3,23.0,22,23,2.0,False,2.0,False,2.0,False,1.0,False,23,23,23,0.34782608695652173,1.0,0.9565217391304348,1.0,0.8825,4,0.9516129032258065
g1_244746_24474605,g1,244746,24474605,2,24.0,23,24,2.0,False,1.0,False,3.0,False,5.0,False,24,24,24,0.4583333333333333,1.0,0.9583333333333334,1.0,0.8825,4,0.9516129032258065
g1_244746_24474606,g1,244746,24474606,1,15.0,15,15,2.0,False,2.0,False,2.0,False,2.0,False,15,15,15,0.5333333333333333,1.0,0.9333333333333333,1.0,0.8825,4,0.9516129032258065
g1_244755_24475508,g1,244755,24475508,3,21.0,21,21,2.0,False,2.0,False,2.0,False,27.0,False,21,21,21,0.6666666666666666,1.0,1.0,1.0,0.915,4,0.9212598425196851
g1_244755_24475509,g1,244755,24475509,3,21.0,21,21,2.0,False,1.0,False,2.0,False,6.0,False,21,21,21,0.47619047619047616,1.0,0.8571428571428571,1.0,0.915,4,0.9212598425196851
g1_244755_24475512,g1,244755,24475512,3,21.0,21,21,2.0,False,2.0,False,3.0,False,24.0,False,21,21,21,0.5238095238095238,1.0,0.8095238095238095,1.0,0.915,4,0.9212598425196851
g1_244755_24475513,g1,244755,24475513,2,23.0,20,23,2.0,False,1.0,False,2.0,False,1.0,False,23,22,23,0.5217391304347826,1.0,0.9565217391304348,1.0,0.915,4,0.9212598425196851
g1_244764_24476403,g1,244764,24476403,3,19.0,19,19,2.0,False,2.0,False,2.0,False,17.0,False,19,19,19,0.631578947368421,1.0,0.9473684210526315,1.0,0.9125,4,0.9347826086956522
g1_244764_24476405,g1,244764,24476405,2,16.0,15,16,2.0,False,1.0,False,3.0,False,21.0,False,16,16,15,0.6875,1.0,1.0,1.0,0.9125,4,0.9347826086956522
g1_244774_24477406,g1,244774,24477406,2,23.0,21,23,2.0,False,2.0,False,2.0,False,15.0,False,23,23,23,0.391304347826087,1.0,1.0,1.0,0.925,4,0.952755905511811
g1_244774_24477407,g1,244774,24477407,2,24.0,24,24,2.0,False,2.0,False,2.0,False,3.0,False,24,24,24,0.5,1.0,0.875,1.0,0.925,4,0.952755905511811
g1_244774_24477408,g1,244774,24477408,2,20.0,20,20,2.0,False,1.0,False,3.0,False,3.0,False,20,20,20,0.45,1.0,1.0,1.0,0.925,4,0.952755905511811
g1_244774_24477409,g1,244774,24477409,1,17.0,17,17,2.0,False,2.0,False,2.0,False,9.0,False,17,17,17,0.5294117647058824,1.0,0.8823529411764706,1.0,0.925,4,0.952755905511811
g1_244774_24477410,g1,244774,24477410,3,26.0,19,26,2.0,False,2.0,False,3.0,False,27.0,False,25,25,26,0.52,1.0,0.9615384615384616,1.0,0.925,4,0.952755905511811
g1_244774_24477411,g1,244774,24477411,1,17.0,17,17,2.0,False,2.0,False,2.0,False,13.0,False,17,17,17,0.5882352941176471,1.0,1.0,1.0,0.925,4,0.952755905511811
g1_244776_24477609,g1,244776,24477609,1,17.0,16,17,2.0,False,1.0,False,2.0,False,8.0,False,17,17,17,0.5294117647058824,1.0,0.7647058823529411,1.0,0.85,4,0.8677685950413223
g1_244776_24477610,g1,244776,24477610,1,17.0,17,17,2.0,False,2.0,False,2.0,False,2.0,False,17,17,17,0.5294117647058824,0.9411764705882353,0.6470588235294118,1.0,0.85,4,0.8677685950413223
g1_244776_24477611,g1,244776,24477611,3,25.0,21,25,2.0,False,1.0,False,2.0,False,5.0,False,25,24,25,0.44,1.0,0.92,1.0,0.85,4,0.8677685950413223
g1_244776_24477612,g1,244776,24477612,3,22.0,21,22,2.0,False,2.0,False,3.0,False,6.0,False,22,22,21,0.36363636363636365,1.0,1.0,1.0,0.85,4,0.8677685950413223
g1_244776_24477613,g1,244776,24477613,2,22.0,21,22,2.0,False,2.0,False,2.0,False,2.0,False,22,21,21,0.5,1.0,1.0,1.0,0.85,4,0.8677685950413223
g1_244776_24477614,g1,244776,24477614,2,22.0,20,22,2.0,False,2.0,False,2.0,False,1.0,False,22,22,20,0.5,1.0,0.8,1.0,0.85,4,0.8677685950413223
g1_244780_24478004,g1,244780,24478004,2,25.0,25,25,2.0,False,1.0,False,2.0,False,2.0,False,25,25,25,0.44,1.0,1.0,1.0,0.915,4,0.9090909090909091
g1_244780_24478005,g1,244780,24478005,3,25.0,24,25,2.0,False,2.0,False,2.0,False,35.0,False,25,25,24,0.56,1.0,1.0,1.0,0.915,4,0.9090909090909091
g1_244780_24478006,g1,244780,24478006,1,17.0,17,17,2.0,False,2.0,False,3.0,False,17.0,False,17,17,17,0.4117647058823529,1.0,0.6470588235294118,1.0,0.915,4,0.9090909090909091
g1_244796_24479605,g1,244796,24479605,2,17.0,16,17,2.0,False,2.0,False,2.0,False,9.0,False,17,17,17,0.5294117647058824,1.0,0.9411764705882353,1.0,0.8175,4,0.9827586206896551
g1_244796_24479606,g1,244796,24479606,2,24.0,23,24,2.0,False,1.0,False,3.0,False,11.0,False,24,24,24,0.5416666666666666,1.0,1.0,1.0,0.8175,4,0.9827586206896551
g1_244796_24479607,g1,244796,24479607,1,17.0,16,17,2.0,False,1.0,False,2.0,False,6.0,False,17,17,17,0.5882352941176471,1.0,1.0,1.0,0.8175,4,0.9827586206896551
g1_244799_24479905,g1,244799,24479905,3,22.0,22,22,2.0,False,1.0,False,2.0,False,4.0,False,22,22,19,0.45454545454545453,1.0,0.3684210526315789,2.0,0.345,4,0.40540540540540543
g1_244799_24479906,g1,244799,24479906,2,20.0,20,20,2.0,False,2.0,False,2.0,False,3.0,False,20,20,20,0.6,1.0,0.4,2.0,0.345,4,0.40540540540540543
g1_244799_24479907,g1,244799,24479907,2,19.0,18,19,2.0,False,2.0,False,2.0,False,2.0,False,19,19,19,0.47368421052631576,0.8947368421052632,0.5263157894736842,2.0,0.345,4,0.40540540540540543
g1_244799_24479908,g1,244799,24479908,1,16.0,16,16,2.0,False,2.0,False,3.0,False,23.0,False,16,16,16,0.5625,1.0,0.3125,2.0,0.345,4,0.40540540540540543
g1_244801_24480105,g1,244801,24480105,1,17.0,17,17,2.0,False,1.0,False,2.0,False,16.0,False,17,17,17,0.47058823529411764,0.35294117647058826,0.47058823529411764,2.0,0.405,4,0.4
g1_244801_24480106,g1,244801,24480106,3,25.0,24,25,2.0,False,1.0,False,2.0,False,20.0,False,25,25,25,0.44,0.32,0.28,2.0,0.405,4,0.4
g1_244801_24480107,g1,244801,24480107,2,25.0,24,25,2.0,False,1.0,False,2.0,False,16.0,False,25,25,25,0.44,0.48,0.44,2.0,0.405,4,0.4
g1_244801_24480108,g1,244801,24480108,2,24.0,22,24,2.0,False,2.0,False,2.0,False,5.0,False,24,24,23,0.5416666666666666,0.5,0.43478260869565216,2.0,0.405,4,0.4
g1_244806_24480608,g1,244806,24480608,3,23.0,23,23,2.0,False,2.0,False,2.0,False,24.0,False,23,23,23,0.4782608695652174,1.0,1.0,1.0,0.87,4,0.8428571428571429
g1_244806_24480609,g1,244806,24480609,1,15.0,15,15,2.0,False,2.0,False,2.0,False,32.0,False,15,15,15,0.6,1.0,0.7333333333333333,1.0,0.87,4,0.8428571428571429
g1_244806_24480610,g1,244806,24480610,1,15.0,15,15,2.0,False,1.0,False,3.0,False,17.0,False,15,15,14,0.6,1.0,1.0,1.0,0.87,4,0.8428571428571429
g1_244806_24480611,g1,244806,24480611,3,22.0,21,22,2.0,False,1.0,False,2.0,False,3.0,False,22,22,21,0.5909090909090909,1.0,0.9047619047619048,1.0,0.87,4,0.8428571428571429
g1_244806_24480612,g1,244806,24480612,2,23.0,23,23,2.0,False,1.0,False,2.0,False,5.0,False,23,23,23,0.5217391304347826,1.0,0.7391304347826086,1.0,0.87,4,0.8428571428571429
g1_244806_24480613,g1,244806,24480613,2,22.0,21,22,2.0,False,1.0,False,3.0,False,25.0,False,22,22,22,0.5,1.0,0.8636363636363636,1.0,0.87,4,0.8428571428571429
g1_244806_24480614,g1,244806,24480614,2,22.0,21,22,2.0,False,1.0,False,2.0,False,27.0,False,22,22,22,0.5909090909090909,1.0,0.6818181818181818,1.0,0.87,4,0.8428571428571429
g1_244831_24483106,g1,244831,24483106,2,24.0,23,24,2.0,False,1.0,False,3.0,False,18.0,False,24,24,24,0.4583333333333333,0.5,0.375,2.0,0.43,4,0.618421052631579
g1_244831_24483107,g1,244831,24483107,3,24.0,24,24,2.0,False,2.0,False,3.0,False,9.0,False,24,24,24,0.5416666666666666,0.4583333333333333,0.6666666666666666,2.0,0.43,4,0.618421052631579
g1_244839_24483906,g1,244839,24483906,1,17.0,17,17,2.0,False,1.0,False,2.0,False,4.0,False,17,17,17,0.6470588235294118,0.9411764705882353,0.4117647058823529,2.0,0.4175,4,0.4380952380952381
g1_244839_24483907,g1,244839,24483907,2,26.0,24,26,2.0,False,2.0,False,2.0,False,25.0,False,26,26,26,0.38461538461538464,0.8461538461538461,0.4230769230769231,2.0,0.4175,4,0.4380952380952381
g1_244839_24483908,g1,244839,24483908,2,22.0,22,22,2.0,False,1.0,False,2.0,False,2.0,False,22,22,22,0.45454545454545453,1.0,0.5909090909090909,2.0,0.4175,4,0.4380952380952381
g1_244839_24483909,g1,244839,24483909,2,24.0,24,24,2.0,False,2.0,False,2.0,False,0.0,False,24,24,24,0.5,0.9583333333333334,0.4166666666666667,2.0,0.4175,4,0.4380952380952381
g1_244839_24483910,g1,244839,24483910,1,16.0,16,16,2.0,False,2.0,False,3.0,False,12.0,False,16,16,16,0.5,0.9375,0.3125,2.0,0.4175,4,0.4380952380952381
g1_252885_25288505,g1,252885,25288505,1,17.0,17,17,2.0,False,2.0,False,2.0,False,39.0,False,17,17,17,0.47058823529411764,0.17647058823529413,0.29411764705882354,3.0,0.4525,4,0.3163265306122449
g1_252885_25288506,g1,252885,25288506,2,27.0,26,27,2.0,False,1.0,False,3.0,False,2.0,False,27,27,27,0.5185185185185185,0.1111111111111111,0.4074074074074074,3.0,0.4525,4,0.3163265306122449
g1_252885_25288507,g1,252885,25288507,3,28.0,27,28,2.0,False,1.0,False,3.0,False,10.0,False,28,28,28,0.6071428571428571,0.14285714285714285,0.2857142857142857,3.0,0.4525,4,0.3163265306122449
g1_252885_25288508,g1,252885,25288508,2,27.0,27,27,2.0,False,1.0,False,2.0,False,2.0,False,27,27,26,0.48148148148148145,0.2222222222222222,0.2692307692307692,3.0,0.4525,4,0.3163265306122449
g1_253888_25388804,g1,253888,25388804,2,23.0,23,23,2.0,False,1.0,False,2.0,False,7.0,False,23,23,23,0.391304347826087,0.0,0.34782608695652173,3.0,0.3775,4,0.39285714285714285
g1_253888_25388805,g1,253888,25388805,3,20.0,20,20,2.0,False,1.0,False,2.0,False,10.0,False,20,20,20,0.5,0.0,0.4,3.0,0.3775,4,0.39285714285714285
g1_257899_25789906,g1,257899,25789906,2,22.0,22,22,2.0,False,1.0,False,3.0,False,9.0,False,22,22,21,0.4090909090909091,0.0,0.47619047619047616,3.0,0.3375,4,0.391304347826087
g1_257899_25789907,g1,257899,25789907,2,22.0,21,22,2.0,False,1.0,False,2.0,False,15.0,False,22,22,21,0.45454545454545453,0.0,0.38095238095238093,3.0,0.3375,4,0.391304347826087
g1_257899_25789908,g1,257899,25789908,3,23.0,23,23,2.0,False,1.0,False,2.0,False,13.0,False,23,23,23,0.43478260869565216,0.0,0.43478260869565216,3.0,0.3375,4,0.391304347826087
g1_257905_25790509,g1,257905,25790509,1,15.0,15,15,2.0,False,1.0,False,2.0,False,27.0,False,15,15,15,0.4666666666666667,0.0,0.4,4.0,0.3275,4,0.35384615384615387
g1_257905_25790510,g1,257905,25790510,1,15.0,15,15,2.0,False,1.0,False,2.0,False,20.0,False,15,15,15,0.4,0.0,0.4,4.0,0.3275,4,0.35384615384615387
g1_257905_25790511,g1,257905,25790511,2,23.0,21,23,2.0,False,1.0,False,2.0,False,11.0,False,23,23,22,0.5652173913043478,0.08695652173913043,0.36363636363636365,4.0,0.3275,4,0.35384615384615387
g1_257905_25790512,g1,257905,25790512,3,22.0,21,22,2.0,False,1.0,False,3.0,False,8.0,False,22,22,19,0.36363636363636365,0.0,0.3684210526315789,4.0,0.3275,4,0.35384615384615387
g1_257905_25790513,g1,257905,25790513,2,22.0,22,22,2.0,False,1.0,False,2.0,False,20.0,False,22,22,22,0.5,0.09090909090909091,0.2727272727272727,4.0,0.3275,4,0.35384615384615387
g1_257905_25790514,g1,257905,25790514,3,22.0,22,22,2.0,False,1.0,False,2.0,False,10.0,False,22,22,22,0.36363636363636365,0.0,0.36363636363636365,4.0,0.3275,4,0.35384615384615387
g1_259915_25991506,g1,259915,25991506,2,24.0,24,24,2.0,False,1.0,False,2.0,False,12.0,False,24,24,23,0.4583333333333333,0.0,0.4782608695652174,3.0,0.4725,4,0.3888888888888889
g1_259915_25991507,g1,259915,25991507,3,24.0,21,24,2.0,False,1.0,False,2.0,False,2.0,False,24,24,24,0.5833333333333334,0.0,0.375,3.0,0.4725,4,0.3888888888888889
g1_261927_26192705,g1,261927,26192705,3,21.0,20,21,2.0,False,1.0,False,5.0,False,18.0,False,21,21,21,0.5238095238095238,0.0,0.2857142857142857,3.0,0.24,4,0.22916666666666666
g1_261927_26192706,g1,261927,26192706,2,21.0,21,21,2.0,False,1.0,False,3.0,False,5.0,False,21,21,21,0.5714285714285714,0.0,0.23809523809523808,3.0,0.24,4,0.22916666666666666
g1_261927_26192707,g1,261927,26192707,1,17.0,17,17,2.0,False,1.0,False,2.0,False,14.0,False,17,17,17,0.5294117647058824,0.0,0.17647058823529413,3.0,0.24,4,0.22916666666666666
g1_261927_26192708,g1,261927,26192708,2,21.0,21,21,2.0,False,1.0,False,2.0,False,16.0,False,21,21,20,0.5714285714285714,0.0,0.15,3.0,0.24,4,0.22916666666666666
g1_261927_26192709,g1,261927,26192709,1,17.0,17,17,2.0,False,1.0,False,5.0,False,17.0,False,17,17,17,0.35294117647058826,0.0,0.29411764705882354,3.0,0.24,4,0.22916666666666666
g1_262937_26293705,g1,262937,26293705,2,24.0,24,24,2.0,False,1.0,False,3.0,False,18.0,False,24,24,24,0.5,0.0,0.0,2.0,0.0325,4,0.025974025974025976
g1_262937_26293706,g1,262937,26293706,1,16.0,16,16,2.0,False,1.0,False,2.0,False,20.0,False,16,16,16,0.375,0.0625,0.125,2.0,0.0325,4,0.025974025974025976
g1_262937_26293707,g1,262937,26293707,3,23.0,23,23,2.0,False,1.0,False,2.0,False,3.0,False,23,23,22,0.4782608695652174,0.0,0.0,2.0,0.0325,4,0.025974025974025976
g1_262937_26293708,g1,262937,26293708,1,15.0,15,15,2.0,False,1.0,False,2.0,False,18.0,False,15,15,15,0.4,0.0,0.0,2.0,0.0325,4,0.025974025974025976
g1_264945_26494506,g1,264945,26494506,2,26.0,26,26,2.0,False,1.0,False,2.0,False,0.0,False,26,26,26,0.4230769230769231,0.0,0.038461538461538464,2.0,0.0225,4,0.02654867256637168
g1_264945_26494507,g1,264945,26494507,3,27.0,26,27,2.0,False,1.0,False,3.0,False,6.0,False,26,26,27,0.34615384615384615,0.15384615384615385,0.037037037037037035,2.0,0.0225,4,0.02654867256637168
g1_264945_26494508,g1,264945,26494508,3,26.0,24,26,2.0,False,1.0,False,2.0,False,27.0,False,26,26,26,0.38461538461538464,0.07692307692307693,0.038461538461538464,2.0,0.0225,4,0.02654867256637168
g1_264945_26494509,g1,264945,26494509,1,17.0,17,17,2.0,False,1.0,False,2.0,False,9.0,False,17,17,17,0.35294117647058826,0.0,0.0,2.0,0.0225,4,0.02654867256637168
g1_264945_26494510,g1,264945,26494510,1,17.0,15,17,2.0,False,1.0,False,2.0,False,6.0,False,17,17,17,0.5294117647058824,0.0,0.0,2.0,0.0225,4,0.02654867256637168
g2_112038_11203807,g2,112038,11203807,2,25.0,20,25,2.0,False,1.0,False,3.0,False,8.0,False,25,24,25,0.48,0.375,0.76,4.0,0.705,4,0.7575757575757576
g2_112038_11203808,g2,112038,11203808,3,26.0,22,26,2.0,False,1.0,False,2.0,False,12.0,False,26,26,26,0.5,0.2692307692307692,0.8076923076923077,4.0,0.705,4,0.7575757575757576
g2_112038_11203809,g2,112038,11203809,1,15.0,15,15,2.0,False,1.0,False,3.0,False,16.0,False,15,15,15,0.4666666666666667,0.6666666666666666,0.6666666666666666,4.0,0.705,4,0.7575757575757576
g2_123056_12305607,g2,123056,12305607,2,23.0,20,23,2.0,False,1.0,False,2.0,False,26.0,False,23,23,23,0.5217391304347826,0.0,0.5217391304347826,3.0,0.3075,4,0.3870967741935484
g2_123056_12305608,g2,123056,12305608,3,24.0,21,24,2.0,False,1.0,False,2.0,False,34.0,False,24,24,24,0.4166666666666667,0.0,0.3333333333333333,3.0,0.3075,4,0.3870967741935484
g2_128076_12807608,g2,128076,12807608,3,22.0,19,22,2.0,False,1.0,False,2.0,False,33.0,False,22,22,22,0.45454545454545453,0.09090909090909091,0.22727272727272727,2.0,0.1825,4,0.17647058823529413
g2_128076_12807611,g2,128076,12807611,2,21.0,20,21,2.0,False,1.0,False,3.0,False,22.0,False,21,21,20,0.2857142857142857,0.0,0.15,2.0,0.1825,4,0.17647058823529413
g2_128079_12807909,g2,128079,12807909,2,22.0,19,22,2.0,False,1.0,False,2.0,False,9.0,False,22,22,21,0.4090909090909091,0.045454545454545456,0.3333333333333333,3.0,0.3525,4,0.31645569620253167
g2_128079_12807910,g2,128079,12807910,1,17.0,15,17,2.0,False,1.0,False,2.0,False,12.0,False,17,16,17,0.35294117647058826,0.0625,0.23529411764705882,3.0,0.3525,4,0.31645569620253167
g2_128079_12807911,g2,128079,12807911,3,24.0,22,24,2.0,False,2.0,False,3.0,False,13.0,False,24,24,24,0.375,0.041666666666666664,0.4166666666666667,3.0,0.3525,4,0.31645569620253167
g2_130085_13008509,g2,130085,13008509,3,23.0,23,23,2.0,False,1.0,False,3.0,False,22.0,False,23,23,23,0.5652173913043478,0.08695652173913043,0.08695652173913043,2.0,0.21,4,0.1875
g2_130085_13008510,g2,130085,13008510,2,19.0,19,19,2.0,False,1.0,False,2.0,False,4.0,False,19,19,19,0.47368421052631576,0.0,0.10526315789473684,2.0,0.21,4,0.1875
g2_130085_13008511,g2,130085,13008511,3,22.0,22,22,2.0,False,1.0,False,3.0,False,12.0,False,22,22,22,0.5,0.045454545454545456,0.2727272727272727,2.0,0.21,4,0.1875
g2_130085_13008512,g2,130085,13008512,1,16.0,16,16,2.0,False,1.0,False,3.0,False,11.0,False,16,16,16,0.4375,0.0,0.3125,2.0,0.21,4,0.1875
g2_159171_15917112,g2,159171,15917112,3,22.0,21,22,2.0,False,1.0,False,2.0,False,23.0,False,22,21,21,0.45454545454545453,0.19047619047619047,0.47619047619047616,3.0,0.495,4,0.47706422018348627
g2_159171_15917113,g2,159171,15917113,2,19.0,19,19,2.0,False,1.0,False,2.0,False,31.0,False,19,19,19,0.42105263157894735,0.3684210526315789,0.5263157894736842,3.0,0.495,4,0.47706422018348627
g2_159171_15917114,g2,159171,15917114,2,19.0,17,19,2.0,False,1.0,False,3.0,False,2.0,False,19,18,19,0.42105263157894735,0.3888888888888889,0.42105263157894735,3.0,0.495,4,0.47706422018348627
g2_159171_15917115,g2,159171,15917115,3,21.0,20,21,2.0,False,1.0,False,2.0,False,2.0,False,21,21,21,0.5238095238095238,0.23809523809523808,0.47619047619047616,3.0,0.495,4,0.47706422018348627
g2_161176_16117609,g2,161176,16117609,3,21.0,21,21,2.0,False,1.0,False,2.0,False,1.0,False,21,21,0,0.38095238095238093,0.0,0.46153846153846156,3.0,0.4,4,
g2_161176_16117610,g2,161176,16117610,2,23.0,22,23,2.0,False,1.0,False,3.0,False,22.0,False,23,23,0,0.5217391304347826,0.0,0.46153846153846156,3.0,0.4,4,
g2_161176_16117611,g2,161176,16117611,3,21.0,21,21,2.0,False,1.0,False,2.0,False,1.0,False,21,21,0,0.42857142857142855,0.0,0.46153846153846156,3.0,0.4,4,
g2_161183_16118313,g2,161183,16118313,3,22.0,22,22,1.0,False,1.0,False,3.0,False,8.0,False,22,22,22,0.4090909090909091,0.0,0.6818181818181818,3.0,0.5825,4,0.5543478260869565
g2_161183_16118314,g2,161183,16118314,1,15.0,15,15,2.0,False,1.0,False,2.0,False,10.0,False,15,15,15,0.5333333333333333,0.0,0.4,3.0,0.5825,4,0.5543478260869565
g2_161183_16118316,g2,161183,16118316,2,23.0,20,23,2.0,False,2.0,False,2.0,False,10.0,False,23,22,23,0.391304347826087,0.0,0.4782608695652174,3.0,0.5825,4,0.5543478260869565
g2_161183_16118317,g2,161183,16118317,3,19.0,19,19,2.0,False,1.0,False,3.0,False,13.0,False,19,19,19,0.42105263157894735,0.05263157894736842,0.631578947368421,3.0,0.5825,4,0.5543478260869565
g2_162184_16218409,g2,162184,16218409,3,23.0,20,23,2.0,False,1.0,False,2.0,False,22.0,False,23,23,22,0.5652173913043478,0.0,0.7727272727272727,3.0,0.635,4,0.7536231884057971
g2_162184_16218410,g2,162184,16218410,2,21.0,21,21,2.0,False,1.0,False,3.0,False,1.0,False,21,21,20,0.5238095238095238,0.0,0.8,3.0,0.635,4,0.7536231884057971
g2_164198_16419808,g2,164198,16419808,2,24.0,24,24,2.0,False,1.0,False,2.0,False,2.0,False,24,24,24,0.5416666666666666,0.041666666666666664,0.2916666666666667,3.0,0.365,4,0.3333333333333333
g2_164198_16419809,g2,164198,16419809,3,26.0,21,26,2.0,False,1.0,False,3.0,False,6.0,False,26,25,25,0.5,0.04,0.44,3.0,0.365,4,0.3333333333333333
g2_165199_16519909,g2,165199,16519909,3,21.0,19,21,2.0,False,1.0,False,3.0,False,18.0,False,21,21,20,0.6190476190476191,0.09523809523809523,0.25,4.0,0.2,4,0.1836734693877551
g2_166203_16620308,g2,166203,16620308,3,22.0,19,22,2.0,False,1.0,False,3.0,False,20.0,False,22,22,21,0.5454545454545454,0.09090909090909091,0.8095238095238095,4.0,0.6025,4,0.7
g2_168214_16821408,g2,168214,16821408,2,23.0,20,23,2.0,False,1.0,False,2.0,False,31.0,False,23,23,23,0.43478260869565216,0.0,0.6086956521739131,3.0,0.2825,4,0.3333333333333333
g2_168214_16821409,g2,168214,16821409,3,23.0,22,23,2.0,False,1.0,False,2.0,False,8.0,False,23,23,23,0.5217391304347826,0.0,0.13043478260869565,3.0,0.2825,4,0.3333333333333333
g2_169219_16921909,g2,169219,16921909,3,22.0,21,22,2.0,False,1.0,False,2.0,False,18.0,False,22,20,22,0.5454545454545454,0.2,0.2727272727272727,2.0,0.185,4,0.2857142857142857
g2_169219_16921910,g2,169219,16921910,2,22.0,18,22,2.0,False,1.0,False,2.0,False,9.0,False,22,22,22,0.5,0.2727272727272727,0.2727272727272727,2.0,0.185,4,0.2857142857142857
g2_169229_16922920,g2,169229,16922920,2,24.0,21,24,2.0,False,2.0,False,3.0,False,17.0,False,24,24,22,0.4583333333333333,0.4166666666666667,0.45454545454545453,2.0,0.28,4,0.3722943722943723
g2_169229_16922923,g2,169229,16922923,3,24.0,22,24,2.0,False,1.0,False,2.0,False,12.0,False,24,22,24,0.5,0.3181818181818182,0.25,2.0,0.28,4,0.3722943722943723
g2_169229_16922924,g2,169229,16922924,2,23.0,21,23,2.0,False,1.0,False,3.0,False,31.0,False,23,23,23,0.5652173913043478,0.43478260869565216,0.391304347826087,2.0,0.28,4,0.3722943722943723
g2_169229_16922925,g2,169229,16922925,3,25.0,23,25,2.0,False,1.0,False,5.0,False,9.0,False,25,25,24,0.44,0.44,0.4583333333333333,2.0,0.28,4,0.3722943722943723
g2_169229_16922926,g2,169229,16922926,3,24.0,24,24,2.0,False,1.0,False,3.0,False,21.0,False,24,24,24,0.4583333333333333,0.375,0.4166666666666667,2.0,0.28,4,0.3722943722943723
g2_169229_16922928,g2,169229,16922928,3,25.0,21,25,2.0,False,1.0,False,3.0,False,15.0,False,25,24,24,0.48,0.5,0.375,2.0,0.28,4,0.3722943722943723
g2_169229_16922929,g2,169229,16922929,2,23.0,22,23,2.0,False,1.0,False,2.0,False,8.0,False,23,23,23,0.4782608695652174,0.43478260869565216,0.4782608695652174,2.0,0.28,4,0.3722943722943723
g2_169229_16922930,g2,169229,16922930,2,24.0,21,24,2.0,False,1.0,False,2.0,False,17.0,False,23,23,24,0.34782608695652173,0.4782608695652174,0.3333333333333333,2.0,0.28,4,0.3722943722943723
g2_169231_16923109,g2,169231,16923109,1,17.0,17,17,2.0,False,1.0,False,2.0,False,1.0,False,17,17,17,0.4117647058823529,0.5882352941176471,0.4117647058823529,1.0,0.63,4,0.6511627906976745
g2_169231_16923110,g2,169231,16923110,3,26.0,22,26,2.0,False,1.0,False,3.0,False,10.0,False,26,26,26,0.6538461538461539,0.46153846153846156,0.7307692307692307,1.0,0.63,4,0.6511627906976745
g2_169231_16923111,g2,169231,16923111,2,26.0,19,26,1.0,False,1.0,False,3.0,False,13.0,False,26,25,26,0.46153846153846156,0.4,0.7307692307692307,1.0,0.63,4,0.6511627906976745
g2_169231_16923112,g2,169231,16923112,1,17.0,17,17,2.0,False,1.0,False,2.0,False,0.0,False,17,17,17,0.5294117647058824,0.5294117647058824,0.6470588235294118,1.0,0.63,4,0.6511627906976745
g2_169280_16928008,g2,169280,16928008,2,24.0,22,24,2.0,False,1.0,False,2.0,False,14.0,False,24,24,23,0.5833333333333334,0.20833333333333334,0.43478260869565216,2.0,0.25,4,0.4634146341463415
g2_169280_16928009,g2,169280,16928009,3,26.0,23,26,2.0,False,1.0,False,3.0,False,19.0,False,26,26,26,0.5384615384615384,0.3076923076923077,0.46153846153846156,2.0,0.25,4,0.4634146341463415
g2_169280_16928010,g2,169280,16928010,1,17.0,16,17,2.0,False,1.0,False,2.0,False,1.0,False,17,17,17,0.4117647058823529,0.11764705882352941,0.35294117647058826,2.0,0.25,4,0.4634146341463415
g2_169280_16928011,g2,169280,16928011,1,16.0,15,16,2.0,False,2.0,False,2.0,False,15.0,False,16,16,16,0.625,0.4375,0.625,2.0,0.25,4,0.4634146341463415
g2_170295_17029509,g2,170295,17029509,3,24.0,22,24,2.0,False,1.0,False,3.0,False,8.0,False,24,23,24,0.4583333333333333,0.0,0.4583333333333333,3.0,0.4975,4,0.5
g2_170295_17029510,g2,170295,17029510,3,23.0,23,23,2.0,False,1.0,False,2.0,False,2.0,False,23,23,23,0.43478260869565216,0.0,0.5652173913043478,3.0,0.4975,4,0.5
g2_170295_17029512,g2,170295,17029512,2,16.0,16,16,2.0,False,1.0,False,2.0,False,19.0,False,16,16,16,0.4375,0.0625,0.4375,3.0,0.4975,4,0.5
g2_173312_17331208,g2,173312,17331208,2,22.0,17,22,2.0,False,1.0,False,2.0,False,25.0,False,22,22,21,0.45454545454545453,0.13636363636363635,0.5238095238095238,3.0,0.355,4,0.4936708860759494
g2_173312_17331209,g2,173312,17331209,3,22.0,21,22,2.0,False,2.0,False,2.0,False,4.0,False,22,22,21,0.5,0.13636363636363635,0.42857142857142855,3.0,0.355,4,0.4936708860759494
g2_173312_17331210,g2,173312,17331210,2,22.0,18,22,2.0,False,1.0,False,2.0,False,13.0,False,22,22,22,0.4090909090909091,0.13636363636363635,0.5,3.0,0.355,4,0.4936708860759494
g2_176329_17632909,g2,176329,17632909,2,22.0,20,22,2.0,False,1.0,False,3.0,False,12.0,False,22,22,22,0.5454545454545454,0.0,0.5909090909090909,3.0,0.69,4,0.6805555555555556
g2_176329_17632910,g2,176329,17632910,3,23.0,19,23,2.0,False,1.0,False,2.0,False,3.0,False,23,23,23,0.391304347826087,0.0,0.8260869565217391,3.0,0.69,4,0.6805555555555556
g2_189378_18937810,g2,189378,18937810,3,25.0,23,25,2.0,False,1.0,False,3.0,False,20.0,False,25,25,24,0.48,0.04,0.125,3.0,0.305,4,0.25842696629213485
g2_189378_18937811,g2,189378,18937811,3,24.0,22,24,2.0,False,1.0,False,3.0,False,8.0,False,24,24,23,0.5,0.08333333333333333,0.4782608695652174,3.0,0.305,4,0.25842696629213485
g2_189378_18937812,g2,189378,18937812,2,26.0,22,26,2.0,False,1.0,False,2.0,False,12.0,False,26,26,26,0.5,0.0,0.15384615384615385,3.0,0.305,4,0.25842696629213485
g2_189382_18938209,g2,189382,18938209,2,29.0,26,29,2.0,False,1.0,False,2.0,False,12.0,False,29,28,1,0.4827586206896552,0.03571428571428571,0.0,2.0,0.0525,4,0.014925373134328358
g2_189382_18938210,g2,189382,18938210,1,18.0,17,18,2.0,False,1.0,False,3.0,False,17.0,False,18,18,18,0.5,0.0,0.0,2.0,0.0525,4,0.014925373134328358
g2_189382_18938211,g2,189382,18938211,2,24.0,22,24,2.0,False,1.0,False,2.0,False,23.0,False,24,24,24,0.5,0.0,0.041666666666666664,2.0,0.0525,4,0.014925373134328358
g2_189382_18938212,g2,189382,18938212,3,24.0,22,24,2.0,False,1.0,False,2.0,False,12.0,False,24,24,24,0.5,0.0,0.0,2.0,0.0525,4,0.014925373134328358
g2_189396_18939609,g2,189396,18939609,2,24.0,19,24,2.0,False,1.0,False,3.0,False,18.0,False,23,23,22,0.6086956521739131,0.043478260869565216,0.18181818181818182,3.0,0.39,4,0.4
g2_189396_18939610,g2,189396,18939610,3,23.0,16,23,2.0,False,1.0,False,2.0,False,2.0,False,23,22,23,0.2608695652173913,0.09090909090909091,0.5652173913043478,3.0,0.39,4,0.4
g2_191411_19141107,g2,191411,19141107,1,16.0,16,16,2.0,False,1.0,False,3.0,False,8.0,False,16,16,16,0.5625,0.0,0.8125,3.0,0.86,4,0.7704918032786885
g2_191411_19141108,g2,191411,19141108,3,23.0,22,23,2.0,False,1.0,False,2.0,False,6.0,False,23,23,23,0.4782608695652174,0.0,0.8695652173913043,3.0,0.86,4,0.7704918032786885
g2_191411_19141109,g2,191411,19141109,2,22.0,21,22,2.0,False,1.0,False,2.0,False,14.0,False,22,22,22,0.45454545454545453,0.0,0.6363636363636364,3.0,0.86,4,0.7704918032786885
g2_193422_19342208,g2,193422,19342208,3,22.0,21,22,2.0,False,1.0,False,2.0,False,7.0,False,22,22,22,0.5,0.13636363636363635,0.5,3.0,0.39,4,0.4931506849315068
g2_193422_19342210,g2,193422,19342210,2,22.0,21,22,2.0,False,1.0,False,3.0,False,11.0,False,22,22,21,0.5,0.09090909090909091,0.5238095238095238,3.0,0.39,4,0.4931506849315068
g2_193423_19342311,g2,193423,19342311,2,20.0,19,20,2.0,False,1.0,False,2.0,False,8.0,False,20,20,20,0.6,0.1,0.45,3.0,0.4725,4,0.5
g2_193423_19342313,g2,193423,19342313,2,21.0,20,21,2.0,False,1.0,False,2.0,False,13.0,False,21,21,21,0.42857142857142855,0.09523809523809523,0.42857142857142855,3.0,0.4725,4,0.5
g2_193423_19342314,g2,193423,19342314,3,20.0,19,20,2.0,False,1.0,False,2.0,False,9.0,False,20,20,20,0.4,0.1,0.55,3.0,0.4725,4,0.5
g2_201449_20144914,g2,201449,20144914,1,15.0,15,15,2.0,False,1.0,False,2.0,False,3.0,False,15,15,15,0.5333333333333333,0.06666666666666667,0.2,3.0,0.3275,4,0.373134328358209
g2_201449_20144916,g2,201449,20144916,3,22.0,22,22,2.0,False,1.0,False,2.0,False,15.0,False,22,22,22,0.4090909090909091,0.13636363636363635,0.45454545454545453,3.0,0.3275,4,0.373134328358209
g2_201449_20144917,g2,201449,20144917,2,23.0,20,23,2.0,False,1.0,False,3.0,False,15.0,False,23,23,23,0.43478260869565216,0.043478260869565216,0.6086956521739131,3.0,0.3275,4,0.373134328358209
g2_201449_20144919,g2,201449,20144919,3,22.0,21,22,2.0,False,1.0,False,2.0,False,8.0,False,22,22,22,0.2727272727272727,0.09090909090909091,0.22727272727272727,3.0,0.3275,4,0.373134328358209
g2_201449_20144920,g2,201449,20144920,2,23.0,20,23,2.0,False,1.0,False,2.0,False,0.0,False,23,22,23,0.4782608695652174,0.045454545454545456,0.391304347826087,3.0,0.3275,4,0.373134328358209
g2_203452_20345212,g2,203452,20345212,2,24.0,22,24,2.0,False,1.0,False,2.0,False,18.0,False,24,24,23,0.4583333333333333,0.0,0.5217391304347826,3.0,0.3625,4,0.38
g2_203452_20345213,g2,203452,20345213,2,22.0,22,22,2.0,False,1.0,False,3.0,False,19.0,False,22,22,21,0.5,0.13636363636363635,0.38095238095238093,3.0,0.3625,4,0.38
g2_203452_20345214,g2,203452,20345214,3,26.0,23,26,2.0,False,1.0,False,3.0,False,4.0,False,26,23,26,0.5,0.043478260869565216,0.3076923076923077,3.0,0.3625,4,0.38
g2_203457_20345708,g2,203457,20345708,2,20.0,19,20,2.0,False,1.0,False,3.0,False,9.0,False,20,20,20,0.35,0.05,0.5,3.0,0.415,4,0.4647887323943662
g2_203457_20345709,g2,203457,20345709,3,22.0,21,22,2.0,False,1.0,False,2.0,False,19.0,False,22,22,22,0.45454545454545453,0.0,0.36363636363636365,3.0,0.415,4,0.4647887323943662
g2_205488_20548808,g2,205488,20548808,3,23.0,22,23,2.0,False,1.0,False,2.0,False,25.0,False,23,23,23,0.43478260869565216,0.08695652173913043,0.17391304347826086,2.0,0.265,4,0.18571428571428572
g2_205488_20548809,g2,205488,20548809,2,22.0,19,22,2.0,False,2.0,False,3.0,False,19.0,False,22,22,21,0.36363636363636365,0.13636363636363635,0.3333333333333333,2.0,0.265,4,0.18571428571428572
g2_205490_20549007,g2,205490,20549007,2,24.0,24,24,2.0,False,1.0,False,2.0,False,1.0,False,24,24,24,0.25,1.0,0.9583333333333334,1.0,0.965,4,0.953125
g2_205490_20549008,g2,205490,20549008,3,24.0,23,24,2.0,False,1.0,False,2.0,False,1.0,False,24,24,23,0.25,1.0,0.9130434782608695,1.0,0.965,4,0.953125
g2_205491_20549108,g2,205491,20549108,2,22.0,21,22,2.0,False,2.0,False,2.0,False,20.0,False,22,22,21,0.5,0.045454545454545456,0.14285714285714285,2.0,0.085,4,0.1267605633802817
g2_205491_20549110,g2,205491,20549110,3,24.0,18,24,2.0,False,1.0,False,2.0,False,10.0,False,24,24,21,0.5,0.0,0.047619047619047616,2.0,0.085,4,0.1267605633802817
g2_205491_20549111,g2,205491,20549111,1,15.0,15,15,2.0,False,1.0,False,2.0,False,10.0,False,15,15,15,0.3333333333333333,0.0,0.2,2.0,0.085,4,0.1267605633802817
g2_205492_20549208,g2,205492,20549208,3,21.0,18,21,2.0,False,1.0,False,2.0,False,7.0,False,21,20,20,0.5238095238095238,0.9,0.95,2.0,0.905,4,0.9183673469387755
g2_205492_20549209,g2,205492,20549209,3,22.0,20,22,2.0,False,1.0,False,3.0,False,8.0,False,22,22,21,0.3181818181818182,0.9090909090909091,1.0,2.0,0.905,4,0.9183673469387755
g2_205492_20549210,g2,205492,20549210,1,18.0,16,18,2.0,False,2.0,False,2.0,False,12.0,False,18,17,17,0.3888888888888889,0.8823529411764706,1.0,2.0,0.905,4,0.9183673469387755
g2_205492_20549211,g2,205492,20549211,1,17.0,15,17,2.0,False,1.0,False,2.0,False,2.0,False,17,17,17,0.6470588235294118,0.8235294117647058,0.8235294117647058,2.0,0.905,4,0.9183673469387755
g2_205492_20549212,g2,205492,20549212,2,23.0,23,23,2.0,False,2.0,False,2.0,False,3.0,False,23,23,23,0.4782608695652174,0.9130434782608695,0.8260869565217391,2.0,0.905,4,0.9183673469387755
g2_208501_20850109,g2,208501,20850109,3,23.0,22,23,2.0,False,1.0,False,2.0,False,14.0,False,23,23,22,0.2608695652173913,0.0,0.13636363636363635,3.0,0.2625,4,0.27631578947368424
g2_208501_20850110,g2,208501,20850110,2,22.0,20,22,2.0,False,1.0,False,3.0,False,17.0,False,22,22,22,0.3181818181818182,0.045454545454545456,0.2727272727272727,3.0,0.2625,4,0.27631578947368424
g2_208501_20850112,g2,208501,20850112,1,17.0,16,17,2.0,False,1.0,False,2.0,False,18.0,False,17,16,17,0.4117647058823529,0.0,0.35294117647058826,3.0,0.2625,4,0.27631578947368424
g2_208503_20850307,g2,208503,20850307,2,23.0,19,23,2.0,False,1.0,False,2.0,False,18.0,False,23,23,23,0.43478260869565216,0.0,0.5652173913043478,3.0,0.41,4,0.5172413793103449
g2_208503_20850308,g2,208503,20850308,3,22.0,21,22,2.0,False,1.0,False,6.0,False,15.0,False,22,22,22,0.5,0.0,0.45454545454545453,3.0,0.41,4,0.5172413793103449
g2_209510_20951012,g2,209510,20951012,3,22.0,22,22,2.0,False,1.0,False,2.0,False,13.0,False,22,22,22,0.36363636363636365,0.0,0.4090909090909091,3.0,0.45,4,0.325
g2_209510_20951014,g2,209510,20951014,3,22.0,22,22,2.0,False,1.0,False,3.0,False,14.0,False,22,22,22,0.6363636363636364,0.0,0.22727272727272727,3.0,0.45,4,0.325
g2_209510_20951015,g2,209510,20951015,2,22.0,22,22,2.0,False,1.0,False,2.0,False,2.0,False,22,22,22,0.5,0.0,0.36363636363636365,3.0,0.45,4,0.325
g2_209510_20951017,g2,209510,20951017,2,23.0,22,23,2.0,False,1.0,False,2.0,False,1.0,False,22,22,23,0.5454545454545454,0.0,0.2608695652173913,3.0,0.45,4,0.325
g2_212522_21252211,g2,212522,21252211,3,23.0,22,23,2.0,False,1.0,False,2.0,False,12.0,False,23,23,0,0.4782608695652174,0.0,0.46153846153846156,4.0,0.505,4,
g2_212522_21252212,g2,212522,21252212,2,24.0,22,24,2.0,False,1.0,False,2.0,False,28.0,False,23,23,0,0.5217391304347826,0.043478260869565216,0.46153846153846156,4.0,0.505,4,
g2_212522_21252213,g2,212522,21252213,1,15.0,15,15,2.0,False,1.0,False,2.0,False,17.0,False,15,15,0,0.4,0.06666666666666667,0.46153846153846156,4.0,0.505,4,
g2_212522_21252214,g2,212522,21252214,3,24.0,22,24,2.0,False,1.0,False,3.0,False,30.0,False,24,23,0,0.4166666666666667,0.0,0.46153846153846156,4.0,0.505,4,
g2_215533_21553313,g2,215533,21553313,3,23.0,22,23,2.0,False,1.0,False,2.0,False,8.0,False,23,23,23,0.5652173913043478,0.21739130434782608,0.2608695652173913,3.0,0.3475,4,0.325
g2_215533_21553315,g2,215533,21553315,2,23.0,23,23,2.0,False,1.0,False,2.0,False,15.0,False,23,23,23,0.5652173913043478,0.21739130434782608,0.391304347826087,3.0,0.3475,4,0.325
g2_215533_21553318,g2,215533,21553318,2,23.0,22,23,2.0,False,1.0,False,2.0,False,18.0,False,23,23,23,0.30434782608695654,0.13043478260869565,0.30434782608695654,3.0,0.3475,4,0.325
g2_215533_21553319,g2,215533,21553319,3,23.0,23,23,2.0,False,2.0,False,2.0,False,31.0,False,23,23,23,0.4782608695652174,0.21739130434782608,0.43478260869565216,3.0,0.3475,4,0.325
g2_216537_21653707,g2,216537,21653707,2,25.0,23,25,2.0,False,1.0,False,2.0,False,20.0,False,25,24,25,0.52,0.0,0.24,3.0,0.25666666666666665,3,0.3023255813953488
g2_216537_21653708,g2,216537,21653708,1,16.0,15,16,2.0,False,1.0,False,2.0,False,0.0,False,16,16,16,0.375,0.0,0.375,3.0,0.25666666666666665,3,0.3023255813953488
g2_216537_21653709,g2,216537,21653709,3,25.0,22,25,2.0,False,1.0,False,2.0,False,16.0,False,25,25,24,0.52,0.0,0.25,3.0,0.25666666666666665,3,0.3023255813953488
g2_216537_21653710,g2,216537,21653710,2,25.0,23,25,2.0,False,1.0,False,2.0,False,6.0,False,25,25,24,0.48,0.0,0.4166666666666667,3.0,0.25666666666666665,3,0.3023255813953488
g2_216537_21653711,g2,216537,21653711,3,25.0,23,25,2.0,False,1.0,False,3.0,False,15.0,False,25,24,25,0.44,0.0,0.4,3.0,0.25666666666666665,3,0.3023255813953488
g2_216537_21653712,g2,216537,21653712,1,15.0,15,15,2.0,False,1.0,False,2.0,False,6.0,False,15,15,15,0.4,0.0,0.06666666666666667,3.0,0.25666666666666665,3,0.3023255813953488
g2_218562_21856209,g2,218562,21856209,2,24.0,16,24,2.0,False,1.0,False,2.0,False,1.0,False,24,23,24,0.5416666666666666,0.17391304347826086,0.5416666666666666,4.0,0.4075,4,0.3684210526315789
g2_218562_21856212,g2,218562,21856212,3,25.0,23,25,2.0,False,1.0,False,3.0,False,13.0,False,25,24,25,0.6,0.08333333333333333,0.32,4.0,0.4075,4,0.3684210526315789
g2_221571_22157112,g2,221571,22157112,1,17.0,17,17,2.0,False,2.0,False,3.0,False,29.0,False,17,17,17,0.47058823529411764,0.29411764705882354,0.35294117647058826,3.0,0.415,4,0.4230769230769231
g2_221571_22157113,g2,221571,22157113,3,25.0,19,25,2.0,False,1.0,False,3.0,False,29.0,False,25,24,24,0.44,0.25,0.4583333333333333,3.0,0.415,4,0.4230769230769231
g2_221571_22157114,g2,221571,22157114,1,16.0,15,16,2.0,False,1.0,False,3.0,False,39.0,False,16,16,16,0.4375,0.375,0.6875,3.0,0.415,4,0.4230769230769231
g2_221571_22157115,g2,221571,22157115,3,24.0,21,24,2.0,False,1.0,False,2.0,False,23.0,False,24,24,24,0.5,0.20833333333333334,0.375,3.0,0.415,4,0.4230769230769231
g2_221571_22157116,g2,221571,22157116,2,25.0,22,25,2.0,False,1.0,False,2.0,False,15.0,False,25,25,23,0.56,0.24,0.30434782608695654,3.0,0.415,4,0.4230769230769231
g2_221574_22157410,g2,221574,22157410,2,23.0,19,23,2.0,False,1.0,False,2.0,False,19.0,False,23,23,22,0.5217391304347826,0.08695652173913043,0.18181818181818182,3.0,0.26,4,0.19718309859154928
g2_221574_22157412,g2,221574,22157412,3,23.0,22,23,2.0,False,2.0,False,2.0,False,6.0,False,23,22,23,0.43478260869565216,0.09090909090909091,0.17391304347826086,3.0,0.26,4,0.19718309859154928
g2_225585_22558509,g2,225585,22558509,3,26.0,24,26,2.0,False,1.0,False,3.0,False,11.0,False,26,26,26,0.5,0.0,0.11538461538461539,3.0,0.265,4,0.2247191011235955
g2_225585_22558510,g2,225585,22558510,1,18.0,17,18,2.0,False,1.0,False,3.0,False,14.0,False,18,18,18,0.4444444444444444,0.05555555555555555,0.2222222222222222,3.0,0.265,4,0.2247191011235955
g2_225585_22558511,g2,225585,22558511,1,19.0,16,19,2.0,False,1.0,False,3.0,False,14.0,False,19,19,19,0.47368421052631576,0.05263157894736842,0.2631578947368421,3.0,0.265,4,0.2247191011235955
g2_225585_22558512,g2,225585,22558512,2,26.0,23,26,2.0,False,1.0,False,3.0,False,13.0,False,26,26,26,0.5,0.0,0.3076923076923077,3.0,0.265,4,0.2247191011235955
g2_228606_22860610,g2,228606,22860610,2,22.0,20,22,2.0,False,1.0,False,2.0,False,19.0,False,22,22,22,0.45454545454545453,0.2727272727272727,0.3181818181818182,3.0,0.28,4,0.2564102564102564
g2_228606_22860611,g2,228606,22860611,3,22.0,21,22,2.0,False,2.0,False,3.0,False,21.0,False,22,22,22,0.5454545454545454,0.13636363636363635,0.18181818181818182,3.0,0.28,4,0.2564102564102564
g2_228606_22860612,g2,228606,22860612,3,21.0,19,21,2.0,False,1.0,False,3.0,False,20.0,False,21,21,21,0.47619047619047616,0.09523809523809523,0.2857142857142857,3.0,0.28,4,0.2564102564102564
g2_230612_23061207,g2,230612,23061207,2,24.0,24,24,2.0,False,1.0,False,3.0,False,19.0,False,24,24,24,0.5416666666666666,0.041666666666666664,0.5,3.0,0.505,4,0.5
g2_230612_23061208,g2,230612,23061208,3,26.0,23,26,2.0,False,1.0,False,3.0,False,15.0,False,26,24,26,0.5769230769230769,0.041666666666666664,0.5,3.0,0.505,4,0.5
g2_230612_23061209,g2,230612,23061209,1,17.0,17,17,2.0,False,1.0,False,3.0,False,9.0,False,17,17,0,0.47058823529411764,0.058823529411764705,0.46153846153846156,3.0,0.505,4,0.5
g2_231616_23161607,g2,231616,23161607,2,22.0,22,22,2.0,False,1.0,False,2.0,False,6.0,False,22,22,22,0.36363636363636365,0.0,0.7727272727272727,3.0,0.5625,4,0.7341772151898734
g2_231616_23161608,g2,231616,23161608,3,22.0,22,22,2.0,False,1.0,False,2.0,False,9.0,False,22,22,22,0.45454545454545453,0.0,0.6818181818181818,3.0,0.5625,4,0.7341772151898734
g2_231616_23161609,g2,231616,23161609,2,23.0,17,23,2.0,False,1.0,False,2.0,False,9.0,False,23,21,21,0.43478260869565216,0.0,0.7619047619047619,3.0,0.5625,4,0.7341772151898734
g2_234628_23462813,g2,234628,23462813,3,24.0,22,24,2.0,False,1.0,False,2.0,False,11.0,False,24,24,24,0.4583333333333333,0.041666666666666664,0.3333333333333333,3.0,0.38,4,0.3333333333333333
g2_234628_23462814,g2,234628,23462814,3,24.0,24,24,2.0,False,1.0,False,2.0,False,5.0,False,24,24,24,0.5,0.0,0.2916666666666667,3.0,0.38,4,0.3333333333333333
g2_234628_23462815,g2,234628,23462815,1,16.0,15,16,2.0,False,1.0,False,2.0,False,16.0,False,16,16,16,0.5625,0.0,0.1875,3.0,0.38,4,0.3333333333333333
g2_234628_23462816,g2,234628,23462816,2,24.0,22,24,2.0,False,1.0,False,2.0,False,23.0,False,24,24,24,0.4166666666666667,0.125,0.4583333333333333,3.0,0.38,4,0.3333333333333333
g2_244697_24469712,g2,244697,24469712,2,29.0,19,29,2.0,False,1.0,False,2.0,False,2.0,False,29,28,29,0.5172413793103449,1.0,1.0,1.0,0.9225,4,0.9453125
g2_244697_24469715,g2,244697,24469715,3,21.0,19,21,2.0,False,2.0,False,2.0,False,31.0,False,21,21,20,0.47619047619047616,1.0,0.85,1.0,0.9225,4,0.9453125
g2_244697_24469716,g2,244697,24469716,3,24.0,20,24,2.0,False,1.0,False,2.0,False,6.0,False,24,23,24,0.6666666666666666,1.0,1.0,1.0,0.9225,4,0.9453125
g2_244697_24469717,g2,244697,24469717,2,28.0,25,28,2.0,False,2.0,False,3.0,False,0.0,False,28,27,27,0.39285714285714285,1.0,0.9259259259259259,1.0,0.9225,4,0.9453125
g2_244708_24470813,g2,244708,24470813,3,23.0,23,23,2.0,False,1.0,False,2.0,False,14.0,False,23,23,23,0.391304347826087,1.0,1.0,1.0,0.9475,4,1.0
g2_244708_24470814,g2,244708,24470814,2,24.0,21,24,2.0,False,2.0,False,2.0,False,30.0,False,24,24,21,0.4583333333333333,1.0,1.0,1.0,0.9475,4,1.0
g2_244708_24470815,g2,244708,24470815,2,24.0,22,24,2.0,False,2.0,False,2.0,False,7.0,False,24,23,24,0.5,1.0,1.0,1.0,0.9475,4,1.0
g2_244708_24470818,g2,244708,24470818,3,23.0,19,23,2.0,False,1.0,False,2.0,False,19.0,False,23,22,23,0.391304347826087,1.0,1.0,1.0,0.9475,4,1.0
g2_244723_24472312,g2,244723,24472312,3,25.0,24,25,2.0,False,1.0,False,3.0,False,16.0,False,25,25,22,0.48,1.0,0.8636363636363636,1.0,0.9625,4,0.9672131147540983
g2_244723_24472313,g2,244723,24472313,2,25.0,24,25,2.0,False,2.0,False,2.0,False,1.0,False,25,25,24,0.6,1.0,1.0,1.0,0.9625,4,0.9672131147540983
g2_244723_24472314,g2,244723,24472314,2,22.0,21,22,2.0,False,1.0,False,3.0,False,9.0,False,22,22,22,0.4090909090909091,1.0,0.9545454545454546,1.0,0.9625,4,0.9672131147540983
g2_244723_24472315,g2,244723,24472315,1,15.0,15,15,2.0,False,2.0,False,2.0,False,4.0,False,15,15,15,0.5333333333333333,1.0,1.0,1.0,0.9625,4,0.9672131147540983
g2_244723_24472317,g2,244723,24472317,3,24.0,23,24,2.0,False,1.0,False,3.0,False,5.0,False,24,24,24,0.4583333333333333,1.0,1.0,1.0,0.9625,4,0.9672131147540983
g2_244727_24472710,g2,244727,24472710,3,24.0,23,24,2.0,False,2.0,False,2.0,False,4.0,False,24,24,24,0.5416666666666666,1.0,0.16666666666666666,2.0,0.315,4,0.36893203883495146
g2_244727_24472711,g2,244727,24472711,1,16.0,16,16,2.0,False,2.0,False,2.0,False,7.0,False,16,16,16,0.625,1.0,0.375,2.0,0.315,4,0.36893203883495146
g2_244727_24472712,g2,244727,24472712,3,23.0,23,23,2.0,False,1.0,False,2.0,False,9.0,False,23,23,23,0.6956521739130435,1.0,0.4782608695652174,2.0,0.315,4,0.36893203883495146
g2_244727_24472713,g2,244727,24472713,2,25.0,22,25,2.0,False,2.0,False,2.0,False,4.0,False,25,25,24,0.68,1.0,0.4166666666666667,2.0,0.315,4,0.36893203883495146
g2_244728_24472809,g2,244728,24472809,3,22.0,22,22,2.0,False,1.0,False,3.0,False,13.0,False,22,22,22,0.5,1.0,0.7272727272727273,1.0,0.9075,4,0.8428571428571429
g2_244728_24472810,g2,244728,24472810,2,22.0,20,22,2.0,False,2.0,False,3.0,False,30.0,False,22,22,22,0.5909090909090909,1.0,0.9545454545454546,1.0,0.9075,4,0.8428571428571429
g2_244736_24473607,g2,244736,24473607,1,17.0,17,17,2.0,False,1.0,False,2.0,False,1.0,False,17,17,17,0.4117647058823529,1.0,0.8235294117647058,1.0,0.9425,4,0.9154929577464789
g2_244736_24473608,g2,244736,24473608,2,27.0,24,27,2.0,False,2.0,False,2.0,False,32.0,False,27,27,27,0.48148148148148145,1.0,0.9259259259259259,1.0,0.9425,4,0.9154929577464789
g2_244736_24473609,g2,244736,24473609,3,29.0,23,29,2.0,False,1.0,False,2.0,False,0.0,False,29,28,27,0.3793103448275862,1.0,0.9629629629629629,1.0,0.9425,4,0.9154929577464789
g2_244745_24474509,g2,244745,24474509,3,24.0,22,24,2.0,False,2.0,False,2.0,False,10.0,False,24,24,24,0.5,0.5416666666666666,0.5833333333333334,2.0,0.5525,4,0.5697674418604651
g2_244745_24474510,g2,244745,24474510,3,25.0,23,25,2.0,False,2.0,False,3.0,False,18.0,False,25,24,25,0.44,0.6666666666666666,0.76,2.0,0.5525,4,0.5697674418604651
g2_244745_24474511,g2,244745,24474511,1,17.0,15,17,2.0,False,2.0,False,2.0,False,25.0,False,17,17,17,0.5882352941176471,0.35294117647058826,0.47058823529411764,2.0,0.5525,4,0.5697674418604651
g2_244745_24474512,g2,244745,24474512,2,24.0,21,24,2.0,False,2.0,False,2.0,False,10.0,False,24,24,20,0.5833333333333334,0.625,0.4,2.0,0.5525,4,0.5697674418604651
g2_244746_24474607,g2,244746,24474607,3,23.0,21,23,2.0,False,1.0,False,3.0,False,12.0,False,23,23,23,0.5217391304347826,1.0,0.9565217391304348,1.0,0.8825,4,0.9113924050632911
g2_244746_24474609,g2,244746,24474609,2,21.0,21,21,2.0,False,2.0,False,2.0,False,40.0,False,21,21,21,0.47619047619047616,1.0,1.0,1.0,0.8825,4,0.9113924050632911
g2_244746_24474610,g2,244746,24474610,2,22.0,20,22,2.0,False,1.0,False,3.0,False,9.0,False,22,22,22,0.4090909090909091,1.0,0.8636363636363636,1.0,0.8825,4,0.9113924050632911
g2_244755_24475515,g2,244755,24475515,3,24.0,21,24,2.0,False,2.0,False,3.0,False,9.0,False,24,23,22,0.5,1.0,0.9545454545454546,1.0,0.915,4,0.8947368421052632
g2_244755_24475516,g2,244755,24475516,2,25.0,17,25,2.0,False,2.0,False,2.0,False,12.0,False,24,23,23,0.7083333333333334,1.0,0.9565217391304348,1.0,0.915,4,0.8947368421052632
g2_244755_24475518,g2,244755,24475518,2,25.0,24,25,2.0,False,2.0,False,2.0,False,7.0,False,25,25,24,0.48,1.0,0.9166666666666666,1.0,0.915,4,0.8947368421052632
g2_244755_24475520,g2,244755,24475520,3,24.0,19,24,2.0,False,1.0,False,2.0,False,11.0,False,24,23,22,0.5833333333333334,1.0,0.7727272727272727,1.0,0.915,4,0.8947368421052632
g2_244764_24476406,g2,244764,24476406,1,16.0,15,16,2.0,False,1.0,False,2.0,False,19.0,False,16,16,16,0.4375,1.0,0.8125,1.0,0.9125,4,0.9402985074626866
g2_244764_24476407,g2,244764,24476407,2,27.0,20,27,2.0,False,1.0,False,2.0,False,2.0,False,27,25,26,0.48148148148148145,1.0,1.0,1.0,0.9125,4,0.9402985074626866
g2_244764_24476408,g2,244764,24476408,3,25.0,25,25,2.0,False,2.0,False,2.0,False,10.0,False,25,25,25,0.56,1.0,0.96,1.0,0.9125,4,0.9402985074626866
g2_244774_24477412,g2,244774,24477412,2,24.0,22,24,2.0,False,1.0,False,2.0,False,4.0,False,24,23,24,0.4583333333333333,1.0,0.9583333333333334,1.0,0.925,4,0.9545454545454546
g2_244774_24477414,g2,244774,24477414,3,25.0,21,25,2.0,False,1.0,False,3.0,False,2.0,False,25,23,25,0.52,1.0,0.96,1.0,0.925,4,0.9545454545454546
g2_244774_24477416,g2,244774,24477416,2,24.0,21,24,2.0,False,1.0,False,3.0,False,10.0,False,24,22,23,0.4166666666666667,1.0,1.0,1.0,0.925,4,0.9545454545454546
g2_244774_24477418,g2,244774,24477418,3,22.0,18,22,2.0,False,2.0,False,2.0,False,12.0,True,22,21,20,0.45454545454545453,1.0,1.0,1.0,0.925,4,0.9545454545454546
g2_244776_24477617,g2,244776,24477617,3,24.0,17,24,2.0,False,1.0,False,2.0,False,4.0,False,24,23,22,0.3333333333333333,1.0,0.9090909090909091,1.0,0.85,4,0.8695652173913043
g2_244776_24477619,g2,244776,24477619,3,24.0,19,24,2.0,False,1.0,False,3.0,False,13.0,False,24,23,18,0.375,1.0,1.0,1.0,0.85,4,0.8695652173913043
g2_244780_24478007,g2,244780,24478007,1,16.0,15,16,2.0,False,1.0,False,2.0,False,2.0,False,16,15,16,0.3125,1.0,0.625,1.0,0.915,4,0.847457627118644
g2_244780_24478008,g2,244780,24478008,2,21.0,20,21,2.0,False,1.0,False,2.0,False,1.0,False,21,21,21,0.5714285714285714,1.0,0.8571428571428571,1.0,0.915,4,0.847457627118644
g2_244780_24478009,g2,244780,24478009,3,23.0,21,23,2.0,False,2.0,False,3.0,False,32.0,False,23,22,22,0.5217391304347826,1.0,1.0,1.0,0.915,4,0.847457627118644
g2_244796_24479608,g2,244796,24479608,2,22.0,18,22,2.0,False,1.0,False,3.0,False,11.0,False,22,22,22,0.6363636363636364,1.0,0.9545454545454546,1.0,0.8175,4,0.9714285714285714
g2_244796_24479610,g2,244796,24479610,3,19.0,18,19,2.0,False,2.0,False,3.0,False,25.0,False,19,19,19,0.5789473684210527,1.0,0.9473684210526315,1.0,0.8175,4,0.9714285714285714
g2_244799_24479909,g2,244799,24479909,3,19.0,18,19,2.0,False,2.0,False,2.0,False,12.0,True,19,19,19,0.3684210526315789,1.0,0.5789473684210527,2.0,0.345,4,0.4835164835164835
g2_244799_24479910,g2,244799,24479910,2,22.0,21,22,2.0,False,2.0,False,2.0,False,4.0,False,22,22,21,0.5454545454545454,1.0,0.47619047619047616,2.0,0.345,4,0.4835164835164835
g2_244799_24479911,g2,244799,24479911,3,21.0,19,21,2.0,False,2.0,False,2.0,False,28.0,False,21,21,20,0.47619047619047616,1.0,0.4,2.0,0.345,4,0.4835164835164835
g2_244799_24479912,g2,244799,24479912,1,15.0,15,15,2.0,False,2.0,False,3.0,False,10.0,False,15,15,15,0.5333333333333333,0.9333333333333333,0.4666666666666667,2.0,0.345,4,0.4835164835164835
g2_244801_24480110,g2,244801,24480110,2,24.0,18,24,2.0,False,1.0,False,2.0,False,12.0,False,24,24,23,0.5833333333333334,0.5416666666666666,0.6086956521739131,2.0,0.405,4,0.64
g2_244801_24480111,g2,244801,24480111,3,29.0,19,29,2.0,False,2.0,False,2.0,False,12.0,False,29,29,23,0.4827586206896552,0.4827586206896552,0.6086956521739131,2.0,0.405,4,0.64
g2_244801_24480112,g2,244801,24480112,1,18.0,16,18,2.0,False,1.0,False,2.0,False,23.0,False,18,18,17,0.3888888888888889,0.6111111111111112,0.7647058823529411,2.0,0.405,4,0.64
g2_244806_24480616,g2,244806,24480616,2,24.0,22,24,2.0,False,2.0,False,2.0,False,4.0,False,24,24,23,0.5416666666666666,1.0,0.9130434782608695,1.0,0.87,4,0.8832116788321168
g2_244806_24480617,g2,244806,24480617,3,22.0,21,22,2.0,False,2.0,False,2.0,False,35.0,False,22,22,22,0.6363636363636364,1.0,0.6818181818181818,1.0,0.87,4,0.8832116788321168
g2_244806_24480618,g2,244806,24480618,2,26.0,18,26,2.0,False,2.0,False,3.0,False,24.0,False,25,25,25,0.56,1.0,1.0,1.0,0.87,4,0.8832116788321168
g2_244806_24480619,g2,244806,24480619,3,24.0,20,24,2.0,False,2.0,False,2.0,False,16.0,False,24,24,18,0.5833333333333334,1.0,0.8888888888888888,1.0,0.87,4,0.8832116788321168
g2_244806_24480620,g2,244806,24480620,3,21.0,18,21,2.0,True,1.0,True,2.0,True,12.0,True,21,21,21,0.2857142857142857,1.0,1.0,1.0,0.87,4,0.8832116788321168
g2_244831_24483109,g2,244831,24483109,3,25.0,20,25,2.0,False,1.0,False,3.0,False,18.0,False,25,25,25,0.4,0.48,0.64,2.0,0.43,4,0.7142857142857143
g2_244831_24483110,g2,244831,24483110,2,24.0,22,24,2.0,False,2.0,False,2.0,False,7.0,False,24,23,24,0.3333333333333333,0.5217391304347826,0.5833333333333334,2.0,0.43,4,0.7142857142857143
g2_244839_24483911,g2,244839,24483911,1,17.0,17,17,2.0,False,1.0,False,2.0,False,28.0,False,17,17,17,0.6470588235294118,0.8823529411764706,0.29411764705882354,2.0,0.4175,4,0.4344262295081967
g2_244839_24483912,g2,244839,24483912,3,27.0,25,27,2.0,False,2.0,False,2.0,False,5.0,False,27,27,27,0.4074074074074074,0.8888888888888888,0.37037037037037035,2.0,0.4175,4,0.4344262295081967
g2_244839_24483913,g2,244839,24483913,2,26.0,22,26,2.0,False,2.0,False,2.0,False,2.0,False,25,25,26,0.44,0.92,0.46153846153846156,2.0,0.4175,4,0.4344262295081967
g2_244839_24483914,g2,244839,24483914,2,26.0,25,26,2.0,False,1.0,False,3.0,False,13.0,False,26,26,26,0.46153846153846156,0.9615384615384616,0.46153846153846156,2.0,0.4175,4,0.4344262295081967
g2_244839_24483915,g2,244839,24483915,2,27.0,24,27,2.0,False,1.0,False,2.0,False,22.0,False,27,27,26,0.5555555555555556,1.0,0.5384615384615384,2.0,0.4175,4,0.4344262295081967
g2_252885_25288509,g2,252885,25288509,3,22.0,20,22,2.0,False,1.0,False,2.0,False,13.0,False,22,22,22,0.6818181818181818,0.045454545454545456,0.22727272727272727,3.0,0.4525,4,0.2804878048780488
g2_252885_25288510,g2,252885,25288510,2,23.0,20,23,2.0,False,2.0,False,3.0,False,12.0,False,23,23,21,0.4782608695652174,0.21739130434782608,0.09523809523809523,3.0,0.4525,4,0.2804878048780488
g2_252885_25288511,g2,252885,25288511,2,23.0,22,23,2.0,False,1.0,False,3.0,False,12.0,False,23,23,23,0.6956521739130435,0.043478260869565216,0.391304347826087,3.0,0.4525,4,0.2804878048780488
g2_253888_25388807,g2,253888,25388807,3,24.0,20,24,2.0,False,1.0,False,3.0,False,27.0,False,24,24,24,0.4583333333333333,0.0,0.5833333333333334,3.0,0.3775,4,0.4918032786885246
g2_253888_25388808,g2,253888,25388808,2,23.0,21,23,2.0,False,1.0,False,2.0,False,1.0,False,23,23,23,0.43478260869565216,0.0,0.391304347826087,3.0,0.3775,4,0.4918032786885246
g2_257899_25789911,g2,257899,25789911,3,21.0,20,21,2.0,False,1.0,False,3.0,False,16.0,False,21,21,21,0.47619047619047616,0.0,0.6190476190476191,3.0,0.3375,4,0.46808510638297873
g2_257899_25789912,g2,257899,25789912,2,22.0,20,22,2.0,False,1.0,False,2.0,False,13.0,False,22,22,22,0.45454545454545453,0.0,0.5909090909090909,3.0,0.3375,4,0.46808510638297873
g2_257899_25789915,g2,257899,25789915,2,22.0,20,22,2.0,False,1.0,False,3.0,False,10.0,False,22,22,22,0.45454545454545453,0.0,0.3181818181818182,3.0,0.3375,4,0.46808510638297873
g2_257905_25790515,g2,257905,25790515,2,22.0,20,22,2.0,False,1.0,False,3.0,False,15.0,False,22,22,22,0.5454545454545454,0.13636363636363635,0.3181818181818182,4.0,0.3275,4,0.40145985401459855
g2_257905_25790516,g2,257905,25790516,3,23.0,19,23,2.0,False,1.0,False,3.0,False,19.0,False,23,23,23,0.4782608695652174,0.0,0.30434782608695654,4.0,0.3275,4,0.40145985401459855
g2_257905_25790519,g2,257905,25790519,1,16.0,16,16,2.0,False,1.0,False,2.0,False,22.0,False,16,16,16,0.5,0.0,0.4375,4.0,0.3275,4,0.40145985401459855
g2_257905_25790520,g2,257905,25790520,2,24.0,23,24,2.0,False,1.0,False,2.0,False,15.0,False,24,24,24,0.625,0.041666666666666664,0.4583333333333333,4.0,0.3275,4,0.40145985401459855
g2_257905_25790521,g2,257905,25790521,3,23.0,20,23,2.0,False,1.0,False,2.0,False,17.0,False,23,23,21,0.43478260869565216,0.0,0.2857142857142857,4.0,0.3275,4,0.40145985401459855
g2_259915_25991509,g2,259915,25991509,2,21.0,20,21,2.0,False,1.0,False,2.0,False,2.0,False,21,21,21,0.42857142857142855,0.0,0.42857142857142855,3.0,0.4725,4,0.4057971014492754
g2_259915_25991511,g2,259915,25991511,3,23.0,21,23,1.0,False,1.0,False,2.0,False,19.0,False,23,23,23,0.4782608695652174,0.0,0.391304347826087,3.0,0.4725,4,0.4057971014492754
g2_261927_26192710,g2,261927,26192710,3,21.0,20,21,2.0,False,1.0,False,2.0,False,33.0,False,21,21,21,0.5714285714285714,0.0,0.19047619047619047,3.0,0.24,4,0.17567567567567569
g2_261927_26192711,g2,261927,26192711,1,17.0,17,17,2.0,False,1.0,False,2.0,False,5.0,False,17,17,17,0.5882352941176471,0.0,0.11764705882352941,3.0,0.24,4,0.17567567567567569
g2_261927_26192712,g2,261927,26192712,2,21.0,18,21,2.0,False,1.0,False,3.0,False,11.0,False,21,21,18,0.6190476190476191,0.0,0.1111111111111111,3.0,0.24,4,0.17567567567567569
g2_261927_26192713,g2,261927,26192713,1,18.0,15,18,2.0,False,1.0,False,5.0,False,17.0,False,18,18,18,0.4444444444444444,0.0,0.2777777777777778,3.0,0.24,4,0.17567567567567569
g2_262937_26293709,g2,262937,26293709,3,24.0,23,24,2.0,False,1.0,False,3.0,False,15.0,False,24,23,24,0.4583333333333333,0.0,0.0,2.0,0.0325,4,0.02912621359223301
g2_262937_26293710,g2,262937,26293710,1,17.0,15,17,2.0,False,1.0,False,2.0,False,19.0,False,17,17,17,0.4117647058823529,0.058823529411764705,0.058823529411764705,2.0,0.0325,4,0.02912621359223301
g2_262937_26293711,g2,262937,26293711,2,24.0,21,24,2.0,False,1.0,False,5.0,False,15.0,False,24,24,23,0.4583333333333333,0.0,0.043478260869565216,2.0,0.0325,4,0.02912621359223301
g2_262937_26293712,g2,262937,26293712,1,16.0,16,16,2.0,False,2.0,False,3.0,False,15.0,False,16,16,16,0.3125,0.0,0.0625,2.0,0.0325,4,0.02912621359223301
g2_262937_26293713,g2,262937,26293713,2,23.0,22,23,2.0,False,1.0,False,2.0,False,4.0,False,23,23,23,0.5217391304347826,0.0,0.0,2.0,0.0325,4,0.02912621359223301
g2_264945_26494511,g2,264945,26494511,3,25.0,22,25,2.0,False,1.0,False,2.0,False,1.0,False,25,25,25,0.4,0.12,0.0,2.0,0.0225,4,0.0078125
g2_264945_26494512,g2,264945,26494512,1,16.0,15,16,2.0,False,1.0,False,3.0,False,9.0,False,16,16,16,0.375,0.0,0.0,2.0,0.0225,4,0.0078125
g2_264945_26494513,g2,264945,26494513,2,22.0,20,22,2.0,False,1.0,False,2.0,False,8.0,False,22,21,22,0.3181818181818182,0.0,0.0,2.0,0.0225,4,0.0078125
g2_264945_26494514,g2,264945,26494514,1,15.0,15,15,2.0,False,1.0,False,2.0,False,3.0,False,15,15,15,0.6,0.0,0.0,2.0,0.0225,4,0.0078125
g2_264945_26494515,g2,264945,26494515,2,25.0,22,25,2.0,False,1.0,False,2.0,False,3.0,False,25,24,25,0.44,0.0,0.0,2.0,0.0225,4,0.0078125
g2_264945_26494516,g2,264945,26494516,3,25.0,25,25,2.0,False,1.0,False,3.0,False,9.0,False,25,25,25,0.32,0.12,0.04,2.0,0.0225,4,0.0078125
g3_112038_11203810,g3,112038,11203810,3,25.0,25,25,2.0,False,1.0,False,3.0,False,19.0,False,25,25,25,0.52,0.24,0.8,4.0,0.705,4,0.7058823529411765
g3_112038_11203811,g3,112038,11203811,2,27.0,24,27,2.0,False,1.0,False,3.0,False,15.0,False,27,27,27,0.37037037037037035,0.25925925925925924,0.6296296296296297,4.0,0.705,4,0.7058823529411765
g3_123056_12305610,g3,123056,12305610,2,25.0,16,25,2.0,False,1.0,False,2.0,False,17.0,False,25,25,23,0.52,0.04,0.43478260869565216,3.0,0.3075,4,0.32786885245901637
g3_123056_12305612,g3,123056,12305612,3,25.0,22,25,2.0,False,1.0,False,2.0,False,10.0,False,25,25,25,0.4,0.0,0.2,3.0,0.3075,4,0.32786885245901637
g3_128076_12807613,g3,128076,12807613,3,20.0,20,20,2.0,False,1.0,False,3.0,False,2.0,False,20,20,20,0.5,0.1,0.25,2.0,0.1825,4,0.16666666666666666
g3_128076_12807615,g3,128076,12807615,2,20.0,19,20,2.0,False,1.0,False,3.0,False,15.0,False,20,20,20,0.25,0.0,0.1,2.0,0.1825,4,0.16666666666666666
g3_128079_12807912,g3,128079,12807912,1,16.0,15,16,2.0,False,1.0,False,2.0,False,21.0,False,16,16,0,0.375,0.0625,0.4666666666666667,3.0,0.3525,4,0.4375
g3_128079_12807913,g3,128079,12807913,1,16.0,15,16,2.0,False,1.0,False,3.0,False,13.0,False,16,16,16,0.375,0.0625,0.3125,3.0,0.3525,4,0.4375
g3_128079_12807914,g3,128079,12807914,2,24.0,21,24,2.0,False,1.0,False,2.0,False,8.0,False,24,24,24,0.375,0.041666666666666664,0.5416666666666666,3.0,0.3525,4,0.4375
g3_128079_12807915,g3,128079,12807915,3,24.0,23,24,2.0,False,1.0,False,2.0,False,23.0,False,24,24,24,0.25,0.0,0.4166666666666667,3.0,0.3525,4,0.4375
g3_130085_13008513,g3,130085,13008513,3,23.0,21,23,2.0,False,1.0,False,3.0,False,15.0,False,23,23,23,0.5217391304347826,0.08695652173913043,0.17391304347826086,2.0,0.21,4,0.203125
g3_130085_13008514,g3,130085,13008514,2,18.0,17,18,2.0,False,1.0,False,3.0,False,4.0,False,18,18,18,0.5555555555555556,0.0,0.16666666666666666,2.0,0.21,4,0.203125
g3_130085_13008515,g3,130085,13008515,3,23.0,21,23,2.0,False,1.0,False,3.0,False,6.0,False,23,23,23,0.43478260869565216,0.043478260869565216,0.2608695652173913,2.0,0.21,4,0.203125
g3_130085_13008516,g3,130085,13008516,1,15.0,15,15,2.0,False,1.0,False,3.0,False,18.0,False,15,15,0,0.5333333333333333,0.0,0.4666666666666667,2.0,0.21,4,0.203125
g3_159171_15917118,g3,159171,15917118,3,19.0,19,19,2.0,False,1.0,False,3.0,False,19.0,False,19,19,19,0.47368421052631576,0.10526315789473684,0.47368421052631576,3.0,0.495,4,0.46296296296296297
g3_159171_15917119,g3,159171,15917119,3,22.0,21,22,2.0,False,1.0,False,3.0,False,15.0,False,22,22,22,0.45454545454545453,0.2727272727272727,0.4090909090909091,3.0,0.495,4,0.46296296296296297
g3_159171_15917120,g3,159171,15917120,2,22.0,22,22,2.0,False,1.0,False,2.0,False,8.0,False,22,22,22,0.4090909090909091,0.3181818181818182,0.45454545454545453,3.0,0.495,4,0.46296296296296297
g3_159171_15917123,g3,159171,15917123,1,15.0,15,15,2.0,False,1.0,False,3.0,False,12.0,False,15,15,15,0.5333333333333333,0.26666666666666666,0.4,3.0,0.495,4,0.46296296296296297
g3_161176_16117613,g3,161176,16117613,3,24.0,23,24,2.0,False,1.0,False,2.0,False,12.0,False,24,24,24,0.375,0.0,0.375,3.0,0.4,4,0.4588235294117647
g3_161176_16117614,g3,161176,16117614,2,23.0,21,23,2.0,False,1.0,False,3.0,False,14.0,False,23,23,23,0.5217391304347826,0.0,0.4782608695652174,3.0,0.4,4,0.4588235294117647
g3_161176_16117615,g3,161176,16117615,3,22.0,22,22,2.0,False,1.0,False,2.0,False,2.0,False,22,22,22,0.36363636363636365,0.0,0.5,3.0,0.4,4,0.4588235294117647
g3_161183_16118318,g3,161183,16118318,3,22.0,21,22,2.0,False,1.0,False,2.0,False,11.0,False,22,22,21,0.45454545454545453,0.0,0.42857142857142855,3.0,0.5825,4,0.5161290322580645
g3_161183_16118320,g3,161183,16118320,1,15.0,15,15,2.0,False,1.0,False,2.0,False,18.0,False,15,15,15,0.5333333333333333,0.0,0.6,3.0,0.5825,4,0.5161290322580645
g3_161183_16118321,g3,161183,16118321,2,20.0,19,20,2.0,False,1.0,False,3.0,False,13.0,False,20,20,20,0.45,0.0,0.45,3.0,0.5825,4,0.5161290322580645
g3_161183_16118322,g3,161183,16118322,3,22.0,21,22,2.0,False,1.0,False,3.0,False,7.0,False,22,22,22,0.5,0.0,0.5909090909090909,3.0,0.5825,4,0.5161290322580645
g3_162184_16218414,g3,162184,16218414,3,20.0,16,20,2.0,False,1.0,False,3.0,False,10.0,False,20,20,20,0.5,0.0,0.8,3.0,0.635,4,0.7878787878787878
g3_162184_16218415,g3,162184,16218415,2,20.0,16,20,2.0,False,1.0,False,3.0,False,18.0,False,20,20,19,0.5,0.0,0.8947368421052632,3.0,0.635,4,0.7878787878787878
g3_164198_16419812,g3,164198,16419812,2,21.0,20,21,2.0,False,1.0,False,3.0,False,13.0,False,21,21,21,0.6190476190476191,0.047619047619047616,0.2857142857142857,3.0,0.365,4,0.390625
g3_164198_16419813,g3,164198,16419813,3,21.0,21,21,2.0,False,2.0,False,2.0,False,16.0,False,21,21,21,0.5238095238095238,0.047619047619047616,0.42857142857142855,3.0,0.365,4,0.390625
g3_165199_16519911,g3,165199,16519911,3,23.0,21,23,2.0,False,1.0,False,3.0,False,36.0,False,23,23,23,0.5652173913043478,0.043478260869565216,0.2608695652173913,4.0,0.2,4,0.17307692307692307
g3_166203_16620311,g3,166203,16620311,3,24.0,20,24,2.0,False,1.0,False,2.0,False,20.0,False,24,23,24,0.5833333333333334,0.043478260869565216,0.8333333333333334,4.0,0.6025,4,0.8
g3_168211_16821116,g3,168211,16821116,2,26.0,25,26,2.0,False,1.0,False,3.0,False,14.0,False,26,26,26,0.46153846153846156,0.0,0.6923076923076923,3.0,0.5675,4,0.6203703703703703
g3_168211_16821117,g3,168211,16821117,3,26.0,23,26,2.0,False,1.0,False,2.0,False,14.0,False,26,26,25,0.46153846153846156,0.0,0.64,3.0,0.5675,4,0.6203703703703703
g3_168211_16821118,g3,168211,16821118,3,26.0,23,26,2.0,False,1.0,False,5.0,False,16.0,False,26,26,24,0.5769230769230769,0.0,0.625,3.0,0.5675,4,0.6203703703703703
g3_168211_16821119,g3,168211,16821119,1,17.0,15,17,2.0,False,1.0,False,2.0,False,1.0,False,17,17,17,0.5294117647058824,0.0,0.5294117647058824,3.0,0.5675,4,0.6203703703703703
g3_168211_16821120,g3,168211,16821120,1,16.0,15,16,2.0,False,1.0,False,3.0,False,17.0,False,16,16,16,0.625,0.0,0.5625,3.0,0.5675,4,0.6203703703703703
g3_168214_16821412,g3,168214,16821412,2,22.0,21,22,2.0,False,1.0,False,2.0,False,7.0,False,22,22,22,0.36363636363636365,0.0,0.2727272727272727,3.0,0.2825,4,0.18055555555555555
g3_168214_16821413,g3,168214,16821413,3,22.0,20,22,2.0,False,1.0,False,2.0,False,12.0,False,22,22,22,0.5,0.0,0.09090909090909091,3.0,0.2825,4,0.18055555555555555
g3_169219_16921914,g3,169219,16921914,3,22.0,20,22,2.0,False,1.0,False,2.0,False,21.0,False,22,22,22,0.6363636363636364,0.18181818181818182,0.36363636363636365,2.0,0.185,4,0.35365853658536583
g3_169219_16921916,g3,169219,16921916,2,24.0,19,24,2.0,False,2.0,False,2.0,False,15.0,False,24,24,19,0.5,0.2916666666666667,0.42105263157894735,2.0,0.185,4,0.35365853658536583
g3_169229_16922931,g3,169229,16922931,3,27.0,25,27,2.0,False,2.0,False,2.0,False,14.0,False,27,27,27,0.5185185185185185,0.5185185185185185,0.48148148148148145,2.0,0.28,4,0.4039408866995074
g3_169229_16922932,g3,169229,16922932,2,27.0,19,27,1.0,False,1.0,False,2.0,False,5.0,False,27,27,25,0.5185185185185185,0.37037037037037035,0.48,2.0,0.28,4,0.4039408866995074
g3_169229_16922933,g3,169229,16922933,2,25.0,20,25,2.0,False,2.0,False,3.0,False,15.0,False,25,25,25,0.48,0.44,0.52,2.0,0.28,4,0.4039408866995074
g3_169229_16922934,g3,169229,16922934,1,17.0,17,17,2.0,False,1.0,False,2.0,False,15.0,False,17,17,17,0.6470588235294118,0.4117647058823529,0.29411764705882354,2.0,0.28,4,0.4039408866995074
g3_169229_16922935,g3,169229,16922935,1,17.0,16,17,2.0,False,1.0,False,3.0,False,17.0,False,17,17,17,0.4117647058823529,0.29411764705882354,0.23529411764705882,2.0,0.28,4,0.4039408866995074
g3_169229_16922936,g3,169229,16922936,1,17.0,16,17,2.0,False,1.0,False,2.0,False,9.0,False,17,17,16,0.35294117647058826,0.23529411764705882,0.125,2.0,0.28,4,0.4039408866995074
g3_169229_16922937,g3,169229,16922937,3,25.0,20,25,2.0,False,1.0,False,3.0,False,18.0,False,25,25,25,0.44,0.52,0.4,2.0,0.28,4,0.4039408866995074
g3_169229_16922938,g3,169229,16922938,3,27.0,24,27,2.0,False,1.0,False,3.0,False,15.0,False,27,27,26,0.5555555555555556,0.5185185185185185,0.5,2.0,0.28,4,0.4039408866995074
g3_169229_16922939,g3,169229,16922939,3,25.0,22,25,2.0,False,1.0,False,3.0,False,32.0,False,25,25,25,0.52,0.44,0.4,2.0,0.28,4,0.4039408866995074
g3_169231_16923113,g3,169231,16923113,1,18.0,15,18,2.0,False,1.0,False,2.0,False,5.0,False,18,18,18,0.3888888888888889,0.5,0.4444444444444444,1.0,0.63,4,0.5529411764705883
g3_169231_16923114,g3,169231,16923114,3,25.0,22,25,2.0,False,1.0,False,2.0,False,7.0,False,25,25,25,0.6,0.52,0.48,1.0,0.63,4,0.5529411764705883
g3_169231_16923115,g3,169231,16923115,2,25.0,24,25,2.0,False,2.0,False,3.0,False,19.0,False,25,25,25,0.52,0.56,0.6,1.0,0.63,4,0.5529411764705883
g3_169280_16928012,g3,169280,16928012,2,25.0,24,25,2.0,False,1.0,False,2.0,False,30.0,False,25,25,25,0.6,0.28,0.56,2.0,0.25,4,0.5357142857142857
g3_169280_16928013,g3,169280,16928013,3,25.0,24,25,2.0,False,2.0,False,3.0,False,19.0,False,25,25,25,0.48,0.32,0.56,2.0,0.25,4,0.5357142857142857
g3_169280_16928014,g3,169280,16928014,1,18.0,15,18,2.0,False,1.0,False,3.0,False,20.0,False,18,18,16,0.7222222222222222,0.5,0.5625,2.0,0.25,4,0.5357142857142857
g3_169280_16928015,g3,169280,16928015,1,18.0,16,18,2.0,False,2.0,False,3.0,False,24.0,False,18,18,18,0.3888888888888889,0.16666666666666666,0.4444444444444444,2.0,0.25,4,0.5357142857142857
g3_170295_17029513,g3,170295,17029513,3,27.0,25,27,2.0,False,1.0,False,2.0,False,19.0,False,27,27,26,0.4074074074074074,0.0,0.46153846153846156,3.0,0.4975,4,0.5116279069767442
g3_170295_17029514,g3,170295,17029514,3,26.0,26,26,2.0,False,1.0,False,3.0,False,15.0,False,26,26,26,0.5,0.0,0.46153846153846156,3.0,0.4975,4,0.5116279069767442
g3_170295_17029515,g3,170295,17029515,1,17.0,15,17,2.0,False,1.0,False,2.0,False,8.0,False,17,17,17,0.47058823529411764,0.0,0.5882352941176471,3.0,0.4975,4,0.5116279069767442
g3_170295_17029516,g3,170295,17029516,1,17.0,17,17,2.0,False,1.0,False,2.0,False,9.0,False,17,17,17,0.35294117647058826,0.058823529411764705,0.5882352941176471,3.0,0.4975,4,0.5116279069767442
g3_173312_17331212,g3,173312,17331212,2,24.0,19,24,2.0,False,1.0,False,2.0,False,4.0,False,24,24,23,0.5,0.08333333333333333,0.5217391304347826,3.0,0.355,4,0.4235294117647059
g3_173312_17331213,g3,173312,17331213,2,23.0,20,23,2.0,False,1.0,False,2.0,False,37.0,False,23,23,23,0.5652173913043478,0.08695652173913043,0.391304347826087,3.0,0.355,4,0.4235294117647059
g3_173312_17331214,g3,173312,17331214,3,24.0,21,24,2.0,False,1.0,False,3.0,False,14.0,False,24,24,24,0.5416666666666666,0.20833333333333334,0.4583333333333333,3.0,0.355,4,0.4235294117647059
g3_176329_17632913,g3,176329,17632913,2,23.0,23,23,2.0,False,1.0,False,2.0,False,3.0,False,23,23,23,0.5652173913043478,0.0,0.782608695652174,3.0,0.69,4,0.7236842105263158
g3_176329_17632914,g3,176329,17632914,3,23.0,21,23,2.0,False,1.0,False,5.0,False,12.0,False,23,23,23,0.5217391304347826,0.0,0.7391304347826086,3.0,0.69,4,0.7236842105263158
g3_176329_17632915,g3,176329,17632915,1,15.0,15,15,2.0,False,1.0,False,2.0,False,4.0,False,15,15,15,0.4,0.0,0.6666666666666666,3.0,0.69,4,0.7236842105263158
g3_189378_18937813,g3,189378,18937813,3,28.0,24,28,2.0,False,1.0,False,2.0,False,9.0,False,28,28,28,0.5714285714285714,0.07142857142857142,0.14285714285714285,3.0,0.305,4,0.19148936170212766
g3_189378_18937815,g3,189378,18937815,3,27.0,23,27,2.0,False,1.0,False,3.0,False,16.0,False,27,27,27,0.4444444444444444,0.07407407407407407,0.2962962962962963,3.0,0.305,4,0.19148936170212766
g3_189378_18937816,g3,189378,18937816,2,25.0,23,25,2.0,False,1.0,False,2.0,False,14.0,False,25,25,25,0.52,0.0,0.04,3.0,0.305,4,0.19148936170212766
g3_189382_18938213,g3,189382,18938213,1,16.0,15,16,2.0,False,1.0,False,3.0,False,17.0,False,16,16,16,0.5,0.0,0.0,2.0,0.0525,4,0.037037037037037035
g3_189382_18938214,g3,189382,18938214,2,23.0,21,23,2.0,False,2.0,False,2.0,False,22.0,False,23,23,23,0.43478260869565216,0.0,0.043478260869565216,2.0,0.0525,4,0.037037037037037035
g3_189382_18938215,g3,189382,18938215,2,22.0,19,22,2.0,False,1.0,False,3.0,False,9.0,False,22,22,22,0.45454545454545453,0.0,0.045454545454545456,2.0,0.0525,4,0.037037037037037035
g3_189382_18938216,g3,189382,18938216,3,21.0,19,21,2.0,False,1.0,False,2.0,False,29.0,False,21,21,20,0.47619047619047616,0.0,0.05,2.0,0.0525,4,0.037037037037037035
g3_189396_18939612,g3,189396,18939612,2,22.0,21,22,2.0,False,1.0,False,3.0,False,17.0,False,22,22,20,0.5909090909090909,0.09090909090909091,0.2,3.0,0.39,4,0.35294117647058826
g3_189396_18939614,g3,189396,18939614,3,22.0,19,22,2.0,False,1.0,False,2.0,False,10.0,False,22,22,22,0.36363636363636365,0.09090909090909091,0.5454545454545454,3.0,0.39,4,0.35294117647058826
g3_191411_19141110,g3,191411,19141110,1,16.0,16,16,2.0,False,1.0,False,2.0,False,9.0,False,16,16,16,0.5625,0.0,0.75,3.0,0.86,4,0.746031746031746
g3_191411_19141111,g3,191411,19141111,3,23.0,19,23,2.0,False,1.0,False,2.0,False,17.0,False,23,23,23,0.5652173913043478,0.0,0.7391304347826086,3.0,0.86,4,0.746031746031746
g3_191411_19141112,g3,191411,19141112,2,24.0,21,24,2.0,False,1.0,False,2.0,False,3.0,False,24,24,24,0.5,0.0,0.75,3.0,0.86,4,0.746031746031746
g3_193422_19342213,g3,193422,19342213,3,25.0,24,25,2.0,False,1.0,False,3.0,False,17.0,False,25,25,25,0.44,0.12,0.48,3.0,0.39,4,0.4657534246575342
g3_193422_19342214,g3,193422,19342214,1,17.0,16,17,2.0,False,1.0,False,3.0,False,4.0,False,17,17,17,0.35294117647058826,0.058823529411764705,0.4117647058823529,3.0,0.39,4,0.4657534246575342
g3_193423_19342316,g3,193423,19342316,2,24.0,22,24,2.0,False,1.0,False,3.0,False,8.0,False,24,24,24,0.4583333333333333,0.125,0.4583333333333333,3.0,0.4725,4,0.5555555555555556
g3_193423_19342317,g3,193423,19342317,1,15.0,15,15,2.0,False,2.0,False,3.0,False,15.0,False,15,15,15,0.6,0.06666666666666667,0.4,3.0,0.4725,4,0.5555555555555556
g3_193423_19342318,g3,193423,19342318,3,24.0,22,24,2.0,False,1.0,False,3.0,False,9.0,False,24,24,23,0.4166666666666667,0.125,0.5652173913043478,3.0,0.4725,4,0.5555555555555556
g3_201449_20144923,g3,201449,20144923,3,23.0,21,23,2.0,False,1.0,False,2.0,False,15.0,False,23,23,23,0.4782608695652174,0.08695652173913043,0.4782608695652174,3.0,0.3275,4,0.3880597014925373
g3_201449_20144924,g3,201449,20144924,2,25.0,22,25,2.0,False,1.0,False,2.0,False,9.0,False,25,25,24,0.36,0.04,0.5833333333333334,3.0,0.3275,4,0.3880597014925373
g3_201449_20144925,g3,201449,20144925,3,23.0,23,23,2.0,False,1.0,False,2.0,False,15.0,False,23,23,23,0.2608695652173913,0.08695652173913043,0.2608695652173913,3.0,0.3275,4,0.3880597014925373
g3_201449_20144927,g3,201449,20144927,2,22.0,20,22,2.0,False,1.0,False,2.0,False,23.0,False,22,22,22,0.4090909090909091,0.045454545454545456,0.36363636363636365,3.0,0.3275,4,0.3880597014925373
g3_203452_20345216,g3,203452,20345216,2,27.0,23,27,2.0,False,1.0,False,3.0,False,6.0,False,27,27,20,0.5925925925925926,0.0,0.3,3.0,0.3625,4,0.2727272727272727
g3_203452_20345217,g3,203452,20345217,1,16.0,15,16,2.0,False,1.0,False,2.0,False,17.0,False,16,16,15,0.375,0.0625,0.26666666666666666,3.0,0.3625,4,0.2727272727272727
g3_203452_20345218,g3,203452,20345218,2,24.0,24,24,2.0,False,1.0,False,2.0,False,22.0,False,24,24,24,0.4583333333333333,0.125,0.2916666666666667,3.0,0.3625,4,0.2727272727272727
g3_203452_20345219,g3,203452,20345219,3,24.0,23,24,2.0,False,1.0,False,3.0,False,16.0,False,24,24,24,0.4166666666666667,0.08333333333333333,0.20833333333333334,3.0,0.3625,4,0.2727272727272727
g3_203452_20345220,g3,203452,20345220,1,16.0,15,16,2.0,False,1.0,False,2.0,False,31.0,False,16,16,16,0.5625,0.0,0.3125,3.0,0.3625,4,0.2727272727272727
g3_203457_20345712,g3,203457,20345712,2,22.0,22,22,2.0,False,1.0,False,2.0,False,24.0,False,22,22,22,0.3181818181818182,0.045454545454545456,0.5909090909090909,3.0,0.415,4,0.4594594594594595
g3_203457_20345713,g3,203457,20345713,3,23.0,23,23,2.0,False,1.0,False,2.0,False,2.0,False,23,23,23,0.43478260869565216,0.0,0.391304347826087,3.0,0.415,4,0.4594594594594595
g3_205488_20548812,g3,205488,20548812,3,21.0,20,21,2.0,False,1.0,False,2.0,False,12.0,False,21,21,21,0.38095238095238093,0.09523809523809523,0.38095238095238093,2.0,0.265,4,0.33783783783783783
g3_205488_20548813,g3,205488,20548813,2,21.0,16,21,2.0,False,1.0,False,3.0,False,24.0,False,21,21,21,0.42857142857142855,0.09523809523809523,0.38095238095238093,2.0,0.265,4,0.33783783783783783
g3_205488_20548814,g3,205488,20548814,1,16.0,15,16,2.0,False,1.0,False,3.0,False,8.0,False,16,16,16,0.375,0.0625,0.0625,2.0,0.265,4,0.33783783783783783
g3_205488_20548815,g3,205488,20548815,1,16.0,15,16,2.0,False,1.0,False,2.0,False,12.0,False,16,16,16,0.4375,0.0625,0.5,2.0,0.265,4,0.33783783783783783
g3_205490_20549010,g3,205490,20549010,3,23.0,23,23,2.0,False,2.0,False,3.0,False,11.0,False,23,23,23,0.2608695652173913,1.0,0.9565217391304348,1.0,0.965,4,0.95
g3_205490_20549011,g3,205490,20549011,2,22.0,18,22,2.0,False,1.0,False,2.0,False,3.0,False,22,22,22,0.2727272727272727,1.0,0.9090909090909091,1.0,0.965,4,0.95
g3_205491_20549112,g3,205491,20549112,2,20.0,18,20,2.0,False,1.0,False,3.0,False,19.0,False,20,20,20,0.4,0.0,0.35,2.0,0.085,4,0.2
g3_205491_20549114,g3,205491,20549114,3,21.0,19,21,2.0,False,1.0,False,2.0,False,22.0,False,21,21,21,0.42857142857142855,0.0,0.14285714285714285,2.0,0.085,4,0.2
g3_205492_20549213,g3,205492,20549213,3,23.0,18,23,2.0,False,2.0,False,2.0,False,17.0,False,23,23,0,0.43478260869565216,0.9130434782608695,0.4666666666666667,2.0,0.905,4,0.8918918918918919
g3_205492_20549214,g3,205492,20549214,3,23.0,16,23,2.0,False,1.0,False,2.0,False,18.0,False,23,23,20,0.391304347826087,0.8260869565217391,0.95,2.0,0.905,4,0.8918918918918919
g3_205492_20549215,g3,205492,20549215,1,17.0,16,17,2.0,False,2.0,False,2.0,False,7.0,False,17,17,17,0.35294117647058826,0.8823529411764706,0.9411764705882353,2.0,0.905,4,0.8918918918918919
g3_205492_20549216,g3,205492,20549216,1,15.0,15,15,2.0,False,1.0,False,2.0,False,3.0,False,15,15,15,0.4666666666666667,0.8,0.9333333333333333,2.0,0.905,4,0.8918918918918919
g3_205492_20549217,g3,205492,20549217,2,24.0,21,24,2.0,False,2.0,False,3.0,False,14.0,False,24,24,22,0.4583333333333333,0.875,0.7727272727272727,2.0,0.905,4,0.8918918918918919
g3_208501_20850113,g3,208501,20850113,3,24.0,22,24,1.0,False,1.0,False,3.0,False,9.0,False,24,24,24,0.2916666666666667,0.0,0.20833333333333334,3.0,0.2625,4,0.25925925925925924
g3_208501_20850114,g3,208501,20850114,2,25.0,20,25,2.0,False,1.0,False,3.0,False,12.0,False,25,25,25,0.28,0.04,0.28,3.0,0.2625,4,0.25925925925925924
g3_208503_20850310,g3,208503,20850310,2,23.0,22,23,2.0,False,1.0,False,5.0,False,13.0,False,23,23,23,0.4782608695652174,0.0,0.6521739130434783,3.0,0.41,4,0.532258064516129
g3_208503_20850311,g3,208503,20850311,3,24.0,22,24,2.0,False,1.0,False,3.0,False,8.0,False,24,24,24,0.5833333333333334,0.0,0.4583333333333333,3.0,0.41,4,0.532258064516129
g3_208503_20850314,g3,208503,20850314,1,15.0,15,15,2.0,False,1.0,False,3.0,False,14.0,False,15,15,15,0.6,0.0,0.4666666666666667,3.0,0.41,4,0.532258064516129
g3_209510_20951018,g3,209510,20951018,3,23.0,20,23,2.0,False,1.0,False,3.0,False,4.0,False,23,23,23,0.43478260869565216,0.0,0.34782608695652173,3.0,0.45,4,0.34532374100719426
g3_209510_20951019,g3,209510,20951019,3,22.0,22,22,2.0,False,1.0,False,2.0,False,13.0,False,22,22,22,0.5,0.0,0.18181818181818182,3.0,0.45,4,0.34532374100719426
g3_209510_20951024,g3,209510,20951024,2,24.0,20,24,2.0,False,1.0,False,3.0,False,5.0,False,24,24,24,0.5833333333333334,0.0,0.375,3.0,0.45,4,0.34532374100719426
g3_212522_21252216,g3,212522,21252216,3,24.0,21,24,2.0,False,1.0,False,2.0,False,31.0,False,24,24,24,0.4583333333333333,0.0,0.7083333333333334,4.0,0.505,4,0.5773195876288659
g3_212522_21252217,g3,212522,21252217,1,15.0,15,15,1.0,False,1.0,False,3.0,False,11.0,False,15,15,15,0.5333333333333333,0.06666666666666667,0.4666666666666667,4.0,0.505,4,0.5773195876288659
g3_212522_21252218,g3,212522,21252218,2,23.0,20,23,2.0,False,1.0,False,2.0,False,1.0,False,23,23,23,0.5652173913043478,0.043478260869565216,0.5652173913043478,4.0,0.505,4,0.5773195876288659
g3_212522_21252219,g3,212522,21252219,3,26.0,21,26,2.0,False,1.0,False,3.0,False,9.0,False,26,26,21,0.5384615384615384,0.0,0.47619047619047616,4.0,0.505,4,0.5773195876288659
g3_215533_21553320,g3,215533,21553320,3,22.0,15,22,2.0,False,1.0,False,2.0,False,0.0,False,22,21,22,0.5909090909090909,0.23809523809523808,0.5909090909090909,3.0,0.3475,4,0.3130434782608696
g3_215533_21553321,g3,215533,21553321,3,21.0,21,21,2.0,False,1.0,False,3.0,False,5.0,False,21,21,21,0.42857142857142855,0.19047619047619047,0.2857142857142857,3.0,0.3475,4,0.3130434782608696
g3_215533_21553323,g3,215533,21553323,2,21.0,21,21,2.0,False,1.0,False,2.0,False,24.0,False,21,21,21,0.5714285714285714,0.14285714285714285,0.23809523809523808,3.0,0.3475,4,0.3130434782608696
g3_215533_21553324,g3,215533,21553324,2,21.0,19,21,2.0,False,1.0,False,2.0,False,21.0,False,21,21,21,0.47619047619047616,0.23809523809523808,0.3333333333333333,3.0,0.3475,4,0.3130434782608696
g3_216537_21653713,g3,216537,21653713,2,25.0,21,25,2.0,False,1.0,False,2.0,False,8.0,False,25,25,25,0.48,0.0,0.36,3.0,0.25666666666666665,3,0.30303030303030304
g3_216537_21653715,g3,216537,21653715,1,17.0,15,17,2.0,False,1.0,False,2.0,False,2.0,False,17,17,17,0.5294117647058824,0.0,0.23529411764705882,3.0,0.25666666666666665,3,0.30303030303030304
g3_216537_21653716,g3,216537,21653716,3,26.0,22,26,2.0,False,1.0,False,2.0,False,1.0,False,26,26,26,0.38461538461538464,0.0,0.2692307692307692,3.0,0.25666666666666665,3,0.30303030303030304
g3_216537_21653717,g3,216537,21653717,3,27.0,21,27,2.0,False,1.0,False,3.0,False,15.0,False,27,26,25,0.3333333333333333,0.0,0.32,3.0,0.25666666666666665,3,0.30303030303030304
g3_216537_21653723,g3,216537,21653723,2,25.0,22,25,2.0,False,1.0,False,2.0,False,28.0,False,25,25,24,0.56,0.0,0.25,3.0,0.25666666666666665,3,0.30303030303030304
g3_218562_21856213,g3,218562,21856213,2,26.0,20,26,1.0,False,1.0,False,3.0,False,7.0,False,26,26,24,0.5384615384615384,0.07692307692307693,0.4583333333333333,4.0,0.4075,4,0.35064935064935066
g3_218562_21856216,g3,218562,21856216,3,24.0,22,24,2.0,False,1.0,False,3.0,False,7.0,False,24,24,24,0.5833333333333334,0.08333333333333333,0.3333333333333333,4.0,0.4075,4,0.35064935064935066
g3_221571_22157117,g3,221571,22157117,1,17.0,15,17,1.0,False,1.0,False,3.0,False,11.0,False,17,17,17,0.4117647058823529,0.29411764705882354,0.4117647058823529,3.0,0.415,4,0.36792452830188677
g3_221571_22157118,g3,221571,22157118,3,24.0,20,24,2.0,False,1.0,False,3.0,False,15.0,False,24,24,24,0.5416666666666666,0.20833333333333334,0.375,3.0,0.415,4,0.36792452830188677
g3_221571_22157119,g3,221571,22157119,1,15.0,15,15,2.0,False,2.0,False,3.0,False,6.0,False,15,15,15,0.4666666666666667,0.3333333333333333,0.4666666666666667,3.0,0.415,4,0.36792452830188677
g3_221571_22157120,g3,221571,22157120,3,24.0,19,24,2.0,False,1.0,False,3.0,False,11.0,False,24,24,24,0.5,0.25,0.4166666666666667,3.0,0.415,4,0.36792452830188677
g3_221571_22157121,g3,221571,22157121,2,26.0,24,26,2.0,False,1.0,False,3.0,False,9.0,False,26,26,26,0.5,0.19230769230769232,0.23076923076923078,3.0,0.415,4,0.36792452830188677
g3_221574_22157414,g3,221574,22157414,2,21.0,17,21,2.0,False,1.0,False,2.0,False,3.0,False,21,21,21,0.47619047619047616,0.09523809523809523,0.19047619047619047,3.0,0.26,4,0.16666666666666666
g3_221574_22157416,g3,221574,22157416,3,22.0,21,22,2.0,False,1.0,False,2.0,False,7.0,False,22,22,19,0.45454545454545453,0.045454545454545456,0.21052631578947367,3.0,0.26,4,0.16666666666666666
g3_225585_22558513,g3,225585,22558513,3,25.0,25,25,2.0,False,1.0,False,3.0,False,4.0,False,25,25,25,0.44,0.0,0.16,3.0,0.265,4,0.2891566265060241
g3_225585_22558514,g3,225585,22558514,1,17.0,17,17,2.0,False,1.0,False,3.0,False,10.0,False,17,17,17,0.4117647058823529,0.058823529411764705,0.29411764705882354,3.0,0.265,4,0.2891566265060241
g3_225585_22558516,g3,225585,22558516,2,24.0,24,24,2.0,False,1.0,False,3.0,False,17.0,False,24,24,24,0.5,0.0,0.3333333333333333,3.0,0.265,4,0.2891566265060241
g3_228606_22860613,g3,228606,22860613,1,15.0,15,15,2.0,False,1.0,False,2.0,True,30.0,False,15,15,15,0.4,0.06666666666666667,0.3333333333333333,3.0,0.28,4,0.345679012345679
g3_228606_22860614,g3,228606,22860614,2,22.0,20,22,2.0,False,1.0,False,3.0,False,11.0,False,22,22,21,0.4090909090909091,0.2727272727272727,0.42857142857142855,3.0,0.28,4,0.345679012345679
g3_228606_22860615,g3,228606,22860615,3,25.0,23,25,2.0,False,1.0,False,3.0,False,36.0,False,25,25,23,0.64,0.16,0.21739130434782608,3.0,0.28,4,0.345679012345679
g3_228606_22860616,g3,228606,22860616,3,23.0,21,23,2.0,False,2.0,False,3.0,False,19.0,False,23,23,22,0.391304347826087,0.17391304347826086,0.4090909090909091,3.0,0.28,4,0.345679012345679
g3_230612_23061210,g3,230612,23061210,2,27.0,26,27,2.0,False,1.0,False,2.0,False,0.0,False,27,27,0,0.48148148148148145,0.037037037037037035,0.4666666666666667,3.0,0.505,4,
g3_230612_23061211,g3,230612,23061211,3,27.0,24,27,2.0,False,1.0,False,3.0,False,5.0,False,27,27,0,0.48148148148148145,0.037037037037037035,0.4666666666666667,3.0,0.505,4,
g3_230612_23061212,g3,230612,23061212,1,17.0,16,17,2.0,False,1.0,False,3.0,False,9.0,False,17,17,0,0.5882352941176471,0.0,0.4666666666666667,3.0,0.505,4,
g3_231616_23161611,g3,231616,23161611,2,21.0,19,21,2.0,False,1.0,False,2.0,False,0.0,False,21,21,21,0.3333333333333333,0.0,0.7142857142857143,3.0,0.5625,4,0.6447368421052632
g3_231616_23161612,g3,231616,23161612,3,22.0,21,22,2.0,False,1.0,False,2.0,False,16.0,False,22,22,21,0.45454545454545453,0.0,0.47619047619047616,3.0,0.5625,4,0.6447368421052632
g3_234628_23462818,g3,234628,23462818,3,25.0,24,25,2.0,False,1.0,False,3.0,False,13.0,False,25,25,25,0.48,0.04,0.48,3.0,0.38,4,0.3490566037735849
g3_234628_23462819,g3,234628,23462819,3,25.0,23,25,2.0,False,1.0,False,2.0,False,3.0,False,25,25,25,0.52,0.0,0.32,3.0,0.38,4,0.3490566037735849
g3_234628_23462821,g3,234628,23462821,2,25.0,22,25,2.0,False,1.0,False,2.0,False,21.0,False,25,25,25,0.48,0.16,0.4,3.0,0.38,4,0.3490566037735849
g3_244697_24469718,g3,244697,24469718,3,29.0,24,29,2.0,False,2.0,False,2.0,False,18.0,False,29,29,29,0.5517241379310345,1.0,0.896551724137931,1.0,0.9225,4,0.9491525423728814
g3_244697_24469719,g3,244697,24469719,1,19.0,16,19,2.0,False,1.0,False,2.0,False,7.0,False,19,19,17,0.47368421052631576,1.0,0.9411764705882353,1.0,0.9225,4,0.9491525423728814
g3_244697_24469720,g3,244697,24469720,3,26.0,24,26,2.0,False,1.0,False,2.0,False,5.0,False,26,26,26,0.4230769230769231,1.0,0.9615384615384616,1.0,0.9225,4,0.9491525423728814
g3_244697_24469721,g3,244697,24469721,1,17.0,16,17,2.0,False,2.0,False,2.0,False,29.0,False,17,17,17,0.5882352941176471,1.0,1.0,1.0,0.9225,4,0.9491525423728814
g3_244697_24469722,g3,244697,24469722,2,29.0,24,29,2.0,False,2.0,False,2.0,False,0.0,False,29,29,29,0.4482758620689655,1.0,0.9655172413793104,1.0,0.9225,4,0.9491525423728814
g3_244708_24470819,g3,244708,24470819,3,22.0,20,22,2.0,False,1.0,False,2.0,False,23.0,False,22,22,22,0.3181818181818182,1.0,1.0,1.0,0.9475,4,0.9836065573770492
g3_244708_24470820,g3,244708,24470820,2,24.0,23,24,2.0,False,2.0,False,2.0,False,31.0,False,24,24,23,0.375,1.0,1.0,1.0,0.9475,4,0.9836065573770492
g3_244708_24470821,g3,244708,24470821,3,22.0,22,22,2.0,False,2.0,False,3.0,False,33.0,False,22,22,22,0.4090909090909091,1.0,0.9545454545454546,1.0,0.9475,4,0.9836065573770492
g3_244708_24470822,g3,244708,24470822,1,17.0,16,17,2.0,False,2.0,False,3.0,False,33.0,False,17,17,16,0.4117647058823529,1.0,1.0,1.0,0.9475,4,0.9836065573770492
g3_244708_24470823,g3,244708,24470823,2,22.0,21,22,2.0,False,2.0,False,3.0,False,25.0,False,22,22,22,0.5454545454545454,1.0,1.0,1.0,0.9475,4,0.9836065573770492
g3_244723_24472318,g3,244723,24472318,3,16.0,15,16,2.0,False,2.0,False,3.0,False,11.0,False,16,16,16,0.4375,1.0,0.9375,1.0,0.9625,4,0.9705882352941176
g3_244723_24472319,g3,244723,24472319,3,19.0,18,19,2.0,False,2.0,False,3.0,False,23.0,False,19,19,19,0.5789473684210527,1.0,0.9473684210526315,1.0,0.9625,4,0.9705882352941176
g3_244723_24472320,g3,244723,24472320,2,20.0,20,20,2.0,False,2.0,False,3.0,False,26.0,False,20,20,20,0.55,1.0,1.0,1.0,0.9625,4,0.9705882352941176
g3_244723_24472323,g3,244723,24472323,3,21.0,18,21,2.0,False,2.0,False,2.0,False,26.0,False,21,21,21,0.5238095238095238,1.0,1.0,1.0,0.9625,4,0.9705882352941176
g3_244727_24472715,g3,244727,24472715,3,28.0,27,28,2.0,False,1.0,False,3.0,False,28.0,False,28,28,28,0.5714285714285714,1.0,0.25,2.0,0.315,4,0.3652173913043478
g3_244727_24472716,g3,244727,24472716,3,28.0,27,28,2.0,False,1.0,False,2.0,False,4.0,False,28,28,28,0.5,1.0,0.35714285714285715,2.0,0.315,4,0.3652173913043478
g3_244727_24472717,g3,244727,24472717,1,16.0,15,16,1.0,False,1.0,False,3.0,False,9.0,False,16,16,16,0.5625,1.0,0.5625,2.0,0.315,4,0.3652173913043478
g3_244727_24472718,g3,244727,24472718,2,29.0,28,29,2.0,False,2.0,False,2.0,False,7.0,False,29,29,28,0.7241379310344828,1.0,0.32142857142857145,2.0,0.315,4,0.3652173913043478
g3_244727_24472719,g3,244727,24472719,1,15.0,15,15,2.0,False,2.0,False,2.0,False,13.0,False,15,15,15,0.7333333333333333,1.0,0.4666666666666667,2.0,0.315,4,0.3652173913043478
g3_244728_24472812,g3,244728,24472812,3,26.0,23,26,2.0,False,2.0,False,3.0,False,13.0,False,26,24,26,0.46153846153846156,1.0,0.7307692307692307,1.0,0.9075,4,0.8088235294117647
g3_244728_24472813,g3,244728,24472813,2,25.0,20,25,2.0,False,1.0,False,3.0,False,22.0,False,25,25,25,0.6,1.0,0.84,1.0,0.9075,4,0.8088235294117647
g3_244736_24473610,g3,244736,24473610,3,26.0,21,26,2.0,False,2.0,False,2.0,False,17.0,False,26,26,26,0.46153846153846156,1.0,0.9615384615384616,1.0,0.9425,4,0.9375
g3_244736_24473611,g3,244736,24473611,1,16.0,16,16,2.0,False,2.0,False,3.0,False,14.0,False,16,16,16,0.4375,1.0,0.875,1.0,0.9425,4,0.9375
g3_244736_24473612,g3,244736,24473612,2,23.0,22,23,2.0,False,2.0,False,3.0,False,26.0,False,23,23,22,0.43478260869565216,1.0,0.9545454545454546,1.0,0.9425,4,0.9375
g3_244745_24474513,g3,244745,24474513,1,16.0,15,16,2.0,False,1.0,False,2.0,False,21.0,False,16,16,16,0.5625,0.4375,0.4375,2.0,0.5525,4,0.6222222222222222
g3_244745_24474514,g3,244745,24474514,3,25.0,22,25,2.0,False,2.0,False,2.0,False,25.0,False,25,25,24,0.48,0.6,0.6666666666666666,2.0,0.5525,4,0.6222222222222222
g3_244745_24474515,g3,244745,24474515,3,26.0,22,26,2.0,False,1.0,False,3.0,False,19.0,False,26,25,26,0.5384615384615384,0.48,0.7307692307692307,2.0,0.5525,4,0.6222222222222222
g3_244745_24474516,g3,244745,24474516,2,24.0,22,24,2.0,False,1.0,False,2.0,False,4.0,False,24,24,24,0.5,0.625,0.5833333333333334,2.0,0.5525,4,0.6222222222222222
g3_244746_24474611,g3,244746,24474611,3,25.0,21,25,2.0,False,1.0,False,2.0,False,2.0,False,25,25,23,0.28,1.0,0.9130434782608695,1.0,0.8825,4,0.9375
g3_244746_24474613,g3,244746,24474613,2,21.0,21,21,2.0,False,2.0,False,2.0,False,5.0,False,21,21,20,0.3333333333333333,1.0,1.0,1.0,0.8825,4,0.9375
g3_244746_24474614,g3,244746,24474614,2,23.0,22,23,2.0,False,1.0,False,2.0,False,2.0,False,23,23,22,0.43478260869565216,1.0,0.9090909090909091,1.0,0.8825,4,0.9375
g3_244755_24475522,g3,244755,24475522,2,22.0,20,22,2.0,False,2.0,False,2.0,False,26.0,False,22,22,22,0.5454545454545454,1.0,0.9090909090909091,1.0,0.915,4,0.8682170542635659
g3_244755_24475523,g3,244755,24475523,3,21.0,21,21,2.0,False,1.0,False,3.0,False,12.0,False,21,21,21,0.38095238095238093,1.0,1.0,1.0,0.915,4,0.8682170542635659
g3_244755_24475524,g3,244755,24475524,3,23.0,22,23,2.0,False,2.0,False,3.0,False,14.0,False,23,23,23,0.6521739130434783,1.0,0.8695652173913043,1.0,0.915,4,0.8682170542635659
g3_244755_24475527,g3,244755,24475527,2,22.0,20,22,2.0,False,1.0,False,2.0,False,20.0,False,22,22,22,0.5909090909090909,1.0,0.7727272727272727,1.0,0.915,4,0.8682170542635659
g3_244764_24476409,g3,244764,24476409,3,22.0,20,22,2.0,False,1.0,False,2.0,False,0.0,False,22,22,22,0.5909090909090909,1.0,0.8636363636363636,1.0,0.9125,4,0.94
g3_244774_24477419,g3,244774,24477419,2,20.0,18,20,2.0,False,1.0,False,3.0,False,16.0,False,20,20,20,0.55,1.0,1.0,1.0,0.925,4,0.9619047619047619
g3_244774_24477420,g3,244774,24477420,3,22.0,19,22,2.0,False,2.0,False,2.0,False,26.0,False,22,22,21,0.5,1.0,1.0,1.0,0.925,4,0.9619047619047619
g3_244774_24477422,g3,244774,24477422,2,21.0,19,21,2.0,False,1.0,False,2.0,False,5.0,False,21,21,20,0.6190476190476191,1.0,0.95,1.0,0.925,4,0.9619047619047619
g3_244774_24477424,g3,244774,24477424,3,19.0,16,19,2.0,False,2.0,False,2.0,False,30.0,False,19,19,19,0.47368421052631576,1.0,1.0,1.0,0.925,4,0.9619047619047619
g3_244776_24477620,g3,244776,24477620,2,22.0,21,22,1.0,False,1.0,False,2.0,False,0.0,False,22,22,22,0.6363636363636364,1.0,0.9545454545454546,1.0,0.85,4,0.8736842105263158
g3_244776_24477621,g3,244776,24477621,3,24.0,18,24,2.0,False,1.0,False,3.0,False,12.0,False,24,24,24,0.25,1.0,0.9166666666666666,1.0,0.85,4,0.8736842105263158
g3_244776_24477622,g3,244776,24477622,3,21.0,21,21,2.0,False,2.0,False,3.0,False,3.0,False,21,21,21,0.2857142857142857,1.0,0.9523809523809523,1.0,0.85,4,0.8736842105263158
g3_244780_24478010,g3,244780,24478010,2,24.0,20,24,2.0,False,1.0,False,2.0,False,3.0,False,24,24,20,0.5,1.0,0.95,1.0,0.915,4,0.9285714285714286
g3_244780_24478011,g3,244780,24478011,3,22.0,20,22,2.0,False,2.0,False,2.0,False,18.0,False,22,22,21,0.45454545454545453,1.0,1.0,1.0,0.915,4,0.9285714285714286
g3_244796_24479613,g3,244796,24479613,3,28.0,26,28,2.0,False,1.0,False,3.0,False,25.0,False,28,28,28,0.6428571428571429,1.0,0.9642857142857143,1.0,0.8175,4,0.9833333333333333
g3_244799_24479914,g3,244799,24479914,3,27.0,22,27,2.0,False,2.0,False,3.0,False,22.0,False,27,27,24,0.37037037037037035,1.0,0.5833333333333334,2.0,0.345,4,0.5327102803738317
g3_244799_24479915,g3,244799,24479915,2,26.0,26,26,2.0,False,2.0,False,3.0,False,19.0,False,26,26,25,0.5,1.0,0.52,2.0,0.345,4,0.5327102803738317
g3_244799_24479916,g3,244799,24479916,3,26.0,25,26,2.0,True,1.0,True,2.0,True,13.0,True,26,26,24,0.38461538461538464,1.0,0.7916666666666666,2.0,0.345,4,0.5327102803738317
g3_244799_24479917,g3,244799,24479917,1,17.0,16,17,2.0,False,2.0,False,3.0,False,10.0,False,17,17,17,0.5294117647058824,0.9411764705882353,0.35294117647058826,2.0,0.345,4,0.5327102803738317
g3_244801_24480113,g3,244801,24480113,1,17.0,15,17,2.0,False,2.0,False,2.0,False,8.0,False,17,17,17,0.47058823529411764,0.5882352941176471,0.29411764705882354,2.0,0.405,4,0.5617977528089888
g3_244801_24480114,g3,244801,24480114,3,29.0,27,29,2.0,False,1.0,False,3.0,False,18.0,False,29,28,29,0.6206896551724138,0.6071428571428571,0.5172413793103449,2.0,0.405,4,0.5617977528089888
g3_244801_24480115,g3,244801,24480115,2,27.0,25,27,2.0,False,2.0,False,3.0,False,19.0,False,27,27,27,0.48148148148148145,0.5185185185185185,0.7037037037037037,2.0,0.405,4,0.5617977528089888
g3_244801_24480116,g3,244801,24480116,1,16.0,15,16,2.0,False,2.0,False,2.0,False,14.0,False,16,16,16,0.4375,0.625,0.6875,2.0,0.405,4,0.5617977528089888
g3_244806_24480622,g3,244806,24480622,2,20.0,19,20,2.0,False,1.0,False,3.0,False,14.0,False,20,20,20,0.5,1.0,1.0,1.0,0.87,4,0.8728813559322034
g3_244806_24480623,g3,244806,24480623,1,18.0,16,18,2.0,False,2.0,False,2.0,False,15.0,False,18,18,18,0.4444444444444444,1.0,0.8333333333333334,1.0,0.87,4,0.8728813559322034
g3_244806_24480624,g3,244806,24480624,3,21.0,20,21,2.0,False,1.0,False,2.0,False,4.0,False,21,21,21,0.5714285714285714,1.0,0.8571428571428571,1.0,0.87,4,0.8728813559322034
g3_244806_24480625,g3,244806,24480625,3,20.0,18,20,2.0,False,2.0,False,2.0,False,25.0,False,20,20,20,0.55,1.0,0.9,1.0,0.87,4,0.8728813559322034
g3_244806_24480626,g3,244806,24480626,2,21.0,19,21,2.0,False,1.0,False,2.0,False,5.0,False,21,21,21,0.47619047619047616,1.0,0.7619047619047619,1.0,0.87,4,0.8728813559322034
g3_244806_24480627,g3,244806,24480627,1,18.0,15,18,2.0,False,2.0,False,3.0,False,9.0,False,18,18,18,0.7222222222222222,1.0,0.8888888888888888,1.0,0.87,4,0.8728813559322034
g3_244831_24483114,g3,244831,24483114,3,21.0,21,21,2.0,False,2.0,False,2.0,False,8.0,False,21,21,21,0.47619047619047616,0.5238095238095238,0.6190476190476191,2.0,0.43,4,0.6575342465753424
g3_244831_24483115,g3,244831,24483115,2,23.0,19,23,1.0,False,2.0,False,2.0,False,8.0,False,23,23,23,0.5652173913043478,0.4782608695652174,0.6956521739130435,2.0,0.43,4,0.6575342465753424
g3_244839_24483917,g3,244839,24483917,3,26.0,23,26,2.0,False,2.0,False,3.0,False,20.0,False,26,26,26,0.38461538461538464,0.9230769230769231,0.34615384615384615,2.0,0.4175,4,0.47413793103448276
g3_244839_24483918,g3,244839,24483918,2,25.0,23,25,2.0,False,1.0,False,3.0,False,26.0,False,25,25,25,0.44,0.96,0.16,2.0,0.4175,4,0.47413793103448276
g3_244839_24483919,g3,244839,24483919,2,25.0,22,25,2.0,False,2.0,False,2.0,False,10.0,False,25,25,25,0.56,0.96,0.68,2.0,0.4175,4,0.47413793103448276
g3_244839_24483920,g3,244839,24483920,2,24.0,23,24,2.0,True,1.0,True,2.0,True,13.0,True,24,24,24,0.3333333333333333,0.9583333333333334,0.8333333333333334,2.0,0.4175,4,0.47413793103448276
g3_252885_25288513,g3,252885,25288513,3,27.0,22,27,2.0,False,1.0,False,2.0,False,30.0,False,27,27,27,0.5555555555555556,0.037037037037037035,0.3333333333333333,3.0,0.4525,4,0.38235294117647056
g3_252885_25288514,g3,252885,25288514,1,17.0,17,17,2.0,False,1.0,False,2.0,False,28.0,False,17,17,17,0.5882352941176471,0.11764705882352941,0.5294117647058824,3.0,0.4525,4,0.38235294117647056
g3_252885_25288515,g3,252885,25288515,2,24.0,21,24,2.0,False,1.0,False,2.0,False,5.0,False,24,24,24,0.5416666666666666,0.16666666666666666,0.4166666666666667,3.0,0.4525,4,0.38235294117647056
g3_252885_25288517,g3,252885,25288517,1,17.0,16,17,2.0,False,1.0,False,2.0,False,0.0,False,17,17,17,0.47058823529411764,0.11764705882352941,0.29411764705882354,3.0,0.4525,4,0.38235294117647056
g3_253888_25388810,g3,253888,25388810,3,21.0,20,21,2.0,False,1.0,False,3.0,False,19.0,False,21,21,21,0.42857142857142855,0.0,0.47619047619047616,3.0,0.3775,4,0.4444444444444444
g3_253888_25388811,g3,253888,25388811,2,20.0,19,20,2.0,False,1.0,False,2.0,False,7.0,False,20,20,20,0.5,0.0,0.35,3.0,0.3775,4,0.4444444444444444
g3_257899_25789916,g3,257899,25789916,2,21.0,20,21,2.0,False,1.0,False,2.0,False,15.0,False,21,21,21,0.47619047619047616,0.047619047619047616,0.47619047619047616,3.0,0.3375,4,0.4444444444444444
g3_257899_25789917,g3,257899,25789917,3,21.0,19,21,2.0,False,1.0,False,2.0,False,10.0,False,21,21,21,0.42857142857142855,0.0,0.5238095238095238,3.0,0.3375,4,0.4444444444444444
g3_257899_25789918,g3,257899,25789918,2,22.0,20,22,2.0,False,1.0,False,2.0,False,22.0,False,22,22,22,0.36363636363636365,0.0,0.36363636363636365,3.0,0.3375,4,0.4444444444444444
g3_257905_25790522,g3,257905,25790522,2,24.0,18,24,2.0,False,1.0,False,3.0,False,16.0,False,24,24,0,0.4583333333333333,0.041666666666666664,0.4666666666666667,4.0,0.3275,4,0.3877551020408163
g3_257905_25790523,g3,257905,25790523,3,24.0,24,24,1.0,False,1.0,False,3.0,False,16.0,False,24,24,24,0.4583333333333333,0.0,0.2916666666666667,4.0,0.3275,4,0.3877551020408163
g3_257905_25790525,g3,257905,25790525,1,16.0,16,16,2.0,False,1.0,False,2.0,False,9.0,False,16,16,16,0.5,0.0,0.4375,4.0,0.3275,4,0.3877551020408163
g3_257905_25790526,g3,257905,25790526,1,16.0,16,16,2.0,False,1.0,False,2.0,False,8.0,False,16,16,16,0.5625,0.0,0.5,4.0,0.3275,4,0.3877551020408163
g3_257905_25790527,g3,257905,25790527,2,25.0,22,25,2.0,False,1.0,False,2.0,False,7.0,False,25,25,1,0.64,0.04,1.0,4.0,0.3275,4,0.3877551020408163
g3_257905_25790528,g3,257905,25790528,3,25.0,24,25,2.0,False,1.0,False,3.0,False,38.0,False,25,25,25,0.52,0.04,0.36,4.0,0.3275,4,0.3877551020408163
g3_259915_25991513,g3,259915,25991513,2,25.0,24,25,2.0,False,1.0,False,2.0,False,1.0,False,25,25,25,0.44,0.0,0.52,3.0,0.4725,4,0.4567901234567901
g3_259915_25991514,g3,259915,25991514,3,25.0,23,25,2.0,False,1.0,False,2.0,False,0.0,False,25,25,25,0.48,0.0,0.48,3.0,0.4725,4,0.4567901234567901
g3_261927_26192714,g3,261927,26192714,3,19.0,17,19,2.0,False,1.0,False,2.0,False,7.0,False,19,19,19,0.5789473684210527,0.0,0.15789473684210525,3.0,0.24,4,0.16216216216216217
g3_261927_26192715,g3,261927,26192715,2,20.0,20,20,2.0,False,1.0,False,2.0,False,19.0,False,20,20,20,0.6,0.0,0.15,3.0,0.24,4,0.16216216216216217
g3_261927_26192716,g3,261927,26192716,1,18.0,16,18,2.0,False,1.0,False,2.0,False,22.0,False,18,18,18,0.5555555555555556,0.0,0.05555555555555555,3.0,0.24,4,0.16216216216216217
g3_261927_26192717,g3,261927,26192717,1,17.0,16,17,2.0,False,1.0,False,5.0,False,13.0,False,17,17,17,0.47058823529411764,0.0,0.29411764705882354,3.0,0.24,4,0.16216216216216217
g3_262937_26293714,g3,262937,26293714,3,26.0,24,26,2.0,False,1.0,False,3.0,False,21.0,False,26,26,26,0.5,0.038461538461538464,0.0,2.0,0.0325,4,0.0
g3_262937_26293715,g3,262937,26293715,1,19.0,16,19,1.0,False,1.0,False,3.0,False,13.0,False,19,17,19,0.3684210526315789,0.0,0.0,2.0,0.0325,4,0.0
g3_262937_26293716,g3,262937,26293716,2,26.0,25,26,2.0,False,1.0,False,3.0,False,20.0,False,26,26,26,0.5,0.0,0.0,2.0,0.0325,4,0.0
g3_262937_26293717,g3,262937,26293717,1,18.0,17,18,2.0,False,1.0,False,2.0,False,5.0,False,18,17,18,0.2777777777777778,0.0,0.0,2.0,0.0325,4,0.0
g3_262937_26293718,g3,262937,26293718,2,25.0,23,25,2.0,False,1.0,False,3.0,False,19.0,False,25,23,25,0.48,0.043478260869565216,0.0,2.0,0.0325,4,0.0
g3_264945_26494517,g3,264945,26494517,3,28.0,25,28,2.0,False,1.0,False,3.0,False,16.0,False,28,28,28,0.2857142857142857,0.10714285714285714,0.03571428571428571,2.0,0.0225,4,0.05442176870748299
g3_264945_26494519,g3,264945,26494519,1,18.0,16,18,2.0,False,1.0,False,2.0,False,19.0,False,18,18,18,0.6111111111111112,0.0,0.0,2.0,0.0225,4,0.05442176870748299
g3_264945_26494520,g3,264945,26494520,2,28.0,23,28,2.0,False,1.0,False,2.0,False,22.0,False,28,28,28,0.2857142857142857,0.0,0.10714285714285714,2.0,0.0225,4,0.05442176870748299
g3_264945_26494521,g3,264945,26494521,2,28.0,26,28,2.0,False,1.0,False,2.0,False,11.0,False,28,28,28,0.42857142857142855,0.03571428571428571,0.07142857142857142,2.0,0.0225,4,0.05442176870748299
g3_264945_26494522,g3,264945,26494522,3,28.0,23,28,2.0,False,1.0,False,2.0,False,8.0,False,28,28,28,0.32142857142857145,0.10714285714285714,0.03571428571428571,2.0,0.0225,4,0.05442176870748299
gk_112038_11203801,gk,112038,11203801,1,16.0,15,16,2.0,False,1.0,False,3.0,False,12.0,False,16,16,16,0.5,0.4375,0.6875,4.0,0.705,4,0.7407407407407407
gk_112038_11203802,gk,112038,11203802,2,19.0,18,19,2.0,False,1.0,False,3.0,False,6.0,False,19,19,19,0.21052631578947367,0.47368421052631576,0.7894736842105263,4.0,0.705,4,0.7407407407407407
gk_112038_11203803,gk,112038,11203803,3,19.0,19,19,2.0,False,1.0,False,2.0,False,17.0,False,19,19,19,0.3684210526315789,0.3684210526315789,0.7368421052631579,4.0,0.705,4,0.7407407407407407
gk_123056_12305601,gk,123056,12305601,3,23.0,19,23,2.0,False,1.0,False,2.0,False,4.0,False,23,23,23,0.391304347826087,0.0,0.5217391304347826,3.0,0.3075,4,0.4375
gk_123056_12305602,gk,123056,12305602,1,17.0,15,17,2.0,False,1.0,False,3.0,False,6.0,False,17,17,17,0.4117647058823529,0.0,0.4117647058823529,3.0,0.3075,4,0.4375
gk_123056_12305603,gk,123056,12305603,2,24.0,19,24,2.0,False,1.0,False,2.0,False,16.0,False,24,24,24,0.5,0.0,0.375,3.0,0.3075,4,0.4375
gk_128068_12806802,gk,128068,12806802,2,18.0,18,18,2.0,False,1.0,False,2.0,False,1.0,False,18,18,18,0.5,0.0,0.6666666666666666,3.0,0.4,1,0.5555555555555556
gk_128068_12806803,gk,128068,12806803,3,23.0,23,23,2.0,False,1.0,False,2.0,False,11.0,False,23,23,23,0.5217391304347826,0.0,0.391304347826087,3.0,0.4,1,0.5555555555555556
gk_128076_12807602,gk,128076,12807602,2,23.0,22,23,2.0,False,1.0,False,2.0,False,8.0,False,23,23,23,0.4782608695652174,0.0,0.13043478260869565,2.0,0.1825,4,0.16666666666666666
gk_128076_12807603,gk,128076,12807603,3,24.0,23,24,2.0,False,1.0,False,2.0,False,7.0,False,24,24,24,0.2916666666666667,0.041666666666666664,0.20833333333333334,2.0,0.1825,4,0.16666666666666666
gk_128079_12807901,gk,128079,12807901,2,24.0,23,24,2.0,False,1.0,False,2.0,False,8.0,False,24,24,24,0.5,0.08333333333333333,0.625,3.0,0.3525,4,0.4426229508196721
gk_128079_12807902,gk,128079,12807902,3,21.0,21,21,2.0,False,1.0,False,2.0,False,8.0,False,21,21,21,0.5714285714285714,0.0,0.2857142857142857,3.0,0.3525,4,0.4426229508196721
gk_128079_12807903,gk,128079,12807903,1,16.0,15,16,2.0,False,1.0,False,2.0,False,8.0,False,16,16,16,0.4375,0.0625,0.375,3.0,0.3525,4,0.4426229508196721
gk_130085_13008501,gk,130085,13008501,2,20.0,20,20,2.0,False,1.0,False,3.0,False,22.0,False,20,20,20,0.55,0.0,0.15,2.0,0.21,4,0.1388888888888889
gk_130085_13008503,gk,130085,13008503,3,22.0,22,22,2.0,False,1.0,False,3.0,False,8.0,False,22,22,22,0.5454545454545454,0.0,0.045454545454545456,2.0,0.21,4,0.1388888888888889
gk_130085_13008504,gk,130085,13008504,1,17.0,17,17,2.0,False,1.0,False,2.0,False,11.0,False,17,17,17,0.29411764705882354,0.058823529411764705,0.17647058823529413,2.0,0.21,4,0.1388888888888889
gk_159171_15917101,gk,159171,15917101,3,27.0,25,27,2.0,False,1.0,False,2.0,False,10.0,False,27,27,27,0.5185185185185185,0.37037037037037035,0.6296296296296297,3.0,0.495,4,0.5283018867924528
gk_159171_15917102,gk,159171,15917102,1,16.0,16,16,2.0,False,1.0,False,3.0,False,8.0,False,16,16,16,0.5625,0.375,0.625,3.0,0.495,4,0.5283018867924528
gk_159171_15917103,gk,159171,15917103,2,24.0,19,24,2.0,False,1.0,False,2.0,False,10.0,False,24,24,24,0.375,0.16666666666666666,0.4166666666666667,3.0,0.495,4,0.5283018867924528
gk_159171_15917104,gk,159171,15917104,1,17.0,16,17,2.0,False,1.0,False,2.0,False,6.0,False,17,17,17,0.35294117647058826,0.17647058823529413,0.4117647058823529,3.0,0.495,4,0.5283018867924528
gk_159171_15917105,gk,159171,15917105,2,22.0,21,22,2.0,False,1.0,False,3.0,False,16.0,False,22,22,22,0.45454545454545453,0.18181818181818182,0.5454545454545454,3.0,0.495,4,0.5283018867924528
gk_161176_16117602,gk,161176,16117602,3,24.0,24,24,2.0,False,1.0,False,2.0,False,2.0,False,24,24,23,0.375,0.0,0.391304347826087,3.0,0.4,4,0.3670886075949367
gk_161176_16117603,gk,161176,16117603,2,24.0,24,24,2.0,False,1.0,False,2.0,False,6.0,False,24,24,24,0.375,0.0,0.3333333333333333,3.0,0.4,4,0.3670886075949367
gk_161176_16117604,gk,161176,16117604,1,17.0,17,17,2.0,False,1.0,False,2.0,False,6.0,False,17,17,17,0.29411764705882354,0.0,0.35294117647058826,3.0,0.4,4,0.3670886075949367
gk_161183_16118301,gk,161183,16118301,2,22.0,22,22,2.0,False,1.0,False,3.0,False,12.0,False,22,22,22,0.5909090909090909,0.0,0.5454545454545454,3.0,0.5825,4,0.6153846153846154
gk_161183_16118302,gk,161183,16118302,3,23.0,22,23,2.0,False,1.0,False,3.0,False,10.0,False,23,23,23,0.43478260869565216,0.043478260869565216,0.6521739130434783,3.0,0.5825,4,0.6153846153846154
gk_161183_16118304,gk,161183,16118304,3,21.0,20,21,2.0,False,1.0,False,3.0,False,10.0,False,21,21,21,0.42857142857142855,0.0,0.7619047619047619,3.0,0.5825,4,0.6153846153846154
gk_161183_16118305,gk,161183,16118305,2,23.0,20,23,2.0,False,1.0,False,2.0,False,8.0,False,23,23,23,0.4782608695652174,0.0,0.5652173913043478,3.0,0.5825,4,0.6153846153846154
gk_162184_16218401,gk,162184,16218401,2,20.0,19,20,2.0,False,1.0,False,2.0,False,4.0,False,20,20,20,0.65,0.0,0.75,3.0,0.635,4,0.7142857142857143
gk_162184_16218402,gk,162184,16218402,3,19.0,17,19,2.0,False,1.0,False,3.0,False,5.0,False,19,19,19,0.5263157894736842,0.0,0.7368421052631579,3.0,0.635,4,0.7142857142857143
gk_164198_16419801,gk,164198,16419801,3,21.0,21,21,2.0,False,1.0,False,3.0,False,13.0,False,21,21,21,0.5238095238095238,0.0,0.2857142857142857,3.0,0.365,4,0.2909090909090909
gk_164198_16419803,gk,164198,16419803,2,21.0,20,21,2.0,False,1.0,False,3.0,False,4.0,False,21,21,21,0.42857142857142855,0.09523809523809523,0.23809523809523808,3.0,0.365,4,0.2909090909090909
gk_165199_16519902,gk,165199,16519902,2,19.0,18,19,2.0,False,1.0,False,2.0,False,3.0,False,19,19,19,0.5789473684210527,0.0,0.10526315789473684,4.0,0.2,4,0.18518518518518517
gk_165199_16519903,gk,165199,16519903,3,22.0,21,22,2.0,False,1.0,False,3.0,False,12.0,False,22,22,22,0.5909090909090909,0.13636363636363635,0.2727272727272727,4.0,0.2,4,0.18518518518518517
gk_166203_16620302,gk,166203,16620302,2,25.0,21,25,2.0,False,1.0,False,4.0,False,13.0,False,25,25,25,0.4,0.08,0.68,4.0,0.6025,4,0.5584415584415584
gk_166203_16620303,gk,166203,16620303,3,21.0,19,21,2.0,False,1.0,False,2.0,False,5.0,False,21,21,21,0.6190476190476191,0.09523809523809523,0.7142857142857143,4.0,0.6025,4,0.5584415584415584
gk_168211_16821101,gk,168211,16821101,2,24.0,21,24,2.0,False,1.0,False,2.0,False,10.0,False,24,24,24,0.5,0.041666666666666664,0.5,3.0,0.5675,4,0.5631067961165048
gk_168211_16821102,gk,168211,16821102,3,23.0,22,23,2.0,False,1.0,False,2.0,False,27.0,False,23,23,23,0.43478260869565216,0.0,0.43478260869565216,3.0,0.5675,4,0.5631067961165048
gk_168211_16821104,gk,168211,16821104,1,16.0,15,16,2.0,False,1.0,False,2.0,False,8.0,False,16,16,16,0.5625,0.0,0.5,3.0,0.5675,4,0.5631067961165048
gk_168211_16821105,gk,168211,16821105,3,24.0,23,24,2.0,False,1.0,False,2.0,False,14.0,False,24,24,24,0.5833333333333334,0.0,0.7083333333333334,3.0,0.5675,4,0.5631067961165048
gk_168214_16821402,gk,168214,16821402,3,23.0,23,23,2.0,False,1.0,False,3.0,False,6.0,False,23,23,23,0.5652173913043478,0.0,0.13043478260869565,3.0,0.2825,4,0.2711864406779661
gk_168214_16821403,gk,168214,16821403,2,22.0,19,22,2.0,False,1.0,False,2.0,False,16.0,False,22,22,22,0.6363636363636364,0.0,0.36363636363636365,3.0,0.2825,4,0.2711864406779661
gk_169219_16921902,gk,169219,16921902,2,20.0,20,20,2.0,False,1.0,False,3.0,False,12.0,False,20,20,20,0.7,0.05,0.05,2.0,0.185,4,0.05454545454545454
gk_169219_16921903,gk,169219,16921903,3,22.0,19,22,2.0,False,1.0,False,2.0,False,18.0,False,22,22,22,0.6363636363636364,0.0,0.0,2.0,0.185,4,0.05454545454545454
gk_169229_16922901,gk,169229,16922901,1,17.0,17,17,2.0,False,1.0,False,3.0,False,15.0,False,17,17,17,0.47058823529411764,0.11764705882352941,0.11764705882352941,2.0,0.28,4,0.13793103448275862
gk_169229_16922902,gk,169229,16922902,2,25.0,23,25,2.0,False,1.0,False,2.0,False,11.0,False,25,25,25,0.44,0.04,0.16,2.0,0.28,4,0.13793103448275862
gk_169229_16922903,gk,169229,16922903,2,22.0,20,22,2.0,False,1.0,False,4.0,False,13.0,False,22,22,22,0.45454545454545453,0.09090909090909091,0.18181818181818182,2.0,0.28,4,0.13793103448275862
gk_169229_16922904,gk,169229,16922904,3,24.0,21,24,2.0,False,2.0,False,2.0,False,5.0,False,24,24,24,0.4166666666666667,0.16666666666666666,0.125,2.0,0.28,4,0.13793103448275862
gk_169229_16922905,gk,169229,16922905,1,16.0,15,16,2.0,False,2.0,False,2.0,False,10.0,False,16,16,16,0.5,0.25,0.0625,2.0,0.28,4,0.13793103448275862
gk_169229_16922906,gk,169229,16922906,1,17.0,17,17,2.0,False,2.0,False,2.0,False,16.0,False,17,17,17,0.47058823529411764,0.11764705882352941,0.058823529411764705,2.0,0.28,4,0.13793103448275862
gk_169229_16922907,gk,169229,16922907,3,25.0,25,25,2.0,False,1.0,False,4.0,False,12.0,False,25,25,24,0.4,0.12,0.20833333333333334,2.0,0.28,4,0.13793103448275862
gk_169231_16923101,gk,169231,16923101,3,22.0,19,22,2.0,False,1.0,False,2.0,False,9.0,False,22,22,22,0.6818181818181818,0.36363636363636365,0.6818181818181818,1.0,0.63,4,0.5666666666666667
gk_169231_16923102,gk,169231,16923102,1,15.0,15,15,2.0,False,1.0,False,2.0,False,9.0,False,15,15,15,0.4,0.4,0.6,1.0,0.63,4,0.5666666666666667
gk_169231_16923103,gk,169231,16923103,2,23.0,19,23,2.0,False,2.0,False,3.0,False,3.0,False,23,23,23,0.5217391304347826,0.43478260869565216,0.43478260869565216,1.0,0.63,4,0.5666666666666667
gk_169280_16928002,gk,169280,16928002,2,21.0,19,21,2.0,False,1.0,False,3.0,False,13.0,False,21,21,21,0.5714285714285714,0.14285714285714285,0.19047619047619047,2.0,0.25,4,0.13793103448275862
gk_169280_16928003,gk,169280,16928003,3,22.0,20,22,2.0,False,1.0,False,2.0,False,7.0,False,22,22,22,0.4090909090909091,0.09090909090909091,0.045454545454545456,2.0,0.25,4,0.13793103448275862
gk_170295_17029501,gk,170295,17029501,2,22.0,19,22,2.0,False,1.0,False,2.0,False,19.0,False,22,22,22,0.6363636363636364,0.0,0.3181818181818182,3.0,0.4975,4,0.4583333333333333
gk_170295_17029502,gk,170295,17029502,3,22.0,21,22,2.0,False,1.0,False,2.0,False,14.0,False,22,22,22,0.45454545454545453,0.045454545454545456,0.5,3.0,0.4975,4,0.4583333333333333
gk_173312_17331202,gk,173312,17331202,2,22.0,20,22,2.0,False,1.0,False,3.0,False,11.0,False,22,22,22,0.45454545454545453,0.13636363636363635,0.5,3.0,0.355,4,0.3275862068965517
gk_173312_17331203,gk,173312,17331203,3,22.0,22,22,2.0,False,1.0,False,2.0,False,13.0,False,22,22,22,0.4090909090909091,0.18181818181818182,0.18181818181818182,3.0,0.355,4,0.3275862068965517
gk_176329_17632901,gk,176329,17632901,2,22.0,20,22,2.0,False,1.0,False,2.0,False,2.0,False,22,22,22,0.7272727272727273,0.0,0.8636363636363636,3.0,0.69,4,0.7887323943661971
gk_176329_17632904,gk,176329,17632904,3,23.0,22,23,2.0,False,1.0,False,3.0,False,21.0,False,23,23,23,0.5217391304347826,0.0,0.782608695652174,3.0,0.69,4,0.7887323943661971
gk_180344_18034401,gk,180344,18034401,2,25.0,22,25,2.0,False,1.0,False,2.0,False,5.0,False,25,25,25,0.48,0.32,0.28,4.0,0.41,2,0.37962962962962965
gk_180344_18034402,gk,180344,18034402,3,24.0,17,24,2.0,False,1.0,False,2.0,False,0.0,False,24,24,24,0.3333333333333333,0.2916666666666667,0.4166666666666667,4.0,0.41,2,0.37962962962962965
gk_180344_18034403,gk,180344,18034403,3,27.0,25,27,2.0,False,1.0,False,2.0,False,11.0,False,27,27,27,0.5185185185185185,0.25925925925925924,0.48148148148148145,4.0,0.41,2,0.37962962962962965
gk_180344_18034405,gk,180344,18034405,1,16.0,15,16,2.0,False,1.0,False,2.0,False,1.0,False,16,16,16,0.625,0.3125,0.5,4.0,0.41,2,0.37962962962962965
gk_189378_18937801,gk,189378,18937801,2,19.0,19,19,2.0,False,1.0,False,3.0,False,17.0,False,19,19,19,0.631578947368421,0.05263157894736842,0.05263157894736842,3.0,0.305,4,0.2608695652173913
gk_189378_18937802,gk,189378,18937802,1,15.0,15,15,2.0,False,1.0,False,2.0,False,2.0,False,15,15,15,0.5333333333333333,0.0,0.4,3.0,0.305,4,0.2608695652173913
gk_189378_18937803,gk,189378,18937803,3,20.0,20,20,2.0,False,1.0,False,3.0,False,5.0,False,20,20,20,0.3,0.0,0.3,3.0,0.305,4,0.2608695652173913
gk_189378_18937804,gk,189378,18937804,1,15.0,15,15,2.0,False,1.0,False,2.0,False,12.0,False,15,15,15,0.7333333333333333,0.0,0.3333333333333333,3.0,0.305,4,0.2608695652173913
gk_189382_18938202,gk,189382,18938202,2,23.0,21,23,2.0,False,1.0,False,2.0,False,15.0,False,23,23,23,0.5652173913043478,0.0,0.043478260869565216,2.0,0.0525,4,0.10810810810810811
gk_189382_18938203,gk,189382,18938203,3,24.0,22,24,2.0,False,1.0,False,3.0,False,14.0,False,24,24,24,0.4166666666666667,0.0,0.16666666666666666,2.0,0.0525,4,0.10810810810810811
gk_189396_18939602,gk,189396,18939602,2,24.0,24,24,2.0,False,1.0,False,2.0,False,4.0,False,24,24,24,0.4583333333333333,0.125,0.4583333333333333,3.0,0.39,4,0.4393939393939394
gk_189396_18939603,gk,189396,18939603,3,25.0,23,25,2.0,False,1.0,False,2.0,False,12.0,False,25,25,25,0.48,0.08,0.56,3.0,0.39,4,0.4393939393939394
gk_191411_19141102,gk,191411,19141102,3,19.0,17,19,2.0,False,1.0,False,3.0,False,8.0,False,19,19,19,0.3684210526315789,0.0,0.8421052631578947,3.0,0.86,4,0.6530612244897959
gk_191411_19141103,gk,191411,19141103,2,17.0,16,17,2.0,False,1.0,False,3.0,False,13.0,False,17,17,17,0.5294117647058824,0.0,0.7647058823529411,3.0,0.86,4,0.6530612244897959
gk_193422_19342201,gk,193422,19342201,3,20.0,20,20,2.0,False,1.0,False,2.0,False,9.0,False,20,20,20,0.65,0.1,0.4,3.0,0.39,4,0.39655172413793105
gk_193422_19342202,gk,193422,19342202,1,16.0,16,16,2.0,False,1.0,False,2.0,False,8.0,False,16,16,16,0.3125,0.125,0.375,3.0,0.39,4,0.39655172413793105
gk_193422_19342203,gk,193422,19342203,2,22.0,22,22,2.0,False,1.0,False,2.0,False,11.0,False,22,22,22,0.36363636363636365,0.09090909090909091,0.4090909090909091,3.0,0.39,4,0.39655172413793105
gk_193423_19342302,gk,193423,19342302,1,16.0,15,16,2.0,False,1.0,False,2.0,False,12.0,False,16,16,16,0.625,0.0625,0.4375,3.0,0.4725,4,0.5128205128205128
gk_193423_19342303,gk,193423,19342303,3,22.0,21,22,2.0,False,1.0,False,3.0,False,12.0,False,22,22,22,0.7272727272727273,0.09090909090909091,0.4090909090909091,3.0,0.4725,4,0.5128205128205128
gk_193423_19342304,gk,193423,19342304,2,24.0,23,24,2.0,False,1.0,False,3.0,False,13.0,False,24,24,23,0.375,0.041666666666666664,0.6086956521739131,3.0,0.4725,4,0.5128205128205128
gk_201449_20144902,gk,201449,20144902,3,22.0,22,22,2.0,False,1.0,False,4.0,False,12.0,False,22,22,22,0.4090909090909091,0.22727272727272727,0.36363636363636365,3.0,0.3275,4,0.3217391304347826
gk_201449_20144903,gk,201449,20144903,2,22.0,22,22,2.0,False,1.0,False,3.0,False,6.0,False,22,22,22,0.5454545454545454,0.18181818181818182,0.4090909090909091,3.0,0.3275,4,0.3217391304347826
gk_201449_20144904,gk,201449,20144904,3,21.0,20,21,2.0,False,1.0,False,3.0,False,7.0,False,21,21,21,0.47619047619047616,0.047619047619047616,0.19047619047619047,3.0,0.3275,4,0.3217391304347826
gk_201449_20144905,gk,201449,20144905,2,21.0,19,21,2.0,False,1.0,False,2.0,False,10.0,False,21,21,21,0.2857142857142857,0.047619047619047616,0.38095238095238093,3.0,0.3275,4,0.3217391304347826
gk_201449_20144906,gk,201449,20144906,1,15.0,15,15,2.0,False,1.0,False,2.0,False,7.0,False,15,15,15,0.6666666666666666,0.13333333333333333,0.3333333333333333,3.0,0.3275,4,0.3217391304347826
gk_203452_20345201,gk,203452,20345201,1,17.0,16,17,2.0,False,1.0,False,2.0,False,19.0,False,17,17,16,0.47058823529411764,0.058823529411764705,0.5625,3.0,0.3625,4,0.4
gk_203452_20345202,gk,203452,20345202,2,21.0,21,21,2.0,False,1.0,False,2.0,False,11.0,False,21,21,21,0.6190476190476191,0.047619047619047616,0.38095238095238093,3.0,0.3625,4,0.4
gk_203452_20345203,gk,203452,20345203,1,16.0,15,16,2.0,False,1.0,False,2.0,False,19.0,False,16,16,16,0.5625,0.0,0.3125,3.0,0.3625,4,0.4
gk_203452_20345204,gk,203452,20345204,3,23.0,22,23,2.0,False,1.0,False,2.0,False,5.0,False,23,23,23,0.30434782608695654,0.0,0.391304347826087,3.0,0.3625,4,0.4
gk_203452_20345205,gk,203452,20345205,2,19.0,18,19,2.0,False,1.0,False,2.0,False,20.0,False,19,19,19,0.5263157894736842,0.0,0.3684210526315789,3.0,0.3625,4,0.4
gk_203457_20345701,gk,203457,20345701,2,16.0,15,16,2.0,False,1.0,False,3.0,False,12.0,False,16,16,16,0.6875,0.0625,0.3125,3.0,0.415,4,0.3191489361702128
gk_203457_20345702,gk,203457,20345702,3,19.0,17,19,2.0,False,1.0,False,3.0,False,9.0,False,19,19,19,0.42105263157894735,0.05263157894736842,0.2631578947368421,3.0,0.415,4,0.3191489361702128
gk_205488_20548801,gk,205488,20548801,3,23.0,19,23,2.0,False,1.0,False,2.0,False,0.0,False,23,23,23,0.391304347826087,0.08695652173913043,0.17391304347826086,2.0,0.265,4,0.203125
gk_205488_20548802,gk,205488,20548802,2,24.0,23,24,2.0,False,1.0,False,2.0,False,12.0,False,24,24,24,0.375,0.041666666666666664,0.20833333333333334,2.0,0.265,4,0.203125
gk_205489_20548901,gk,205489,20548901,1,17.0,16,17,2.0,False,1.0,False,2.0,False,0.0,False,17,17,17,0.23529411764705882,0.058823529411764705,0.11764705882352941,2.0,0.15,1,0.1
gk_205489_20548902,gk,205489,20548902,2,23.0,19,23,2.0,False,1.0,False,2.0,False,14.0,False,23,23,23,0.4782608695652174,0.043478260869565216,0.08695652173913043,2.0,0.15,1,0.1
gk_205489_20548903,gk,205489,20548903,3,24.0,23,24,2.0,False,1.0,False,2.0,False,3.0,False,24,24,24,0.375,0.125,0.041666666666666664,2.0,0.15,1,0.1
gk_205490_20549002,gk,205490,20549002,3,24.0,23,24,2.0,False,1.0,False,2.0,False,11.0,False,24,24,24,0.20833333333333334,1.0,0.9166666666666666,1.0,0.965,4,0.9523809523809523
gk_205490_20549003,gk,205490,20549003,2,24.0,23,24,2.0,False,1.0,False,2.0,False,12.0,False,24,24,24,0.2916666666666667,1.0,0.9583333333333334,1.0,0.965,4,0.9523809523809523
gk_205491_20549103,gk,205491,20549103,2,22.0,21,22,2.0,False,1.0,False,2.0,False,3.0,False,22,22,22,0.5454545454545454,0.0,0.045454545454545456,2.0,0.085,4,0.0945945945945946
gk_205491_20549104,gk,205491,20549104,3,23.0,23,23,2.0,False,1.0,False,2.0,False,17.0,False,23,23,23,0.5652173913043478,0.0,0.043478260869565216,2.0,0.085,4,0.0945945945945946
gk_205492_20549201,gk,205492,20549201,3,23.0,22,23,2.0,False,1.0,False,2.0,False,0.0,False,23,23,23,0.391304347826087,0.782608695652174,0.8260869565217391,2.0,0.905,4,0.8481012658227848
gk_205492_20549202,gk,205492,20549202,1,16.0,15,16,2.0,False,1.0,False,2.0,False,3.0,False,16,16,16,0.6875,0.8125,0.9375,2.0,0.905,4,0.8481012658227848
gk_205492_20549203,gk,205492,20549203,2,23.0,22,23,2.0,False,1.0,False,3.0,False,24.0,False,23,23,23,0.4782608695652174,0.9130434782608695,0.8695652173913043,2.0,0.905,4,0.8481012658227848
gk_205492_20549204,gk,205492,20549204,1,17.0,16,17,2.0,False,1.0,False,2.0,False,3.0,False,17,17,17,0.5294117647058824,0.7647058823529411,0.7647058823529411,2.0,0.905,4,0.8481012658227848
gk_208501_20850101,gk,208501,20850101,2,22.0,18,22,2.0,False,1.0,False,2.0,False,13.0,False,22,22,22,0.4090909090909091,0.0,0.13636363636363635,3.0,0.2625,4,0.3472222222222222
gk_208501_20850102,gk,208501,20850102,3,22.0,20,22,2.0,False,1.0,False,3.0,False,12.0,False,22,22,22,0.3181818181818182,0.0,0.3181818181818182,3.0,0.2625,4,0.3472222222222222
gk_208503_20850301,gk,208503,20850301,2,24.0,23,24,2.0,False,1.0,False,3.0,False,8.0,False,24,24,24,0.3333333333333333,0.0,0.3333333333333333,3.0,0.41,4,0.32786885245901637
gk_208503_20850303,gk,208503,20850303,3,23.0,22,23,2.0,False,1.0,False,3.0,False,3.0,False,23,23,23,0.6086956521739131,0.0,0.30434782608695654,3.0,0.41,4,0.32786885245901637
gk_209510_20951001,gk,209510,20951001,2,21.0,21,21,2.0,False,2.0,False,3.0,False,8.0,False,21,21,21,0.47619047619047616,0.0,0.23809523809523808,3.0,0.45,4,0.2765957446808511
gk_209510_20951002,gk,209510,20951002,3,24.0,24,24,2.0,False,1.0,False,2.0,False,3.0,False,24,24,24,0.5,0.0,0.25,3.0,0.45,4,0.2765957446808511
gk_209510_20951003,gk,209510,20951003,3,22.0,17,22,2.0,False,1.0,False,2.0,False,13.0,False,22,22,22,0.36363636363636365,0.045454545454545456,0.3181818181818182,3.0,0.45,4,0.2765957446808511
gk_212522_21252201,gk,212522,21252201,3,21.0,21,21,2.0,False,1.0,True,2.0,True,9.0,True,21,21,21,0.6190476190476191,0.0,0.5238095238095238,4.0,0.505,4,0.5274725274725275
gk_212522_21252202,gk,212522,21252202,3,23.0,22,23,2.0,False,1.0,False,2.0,False,13.0,False,23,23,23,0.5652173913043478,0.0,0.6086956521739131,4.0,0.505,4,0.5274725274725275
gk_212522_21252205,gk,212522,21252205,2,22.0,21,22,2.0,False,1.0,False,3.0,False,4.0,False,22,22,22,0.5909090909090909,0.045454545454545456,0.4090909090909091,4.0,0.505,4,0.5274725274725275
gk_215533_21553301,gk,215533,21553301,3,24.0,22,24,2.0,False,1.0,False,2.0,False,3.0,False,24,24,23,0.5,0.08333333333333333,0.43478260869565216,3.0,0.3475,4,0.3951612903225806
gk_215533_21553302,gk,215533,21553302,2,24.0,22,24,2.0,False,1.0,False,3.0,False,15.0,False,24,24,24,0.4166666666666667,0.2916666666666667,0.4166666666666667,3.0,0.3475,4,0.3951612903225806
gk_215533_21553304,gk,215533,21553304,3,23.0,21,23,2.0,False,1.0,False,2.0,False,9.0,False,23,23,23,0.43478260869565216,0.13043478260869565,0.34782608695652173,3.0,0.3475,4,0.3951612903225806
gk_215533_21553305,gk,215533,21553305,1,17.0,17,17,2.0,False,1.0,False,2.0,False,4.0,False,17,17,17,0.35294117647058826,0.0,0.35294117647058826,3.0,0.3475,4,0.3951612903225806
gk_215533_21553306,gk,215533,21553306,2,23.0,22,23,2.0,False,1.0,False,2.0,False,0.0,False,23,23,23,0.5217391304347826,0.08695652173913043,0.43478260869565216,3.0,0.3475,4,0.3951612903225806
gk_216536_21653601,gk,216536,21653601,2,24.0,22,24,2.0,False,1.0,False,2.0,False,2.0,False,24,24,23,0.5416666666666666,0.0,0.34782608695652173,3.0,0.25,1,0.26732673267326734
gk_216536_21653602,gk,216536,21653602,3,23.0,22,23,2.0,False,1.0,False,3.0,False,13.0,False,23,23,23,0.4782608695652174,0.0,0.17391304347826086,3.0,0.25,1,0.26732673267326734
gk_216536_21653603,gk,216536,21653603,1,17.0,17,17,2.0,False,1.0,False,3.0,False,8.0,False,17,17,16,0.29411764705882354,0.0,0.4375,3.0,0.25,1,0.26732673267326734
gk_216536_21653604,gk,216536,21653604,1,17.0,16,17,2.0,False,1.0,False,2.0,False,22.0,False,17,17,17,0.5882352941176471,0.0,0.17647058823529413,3.0,0.25,1,0.26732673267326734
gk_216536_21653605,gk,216536,21653605,2,22.0,22,22,2.0,False,1.0,False,2.0,False,1.0,False,22,22,22,0.36363636363636365,0.0,0.22727272727272727,3.0,0.25,1,0.26732673267326734
gk_218562_21856202,gk,218562,21856202,3,17.0,15,17,2.0,False,1.0,False,3.0,False,8.0,False,17,17,17,0.5294117647058824,0.058823529411764705,0.23529411764705882,4.0,0.4075,4,0.2833333333333333
gk_218562_21856204,gk,218562,21856204,2,17.0,17,17,2.0,False,1.0,False,2.0,False,0.0,False,17,17,17,0.5294117647058824,0.11764705882352941,0.17647058823529413,4.0,0.4075,4,0.2833333333333333
gk_221571_22157101,gk,221571,22157101,2,21.0,21,21,2.0,False,2.0,False,2.0,False,3.0,False,21,21,21,0.38095238095238093,0.23809523809523808,0.3333333333333333,3.0,0.415,4,0.3979591836734694
gk_221571_22157103,gk,221571,22157103,2,23.0,23,23,2.0,False,1.0,False,3.0,False,13.0,False,23,23,23,0.5217391304347826,0.43478260869565216,0.4782608695652174,3.0,0.415,4,0.3979591836734694
gk_221571_22157104,gk,221571,22157104,1,16.0,16,16,2.0,False,1.0,False,2.0,False,21.0,False,16,16,16,0.5625,0.3125,0.4375,3.0,0.415,4,0.3979591836734694
gk_221571_22157105,gk,221571,22157105,3,23.0,22,23,2.0,False,1.0,False,2.0,False,7.0,False,23,23,23,0.30434782608695654,0.2608695652173913,0.30434782608695654,3.0,0.415,4,0.3979591836734694
gk_221574_22157402,gk,221574,22157402,3,20.0,19,20,2.0,False,1.0,False,3.0,False,8.0,False,20,20,20,0.5,0.05,0.2,3.0,0.26,4,0.203125
gk_221574_22157404,gk,221574,22157404,2,19.0,18,19,2.0,False,1.0,False,2.0,False,2.0,False,19,19,19,0.2631578947368421,0.15789473684210525,0.2631578947368421,3.0,0.26,4,0.203125
gk_225585_22558501,gk,225585,22558501,2,23.0,21,23,2.0,False,1.0,False,3.0,False,13.0,False,23,23,23,0.30434782608695654,0.043478260869565216,0.2608695652173913,3.0,0.265,4,0.27848101265822783
gk_225585_22558503,gk,225585,22558503,2,22.0,22,22,2.0,False,1.0,True,2.0,False,13.0,False,22,22,22,0.45454545454545453,0.045454545454545456,0.13636363636363635,3.0,0.265,4,0.27848101265822783
gk_225585_22558504,gk,225585,22558504,3,21.0,20,21,2.0,False,1.0,False,3.0,False,13.0,False,21,21,21,0.6190476190476191,0.0,0.38095238095238093,3.0,0.265,4,0.27848101265822783
gk_228606_22860601,gk,228606,22860601,3,25.0,24,25,2.0,False,1.0,False,3.0,False,8.0,False,25,25,25,0.52,0.28,0.36,3.0,0.28,4,0.37037037037037035
gk_228606_22860602,gk,228606,22860602,2,24.0,22,24,2.0,False,1.0,False,2.0,False,13.0,False,24,24,24,0.5,0.08333333333333333,0.375,3.0,0.28,4,0.37037037037037035
gk_228606_22860604,gk,228606,22860604,1,16.0,15,16,2.0,False,1.0,False,2.0,False,14.0,False,16,16,16,0.625,0.125,0.3125,3.0,0.28,4,0.37037037037037035
gk_230612_23061201,gk,230612,23061201,3,22.0,20,22,2.0,False,1.0,False,2.0,False,6.0,False,22,22,22,0.4090909090909091,0.045454545454545456,0.4090909090909091,3.0,0.505,4,0.4262295081967213
gk_230612_23061202,gk,230612,23061202,1,16.0,15,16,2.0,False,1.0,False,2.0,False,4.0,False,16,16,16,0.5625,0.0625,0.5625,3.0,0.505,4,0.4262295081967213
gk_230612_23061203,gk,230612,23061203,2,23.0,23,23,2.0,False,1.0,False,3.0,False,6.0,False,23,23,23,0.5217391304347826,0.0,0.34782608695652173,3.0,0.505,4,0.4262295081967213
gk_231616_23161601,gk,231616,23161601,3,23.0,22,23,2.0,False,1.0,False,2.0,False,12.0,False,23,23,23,0.43478260869565216,0.0,0.5652173913043478,3.0,0.5625,4,0.6724137931034483
gk_231616_23161603,gk,231616,23161603,2,21.0,20,21,2.0,False,1.0,False,2.0,False,20.0,False,21,21,21,0.47619047619047616,0.0,0.7619047619047619,3.0,0.5625,4,0.6724137931034483
gk_234628_23462802,gk,234628,23462802,3,24.0,22,24,2.0,False,1.0,False,3.0,False,20.0,False,24,24,24,0.5833333333333334,0.0,0.3333333333333333,3.0,0.38,4,0.37
gk_234628_23462803,gk,234628,23462803,3,23.0,22,23,2.0,False,1.0,False,3.0,False,9.0,False,23,23,23,0.4782608695652174,0.08695652173913043,0.5217391304347826,3.0,0.38,4,0.37
gk_234628_23462804,gk,234628,23462804,1,16.0,15,16,2.0,False,1.0,False,5.0,False,10.0,False,16,16,16,0.625,0.125,0.4375,3.0,0.38,4,0.37
gk_234628_23462805,gk,234628,23462805,2,22.0,22,22,2.0,False,1.0,False,2.0,False,8.0,False,22,22,22,0.5,0.045454545454545456,0.22727272727272727,3.0,0.38,4,0.37
gk_244697_24469701,gk,244697,24469701,2,26.0,25,26,2.0,False,1.0,False,3.0,False,6.0,False,26,26,26,0.46153846153846156,1.0,0.9615384615384616,1.0,0.9225,4,0.972972972972973
gk_244697_24469702,gk,244697,24469702,1,16.0,15,16,2.0,False,1.0,False,2.0,False,1.0,False,16,16,16,0.5,1.0,1.0,1.0,0.9225,4,0.972972972972973
gk_244697_24469703,gk,244697,24469703,3,27.0,23,27,2.0,False,1.0,False,3.0,False,5.0,False,27,27,27,0.5555555555555556,1.0,1.0,1.0,0.9225,4,0.972972972972973
gk_244697_24469704,gk,244697,24469704,3,27.0,27,27,2.0,False,1.0,False,3.0,False,22.0,False,27,27,27,0.5185185185185185,1.0,1.0,1.0,0.9225,4,0.972972972972973
gk_244708_24470801,gk,244708,24470801,1,16.0,16,16,2.0,False,1.0,False,2.0,False,14.0,False,16,16,16,0.4375,1.0,1.0,1.0,0.9475,4,0.9747899159663865
gk_244708_24470803,gk,244708,24470803,2,22.0,20,22,2.0,False,1.0,False,2.0,False,2.0,False,22,22,22,0.5454545454545454,1.0,1.0,1.0,0.9475,4,0.9747899159663865
gk_244708_24470804,gk,244708,24470804,2,21.0,17,21,2.0,False,2.0,False,2.0,False,3.0,False,21,21,20,0.42857142857142855,1.0,1.0,1.0,0.9475,4,0.9747899159663865
gk_244708_24470805,gk,244708,24470805,3,24.0,22,24,2.0,False,1.0,False,2.0,False,2.0,False,24,24,24,0.5416666666666666,1.0,0.9166666666666666,1.0,0.9475,4,0.9747899159663865
gk_244708_24470806,gk,244708,24470806,3,22.0,21,22,2.0,False,1.0,False,2.0,False,0.0,False,22,22,22,0.5,1.0,1.0,1.0,0.9475,4,0.9747899159663865
gk_244723_24472301,gk,244723,24472301,3,25.0,24,25,2.0,False,1.0,False,3.0,False,17.0,False,25,25,25,0.48,1.0,1.0,1.0,0.9625,4,0.9818181818181818
gk_244723_24472302,gk,244723,24472302,1,17.0,17,17,2.0,False,2.0,False,2.0,False,2.0,False,17,17,17,0.47058823529411764,1.0,1.0,1.0,0.9625,4,0.9818181818181818
gk_244723_24472303,gk,244723,24472303,1,17.0,16,17,2.0,False,2.0,False,2.0,False,1.0,False,17,17,17,0.6470588235294118,1.0,1.0,1.0,0.9625,4,0.9818181818181818
gk_244723_24472304,gk,244723,24472304,3,26.0,24,26,2.0,False,1.0,False,2.0,False,6.0,False,26,26,25,0.34615384615384615,1.0,0.92,1.0,0.9625,4,0.9818181818181818
gk_244723_24472305,gk,244723,24472305,2,26.0,25,26,2.0,False,1.0,False,4.0,False,8.0,False,26,26,26,0.34615384615384615,1.0,1.0,1.0,0.9625,4,0.9818181818181818
gk_244727_24472701,gk,244727,24472701,1,17.0,17,17,2.0,False,1.0,False,2.0,False,21.0,False,17,17,17,0.6470588235294118,1.0,0.47058823529411764,2.0,0.315,4,0.4875
gk_244727_24472702,gk,244727,24472702,2,21.0,20,21,2.0,False,1.0,False,2.0,False,4.0,False,21,21,21,0.5238095238095238,1.0,0.6666666666666666,2.0,0.315,4,0.4875
gk_244727_24472703,gk,244727,24472703,3,21.0,21,21,2.0,False,2.0,False,2.0,False,12.0,False,21,21,21,0.47619047619047616,1.0,0.38095238095238093,2.0,0.315,4,0.4875
gk_244727_24472704,gk,244727,24472704,3,21.0,20,21,2.0,False,2.0,False,2.0,False,1.0,False,21,21,21,0.6190476190476191,1.0,0.42857142857142855,2.0,0.315,4,0.4875
gk_244728_24472801,gk,244728,24472801,1,17.0,15,17,2.0,False,1.0,False,2.0,False,1.0,False,17,17,17,0.35294117647058826,1.0,0.7647058823529411,1.0,0.9075,4,0.8333333333333334
gk_244728_24472802,gk,244728,24472802,3,20.0,18,20,2.0,False,2.0,False,2.0,False,6.0,False,20,20,20,0.5,1.0,0.9,1.0,0.9075,4,0.8333333333333334
gk_244728_24472803,gk,244728,24472803,2,17.0,17,17,2.0,False,2.0,False,3.0,False,15.0,False,17,17,17,0.8235294117647058,1.0,0.8235294117647058,1.0,0.9075,4,0.8333333333333334
gk_244736_24473601,gk,244736,24473601,3,19.0,18,19,2.0,False,1.0,False,2.0,False,11.0,False,19,19,19,0.6842105263157895,1.0,1.0,1.0,0.9425,4,1.0
gk_244736_24473602,gk,244736,24473602,2,21.0,19,21,2.0,False,1.0,False,2.0,False,0.0,False,21,21,21,0.42857142857142855,1.0,1.0,1.0,0.9425,4,1.0
gk_244745_24474501,gk,244745,24474501,3,27.0,20,27,2.0,False,2.0,False,2.0,False,5.0,False,27,27,24,0.3333333333333333,0.6296296296296297,0.625,2.0,0.5525,4,0.5393258426966292
gk_244745_24474503,gk,244745,24474503,2,23.0,21,23,2.0,False,2.0,False,2.0,False,1.0,False,23,23,22,0.4782608695652174,0.34782608695652173,0.5909090909090909,2.0,0.5525,4,0.5393258426966292
gk_244745_24474504,gk,244745,24474504,3,28.0,21,28,2.0,False,2.0,False,3.0,False,15.0,False,28,28,28,0.5714285714285714,0.42857142857142855,0.6071428571428571,2.0,0.5525,4,0.5393258426966292
gk_244746_24474601,gk,244746,24474601,3,19.0,18,19,2.0,False,1.0,False,3.0,False,17.0,False,19,19,19,0.2631578947368421,1.0,0.9473684210526315,1.0,0.8825,4,0.9285714285714286
gk_244746_24474602,gk,244746,24474602,2,21.0,19,21,2.0,False,1.0,False,2.0,False,5.0,False,21,20,21,0.5238095238095238,1.0,0.9523809523809523,1.0,0.8825,4,0.9285714285714286
gk_244746_24474603,gk,244746,24474603,1,16.0,16,16,2.0,False,1.0,False,2.0,False,5.0,False,16,16,16,0.625,1.0,0.875,1.0,0.8825,4,0.9285714285714286
gk_244755_24475501,gk,244755,24475501,2,22.0,21,22,2.0,False,1.0,False,2.0,False,11.0,False,22,22,22,0.6818181818181818,1.0,0.9090909090909091,1.0,0.915,4,0.9051094890510949
gk_244755_24475502,gk,244755,24475502,3,20.0,20,20,2.0,False,1.0,False,2.0,False,7.0,False,20,20,20,0.6,1.0,0.95,1.0,0.915,4,0.9051094890510949
gk_244755_24475504,gk,244755,24475504,2,20.0,20,20,2.0,False,2.0,False,2.0,False,1.0,False,20,20,20,0.3,1.0,0.95,1.0,0.915,4,0.9051094890510949
gk_244755_24475505,gk,244755,24475505,2,22.0,21,22,2.0,False,2.0,False,2.0,False,24.0,False,22,22,22,0.5454545454545454,1.0,0.9090909090909091,1.0,0.915,4,0.9051094890510949
gk_244755_24475506,gk,244755,24475506,3,22.0,21,22,2.0,False,2.0,False,2.0,False,16.0,False,22,22,22,0.5454545454545454,1.0,0.9545454545454546,1.0,0.915,4,0.9051094890510949
gk_244764_24476401,gk,244764,24476401,3,21.0,21,21,2.0,False,2.0,False,2.0,False,1.0,False,21,21,21,0.5238095238095238,1.0,0.9047619047619048,1.0,0.9125,4,0.8823529411764706
gk_244774_24477401,gk,244774,24477401,3,22.0,20,22,2.0,False,1.0,False,2.0,False,0.0,False,22,22,22,0.45454545454545453,1.0,0.9545454545454546,1.0,0.925,4,0.9532710280373832
gk_244774_24477402,gk,244774,24477402,1,16.0,16,16,2.0,False,2.0,False,2.0,False,6.0,False,16,16,16,0.5625,1.0,0.9375,1.0,0.925,4,0.9532710280373832
gk_244774_24477403,gk,244774,24477403,3,26.0,23,26,2.0,False,1.0,False,2.0,False,1.0,False,26,26,26,0.38461538461538464,1.0,1.0,1.0,0.925,4,0.9532710280373832
gk_244774_24477404,gk,244774,24477404,1,17.0,17,17,2.0,False,1.0,False,2.0,False,2.0,False,17,17,17,0.6470588235294118,1.0,0.9411764705882353,1.0,0.925,4,0.9532710280373832
gk_244774_24477405,gk,244774,24477405,2,26.0,23,26,2.0,False,2.0,False,2.0,False,6.0,False,26,26,26,0.2692307692307692,1.0,0.9230769230769231,1.0,0.925,4,0.9532710280373832
gk_244776_24477603,gk,244776,24477603,3,22.0,18,22,2.0,False,2.0,False,2.0,False,5.0,False,22,22,22,0.36363636363636365,1.0,0.9090909090909091,1.0,0.85,4,0.8627450980392157
gk_244776_24477604,gk,244776,24477604,2,24.0,18,24,2.0,False,2.0,False,2.0,False,9.0,False,24,24,24,0.5833333333333334,1.0,0.8333333333333334,1.0,0.85,4,0.8627450980392157
gk_244776_24477606,gk,244776,24477606,3,23.0,19,23,2.0,False,2.0,False,3.0,False,10.0,False,23,23,23,0.43478260869565216,1.0,1.0,1.0,0.85,4,0.8627450980392157
gk_244776_24477607,gk,244776,24477607,2,23.0,20,23,2.0,False,1.0,False,3.0,False,7.0,False,23,23,23,0.4782608695652174,1.0,1.0,1.0,0.85,4,0.8627450980392157
gk_244776_24477608,gk,244776,24477608,1,17.0,15,17,2.0,False,2.0,False,2.0,False,3.0,False,17,17,17,0.5294117647058824,1.0,0.8823529411764706,1.0,0.85,4,0.8627450980392157
gk_244780_24478001,gk,244780,24478001,3,23.0,22,23,2.0,False,1.0,False,3.0,False,24.0,False,23,23,23,0.6086956521739131,1.0,0.9565217391304348,1.0,0.915,4,0.873015873015873
gk_244780_24478002,gk,244780,24478002,2,23.0,22,23,2.0,False,2.0,False,2.0,False,10.0,False,23,23,23,0.5217391304347826,1.0,0.8695652173913043,1.0,0.915,4,0.873015873015873
gk_244780_24478003,gk,244780,24478003,1,17.0,15,17,2.0,False,1.0,False,2.0,False,2.0,False,17,17,17,0.4117647058823529,1.0,0.7647058823529411,1.0,0.915,4,0.873015873015873
gk_244796_24479602,gk,244796,24479602,2,19.0,17,19,2.0,False,2.0,False,3.0,False,11.0,False,19,19,19,0.47368421052631576,1.0,0.8947368421052632,1.0,0.8175,4,0.8983050847457628
gk_244796_24479604,gk,244796,24479604,3,15.0,15,15,2.0,False,2.0,False,2.0,False,3.0,False,15,15,15,0.6666666666666666,1.0,1.0,1.0,0.8175,4,0.8983050847457628
gk_244799_24479901,gk,244799,24479901,3,18.0,17,18,2.0,False,1.0,False,3.0,False,10.0,False,18,18,18,0.5555555555555556,1.0,0.3888888888888889,2.0,0.345,4,0.43283582089552236
gk_244799_24479904,gk,244799,24479904,2,21.0,19,21,2.0,False,1.0,False,2.0,False,6.0,False,21,21,21,0.6190476190476191,1.0,0.5238095238095238,2.0,0.345,4,0.43283582089552236
gk_244801_24480101,gk,244801,24480101,2,24.0,21,24,2.0,False,1.0,False,2.0,False,0.0,False,24,23,22,0.5,0.30434782608695654,0.18181818181818182,2.0,0.405,4,0.2597402597402597
gk_244801_24480102,gk,244801,24480102,1,15.0,15,15,2.0,False,1.0,False,2.0,False,5.0,False,15,15,15,0.4666666666666667,0.26666666666666666,0.3333333333333333,2.0,0.405,4,0.2597402597402597
gk_244801_24480103,gk,244801,24480103,3,24.0,21,24,2.0,False,2.0,False,2.0,False,8.0,False,24,24,24,0.4583333333333333,0.4166666666666667,0.3333333333333333,2.0,0.405,4,0.2597402597402597
gk_244801_24480104,gk,244801,24480104,1,16.0,15,16,2.0,False,1.0,False,3.0,False,20.0,False,16,16,16,0.5,0.5,0.1875,2.0,0.405,4,0.2597402597402597
gk_244806_24480602,gk,244806,24480602,3,25.0,21,25,2.0,False,2.0,False,2.0,False,20.0,False,25,25,24,0.56,1.0,0.7916666666666666,1.0,0.87,4,0.8516129032258064
gk_244806_24480603,gk,244806,24480603,2,26.0,24,26,2.0,False,2.0,False,2.0,False,0.0,False,26,26,26,0.5384615384615384,1.0,0.8076923076923077,1.0,0.87,4,0.8516129032258064
gk_244806_24480604,gk,244806,24480604,2,27.0,24,27,2.0,False,2.0,False,2.0,False,12.0,False,27,27,27,0.5185185185185185,1.0,0.9629629629629629,1.0,0.87,4,0.8516129032258064
gk_244806_24480605,gk,244806,24480605,2,25.0,22,25,2.0,False,2.0,False,2.0,False,6.0,False,25,25,25,0.56,1.0,0.88,1.0,0.87,4,0.8516129032258064
gk_244806_24480606,gk,244806,24480606,3,25.0,21,25,2.0,False,2.0,False,2.0,False,10.0,False,25,25,25,0.76,1.0,0.76,1.0,0.87,4,0.8516129032258064
gk_244818_24481801,gk,244818,24481801,2,24.0,21,24,2.0,False,2.0,False,2.0,False,10.0,False,24,24,24,0.4166666666666667,0.75,0.7916666666666666,1.0,0.4,1,0.5862068965517241
gk_244818_24481803,gk,244818,24481803,3,22.0,22,22,2.0,False,1.0,False,3.0,False,11.0,False,22,22,22,0.5909090909090909,0.7272727272727273,0.5909090909090909,1.0,0.4,1,0.5862068965517241
gk_244818_24481804,gk,244818,24481804,2,25.0,23,25,2.0,False,2.0,False,2.0,False,9.0,False,25,25,25,0.44,0.72,0.28,1.0,0.4,1,0.5862068965517241
gk_244831_24483101,gk,244831,24483101,1,17.0,17,17,2.0,False,2.0,False,2.0,False,12.0,False,17,17,17,0.4117647058823529,0.47058823529411764,0.7647058823529411,2.0,0.43,4,0.696969696969697
gk_244831_24483102,gk,244831,24483102,2,22.0,20,22,2.0,False,2.0,False,2.0,False,18.0,False,22,22,22,0.5909090909090909,0.45454545454545453,0.5909090909090909,2.0,0.43,4,0.696969696969697
gk_244831_24483103,gk,244831,24483103,3,27.0,21,27,2.0,False,1.0,False,2.0,False,2.0,False,27,27,27,0.5185185185185185,0.4444444444444444,0.7407407407407407,2.0,0.43,4,0.696969696969697
gk_244839_24483901,gk,244839,24483901,2,21.0,19,21,2.0,False,1.0,False,2.0,False,1.0,False,21,21,21,0.5238095238095238,0.8095238095238095,0.47619047619047616,2.0,0.4175,4,0.3877551020408163
gk_244839_24483902,gk,244839,24483902,3,23.0,22,23,2.0,False,2.0,False,2.0,False,21.0,False,23,23,23,0.4782608695652174,0.9130434782608695,0.4782608695652174,2.0,0.4175,4,0.3877551020408163
gk_244839_24483903,gk,244839,24483903,2,23.0,19,23,2.0,False,2.0,False,2.0,False,20.0,False,23,23,23,0.6956521739130435,0.9130434782608695,0.21739130434782608,2.0,0.4175,4,0.3877551020408163
gk_252885_25288502,gk,252885,25288502,2,20.0,19,20,2.0,False,1.0,False,3.0,False,10.0,False,20,20,20,0.55,0.2,0.25,3.0,0.4525,4,0.28378378378378377
gk_252885_25288503,gk,252885,25288503,2,20.0,15,20,2.0,False,1.0,False,2.0,False,5.0,False,20,20,20,0.4,0.2,0.25,3.0,0.4525,4,0.28378378378378377
gk_252885_25288504,gk,252885,25288504,3,20.0,19,20,2.0,False,1.0,False,2.0,False,9.0,False,20,20,20,0.4,0.15,0.35,3.0,0.4525,4,0.28378378378378377
gk_253888_25388801,gk,253888,25388801,3,18.0,17,18,2.0,False,1.0,False,2.0,False,13.0,False,18,18,18,0.2777777777777778,0.0,0.3333333333333333,3.0,0.3775,4,0.3958333333333333
gk_257899_25789901,gk,257899,25789901,2,25.0,24,25,2.0,False,1.0,False,3.0,False,13.0,False,25,25,25,0.6,0.0,0.32,3.0,0.3375,4,0.37142857142857144
gk_257899_25789902,gk,257899,25789902,1,17.0,17,17,2.0,False,1.0,False,3.0,False,13.0,False,17,17,17,0.4117647058823529,0.0,0.29411764705882354,3.0,0.3375,4,0.37142857142857144
gk_257899_25789903,gk,257899,25789903,1,16.0,15,16,2.0,False,1.0,False,2.0,False,8.0,False,16,16,16,0.75,0.0,0.125,3.0,0.3375,4,0.37142857142857144
gk_257899_25789904,gk,257899,25789904,2,24.0,23,24,2.0,False,1.0,False,3.0,False,12.0,False,24,24,24,0.5416666666666666,0.0,0.5416666666666666,3.0,0.3375,4,0.37142857142857144
gk_257899_25789905,gk,257899,25789905,3,23.0,21,23,2.0,False,1.0,False,3.0,False,12.0,False,23,23,23,0.4782608695652174,0.0,0.4782608695652174,3.0,0.3375,4,0.37142857142857144
gk_257905_25790504,gk,257905,25790504,2,21.0,20,21,2.0,False,1.0,False,2.0,False,5.0,False,21,21,20,0.42857142857142855,0.047619047619047616,0.2,4.0,0.3275,4,0.3114754098360656
gk_257905_25790505,gk,257905,25790505,3,21.0,20,21,2.0,False,1.0,False,2.0,False,14.0,False,21,21,21,0.47619047619047616,0.047619047619047616,0.2857142857142857,4.0,0.3275,4,0.3114754098360656
gk_257905_25790506,gk,257905,25790506,2,22.0,21,22,2.0,False,1.0,False,2.0,False,8.0,False,22,22,22,0.5,0.0,0.22727272727272727,4.0,0.3275,4,0.3114754098360656
gk_257905_25790507,gk,257905,25790507,3,21.0,21,21,2.0,False,1.0,False,2.0,False,11.0,False,21,21,21,0.47619047619047616,0.047619047619047616,0.42857142857142855,4.0,0.3275,4,0.3114754098360656
gk_259915_25991502,gk,259915,25991502,3,26.0,23,26,2.0,False,1.0,False,2.0,False,15.0,False,26,26,24,0.5769230769230769,0.0,0.2916666666666667,3.0,0.4725,4,0.3225806451612903
gk_259915_25991503,gk,259915,25991503,2,24.0,21,24,2.0,False,1.0,False,3.0,False,5.0,False,24,24,24,0.4166666666666667,0.0,0.3333333333333333,3.0,0.4725,4,0.3225806451612903
gk_261927_26192701,gk,261927,26192701,3,22.0,21,22,2.0,False,1.0,False,3.0,False,11.0,False,22,22,22,0.4090909090909091,0.0,0.09090909090909091,3.0,0.24,4,0.1411764705882353
gk_261927_26192702,gk,261927,26192702,2,24.0,24,24,2.0,False,1.0,False,3.0,False,13.0,False,24,24,24,0.5833333333333334,0.0,0.125,3.0,0.24,4,0.1411764705882353
gk_261927_26192703,gk,261927,26192703,1,16.0,16,16,2.0,False,1.0,False,2.0,False,3.0,False,16,16,16,0.5,0.0,0.1875,3.0,0.24,4,0.1411764705882353
gk_261927_26192704,gk,261927,26192704,2,23.0,21,23,2.0,False,1.0,False,3.0,False,11.0,False,23,23,23,0.5217391304347826,0.0,0.17391304347826086,3.0,0.24,4,0.1411764705882353
gk_262937_26293701,gk,262937,26293701,3,22.0,22,22,2.0,False,1.0,False,2.0,False,16.0,False,22,22,22,0.6363636363636364,0.09090909090909091,0.045454545454545456,2.0,0.0325,4,0.014705882352941176
gk_262937_26293702,gk,262937,26293702,2,19.0,19,19,2.0,False,1.0,False,3.0,False,15.0,False,19,19,19,0.5263157894736842,0.0,0.0,2.0,0.0325,4,0.014705882352941176
gk_264945_26494501,gk,264945,26494501,3,22.0,22,22,2.0,False,1.0,False,2.0,False,17.0,False,22,22,22,0.36363636363636365,0.09090909090909091,0.045454545454545456,2.0,0.0225,4,0.020202020202020204
gk_264945_26494502,gk,264945,26494502,3,24.0,24,24,2.0,False,1.0,False,2.0,False,3.0,False,24,24,24,0.5416666666666666,0.041666666666666664,0.041666666666666664,2.0,0.0225,4,0.020202020202020204
gk_264945_26494503,gk,264945,26494503,2,23.0,20,23,2.0,False,1.0,False,2.0,False,3.0,False,23,23,23,0.34782608695652173,0.08695652173913043,0.0,2.0,0.0225,4,0.020202020202020204
gk_264945_26494504,gk,264945,26494504,1,15.0,15,15,2.0,False,1.0,False,2.0,False,5.0,False,15,15,15,0.3333333333333333,0.0,0.0,2.0,0.0225,4,0.020202020202020204
gk_264945_26494505,gk,264945,26494505,1,15.0,15,15,2.0,False,1.0,False,3.0,False,8.0,False,15,15,15,0.5333333333333333,0.0,0.0,2.0,0.0225,4,0.020202020202020204
