grid,dgp,n_train,n_grid,n_particles,method,metric,comparison,native_target_id,common_target_id,n_pairs,native_mean,common_mean,paired_delta,paired_mc_se,p_value
wcf_sensitivity_v1_align,SYM-ALIGN,500,25,10,causal_drf,reference_tcate_rmse,REF-TCATE native vs COMMON199,REF-TCATE-K,REF-TCATE-COMMON199,10,0.07444941027054726,0.07430139546127126,0.00014801480927599948,6.278036768246738e-05,0.01839049061606208
wcf_sensitivity_v1_align,SYM-ALIGN,500,25,10,causal_drf,reference_tcate_rmse,REF-TCATE native vs INTERIOR,REF-TCATE-K,REF-TCATE-INTERIOR,10,0.07444941027054726,0.07682583424015577,-0.0023764239696085127,0.0004113205826766999,7.57975839848418e-09
wcf_sensitivity_v1_align,SYM-ALIGN,500,25,10,causal_drf,kernel_law_error,LAW-A native vs COMMON199,LAW-A-K,LAW-A-COMMON199,10,0.06394219197949196,0.07349164664075715,-0.009549454661265187,0.0001052401781563954,0.0
wcf_sensitivity_v1_align,SYM-ALIGN,500,25,10,cwdb_dr,reference_tcate_rmse,REF-TCATE native vs COMMON199,REF-TCATE-K,REF-TCATE-COMMON199,10,0.04123230487745067,0.04121301828987476,1.9286587575912534e-05,0.00010429524421339886,0.8532894447780743
wcf_sensitivity_v1_align,SYM-ALIGN,500,25,10,cwdb_dr,reference_tcate_rmse,REF-TCATE native vs INTERIOR,REF-TCATE-K,REF-TCATE-INTERIOR,10,0.04123230487745067,0.042670277600130334,-0.0014379727226796716,0.0002876352173456074,5.754091467581578e-07
wcf_sensitivity_v1_align,SYM-ALIGN,500,25,10,cwdb_dr,kernel_law_error,LAW-A native vs COMMON199,LAW-A-K,LAW-A-COMMON199,10,0.02681727735788938,0.03702859276106049,-0.010211315403171115,9.889002592196153e-05,0.0
wcf_sensitivity_v1_align,SYM-ALIGN,500,25,10,drf,reference_tcate_rmse,REF-TCATE native vs COMMON199,REF-TCATE-K,REF-TCATE-COMMON199,10,0.059124357041113906,0.05902413782721465,0.00010021921389923895,6.579610546439467e-05,0.1277140509732067
wcf_sensitivity_v1_align,SYM-ALIGN,500,25,10,drf,reference_tcate_rmse,REF-TCATE native vs INTERIOR,REF-TCATE-K,REF-TCATE-INTERIOR,10,0.059124357041113906,0.061052901985231625,-0.0019285449441177195,0.00037564703772974067,2.8375628848255385e-07
wcf_sensitivity_v1_align,SYM-ALIGN,500,25,10,drf,kernel_law_error,LAW-A native vs COMMON199,LAW-A-K,LAW-A-COMMON199,10,0.0763782557554009,0.08577937803044064,-0.00940112227503975,0.00010752953014375662,0.0
wcf_sensitivity_v1_align,SYM-ALIGN,1000,25,10,causal_drf,reference_tcate_rmse,REF-TCATE native vs COMMON199,REF-TCATE-K,REF-TCATE-COMMON199,10,0.06363283487587101,0.06358999502336862,4.2839852502386115e-05,4.838155544754544e-05,0.3759094709792141
wcf_sensitivity_v1_align,SYM-ALIGN,1000,25,10,causal_drf,reference_tcate_rmse,REF-TCATE native vs INTERIOR,REF-TCATE-K,REF-TCATE-INTERIOR,10,0.06363283487587101,0.06600168956758365,-0.0023688546917126365,0.0002851860337688841,9.869178182962829e-17
wcf_sensitivity_v1_align,SYM-ALIGN,1000,25,10,causal_drf,kernel_law_error,LAW-A native vs COMMON199,LAW-A-K,LAW-A-COMMON199,10,0.04820892859458815,0.057911100548195774,-0.009702171953607633,0.00011080056325506666,0.0
wcf_sensitivity_v1_align,SYM-ALIGN,1000,25,10,cwdb_dr,reference_tcate_rmse,REF-TCATE native vs COMMON199,REF-TCATE-K,REF-TCATE-COMMON199,10,0.034821064333364,0.034654114367041994,0.00016694996632200774,6.10273778312659e-05,0.006225590225542549
wcf_sensitivity_v1_align,SYM-ALIGN,1000,25,10,cwdb_dr,reference_tcate_rmse,REF-TCATE native vs INTERIOR,REF-TCATE-K,REF-TCATE-INTERIOR,10,0.034821064333364,0.03592429137882518,-0.0011032270454611839,0.0003417651481133052,0.0012464731091948377
wcf_sensitivity_v1_align,SYM-ALIGN,1000,25,10,cwdb_dr,kernel_law_error,LAW-A native vs COMMON199,LAW-A-K,LAW-A-COMMON199,10,0.022390849389820305,0.032553622666037604,-0.010162773276217302,0.00011370203056093263,0.0
wcf_sensitivity_v1_align,SYM-ALIGN,1000,25,10,drf,reference_tcate_rmse,REF-TCATE native vs COMMON199,REF-TCATE-K,REF-TCATE-COMMON199,10,0.05600605573741183,0.055942008757193705,6.404698021813607e-05,4.19092956066215e-05,0.12645581351829344
wcf_sensitivity_v1_align,SYM-ALIGN,1000,25,10,drf,reference_tcate_rmse,REF-TCATE native vs INTERIOR,REF-TCATE-K,REF-TCATE-INTERIOR,10,0.05600605573741183,0.05814174922619332,-0.0021356934887814863,0.0002496447794046787,1.179407869970593e-17
wcf_sensitivity_v1_align,SYM-ALIGN,1000,25,10,drf,kernel_law_error,LAW-A native vs COMMON199,LAW-A-K,LAW-A-COMMON199,10,0.058357019210501127,0.06794397205722472,-0.009586952846723585,0.00011401281568895435,0.0
wcf_sensitivity_v1_align,SYM-IRREL,500,25,10,causal_drf,reference_tcate_rmse,REF-TCATE native vs COMMON199,REF-TCATE-K,REF-TCATE-COMMON199,10,0.05184550350745509,0.051734489641665826,0.00011101386578927681,4.9313574991073885e-05,0.02437396957892627
wcf_sensitivity_v1_align,SYM-IRREL,500,25,10,causal_drf,reference_tcate_rmse,REF-TCATE native vs INTERIOR,REF-TCATE-K,REF-TCATE-INTERIOR,10,0.05184550350745509,0.05379378706217416,-0.0019482835547190564,0.0003910377332975649,6.281941843783392e-07
wcf_sensitivity_v1_align,SYM-IRREL,500,25,10,causal_drf,kernel_law_error,LAW-A native vs COMMON199,LAW-A-K,LAW-A-COMMON199,10,0.062420478769591205,0.07192466918502949,-0.00950419041543828,0.00011751711117268075,0.0
wcf_sensitivity_v1_align,SYM-IRREL,500,25,10,cwdb_dr,reference_tcate_rmse,REF-TCATE native vs COMMON199,REF-TCATE-K,REF-TCATE-COMMON199,10,0.03710051492197961,0.03699484604128911,0.00010566888069049458,9.357767003139238e-05,0.2588090763529398
wcf_sensitivity_v1_align,SYM-IRREL,500,25,10,cwdb_dr,reference_tcate_rmse,REF-TCATE native vs INTERIOR,REF-TCATE-K,REF-TCATE-INTERIOR,10,0.03710051492197961,0.03903814379283209,-0.001937628870852481,0.00026831191339167103,5.139694572590346e-13
wcf_sensitivity_v1_align,SYM-IRREL,500,25,10,cwdb_dr,kernel_law_error,LAW-A native vs COMMON199,LAW-A-K,LAW-A-COMMON199,10,0.028504751605416007,0.03876320246688983,-0.010258450861473815,0.00010787983994275078,0.0
wcf_sensitivity_v1_align,SYM-IRREL,500,25,10,drf,reference_tcate_rmse,REF-TCATE native vs COMMON199,REF-TCATE-K,REF-TCATE-COMMON199,10,0.04531243594522392,0.045194291632608116,0.0001181443126158005,5.3500365779435366e-05,0.027224077167589854
wcf_sensitivity_v1_align,SYM-IRREL,500,25,10,drf,reference_tcate_rmse,REF-TCATE native vs INTERIOR,REF-TCATE-K,REF-TCATE-INTERIOR,10,0.04531243594522392,0.047032211038078434,-0.0017197750928545212,0.00030325061456101544,1.4185477917614627e-08
wcf_sensitivity_v1_align,SYM-IRREL,500,25,10,drf,kernel_law_error,LAW-A native vs COMMON199,LAW-A-K,LAW-A-COMMON199,10,0.06711101280100859,0.07657503082268166,-0.00946401802167305,0.00010957045078442693,0.0
wcf_sensitivity_v1_align,SYM-IRREL,1000,25,10,causal_drf,reference_tcate_rmse,REF-TCATE native vs COMMON199,REF-TCATE-K,REF-TCATE-COMMON199,10,0.032430936262109716,0.032273077947116535,0.00015785831499318912,4.444333111769339e-05,0.00038245864005755136
wcf_sensitivity_v1_align,SYM-IRREL,1000,25,10,causal_drf,reference_tcate_rmse,REF-TCATE native vs INTERIOR,REF-TCATE-K,REF-TCATE-INTERIOR,10,0.032430936262109716,0.03332813419917188,-0.0008971979370621674,0.00021168079217581464,2.2507073965138654e-05
wcf_sensitivity_v1_align,SYM-IRREL,1000,25,10,causal_drf,kernel_law_error,LAW-A native vs COMMON199,LAW-A-K,LAW-A-COMMON199,10,0.051840153358296656,0.06146482196811014,-0.009624668609813482,0.00010987540361382154,0.0
wcf_sensitivity_v1_align,SYM-IRREL,1000,25,10,cwdb_dr,reference_tcate_rmse,REF-TCATE native vs COMMON199,REF-TCATE-K,REF-TCATE-COMMON199,10,0.03563073892903791,0.03560613365502732,2.460527401059072e-05,4.957667945321407e-05,0.619677530034997
wcf_sensitivity_v1_align,SYM-IRREL,1000,25,10,cwdb_dr,reference_tcate_rmse,REF-TCATE native vs INTERIOR,REF-TCATE-K,REF-TCATE-INTERIOR,10,0.03563073892903791,0.03683276938075246,-0.0012020304517145462,0.00017104730913106972,2.1030656186430093e-12
wcf_sensitivity_v1_align,SYM-IRREL,1000,25,10,cwdb_dr,kernel_law_error,LAW-A native vs COMMON199,LAW-A-K,LAW-A-COMMON199,10,0.02282076193606277,0.03292992955845405,-0.010109167622391283,0.00010955914361233855,0.0
wcf_sensitivity_v1_align,SYM-IRREL,1000,25,10,drf,reference_tcate_rmse,REF-TCATE native vs COMMON199,REF-TCATE-K,REF-TCATE-COMMON199,10,0.02847152151590947,0.028353005237528518,0.00011851627838095017,4.5327951695186424e-05,0.008932152995700071
wcf_sensitivity_v1_align,SYM-IRREL,1000,25,10,drf,reference_tcate_rmse,REF-TCATE native vs INTERIOR,REF-TCATE-K,REF-TCATE-INTERIOR,10,0.02847152151590947,0.029326994116249915,-0.0008554726003404481,0.00023784949032519935,0.00032228325428600206
wcf_sensitivity_v1_align,SYM-IRREL,1000,25,10,drf,kernel_law_error,LAW-A native vs COMMON199,LAW-A-K,LAW-A-COMMON199,10,0.05033451283260992,0.059978171887715793,-0.009643659055105867,0.00010407161398083243,0.0
wcf_sensitivity_v1_align_null,SYM-ALIGN-NULL,500,25,10,causal_drf,reference_tcate_rmse,REF-TCATE native vs COMMON199,REF-TCATE-K,REF-TCATE-COMMON199,10,0.07077345478766772,0.07054789212562915,0.00022556266203854687,7.261279753823466e-05,0.0018939563072850893
wcf_sensitivity_v1_align_null,SYM-ALIGN-NULL,500,25,10,causal_drf,reference_tcate_rmse,REF-TCATE native vs INTERIOR,REF-TCATE-K,REF-TCATE-INTERIOR,10,0.07077345478766772,0.07363025420129428,-0.0028567994136265477,0.00028406127447627694,8.558082653263827e-24
wcf_sensitivity_v1_align_null,SYM-ALIGN-NULL,500,25,10,causal_drf,kernel_law_error,LAW-A native vs COMMON199,LAW-A-K,LAW-A-COMMON199,10,0.07100001015957624,0.08051015647628021,-0.00951014631670398,9.838950581059589e-05,0.0
wcf_sensitivity_v1_align_null,SYM-ALIGN-NULL,500,25,10,cwdb_dr,reference_tcate_rmse,REF-TCATE native vs COMMON199,REF-TCATE-K,REF-TCATE-COMMON199,10,0.044532586071383794,0.044379474674067276,0.0001531113973165188,0.00011993008898883908,0.20171803907591745
wcf_sensitivity_v1_align_null,SYM-ALIGN-NULL,500,25,10,cwdb_dr,reference_tcate_rmse,REF-TCATE native vs INTERIOR,REF-TCATE-K,REF-TCATE-INTERIOR,10,0.044532586071383794,0.046279754915900716,-0.0017471688445169242,0.00042128878360916857,3.365660387416335e-05
wcf_sensitivity_v1_align_null,SYM-ALIGN-NULL,500,25,10,cwdb_dr,kernel_law_error,LAW-A native vs COMMON199,LAW-A-K,LAW-A-COMMON199,10,0.025392784854713506,0.03567782866106988,-0.010285043806356378,9.736635383536032e-05,0.0
wcf_sensitivity_v1_align_null,SYM-ALIGN-NULL,500,25,10,drf,reference_tcate_rmse,REF-TCATE native vs COMMON199,REF-TCATE-K,REF-TCATE-COMMON199,10,0.08326473179800353,0.08294772805564454,0.00031700374235898857,6.671018509756322e-05,2.014600407283174e-06
wcf_sensitivity_v1_align_null,SYM-ALIGN-NULL,500,25,10,drf,reference_tcate_rmse,REF-TCATE native vs INTERIOR,REF-TCATE-K,REF-TCATE-INTERIOR,10,0.08326473179800353,0.08662036330375332,-0.0033556315057497775,0.00035350577067377626,2.2569349036868333e-21
wcf_sensitivity_v1_align_null,SYM-ALIGN-NULL,500,25,10,drf,kernel_law_error,LAW-A native vs COMMON199,LAW-A-K,LAW-A-COMMON199,10,0.07371408903665735,0.08319573102935542,-0.009481641992698051,0.00011065400833107727,0.0
wcf_sensitivity_v1_align_null,SYM-ALIGN-NULL,1000,25,10,causal_drf,reference_tcate_rmse,REF-TCATE native vs COMMON199,REF-TCATE-K,REF-TCATE-COMMON199,10,0.06641531627232172,0.06625062602882112,0.00016469024350058704,5.6060795865198616e-05,0.003306483822105881
wcf_sensitivity_v1_align_null,SYM-ALIGN-NULL,1000,25,10,causal_drf,reference_tcate_rmse,REF-TCATE native vs INTERIOR,REF-TCATE-K,REF-TCATE-INTERIOR,10,0.06641531627232172,0.069057898006152,-0.0026425817338302806,0.00024014623763857627,3.6533729992425747e-28
wcf_sensitivity_v1_align_null,SYM-ALIGN-NULL,1000,25,10,causal_drf,kernel_law_error,LAW-A native vs COMMON199,LAW-A-K,LAW-A-COMMON199,10,0.05039042785488279,0.06011124349779462,-0.009720815642911832,0.0001137624034622982,0.0
wcf_sensitivity_v1_align_null,SYM-ALIGN-NULL,1000,25,10,cwdb_dr,reference_tcate_rmse,REF-TCATE native vs COMMON199,REF-TCATE-K,REF-TCATE-COMMON199,10,0.032066053944395226,0.032021893730941636,4.416021345358921e-05,6.74062858884061e-05,0.5123808742785148
wcf_sensitivity_v1_align_null,SYM-ALIGN-NULL,1000,25,10,cwdb_dr,reference_tcate_rmse,REF-TCATE native vs INTERIOR,REF-TCATE-K,REF-TCATE-INTERIOR,10,0.032066053944395226,0.03345192745924176,-0.0013858735148465338,0.0002385482694010347,6.261681019416765e-09
wcf_sensitivity_v1_align_null,SYM-ALIGN-NULL,1000,25,10,cwdb_dr,kernel_law_error,LAW-A native vs COMMON199,LAW-A-K,LAW-A-COMMON199,10,0.020551096942213472,0.030885053206026313,-0.010333956263812841,0.00010732028952315765,0.0
wcf_sensitivity_v1_align_null,SYM-ALIGN-NULL,1000,25,10,drf,reference_tcate_rmse,REF-TCATE native vs COMMON199,REF-TCATE-K,REF-TCATE-COMMON199,10,0.0739669651482885,0.07373937182477035,0.00022759332351813334,4.607870979783973e-05,7.843185360627369e-07
wcf_sensitivity_v1_align_null,SYM-ALIGN-NULL,1000,25,10,drf,reference_tcate_rmse,REF-TCATE native vs INTERIOR,REF-TCATE-K,REF-TCATE-INTERIOR,10,0.0739669651482885,0.07695493447624027,-0.002987969327951788,0.0002044510427438351,2.2669615871602267e-48
wcf_sensitivity_v1_align_null,SYM-ALIGN-NULL,1000,25,10,drf,kernel_law_error,LAW-A native vs COMMON199,LAW-A-K,LAW-A-COMMON199,10,0.05544051467582335,0.06511392062372161,-0.009673405947898266,0.00011900065760208464,0.0
wcf_sensitivity_v1_align_null,SYM-IRREL-NULL,500,25,10,causal_drf,reference_tcate_rmse,REF-TCATE native vs COMMON199,REF-TCATE-K,REF-TCATE-COMMON199,10,0.02762224359698694,0.02761709094027153,5.152656715405081e-06,5.946896077080306e-05,0.9309541151332229
wcf_sensitivity_v1_align_null,SYM-IRREL-NULL,500,25,10,causal_drf,reference_tcate_rmse,REF-TCATE native vs INTERIOR,REF-TCATE-K,REF-TCATE-INTERIOR,10,0.02762224359698694,0.029031109126991538,-0.001408865530004602,0.00042703845938776034,0.0009697678448681234
wcf_sensitivity_v1_align_null,SYM-IRREL-NULL,500,25,10,causal_drf,kernel_law_error,LAW-A native vs COMMON199,LAW-A-K,LAW-A-COMMON199,10,0.07492605758290327,0.08424216163438224,-0.009316104051478955,0.00011221171175272658,0.0
wcf_sensitivity_v1_align_null,SYM-IRREL-NULL,500,25,10,cwdb_dr,reference_tcate_rmse,REF-TCATE native vs COMMON199,REF-TCATE-K,REF-TCATE-COMMON199,10,0.037209359221802185,0.03705234402766235,0.0001570151941398368,5.530606776427984e-05,0.004525190604478099
wcf_sensitivity_v1_align_null,SYM-IRREL-NULL,500,25,10,cwdb_dr,reference_tcate_rmse,REF-TCATE native vs INTERIOR,REF-TCATE-K,REF-TCATE-INTERIOR,10,0.037209359221802185,0.03876371753578645,-0.0015543583139842672,0.000310727219411598,5.664320495814874e-07
wcf_sensitivity_v1_align_null,SYM-IRREL-NULL,500,25,10,cwdb_dr,kernel_law_error,LAW-A native vs COMMON199,LAW-A-K,LAW-A-COMMON199,10,0.024970364621740272,0.03527117917898476,-0.010300814557244485,0.0001204298996832909,0.0
wcf_sensitivity_v1_align_null,SYM-IRREL-NULL,500,25,10,drf,reference_tcate_rmse,REF-TCATE native vs COMMON199,REF-TCATE-K,REF-TCATE-COMMON199,10,0.02764016263876301,0.027612591072298874,2.757156646413343e-05,6.0741171643880255e-05,0.6498871920455573
wcf_sensitivity_v1_align_null,SYM-IRREL-NULL,500,25,10,drf,reference_tcate_rmse,REF-TCATE native vs INTERIOR,REF-TCATE-K,REF-TCATE-INTERIOR,10,0.02764016263876301,0.028813562815649257,-0.0011734001768862455,0.0003117481113235432,0.00016725919736187007
wcf_sensitivity_v1_align_null,SYM-IRREL-NULL,500,25,10,drf,kernel_law_error,LAW-A native vs COMMON199,LAW-A-K,LAW-A-COMMON199,10,0.06366657122115749,0.0732098645240837,-0.009543293302926217,0.00011182667863539568,0.0
wcf_sensitivity_v1_align_null,SYM-IRREL-NULL,1000,25,10,causal_drf,reference_tcate_rmse,REF-TCATE native vs COMMON199,REF-TCATE-K,REF-TCATE-COMMON199,10,0.01931267324439639,0.019193278539970313,0.0001193947044260772,6.053548571168385e-05,0.04857430301222651
wcf_sensitivity_v1_align_null,SYM-IRREL-NULL,1000,25,10,causal_drf,reference_tcate_rmse,REF-TCATE native vs INTERIOR,REF-TCATE-K,REF-TCATE-INTERIOR,10,0.01931267324439639,0.0197146784804473,-0.00040200523605090824,0.00020109549776176858,0.045600103050690635
wcf_sensitivity_v1_align_null,SYM-IRREL-NULL,1000,25,10,causal_drf,kernel_law_error,LAW-A native vs COMMON199,LAW-A-K,LAW-A-COMMON199,10,0.06158786728732786,0.07103436522577251,-0.009446497938444664,0.0001028566581847715,0.0
wcf_sensitivity_v1_align_null,SYM-IRREL-NULL,1000,25,10,cwdb_dr,reference_tcate_rmse,REF-TCATE native vs COMMON199,REF-TCATE-K,REF-TCATE-COMMON199,10,0.03423661534208834,0.034177168047779025,5.9447294309318556e-05,7.145100829976373e-05,0.4054085068266118
wcf_sensitivity_v1_align_null,SYM-IRREL-NULL,1000,25,10,cwdb_dr,reference_tcate_rmse,REF-TCATE native vs INTERIOR,REF-TCATE-K,REF-TCATE-INTERIOR,10,0.03423661534208834,0.0354970500037851,-0.0012604346616967657,0.00018135089256909455,3.646305991789014e-12
wcf_sensitivity_v1_align_null,SYM-IRREL-NULL,1000,25,10,cwdb_dr,kernel_law_error,LAW-A native vs COMMON199,LAW-A-K,LAW-A-COMMON199,10,0.021504758460666136,0.03179551835078435,-0.010290759890118207,9.319338148522561e-05,0.0
wcf_sensitivity_v1_align_null,SYM-IRREL-NULL,1000,25,10,drf,reference_tcate_rmse,REF-TCATE native vs COMMON199,REF-TCATE-K,REF-TCATE-COMMON199,10,0.021490011524272552,0.021415989441251813,7.402208302074112e-05,7.106171630664898e-05,0.2975697605298624
wcf_sensitivity_v1_align_null,SYM-IRREL-NULL,1000,25,10,drf,reference_tcate_rmse,REF-TCATE native vs INTERIOR,REF-TCATE-K,REF-TCATE-INTERIOR,10,0.021490011524272552,0.022119314441980356,-0.0006293029177078044,0.00026689117812584004,0.018378604359945816
wcf_sensitivity_v1_align_null,SYM-IRREL-NULL,1000,25,10,drf,kernel_law_error,LAW-A native vs COMMON199,LAW-A-K,LAW-A-COMMON199,10,0.04708666944124653,0.05682173054354152,-0.00973506110229498,0.00010667348103420884,0.0
wcf_sensitivity_v1_confirm,IC0,1000,25,10,cwdb_dr,reference_tcate_rmse,REF-TCATE native vs COMMON199,REF-TCATE-K,REF-TCATE-COMMON199,20,0.0310434894225583,0.03106702357901871,-2.3534156460410395e-05,9.594953542293064e-05,0.8062424251634904
wcf_sensitivity_v1_confirm,IC0,1000,25,10,cwdb_dr,reference_tcate_rmse,REF-TCATE native vs INTERIOR,REF-TCATE-K,REF-TCATE-INTERIOR,20,0.0310434894225583,0.03298657095570768,-0.0019430815331493718,0.0007801309418408438,0.012748739712628021
wcf_sensitivity_v1_confirm,IC0,1000,25,10,cwdb_dr,kernel_law_error,LAW-A native vs COMMON199,LAW-A-K,LAW-A-COMMON199,20,0.015128488587019723,0.06753731296657256,-0.052408824379552854,0.0005333435174245431,0.0
wcf_sensitivity_v1_confirm,IC0,1000,49,10,cwdb_dr,reference_tcate_rmse,REF-TCATE native vs COMMON199,REF-TCATE-K,REF-TCATE-COMMON199,20,0.03063472606133292,0.03069784957904515,-6.312351771223263e-05,6.0724555817086174e-05,0.29856964058004976
wcf_sensitivity_v1_confirm,IC0,1000,49,10,cwdb_dr,reference_tcate_rmse,REF-TCATE native vs INTERIOR,REF-TCATE-K,REF-TCATE-INTERIOR,20,0.03063472606133292,0.03271658799417773,-0.0020818619328448074,0.0009634743244194782,0.030711865895110938
wcf_sensitivity_v1_confirm,IC0,1000,49,10,cwdb_dr,kernel_law_error,LAW-A native vs COMMON199,LAW-A-K,LAW-A-COMMON199,20,0.01484326398076408,0.03611884554865929,-0.021275581567895212,0.00024291804198137593,0.0
wcf_sensitivity_v1_confirm,IC1,1000,25,10,cwdb_dr,reference_tcate_rmse,REF-TCATE native vs COMMON199,REF-TCATE-K,REF-TCATE-COMMON199,20,0.03309608548177113,0.03563505326731931,-0.002538967785548185,0.0011489777671210444,0.02712166150528383
wcf_sensitivity_v1_confirm,IC1,1000,25,10,cwdb_dr,reference_tcate_rmse,REF-TCATE native vs INTERIOR,REF-TCATE-K,REF-TCATE-INTERIOR,20,0.03309608548177113,0.035208065867994895,-0.0021119803862237685,0.0009376379943094754,0.024294004851776217
wcf_sensitivity_v1_confirm,IC1,1000,25,10,cwdb_dr,kernel_law_error,LAW-A native vs COMMON199,LAW-A-K,LAW-A-COMMON199,20,0.017793802112402037,0.061932983225207815,-0.04413918111280578,0.0004353647003656288,0.0
wcf_sensitivity_v1_confirm,IC1,1000,49,10,cwdb_dr,reference_tcate_rmse,REF-TCATE native vs COMMON199,REF-TCATE-K,REF-TCATE-COMMON199,20,0.031658796240611284,0.03281311741860756,-0.001154321177996282,0.000796244116338195,0.14714006460988052
wcf_sensitivity_v1_confirm,IC1,1000,49,10,cwdb_dr,reference_tcate_rmse,REF-TCATE native vs INTERIOR,REF-TCATE-K,REF-TCATE-INTERIOR,20,0.031658796240611284,0.03429246164314685,-0.002633665402535569,0.0009069137162015933,0.0036844376894405377
wcf_sensitivity_v1_confirm,IC1,1000,49,10,cwdb_dr,kernel_law_error,LAW-A native vs COMMON199,LAW-A-K,LAW-A-COMMON199,20,0.01712849895935912,0.03483985573880429,-0.017711356779445173,0.00017370412309539198,0.0
wcf_sensitivity_v1_confirm,IC2,1000,25,10,cwdb_dr,reference_tcate_rmse,REF-TCATE native vs COMMON199,REF-TCATE-K,REF-TCATE-COMMON199,20,0.031995325575281904,0.03638870854508873,-0.004393382969806835,0.002272784987335995,0.053231342088728595
wcf_sensitivity_v1_confirm,IC2,1000,25,10,cwdb_dr,reference_tcate_rmse,REF-TCATE native vs INTERIOR,REF-TCATE-K,REF-TCATE-INTERIOR,20,0.031995325575281904,0.03318041386569935,-0.0011850882904174543,0.0006254909918716879,0.05813840813644669
wcf_sensitivity_v1_confirm,IC2,1000,25,10,cwdb_dr,kernel_law_error,LAW-A native vs COMMON199,LAW-A-K,LAW-A-COMMON199,20,0.016687156753145773,0.06149495950534427,-0.044807802752198506,0.000540130503279423,0.0
wcf_sensitivity_v1_confirm,IC2,1000,49,10,cwdb_dr,reference_tcate_rmse,REF-TCATE native vs COMMON199,REF-TCATE-K,REF-TCATE-COMMON199,20,0.03110210021038204,0.03255877387654652,-0.001456673666164477,0.0013371809239152079,0.2759944200478017
wcf_sensitivity_v1_confirm,IC2,1000,49,10,cwdb_dr,reference_tcate_rmse,REF-TCATE native vs INTERIOR,REF-TCATE-K,REF-TCATE-INTERIOR,20,0.03110210021038204,0.03297766380417681,-0.0018755635937947694,0.0006572143768841577,0.0043198641431886065
wcf_sensitivity_v1_confirm,IC2,1000,49,10,cwdb_dr,kernel_law_error,LAW-A native vs COMMON199,LAW-A-K,LAW-A-COMMON199,20,0.016342704333975187,0.03438509863427615,-0.01804239430030096,0.0002466657036897496,0.0
wcf_sensitivity_v1_confirm,IC3,1000,25,10,cwdb_dr,reference_tcate_rmse,REF-TCATE native vs COMMON199,REF-TCATE-K,REF-TCATE-COMMON199,20,0.06427586122933406,0.06778487698874829,-0.0035090157594142406,0.001008115314029232,0.0004999779223990991
wcf_sensitivity_v1_confirm,IC3,1000,25,10,cwdb_dr,reference_tcate_rmse,REF-TCATE native vs INTERIOR,REF-TCATE-K,REF-TCATE-INTERIOR,20,0.06427586122933406,0.06793411445184436,-0.003658253222510315,0.0012764141501908906,0.004156425352653257
wcf_sensitivity_v1_confirm,IC3,1000,25,10,cwdb_dr,kernel_law_error,LAW-A native vs COMMON199,LAW-A-K,LAW-A-COMMON199,20,0.019109640644888144,0.06299656900677318,-0.043886928361885055,0.0004911058204030379,0.0
wcf_sensitivity_v1_confirm,IC3,1000,49,10,cwdb_dr,reference_tcate_rmse,REF-TCATE native vs COMMON199,REF-TCATE-K,REF-TCATE-COMMON199,20,0.06545478779306832,0.06800206679720557,-0.002547279004137222,0.0006584887502987884,0.00010956472560934185
wcf_sensitivity_v1_confirm,IC3,1000,49,10,cwdb_dr,reference_tcate_rmse,REF-TCATE native vs INTERIOR,REF-TCATE-K,REF-TCATE-INTERIOR,20,0.06545478779306832,0.06847107290599061,-0.003016285112922283,0.0013420541835823714,0.024607218441590605
wcf_sensitivity_v1_confirm,IC3,1000,49,10,cwdb_dr,kernel_law_error,LAW-A native vs COMMON199,LAW-A-K,LAW-A-COMMON199,20,0.01831233673937071,0.03604427818577097,-0.017731941446400258,0.00022227070099605764,0.0
wcf_sensitivity_v1_flex,SYM-MU,500,25,10,cwdb_dr_flex,reference_tcate_rmse,REF-TCATE native vs COMMON199,REF-TCATE-K,REF-TCATE-COMMON199,10,0.15238914262855846,0.1519119017015211,0.0004772409270373659,0.00028305671887254847,0.09179083275320409
wcf_sensitivity_v1_flex,SYM-MU,500,25,10,cwdb_dr_flex,reference_tcate_rmse,REF-TCATE native vs INTERIOR,REF-TCATE-K,REF-TCATE-INTERIOR,10,0.15238914262855846,0.15565214792432716,-0.0032630052957686867,0.0010936650533917816,0.0028492469001486966
wcf_sensitivity_v1_flex,SYM-MU,500,25,10,cwdb_dr_flex,kernel_law_error,LAW-A native vs COMMON199,LAW-A-K,LAW-A-COMMON199,10,0.02732646504254609,0.037420330715862746,-0.010093865673316656,0.00011463389394133052,0.0
wcf_sensitivity_v1_flex,SYM-MU,500,25,10,cwdb_dr_oracle,reference_tcate_rmse,REF-TCATE native vs COMMON199,REF-TCATE-K,REF-TCATE-COMMON199,10,0.04258814632248029,0.04231418240493272,0.00027396391754756707,8.613140768975341e-05,0.0014688584264185571
wcf_sensitivity_v1_flex,SYM-MU,500,25,10,cwdb_dr_oracle,reference_tcate_rmse,REF-TCATE native vs INTERIOR,REF-TCATE-K,REF-TCATE-INTERIOR,10,0.04258814632248029,0.043358825122046855,-0.0007706787995665689,0.0003368119581690569,0.022128352197389574
wcf_sensitivity_v1_flex,SYM-MU,500,25,10,cwdb_dr_oracle,kernel_law_error,LAW-A native vs COMMON199,LAW-A-K,LAW-A-COMMON199,10,0.02732646504254609,0.037420330715862746,-0.010093865673316656,0.00011463389394133052,0.0
wcf_sensitivity_v1_flex,SYM-MU,1000,25,10,cwdb_dr_flex,reference_tcate_rmse,REF-TCATE native vs COMMON199,REF-TCATE-K,REF-TCATE-COMMON199,10,0.1056604009305507,0.10498522404010151,0.0006751768904491709,0.00015509902963160507,1.3416545902014604e-05
wcf_sensitivity_v1_flex,SYM-MU,1000,25,10,cwdb_dr_flex,reference_tcate_rmse,REF-TCATE native vs INTERIOR,REF-TCATE-K,REF-TCATE-INTERIOR,10,0.1056604009305507,0.10913654191921099,-0.0034761409886603064,0.0006398294281334486,5.5439804925386144e-08
wcf_sensitivity_v1_flex,SYM-MU,1000,25,10,cwdb_dr_flex,kernel_law_error,LAW-A native vs COMMON199,LAW-A-K,LAW-A-COMMON199,10,0.02363687322588149,0.03373960873172537,-0.010102735505843882,0.00016168887546109937,0.0
wcf_sensitivity_v1_flex,SYM-MU,1000,25,10,cwdb_dr_oracle,reference_tcate_rmse,REF-TCATE native vs COMMON199,REF-TCATE-K,REF-TCATE-COMMON199,10,0.02614621015131268,0.02597529848078991,0.00017091167052277098,4.718484175863677e-05,0.0002921383772083061
wcf_sensitivity_v1_flex,SYM-MU,1000,25,10,cwdb_dr_oracle,reference_tcate_rmse,REF-TCATE native vs INTERIOR,REF-TCATE-K,REF-TCATE-INTERIOR,10,0.02614621015131268,0.026962858139696344,-0.0008166479883836621,0.00021797200553988518,0.00017926699062811307
wcf_sensitivity_v1_flex,SYM-MU,1000,25,10,cwdb_dr_oracle,kernel_law_error,LAW-A native vs COMMON199,LAW-A-K,LAW-A-COMMON199,10,0.02363687322588149,0.03373960873172537,-0.010102735505843882,0.00016168887546109937,0.0
wcf_sensitivity_v1_flex,SYM-NL,500,25,10,cwdb_dr_flex,reference_tcate_rmse,REF-TCATE native vs COMMON199,REF-TCATE-K,REF-TCATE-COMMON199,10,0.17366091991802143,0.17299243043148757,0.0006684894865338576,0.0002593059809294875,0.009937547555351752
wcf_sensitivity_v1_flex,SYM-NL,500,25,10,cwdb_dr_flex,reference_tcate_rmse,REF-TCATE native vs INTERIOR,REF-TCATE-K,REF-TCATE-INTERIOR,10,0.17366091991802143,0.17896051530273277,-0.005299595384711345,0.001110987118893633,1.8407218576877965e-06
wcf_sensitivity_v1_flex,SYM-NL,500,25,10,cwdb_dr_flex,kernel_law_error,LAW-A native vs COMMON199,LAW-A-K,LAW-A-COMMON199,10,0.029028240854596498,0.03917674409061407,-0.010148503236017571,0.00014858613558293353,0.0
wcf_sensitivity_v1_flex,SYM-NL,500,25,10,cwdb_dr_oracle,reference_tcate_rmse,REF-TCATE native vs COMMON199,REF-TCATE-K,REF-TCATE-COMMON199,10,0.05782438919626985,0.057436460006032995,0.0003879291902368555,9.279799707605287e-05,2.9104581584196496e-05
wcf_sensitivity_v1_flex,SYM-NL,500,25,10,cwdb_dr_oracle,reference_tcate_rmse,REF-TCATE native vs INTERIOR,REF-TCATE-K,REF-TCATE-INTERIOR,10,0.05782438919626985,0.059395958730365725,-0.0015715695340958852,0.00042962762375543475,0.000254210234140881
wcf_sensitivity_v1_flex,SYM-NL,500,25,10,cwdb_dr_oracle,kernel_law_error,LAW-A native vs COMMON199,LAW-A-K,LAW-A-COMMON199,10,0.029028240854596498,0.03917674409061407,-0.010148503236017571,0.00014858613558293353,0.0
wcf_sensitivity_v1_flex,SYM-NL,1000,25,10,cwdb_dr_flex,reference_tcate_rmse,REF-TCATE native vs COMMON199,REF-TCATE-K,REF-TCATE-COMMON199,10,0.1470896380025269,0.1461968931756134,0.0008927448269134789,0.0004709558654895454,0.05801270768220832
wcf_sensitivity_v1_flex,SYM-NL,1000,25,10,cwdb_dr_flex,reference_tcate_rmse,REF-TCATE native vs INTERIOR,REF-TCATE-K,REF-TCATE-INTERIOR,10,0.1470896380025269,0.1533641909042966,-0.006274552901769727,0.0008669115567542667,4.559420004356505e-13
wcf_sensitivity_v1_flex,SYM-NL,1000,25,10,cwdb_dr_flex,kernel_law_error,LAW-A native vs COMMON199,LAW-A-K,LAW-A-COMMON199,10,0.021998632074992107,0.032263264048521714,-0.01026463197352961,8.528356440344017e-05,0.0
wcf_sensitivity_v1_flex,SYM-NL,1000,25,10,cwdb_dr_oracle,reference_tcate_rmse,REF-TCATE native vs COMMON199,REF-TCATE-K,REF-TCATE-COMMON199,10,0.03388322710801821,0.033704666995163016,0.00017856011285520174,9.817492145431525e-05,0.06894262353518874
wcf_sensitivity_v1_flex,SYM-NL,1000,25,10,cwdb_dr_oracle,reference_tcate_rmse,REF-TCATE native vs INTERIOR,REF-TCATE-K,REF-TCATE-INTERIOR,10,0.03388322710801821,0.03553042733526178,-0.0016472002272435713,0.00026658082961717946,6.451306308978604e-10
wcf_sensitivity_v1_flex,SYM-NL,1000,25,10,cwdb_dr_oracle,kernel_law_error,LAW-A native vs COMMON199,LAW-A-K,LAW-A-COMMON199,10,0.021998632074992107,0.032263264048521714,-0.01026463197352961,8.528356440344017e-05,0.0
wcf_sensitivity_v1_flex_rf,SYM-MU,500,25,10,cwdb_dr_flex_rf,reference_tcate_rmse,REF-TCATE native vs COMMON199,REF-TCATE-K,REF-TCATE-COMMON199,10,0.047007794069504207,0.04674194737676041,0.00026584669274379996,8.194162565769123e-05,0.0011772213055915878
wcf_sensitivity_v1_flex_rf,SYM-MU,500,25,10,cwdb_dr_flex_rf,reference_tcate_rmse,REF-TCATE native vs INTERIOR,REF-TCATE-K,REF-TCATE-INTERIOR,10,0.047007794069504207,0.04778859827237622,-0.000780804202872011,0.000280950309402569,0.0054500664296697355
wcf_sensitivity_v1_flex_rf,SYM-MU,500,25,10,cwdb_dr_flex_rf,kernel_law_error,LAW-A native vs COMMON199,LAW-A-K,LAW-A-COMMON199,10,0.02732646504254609,0.037420330715862746,-0.010093865673316656,0.00011463389394133052,0.0
wcf_sensitivity_v1_flex_rf,SYM-MU,1000,25,10,cwdb_dr_flex_rf,reference_tcate_rmse,REF-TCATE native vs COMMON199,REF-TCATE-K,REF-TCATE-COMMON199,10,0.029102881370266027,0.02890974767037664,0.00019313369988938658,6.37902284029156e-05,0.002464733986869972
wcf_sensitivity_v1_flex_rf,SYM-MU,1000,25,10,cwdb_dr_flex_rf,reference_tcate_rmse,REF-TCATE native vs INTERIOR,REF-TCATE-K,REF-TCATE-INTERIOR,10,0.029102881370266027,0.030127573441942085,-0.0010246920716760629,0.00021339787055823316,1.572524169857928e-06
wcf_sensitivity_v1_flex_rf,SYM-MU,1000,25,10,cwdb_dr_flex_rf,kernel_law_error,LAW-A native vs COMMON199,LAW-A-K,LAW-A-COMMON199,10,0.02363687322588149,0.03373960873172537,-0.010102735505843882,0.00016168887546109937,0.0
wcf_sensitivity_v1_flex_rf,SYM-NL,500,25,10,cwdb_dr_flex_rf,reference_tcate_rmse,REF-TCATE native vs COMMON199,REF-TCATE-K,REF-TCATE-COMMON199,10,0.056469759260361976,0.056197700630549886,0.00027205862981208724,0.00012089288182942234,0.024422889031464855
wcf_sensitivity_v1_flex_rf,SYM-NL,500,25,10,cwdb_dr_flex_rf,reference_tcate_rmse,REF-TCATE native vs INTERIOR,REF-TCATE-K,REF-TCATE-INTERIOR,10,0.056469759260361976,0.05816837498851539,-0.0016986157281534066,0.0003806064913806889,8.085083422542579e-06
wcf_sensitivity_v1_flex_rf,SYM-NL,500,25,10,cwdb_dr_flex_rf,kernel_law_error,LAW-A native vs COMMON199,LAW-A-K,LAW-A-COMMON199,10,0.029028240854596498,0.03917674409061407,-0.010148503236017571,0.00014858613558293353,0.0
wcf_sensitivity_v1_flex_rf,SYM-NL,1000,25,10,cwdb_dr_flex_rf,reference_tcate_rmse,REF-TCATE native vs COMMON199,REF-TCATE-K,REF-TCATE-COMMON199,10,0.03829519844029431,0.03810762683022805,0.00018757161006626114,0.00011934221916666612,0.11601733440883673
wcf_sensitivity_v1_flex_rf,SYM-NL,1000,25,10,cwdb_dr_flex_rf,reference_tcate_rmse,REF-TCATE native vs INTERIOR,REF-TCATE-K,REF-TCATE-INTERIOR,10,0.03829519844029431,0.040304887946273835,-0.00200968950597952,0.0002739908384101722,2.2192274550447368e-13
wcf_sensitivity_v1_flex_rf,SYM-NL,1000,25,10,cwdb_dr_flex_rf,kernel_law_error,LAW-A native vs COMMON199,LAW-A-K,LAW-A-COMMON199,10,0.021998632074992107,0.032263264048521714,-0.01026463197352961,8.528356440344017e-05,0.0
wcf_sensitivity_v1_logit_f3,IC0,1000,5,10,causal_drf,reference_tcate_rmse,REF-TCATE native vs COMMON199,REF-TCATE-K,REF-TCATE-COMMON199,10,0.15282549791744343,0.1566113904232977,-0.0037858925058542907,0.00037779054362100495,1.2307314486076561e-23
wcf_sensitivity_v1_logit_f3,IC0,1000,5,10,causal_drf,reference_tcate_rmse,REF-TCATE native vs INTERIOR,REF-TCATE-K,REF-TCATE-INTERIOR,10,0.15282549791744343,0.16135064180976963,-0.008525143892326219,0.0004536533793913598,8.748080360457709e-79
wcf_sensitivity_v1_logit_f3,IC0,1000,5,10,causal_drf,kernel_law_error,LAW-A native vs COMMON199,LAW-A-K,LAW-A-COMMON199,10,0.05721734867876592,0.2880238773252393,-0.23080652864647339,0.0024279090795633587,0.0
wcf_sensitivity_v1_logit_f3,IC0,1000,5,10,cwdb_dr,reference_tcate_rmse,REF-TCATE native vs COMMON199,REF-TCATE-K,REF-TCATE-COMMON199,10,0.031846174065840435,0.032055791953957934,-0.00020961788811750466,0.00038337868782503464,0.5845404785491961
wcf_sensitivity_v1_logit_f3,IC0,1000,5,10,cwdb_dr,reference_tcate_rmse,REF-TCATE native vs INTERIOR,REF-TCATE-K,REF-TCATE-INTERIOR,10,0.031846174065840435,0.0320942410833137,-0.0002480670174732653,0.0004016250694388434,0.5368006713107265
wcf_sensitivity_v1_logit_f3,IC0,1000,5,10,cwdb_dr,kernel_law_error,LAW-A native vs COMMON199,LAW-A-K,LAW-A-COMMON199,10,0.01774015956220776,0.2750718677279714,-0.2573317081657637,0.0026503928731490957,0.0
wcf_sensitivity_v1_logit_f3,IC0,1000,5,10,drf,reference_tcate_rmse,REF-TCATE native vs COMMON199,REF-TCATE-K,REF-TCATE-COMMON199,10,0.16643677753209163,0.17051941156958894,-0.004082634037497335,0.000356117664065838,1.994018860853605e-30
wcf_sensitivity_v1_logit_f3,IC0,1000,5,10,drf,reference_tcate_rmse,REF-TCATE native vs INTERIOR,REF-TCATE-K,REF-TCATE-INTERIOR,10,0.16643677753209163,0.17559837441259105,-0.009161596880499445,0.00038181617768181055,3.1522274620938496e-127
wcf_sensitivity_v1_logit_f3,IC0,1000,5,10,drf,kernel_law_error,LAW-A native vs COMMON199,LAW-A-K,LAW-A-COMMON199,10,0.0762078561278913,0.30088399169791685,-0.22467613557002558,0.002455617723365223,0.0
wcf_sensitivity_v1_logit_f3,IC0,1000,25,5,cwdb_dr,reference_tcate_rmse,REF-TCATE native vs COMMON199,REF-TCATE-K,REF-TCATE-COMMON199,10,0.02980031781643172,0.02980139413894862,-1.0763225168949897e-06,0.00014319482232472426,0.9940027647767884
wcf_sensitivity_v1_logit_f3,IC0,1000,25,5,cwdb_dr,reference_tcate_rmse,REF-TCATE native vs INTERIOR,REF-TCATE-K,REF-TCATE-INTERIOR,10,0.02980031781643172,0.029724845650407866,7.547216602385565e-05,0.0013077650009854307,0.9539789899022275
wcf_sensitivity_v1_logit_f3,IC0,1000,25,5,cwdb_dr,kernel_law_error,LAW-A native vs COMMON199,LAW-A-K,LAW-A-COMMON199,10,0.01528928675865084,0.0673615482081621,-0.05207226144951127,0.0007501737223243216,0.0
wcf_sensitivity_v1_logit_f3,IC0,1000,25,10,causal_drf,reference_tcate_rmse,REF-TCATE native vs COMMON199,REF-TCATE-K,REF-TCATE-COMMON199,10,0.15780545553614694,0.15936572775699667,-0.0015602722208497427,0.00010599384944327281,4.768075985333e-49
wcf_sensitivity_v1_logit_f3,IC0,1000,25,10,causal_drf,reference_tcate_rmse,REF-TCATE native vs INTERIOR,REF-TCATE-K,REF-TCATE-INTERIOR,10,0.15780545553614694,0.18254383981943606,-0.024738384283289144,0.0010309940836699622,3.1593284749133187e-127
wcf_sensitivity_v1_logit_f3,IC0,1000,25,10,causal_drf,kernel_law_error,LAW-A native vs COMMON199,LAW-A-K,LAW-A-COMMON199,10,0.046733968112982936,0.09279868718550795,-0.046064719072525004,0.0005782973893993154,0.0
wcf_sensitivity_v1_logit_f3,IC0,1000,25,10,cwdb_dr,reference_tcate_rmse,REF-TCATE native vs COMMON199,REF-TCATE-K,REF-TCATE-COMMON199,10,0.028572799968550423,0.028606302039974975,-3.350207142455361e-05,0.0001363061127321849,0.8058482517329957
wcf_sensitivity_v1_logit_f3,IC0,1000,25,10,cwdb_dr,reference_tcate_rmse,REF-TCATE native vs INTERIOR,REF-TCATE-K,REF-TCATE-INTERIOR,10,0.028572799968550423,0.02922199096114712,-0.0006491909925967021,0.001449377964627483,0.6542180970624383
wcf_sensitivity_v1_logit_f3,IC0,1000,25,10,cwdb_dr,kernel_law_error,LAW-A native vs COMMON199,LAW-A-K,LAW-A-COMMON199,10,0.015286262643050852,0.06687927520211155,-0.051593012559060694,0.0006095994651913857,0.0
wcf_sensitivity_v1_logit_f3,IC0,1000,25,10,drf,reference_tcate_rmse,REF-TCATE native vs COMMON199,REF-TCATE-K,REF-TCATE-COMMON199,10,0.1544057797118461,0.15595555281348897,-0.0015497731016428152,0.00010270985528818673,1.9176944438078835e-51
wcf_sensitivity_v1_logit_f3,IC0,1000,25,10,drf,reference_tcate_rmse,REF-TCATE native vs INTERIOR,REF-TCATE-K,REF-TCATE-INTERIOR,10,0.1544057797118461,0.1782078675945616,-0.023802087882715445,0.0011307848316121842,2.3269456156516418e-98
wcf_sensitivity_v1_logit_f3,IC0,1000,25,10,drf,kernel_law_error,LAW-A native vs COMMON199,LAW-A-K,LAW-A-COMMON199,10,0.06413054178424533,0.10856552030775435,-0.04443497852350905,0.0005840992768414261,0.0
wcf_sensitivity_v1_logit_f3,IC0,1000,25,25,cwdb_dr,reference_tcate_rmse,REF-TCATE native vs COMMON199,REF-TCATE-K,REF-TCATE-COMMON199,10,0.02804079697189756,0.028206440703017015,-0.00016564373111945807,0.00013361910314066972,0.2150970968756134
wcf_sensitivity_v1_logit_f3,IC0,1000,25,25,cwdb_dr,reference_tcate_rmse,REF-TCATE native vs INTERIOR,REF-TCATE-K,REF-TCATE-INTERIOR,10,0.02804079697189756,0.0294942756755242,-0.0014534787036266435,0.001311682674145934,0.2678175997437038
wcf_sensitivity_v1_logit_f3,IC0,1000,25,25,cwdb_dr,kernel_law_error,LAW-A native vs COMMON199,LAW-A-K,LAW-A-COMMON199,10,0.015262917190107764,0.06610356361655755,-0.05084064642644979,0.000780399108238141,0.0
wcf_sensitivity_v1_logit_f3,IC0,1000,49,10,causal_drf,reference_tcate_rmse,REF-TCATE native vs COMMON199,REF-TCATE-K,REF-TCATE-COMMON199,10,0.1377649226815105,0.13850538955707573,-0.0007404668755652183,6.353412679764803e-05,2.173169010463849e-31
wcf_sensitivity_v1_logit_f3,IC0,1000,49,10,causal_drf,reference_tcate_rmse,REF-TCATE native vs INTERIOR,REF-TCATE-K,REF-TCATE-INTERIOR,10,0.1377649226815105,0.16063924047437947,-0.022874317792868956,0.0015177482118701848,2.5044379085800412e-51
wcf_sensitivity_v1_logit_f3,IC0,1000,49,10,causal_drf,kernel_law_error,LAW-A native vs COMMON199,LAW-A-K,LAW-A-COMMON199,10,0.04920407683251335,0.06736940270659122,-0.018165325874077865,0.00026823814601878497,0.0
wcf_sensitivity_v1_logit_f3,IC0,1000,49,10,cwdb_dr,reference_tcate_rmse,REF-TCATE native vs COMMON199,REF-TCATE-K,REF-TCATE-COMMON199,10,0.029726863736103847,0.029811995644915497,-8.513190881164686e-05,7.019781354387344e-05,0.22522808425773844
wcf_sensitivity_v1_logit_f3,IC0,1000,49,10,cwdb_dr,reference_tcate_rmse,REF-TCATE native vs INTERIOR,REF-TCATE-K,REF-TCATE-INTERIOR,10,0.029726863736103847,0.03160757061553503,-0.0018807068794311776,0.0012674896993585872,0.13786080136351106
wcf_sensitivity_v1_logit_f3,IC0,1000,49,10,cwdb_dr,kernel_law_error,LAW-A native vs COMMON199,LAW-A-K,LAW-A-COMMON199,10,0.014996654853805533,0.03583371034460464,-0.02083705549079911,0.00025737371060480187,0.0
wcf_sensitivity_v1_logit_f3,IC0,1000,49,10,drf,reference_tcate_rmse,REF-TCATE native vs COMMON199,REF-TCATE-K,REF-TCATE-COMMON199,10,0.143525765077456,0.14435495095849943,-0.0008291858810434427,5.571633450969013e-05,4.296299831941059e-50
wcf_sensitivity_v1_logit_f3,IC0,1000,49,10,drf,reference_tcate_rmse,REF-TCATE native vs INTERIOR,REF-TCATE-K,REF-TCATE-INTERIOR,10,0.143525765077456,0.16699558833445832,-0.023469823257002323,0.0012337029835488612,1.081644789334186e-80
wcf_sensitivity_v1_logit_f3,IC0,1000,49,10,drf,kernel_law_error,LAW-A native vs COMMON199,LAW-A-K,LAW-A-COMMON199,10,0.060343339714548715,0.078181541862128,-0.01783820214757929,0.00025677074756752657,0.0
wcf_sensitivity_v1_logit_f3,IC1,1000,5,5,cwdb_dr,reference_tcate_rmse,REF-TCATE native vs COMMON199,REF-TCATE-K,REF-TCATE-COMMON199,10,0.030084751825753254,0.027861162281892164,0.0022235895438610883,0.0008177904654132239,0.006547542809636979
wcf_sensitivity_v1_logit_f3,IC1,1000,5,5,cwdb_dr,reference_tcate_rmse,REF-TCATE native vs INTERIOR,REF-TCATE-K,REF-TCATE-INTERIOR,10,0.030084751825753254,0.026938080388325153,0.003146671437428105,0.001794607684782623,0.07953276666982886
wcf_sensitivity_v1_logit_f3,IC1,1000,5,5,cwdb_dr,kernel_law_error,LAW-A native vs COMMON199,LAW-A-K,LAW-A-COMMON199,10,0.018618377251964406,0.2475904306084063,-0.22897205335644194,0.0026485944619754308,0.0
wcf_sensitivity_v1_logit_f3,IC1,1000,5,10,causal_drf,reference_tcate_rmse,REF-TCATE native vs COMMON199,REF-TCATE-K,REF-TCATE-COMMON199,10,0.130487544241588,0.13901309498725217,-0.008525550745664136,0.00040949865120559455,2.882709950777811e-96
wcf_sensitivity_v1_logit_f3,IC1,1000,5,10,causal_drf,reference_tcate_rmse,REF-TCATE native vs INTERIOR,REF-TCATE-K,REF-TCATE-INTERIOR,10,0.130487544241588,0.15126187273681066,-0.020774328495222642,0.00047811145329962486,0.0
wcf_sensitivity_v1_logit_f3,IC1,1000,5,10,causal_drf,kernel_law_error,LAW-A native vs COMMON199,LAW-A-K,LAW-A-COMMON199,10,0.05325735575591454,0.25686045408650493,-0.2036030983305904,0.002184578025427303,0.0
wcf_sensitivity_v1_logit_f3,IC1,1000,5,10,cwdb_dr,reference_tcate_rmse,REF-TCATE native vs COMMON199,REF-TCATE-K,REF-TCATE-COMMON199,10,0.0260809909925392,0.024946922847770395,0.0011340681447688003,0.0007827751697939174,0.14739933976860126
wcf_sensitivity_v1_logit_f3,IC1,1000,5,10,cwdb_dr,reference_tcate_rmse,REF-TCATE native vs INTERIOR,REF-TCATE-K,REF-TCATE-INTERIOR,10,0.0260809909925392,0.024788029834311085,0.0012929611582281112,0.0017968534849303601,0.4717900299003739
wcf_sensitivity_v1_logit_f3,IC1,1000,5,10,cwdb_dr,kernel_law_error,LAW-A native vs COMMON199,LAW-A-K,LAW-A-COMMON199,10,0.020176184596326772,0.24743820984155981,-0.22726202524523303,0.0023796968562080256,0.0
wcf_sensitivity_v1_logit_f3,IC1,1000,5,10,drf,reference_tcate_rmse,REF-TCATE native vs COMMON199,REF-TCATE-K,REF-TCATE-COMMON199,10,0.1486848399345056,0.15792473322005712,-0.009239893285551543,0.0003466773814520229,1.6646138157305511e-156
wcf_sensitivity_v1_logit_f3,IC1,1000,5,10,drf,reference_tcate_rmse,REF-TCATE native vs INTERIOR,REF-TCATE-K,REF-TCATE-INTERIOR,10,0.1486848399345056,0.17066740452800191,-0.021982564593496325,0.00037240894395416745,0.0
wcf_sensitivity_v1_logit_f3,IC1,1000,5,10,drf,kernel_law_error,LAW-A native vs COMMON199,LAW-A-K,LAW-A-COMMON199,10,0.06883489446745114,0.26849052577098714,-0.19965563130353603,0.002139861642594964,0.0
wcf_sensitivity_v1_logit_f3,IC1,1000,5,25,cwdb_dr,reference_tcate_rmse,REF-TCATE native vs COMMON199,REF-TCATE-K,REF-TCATE-COMMON199,10,0.02837113392012532,0.027474888809976596,0.000896245110148719,0.0009778058184210423,0.3593585584593544
wcf_sensitivity_v1_logit_f3,IC1,1000,5,25,cwdb_dr,reference_tcate_rmse,REF-TCATE native vs INTERIOR,REF-TCATE-K,REF-TCATE-INTERIOR,10,0.02837113392012532,0.027669544172081357,0.000701589748043962,0.0020966646774980037,0.7379103837488983
wcf_sensitivity_v1_logit_f3,IC1,1000,5,25,cwdb_dr,kernel_law_error,LAW-A native vs COMMON199,LAW-A-K,LAW-A-COMMON199,10,0.018787441922216135,0.24378625222240982,-0.2249988103001937,0.002551890351956151,0.0
wcf_sensitivity_v1_logit_f3,IC1,1000,25,5,cwdb_dr,reference_tcate_rmse,REF-TCATE native vs COMMON199,REF-TCATE-K,REF-TCATE-COMMON199,10,0.030026983831248473,0.02795503950374953,0.0020719443274989403,0.0015854831704550446,0.19127316309700804
wcf_sensitivity_v1_logit_f3,IC1,1000,25,5,cwdb_dr,reference_tcate_rmse,REF-TCATE native vs INTERIOR,REF-TCATE-K,REF-TCATE-INTERIOR,10,0.030026983831248473,0.03199672481512515,-0.0019697409838766813,0.0008162955869343701,0.015820770246730148
wcf_sensitivity_v1_logit_f3,IC1,1000,25,5,cwdb_dr,kernel_law_error,LAW-A native vs COMMON199,LAW-A-K,LAW-A-COMMON199,10,0.01742099562642164,0.061303764067516045,-0.043882768441094414,0.0006082811476027878,0.0
wcf_sensitivity_v1_logit_f3,IC1,1000,25,10,causal_drf,reference_tcate_rmse,REF-TCATE native vs COMMON199,REF-TCATE-K,REF-TCATE-COMMON199,10,0.13396417352800355,0.1462741906406518,-0.012310017112648263,0.00010574966625995607,0.0
wcf_sensitivity_v1_logit_f3,IC1,1000,25,10,causal_drf,reference_tcate_rmse,REF-TCATE native vs INTERIOR,REF-TCATE-K,REF-TCATE-INTERIOR,10,0.13396417352800355,0.1555088249649633,-0.021544651436959765,0.0011464290626680184,8.643716958984252e-79
wcf_sensitivity_v1_logit_f3,IC1,1000,25,10,causal_drf,kernel_law_error,LAW-A native vs COMMON199,LAW-A-K,LAW-A-COMMON199,10,0.0455803829214106,0.084420536019888,-0.03884015309847738,0.0004753092359175774,0.0
wcf_sensitivity_v1_logit_f3,IC1,1000,25,10,cwdb_dr,reference_tcate_rmse,REF-TCATE native vs COMMON199,REF-TCATE-K,REF-TCATE-COMMON199,10,0.030854929704266943,0.0289670072047787,0.0018879224994882491,0.0011618490378915401,0.10417763234297253
wcf_sensitivity_v1_logit_f3,IC1,1000,25,10,cwdb_dr,reference_tcate_rmse,REF-TCATE native vs INTERIOR,REF-TCATE-K,REF-TCATE-INTERIOR,10,0.030854929704266943,0.03170408428085925,-0.0008491545765923044,0.0011379203179034876,0.4555262075290403
wcf_sensitivity_v1_logit_f3,IC1,1000,25,10,cwdb_dr,kernel_law_error,LAW-A native vs COMMON199,LAW-A-K,LAW-A-COMMON199,10,0.016942015582137423,0.06046282797933951,-0.04352081239720208,0.0005843198292027447,0.0
wcf_sensitivity_v1_logit_f3,IC1,1000,25,10,drf,reference_tcate_rmse,REF-TCATE native vs COMMON199,REF-TCATE-K,REF-TCATE-COMMON199,10,0.13950889707655875,0.15191308099611314,-0.012404183919554406,9.091481433540532e-05,0.0
wcf_sensitivity_v1_logit_f3,IC1,1000,25,10,drf,reference_tcate_rmse,REF-TCATE native vs INTERIOR,REF-TCATE-K,REF-TCATE-INTERIOR,10,0.13950889707655875,0.16196978614898513,-0.022460889072426417,0.0010042763972679016,8.580852764862362e-111
wcf_sensitivity_v1_logit_f3,IC1,1000,25,10,drf,kernel_law_error,LAW-A native vs COMMON199,LAW-A-K,LAW-A-COMMON199,10,0.05912785285382427,0.0971305300278654,-0.03800267717404114,0.0004848535831754864,0.0
wcf_sensitivity_v1_logit_f3,IC1,1000,25,25,cwdb_dr,reference_tcate_rmse,REF-TCATE native vs COMMON199,REF-TCATE-K,REF-TCATE-COMMON199,10,0.02805222488235957,0.02591413065188495,0.0021380942304746247,0.0017788891705363772,0.22939196355419889
wcf_sensitivity_v1_logit_f3,IC1,1000,25,25,cwdb_dr,reference_tcate_rmse,REF-TCATE native vs INTERIOR,REF-TCATE-K,REF-TCATE-INTERIOR,10,0.02805222488235957,0.028910992073276725,-0.0008587671909171587,0.0011894163301115876,0.4702900318529407
wcf_sensitivity_v1_logit_f3,IC1,1000,25,25,cwdb_dr,kernel_law_error,LAW-A native vs COMMON199,LAW-A-K,LAW-A-COMMON199,10,0.017166389356229078,0.060214462725876695,-0.04304807336964761,0.0006165451499312492,0.0
wcf_sensitivity_v1_logit_f3,IC1,1000,49,5,cwdb_dr,reference_tcate_rmse,REF-TCATE native vs COMMON199,REF-TCATE-K,REF-TCATE-COMMON199,10,0.025309065728102525,0.023473318198155773,0.0018357475299467505,0.0010566819673621967,0.08233858116246907
wcf_sensitivity_v1_logit_f3,IC1,1000,49,5,cwdb_dr,reference_tcate_rmse,REF-TCATE native vs INTERIOR,REF-TCATE-K,REF-TCATE-INTERIOR,10,0.025309065728102525,0.026831515448545014,-0.0015224497204424882,0.0016928921024868904,0.3684828680838109
wcf_sensitivity_v1_logit_f3,IC1,1000,49,5,cwdb_dr,kernel_law_error,LAW-A native vs COMMON199,LAW-A-K,LAW-A-COMMON199,10,0.017007730263828576,0.03487722503012848,-0.0178694947662999,0.0002935005309126213,0.0
wcf_sensitivity_v1_logit_f3,IC1,1000,49,10,causal_drf,reference_tcate_rmse,REF-TCATE native vs COMMON199,REF-TCATE-K,REF-TCATE-COMMON199,10,0.10616212533670895,0.11370810113671515,-0.007545975800006191,7.327837348643447e-05,0.0
wcf_sensitivity_v1_logit_f3,IC1,1000,49,10,causal_drf,reference_tcate_rmse,REF-TCATE native vs INTERIOR,REF-TCATE-K,REF-TCATE-INTERIOR,10,0.10616212533670895,0.12381537805375306,-0.017653252717044116,0.0015489979609854111,4.3495397471673764e-30
wcf_sensitivity_v1_logit_f3,IC1,1000,49,10,causal_drf,kernel_law_error,LAW-A native vs COMMON199,LAW-A-K,LAW-A-COMMON199,10,0.047408137521889764,0.06275907227001955,-0.015350934748129772,0.0002163970509594738,0.0
wcf_sensitivity_v1_logit_f3,IC1,1000,49,10,cwdb_dr,reference_tcate_rmse,REF-TCATE native vs COMMON199,REF-TCATE-K,REF-TCATE-COMMON199,10,0.026510617471535953,0.024222372631686334,0.0022882448398496196,0.0008752024540967825,0.008934978515553691
wcf_sensitivity_v1_logit_f3,IC1,1000,49,10,cwdb_dr,reference_tcate_rmse,REF-TCATE native vs INTERIOR,REF-TCATE-K,REF-TCATE-INTERIOR,10,0.026510617471535953,0.02696426728543495,-0.00045364981389899825,0.0014200004685933898,0.7493689280280156
wcf_sensitivity_v1_logit_f3,IC1,1000,49,10,cwdb_dr,kernel_law_error,LAW-A native vs COMMON199,LAW-A-K,LAW-A-COMMON199,10,0.016793614990641765,0.03423781657356396,-0.017444201582922196,0.0002739077957753881,0.0
wcf_sensitivity_v1_logit_f3,IC1,1000,49,10,drf,reference_tcate_rmse,REF-TCATE native vs COMMON199,REF-TCATE-K,REF-TCATE-COMMON199,10,0.13343479977393377,0.14119409779476386,-0.007759298020830106,5.0318161757760915e-05,0.0
wcf_sensitivity_v1_logit_f3,IC1,1000,49,10,drf,reference_tcate_rmse,REF-TCATE native vs INTERIOR,REF-TCATE-K,REF-TCATE-INTERIOR,10,0.13343479977393377,0.1557690379109612,-0.02233423813702743,0.0011347715976609111,3.094250156158677e-86
wcf_sensitivity_v1_logit_f3,IC1,1000,49,10,drf,kernel_law_error,LAW-A native vs COMMON199,LAW-A-K,LAW-A-COMMON199,10,0.056992609085303,0.07211740662822261,-0.015124797542919594,0.00021601802384360486,0.0
wcf_sensitivity_v1_logit_f3,IC1,1000,49,25,cwdb_dr,reference_tcate_rmse,REF-TCATE native vs COMMON199,REF-TCATE-K,REF-TCATE-COMMON199,10,0.029766920710564537,0.02803976493785345,0.0017271557727110858,0.0009275863488953466,0.06260461119575404
wcf_sensitivity_v1_logit_f3,IC1,1000,49,25,cwdb_dr,reference_tcate_rmse,REF-TCATE native vs INTERIOR,REF-TCATE-K,REF-TCATE-INTERIOR,10,0.029766920710564537,0.03020773646631929,-0.0004408157557547518,0.00119710113924085,0.7126972563477156
wcf_sensitivity_v1_logit_f3,IC1,1000,49,25,cwdb_dr,kernel_law_error,LAW-A native vs COMMON199,LAW-A-K,LAW-A-COMMON199,10,0.017067528590906506,0.03434950737699585,-0.017281978786089353,0.00030801838392864296,0.0
wcf_sensitivity_v1_logit_f3,IC2,1000,5,10,causal_drf,reference_tcate_rmse,REF-TCATE native vs COMMON199,REF-TCATE-K,REF-TCATE-COMMON199,10,0.16703187177714407,0.21312270816275664,-0.04609083638561258,0.00028841166749015264,0.0
wcf_sensitivity_v1_logit_f3,IC2,1000,5,10,causal_drf,reference_tcate_rmse,REF-TCATE native vs INTERIOR,REF-TCATE-K,REF-TCATE-INTERIOR,10,0.16703187177714407,0.18100499033570322,-0.013973118558559164,0.00028225112255331636,0.0
wcf_sensitivity_v1_logit_f3,IC2,1000,5,10,causal_drf,kernel_law_error,LAW-A native vs COMMON199,LAW-A-K,LAW-A-COMMON199,10,0.06321961555054077,0.26219414134381136,-0.19897452579327057,0.0023402546025638195,0.0
wcf_sensitivity_v1_logit_f3,IC2,1000,5,10,cwdb_dr,reference_tcate_rmse,REF-TCATE native vs COMMON199,REF-TCATE-K,REF-TCATE-COMMON199,10,0.03015855528524688,0.05193084949112101,-0.02177229420587413,0.004864199906792727,7.604457277826171e-06
wcf_sensitivity_v1_logit_f3,IC2,1000,5,10,cwdb_dr,reference_tcate_rmse,REF-TCATE native vs INTERIOR,REF-TCATE-K,REF-TCATE-INTERIOR,10,0.03015855528524688,0.0313391469550417,-0.0011805916697948198,0.0008104744036616785,0.1452082034345435
wcf_sensitivity_v1_logit_f3,IC2,1000,5,10,cwdb_dr,kernel_law_error,LAW-A native vs COMMON199,LAW-A-K,LAW-A-COMMON199,10,0.0190811572056102,0.24342217085575002,-0.22434101365013986,0.002523727190773631,0.0
wcf_sensitivity_v1_logit_f3,IC2,1000,5,10,drf,reference_tcate_rmse,REF-TCATE native vs COMMON199,REF-TCATE-K,REF-TCATE-COMMON199,10,0.19184300340915164,0.23847075554572267,-0.04662775213657104,0.0002651850414607464,0.0
wcf_sensitivity_v1_logit_f3,IC2,1000,5,10,drf,reference_tcate_rmse,REF-TCATE native vs INTERIOR,REF-TCATE-K,REF-TCATE-INTERIOR,10,0.19184300340915164,0.20749273874337693,-0.015649735334225305,0.00025020288388708347,0.0
wcf_sensitivity_v1_logit_f3,IC2,1000,5,10,drf,kernel_law_error,LAW-A native vs COMMON199,LAW-A-K,LAW-A-COMMON199,10,0.08438346797510284,0.2771568013072077,-0.19277333333210483,0.002202674560220139,0.0
wcf_sensitivity_v1_logit_f3,IC2,1000,25,5,cwdb_dr,reference_tcate_rmse,REF-TCATE native vs COMMON199,REF-TCATE-K,REF-TCATE-COMMON199,10,0.03298178730038544,0.03435564019019457,-0.001373852889809127,0.002684753599724683,0.6088441767146267
wcf_sensitivity_v1_logit_f3,IC2,1000,25,5,cwdb_dr,reference_tcate_rmse,REF-TCATE native vs INTERIOR,REF-TCATE-K,REF-TCATE-INTERIOR,10,0.03298178730038544,0.03300274532220641,-2.09580218209637e-05,0.0005473677209018248,0.9694574662401729
wcf_sensitivity_v1_logit_f3,IC2,1000,25,5,cwdb_dr,kernel_law_error,LAW-A native vs COMMON199,LAW-A-K,LAW-A-COMMON199,10,0.01668698490192294,0.06071495167495198,-0.04402796677302903,0.0005647420469679751,0.0
wcf_sensitivity_v1_logit_f3,IC2,1000,25,10,causal_drf,reference_tcate_rmse,REF-TCATE native vs COMMON199,REF-TCATE-K,REF-TCATE-COMMON199,10,0.15703625893954642,0.17601326941926781,-0.01897701047972141,0.00010205818581716453,0.0
wcf_sensitivity_v1_logit_f3,IC2,1000,25,10,causal_drf,reference_tcate_rmse,REF-TCATE native vs INTERIOR,REF-TCATE-K,REF-TCATE-INTERIOR,10,0.15703625893954642,0.18111148743777936,-0.02407522849823298,0.0008665589574763217,7.046856861339752e-170
wcf_sensitivity_v1_logit_f3,IC2,1000,25,10,causal_drf,kernel_law_error,LAW-A native vs COMMON199,LAW-A-K,LAW-A-COMMON199,10,0.04895140849481462,0.08806040962097299,-0.03910900112615838,0.000499872976881916,0.0
wcf_sensitivity_v1_logit_f3,IC2,1000,25,10,cwdb_dr,reference_tcate_rmse,REF-TCATE native vs COMMON199,REF-TCATE-K,REF-TCATE-COMMON199,10,0.030996427185799553,0.03416798151832571,-0.00317155433252615,0.0028214168991915686,0.26097066603935337
wcf_sensitivity_v1_logit_f3,IC2,1000,25,10,cwdb_dr,reference_tcate_rmse,REF-TCATE native vs INTERIOR,REF-TCATE-K,REF-TCATE-INTERIOR,10,0.030996427185799553,0.03147723168313451,-0.00048080449733495375,0.0005331928417654813,0.367191826042358
wcf_sensitivity_v1_logit_f3,IC2,1000,25,10,cwdb_dr,kernel_law_error,LAW-A native vs COMMON199,LAW-A-K,LAW-A-COMMON199,10,0.01720933789965291,0.0604651641656259,-0.04325582626597298,0.0006408001722757398,0.0
wcf_sensitivity_v1_logit_f3,IC2,1000,25,10,drf,reference_tcate_rmse,REF-TCATE native vs COMMON199,REF-TCATE-K,REF-TCATE-COMMON199,10,0.17958281963188472,0.1986923215906377,-0.01910950195875301,0.00010177552389502768,0.0
wcf_sensitivity_v1_logit_f3,IC2,1000,25,10,drf,reference_tcate_rmse,REF-TCATE native vs INTERIOR,REF-TCATE-K,REF-TCATE-INTERIOR,10,0.17958281963188472,0.20710310994849043,-0.027520290316605737,0.0008840559323473807,9.585527992262127e-213
wcf_sensitivity_v1_logit_f3,IC2,1000,25,10,drf,kernel_law_error,LAW-A native vs COMMON199,LAW-A-K,LAW-A-COMMON199,10,0.0723539336251651,0.10953283293115856,-0.03717889930599348,0.0004979518353148992,0.0
wcf_sensitivity_v1_logit_f3,IC2,1000,25,25,cwdb_dr,reference_tcate_rmse,REF-TCATE native vs COMMON199,REF-TCATE-K,REF-TCATE-COMMON199,10,0.033904114499562134,0.03449202131448819,-0.0005879068149260702,0.003038032366472198,0.8465551490198205
wcf_sensitivity_v1_logit_f3,IC2,1000,25,25,cwdb_dr,reference_tcate_rmse,REF-TCATE native vs INTERIOR,REF-TCATE-K,REF-TCATE-INTERIOR,10,0.033904114499562134,0.03307555675985241,0.0008285577397097212,0.00035177267794039716,0.018503856034478634
wcf_sensitivity_v1_logit_f3,IC2,1000,25,25,cwdb_dr,kernel_law_error,LAW-A native vs COMMON199,LAW-A-K,LAW-A-COMMON199,10,0.017370093984959135,0.06075093485050968,-0.04338084086555054,0.0006108668768906928,0.0
wcf_sensitivity_v1_logit_f3,IC2,1000,49,10,causal_drf,reference_tcate_rmse,REF-TCATE native vs COMMON199,REF-TCATE-K,REF-TCATE-COMMON199,10,0.1260126569326528,0.13649513292229448,-0.010482475989641695,6.373859196333647e-05,0.0
wcf_sensitivity_v1_logit_f3,IC2,1000,49,10,causal_drf,reference_tcate_rmse,REF-TCATE native vs INTERIOR,REF-TCATE-K,REF-TCATE-INTERIOR,10,0.1260126569326528,0.14681038982843916,-0.020797732895786368,0.0011388506954833155,1.659833695764806e-74
wcf_sensitivity_v1_logit_f3,IC2,1000,49,10,causal_drf,kernel_law_error,LAW-A native vs COMMON199,LAW-A-K,LAW-A-COMMON199,10,0.051093002103633246,0.06646500162717522,-0.015371999523541985,0.00022533775866287632,0.0
wcf_sensitivity_v1_logit_f3,IC2,1000,49,10,cwdb_dr,reference_tcate_rmse,REF-TCATE native vs COMMON199,REF-TCATE-K,REF-TCATE-COMMON199,10,0.03332732716125912,0.03297721408934503,0.0003501130719140884,0.0014491180267718277,0.8090868297418602
wcf_sensitivity_v1_logit_f3,IC2,1000,49,10,cwdb_dr,reference_tcate_rmse,REF-TCATE native vs INTERIOR,REF-TCATE-K,REF-TCATE-INTERIOR,10,0.03332732716125912,0.03348168722636376,-0.00015436006510464,0.000602579345996596,0.7978230141486203
wcf_sensitivity_v1_logit_f3,IC2,1000,49,10,cwdb_dr,kernel_law_error,LAW-A native vs COMMON199,LAW-A-K,LAW-A-COMMON199,10,0.01655843447469148,0.03401142471978655,-0.017452990245095067,0.00027901373542772734,0.0
wcf_sensitivity_v1_logit_f3,IC2,1000,49,10,drf,reference_tcate_rmse,REF-TCATE native vs COMMON199,REF-TCATE-K,REF-TCATE-COMMON199,10,0.16592689385476725,0.17655842843566133,-0.010631534580894084,6.12379985043271e-05,0.0
wcf_sensitivity_v1_logit_f3,IC2,1000,49,10,drf,reference_tcate_rmse,REF-TCATE native vs INTERIOR,REF-TCATE-K,REF-TCATE-INTERIOR,10,0.16592689385476725,0.1929605688241506,-0.027033674969383338,0.0010733572105693582,5.689422372007234e-140
wcf_sensitivity_v1_logit_f3,IC2,1000,49,10,drf,kernel_law_error,LAW-A native vs COMMON199,LAW-A-K,LAW-A-COMMON199,10,0.06804939905771767,0.08287303525777254,-0.014823636200054863,0.00021930361292636565,0.0
wcf_sensitivity_v1_logit_f3,IC3,1000,5,5,cwdb_dr,reference_tcate_rmse,REF-TCATE native vs COMMON199,REF-TCATE-K,REF-TCATE-COMMON199,10,0.0490813559167657,0.050749279928243476,-0.0016679240114777685,0.0008957161478652145,0.06258726966503325
wcf_sensitivity_v1_logit_f3,IC3,1000,5,5,cwdb_dr,reference_tcate_rmse,REF-TCATE native vs INTERIOR,REF-TCATE-K,REF-TCATE-INTERIOR,10,0.0490813559167657,0.05543091850147376,-0.006349562584708054,0.0016261174844501953,9.432755713878941e-05
wcf_sensitivity_v1_logit_f3,IC3,1000,5,5,cwdb_dr,kernel_law_error,LAW-A native vs COMMON199,LAW-A-K,LAW-A-COMMON199,10,0.02060205114128934,0.24711061227103043,-0.22650856112974113,0.0025595497889548667,0.0
wcf_sensitivity_v1_logit_f3,IC3,1000,5,10,causal_drf,reference_tcate_rmse,REF-TCATE native vs COMMON199,REF-TCATE-K,REF-TCATE-COMMON199,10,0.24269156443023032,0.25515852621819224,-0.01246696178796193,0.00029033992724081687,0.0
wcf_sensitivity_v1_logit_f3,IC3,1000,5,10,causal_drf,reference_tcate_rmse,REF-TCATE native vs INTERIOR,REF-TCATE-K,REF-TCATE-INTERIOR,10,0.24269156443023032,0.2697271062973314,-0.02703554186710111,0.0004233509498836926,0.0
wcf_sensitivity_v1_logit_f3,IC3,1000,5,10,causal_drf,kernel_law_error,LAW-A native vs COMMON199,LAW-A-K,LAW-A-COMMON199,10,0.07176614822904476,0.2707193290367922,-0.19895318080774743,0.0022615189946383024,0.0
wcf_sensitivity_v1_logit_f3,IC3,1000,5,10,cwdb_dr,reference_tcate_rmse,REF-TCATE native vs COMMON199,REF-TCATE-K,REF-TCATE-COMMON199,10,0.05312211142155965,0.05420501091933512,-0.0010828994977754702,0.0008612226020069646,0.2086095865187073
wcf_sensitivity_v1_logit_f3,IC3,1000,5,10,cwdb_dr,reference_tcate_rmse,REF-TCATE native vs INTERIOR,REF-TCATE-K,REF-TCATE-INTERIOR,10,0.05312211142155965,0.05822925248990161,-0.0051071410683419475,0.0016255981837507447,0.0016797030861285098
wcf_sensitivity_v1_logit_f3,IC3,1000,5,10,cwdb_dr,kernel_law_error,LAW-A native vs COMMON199,LAW-A-K,LAW-A-COMMON199,10,0.020361540833644526,0.2454339326111783,-0.22507239177753377,0.002685253387408652,0.0
wcf_sensitivity_v1_logit_f3,IC3,1000,5,10,drf,reference_tcate_rmse,REF-TCATE native vs COMMON199,REF-TCATE-K,REF-TCATE-COMMON199,10,0.28652068222737653,0.3003470575245854,-0.01382637529720887,0.00029963939007665797,0.0
wcf_sensitivity_v1_logit_f3,IC3,1000,5,10,drf,reference_tcate_rmse,REF-TCATE native vs INTERIOR,REF-TCATE-K,REF-TCATE-INTERIOR,10,0.28652068222737653,0.3164292686184484,-0.029908586391071877,0.0003509274910000366,0.0
wcf_sensitivity_v1_logit_f3,IC3,1000,5,10,drf,kernel_law_error,LAW-A native vs COMMON199,LAW-A-K,LAW-A-COMMON199,10,0.08899213250850764,0.28425728204235534,-0.1952651495338477,0.0021026003047359006,0.0
wcf_sensitivity_v1_logit_f3,IC3,1000,5,25,cwdb_dr,reference_tcate_rmse,REF-TCATE native vs COMMON199,REF-TCATE-K,REF-TCATE-COMMON199,10,0.044308994718855126,0.045628614351994674,-0.0013196196331395412,0.0007616060517662105,0.08315254736812125
wcf_sensitivity_v1_logit_f3,IC3,1000,5,25,cwdb_dr,reference_tcate_rmse,REF-TCATE native vs INTERIOR,REF-TCATE-K,REF-TCATE-INTERIOR,10,0.044308994718855126,0.050365477699906305,-0.006056482981051181,0.0011228425337311831,6.895053418614418e-08
wcf_sensitivity_v1_logit_f3,IC3,1000,5,25,cwdb_dr,kernel_law_error,LAW-A native vs COMMON199,LAW-A-K,LAW-A-COMMON199,10,0.020799172163916857,0.24477677175659177,-0.22397759959267485,0.0023373105882029794,0.0
wcf_sensitivity_v1_logit_f3,IC3,1000,25,5,cwdb_dr,reference_tcate_rmse,REF-TCATE native vs COMMON199,REF-TCATE-K,REF-TCATE-COMMON199,10,0.04625532636329866,0.04926204036643146,-0.003006714003132798,0.001120029364801679,0.007263931975771279
wcf_sensitivity_v1_logit_f3,IC3,1000,25,5,cwdb_dr,reference_tcate_rmse,REF-TCATE native vs INTERIOR,REF-TCATE-K,REF-TCATE-INTERIOR,10,0.04625532636329866,0.0498095054509406,-0.0035541790876419386,0.0013173871118067923,0.006977833473412372
wcf_sensitivity_v1_logit_f3,IC3,1000,25,5,cwdb_dr,kernel_law_error,LAW-A native vs COMMON199,LAW-A-K,LAW-A-COMMON199,10,0.018019514313515513,0.06144631526283719,-0.043426800949321685,0.0006094394606689075,0.0
wcf_sensitivity_v1_logit_f3,IC3,1000,25,10,causal_drf,reference_tcate_rmse,REF-TCATE native vs COMMON199,REF-TCATE-K,REF-TCATE-COMMON199,10,0.24673467423988962,0.2605030874547893,-0.013768413214899697,0.00010937503025064603,0.0
wcf_sensitivity_v1_logit_f3,IC3,1000,25,10,causal_drf,reference_tcate_rmse,REF-TCATE native vs INTERIOR,REF-TCATE-K,REF-TCATE-INTERIOR,10,0.24673467423988962,0.28611415721908234,-0.03937948297919276,0.0011111246661065365,3.9771906000148526e-275
wcf_sensitivity_v1_logit_f3,IC3,1000,25,10,causal_drf,kernel_law_error,LAW-A native vs COMMON199,LAW-A-K,LAW-A-COMMON199,10,0.06035883333923522,0.09844877898818416,-0.03808994564894893,0.0005148157871126001,0.0
wcf_sensitivity_v1_logit_f3,IC3,1000,25,10,cwdb_dr,reference_tcate_rmse,REF-TCATE native vs COMMON199,REF-TCATE-K,REF-TCATE-COMMON199,10,0.047361929972442214,0.050535431124839256,-0.0031735011523970494,0.0014051699829684882,0.023917839901166537
wcf_sensitivity_v1_logit_f3,IC3,1000,25,10,cwdb_dr,reference_tcate_rmse,REF-TCATE native vs INTERIOR,REF-TCATE-K,REF-TCATE-INTERIOR,10,0.047361929972442214,0.05063318377262319,-0.00327125380018098,0.0010416133969287273,0.001686227140412838
wcf_sensitivity_v1_logit_f3,IC3,1000,25,10,cwdb_dr,kernel_law_error,LAW-A native vs COMMON199,LAW-A-K,LAW-A-COMMON199,10,0.01878640647932004,0.06206760282867556,-0.043281196349355504,0.0007123148409381592,0.0
wcf_sensitivity_v1_logit_f3,IC3,1000,25,10,drf,reference_tcate_rmse,REF-TCATE native vs COMMON199,REF-TCATE-K,REF-TCATE-COMMON199,10,0.27017311486651646,0.28415184913576236,-0.013978734269245882,0.00011601769579545001,0.0
wcf_sensitivity_v1_logit_f3,IC3,1000,25,10,drf,reference_tcate_rmse,REF-TCATE native vs INTERIOR,REF-TCATE-K,REF-TCATE-INTERIOR,10,0.27017311486651646,0.31387843417151573,-0.04370531930499928,0.000994475320529943,0.0
wcf_sensitivity_v1_logit_f3,IC3,1000,25,10,drf,kernel_law_error,LAW-A native vs COMMON199,LAW-A-K,LAW-A-COMMON199,10,0.0773053822994694,0.1143958741023043,-0.03709049180283489,0.00048096796552288403,0.0
wcf_sensitivity_v1_logit_f3,IC3,1000,25,25,cwdb_dr,reference_tcate_rmse,REF-TCATE native vs COMMON199,REF-TCATE-K,REF-TCATE-COMMON199,10,0.04872993627622975,0.05258247436016483,-0.003852538083935086,0.0013201752377615082,0.00352056147625171
wcf_sensitivity_v1_logit_f3,IC3,1000,25,25,cwdb_dr,reference_tcate_rmse,REF-TCATE native vs INTERIOR,REF-TCATE-K,REF-TCATE-INTERIOR,10,0.04872993627622975,0.05339608968415125,-0.0046661534079215005,0.001462013911423435,0.0014149053848494682
wcf_sensitivity_v1_logit_f3,IC3,1000,25,25,cwdb_dr,kernel_law_error,LAW-A native vs COMMON199,LAW-A-K,LAW-A-COMMON199,10,0.01925706307636332,0.06183614568216626,-0.04257908260580295,0.0006966976556735457,0.0
wcf_sensitivity_v1_logit_f3,IC3,1000,49,5,cwdb_dr,reference_tcate_rmse,REF-TCATE native vs COMMON199,REF-TCATE-K,REF-TCATE-COMMON199,10,0.04224664182997549,0.044593957790742,-0.0023473159607665097,0.0008378247715102527,0.005083744985316473
wcf_sensitivity_v1_logit_f3,IC3,1000,49,5,cwdb_dr,reference_tcate_rmse,REF-TCATE native vs INTERIOR,REF-TCATE-K,REF-TCATE-INTERIOR,10,0.04224664182997549,0.04600507656836979,-0.0037584347383942986,0.001786593377795618,0.03540568712338702
wcf_sensitivity_v1_logit_f3,IC3,1000,49,5,cwdb_dr,kernel_law_error,LAW-A native vs COMMON199,LAW-A-K,LAW-A-COMMON199,10,0.018045000849715685,0.03539648762483366,-0.017351486775117986,0.0002485344067012924,0.0
wcf_sensitivity_v1_logit_f3,IC3,1000,49,10,causal_drf,reference_tcate_rmse,REF-TCATE native vs COMMON199,REF-TCATE-K,REF-TCATE-COMMON199,10,0.20754134125278018,0.21582114525339854,-0.008279804000618346,6.058103657247918e-05,0.0
wcf_sensitivity_v1_logit_f3,IC3,1000,49,10,causal_drf,reference_tcate_rmse,REF-TCATE native vs INTERIOR,REF-TCATE-K,REF-TCATE-INTERIOR,10,0.20754134125278018,0.24303144185624262,-0.035490100603462416,0.0012510134029940655,4.8688229268040145e-177
wcf_sensitivity_v1_logit_f3,IC3,1000,49,10,causal_drf,kernel_law_error,LAW-A native vs COMMON199,LAW-A-K,LAW-A-COMMON199,10,0.06601214131753788,0.08085201827567598,-0.014839876958138102,0.00024413740600709658,0.0
wcf_sensitivity_v1_logit_f3,IC3,1000,49,10,cwdb_dr,reference_tcate_rmse,REF-TCATE native vs COMMON199,REF-TCATE-K,REF-TCATE-COMMON199,10,0.05119979140810067,0.05340086532342246,-0.0022010739153217884,0.00086755816411009,0.011177792931367343
wcf_sensitivity_v1_logit_f3,IC3,1000,49,10,cwdb_dr,reference_tcate_rmse,REF-TCATE native vs INTERIOR,REF-TCATE-K,REF-TCATE-INTERIOR,10,0.05119979140810067,0.052599205366266444,-0.0013994139581657776,0.0012560346217232994,0.2652138222959556
wcf_sensitivity_v1_logit_f3,IC3,1000,49,10,cwdb_dr,kernel_law_error,LAW-A native vs COMMON199,LAW-A-K,LAW-A-COMMON199,10,0.01878133401236646,0.03612312341995194,-0.017341789407585483,0.00029562712729989894,0.0
wcf_sensitivity_v1_logit_f3,IC3,1000,49,10,drf,reference_tcate_rmse,REF-TCATE native vs COMMON199,REF-TCATE-K,REF-TCATE-COMMON199,10,0.2613403865212273,0.26997908925820596,-0.008638702736978601,6.614452869839483e-05,0.0
wcf_sensitivity_v1_logit_f3,IC3,1000,49,10,drf,reference_tcate_rmse,REF-TCATE native vs INTERIOR,REF-TCATE-K,REF-TCATE-INTERIOR,10,0.2613403865212273,0.3062100136397142,-0.044869627118486785,0.0010612444296667302,0.0
wcf_sensitivity_v1_logit_f3,IC3,1000,49,10,drf,kernel_law_error,LAW-A native vs COMMON199,LAW-A-K,LAW-A-COMMON199,10,0.07410097920275309,0.08882994294410322,-0.014728963741350114,0.0002187702615517282,0.0
wcf_sensitivity_v1_logit_f3,IC3,1000,49,25,cwdb_dr,reference_tcate_rmse,REF-TCATE native vs COMMON199,REF-TCATE-K,REF-TCATE-COMMON199,10,0.048960437682796586,0.05119012345356053,-0.0022296857707639487,0.0007125627575087571,0.0017533789530767227
wcf_sensitivity_v1_logit_f3,IC3,1000,49,25,cwdb_dr,reference_tcate_rmse,REF-TCATE native vs INTERIOR,REF-TCATE-K,REF-TCATE-INTERIOR,10,0.048960437682796586,0.05348412222581674,-0.004523684543020162,0.0013546200934864989,0.0008394480188517302
wcf_sensitivity_v1_logit_f3,IC3,1000,49,25,cwdb_dr,kernel_law_error,LAW-A native vs COMMON199,LAW-A-K,LAW-A-COMMON199,10,0.01867209019052842,0.03572031237555611,-0.017048222185027686,0.0002897528149626061,0.0
wcf_sensitivity_v1_sym,SYM-LIN,500,25,10,causal_drf,reference_tcate_rmse,REF-TCATE native vs COMMON199,REF-TCATE-K,REF-TCATE-COMMON199,10,0.05478106085613391,0.05467027002108491,0.00011079083504901172,5.5076021787184415e-05,0.04426229253186836
wcf_sensitivity_v1_sym,SYM-LIN,500,25,10,causal_drf,reference_tcate_rmse,REF-TCATE native vs INTERIOR,REF-TCATE-K,REF-TCATE-INTERIOR,10,0.05478106085613391,0.05727592646269601,-0.002494865606562101,0.00041695330269018186,2.1831094759702735e-09
wcf_sensitivity_v1_sym,SYM-LIN,500,25,10,causal_drf,kernel_law_error,LAW-A native vs COMMON199,LAW-A-K,LAW-A-COMMON199,10,0.059154311332291744,0.06864528000685706,-0.009490968674565314,0.00011306363251432591,0.0
wcf_sensitivity_v1_sym,SYM-LIN,500,25,10,cwdb_dr,reference_tcate_rmse,REF-TCATE native vs COMMON199,REF-TCATE-K,REF-TCATE-COMMON199,10,0.045173216880137444,0.045150958539107305,2.225834103014579e-05,8.741461469652923e-05,0.7990092599659402
wcf_sensitivity_v1_sym,SYM-LIN,500,25,10,cwdb_dr,reference_tcate_rmse,REF-TCATE native vs INTERIOR,REF-TCATE-K,REF-TCATE-INTERIOR,10,0.045173216880137444,0.046491376478666496,-0.0013181595985290457,0.0002714558329043517,1.1984736854689106e-06
wcf_sensitivity_v1_sym,SYM-LIN,500,25,10,cwdb_dr,kernel_law_error,LAW-A native vs COMMON199,LAW-A-K,LAW-A-COMMON199,10,0.03048650188702917,0.04065972570215222,-0.010173223815123048,0.00012060211661734547,0.0
wcf_sensitivity_v1_sym,SYM-LIN,500,25,10,drf,reference_tcate_rmse,REF-TCATE native vs COMMON199,REF-TCATE-K,REF-TCATE-COMMON199,10,0.04275554282721304,0.04267550829994356,8.003452726949734e-05,8.037582007048953e-05,0.3193697888238646
wcf_sensitivity_v1_sym,SYM-LIN,500,25,10,drf,reference_tcate_rmse,REF-TCATE native vs INTERIOR,REF-TCATE-K,REF-TCATE-INTERIOR,10,0.04275554282721304,0.044880424423304865,-0.0021248815960918186,0.00047152321423463324,6.593055710284851e-06
wcf_sensitivity_v1_sym,SYM-LIN,500,25,10,drf,kernel_law_error,LAW-A native vs COMMON199,LAW-A-K,LAW-A-COMMON199,10,0.0647198087034983,0.07417679541982991,-0.009456986716331588,0.00011082027535604264,0.0
wcf_sensitivity_v1_sym,SYM-LIN,1000,25,10,causal_drf,reference_tcate_rmse,REF-TCATE native vs COMMON199,REF-TCATE-K,REF-TCATE-COMMON199,10,0.03923257454504924,0.03920105053997826,3.152400507097676e-05,7.863141635409181e-05,0.6884874739211523
wcf_sensitivity_v1_sym,SYM-LIN,1000,25,10,causal_drf,reference_tcate_rmse,REF-TCATE native vs INTERIOR,REF-TCATE-K,REF-TCATE-INTERIOR,10,0.03923257454504924,0.04068072718117724,-0.0014481526361279952,0.000329264172765043,1.0917840939393766e-05
wcf_sensitivity_v1_sym,SYM-LIN,1000,25,10,causal_drf,kernel_law_error,LAW-A native vs COMMON199,LAW-A-K,LAW-A-COMMON199,10,0.04584688534991095,0.05552947073843752,-0.009682585388526564,0.00010782699212082912,0.0
wcf_sensitivity_v1_sym,SYM-LIN,1000,25,10,cwdb_dr,reference_tcate_rmse,REF-TCATE native vs COMMON199,REF-TCATE-K,REF-TCATE-COMMON199,10,0.034988045969588176,0.03492420152858437,6.384444100379673e-05,5.080067352471585e-05,0.20883922425521873
wcf_sensitivity_v1_sym,SYM-LIN,1000,25,10,cwdb_dr,reference_tcate_rmse,REF-TCATE native vs INTERIOR,REF-TCATE-K,REF-TCATE-INTERIOR,10,0.034988045969588176,0.0361584071988535,-0.0011703612292653209,0.00023234016643614524,4.722070024939326e-07
wcf_sensitivity_v1_sym,SYM-LIN,1000,25,10,cwdb_dr,kernel_law_error,LAW-A native vs COMMON199,LAW-A-K,LAW-A-COMMON199,10,0.023039429744346,0.03327666323114755,-0.010237233486801542,9.85127956885035e-05,0.0
wcf_sensitivity_v1_sym,SYM-LIN,1000,25,10,drf,reference_tcate_rmse,REF-TCATE native vs COMMON199,REF-TCATE-K,REF-TCATE-COMMON199,10,0.033959169125291545,0.03390226879332574,5.690033196579861e-05,8.483593419255346e-05,0.5024051218115853
wcf_sensitivity_v1_sym,SYM-LIN,1000,25,10,drf,reference_tcate_rmse,REF-TCATE native vs INTERIOR,REF-TCATE-K,REF-TCATE-INTERIOR,10,0.033959169125291545,0.035106307050614474,-0.0011471379253229312,0.00030608438172609754,0.000178404302668136
wcf_sensitivity_v1_sym,SYM-LIN,1000,25,10,drf,kernel_law_error,LAW-A native vs COMMON199,LAW-A-K,LAW-A-COMMON199,10,0.0516950399438986,0.06132239576799821,-0.009627355824099607,0.00011042182256897686,0.0
wcf_sensitivity_v1_sym,SYM-MU,500,25,10,causal_drf,reference_tcate_rmse,REF-TCATE native vs COMMON199,REF-TCATE-K,REF-TCATE-COMMON199,10,0.05708620541868742,0.05687739138975354,0.00020881402893387427,0.0001068112498270331,0.050585241150637165
wcf_sensitivity_v1_sym,SYM-MU,500,25,10,causal_drf,reference_tcate_rmse,REF-TCATE native vs INTERIOR,REF-TCATE-K,REF-TCATE-INTERIOR,10,0.05708620541868742,0.05842047106263677,-0.0013342656439493505,0.0002977530912082183,7.425431786055204e-06
wcf_sensitivity_v1_sym,SYM-MU,500,25,10,causal_drf,kernel_law_error,LAW-A native vs COMMON199,LAW-A-K,LAW-A-COMMON199,10,0.06053071020828843,0.07009282320397611,-0.009562112995687669,0.00010496440325725655,0.0
wcf_sensitivity_v1_sym,SYM-MU,500,25,10,cwdb_dr,reference_tcate_rmse,REF-TCATE native vs COMMON199,REF-TCATE-K,REF-TCATE-COMMON199,10,0.04614668986873148,0.04596207147274682,0.0001846183959846672,0.00010559340268296841,0.08039660570905457
wcf_sensitivity_v1_sym,SYM-MU,500,25,10,cwdb_dr,reference_tcate_rmse,REF-TCATE native vs INTERIOR,REF-TCATE-K,REF-TCATE-INTERIOR,10,0.04614668986873148,0.04679396282440051,-0.0006472729556690228,0.0002789824279705796,0.020334339225666898
wcf_sensitivity_v1_sym,SYM-MU,500,25,10,cwdb_dr,kernel_law_error,LAW-A native vs COMMON199,LAW-A-K,LAW-A-COMMON199,10,0.02732646504254609,0.037420330715862746,-0.010093865673316656,0.00011463389394133052,0.0
wcf_sensitivity_v1_sym,SYM-MU,500,25,10,drf,reference_tcate_rmse,REF-TCATE native vs COMMON199,REF-TCATE-K,REF-TCATE-COMMON199,10,0.05013507040236973,0.049930838984983766,0.00020423141738596835,0.00011012730422697197,0.06366722964580386
wcf_sensitivity_v1_sym,SYM-MU,500,25,10,drf,reference_tcate_rmse,REF-TCATE native vs INTERIOR,REF-TCATE-K,REF-TCATE-INTERIOR,10,0.05013507040236973,0.05132566728845032,-0.0011905968860805786,0.00034034165363551553,0.00046833896602300204
wcf_sensitivity_v1_sym,SYM-MU,500,25,10,drf,kernel_law_error,LAW-A native vs COMMON199,LAW-A-K,LAW-A-COMMON199,10,0.06882646183108915,0.07827981993338798,-0.009453358102298855,0.00010337158255000481,0.0
wcf_sensitivity_v1_sym,SYM-MU,1000,25,10,causal_drf,reference_tcate_rmse,REF-TCATE native vs COMMON199,REF-TCATE-K,REF-TCATE-COMMON199,10,0.046066230163647755,0.04602028724372372,4.594291992402813e-05,3.132089845289608e-05,0.1424180805950134
wcf_sensitivity_v1_sym,SYM-MU,1000,25,10,causal_drf,reference_tcate_rmse,REF-TCATE native vs INTERIOR,REF-TCATE-K,REF-TCATE-INTERIOR,10,0.046066230163647755,0.04736931679578305,-0.0013030866321352996,0.00016920795998800185,1.3490478540168136e-14
wcf_sensitivity_v1_sym,SYM-MU,1000,25,10,causal_drf,kernel_law_error,LAW-A native vs COMMON199,LAW-A-K,LAW-A-COMMON199,10,0.048223522389660156,0.057911311330303715,-0.00968778894064356,0.00011289678426666364,0.0
wcf_sensitivity_v1_sym,SYM-MU,1000,25,10,cwdb_dr,reference_tcate_rmse,REF-TCATE native vs COMMON199,REF-TCATE-K,REF-TCATE-COMMON199,10,0.0286986354944959,0.028564441264883028,0.00013419422961286794,5.7796292109425095e-05,0.020241098902193003
wcf_sensitivity_v1_sym,SYM-MU,1000,25,10,cwdb_dr,reference_tcate_rmse,REF-TCATE native vs INTERIOR,REF-TCATE-K,REF-TCATE-INTERIOR,10,0.0286986354944959,0.029675080240844198,-0.000976444746348306,0.00016550157450421398,3.6369522187424823e-09
wcf_sensitivity_v1_sym,SYM-MU,1000,25,10,cwdb_dr,kernel_law_error,LAW-A native vs COMMON199,LAW-A-K,LAW-A-COMMON199,10,0.02363687322588149,0.03373960873172537,-0.010102735505843882,0.00016168887546109937,0.0
wcf_sensitivity_v1_sym,SYM-MU,1000,25,10,drf,reference_tcate_rmse,REF-TCATE native vs COMMON199,REF-TCATE-K,REF-TCATE-COMMON199,10,0.04058175422809408,0.04058990725355302,-8.153025458943267e-06,3.3201178501937145e-05,0.8060194972411577
wcf_sensitivity_v1_sym,SYM-MU,1000,25,10,drf,reference_tcate_rmse,REF-TCATE native vs INTERIOR,REF-TCATE-K,REF-TCATE-INTERIOR,10,0.04058175422809408,0.041883681162511226,-0.0013019269344171514,0.00013534732422492557,6.637395709964024e-22
wcf_sensitivity_v1_sym,SYM-MU,1000,25,10,drf,kernel_law_error,LAW-A native vs COMMON199,LAW-A-K,LAW-A-COMMON199,10,0.053574741689196036,0.06320072066041667,-0.009625978971220632,0.00010873265569646243,0.0
wcf_sensitivity_v1_sym,SYM-NL,500,25,10,causal_drf,reference_tcate_rmse,REF-TCATE native vs COMMON199,REF-TCATE-K,REF-TCATE-COMMON199,10,0.08889840829236763,0.08871280093600367,0.00018560735636396556,9.34072040102134e-05,0.04691380571187368
wcf_sensitivity_v1_sym,SYM-NL,500,25,10,causal_drf,reference_tcate_rmse,REF-TCATE native vs INTERIOR,REF-TCATE-K,REF-TCATE-INTERIOR,10,0.08889840829236763,0.09153503796033743,-0.0026366296679698024,0.00031715185058215414,9.295026338275893e-17
wcf_sensitivity_v1_sym,SYM-NL,500,25,10,causal_drf,kernel_law_error,LAW-A native vs COMMON199,LAW-A-K,LAW-A-COMMON199,10,0.06711154846611832,0.07668576974695293,-0.00957422128083463,0.00011121188055646011,0.0
wcf_sensitivity_v1_sym,SYM-NL,500,25,10,cwdb_dr,reference_tcate_rmse,REF-TCATE native vs COMMON199,REF-TCATE-K,REF-TCATE-COMMON199,10,0.05969963521687353,0.05943598244872801,0.0002636527681455277,0.00013324624893701573,0.04785113274283211
wcf_sensitivity_v1_sym,SYM-NL,500,25,10,cwdb_dr,reference_tcate_rmse,REF-TCATE native vs INTERIOR,REF-TCATE-K,REF-TCATE-INTERIOR,10,0.05969963521687353,0.06217351887357788,-0.0024738836567043633,0.0005259764107465166,2.5584964914313975e-06
wcf_sensitivity_v1_sym,SYM-NL,500,25,10,cwdb_dr,kernel_law_error,LAW-A native vs COMMON199,LAW-A-K,LAW-A-COMMON199,10,0.029028240854596498,0.03917674409061407,-0.010148503236017571,0.00014858613558293353,0.0
wcf_sensitivity_v1_sym,SYM-NL,500,25,10,drf,reference_tcate_rmse,REF-TCATE native vs COMMON199,REF-TCATE-K,REF-TCATE-COMMON199,10,0.07457614920114564,0.07440903041624952,0.00016711878489611176,0.00010058595989035123,0.09662262043678813
wcf_sensitivity_v1_sym,SYM-NL,500,25,10,drf,reference_tcate_rmse,REF-TCATE native vs INTERIOR,REF-TCATE-K,REF-TCATE-INTERIOR,10,0.07457614920114564,0.07681050369436164,-0.002234354493215999,0.0002640090271309837,2.6019570771839338e-17
wcf_sensitivity_v1_sym,SYM-NL,500,25,10,drf,kernel_law_error,LAW-A native vs COMMON199,LAW-A-K,LAW-A-COMMON199,10,0.07912275636571446,0.0885216513844736,-0.009398895018759146,0.00011370002684816873,0.0
wcf_sensitivity_v1_sym,SYM-NL,1000,25,10,causal_drf,reference_tcate_rmse,REF-TCATE native vs COMMON199,REF-TCATE-K,REF-TCATE-COMMON199,10,0.08135784159863987,0.08115953370782125,0.00019830789081862893,6.995948056200664e-05,0.00458815615601159
wcf_sensitivity_v1_sym,SYM-NL,1000,25,10,causal_drf,reference_tcate_rmse,REF-TCATE native vs INTERIOR,REF-TCATE-K,REF-TCATE-INTERIOR,10,0.08135784159863987,0.08438372877044326,-0.0030258871718033846,0.00019690448762027106,2.713065474661092e-53
wcf_sensitivity_v1_sym,SYM-NL,1000,25,10,causal_drf,kernel_law_error,LAW-A native vs COMMON199,LAW-A-K,LAW-A-COMMON199,10,0.05342612125435074,0.06311526806056512,-0.00968914680621437,0.00010447730634760293,0.0
wcf_sensitivity_v1_sym,SYM-NL,1000,25,10,cwdb_dr,reference_tcate_rmse,REF-TCATE native vs COMMON199,REF-TCATE-K,REF-TCATE-COMMON199,10,0.041656364175153476,0.04146431093787309,0.0001920532372803839,0.00010963515536322478,0.07981703447234718
wcf_sensitivity_v1_sym,SYM-NL,1000,25,10,cwdb_dr,reference_tcate_rmse,REF-TCATE native vs INTERIOR,REF-TCATE-K,REF-TCATE-INTERIOR,10,0.041656364175153476,0.043499848918428764,-0.0018434847432752869,0.00034780321159595646,1.1556998797545539e-07
wcf_sensitivity_v1_sym,SYM-NL,1000,25,10,cwdb_dr,kernel_law_error,LAW-A native vs COMMON199,LAW-A-K,LAW-A-COMMON199,10,0.021998632074992107,0.032263264048521714,-0.01026463197352961,8.528356440344017e-05,0.0
wcf_sensitivity_v1_sym,SYM-NL,1000,25,10,drf,reference_tcate_rmse,REF-TCATE native vs COMMON199,REF-TCATE-K,REF-TCATE-COMMON199,10,0.07364319258183331,0.07346394625826633,0.00017924632356699637,5.95657016310444e-05,0.0026191904813412993
wcf_sensitivity_v1_sym,SYM-NL,1000,25,10,drf,reference_tcate_rmse,REF-TCATE native vs INTERIOR,REF-TCATE-K,REF-TCATE-INTERIOR,10,0.07364319258183331,0.07641937423395749,-0.0027761816521241654,0.00016668105227976685,2.753258533521442e-62
wcf_sensitivity_v1_sym,SYM-NL,1000,25,10,drf,kernel_law_error,LAW-A native vs COMMON199,LAW-A-K,LAW-A-COMMON199,10,0.06305818297561008,0.07263107439827485,-0.009572891422664789,0.00011045710415099739,0.0
wcf_sensitivity_v1_sym,SYM-RANDOM,500,25,10,causal_drf,reference_tcate_rmse,REF-TCATE native vs COMMON199,REF-TCATE-K,REF-TCATE-COMMON199,10,0.04223417775682562,0.04214828941379377,8.588834303185043e-05,3.3067407860471634e-05,0.009394025959128157
wcf_sensitivity_v1_sym,SYM-RANDOM,500,25,10,causal_drf,reference_tcate_rmse,REF-TCATE native vs INTERIOR,REF-TCATE-K,REF-TCATE-INTERIOR,10,0.04223417775682562,0.04377265299775225,-0.0015384752409266327,0.00023722040334978563,8.848174339361566e-11
wcf_sensitivity_v1_sym,SYM-RANDOM,500,25,10,causal_drf,kernel_law_error,LAW-A native vs COMMON199,LAW-A-K,LAW-A-COMMON199,10,0.05840002649276492,0.06792637663617859,-0.009526350143413664,0.00011134130900150323,0.0
wcf_sensitivity_v1_sym,SYM-RANDOM,500,25,10,cwdb_dr,reference_tcate_rmse,REF-TCATE native vs COMMON199,REF-TCATE-K,REF-TCATE-COMMON199,10,0.04442763699415645,0.04408743840240511,0.00034019859175133326,7.707708548442186e-05,1.0159767539551336e-05
wcf_sensitivity_v1_sym,SYM-RANDOM,500,25,10,cwdb_dr,reference_tcate_rmse,REF-TCATE native vs INTERIOR,REF-TCATE-K,REF-TCATE-INTERIOR,10,0.04442763699415645,0.045492175471923815,-0.0010645384777673724,0.00028869939241706,0.00022659303570159568
wcf_sensitivity_v1_sym,SYM-RANDOM,500,25,10,cwdb_dr,kernel_law_error,LAW-A native vs COMMON199,LAW-A-K,LAW-A-COMMON199,10,0.02889968663963196,0.03907366841063324,-0.010173981771001282,0.00014018559787456927,0.0
wcf_sensitivity_v1_sym,SYM-RANDOM,500,25,10,drf,reference_tcate_rmse,REF-TCATE native vs COMMON199,REF-TCATE-K,REF-TCATE-COMMON199,10,0.041709883521391725,0.04160701729062522,0.00010286623076650284,2.2400889016033687e-05,4.3889172964425515e-06
wcf_sensitivity_v1_sym,SYM-RANDOM,500,25,10,drf,reference_tcate_rmse,REF-TCATE native vs INTERIOR,REF-TCATE-K,REF-TCATE-INTERIOR,10,0.041709883521391725,0.04312832363457999,-0.0014184401131882656,0.00025792142574338275,3.8085938799259245e-08
wcf_sensitivity_v1_sym,SYM-RANDOM,500,25,10,drf,kernel_law_error,LAW-A native vs COMMON199,LAW-A-K,LAW-A-COMMON199,10,0.06545763609948382,0.07493882689438917,-0.00948119079490534,0.00010407246273356223,0.0
wcf_sensitivity_v1_sym,SYM-RANDOM,1000,25,10,causal_drf,reference_tcate_rmse,REF-TCATE native vs COMMON199,REF-TCATE-K,REF-TCATE-COMMON199,10,0.03127603747203881,0.031197234454212013,7.880301782679893e-05,4.524761957439675e-05,0.08157937630863896
wcf_sensitivity_v1_sym,SYM-RANDOM,1000,25,10,causal_drf,reference_tcate_rmse,REF-TCATE native vs INTERIOR,REF-TCATE-K,REF-TCATE-INTERIOR,10,0.03127603747203881,0.03272155413554011,-0.0014455166635012982,0.00011695289257009702,4.3112270889329076e-35
wcf_sensitivity_v1_sym,SYM-RANDOM,1000,25,10,causal_drf,kernel_law_error,LAW-A native vs COMMON199,LAW-A-K,LAW-A-COMMON199,10,0.048143642433458145,0.05777120245748989,-0.009627560024031747,0.00011386913976485438,0.0
wcf_sensitivity_v1_sym,SYM-RANDOM,1000,25,10,cwdb_dr,reference_tcate_rmse,REF-TCATE native vs COMMON199,REF-TCATE-K,REF-TCATE-COMMON199,10,0.02859516809102648,0.02847956705910844,0.00011560103191804051,8.079906052664123e-05,0.1525097690425979
wcf_sensitivity_v1_sym,SYM-RANDOM,1000,25,10,cwdb_dr,reference_tcate_rmse,REF-TCATE native vs INTERIOR,REF-TCATE-K,REF-TCATE-INTERIOR,10,0.02859516809102648,0.0293871085201855,-0.0007919404291590242,0.0001635250338580737,1.2793783091694495e-06
wcf_sensitivity_v1_sym,SYM-RANDOM,1000,25,10,cwdb_dr,kernel_law_error,LAW-A native vs COMMON199,LAW-A-K,LAW-A-COMMON199,10,0.023273550072227967,0.033463419490964416,-0.010189869418736449,0.00010182810174066558,0.0
wcf_sensitivity_v1_sym,SYM-RANDOM,1000,25,10,drf,reference_tcate_rmse,REF-TCATE native vs COMMON199,REF-TCATE-K,REF-TCATE-COMMON199,10,0.02753961021673827,0.027462588888390888,7.702132834738074e-05,4.471965040092781e-05,0.085012457071208
wcf_sensitivity_v1_sym,SYM-RANDOM,1000,25,10,drf,reference_tcate_rmse,REF-TCATE native vs INTERIOR,REF-TCATE-K,REF-TCATE-INTERIOR,10,0.02753961021673827,0.0288458671955872,-0.0013062569788489273,0.00016456806095478487,2.063173032774116e-15
wcf_sensitivity_v1_sym,SYM-RANDOM,1000,25,10,drf,kernel_law_error,LAW-A native vs COMMON199,LAW-A-K,LAW-A-COMMON199,10,0.04965422904734981,0.05929668617574792,-0.009642457128398105,0.00010522686174471291,0.0
wcf_sensitivity_v1_sym_null,SYM-LIN-NULL,500,25,10,causal_drf,reference_tcate_rmse,REF-TCATE native vs COMMON199,REF-TCATE-K,REF-TCATE-COMMON199,10,0.031247447760603418,0.03132920072316993,-8.175296256650727e-05,7.607473442543724e-05,0.28253587738129926
wcf_sensitivity_v1_sym_null,SYM-LIN-NULL,500,25,10,causal_drf,reference_tcate_rmse,REF-TCATE native vs INTERIOR,REF-TCATE-K,REF-TCATE-INTERIOR,10,0.031247447760603418,0.03303756749677178,-0.0017901197361683576,0.0004380514496333552,4.378326451054579e-05
wcf_sensitivity_v1_sym_null,SYM-LIN-NULL,500,25,10,causal_drf,kernel_law_error,LAW-A native vs COMMON199,LAW-A-K,LAW-A-COMMON199,10,0.06985279465237068,0.07923153777153699,-0.00937874311916631,0.0001107014283079375,0.0
wcf_sensitivity_v1_sym_null,SYM-LIN-NULL,500,25,10,cwdb_dr,reference_tcate_rmse,REF-TCATE native vs COMMON199,REF-TCATE-K,REF-TCATE-COMMON199,10,0.0554131059881983,0.05518619727177752,0.00022690871642077405,0.00012476671383482069,0.06896272486567277
wcf_sensitivity_v1_sym_null,SYM-LIN-NULL,500,25,10,cwdb_dr,reference_tcate_rmse,REF-TCATE native vs INTERIOR,REF-TCATE-K,REF-TCATE-INTERIOR,10,0.0554131059881983,0.05716674088317843,-0.0017536348949801176,0.0005114307166332903,0.000606075953252863
wcf_sensitivity_v1_sym_null,SYM-LIN-NULL,500,25,10,cwdb_dr,kernel_law_error,LAW-A native vs COMMON199,LAW-A-K,LAW-A-COMMON199,10,0.029541888037737975,0.0398855292363405,-0.010343641198602527,9.363442831561414e-05,0.0
wcf_sensitivity_v1_sym_null,SYM-LIN-NULL,500,25,10,drf,reference_tcate_rmse,REF-TCATE native vs COMMON199,REF-TCATE-K,REF-TCATE-COMMON199,10,0.03353262218882203,0.033609303723252534,-7.668153443050538e-05,8.827089775624652e-05,0.38500748821850805
wcf_sensitivity_v1_sym_null,SYM-LIN-NULL,500,25,10,drf,reference_tcate_rmse,REF-TCATE native vs INTERIOR,REF-TCATE-K,REF-TCATE-INTERIOR,10,0.03353262218882203,0.035310420280372436,-0.0017777980915504015,0.0005664069631443156,0.001696821601087866
wcf_sensitivity_v1_sym_null,SYM-LIN-NULL,500,25,10,drf,kernel_law_error,LAW-A native vs COMMON199,LAW-A-K,LAW-A-COMMON199,10,0.061950075952179814,0.07149139920815949,-0.009541323255979672,0.0001140065633840997,0.0
wcf_sensitivity_v1_sym_null,SYM-LIN-NULL,1000,25,10,causal_drf,reference_tcate_rmse,REF-TCATE native vs COMMON199,REF-TCATE-K,REF-TCATE-COMMON199,10,0.025660925648131844,0.025653900209427004,7.025438704840771e-06,8.126336195855117e-05,0.9311065389995468
wcf_sensitivity_v1_sym_null,SYM-LIN-NULL,1000,25,10,causal_drf,reference_tcate_rmse,REF-TCATE native vs INTERIOR,REF-TCATE-K,REF-TCATE-INTERIOR,10,0.025660925648131844,0.026631728663421027,-0.0009708030152891846,0.00020700046569905364,2.7339325730937412e-06
wcf_sensitivity_v1_sym_null,SYM-LIN-NULL,1000,25,10,causal_drf,kernel_law_error,LAW-A native vs COMMON199,LAW-A-K,LAW-A-COMMON199,10,0.05125384255617556,0.060884244429429656,-0.009630401873254105,0.00011198955376703294,0.0
wcf_sensitivity_v1_sym_null,SYM-LIN-NULL,1000,25,10,cwdb_dr,reference_tcate_rmse,REF-TCATE native vs COMMON199,REF-TCATE-K,REF-TCATE-COMMON199,10,0.032699620728164215,0.03257410815151173,0.00012551257665248532,9.511207534345224e-05,0.1869591832953813
wcf_sensitivity_v1_sym_null,SYM-LIN-NULL,1000,25,10,cwdb_dr,reference_tcate_rmse,REF-TCATE native vs INTERIOR,REF-TCATE-K,REF-TCATE-INTERIOR,10,0.032699620728164215,0.03380023199126621,-0.00110061126310199,0.00023338739055513925,2.4074761497304075e-06
wcf_sensitivity_v1_sym_null,SYM-LIN-NULL,1000,25,10,cwdb_dr,kernel_law_error,LAW-A native vs COMMON199,LAW-A-K,LAW-A-COMMON199,10,0.020084848327983514,0.030392578745111403,-0.010307730417127894,0.00011401751496166537,0.0
wcf_sensitivity_v1_sym_null,SYM-LIN-NULL,1000,25,10,drf,reference_tcate_rmse,REF-TCATE native vs COMMON199,REF-TCATE-K,REF-TCATE-COMMON199,10,0.031062815372865028,0.03105239865679486,1.0416716070159141e-05,5.580146277616462e-05,0.8519157676704926
wcf_sensitivity_v1_sym_null,SYM-LIN-NULL,1000,25,10,drf,reference_tcate_rmse,REF-TCATE native vs INTERIOR,REF-TCATE-K,REF-TCATE-INTERIOR,10,0.031062815372865028,0.03234514130264153,-0.0012823259297765094,0.00020201024901551115,2.1837873925634302e-10
wcf_sensitivity_v1_sym_null,SYM-LIN-NULL,1000,25,10,drf,kernel_law_error,LAW-A native vs COMMON199,LAW-A-K,LAW-A-COMMON199,10,0.04874318877066688,0.05846206265150673,-0.009718873880839852,0.00011339825757444871,0.0
wcf_sensitivity_v1_sym_null,SYM-MU-NULL,500,25,10,causal_drf,reference_tcate_rmse,REF-TCATE native vs COMMON199,REF-TCATE-K,REF-TCATE-COMMON199,10,0.05685324739620186,0.056575127665642364,0.000278119730559484,6.0411811261836126e-05,4.149883442291914e-06
wcf_sensitivity_v1_sym_null,SYM-MU-NULL,500,25,10,causal_drf,reference_tcate_rmse,REF-TCATE native vs INTERIOR,REF-TCATE-K,REF-TCATE-INTERIOR,10,0.05685324739620186,0.058556806035466535,-0.001703558639264679,0.00039269846975661054,1.4373073974662487e-05
wcf_sensitivity_v1_sym_null,SYM-MU-NULL,500,25,10,causal_drf,kernel_law_error,LAW-A native vs COMMON199,LAW-A-K,LAW-A-COMMON199,10,0.07072896527181302,0.08016608370248567,-0.00943711843067266,0.00010310944359856449,0.0
wcf_sensitivity_v1_sym_null,SYM-MU-NULL,500,25,10,cwdb_dr,reference_tcate_rmse,REF-TCATE native vs COMMON199,REF-TCATE-K,REF-TCATE-COMMON199,10,0.03950816849912403,0.039456548712056935,5.161978706709966e-05,6.123009736772602e-05,0.39920273229021763
wcf_sensitivity_v1_sym_null,SYM-MU-NULL,500,25,10,cwdb_dr,reference_tcate_rmse,REF-TCATE native vs INTERIOR,REF-TCATE-K,REF-TCATE-INTERIOR,10,0.03950816849912403,0.04064794198636977,-0.001139773487245738,0.0003346100182337264,0.0006585599008894981
wcf_sensitivity_v1_sym_null,SYM-MU-NULL,500,25,10,cwdb_dr,kernel_law_error,LAW-A native vs COMMON199,LAW-A-K,LAW-A-COMMON199,10,0.02508793171759217,0.0353392496084388,-0.010251317890846632,0.00014209132987701042,0.0
wcf_sensitivity_v1_sym_null,SYM-MU-NULL,500,25,10,drf,reference_tcate_rmse,REF-TCATE native vs COMMON199,REF-TCATE-K,REF-TCATE-COMMON199,10,0.0655946766982384,0.065259124139601,0.0003355525586374121,6.282058264581723e-05,9.220963345783136e-08
wcf_sensitivity_v1_sym_null,SYM-MU-NULL,500,25,10,drf,reference_tcate_rmse,REF-TCATE native vs INTERIOR,REF-TCATE-K,REF-TCATE-INTERIOR,10,0.0655946766982384,0.0676825383487702,-0.0020878616505317937,0.00040872698200762955,3.2523184306162336e-07
wcf_sensitivity_v1_sym_null,SYM-MU-NULL,500,25,10,drf,kernel_law_error,LAW-A native vs COMMON199,LAW-A-K,LAW-A-COMMON199,10,0.06601218626947536,0.07554796017964631,-0.009535773910170962,0.00011001790618025677,0.0
wcf_sensitivity_v1_sym_null,SYM-MU-NULL,1000,25,10,causal_drf,reference_tcate_rmse,REF-TCATE native vs COMMON199,REF-TCATE-K,REF-TCATE-COMMON199,10,0.05753054650500065,0.05738159046832951,0.00014895603667113634,4.104475214285606e-05,0.00028439692375485675
wcf_sensitivity_v1_sym_null,SYM-MU-NULL,1000,25,10,causal_drf,reference_tcate_rmse,REF-TCATE native vs INTERIOR,REF-TCATE-K,REF-TCATE-INTERIOR,10,0.05753054650500065,0.059650296667772704,-0.002119750162772066,0.0001208230123795415,6.580608124482491e-69
wcf_sensitivity_v1_sym_null,SYM-MU-NULL,1000,25,10,causal_drf,kernel_law_error,LAW-A native vs COMMON199,LAW-A-K,LAW-A-COMMON199,10,0.0530948848349256,0.06274708459332372,-0.00965219975839811,0.00011502526692548504,0.0
wcf_sensitivity_v1_sym_null,SYM-MU-NULL,1000,25,10,cwdb_dr,reference_tcate_rmse,REF-TCATE native vs COMMON199,REF-TCATE-K,REF-TCATE-COMMON199,10,0.031743646314521305,0.03168521447680685,5.843183771446214e-05,3.0095287851563158e-05,0.052190265895666804
wcf_sensitivity_v1_sym_null,SYM-MU-NULL,1000,25,10,cwdb_dr,reference_tcate_rmse,REF-TCATE native vs INTERIOR,REF-TCATE-K,REF-TCATE-INTERIOR,10,0.031743646314521305,0.03309613560428311,-0.001352489289761799,0.0002522713139834104,8.264857384553694e-08
wcf_sensitivity_v1_sym_null,SYM-MU-NULL,1000,25,10,cwdb_dr,kernel_law_error,LAW-A native vs COMMON199,LAW-A-K,LAW-A-COMMON199,10,0.021907412991829727,0.03209546119797315,-0.01018804820614343,0.00011662001986582787,0.0
wcf_sensitivity_v1_sym_null,SYM-MU-NULL,1000,25,10,drf,reference_tcate_rmse,REF-TCATE native vs COMMON199,REF-TCATE-K,REF-TCATE-COMMON199,10,0.05653767091189614,0.056448215790341406,8.945512155473858e-05,3.9480542363439575e-05,0.023463462794484018
wcf_sensitivity_v1_sym_null,SYM-MU-NULL,1000,25,10,drf,reference_tcate_rmse,REF-TCATE native vs INTERIOR,REF-TCATE-K,REF-TCATE-INTERIOR,10,0.05653767091189614,0.058793265027417274,-0.002255594115521132,0.0001567006113343394,5.619866632602827e-47
wcf_sensitivity_v1_sym_null,SYM-MU-NULL,1000,25,10,drf,kernel_law_error,LAW-A native vs COMMON199,LAW-A-K,LAW-A-COMMON199,10,0.05043243638860068,0.06014865838366594,-0.009716221995065269,0.00011454353249769514,0.0
wcf_sensitivity_v1_sym_null,SYM-NL-NULL,500,25,10,causal_drf,reference_tcate_rmse,REF-TCATE native vs COMMON199,REF-TCATE-K,REF-TCATE-COMMON199,10,0.09577152293380946,0.09543262409399322,0.0003388988398162332,5.878476167972606e-05,8.161923178860512e-09
wcf_sensitivity_v1_sym_null,SYM-NL-NULL,500,25,10,causal_drf,reference_tcate_rmse,REF-TCATE native vs INTERIOR,REF-TCATE-K,REF-TCATE-INTERIOR,10,0.09577152293380946,0.09903823747645006,-0.0032667145426405917,0.0002514490716147391,1.3662192943655632e-38
wcf_sensitivity_v1_sym_null,SYM-NL-NULL,500,25,10,causal_drf,kernel_law_error,LAW-A native vs COMMON199,LAW-A-K,LAW-A-COMMON199,10,0.07410922102801751,0.08364129558009346,-0.009532074552075963,0.00011505425262475507,0.0
wcf_sensitivity_v1_sym_null,SYM-NL-NULL,500,25,10,cwdb_dr,reference_tcate_rmse,REF-TCATE native vs COMMON199,REF-TCATE-K,REF-TCATE-COMMON199,10,0.05712670618730038,0.0569333168444721,0.00019338934282827415,0.00012241742729929275,0.1141633590441592
wcf_sensitivity_v1_sym_null,SYM-NL-NULL,500,25,10,cwdb_dr,reference_tcate_rmse,REF-TCATE native vs INTERIOR,REF-TCATE-K,REF-TCATE-INTERIOR,10,0.05712670618730038,0.05898535279674685,-0.0018586466094464664,0.0004341975159841599,1.86350138728941e-05
wcf_sensitivity_v1_sym_null,SYM-NL-NULL,500,25,10,cwdb_dr,kernel_law_error,LAW-A native vs COMMON199,LAW-A-K,LAW-A-COMMON199,10,0.02567014162467196,0.03596033796730483,-0.010290196342632868,0.0001008732237162477,0.0
wcf_sensitivity_v1_sym_null,SYM-NL-NULL,500,25,10,drf,reference_tcate_rmse,REF-TCATE native vs COMMON199,REF-TCATE-K,REF-TCATE-COMMON199,10,0.1019718551199162,0.10161520487435086,0.00035665024556536115,4.7945196249899804e-05,1.0167589980680056e-13
wcf_sensitivity_v1_sym_null,SYM-NL-NULL,500,25,10,drf,reference_tcate_rmse,REF-TCATE native vs INTERIOR,REF-TCATE-K,REF-TCATE-INTERIOR,10,0.1019718551199162,0.10551813496505957,-0.0035462798451433826,0.0001639611189172204,9.62851739638632e-104
wcf_sensitivity_v1_sym_null,SYM-NL-NULL,500,25,10,drf,kernel_law_error,LAW-A native vs COMMON199,LAW-A-K,LAW-A-COMMON199,10,0.07647428075268119,0.08595799453748924,-0.00948371378480806,0.00011571853958070742,0.0
wcf_sensitivity_v1_sym_null,SYM-NL-NULL,1000,25,10,causal_drf,reference_tcate_rmse,REF-TCATE native vs COMMON199,REF-TCATE-K,REF-TCATE-COMMON199,10,0.09787859606337916,0.09761798660770431,0.0002606094556748623,4.088536874647878e-05,1.839809710190041e-10
wcf_sensitivity_v1_sym_null,SYM-NL-NULL,1000,25,10,causal_drf,reference_tcate_rmse,REF-TCATE native vs INTERIOR,REF-TCATE-K,REF-TCATE-INTERIOR,10,0.09787859606337916,0.10171330769320734,-0.003834711629828176,0.00021227381792921412,6.019845356548548e-73
wcf_sensitivity_v1_sym_null,SYM-NL-NULL,1000,25,10,causal_drf,kernel_law_error,LAW-A native vs COMMON199,LAW-A-K,LAW-A-COMMON199,10,0.05712733624411489,0.06681105128676136,-0.009683715042646472,0.00010819065885963279,0.0
wcf_sensitivity_v1_sym_null,SYM-NL-NULL,1000,25,10,cwdb_dr,reference_tcate_rmse,REF-TCATE native vs COMMON199,REF-TCATE-K,REF-TCATE-COMMON199,10,0.04869166570747517,0.048619661757408686,7.200395006648243e-05,7.44862536760594e-05,0.3337068588798974
wcf_sensitivity_v1_sym_null,SYM-NL-NULL,1000,25,10,cwdb_dr,reference_tcate_rmse,REF-TCATE native vs INTERIOR,REF-TCATE-K,REF-TCATE-INTERIOR,10,0.04869166570747517,0.05065766798525364,-0.0019660022777784653,0.0003657101668275995,7.622306583799447e-08
wcf_sensitivity_v1_sym_null,SYM-NL-NULL,1000,25,10,cwdb_dr,kernel_law_error,LAW-A native vs COMMON199,LAW-A-K,LAW-A-COMMON199,10,0.021671998169453543,0.031890558807828595,-0.010218560638375052,0.00019138717936033404,0.0
wcf_sensitivity_v1_sym_null,SYM-NL-NULL,1000,25,10,drf,reference_tcate_rmse,REF-TCATE native vs COMMON199,REF-TCATE-K,REF-TCATE-COMMON199,10,0.10570586717903296,0.1053801161393521,0.00032575103968085636,4.5231417142276465e-05,5.938986434313315e-13
wcf_sensitivity_v1_sym_null,SYM-NL-NULL,1000,25,10,drf,reference_tcate_rmse,REF-TCATE native vs INTERIOR,REF-TCATE-K,REF-TCATE-INTERIOR,10,0.10570586717903296,0.1098437550871932,-0.004137887908160234,0.00021127021252653115,2.0452701367732075e-85
wcf_sensitivity_v1_sym_null,SYM-NL-NULL,1000,25,10,drf,kernel_law_error,LAW-A native vs COMMON199,LAW-A-K,LAW-A-COMMON199,10,0.06040378531983061,0.0700594141173168,-0.009655628797486198,0.00011663260660618627,0.0
wcf_sensitivity_v1_sym_null,SYM-RANDOM-NULL,500,25,10,causal_drf,reference_tcate_rmse,REF-TCATE native vs COMMON199,REF-TCATE-K,REF-TCATE-COMMON199,10,0.019860148563952223,0.019926936279624066,-6.678771567184046e-05,5.091949370387954e-05,0.18964381142568398
wcf_sensitivity_v1_sym_null,SYM-RANDOM-NULL,500,25,10,causal_drf,reference_tcate_rmse,REF-TCATE native vs INTERIOR,REF-TCATE-K,REF-TCATE-INTERIOR,10,0.019860148563952223,0.02053233663630214,-0.0006721880723499152,0.00021182766360953144,0.001507281047225703
wcf_sensitivity_v1_sym_null,SYM-RANDOM-NULL,500,25,10,causal_drf,kernel_law_error,LAW-A native vs COMMON199,LAW-A-K,LAW-A-COMMON199,10,0.07353789987222559,0.0828378779863227,-0.009299978114097105,0.00010982278416257368,0.0
wcf_sensitivity_v1_sym_null,SYM-RANDOM-NULL,500,25,10,cwdb_dr,reference_tcate_rmse,REF-TCATE native vs COMMON199,REF-TCATE-K,REF-TCATE-COMMON199,10,0.035325851980579547,0.03532599803268198,-1.4605210243850974e-07,6.931746786759256e-05,0.9983188561993148
wcf_sensitivity_v1_sym_null,SYM-RANDOM-NULL,500,25,10,cwdb_dr,reference_tcate_rmse,REF-TCATE native vs INTERIOR,REF-TCATE-K,REF-TCATE-INTERIOR,10,0.035325851980579547,0.036489228553638925,-0.0011633765730593825,0.0003065839492779738,0.00014785617041460013
wcf_sensitivity_v1_sym_null,SYM-RANDOM-NULL,500,25,10,cwdb_dr,kernel_law_error,LAW-A native vs COMMON199,LAW-A-K,LAW-A-COMMON199,10,0.027681502287921073,0.038015391948658064,-0.010333889660736997,0.00015318007039051123,0.0
wcf_sensitivity_v1_sym_null,SYM-RANDOM-NULL,500,25,10,drf,reference_tcate_rmse,REF-TCATE native vs COMMON199,REF-TCATE-K,REF-TCATE-COMMON199,10,0.021635269192611047,0.02168542038019926,-5.015118758821312e-05,5.018413549962601e-05,0.3176283392663046
wcf_sensitivity_v1_sym_null,SYM-RANDOM-NULL,500,25,10,drf,reference_tcate_rmse,REF-TCATE native vs INTERIOR,REF-TCATE-K,REF-TCATE-INTERIOR,10,0.021635269192611047,0.02257609629822415,-0.0009408271056131045,0.00031355161535571204,0.0026949305205890813
wcf_sensitivity_v1_sym_null,SYM-RANDOM-NULL,500,25,10,drf,kernel_law_error,LAW-A native vs COMMON199,LAW-A-K,LAW-A-COMMON199,10,0.062323433324842456,0.07188535261844615,-0.009561919293603689,0.0001077322521143598,0.0
wcf_sensitivity_v1_sym_null,SYM-RANDOM-NULL,1000,25,10,causal_drf,reference_tcate_rmse,REF-TCATE native vs COMMON199,REF-TCATE-K,REF-TCATE-COMMON199,10,0.01872444641094568,0.01863456684150895,8.987956943672469e-05,6.400642584705054e-05,0.16025118008379513
wcf_sensitivity_v1_sym_null,SYM-RANDOM-NULL,1000,25,10,causal_drf,reference_tcate_rmse,REF-TCATE native vs INTERIOR,REF-TCATE-K,REF-TCATE-INTERIOR,10,0.01872444641094568,0.019338563949631217,-0.0006141175386855412,0.0001514904005480803,5.0384119384816964e-05
wcf_sensitivity_v1_sym_null,SYM-RANDOM-NULL,1000,25,10,causal_drf,kernel_law_error,LAW-A native vs COMMON199,LAW-A-K,LAW-A-COMMON199,10,0.058664698944073224,0.06812403575931103,-0.00945933681523781,0.00011139196016719975,0.0
wcf_sensitivity_v1_sym_null,SYM-RANDOM-NULL,1000,25,10,cwdb_dr,reference_tcate_rmse,REF-TCATE native vs COMMON199,REF-TCATE-K,REF-TCATE-COMMON199,10,0.0317203878896456,0.03154214294979014,0.00017824493985546565,6.605914929355174e-05,0.006970240803466138
wcf_sensitivity_v1_sym_null,SYM-RANDOM-NULL,1000,25,10,cwdb_dr,reference_tcate_rmse,REF-TCATE native vs INTERIOR,REF-TCATE-K,REF-TCATE-INTERIOR,10,0.0317203878896456,0.032619389496154255,-0.0008990016065086551,0.00021120591592122247,2.076361020042383e-05
wcf_sensitivity_v1_sym_null,SYM-RANDOM-NULL,1000,25,10,cwdb_dr,kernel_law_error,LAW-A native vs COMMON199,LAW-A-K,LAW-A-COMMON199,10,0.021591233621001477,0.03190969125249658,-0.010318457631495108,0.00011200393026055021,0.0
wcf_sensitivity_v1_sym_null,SYM-RANDOM-NULL,1000,25,10,drf,reference_tcate_rmse,REF-TCATE native vs COMMON199,REF-TCATE-K,REF-TCATE-COMMON199,10,0.02282376077180536,0.02273762637333459,8.613439847078089e-05,6.556712157998144e-05,0.1889529786704166
wcf_sensitivity_v1_sym_null,SYM-RANDOM-NULL,1000,25,10,drf,reference_tcate_rmse,REF-TCATE native vs INTERIOR,REF-TCATE-K,REF-TCATE-INTERIOR,10,0.02282376077180536,0.023779898058134054,-0.0009561372863286866,0.00015290776034916222,4.025567831423069e-10
wcf_sensitivity_v1_sym_null,SYM-RANDOM-NULL,1000,25,10,drf,kernel_law_error,LAW-A native vs COMMON199,LAW-A-K,LAW-A-COMMON199,10,0.046276006586691884,0.056010998627232675,-0.009734992040540801,0.00010963617057565644,0.0
