grid,dgp,n_train,n_grid,n_particles,method,metric,target_id,n_seeds,mean,sd,mc_se,median
wcf_sensitivity_v1_align,SYM-ALIGN,500,25,10,causal_drf,arm_energy_risk,LAW-A-M-K,10,0.0792734979047042,0.006303467553984819,0.001993331462756241,0.07768349682485379
wcf_sensitivity_v1_align,SYM-ALIGN,500,25,10,causal_drf,barycenter_rmse,MEANQ-A-K,10,0.2785856567428294,0.011231370303388548,0.0035516711403484158,0.2764974802147052
wcf_sensitivity_v1_align,SYM-ALIGN,500,25,10,causal_drf,diagnostic_effective_support,NONE_OPERATIONAL,10,89.75043103263798,1.9264438618294881,0.609195038783189,90.21858673192091
wcf_sensitivity_v1_align,SYM-ALIGN,500,25,10,causal_drf,kernel_law_error,LAW-A-COMMON199,10,0.07349164664075715,0.006133103974044837,0.0019394577684611895,0.07205759952151922
wcf_sensitivity_v1_align,SYM-ALIGN,500,25,10,causal_drf,kernel_law_error,LAW-A-INTERIOR,10,0.06338606296759249,0.00620152668638481,0.0019610949299292716,0.061748148389595324
wcf_sensitivity_v1_align,SYM-ALIGN,500,25,10,causal_drf,kernel_law_error,LAW-A-K,10,0.06394219197949196,0.006182010630567138,0.0019549234111965897,0.062373058581885084
wcf_sensitivity_v1_align,SYM-ALIGN,500,25,10,causal_drf,mean_quantile_rmse,MEANQ-A-COMMON199,10,0.2284776709885373,0.021426694642836062,0.006775715780028997,0.2267338275898944
wcf_sensitivity_v1_align,SYM-ALIGN,500,25,10,causal_drf,mean_quantile_rmse,MEANQ-A-INTERIOR,10,0.2284388013823792,0.021417564080096874,0.006772828442571506,0.2267083942751248
wcf_sensitivity_v1_align,SYM-ALIGN,500,25,10,causal_drf,mean_quantile_rmse,MEANQ-A-K,10,0.22847818699401717,0.021426815921683696,0.006775754131768049,0.2267341652345155
wcf_sensitivity_v1_align,SYM-ALIGN,500,25,10,causal_drf,mode_coverage,LAW-A-K,10,1.0,0.0,0.0,1.0
wcf_sensitivity_v1_align,SYM-ALIGN,500,25,10,causal_drf,peak_ram,NONE_OPERATIONAL,10,304.79688,0.24411149001133475,0.07719483114532603,304.86524999999995
wcf_sensitivity_v1_align,SYM-ALIGN,500,25,10,causal_drf,process_peak_ram,NONE_OPERATIONAL,10,201.230078125,14.604960996001179,4.618494188528505,196.677734375
wcf_sensitivity_v1_align,SYM-ALIGN,500,25,10,causal_drf,reference_effect_rmse,REF-ATE-COMMON199,10,0.058546918897302756,0.02124887009993459,0.006719482722084299,0.05496935797039492
wcf_sensitivity_v1_align,SYM-ALIGN,500,25,10,causal_drf,reference_effect_rmse,REF-ATE-K,10,0.05859360016552233,0.02121626057222159,0.006709170683984753,0.05513662455123264
wcf_sensitivity_v1_align,SYM-ALIGN,500,25,10,causal_drf,reference_tcate_rmse,REF-TCATE-COMMON199,10,0.07430139546127126,0.020106935579880178,0.006358371319869982,0.07231241355349294
wcf_sensitivity_v1_align,SYM-ALIGN,500,25,10,causal_drf,reference_tcate_rmse,REF-TCATE-INTERIOR,10,0.07682583424015577,0.020858906228476734,0.006596165318185904,0.07457358873530753
wcf_sensitivity_v1_align,SYM-ALIGN,500,25,10,causal_drf,reference_tcate_rmse,REF-TCATE-K,10,0.07444941027054726,0.020092057453519076,0.006353666443208295,0.07264579054429957
wcf_sensitivity_v1_align,SYM-ALIGN,500,25,10,causal_drf,runtime,NONE_OPERATIONAL,10,19.3558,1.6514918373667153,0.5222475743255194,20.384500000000003
wcf_sensitivity_v1_align,SYM-ALIGN,500,25,10,causal_drf,tail_calibration,LAW-A-K,10,0.046719113348313614,0.005399421862509656,0.0017074471133639029,0.04607875258404593
wcf_sensitivity_v1_align,SYM-ALIGN,500,25,10,causal_drf,tate_functional_rmse,TATE-COMMON199-grid_mean,10,0.19283842583267186,0.02185966665319517,0.006912633551612677,0.19076806828535786
wcf_sensitivity_v1_align,SYM-ALIGN,500,25,10,causal_drf,tate_functional_rmse,TATE-COMMON199-grid_sd,10,0.001990594216634257,0.0021793238852375195,0.0006891627236557964,0.0013856277384607682
wcf_sensitivity_v1_align,SYM-ALIGN,500,25,10,causal_drf,tate_functional_rmse,TATE-COMMON199-grid_skewness,10,3.9014477263194e-17,2.6219012318015428e-17,8.291179692493973e-18,4.1822711063051206e-17
wcf_sensitivity_v1_align,SYM-ALIGN,500,25,10,causal_drf,tate_functional_rmse,TATE-COMMON199-grid_upper_tail_mean,10,0.19194712654293383,0.02099967894566651,0.006640681560058947,0.19029056072516887
wcf_sensitivity_v1_align,SYM-ALIGN,500,25,10,causal_drf,tate_functional_rmse,TATE-K-grid_mean,10,0.19283842583267188,0.02185966665319518,0.006912633551612679,0.19076806828535786
wcf_sensitivity_v1_align,SYM-ALIGN,500,25,10,causal_drf,tate_functional_rmse,TATE-K-grid_sd,10,0.0019976408560706043,0.0021870386216242413,0.0006916023375087783,0.0013905328160422883
wcf_sensitivity_v1_align,SYM-ALIGN,500,25,10,causal_drf,tate_functional_rmse,TATE-K-grid_skewness,10,1.0224562620145005e-17,7.461256829911378e-18,2.3594565790007493e-18,8.914974895706879e-18
wcf_sensitivity_v1_align,SYM-ALIGN,500,25,10,causal_drf,tate_functional_rmse,TATE-K-grid_upper_tail_mean,10,0.19197707890834273,0.02102523256392874,0.006648762323675658,0.19030660750215272
wcf_sensitivity_v1_align,SYM-ALIGN,500,25,10,causal_drf,tcate_functional_rmse,TCATE-COMMON199-grid_mean,10,0.20320822958457202,0.02260441542998713,0.007148143793541371,0.20068397005085792
wcf_sensitivity_v1_align,SYM-ALIGN,500,25,10,causal_drf,tcate_functional_rmse,TCATE-COMMON199-grid_sd,10,0.0038074243178452317,0.00175912878439349,0.0005562853656246691,0.003648203602635981
wcf_sensitivity_v1_align,SYM-ALIGN,500,25,10,causal_drf,tcate_functional_rmse,TCATE-COMMON199-grid_skewness,10,6.084313196410052e-17,2.114914446493348e-17,6.687946707313287e-18,6.48333844533412e-17
wcf_sensitivity_v1_align,SYM-ALIGN,500,25,10,causal_drf,tcate_functional_rmse,TCATE-COMMON199-grid_upper_tail_mean,10,0.20247087231345368,0.02128153537067253,0.006729812387676093,0.19875670355900862
wcf_sensitivity_v1_align,SYM-ALIGN,500,25,10,causal_drf,tcate_functional_rmse,TCATE-K-grid_mean,10,0.20320822958457202,0.022604415429987135,0.007148143793541372,0.20068397005085792
wcf_sensitivity_v1_align,SYM-ALIGN,500,25,10,causal_drf,tcate_functional_rmse,TCATE-K-grid_sd,10,0.003820902477343956,0.0017653560436521176,0.0005582545979084325,0.003661118125929243
wcf_sensitivity_v1_align,SYM-ALIGN,500,25,10,causal_drf,tcate_functional_rmse,TCATE-K-grid_skewness,10,1.94612740702768e-17,1.0150030976014456e-17,3.209721620546756e-18,2.0730810108111374e-17
wcf_sensitivity_v1_align,SYM-ALIGN,500,25,10,causal_drf,tcate_functional_rmse,TCATE-K-grid_upper_tail_mean,10,0.20249515876164267,0.021323466835981127,0.006743072281276443,0.19882102600827412
wcf_sensitivity_v1_align,SYM-ALIGN,500,25,10,cwdb_dr,arm_energy_risk,LAW-A-M-K,10,0.053630093500064334,0.00414369420348222,0.0013103511610241029,0.05438068951703974
wcf_sensitivity_v1_align,SYM-ALIGN,500,25,10,cwdb_dr,barycenter_rmse,MEANQ-A-K,10,0.1701480123103447,0.005633205803459578,0.001781376086741109,0.16965932607161688
wcf_sensitivity_v1_align,SYM-ALIGN,500,25,10,cwdb_dr,diagnostic_dense_dr_n_levels,NONE_OPERATIONAL,10,199.0,0.0,0.0,199.0
wcf_sensitivity_v1_align,SYM-ALIGN,500,25,10,cwdb_dr,diagnostic_dr_if_se_reference,NONE_OPERATIONAL,10,0.0257023186228792,0.0015715487462123012,0.0004969673492012786,0.02541348609089868
wcf_sensitivity_v1_align,SYM-ALIGN,500,25,10,cwdb_dr,diagnostic_effective_support,NONE_OPERATIONAL,10,9.999999999999998,0.0,0.0,9.999999999999998
wcf_sensitivity_v1_align,SYM-ALIGN,500,25,10,cwdb_dr,diagnostic_ehat_mean,NONE_OPERATIONAL,10,0.5051040751036833,0.017027228014467457,0.005384482276474363,0.5029802078057872
wcf_sensitivity_v1_align,SYM-ALIGN,500,25,10,cwdb_dr,diagnostic_n_boosting_steps,NONE_OPERATIONAL,10,100.0,0.0,0.0,100.0
wcf_sensitivity_v1_align,SYM-ALIGN,500,25,10,cwdb_dr,diagnostic_selected_contrast_shrinkage,NONE_OPERATIONAL,10,20.0,25.81988897471611,8.164965809277259,0.0
wcf_sensitivity_v1_align,SYM-ALIGN,500,25,10,cwdb_dr,diagnostic_train_risk,NONE_OPERATIONAL,10,0.03890018307614534,0.005625067114651419,0.0017788024073609983,0.03659005249010226
wcf_sensitivity_v1_align,SYM-ALIGN,500,25,10,cwdb_dr,kernel_law_error,LAW-A-COMMON199,10,0.0370285927610605,0.0031561562767947826,0.000998064248610835,0.03774416943571099
wcf_sensitivity_v1_align,SYM-ALIGN,500,25,10,cwdb_dr,kernel_law_error,LAW-A-INTERIOR,10,0.02641358314638481,0.0030554595182837626,0.000966221137621758,0.02709041581132106
wcf_sensitivity_v1_align,SYM-ALIGN,500,25,10,cwdb_dr,kernel_law_error,LAW-A-K,10,0.02681727735788938,0.0030607012292858875,0.0009678787121820657,0.027566860808897926
wcf_sensitivity_v1_align,SYM-ALIGN,500,25,10,cwdb_dr,mean_quantile_rmse,MEANQ-A-COMMON199,10,0.12550213571758972,0.017413305041293382,0.005506570552177948,0.13191058024410504
wcf_sensitivity_v1_align,SYM-ALIGN,500,25,10,cwdb_dr,mean_quantile_rmse,MEANQ-A-INTERIOR,10,0.123849666799144,0.016271364829203674,0.005145457349984025,0.12871154044512148
wcf_sensitivity_v1_align,SYM-ALIGN,500,25,10,cwdb_dr,mean_quantile_rmse,MEANQ-A-K,10,0.12565821516575743,0.017526756864848853,0.005542447168891431,0.13218591655282008
wcf_sensitivity_v1_align,SYM-ALIGN,500,25,10,cwdb_dr,mode_coverage,LAW-A-K,10,1.0,0.0,0.0,1.0
wcf_sensitivity_v1_align,SYM-ALIGN,500,25,10,cwdb_dr,peak_ram,NONE_OPERATIONAL,10,109.569140625,2.584742040989203,0.8173672013518177,109.599609375
wcf_sensitivity_v1_align,SYM-ALIGN,500,25,10,cwdb_dr,process_peak_ram,NONE_OPERATIONAL,10,362.928125,47.70998202522199,15.087221032539443,328.4921875
wcf_sensitivity_v1_align,SYM-ALIGN,500,25,10,cwdb_dr,reference_effect_rmse,REF-ATE-COMMON199,10,0.024205166922620765,0.01254799925742975,0.003968025773157951,0.02687908865427435
wcf_sensitivity_v1_align,SYM-ALIGN,500,25,10,cwdb_dr,reference_effect_rmse,REF-ATE-K,10,0.018206293620916997,0.011463389684046053,0.003625042110766349,0.01980228237478144
wcf_sensitivity_v1_align,SYM-ALIGN,500,25,10,cwdb_dr,reference_tcate_rmse,REF-TCATE-COMMON199,10,0.04121301828987475,0.008763520392915492,0.0027712684762946677,0.04365631093282109
wcf_sensitivity_v1_align,SYM-ALIGN,500,25,10,cwdb_dr,reference_tcate_rmse,REF-TCATE-INTERIOR,10,0.04267027760013034,0.008939644447745943,0.002826963792695528,0.04440445908726802
wcf_sensitivity_v1_align,SYM-ALIGN,500,25,10,cwdb_dr,reference_tcate_rmse,REF-TCATE-K,10,0.041232304877450665,0.00880237557136345,0.0027835555625734514,0.04415383146806076
wcf_sensitivity_v1_align,SYM-ALIGN,500,25,10,cwdb_dr,runtime,NONE_OPERATIONAL,10,217.0243046017992,32.15695745976554,10.168922819400148,235.93697233749845
wcf_sensitivity_v1_align,SYM-ALIGN,500,25,10,cwdb_dr,tail_calibration,LAW-A-K,10,0.03534294905013746,0.005486585994341691,0.0017350108320499443,0.03446848784071362
wcf_sensitivity_v1_align,SYM-ALIGN,500,25,10,cwdb_dr,tate_functional_rmse,TATE-COMMON199-grid_mean,10,0.04535334775024352,0.02384734752628857,0.0075411934336654,0.040789454198635736
wcf_sensitivity_v1_align,SYM-ALIGN,500,25,10,cwdb_dr,tate_functional_rmse,TATE-COMMON199-grid_sd,10,0.0015660970366014472,0.0012994322852769211,0.0004109165686632752,0.0013499799470308876
wcf_sensitivity_v1_align,SYM-ALIGN,500,25,10,cwdb_dr,tate_functional_rmse,TATE-COMMON199-grid_skewness,10,0.0006825148859208095,0.00040584239101179364,0.00012833863266459154,0.0006098568059727912
wcf_sensitivity_v1_align,SYM-ALIGN,500,25,10,cwdb_dr,tate_functional_rmse,TATE-COMMON199-grid_upper_tail_mean,10,0.04513907625934269,0.02365716618633833,0.007481052813394847,0.03819643958800674
wcf_sensitivity_v1_align,SYM-ALIGN,500,25,10,cwdb_dr,tate_functional_rmse,TATE-K-grid_mean,10,0.04586145390014494,0.024282923124560023,0.0076789345320382296,0.040827670300859015
wcf_sensitivity_v1_align,SYM-ALIGN,500,25,10,cwdb_dr,tate_functional_rmse,TATE-K-grid_sd,10,0.0014153871100098258,0.001325718095821995,0.00041922887180988574,0.0010860447740841262
wcf_sensitivity_v1_align,SYM-ALIGN,500,25,10,cwdb_dr,tate_functional_rmse,TATE-K-grid_skewness,10,0.0007385467747056233,0.0004404570861327948,0.00013928476037405966,0.0006147566703573874
wcf_sensitivity_v1_align,SYM-ALIGN,500,25,10,cwdb_dr,tate_functional_rmse,TATE-K-grid_upper_tail_mean,10,0.04559772224092075,0.02410170239636711,0.007621627506005839,0.03892274610658561
wcf_sensitivity_v1_align,SYM-ALIGN,500,25,10,cwdb_dr,tcate_functional_rmse,TCATE-COMMON199-grid_mean,10,0.06475569509524204,0.024177813146785358,0.007645695838580467,0.05856186099903883
wcf_sensitivity_v1_align,SYM-ALIGN,500,25,10,cwdb_dr,tcate_functional_rmse,TCATE-COMMON199-grid_sd,10,0.005058059799116439,0.0013439019677050675,0.0004249791169930062,0.005157453681036566
wcf_sensitivity_v1_align,SYM-ALIGN,500,25,10,cwdb_dr,tcate_functional_rmse,TCATE-COMMON199-grid_skewness,10,0.0020692213278622534,0.0010476695319124433,0.0003313021956005782,0.0021239529566883047
wcf_sensitivity_v1_align,SYM-ALIGN,500,25,10,cwdb_dr,tcate_functional_rmse,TCATE-COMMON199-grid_upper_tail_mean,10,0.06420814621439494,0.023936194973282986,0.007569289463344744,0.058925672812972424
wcf_sensitivity_v1_align,SYM-ALIGN,500,25,10,cwdb_dr,tcate_functional_rmse,TCATE-K-grid_mean,10,0.0647557001820854,0.02417781559121942,0.00764569661157839,0.058561870628030276
wcf_sensitivity_v1_align,SYM-ALIGN,500,25,10,cwdb_dr,tcate_functional_rmse,TCATE-K-grid_sd,10,0.005071945668320388,0.0013551520267582244,0.00042853669803494346,0.0051665786599445415
wcf_sensitivity_v1_align,SYM-ALIGN,500,25,10,cwdb_dr,tcate_functional_rmse,TCATE-K-grid_skewness,10,0.0022118134905627983,0.0011267596528616339,0.00035631268786234224,0.002237035710461084
wcf_sensitivity_v1_align,SYM-ALIGN,500,25,10,cwdb_dr,tcate_functional_rmse,TCATE-K-grid_upper_tail_mean,10,0.06421588253968105,0.023939717589517018,0.007570403412406966,0.05889476106493052
wcf_sensitivity_v1_align,SYM-ALIGN,500,25,10,drf,arm_energy_risk,LAW-A-M-K,10,0.09194453863334391,0.00844834388690711,0.002671600913898645,0.08985027029018963
wcf_sensitivity_v1_align,SYM-ALIGN,500,25,10,drf,barycenter_rmse,MEANQ-A-K,10,0.3070540954683977,0.016358350403135918,0.005172964603704311,0.3040298481823988
wcf_sensitivity_v1_align,SYM-ALIGN,500,25,10,drf,diagnostic_effective_support,NONE_OPERATIONAL,10,131.94457636347673,1.5954445660120917,0.5045238709137072,131.7738949241765
wcf_sensitivity_v1_align,SYM-ALIGN,500,25,10,drf,kernel_law_error,LAW-A-COMMON199,10,0.08577937803044065,0.008882428893665304,0.0028088706458471923,0.08534350610946156
wcf_sensitivity_v1_align,SYM-ALIGN,500,25,10,drf,kernel_law_error,LAW-A-INTERIOR,10,0.07566498931230008,0.009001548723165201,0.0028465396434182513,0.07495831208136672
wcf_sensitivity_v1_align,SYM-ALIGN,500,25,10,drf,kernel_law_error,LAW-A-K,10,0.0763782557554009,0.008949948218252396,0.002830222131024334,0.07565459968368285
wcf_sensitivity_v1_align,SYM-ALIGN,500,25,10,drf,mean_quantile_rmse,MEANQ-A-COMMON199,10,0.2240826310638413,0.03188497952033229,0.010082915843207309,0.2187492687658747
wcf_sensitivity_v1_align,SYM-ALIGN,500,25,10,drf,mean_quantile_rmse,MEANQ-A-INTERIOR,10,0.22405293928151368,0.03188100249136809,0.010081658196222575,0.218716652062825
wcf_sensitivity_v1_align,SYM-ALIGN,500,25,10,drf,mean_quantile_rmse,MEANQ-A-K,10,0.22408302524074059,0.03188503234243008,0.010082932547021289,0.21874970177257963
wcf_sensitivity_v1_align,SYM-ALIGN,500,25,10,drf,mode_coverage,LAW-A-K,10,1.0,0.0,0.0,1.0
wcf_sensitivity_v1_align,SYM-ALIGN,500,25,10,drf,peak_ram,NONE_OPERATIONAL,10,380.19,15.697448483396554,4.963969066068893,374.95
wcf_sensitivity_v1_align,SYM-ALIGN,500,25,10,drf,process_peak_ram,NONE_OPERATIONAL,10,219.227734375,5.712986162247219,1.8066048513725463,218.16796875
wcf_sensitivity_v1_align,SYM-ALIGN,500,25,10,drf,reference_effect_rmse,REF-ATE-COMMON199,10,0.045082009307406086,0.02037367275625821,0.006442721021269647,0.04387222271252166
wcf_sensitivity_v1_align,SYM-ALIGN,500,25,10,drf,reference_effect_rmse,REF-ATE-K,10,0.04509609201383589,0.02032167685552698,0.006426278473739376,0.04404911354733454
wcf_sensitivity_v1_align,SYM-ALIGN,500,25,10,drf,reference_tcate_rmse,REF-TCATE-COMMON199,10,0.05902413782721466,0.017605293379882408,0.005567282595591239,0.05977549951667555
wcf_sensitivity_v1_align,SYM-ALIGN,500,25,10,drf,reference_tcate_rmse,REF-TCATE-INTERIOR,10,0.061052901985231625,0.018238180337387562,0.005767419024304288,0.06174325409032423
wcf_sensitivity_v1_align,SYM-ALIGN,500,25,10,drf,reference_tcate_rmse,REF-TCATE-K,10,0.059124357041113906,0.017572133408926775,0.0055567964920547564,0.06008080042475161
wcf_sensitivity_v1_align,SYM-ALIGN,500,25,10,drf,runtime,NONE_OPERATIONAL,10,18.9517,1.3424804612689485,0.42452959718833366,19.805
wcf_sensitivity_v1_align,SYM-ALIGN,500,25,10,drf,tail_calibration,LAW-A-K,10,0.05052456888214546,0.004862328989290026,0.0015376034339220942,0.049515893351102944
wcf_sensitivity_v1_align,SYM-ALIGN,500,25,10,drf,tate_functional_rmse,TATE-COMMON199-grid_mean,10,0.1809876145446445,0.03732361103462783,0.011802762137161759,0.16761136823915937
wcf_sensitivity_v1_align,SYM-ALIGN,500,25,10,drf,tate_functional_rmse,TATE-COMMON199-grid_sd,10,0.0018853611540096196,0.0021626610489921027,0.0006838934721744038,0.001265083228877818
wcf_sensitivity_v1_align,SYM-ALIGN,500,25,10,drf,tate_functional_rmse,TATE-COMMON199-grid_skewness,10,3.710609463229659e-17,2.693516451183135e-17,8.51764690087244e-18,2.809502086525221e-17
wcf_sensitivity_v1_align,SYM-ALIGN,500,25,10,drf,tate_functional_rmse,TATE-COMMON199-grid_upper_tail_mean,10,0.1799771625305062,0.03613162790109414,0.01142582397371465,0.16636670680491739
wcf_sensitivity_v1_align,SYM-ALIGN,500,25,10,drf,tate_functional_rmse,TATE-K-grid_mean,10,0.1809876145446445,0.03732361103462781,0.011802762137161752,0.16761136823915934
wcf_sensitivity_v1_align,SYM-ALIGN,500,25,10,drf,tate_functional_rmse,TATE-K-grid_sd,10,0.001892035271792427,0.0021703167994750003,0.0006863144330467929,0.001269561582776566
wcf_sensitivity_v1_align,SYM-ALIGN,500,25,10,drf,tate_functional_rmse,TATE-K-grid_skewness,10,8.898610382050943e-18,5.6019127463618164e-18,1.771480353203246e-18,7.05322892590809e-18
wcf_sensitivity_v1_align,SYM-ALIGN,500,25,10,drf,tate_functional_rmse,TATE-K-grid_upper_tail_mean,10,0.1800111190570109,0.03617031182431025,0.011438056904334047,0.1664085340054077
wcf_sensitivity_v1_align,SYM-ALIGN,500,25,10,drf,tcate_functional_rmse,TCATE-COMMON199-grid_mean,10,0.18612036544047772,0.03714891409853862,0.011747518115332282,0.1700488835507275
wcf_sensitivity_v1_align,SYM-ALIGN,500,25,10,drf,tcate_functional_rmse,TCATE-COMMON199-grid_sd,10,0.0031237415389249222,0.0017440857282288594,0.0005515283335796621,0.0028439681613758264
wcf_sensitivity_v1_align,SYM-ALIGN,500,25,10,drf,tcate_functional_rmse,TCATE-COMMON199-grid_skewness,10,5.706673048165899e-17,2.0155238006464618e-17,6.373645888321972e-18,6.027928735907347e-17
wcf_sensitivity_v1_align,SYM-ALIGN,500,25,10,drf,tcate_functional_rmse,TCATE-COMMON199-grid_upper_tail_mean,10,0.18529956155186875,0.03582091647794765,0.011327568394497122,0.16873327508969269
wcf_sensitivity_v1_align,SYM-ALIGN,500,25,10,drf,tcate_functional_rmse,TCATE-K-grid_mean,10,0.18612036544047772,0.037148914098538634,0.011747518115332286,0.17004888355072748
wcf_sensitivity_v1_align,SYM-ALIGN,500,25,10,drf,tcate_functional_rmse,TCATE-K-grid_sd,10,0.0031347994833985744,0.001750259735553002,0.0005534807261231474,0.0028540357171007134
wcf_sensitivity_v1_align,SYM-ALIGN,500,25,10,drf,tcate_functional_rmse,TCATE-K-grid_skewness,10,1.8264986780854223e-17,8.049423592626423e-18,2.5454512404194834e-18,1.7320295847842e-17
wcf_sensitivity_v1_align,SYM-ALIGN,500,25,10,drf,tcate_functional_rmse,TCATE-K-grid_upper_tail_mean,10,0.1853268269525698,0.0358644165629075,0.011341324329185519,0.16877723521984073
wcf_sensitivity_v1_align,SYM-ALIGN,1000,25,10,causal_drf,arm_energy_risk,LAW-A-M-K,10,0.06246748567256222,0.004125531878418018,0.0013046077295433788,0.0626577230110388
wcf_sensitivity_v1_align,SYM-ALIGN,1000,25,10,causal_drf,barycenter_rmse,MEANQ-A-K,10,0.2362256235461146,0.00973179951861538,0.0030774652210954806,0.2375231154972801
wcf_sensitivity_v1_align,SYM-ALIGN,1000,25,10,causal_drf,diagnostic_effective_support,NONE_OPERATIONAL,10,121.76619205010948,1.969267263504083,0.6227369874279879,121.60450794085511
wcf_sensitivity_v1_align,SYM-ALIGN,1000,25,10,causal_drf,kernel_law_error,LAW-A-COMMON199,10,0.057911100548195774,0.004580420823819752,0.0014484562445335244,0.05715857611594126
wcf_sensitivity_v1_align,SYM-ALIGN,1000,25,10,causal_drf,kernel_law_error,LAW-A-INTERIOR,10,0.04769360582247266,0.00450094369470185,0.0014233233695431387,0.04700583097787716
wcf_sensitivity_v1_align,SYM-ALIGN,1000,25,10,causal_drf,kernel_law_error,LAW-A-K,10,0.04820892859458814,0.00448744750370567,0.00141905549921468,0.04756507353493988
wcf_sensitivity_v1_align,SYM-ALIGN,1000,25,10,causal_drf,mean_quantile_rmse,MEANQ-A-COMMON199,10,0.17558971057925157,0.013871391641169203,0.004386519190231576,0.17935164067835185
wcf_sensitivity_v1_align,SYM-ALIGN,1000,25,10,causal_drf,mean_quantile_rmse,MEANQ-A-INTERIOR,10,0.17553198049020424,0.013870271859232721,0.004386165084091376,0.17929736918334982
wcf_sensitivity_v1_align,SYM-ALIGN,1000,25,10,causal_drf,mean_quantile_rmse,MEANQ-A-K,10,0.1755904768957593,0.013871406734172084,0.004386523963058159,0.1793523610622943
wcf_sensitivity_v1_align,SYM-ALIGN,1000,25,10,causal_drf,mode_coverage,LAW-A-K,10,1.0,0.0,0.0,1.0
wcf_sensitivity_v1_align,SYM-ALIGN,1000,25,10,causal_drf,peak_ram,NONE_OPERATIONAL,10,374.65431,1.9426348844631969,0.6143150897001748,374.7617
wcf_sensitivity_v1_align,SYM-ALIGN,1000,25,10,causal_drf,process_peak_ram,NONE_OPERATIONAL,10,283.25234375,6.700925210867573,2.119018609678561,282.353515625
wcf_sensitivity_v1_align,SYM-ALIGN,1000,25,10,causal_drf,reference_effect_rmse,REF-ATE-COMMON199,10,0.040027205974692524,0.019879560645136924,0.006286469052207899,0.03882720654822835
wcf_sensitivity_v1_align,SYM-ALIGN,1000,25,10,causal_drf,reference_effect_rmse,REF-ATE-K,10,0.03989779886971178,0.01996935773594205,0.006314865385628015,0.0387806801383262
wcf_sensitivity_v1_align,SYM-ALIGN,1000,25,10,causal_drf,reference_tcate_rmse,REF-TCATE-COMMON199,10,0.06358999502336862,0.012518852874788986,0.00395880887768799,0.0628570247620126
wcf_sensitivity_v1_align,SYM-ALIGN,1000,25,10,causal_drf,reference_tcate_rmse,REF-TCATE-INTERIOR,10,0.06600168956758365,0.01303337431720381,0.0041215148439905916,0.06530653755563343
wcf_sensitivity_v1_align,SYM-ALIGN,1000,25,10,causal_drf,reference_tcate_rmse,REF-TCATE-K,10,0.06363283487587101,0.012529441782501836,0.003962157384318583,0.06301157234751903
wcf_sensitivity_v1_align,SYM-ALIGN,1000,25,10,causal_drf,runtime,NONE_OPERATIONAL,10,35.8215,1.546977644742591,0.48919728467493906,35.188
wcf_sensitivity_v1_align,SYM-ALIGN,1000,25,10,causal_drf,tail_calibration,LAW-A-K,10,0.0428934063747501,0.005525444644069751,0.0017472990160438795,0.04307776415481007
wcf_sensitivity_v1_align,SYM-ALIGN,1000,25,10,causal_drf,tate_functional_rmse,TATE-COMMON199-grid_mean,10,0.1366916534330964,0.0121184864483671,0.0038322018970724523,0.1341052205138371
wcf_sensitivity_v1_align,SYM-ALIGN,1000,25,10,causal_drf,tate_functional_rmse,TATE-COMMON199-grid_sd,10,0.0027287088351821264,0.002096084740483431,0.0006628401948650588,0.0030492281641909067
wcf_sensitivity_v1_align,SYM-ALIGN,1000,25,10,causal_drf,tate_functional_rmse,TATE-COMMON199-grid_skewness,10,2.3537426083050344e-17,1.7802610924437458e-17,5.629679881901811e-18,1.7803904346395756e-17
wcf_sensitivity_v1_align,SYM-ALIGN,1000,25,10,causal_drf,tate_functional_rmse,TATE-COMMON199-grid_upper_tail_mean,10,0.13452829969876787,0.012852952345196263,0.004064460406842292,0.13199661045851213
wcf_sensitivity_v1_align,SYM-ALIGN,1000,25,10,causal_drf,tate_functional_rmse,TATE-K-grid_mean,10,0.13669165343309642,0.012118486448367112,0.003832201897072456,0.13410522051383705
wcf_sensitivity_v1_align,SYM-ALIGN,1000,25,10,causal_drf,tate_functional_rmse,TATE-K-grid_sd,10,0.0027383683766032878,0.0021035048129777393,0.000665186627813617,0.003060022333717082
wcf_sensitivity_v1_align,SYM-ALIGN,1000,25,10,causal_drf,tate_functional_rmse,TATE-K-grid_skewness,10,1.0770246993198127e-17,7.866924520431666e-18,2.4877399665191897e-18,1.0509347279934999e-17
wcf_sensitivity_v1_align,SYM-ALIGN,1000,25,10,causal_drf,tate_functional_rmse,TATE-K-grid_upper_tail_mean,10,0.1346009998145486,0.012825101413002549,0.0040556531687731875,0.1320616442374899
wcf_sensitivity_v1_align,SYM-ALIGN,1000,25,10,causal_drf,tcate_functional_rmse,TCATE-COMMON199-grid_mean,10,0.14515746755739592,0.011179244951528892,0.0035351876567769947,0.14590640693731782
wcf_sensitivity_v1_align,SYM-ALIGN,1000,25,10,causal_drf,tcate_functional_rmse,TCATE-COMMON199-grid_sd,10,0.004073928545708745,0.0017596387085157,0.0005564466177906737,0.0045109153340778235
wcf_sensitivity_v1_align,SYM-ALIGN,1000,25,10,causal_drf,tcate_functional_rmse,TCATE-COMMON199-grid_skewness,10,4.262993068391162e-17,1.701488776892706e-17,5.380579948195024e-18,4.2008547030355315e-17
wcf_sensitivity_v1_align,SYM-ALIGN,1000,25,10,causal_drf,tcate_functional_rmse,TCATE-COMMON199-grid_upper_tail_mean,10,0.14303738407818162,0.01205569253337075,0.0038123447176137055,0.14499838796009062
wcf_sensitivity_v1_align,SYM-ALIGN,1000,25,10,causal_drf,tcate_functional_rmse,TCATE-K-grid_mean,10,0.1451574675573959,0.011179244951528883,0.003535187656776992,0.14590640693731782
wcf_sensitivity_v1_align,SYM-ALIGN,1000,25,10,causal_drf,tcate_functional_rmse,TCATE-K-grid_sd,10,0.004088350121593538,0.0017658677728892983,0.0005584164209019117,0.004526883829123923
wcf_sensitivity_v1_align,SYM-ALIGN,1000,25,10,causal_drf,tcate_functional_rmse,TCATE-K-grid_skewness,10,1.829068386974698e-17,7.83461733833313e-18,2.4775235384978703e-18,1.676066936813497e-17
wcf_sensitivity_v1_align,SYM-ALIGN,1000,25,10,causal_drf,tcate_functional_rmse,TCATE-K-grid_upper_tail_mean,10,0.14310815406245325,0.012021388957320071,0.0038014969743928105,0.1450287150371314
wcf_sensitivity_v1_align,SYM-ALIGN,1000,25,10,cwdb_dr,arm_energy_risk,LAW-A-M-K,10,0.04760200741592323,0.0028284478973416784,0.0008944337598713815,0.047261389718852166
wcf_sensitivity_v1_align,SYM-ALIGN,1000,25,10,cwdb_dr,barycenter_rmse,MEANQ-A-K,10,0.15720415653842706,0.006314100600676234,0.00199669392735742,0.15900793111202166
wcf_sensitivity_v1_align,SYM-ALIGN,1000,25,10,cwdb_dr,diagnostic_dense_dr_n_levels,NONE_OPERATIONAL,10,199.0,0.0,0.0,199.0
wcf_sensitivity_v1_align,SYM-ALIGN,1000,25,10,cwdb_dr,diagnostic_dr_if_se_reference,NONE_OPERATIONAL,10,0.01772201428593826,0.0004905609471158133,0.0001551289924015378,0.017646730695445652
wcf_sensitivity_v1_align,SYM-ALIGN,1000,25,10,cwdb_dr,diagnostic_effective_support,NONE_OPERATIONAL,10,9.999999999999998,0.0,0.0,9.999999999999998
wcf_sensitivity_v1_align,SYM-ALIGN,1000,25,10,cwdb_dr,diagnostic_ehat_mean,NONE_OPERATIONAL,10,0.4980769073773691,0.017014201685045777,0.005380362989421945,0.49923248502903356
wcf_sensitivity_v1_align,SYM-ALIGN,1000,25,10,cwdb_dr,diagnostic_n_boosting_steps,NONE_OPERATIONAL,10,100.0,0.0,0.0,100.0
wcf_sensitivity_v1_align,SYM-ALIGN,1000,25,10,cwdb_dr,diagnostic_selected_contrast_shrinkage,NONE_OPERATIONAL,10,15.0,24.1522945769824,7.637626158259733,0.0
wcf_sensitivity_v1_align,SYM-ALIGN,1000,25,10,cwdb_dr,diagnostic_train_risk,NONE_OPERATIONAL,10,0.05575242510163027,0.007140734782145014,0.0022580986078764493,0.055434826279545976
wcf_sensitivity_v1_align,SYM-ALIGN,1000,25,10,cwdb_dr,kernel_law_error,LAW-A-COMMON199,10,0.032553622666037604,0.0023208001261529787,0.000733901439264952,0.03220836015380146
wcf_sensitivity_v1_align,SYM-ALIGN,1000,25,10,cwdb_dr,kernel_law_error,LAW-A-INTERIOR,10,0.022104015382978674,0.002156906380277786,0.0006820736861427085,0.02194285626415723
wcf_sensitivity_v1_align,SYM-ALIGN,1000,25,10,cwdb_dr,kernel_law_error,LAW-A-K,10,0.022390849389820305,0.0021565622745744373,0.0006819648703648649,0.022097721186150242
wcf_sensitivity_v1_align,SYM-ALIGN,1000,25,10,cwdb_dr,mean_quantile_rmse,MEANQ-A-COMMON199,10,0.11751230807914959,0.01554426234226902,0.004915527354875392,0.12246716072709639
wcf_sensitivity_v1_align,SYM-ALIGN,1000,25,10,cwdb_dr,mean_quantile_rmse,MEANQ-A-INTERIOR,10,0.11627130370660621,0.014917036888443593,0.0047171812508232805,0.12061264556769474
wcf_sensitivity_v1_align,SYM-ALIGN,1000,25,10,cwdb_dr,mean_quantile_rmse,MEANQ-A-K,10,0.11773692437874399,0.015643262388066115,0.004946833918193372,0.12303078058230835
wcf_sensitivity_v1_align,SYM-ALIGN,1000,25,10,cwdb_dr,mode_coverage,LAW-A-K,10,1.0,0.0,0.0,1.0
wcf_sensitivity_v1_align,SYM-ALIGN,1000,25,10,cwdb_dr,peak_ram,NONE_OPERATIONAL,10,102.34296875,74.45851992921907,23.54585141813715,101.49609375
wcf_sensitivity_v1_align,SYM-ALIGN,1000,25,10,cwdb_dr,process_peak_ram,NONE_OPERATIONAL,10,422.440625,47.39541558452573,14.987746389734195,442.927734375
wcf_sensitivity_v1_align,SYM-ALIGN,1000,25,10,cwdb_dr,reference_effect_rmse,REF-ATE-COMMON199,10,0.015751066435563562,0.015824275496206106,0.005004075289000247,0.010718142664084605
wcf_sensitivity_v1_align,SYM-ALIGN,1000,25,10,cwdb_dr,reference_effect_rmse,REF-ATE-K,10,0.013457039837507258,0.013296124217448572,0.004204603657966139,0.010233760109320058
wcf_sensitivity_v1_align,SYM-ALIGN,1000,25,10,cwdb_dr,reference_tcate_rmse,REF-TCATE-COMMON199,10,0.03465411436704199,0.012915868512425873,0.004084356245851653,0.034958449598708044
wcf_sensitivity_v1_align,SYM-ALIGN,1000,25,10,cwdb_dr,reference_tcate_rmse,REF-TCATE-INTERIOR,10,0.03592429137882518,0.013510896754809388,0.004272520697657518,0.034922080263650096
wcf_sensitivity_v1_align,SYM-ALIGN,1000,25,10,cwdb_dr,reference_tcate_rmse,REF-TCATE-K,10,0.034821064333363995,0.013041481576311374,0.004124078584426696,0.03512834817060034
wcf_sensitivity_v1_align,SYM-ALIGN,1000,25,10,cwdb_dr,runtime,NONE_OPERATIONAL,10,332.21791410219936,63.030786479742616,19.932084798773317,309.17779297550004
wcf_sensitivity_v1_align,SYM-ALIGN,1000,25,10,cwdb_dr,tail_calibration,LAW-A-K,10,0.032106880411450496,0.00434774879982668,0.0013748788901715792,0.03146668268296739
wcf_sensitivity_v1_align,SYM-ALIGN,1000,25,10,cwdb_dr,tate_functional_rmse,TATE-COMMON199-grid_mean,10,0.02528014825654782,0.017219420765105947,0.005445258960653404,0.022559531364149094
wcf_sensitivity_v1_align,SYM-ALIGN,1000,25,10,cwdb_dr,tate_functional_rmse,TATE-COMMON199-grid_sd,10,0.0015393658431213098,0.0014419722455957756,0.00045599166188303524,0.000702564537243858
wcf_sensitivity_v1_align,SYM-ALIGN,1000,25,10,cwdb_dr,tate_functional_rmse,TATE-COMMON199-grid_skewness,10,0.00039841125535498265,0.0003398560778825021,0.00010747192827602811,0.00030989503773906234
wcf_sensitivity_v1_align,SYM-ALIGN,1000,25,10,cwdb_dr,tate_functional_rmse,TATE-COMMON199-grid_upper_tail_mean,10,0.02517294733210935,0.01747332756363052,0.005525551340327317,0.024449916716948586
wcf_sensitivity_v1_align,SYM-ALIGN,1000,25,10,cwdb_dr,tate_functional_rmse,TATE-K-grid_mean,10,0.024942694812281355,0.01785142004393831,0.005645114680722815,0.021231677662907747
wcf_sensitivity_v1_align,SYM-ALIGN,1000,25,10,cwdb_dr,tate_functional_rmse,TATE-K-grid_sd,10,0.0015372401738871296,0.0014828825075675705,0.00046892862263353953,0.0006223047133904222
wcf_sensitivity_v1_align,SYM-ALIGN,1000,25,10,cwdb_dr,tate_functional_rmse,TATE-K-grid_skewness,10,0.0004252504586294067,0.00033999492602450305,0.00010751583591378867,0.0003299815782952279
wcf_sensitivity_v1_align,SYM-ALIGN,1000,25,10,cwdb_dr,tate_functional_rmse,TATE-K-grid_upper_tail_mean,10,0.02483503551132296,0.01810269604144435,0.005724575128067802,0.023052819897160598
wcf_sensitivity_v1_align,SYM-ALIGN,1000,25,10,cwdb_dr,tcate_functional_rmse,TCATE-COMMON199-grid_mean,10,0.0477793028231389,0.014697703721814668,0.004647822013526817,0.04692755893777914
wcf_sensitivity_v1_align,SYM-ALIGN,1000,25,10,cwdb_dr,tcate_functional_rmse,TCATE-COMMON199-grid_sd,10,0.0033785571398672353,0.0014556694646752058,0.0004603231028731667,0.0031675271659572122
wcf_sensitivity_v1_align,SYM-ALIGN,1000,25,10,cwdb_dr,tcate_functional_rmse,TCATE-COMMON199-grid_skewness,10,0.001494782179263526,0.0011456636952080661,0.0003622906709422422,0.0012609128657174772
wcf_sensitivity_v1_align,SYM-ALIGN,1000,25,10,cwdb_dr,tcate_functional_rmse,TCATE-COMMON199-grid_upper_tail_mean,10,0.04807990339202077,0.014592286690706113,0.004614486221279231,0.046764306551210215
wcf_sensitivity_v1_align,SYM-ALIGN,1000,25,10,cwdb_dr,tcate_functional_rmse,TCATE-K-grid_mean,10,0.047779304982586424,0.014697708368767484,0.004647823483022324,0.04692755663381991
wcf_sensitivity_v1_align,SYM-ALIGN,1000,25,10,cwdb_dr,tcate_functional_rmse,TCATE-K-grid_sd,10,0.0033773396326747416,0.0014589677980588094,0.0004613661274706424,0.0031563320055814957
wcf_sensitivity_v1_align,SYM-ALIGN,1000,25,10,cwdb_dr,tcate_functional_rmse,TCATE-K-grid_skewness,10,0.0015736392990333855,0.0012943658505135643,0.0004093144213163888,0.0013274562365100926
wcf_sensitivity_v1_align,SYM-ALIGN,1000,25,10,cwdb_dr,tcate_functional_rmse,TCATE-K-grid_upper_tail_mean,10,0.0480643242434355,0.014588016599916351,0.004613135900008096,0.04677104391046005
wcf_sensitivity_v1_align,SYM-ALIGN,1000,25,10,drf,arm_energy_risk,LAW-A-M-K,10,0.07316965738091569,0.004306155394754474,0.001361725900604562,0.07327535291030096
wcf_sensitivity_v1_align,SYM-ALIGN,1000,25,10,drf,barycenter_rmse,MEANQ-A-K,10,0.2622785636202465,0.007292834915308972,0.0023061968931977514,0.2625080875356852
wcf_sensitivity_v1_align,SYM-ALIGN,1000,25,10,drf,diagnostic_effective_support,NONE_OPERATIONAL,10,191.11034159104722,4.638351951295368,1.4667756755579753,191.157923044171
wcf_sensitivity_v1_align,SYM-ALIGN,1000,25,10,drf,kernel_law_error,LAW-A-COMMON199,10,0.06794397205722472,0.0042258209792009095,0.0013363219278397901,0.06857794543036849
wcf_sensitivity_v1_align,SYM-ALIGN,1000,25,10,drf,kernel_law_error,LAW-A-INTERIOR,10,0.057700495658316885,0.00424867945805072,0.0013435504135410087,0.05867795963731358
wcf_sensitivity_v1_align,SYM-ALIGN,1000,25,10,drf,kernel_law_error,LAW-A-K,10,0.058357019210501127,0.004239212877526922,0.0013405568179301495,0.059297723138663924
wcf_sensitivity_v1_align,SYM-ALIGN,1000,25,10,drf,mean_quantile_rmse,MEANQ-A-COMMON199,10,0.18071421110509195,0.013208618424801,0.004176931896643665,0.1825802116642048
wcf_sensitivity_v1_align,SYM-ALIGN,1000,25,10,drf,mean_quantile_rmse,MEANQ-A-INTERIOR,10,0.1806513051708009,0.013219702064508126,0.004180436851267585,0.18251428672175482
wcf_sensitivity_v1_align,SYM-ALIGN,1000,25,10,drf,mean_quantile_rmse,MEANQ-A-K,10,0.18071504611208575,0.01320847156970238,0.0041768854569839,0.18258108676407395
wcf_sensitivity_v1_align,SYM-ALIGN,1000,25,10,drf,mode_coverage,LAW-A-K,10,1.0,0.0,0.0,1.0
wcf_sensitivity_v1_align,SYM-ALIGN,1000,25,10,drf,peak_ram,NONE_OPERATIONAL,10,492.43,30.236146506384618,9.561509062671826,483.0
wcf_sensitivity_v1_align,SYM-ALIGN,1000,25,10,drf,process_peak_ram,NONE_OPERATIONAL,10,287.08828125,4.859028951705848,1.5365598704090782,286.43359375
wcf_sensitivity_v1_align,SYM-ALIGN,1000,25,10,drf,reference_effect_rmse,REF-ATE-COMMON199,10,0.02511284201130176,0.016271169816807762,0.005145395681649721,0.025209222646487228
wcf_sensitivity_v1_align,SYM-ALIGN,1000,25,10,drf,reference_effect_rmse,REF-ATE-K,10,0.02501364033389738,0.016281214594790455,0.005148572119351323,0.025141188924260455
wcf_sensitivity_v1_align,SYM-ALIGN,1000,25,10,drf,reference_tcate_rmse,REF-TCATE-COMMON199,10,0.055942008757193705,0.009023707856040074,0.002853546976504143,0.056974927603688066
wcf_sensitivity_v1_align,SYM-ALIGN,1000,25,10,drf,reference_tcate_rmse,REF-TCATE-INTERIOR,10,0.05814174922619333,0.009491498438723215,0.0030014753474297473,0.058503365978094725
wcf_sensitivity_v1_align,SYM-ALIGN,1000,25,10,drf,reference_tcate_rmse,REF-TCATE-K,10,0.05600605573741184,0.00904098518800191,0.0028590105485931656,0.057111311727908676
wcf_sensitivity_v1_align,SYM-ALIGN,1000,25,10,drf,runtime,NONE_OPERATIONAL,10,28.362900000000003,1.3752450650298256,0.4348906746400627,29.044999999999998
wcf_sensitivity_v1_align,SYM-ALIGN,1000,25,10,drf,tail_calibration,LAW-A-K,10,0.04541292246727988,0.005078946711028308,0.0016061039721470484,0.04634783018768386
wcf_sensitivity_v1_align,SYM-ALIGN,1000,25,10,drf,tate_functional_rmse,TATE-COMMON199-grid_mean,10,0.11520402457385386,0.01795807238401618,0.005678841111966107,0.1171158272843319
wcf_sensitivity_v1_align,SYM-ALIGN,1000,25,10,drf,tate_functional_rmse,TATE-COMMON199-grid_sd,10,0.0027320708975876796,0.002142863673852936,0.0006776329924611479,0.0030801282441370913
wcf_sensitivity_v1_align,SYM-ALIGN,1000,25,10,drf,tate_functional_rmse,TATE-COMMON199-grid_skewness,10,2.7051786813263483e-17,1.8805998295007648e-17,5.946978828546732e-18,2.394737766142607e-17
wcf_sensitivity_v1_align,SYM-ALIGN,1000,25,10,drf,tate_functional_rmse,TATE-COMMON199-grid_upper_tail_mean,10,0.11300009895123068,0.01887616703206172,0.005969168131509563,0.11480055438734081
wcf_sensitivity_v1_align,SYM-ALIGN,1000,25,10,drf,tate_functional_rmse,TATE-K-grid_mean,10,0.11520402457385386,0.01795807238401617,0.005678841111966104,0.11711582728433191
wcf_sensitivity_v1_align,SYM-ALIGN,1000,25,10,drf,tate_functional_rmse,TATE-K-grid_sd,10,0.0027417423406015163,0.0021504493422652795,0.0006800317914369278,0.0030910317989514126
wcf_sensitivity_v1_align,SYM-ALIGN,1000,25,10,drf,tate_functional_rmse,TATE-K-grid_skewness,10,8.538778113053167e-18,7.368696287558907e-18,2.3301863654713203e-18,9.275147686395085e-18
wcf_sensitivity_v1_align,SYM-ALIGN,1000,25,10,drf,tate_functional_rmse,TATE-K-grid_upper_tail_mean,10,0.1130741624968239,0.01884346568298183,0.005958827056944293,0.11488738978313395
wcf_sensitivity_v1_align,SYM-ALIGN,1000,25,10,drf,tcate_functional_rmse,TCATE-COMMON199-grid_mean,10,0.12352969525124328,0.01612168332731112,0.005098123903026498,0.1264602698404333
wcf_sensitivity_v1_align,SYM-ALIGN,1000,25,10,drf,tcate_functional_rmse,TCATE-COMMON199-grid_sd,10,0.003712528878171136,0.0018229777652263009,0.0005764761861958808,0.00428622147950463
wcf_sensitivity_v1_align,SYM-ALIGN,1000,25,10,drf,tcate_functional_rmse,TCATE-COMMON199-grid_skewness,10,3.890589076107109e-17,1.8803931440880146e-17,5.946325231883309e-18,3.291932858293824e-17
wcf_sensitivity_v1_align,SYM-ALIGN,1000,25,10,drf,tcate_functional_rmse,TCATE-COMMON199-grid_upper_tail_mean,10,0.12149635062140526,0.016956735988763648,0.005362190740664046,0.12230194286308077
wcf_sensitivity_v1_align,SYM-ALIGN,1000,25,10,drf,tcate_functional_rmse,TCATE-K-grid_mean,10,0.12352969525124328,0.01612168332731112,0.005098123903026498,0.12646026984043326
wcf_sensitivity_v1_align,SYM-ALIGN,1000,25,10,drf,tcate_functional_rmse,TCATE-K-grid_sd,10,0.0037256711108687402,0.001829431047821374,0.0005785168933343961,0.004301394565539898
wcf_sensitivity_v1_align,SYM-ALIGN,1000,25,10,drf,tcate_functional_rmse,TCATE-K-grid_skewness,10,1.6232909946878668e-17,8.779389636248998e-18,2.7762867716624e-18,1.4210625216273895e-17
wcf_sensitivity_v1_align,SYM-ALIGN,1000,25,10,drf,tcate_functional_rmse,TCATE-K-grid_upper_tail_mean,10,0.12156421820045966,0.01692581399736843,0.0053524123484043435,0.12241736296156151
wcf_sensitivity_v1_align,SYM-IRREL,500,25,10,causal_drf,arm_energy_risk,LAW-A-M-K,10,0.07760114796547068,0.0060526825913007586,0.0019140262942560445,0.07736764904992649
wcf_sensitivity_v1_align,SYM-IRREL,500,25,10,causal_drf,barycenter_rmse,MEANQ-A-K,10,0.27156866686129033,0.008011253828881702,0.0025333809013010997,0.2721803858035958
wcf_sensitivity_v1_align,SYM-IRREL,500,25,10,causal_drf,diagnostic_effective_support,NONE_OPERATIONAL,10,93.9670549602239,3.6008022999464724,1.1386736671803648,94.51925635922433
wcf_sensitivity_v1_align,SYM-IRREL,500,25,10,causal_drf,kernel_law_error,LAW-A-COMMON199,10,0.07192466918502949,0.005803585371093743,0.0018352548367889757,0.07156663564364278
wcf_sensitivity_v1_align,SYM-IRREL,500,25,10,causal_drf,kernel_law_error,LAW-A-INTERIOR,10,0.06185201086176738,0.005790409093634392,0.001831088132003587,0.06172749997499158
wcf_sensitivity_v1_align,SYM-IRREL,500,25,10,causal_drf,kernel_law_error,LAW-A-K,10,0.06242047876959121,0.005787867335531228,0.0018302843575168683,0.062301872186946564
wcf_sensitivity_v1_align,SYM-IRREL,500,25,10,causal_drf,mean_quantile_rmse,MEANQ-A-COMMON199,10,0.10901396762456406,0.014984751491611494,0.004738594488509783,0.10497421186311177
wcf_sensitivity_v1_align,SYM-IRREL,500,25,10,causal_drf,mean_quantile_rmse,MEANQ-A-INTERIOR,10,0.10894243428989794,0.014983410775675976,0.00473817051690463,0.10492339268091985
wcf_sensitivity_v1_align,SYM-IRREL,500,25,10,causal_drf,mean_quantile_rmse,MEANQ-A-K,10,0.10901491694161806,0.014984770001666082,0.004738600341902994,0.1049748864043719
wcf_sensitivity_v1_align,SYM-IRREL,500,25,10,causal_drf,mode_coverage,LAW-A-K,10,1.0,0.0,0.0,1.0
wcf_sensitivity_v1_align,SYM-IRREL,500,25,10,causal_drf,peak_ram,NONE_OPERATIONAL,10,304.16836,0.25286112657609106,0.07996170916965815,304.2578
wcf_sensitivity_v1_align,SYM-IRREL,500,25,10,causal_drf,process_peak_ram,NONE_OPERATIONAL,10,286.169140625,3.7657497358965517,1.1908346263610639,286.42578125
wcf_sensitivity_v1_align,SYM-IRREL,500,25,10,causal_drf,reference_effect_rmse,REF-ATE-COMMON199,10,0.02419042159008893,0.024387329559529144,0.007711950745726297,0.01673942792393348
wcf_sensitivity_v1_align,SYM-IRREL,500,25,10,causal_drf,reference_effect_rmse,REF-ATE-K,10,0.02414528999451409,0.024552602254565792,0.0077642145608613185,0.016813658628534775
wcf_sensitivity_v1_align,SYM-IRREL,500,25,10,causal_drf,reference_tcate_rmse,REF-TCATE-COMMON199,10,0.051734489641665826,0.020580194594178668,0.006508028960708925,0.05231591238725819
wcf_sensitivity_v1_align,SYM-IRREL,500,25,10,causal_drf,reference_tcate_rmse,REF-TCATE-INTERIOR,10,0.05379378706217416,0.021579233934954558,0.006823952939605418,0.053729147948428466
wcf_sensitivity_v1_align,SYM-IRREL,500,25,10,causal_drf,reference_tcate_rmse,REF-TCATE-K,10,0.05184550350745511,0.020676555816346358,0.006538501054725665,0.05236161020711747
wcf_sensitivity_v1_align,SYM-IRREL,500,25,10,causal_drf,runtime,NONE_OPERATIONAL,10,15.331399999999999,0.19210772440945126,0.06074979652457913,15.3595
wcf_sensitivity_v1_align,SYM-IRREL,500,25,10,causal_drf,tail_calibration,LAW-A-K,10,0.047171691972172455,0.00516456277933211,0.0016331781501619047,0.04684675482991197
wcf_sensitivity_v1_align,SYM-IRREL,500,25,10,causal_drf,tate_functional_rmse,TATE-COMMON199-grid_mean,10,0.022756831639698077,0.020502304988047355,0.006483398104566088,0.019509310958615522
wcf_sensitivity_v1_align,SYM-IRREL,500,25,10,causal_drf,tate_functional_rmse,TATE-COMMON199-grid_sd,10,0.0024386888723645283,0.002488509383507672,0.0007869357630585697,0.0018569502249576224
wcf_sensitivity_v1_align,SYM-IRREL,500,25,10,causal_drf,tate_functional_rmse,TATE-COMMON199-grid_skewness,10,4.2707079910055587e-17,3.6777231959695406e-17,1.1629981902897532e-17,3.363014884806012e-17
wcf_sensitivity_v1_align,SYM-IRREL,500,25,10,causal_drf,tate_functional_rmse,TATE-COMMON199-grid_upper_tail_mean,10,0.023449022243908137,0.020723745015524854,0.006553423589762005,0.020245399165721226
wcf_sensitivity_v1_align,SYM-IRREL,500,25,10,causal_drf,tate_functional_rmse,TATE-K-grid_mean,10,0.022756831639698074,0.02050230498804734,0.006483398104566084,0.01950931095861551
wcf_sensitivity_v1_align,SYM-IRREL,500,25,10,causal_drf,tate_functional_rmse,TATE-K-grid_sd,10,0.002447321752455006,0.0024973186266035344,0.0007897214903230734,0.0018635237689663422
wcf_sensitivity_v1_align,SYM-IRREL,500,25,10,causal_drf,tate_functional_rmse,TATE-K-grid_skewness,10,1.590045802675959e-17,9.684115683703678e-18,3.062386268506237e-18,1.6884584587367845e-17
wcf_sensitivity_v1_align,SYM-IRREL,500,25,10,causal_drf,tate_functional_rmse,TATE-K-grid_upper_tail_mean,10,0.023425760982344786,0.020710229042242016,0.006549149463725229,0.020220662712762974
wcf_sensitivity_v1_align,SYM-IRREL,500,25,10,causal_drf,tcate_functional_rmse,TCATE-COMMON199-grid_mean,10,0.041001761219283936,0.0216224117473508,0.006837606962760976,0.0368355365087149
wcf_sensitivity_v1_align,SYM-IRREL,500,25,10,causal_drf,tcate_functional_rmse,TCATE-COMMON199-grid_sd,10,0.003567811399941244,0.0021427744677286554,0.0006776047830077517,0.0030295639877099493
wcf_sensitivity_v1_align,SYM-IRREL,500,25,10,causal_drf,tcate_functional_rmse,TCATE-COMMON199-grid_skewness,10,5.954107332654709e-17,3.872820240498792e-17,1.224693292837726e-17,5.600430427627212e-17
wcf_sensitivity_v1_align,SYM-IRREL,500,25,10,causal_drf,tcate_functional_rmse,TCATE-COMMON199-grid_upper_tail_mean,10,0.041726699589569184,0.021466056284189763,0.006788163023941033,0.03876244301280532
wcf_sensitivity_v1_align,SYM-IRREL,500,25,10,causal_drf,tcate_functional_rmse,TCATE-K-grid_mean,10,0.04100176121928395,0.021622411747350797,0.0068376069627609755,0.036835536508714906
wcf_sensitivity_v1_align,SYM-IRREL,500,25,10,causal_drf,tcate_functional_rmse,TCATE-K-grid_sd,10,0.003580441337425331,0.0021503598203541892,0.0006800034821229741,0.003040288546684528
wcf_sensitivity_v1_align,SYM-IRREL,500,25,10,causal_drf,tcate_functional_rmse,TCATE-K-grid_skewness,10,2.0958502740653724e-17,8.771720421770383e-18,2.7738615531007234e-18,2.199228147780482e-17
wcf_sensitivity_v1_align,SYM-IRREL,500,25,10,causal_drf,tcate_functional_rmse,TCATE-K-grid_upper_tail_mean,10,0.04169987893409899,0.02146785651151303,0.006788732305805793,0.03871379521639185
wcf_sensitivity_v1_align,SYM-IRREL,500,25,10,cwdb_dr,arm_energy_risk,LAW-A-M-K,10,0.05570685558385653,0.003272781088418445,0.0010349442522527201,0.055514046571521244
wcf_sensitivity_v1_align,SYM-IRREL,500,25,10,cwdb_dr,barycenter_rmse,MEANQ-A-K,10,0.1802128329246694,0.006057588325575811,0.0019155776236465165,0.1810567347924189
wcf_sensitivity_v1_align,SYM-IRREL,500,25,10,cwdb_dr,diagnostic_dense_dr_n_levels,NONE_OPERATIONAL,10,199.0,0.0,0.0,199.0
wcf_sensitivity_v1_align,SYM-IRREL,500,25,10,cwdb_dr,diagnostic_dr_if_se_reference,NONE_OPERATIONAL,10,0.027001943802236715,0.00153381534664587,0.00048503500055216534,0.02725656411961066
wcf_sensitivity_v1_align,SYM-IRREL,500,25,10,cwdb_dr,diagnostic_effective_support,NONE_OPERATIONAL,10,9.999999999999998,0.0,0.0,9.999999999999998
wcf_sensitivity_v1_align,SYM-IRREL,500,25,10,cwdb_dr,diagnostic_ehat_mean,NONE_OPERATIONAL,10,0.4963725659997703,0.02368141839807377,0.007488722036132913,0.49257613472319617
wcf_sensitivity_v1_align,SYM-IRREL,500,25,10,cwdb_dr,diagnostic_n_boosting_steps,NONE_OPERATIONAL,10,100.0,0.0,0.0,100.0
wcf_sensitivity_v1_align,SYM-IRREL,500,25,10,cwdb_dr,diagnostic_selected_contrast_shrinkage,NONE_OPERATIONAL,10,20.0,25.81988897471611,8.164965809277259,0.0
wcf_sensitivity_v1_align,SYM-IRREL,500,25,10,cwdb_dr,diagnostic_train_risk,NONE_OPERATIONAL,10,0.03597114547866663,0.0042027588999239765,0.0013290290580303423,0.035900343197407744
wcf_sensitivity_v1_align,SYM-IRREL,500,25,10,cwdb_dr,kernel_law_error,LAW-A-COMMON199,10,0.03876320246688982,0.002857239151375474,0.0009035383538153119,0.0382881520915454
wcf_sensitivity_v1_align,SYM-IRREL,500,25,10,cwdb_dr,kernel_law_error,LAW-A-INTERIOR,10,0.02808868885057477,0.0027495166240109033,0.000869473499637126,0.028184699503385445
wcf_sensitivity_v1_align,SYM-IRREL,500,25,10,cwdb_dr,kernel_law_error,LAW-A-K,10,0.02850475160541601,0.002782839861861823,0.00088001123269917,0.028431666534127487
wcf_sensitivity_v1_align,SYM-IRREL,500,25,10,cwdb_dr,mean_quantile_rmse,MEANQ-A-COMMON199,10,0.13527834672861977,0.011641067259638222,0.003681228693567148,0.1370519907626636
wcf_sensitivity_v1_align,SYM-IRREL,500,25,10,cwdb_dr,mean_quantile_rmse,MEANQ-A-INTERIOR,10,0.13366528955943294,0.01056979596252475,0.003342462964482995,0.13456040125410917
wcf_sensitivity_v1_align,SYM-IRREL,500,25,10,cwdb_dr,mean_quantile_rmse,MEANQ-A-K,10,0.13545673367321273,0.011796663840531853,0.0037304326527429995,0.1372523524075724
wcf_sensitivity_v1_align,SYM-IRREL,500,25,10,cwdb_dr,mode_coverage,LAW-A-K,10,1.0,0.0,0.0,1.0
wcf_sensitivity_v1_align,SYM-IRREL,500,25,10,cwdb_dr,peak_ram,NONE_OPERATIONAL,10,0.0,0.0,0.0,0.0
wcf_sensitivity_v1_align,SYM-IRREL,500,25,10,cwdb_dr,process_peak_ram,NONE_OPERATIONAL,10,338.884375,6.296539831168077,1.9911407244463186,337.24609375
wcf_sensitivity_v1_align,SYM-IRREL,500,25,10,cwdb_dr,reference_effect_rmse,REF-ATE-COMMON199,10,0.022752431955422214,0.015199357850855999,0.004806458978066679,0.021704548899574856
wcf_sensitivity_v1_align,SYM-IRREL,500,25,10,cwdb_dr,reference_effect_rmse,REF-ATE-K,10,0.02308055775034442,0.013180737177649903,0.0041681150721433104,0.020955378097864654
wcf_sensitivity_v1_align,SYM-IRREL,500,25,10,cwdb_dr,reference_tcate_rmse,REF-TCATE-COMMON199,10,0.036994846041289116,0.012544357316630993,0.003966874090355194,0.038670618842118164
wcf_sensitivity_v1_align,SYM-IRREL,500,25,10,cwdb_dr,reference_tcate_rmse,REF-TCATE-INTERIOR,10,0.03903814379283209,0.012913439373244334,0.004083588084594931,0.03997638927766946
wcf_sensitivity_v1_align,SYM-IRREL,500,25,10,cwdb_dr,reference_tcate_rmse,REF-TCATE-K,10,0.03710051492197961,0.01268133504605872,0.004010190251726184,0.0386348798036997
wcf_sensitivity_v1_align,SYM-IRREL,500,25,10,cwdb_dr,runtime,NONE_OPERATIONAL,10,211.31335306969922,3.861742556646023,1.221190221620324,211.17324464299963
wcf_sensitivity_v1_align,SYM-IRREL,500,25,10,cwdb_dr,tail_calibration,LAW-A-K,10,0.03499096141668596,0.0036667215556722894,0.0011595191661560326,0.034787024687620766
wcf_sensitivity_v1_align,SYM-IRREL,500,25,10,cwdb_dr,tate_functional_rmse,TATE-COMMON199-grid_mean,10,0.022774335130637594,0.014659230499982434,0.00463565571253534,0.018315497464699515
wcf_sensitivity_v1_align,SYM-IRREL,500,25,10,cwdb_dr,tate_functional_rmse,TATE-COMMON199-grid_sd,10,0.002090580742204056,0.001869638869873353,0.0005912317230782959,0.0015228235086908808
wcf_sensitivity_v1_align,SYM-IRREL,500,25,10,cwdb_dr,tate_functional_rmse,TATE-COMMON199-grid_skewness,10,0.0008739480790928258,0.0009132835054562399,0.00028880560267045336,0.0002699075248582121
wcf_sensitivity_v1_align,SYM-IRREL,500,25,10,cwdb_dr,tate_functional_rmse,TATE-COMMON199-grid_upper_tail_mean,10,0.023065103507836384,0.013642706306383503,0.004314202537691481,0.01989818738876878
wcf_sensitivity_v1_align,SYM-IRREL,500,25,10,cwdb_dr,tate_functional_rmse,TATE-K-grid_mean,10,0.022204310609604906,0.014735171409985436,0.004659670336854874,0.01883320691048465
wcf_sensitivity_v1_align,SYM-IRREL,500,25,10,cwdb_dr,tate_functional_rmse,TATE-K-grid_sd,10,0.00205733841186293,0.0018664412342523553,0.000590220541909332,0.0015578283853344278
wcf_sensitivity_v1_align,SYM-IRREL,500,25,10,cwdb_dr,tate_functional_rmse,TATE-K-grid_skewness,10,0.0009248810448069916,0.0009314316543457415,0.0002945445512511214,0.00033675636389939566
wcf_sensitivity_v1_align,SYM-IRREL,500,25,10,cwdb_dr,tate_functional_rmse,TATE-K-grid_upper_tail_mean,10,0.022414836386297467,0.014052912569550133,0.00444392114789878,0.020265201381597236
wcf_sensitivity_v1_align,SYM-IRREL,500,25,10,cwdb_dr,tcate_functional_rmse,TCATE-COMMON199-grid_mean,10,0.04955795627992702,0.013747242243533594,0.004347259703564931,0.05070109363443345
wcf_sensitivity_v1_align,SYM-IRREL,500,25,10,cwdb_dr,tcate_functional_rmse,TCATE-COMMON199-grid_sd,10,0.007244842770932977,0.0020835801580228277,0.0006588858986885689,0.007216177118220679
wcf_sensitivity_v1_align,SYM-IRREL,500,25,10,cwdb_dr,tcate_functional_rmse,TCATE-COMMON199-grid_skewness,10,0.001857056043114523,0.0010152232779041522,0.00032104178917992144,0.0016917432753947568
wcf_sensitivity_v1_align,SYM-IRREL,500,25,10,cwdb_dr,tcate_functional_rmse,TCATE-COMMON199-grid_upper_tail_mean,10,0.05048838144295966,0.015287185282391355,0.004834232450536101,0.051642721403555164
wcf_sensitivity_v1_align,SYM-IRREL,500,25,10,cwdb_dr,tcate_functional_rmse,TCATE-K-grid_mean,10,0.04955795958024879,0.013747243090796925,0.004347259971493121,0.05070109688464944
wcf_sensitivity_v1_align,SYM-IRREL,500,25,10,cwdb_dr,tcate_functional_rmse,TCATE-K-grid_sd,10,0.007275718472242757,0.002085427928197879,0.000659470214923138,0.007248620631355054
wcf_sensitivity_v1_align,SYM-IRREL,500,25,10,cwdb_dr,tcate_functional_rmse,TCATE-K-grid_skewness,10,0.0019663652873369206,0.001069026777955521,0.0003380559498050526,0.001808317197613718
wcf_sensitivity_v1_align,SYM-IRREL,500,25,10,cwdb_dr,tcate_functional_rmse,TCATE-K-grid_upper_tail_mean,10,0.05044351549990469,0.01522807101326275,0.004815538877269845,0.051536523837704434
wcf_sensitivity_v1_align,SYM-IRREL,500,25,10,drf,arm_energy_risk,LAW-A-M-K,10,0.08267303215853947,0.006061068930045742,0.0019166782874224311,0.08185384644487637
wcf_sensitivity_v1_align,SYM-IRREL,500,25,10,drf,barycenter_rmse,MEANQ-A-K,10,0.28254940550116264,0.007276470024639978,0.0023010218603803857,0.27993452004305
wcf_sensitivity_v1_align,SYM-IRREL,500,25,10,drf,diagnostic_effective_support,NONE_OPERATIONAL,10,140.2781325499729,1.8627015952470727,0.589037964220982,140.44137490355482
wcf_sensitivity_v1_align,SYM-IRREL,500,25,10,drf,kernel_law_error,LAW-A-COMMON199,10,0.07657503082268165,0.006122897671539353,0.0019362302522205883,0.07625513819073167
wcf_sensitivity_v1_align,SYM-IRREL,500,25,10,drf,kernel_law_error,LAW-A-INTERIOR,10,0.06635904385579625,0.006148486173716149,0.0019443220470996734,0.06622586203647055
wcf_sensitivity_v1_align,SYM-IRREL,500,25,10,drf,kernel_law_error,LAW-A-K,10,0.06711101280100859,0.00612074227912005,0.0019355486572909424,0.06700647239333901
wcf_sensitivity_v1_align,SYM-IRREL,500,25,10,drf,mean_quantile_rmse,MEANQ-A-COMMON199,10,0.12166905172342754,0.009438562951983349,0.0029847356767149853,0.12143233873472074
wcf_sensitivity_v1_align,SYM-IRREL,500,25,10,drf,mean_quantile_rmse,MEANQ-A-INTERIOR,10,0.12163242491764556,0.009419706881682734,0.002978772863727965,0.12137740596817935
wcf_sensitivity_v1_align,SYM-IRREL,500,25,10,drf,mean_quantile_rmse,MEANQ-A-K,10,0.12166953786302348,0.009438813993302635,0.0029848150629505615,0.12143306786583974
wcf_sensitivity_v1_align,SYM-IRREL,500,25,10,drf,mode_coverage,LAW-A-K,10,1.0,0.0,0.0,1.0
wcf_sensitivity_v1_align,SYM-IRREL,500,25,10,drf,peak_ram,NONE_OPERATIONAL,10,376.8,3.674234614174764,1.161895003862224,376.4
wcf_sensitivity_v1_align,SYM-IRREL,500,25,10,drf,process_peak_ram,NONE_OPERATIONAL,10,286.169140625,3.7657497358965517,1.1908346263610639,286.42578125
wcf_sensitivity_v1_align,SYM-IRREL,500,25,10,drf,reference_effect_rmse,REF-ATE-COMMON199,10,0.020574452851482995,0.021093964578974084,0.006670497295247283,0.01767344027507551
wcf_sensitivity_v1_align,SYM-IRREL,500,25,10,drf,reference_effect_rmse,REF-ATE-K,10,0.02053101026168714,0.021261228876207846,0.006723390910295893,0.017512508989576115
wcf_sensitivity_v1_align,SYM-IRREL,500,25,10,drf,reference_tcate_rmse,REF-TCATE-COMMON199,10,0.045194291632608116,0.01535377630949766,0.004855290382274695,0.042801525539602106
wcf_sensitivity_v1_align,SYM-IRREL,500,25,10,drf,reference_tcate_rmse,REF-TCATE-INTERIOR,10,0.047032211038078434,0.016011090676659394,0.005063151436173021,0.04469941886287815
wcf_sensitivity_v1_align,SYM-IRREL,500,25,10,drf,reference_tcate_rmse,REF-TCATE-K,10,0.04531243594522391,0.015494273430582118,0.0048997194730070305,0.04282438023648065
wcf_sensitivity_v1_align,SYM-IRREL,500,25,10,drf,runtime,NONE_OPERATIONAL,10,16.5185,1.6911631927299169,0.5347927584068847,17.5835
wcf_sensitivity_v1_align,SYM-IRREL,500,25,10,drf,tail_calibration,LAW-A-K,10,0.04924643180597872,0.004714143083326137,0.0014907429359239527,0.0496686488601675
wcf_sensitivity_v1_align,SYM-IRREL,500,25,10,drf,tate_functional_rmse,TATE-COMMON199-grid_mean,10,0.030188802253803527,0.0201002357427289,0.006356252645334957,0.034090156657366505
wcf_sensitivity_v1_align,SYM-IRREL,500,25,10,drf,tate_functional_rmse,TATE-COMMON199-grid_sd,10,0.002397684211405463,0.0024685581253780222,0.0007806266212710052,0.001672483994728265
wcf_sensitivity_v1_align,SYM-IRREL,500,25,10,drf,tate_functional_rmse,TATE-COMMON199-grid_skewness,10,4.597879362440976e-17,3.997980931556653e-17,1.264272578564077e-17,3.367260168203385e-17
wcf_sensitivity_v1_align,SYM-IRREL,500,25,10,drf,tate_functional_rmse,TATE-COMMON199-grid_upper_tail_mean,10,0.03145558895646218,0.020304828087527392,0.006420950425474731,0.03534142429614745
wcf_sensitivity_v1_align,SYM-IRREL,500,25,10,drf,tate_functional_rmse,TATE-K-grid_mean,10,0.030188802253803514,0.0201002357427289,0.006356252645334957,0.03409015665736649
wcf_sensitivity_v1_align,SYM-IRREL,500,25,10,drf,tate_functional_rmse,TATE-K-grid_sd,10,0.0024061719363163434,0.0024772967416624822,0.0007833900143767184,0.0016784045342211507
wcf_sensitivity_v1_align,SYM-IRREL,500,25,10,drf,tate_functional_rmse,TATE-K-grid_skewness,10,1.6200479727952436e-17,9.888984448503887e-18,3.127171460325636e-18,1.5876246253970334e-17
wcf_sensitivity_v1_align,SYM-IRREL,500,25,10,drf,tate_functional_rmse,TATE-K-grid_upper_tail_mean,10,0.03141301823005194,0.020292914353993302,0.006417182972134326,0.035300683829709203
wcf_sensitivity_v1_align,SYM-IRREL,500,25,10,drf,tcate_functional_rmse,TCATE-COMMON199-grid_mean,10,0.05055807640936231,0.019219653904134364,0.006077788217721207,0.0531380299983531
wcf_sensitivity_v1_align,SYM-IRREL,500,25,10,drf,tcate_functional_rmse,TCATE-COMMON199-grid_sd,10,0.0033085714619284336,0.002289826293728277,0.0007241066534323088,0.0031391315587406482
wcf_sensitivity_v1_align,SYM-IRREL,500,25,10,drf,tcate_functional_rmse,TCATE-COMMON199-grid_skewness,10,6.274966597538879e-17,3.917346010112562e-17,1.2387735774928687e-17,5.0068158080128203e-17
wcf_sensitivity_v1_align,SYM-IRREL,500,25,10,drf,tcate_functional_rmse,TCATE-COMMON199-grid_upper_tail_mean,10,0.05168664409488738,0.019423203794651386,0.0061421563448723765,0.054016552127890194
wcf_sensitivity_v1_align,SYM-IRREL,500,25,10,drf,tcate_functional_rmse,TCATE-K-grid_mean,10,0.050558076409362315,0.019219653904134354,0.006077788217721204,0.05313802999835311
wcf_sensitivity_v1_align,SYM-IRREL,500,25,10,drf,tcate_functional_rmse,TCATE-K-grid_sd,10,0.0033202836983786087,0.0022979322050832667,0.0007266699676716276,0.0031502439833889645
wcf_sensitivity_v1_align,SYM-IRREL,500,25,10,drf,tcate_functional_rmse,TCATE-K-grid_skewness,10,2.1974088507653523e-17,9.590856802522531e-18,3.032895220849093e-18,2.2306544217928616e-17
wcf_sensitivity_v1_align,SYM-IRREL,500,25,10,drf,tcate_functional_rmse,TCATE-K-grid_upper_tail_mean,10,0.051646990618769636,0.019413214708292662,0.006138997518408608,0.05398956019505102
wcf_sensitivity_v1_align,SYM-IRREL,1000,25,10,causal_drf,arm_energy_risk,LAW-A-M-K,10,0.06655073649083673,0.00404460366251984,0.0012790159806221697,0.06595777791869509
wcf_sensitivity_v1_align,SYM-IRREL,1000,25,10,causal_drf,barycenter_rmse,MEANQ-A-K,10,0.24321663229410095,0.006633144638761908,0.0020975845107822433,0.24361793612878035
wcf_sensitivity_v1_align,SYM-IRREL,1000,25,10,causal_drf,diagnostic_effective_support,NONE_OPERATIONAL,10,122.34265799473319,3.022240393891856,0.9557163281262699,122.64522157275786
wcf_sensitivity_v1_align,SYM-IRREL,1000,25,10,causal_drf,kernel_law_error,LAW-A-COMMON199,10,0.06146482196811014,0.004272404449682556,0.0013510529146435126,0.061278873434749775
wcf_sensitivity_v1_align,SYM-IRREL,1000,25,10,causal_drf,kernel_law_error,LAW-A-INTERIOR,10,0.051314365703208985,0.004224771537865542,0.0013359900653507409,0.05142234474488095
wcf_sensitivity_v1_align,SYM-IRREL,1000,25,10,causal_drf,kernel_law_error,LAW-A-K,10,0.051840153358296656,0.004213958542226362,0.0013325706958958133,0.051984216960128504
wcf_sensitivity_v1_align,SYM-IRREL,1000,25,10,causal_drf,mean_quantile_rmse,MEANQ-A-COMMON199,10,0.09233773516086406,0.008672861580958613,0.0027425996427198032,0.09158031015834736
wcf_sensitivity_v1_align,SYM-IRREL,1000,25,10,causal_drf,mean_quantile_rmse,MEANQ-A-INTERIOR,10,0.09225103529726827,0.008681970450603966,0.002745480120218692,0.09151916299436029
wcf_sensitivity_v1_align,SYM-IRREL,1000,25,10,causal_drf,mean_quantile_rmse,MEANQ-A-K,10,0.09233888546109331,0.00867274333929232,0.0027425622514218213,0.09158112171029895
wcf_sensitivity_v1_align,SYM-IRREL,1000,25,10,causal_drf,mode_coverage,LAW-A-K,10,1.0,0.0,0.0,1.0
wcf_sensitivity_v1_align,SYM-IRREL,1000,25,10,causal_drf,peak_ram,NONE_OPERATIONAL,10,377.83360000000005,1.5680438528448235,0.49585900460155385,377.95705
wcf_sensitivity_v1_align,SYM-IRREL,1000,25,10,causal_drf,process_peak_ram,NONE_OPERATIONAL,10,289.244921875,5.657978668109152,1.7892099543870812,286.85546875
wcf_sensitivity_v1_align,SYM-IRREL,1000,25,10,causal_drf,reference_effect_rmse,REF-ATE-COMMON199,10,0.015743857452355854,0.011009138231350857,0.0034813951886706433,0.015521543182155643
wcf_sensitivity_v1_align,SYM-IRREL,1000,25,10,causal_drf,reference_effect_rmse,REF-ATE-K,10,0.015863089379327018,0.011140903266456193,0.003523062951361134,0.015565753983345806
wcf_sensitivity_v1_align,SYM-IRREL,1000,25,10,causal_drf,reference_tcate_rmse,REF-TCATE-COMMON199,10,0.03227307794711653,0.007653559732550899,0.002420268096300998,0.031528985829396144
wcf_sensitivity_v1_align,SYM-IRREL,1000,25,10,causal_drf,reference_tcate_rmse,REF-TCATE-INTERIOR,10,0.03332813419917189,0.007900409814522774,0.002498328946264038,0.03298044247640301
wcf_sensitivity_v1_align,SYM-IRREL,1000,25,10,causal_drf,reference_tcate_rmse,REF-TCATE-K,10,0.03243093626210972,0.007647699225130653,0.0024184148411317686,0.03159353698029709
wcf_sensitivity_v1_align,SYM-IRREL,1000,25,10,causal_drf,runtime,NONE_OPERATIONAL,10,34.5781,0.7216081500525209,0.22819253323065183,34.352000000000004
wcf_sensitivity_v1_align,SYM-IRREL,1000,25,10,causal_drf,tail_calibration,LAW-A-K,10,0.04568608266493561,0.004954241728049382,0.0015666687939684546,0.04599929327240141
wcf_sensitivity_v1_align,SYM-IRREL,1000,25,10,causal_drf,tate_functional_rmse,TATE-COMMON199-grid_mean,10,0.014427100504935831,0.013583280809632222,0.004295410545609383,0.005999644934366083
wcf_sensitivity_v1_align,SYM-IRREL,1000,25,10,causal_drf,tate_functional_rmse,TATE-COMMON199-grid_sd,10,0.0021326743159955407,0.0021454657595665586,0.0006784558442133511,0.0016758090960960806
wcf_sensitivity_v1_align,SYM-IRREL,1000,25,10,causal_drf,tate_functional_rmse,TATE-COMMON199-grid_skewness,10,2.570599019145526e-17,8.958852576270519e-18,2.8330379362682192e-18,2.854506412072917e-17
wcf_sensitivity_v1_align,SYM-IRREL,1000,25,10,causal_drf,tate_functional_rmse,TATE-COMMON199-grid_upper_tail_mean,10,0.015177944553602168,0.012572194393892988,0.003975676947110193,0.007626674269360478
wcf_sensitivity_v1_align,SYM-IRREL,1000,25,10,causal_drf,tate_functional_rmse,TATE-K-grid_mean,10,0.014427100504935831,0.013583280809632219,0.004295410545609382,0.005999644934366097
wcf_sensitivity_v1_align,SYM-IRREL,1000,25,10,causal_drf,tate_functional_rmse,TATE-K-grid_sd,10,0.002140223914409124,0.002153060639278525,0.0006808575560578329,0.001681741406340785
wcf_sensitivity_v1_align,SYM-IRREL,1000,25,10,causal_drf,tate_functional_rmse,TATE-K-grid_skewness,10,1.0435024883342997e-17,7.446725367571425e-18,2.354861327128028e-18,9.453569031859054e-18
wcf_sensitivity_v1_align,SYM-IRREL,1000,25,10,causal_drf,tate_functional_rmse,TATE-K-grid_upper_tail_mean,10,0.015141876610464261,0.012614665106513155,0.0039891073656832116,0.0075690567390380575
wcf_sensitivity_v1_align,SYM-IRREL,1000,25,10,causal_drf,tcate_functional_rmse,TCATE-COMMON199-grid_mean,10,0.025661799513457827,0.01090902891920535,0.0034497378445333877,0.025471930647452637
wcf_sensitivity_v1_align,SYM-IRREL,1000,25,10,causal_drf,tcate_functional_rmse,TCATE-COMMON199-grid_sd,10,0.003517315133373443,0.001810340065951951,0.0005724797947867605,0.0030450529517746863
wcf_sensitivity_v1_align,SYM-IRREL,1000,25,10,causal_drf,tcate_functional_rmse,TCATE-COMMON199-grid_skewness,10,4.3105186352254527e-17,1.7638366202161182e-17,5.577741140296328e-18,4.167802823138143e-17
wcf_sensitivity_v1_align,SYM-IRREL,1000,25,10,causal_drf,tcate_functional_rmse,TCATE-COMMON199-grid_upper_tail_mean,10,0.025886899138022407,0.010972016717193226,0.0034696563351774134,0.025517267902749233
wcf_sensitivity_v1_align,SYM-IRREL,1000,25,10,causal_drf,tcate_functional_rmse,TCATE-K-grid_mean,10,0.025661799513457817,0.010909028919205347,0.0034497378445333864,0.02547193064745259
wcf_sensitivity_v1_align,SYM-IRREL,1000,25,10,causal_drf,tcate_functional_rmse,TCATE-K-grid_sd,10,0.0035297663156996944,0.001816748611498462,0.0005745063548283509,0.003055832341183386
wcf_sensitivity_v1_align,SYM-IRREL,1000,25,10,causal_drf,tcate_functional_rmse,TCATE-K-grid_skewness,10,1.6433355239554617e-17,5.8491250009905875e-18,1.849655732216488e-18,1.5690424203700666e-17
wcf_sensitivity_v1_align,SYM-IRREL,1000,25,10,causal_drf,tcate_functional_rmse,TCATE-K-grid_upper_tail_mean,10,0.02587238464691246,0.010971806287572295,0.0034695897914884827,0.025545078509015696
wcf_sensitivity_v1_align,SYM-IRREL,1000,25,10,cwdb_dr,arm_energy_risk,LAW-A-M-K,10,0.04849463563693481,0.003986079152668363,0.0012605089056146068,0.04933353780413535
wcf_sensitivity_v1_align,SYM-IRREL,1000,25,10,cwdb_dr,barycenter_rmse,MEANQ-A-K,10,0.15818916364464514,0.008081245142610449,0.002555514098082125,0.16088814982312222
wcf_sensitivity_v1_align,SYM-IRREL,1000,25,10,cwdb_dr,diagnostic_dense_dr_n_levels,NONE_OPERATIONAL,10,199.0,0.0,0.0,199.0
wcf_sensitivity_v1_align,SYM-IRREL,1000,25,10,cwdb_dr,diagnostic_dr_if_se_reference,NONE_OPERATIONAL,10,0.018795512096742094,0.0015232864860693425,0.0004817054824933473,0.018416486049266552
wcf_sensitivity_v1_align,SYM-IRREL,1000,25,10,cwdb_dr,diagnostic_effective_support,NONE_OPERATIONAL,10,9.999999999999998,0.0,0.0,9.999999999999998
wcf_sensitivity_v1_align,SYM-IRREL,1000,25,10,cwdb_dr,diagnostic_ehat_mean,NONE_OPERATIONAL,10,0.4985323959893875,0.01650651923029225,0.005219819700909294,0.49984260275538833
wcf_sensitivity_v1_align,SYM-IRREL,1000,25,10,cwdb_dr,diagnostic_n_boosting_steps,NONE_OPERATIONAL,10,100.0,0.0,0.0,100.0
wcf_sensitivity_v1_align,SYM-IRREL,1000,25,10,cwdb_dr,diagnostic_selected_contrast_shrinkage,NONE_OPERATIONAL,10,20.0,25.81988897471611,8.164965809277259,0.0
wcf_sensitivity_v1_align,SYM-IRREL,1000,25,10,cwdb_dr,diagnostic_train_risk,NONE_OPERATIONAL,10,0.05455387996927345,0.007405419108210298,0.0023417991410077466,0.05381352076503091
wcf_sensitivity_v1_align,SYM-IRREL,1000,25,10,cwdb_dr,kernel_law_error,LAW-A-COMMON199,10,0.03292992955845405,0.003162695483012256,0.0010001321271845098,0.03325811011363039
wcf_sensitivity_v1_align,SYM-IRREL,1000,25,10,cwdb_dr,kernel_law_error,LAW-A-INTERIOR,10,0.02251732711874118,0.0031434410319357148,0.0009940433351346947,0.022742705050505595
wcf_sensitivity_v1_align,SYM-IRREL,1000,25,10,cwdb_dr,kernel_law_error,LAW-A-K,10,0.02282076193606277,0.0031956836344251296,0.001010563896610828,0.023068035608795175
wcf_sensitivity_v1_align,SYM-IRREL,1000,25,10,cwdb_dr,mean_quantile_rmse,MEANQ-A-COMMON199,10,0.11274924286180613,0.018907725284118777,0.005979147727056963,0.11591783708308893
wcf_sensitivity_v1_align,SYM-IRREL,1000,25,10,cwdb_dr,mean_quantile_rmse,MEANQ-A-INTERIOR,10,0.11153617723290296,0.018007201524526825,0.005694377110316116,0.1139486756897829
wcf_sensitivity_v1_align,SYM-IRREL,1000,25,10,cwdb_dr,mean_quantile_rmse,MEANQ-A-K,10,0.11292171468187658,0.01906837851198517,0.006029950738408546,0.11604386094514921
wcf_sensitivity_v1_align,SYM-IRREL,1000,25,10,cwdb_dr,mode_coverage,LAW-A-K,10,1.0,0.0,0.0,1.0
wcf_sensitivity_v1_align,SYM-IRREL,1000,25,10,cwdb_dr,peak_ram,NONE_OPERATIONAL,10,11.434375,7.9934446815877935,2.527749154437682,9.64453125
wcf_sensitivity_v1_align,SYM-IRREL,1000,25,10,cwdb_dr,process_peak_ram,NONE_OPERATIONAL,10,358.265234375,7.835628838723242,2.4778434030065606,361.236328125
wcf_sensitivity_v1_align,SYM-IRREL,1000,25,10,cwdb_dr,reference_effect_rmse,REF-ATE-COMMON199,10,0.014441540596472662,0.011628435728260703,0.0036772342526182637,0.014348008657338669
wcf_sensitivity_v1_align,SYM-IRREL,1000,25,10,cwdb_dr,reference_effect_rmse,REF-ATE-K,10,0.01474983052392051,0.009985777113492859,0.003157779988541915,0.013253785084176168
wcf_sensitivity_v1_align,SYM-IRREL,1000,25,10,cwdb_dr,reference_tcate_rmse,REF-TCATE-COMMON199,10,0.03560613365502732,0.011221305809572354,0.0035484884679528304,0.03706823772845967
wcf_sensitivity_v1_align,SYM-IRREL,1000,25,10,cwdb_dr,reference_tcate_rmse,REF-TCATE-INTERIOR,10,0.03683276938075246,0.011409474595996252,0.003607992662917759,0.038142868466170675
wcf_sensitivity_v1_align,SYM-IRREL,1000,25,10,cwdb_dr,reference_tcate_rmse,REF-TCATE-K,10,0.03563073892903791,0.011245961134008366,0.0035562851661196508,0.03703911610693341
wcf_sensitivity_v1_align,SYM-IRREL,1000,25,10,cwdb_dr,runtime,NONE_OPERATIONAL,10,438.87922158299955,10.885411241838185,3.4422692791810623,434.8477405079975
wcf_sensitivity_v1_align,SYM-IRREL,1000,25,10,cwdb_dr,tail_calibration,LAW-A-K,10,0.032644363932103265,0.0063247415528506915,0.0020000588918918406,0.03367343261562769
wcf_sensitivity_v1_align,SYM-IRREL,1000,25,10,cwdb_dr,tate_functional_rmse,TATE-COMMON199-grid_mean,10,0.018227721267482216,0.013352219677918073,0.004222342600114095,0.016890942729956185
wcf_sensitivity_v1_align,SYM-IRREL,1000,25,10,cwdb_dr,tate_functional_rmse,TATE-COMMON199-grid_sd,10,0.0010875910944089196,0.0009180677419175794,0.000290318511078719,0.0008715158275212885
wcf_sensitivity_v1_align,SYM-IRREL,1000,25,10,cwdb_dr,tate_functional_rmse,TATE-COMMON199-grid_skewness,10,0.0002452921074408404,0.000175692829133794,5.5558950862157694e-05,0.00023099724693812602
wcf_sensitivity_v1_align,SYM-IRREL,1000,25,10,cwdb_dr,tate_functional_rmse,TATE-COMMON199-grid_upper_tail_mean,10,0.01809571322459906,0.013272126131197708,0.004197014796762349,0.017797132628126447
wcf_sensitivity_v1_align,SYM-IRREL,1000,25,10,cwdb_dr,tate_functional_rmse,TATE-K-grid_mean,10,0.01844748910241441,0.012941924529136253,0.004092595881807274,0.018314219521396627
wcf_sensitivity_v1_align,SYM-IRREL,1000,25,10,cwdb_dr,tate_functional_rmse,TATE-K-grid_sd,10,0.001101991979495905,0.0009024314798369745,0.00028537389085211555,0.0008755228192536933
wcf_sensitivity_v1_align,SYM-IRREL,1000,25,10,cwdb_dr,tate_functional_rmse,TATE-K-grid_skewness,10,0.00026830201088565576,0.00019777394283670616,6.25416121195934e-05,0.00027963623688372747
wcf_sensitivity_v1_align,SYM-IRREL,1000,25,10,cwdb_dr,tate_functional_rmse,TATE-K-grid_upper_tail_mean,10,0.018398222262259113,0.01278339025093974,0.004042462941176099,0.019134824644950546
wcf_sensitivity_v1_align,SYM-IRREL,1000,25,10,cwdb_dr,tcate_functional_rmse,TCATE-COMMON199-grid_mean,10,0.04047610468785431,0.01440497673009207,0.00455525361088155,0.04201671494072524
wcf_sensitivity_v1_align,SYM-IRREL,1000,25,10,cwdb_dr,tcate_functional_rmse,TCATE-COMMON199-grid_sd,10,0.0022853968623616485,0.0006443909805896244,0.0002037743202332565,0.0020803314224738362
wcf_sensitivity_v1_align,SYM-IRREL,1000,25,10,cwdb_dr,tcate_functional_rmse,TCATE-COMMON199-grid_skewness,10,0.0007112144910309152,0.00029201301609257306,9.234262372679332e-05,0.000691758598205668
wcf_sensitivity_v1_align,SYM-IRREL,1000,25,10,cwdb_dr,tcate_functional_rmse,TCATE-COMMON199-grid_upper_tail_mean,10,0.04050809939723361,0.014421047808843504,0.0045603357322125965,0.04254996135462527
wcf_sensitivity_v1_align,SYM-IRREL,1000,25,10,cwdb_dr,tcate_functional_rmse,TCATE-K-grid_mean,10,0.04047610531512697,0.014404977943139108,0.004555253994480705,0.04201671632275674
wcf_sensitivity_v1_align,SYM-IRREL,1000,25,10,cwdb_dr,tcate_functional_rmse,TCATE-K-grid_sd,10,0.002292680041586227,0.0006460630833023328,0.00020430308553864697,0.0020835985754606877
wcf_sensitivity_v1_align,SYM-IRREL,1000,25,10,cwdb_dr,tcate_functional_rmse,TCATE-K-grid_skewness,10,0.0007363056796640981,0.0003078009593569342,9.733520975528283e-05,0.000704111752777175
wcf_sensitivity_v1_align,SYM-IRREL,1000,25,10,cwdb_dr,tcate_functional_rmse,TCATE-K-grid_upper_tail_mean,10,0.040504833760784086,0.014418476586388309,0.004559522640279658,0.04252857696564885
wcf_sensitivity_v1_align,SYM-IRREL,1000,25,10,drf,arm_energy_risk,LAW-A-M-K,10,0.06499050190776534,0.0033846474880965495,0.0010703195139152737,0.06522295613202003
wcf_sensitivity_v1_align,SYM-IRREL,1000,25,10,drf,barycenter_rmse,MEANQ-A-K,10,0.23897543714014496,0.003986917058680088,0.0012607738747608265,0.23847231886601816
wcf_sensitivity_v1_align,SYM-IRREL,1000,25,10,drf,diagnostic_effective_support,NONE_OPERATIONAL,10,198.14548504703757,2.6043284429914264,0.8235609655012885,198.32249226440194
wcf_sensitivity_v1_align,SYM-IRREL,1000,25,10,drf,kernel_law_error,LAW-A-COMMON199,10,0.059978171887715793,0.003904228695521945,0.001234625518403738,0.059915517675242565
wcf_sensitivity_v1_align,SYM-IRREL,1000,25,10,drf,kernel_law_error,LAW-A-INTERIOR,10,0.049666735051724455,0.0038480645696700637,0.001216864862355309,0.04990108279955235
wcf_sensitivity_v1_align,SYM-IRREL,1000,25,10,drf,kernel_law_error,LAW-A-K,10,0.05033451283260992,0.003816609418165633,0.0012069178700653417,0.05058277349125833
wcf_sensitivity_v1_align,SYM-IRREL,1000,25,10,drf,mean_quantile_rmse,MEANQ-A-COMMON199,10,0.10107810890950511,0.007825371401601087,0.0024745997165803633,0.10327063318173957
wcf_sensitivity_v1_align,SYM-IRREL,1000,25,10,drf,mean_quantile_rmse,MEANQ-A-INTERIOR,10,0.10101628280694244,0.007836786854787474,0.002478209599839564,0.10320915244739556
wcf_sensitivity_v1_align,SYM-IRREL,1000,25,10,drf,mean_quantile_rmse,MEANQ-A-K,10,0.10107892922400527,0.007825223643813129,0.0024745529914651657,0.10327144914712105
wcf_sensitivity_v1_align,SYM-IRREL,1000,25,10,drf,mode_coverage,LAW-A-K,10,1.0,0.0,0.0,1.0
wcf_sensitivity_v1_align,SYM-IRREL,1000,25,10,drf,peak_ram,NONE_OPERATIONAL,10,509.05,35.73862678453728,11.301546108583752,489.05
wcf_sensitivity_v1_align,SYM-IRREL,1000,25,10,drf,process_peak_ram,NONE_OPERATIONAL,10,289.738671875,5.45047960261221,1.7235929884544017,288.5390625
wcf_sensitivity_v1_align,SYM-IRREL,1000,25,10,drf,reference_effect_rmse,REF-ATE-COMMON199,10,0.015717485357621064,0.008992403590907026,0.00284364769867432,0.014401116704958826
wcf_sensitivity_v1_align,SYM-IRREL,1000,25,10,drf,reference_effect_rmse,REF-ATE-K,10,0.015804123321941997,0.009178020946969413,0.0029023450605158807,0.01440022410353852
wcf_sensitivity_v1_align,SYM-IRREL,1000,25,10,drf,reference_tcate_rmse,REF-TCATE-COMMON199,10,0.028353005237528518,0.009921388786949353,0.0031374186118814994,0.028910212785585983
wcf_sensitivity_v1_align,SYM-IRREL,1000,25,10,drf,reference_tcate_rmse,REF-TCATE-INTERIOR,10,0.029326994116249915,0.010283241357726104,0.003251846441965681,0.030101133270062357
wcf_sensitivity_v1_align,SYM-IRREL,1000,25,10,drf,reference_tcate_rmse,REF-TCATE-K,10,0.02847152151590947,0.009914214094213381,0.003135149774825746,0.02900688540734025
wcf_sensitivity_v1_align,SYM-IRREL,1000,25,10,drf,runtime,NONE_OPERATIONAL,10,29.848399999999998,0.47643495533668234,0.150661961578451,29.831
wcf_sensitivity_v1_align,SYM-IRREL,1000,25,10,drf,tail_calibration,LAW-A-K,10,0.0458534019272595,0.004781839265806936,0.0015121503484777238,0.04482783639274095
wcf_sensitivity_v1_align,SYM-IRREL,1000,25,10,drf,tate_functional_rmse,TATE-COMMON199-grid_mean,10,0.013916007837482683,0.010248705512445461,0.00324092524876508,0.013305162333419301
wcf_sensitivity_v1_align,SYM-IRREL,1000,25,10,drf,tate_functional_rmse,TATE-COMMON199-grid_sd,10,0.0021499423003367986,0.0022142262395905524,0.000700199817201584,0.001816222554546153
wcf_sensitivity_v1_align,SYM-IRREL,1000,25,10,drf,tate_functional_rmse,TATE-COMMON199-grid_skewness,10,2.4736456515405117e-17,1.1391931670499379e-17,3.602445102778483e-18,2.927129563531531e-17
wcf_sensitivity_v1_align,SYM-IRREL,1000,25,10,drf,tate_functional_rmse,TATE-COMMON199-grid_upper_tail_mean,10,0.013823195805181984,0.01028084721081817,0.003251089346237469,0.01474341986904558
wcf_sensitivity_v1_align,SYM-IRREL,1000,25,10,drf,tate_functional_rmse,TATE-K-grid_mean,10,0.013916007837482692,0.010248705512445458,0.0032409252487650793,0.013305162333419315
wcf_sensitivity_v1_align,SYM-IRREL,1000,25,10,drf,tate_functional_rmse,TATE-K-grid_sd,10,0.0021575530268589734,0.0022220645291879744,0.0007026785020103699,0.001822651923912893
wcf_sensitivity_v1_align,SYM-IRREL,1000,25,10,drf,tate_functional_rmse,TATE-K-grid_skewness,10,1.0938869516647674e-17,8.368765043665673e-18,2.6464358740782007e-18,9.211076023552525e-18
wcf_sensitivity_v1_align,SYM-IRREL,1000,25,10,drf,tate_functional_rmse,TATE-K-grid_upper_tail_mean,10,0.01379677917602012,0.010313501841838189,0.0032614156472550336,0.014695086816663386
wcf_sensitivity_v1_align,SYM-IRREL,1000,25,10,drf,tcate_functional_rmse,TCATE-COMMON199-grid_mean,10,0.03049907079222413,0.009183728990557498,0.0029041501023880675,0.030315265585093627
wcf_sensitivity_v1_align,SYM-IRREL,1000,25,10,drf,tcate_functional_rmse,TCATE-COMMON199-grid_sd,10,0.0035163923544229833,0.0021542481683539234,0.0006812330857244261,0.002761737444863149
wcf_sensitivity_v1_align,SYM-IRREL,1000,25,10,drf,tcate_functional_rmse,TCATE-COMMON199-grid_skewness,10,4.276979795682469e-17,1.6510775758873555e-17,5.221165733433546e-18,3.998602859344227e-17
wcf_sensitivity_v1_align,SYM-IRREL,1000,25,10,drf,tcate_functional_rmse,TCATE-COMMON199-grid_upper_tail_mean,10,0.030229765098114064,0.009024301258851645,0.002853734626949594,0.02995566281392406
wcf_sensitivity_v1_align,SYM-IRREL,1000,25,10,drf,tcate_functional_rmse,TCATE-K-grid_mean,10,0.030499070792224126,0.009183728990557513,0.0029041501023880723,0.030315265585093624
wcf_sensitivity_v1_align,SYM-IRREL,1000,25,10,drf,tcate_functional_rmse,TCATE-K-grid_sd,10,0.0035288402701414865,0.002161874137510255,0.0006836446289144462,0.0027715139064991793
wcf_sensitivity_v1_align,SYM-IRREL,1000,25,10,drf,tcate_functional_rmse,TCATE-K-grid_skewness,10,1.710604178052532e-17,7.021899509469832e-18,2.220519595074375e-18,1.4943071601062326e-17
wcf_sensitivity_v1_align,SYM-IRREL,1000,25,10,drf,tcate_functional_rmse,TCATE-K-grid_upper_tail_mean,10,0.03023348597210202,0.009028168812730303,0.0028549576548725915,0.030016266966878775
wcf_sensitivity_v1_align_null,SYM-ALIGN-NULL,500,25,10,causal_drf,arm_energy_risk,LAW-A-M-K,10,0.08588244476766249,0.005645897233710372,0.001785389469376876,0.08768652459630112
wcf_sensitivity_v1_align_null,SYM-ALIGN-NULL,500,25,10,causal_drf,barycenter_rmse,MEANQ-A-K,10,0.2951117983744443,0.00836376577631905,0.002644854966933457,0.2969897904196498
wcf_sensitivity_v1_align_null,SYM-ALIGN-NULL,500,25,10,causal_drf,diagnostic_effective_support,NONE_OPERATIONAL,10,95.56161556372216,2.6526448419979842,0.8388399524211105,95.07005435757429
wcf_sensitivity_v1_align_null,SYM-ALIGN-NULL,500,25,10,causal_drf,kernel_law_error,LAW-A-COMMON199,10,0.08051015647628021,0.005871620786195727,0.0018567695241167041,0.082085462385551
wcf_sensitivity_v1_align_null,SYM-ALIGN-NULL,500,25,10,causal_drf,kernel_law_error,LAW-A-INTERIOR,10,0.07047433848503233,0.00584568154088472,0.0018485668145198418,0.07208883087058934
wcf_sensitivity_v1_align_null,SYM-ALIGN-NULL,500,25,10,causal_drf,kernel_law_error,LAW-A-K,10,0.07100001015957623,0.005820491042019556,0.0018406008793388612,0.07256264572502426
wcf_sensitivity_v1_align_null,SYM-ALIGN-NULL,500,25,10,causal_drf,mean_quantile_rmse,MEANQ-A-COMMON199,10,0.24503996477700407,0.02651757008063554,0.008385591946794318,0.2406813117717789
wcf_sensitivity_v1_align_null,SYM-ALIGN-NULL,500,25,10,causal_drf,mean_quantile_rmse,MEANQ-A-INTERIOR,10,0.24501281167479755,0.02651702967094508,0.00838542105424517,0.2406564046017427
wcf_sensitivity_v1_align_null,SYM-ALIGN-NULL,500,25,10,causal_drf,mean_quantile_rmse,MEANQ-A-K,10,0.24504032525371913,0.026517577300457396,0.008385594229902454,0.24068164243740237
wcf_sensitivity_v1_align_null,SYM-ALIGN-NULL,500,25,10,causal_drf,mode_coverage,LAW-A-K,10,1.0,0.0,0.0,1.0
wcf_sensitivity_v1_align_null,SYM-ALIGN-NULL,500,25,10,causal_drf,peak_ram,NONE_OPERATIONAL,10,304.76172,0.29872661898278424,0.09446565137068899,304.875
wcf_sensitivity_v1_align_null,SYM-ALIGN-NULL,500,25,10,causal_drf,process_peak_ram,NONE_OPERATIONAL,10,302.68828125,11.639670944544163,3.6807871399642984,296.62109375
wcf_sensitivity_v1_align_null,SYM-ALIGN-NULL,500,25,10,causal_drf,reference_effect_rmse,REF-ATE-COMMON199,10,0.026809185647724908,0.018607055684770953,0.005884067651346023,0.026524770687671447
wcf_sensitivity_v1_align_null,SYM-ALIGN-NULL,500,25,10,causal_drf,reference_effect_rmse,REF-ATE-K,10,0.02687669769608887,0.018627675802125206,0.0058905883049919635,0.02622268529569731
wcf_sensitivity_v1_align_null,SYM-ALIGN-NULL,500,25,10,causal_drf,reference_tcate_rmse,REF-TCATE-COMMON199,10,0.07054789212562917,0.012230973087454595,0.0038677732956578334,0.0727886507420709
wcf_sensitivity_v1_align_null,SYM-ALIGN-NULL,500,25,10,causal_drf,reference_tcate_rmse,REF-TCATE-INTERIOR,10,0.07363025420129427,0.012731704346389233,0.004026118423045533,0.07564147981104737
wcf_sensitivity_v1_align_null,SYM-ALIGN-NULL,500,25,10,causal_drf,reference_tcate_rmse,REF-TCATE-K,10,0.07077345478766772,0.012240817960578533,0.0038708865178925353,0.07312105964047971
wcf_sensitivity_v1_align_null,SYM-ALIGN-NULL,500,25,10,causal_drf,runtime,NONE_OPERATIONAL,10,20.2058,2.334990354488762,0.7383887834708456,19.006
wcf_sensitivity_v1_align_null,SYM-ALIGN-NULL,500,25,10,causal_drf,tail_calibration,LAW-A-K,10,0.06809021559582021,0.0074051095062079705,0.0023417012362581965,0.06527900253662108
wcf_sensitivity_v1_align_null,SYM-ALIGN-NULL,500,25,10,causal_drf,tate_functional_rmse,TATE-COMMON199-grid_mean,10,0.23054252071409032,0.025203085114501703,0.007969915302491096,0.22307199531040972
wcf_sensitivity_v1_align_null,SYM-ALIGN-NULL,500,25,10,causal_drf,tate_functional_rmse,TATE-COMMON199-grid_sd,10,0.0019426382616702094,0.001956276369030117,0.0006186289058899251,0.0014510576509272886
wcf_sensitivity_v1_align_null,SYM-ALIGN-NULL,500,25,10,causal_drf,tate_functional_rmse,TATE-COMMON199-grid_skewness,10,2.9648801160412665e-17,2.3790753628389394e-17,7.523296871762559e-18,1.7578777153959827e-17
wcf_sensitivity_v1_align_null,SYM-ALIGN-NULL,500,25,10,causal_drf,tate_functional_rmse,TATE-COMMON199-grid_upper_tail_mean,10,0.22986573420892978,0.023991309030644593,0.007586718058580329,0.22434071650741672
wcf_sensitivity_v1_align_null,SYM-ALIGN-NULL,500,25,10,causal_drf,tate_functional_rmse,TATE-K-grid_mean,10,0.23054252071409032,0.025203085114501693,0.007969915302491092,0.22307199531040975
wcf_sensitivity_v1_align_null,SYM-ALIGN-NULL,500,25,10,causal_drf,tate_functional_rmse,TATE-K-grid_sd,10,0.0019495151385700137,0.001963201524390861,0.0006208188322989727,0.0014561943482923464
wcf_sensitivity_v1_align_null,SYM-ALIGN-NULL,500,25,10,causal_drf,tate_functional_rmse,TATE-K-grid_skewness,10,2.0865936364786983e-17,1.2730904367127259e-17,4.0258654473906584e-18,1.6321243645719032e-17
wcf_sensitivity_v1_align_null,SYM-ALIGN-NULL,500,25,10,causal_drf,tate_functional_rmse,TATE-K-grid_upper_tail_mean,10,0.22988847781137603,0.024029840625034243,0.007598902818595235,0.22429808077177535
wcf_sensitivity_v1_align_null,SYM-ALIGN-NULL,500,25,10,causal_drf,tcate_functional_rmse,TCATE-COMMON199-grid_mean,10,0.23836660360907747,0.027050082001956355,0.008553987002050933,0.23133812848218435
wcf_sensitivity_v1_align_null,SYM-ALIGN-NULL,500,25,10,causal_drf,tcate_functional_rmse,TCATE-COMMON199-grid_sd,10,0.0033497854849831323,0.0017367476667913583,0.0005492078348043869,0.0034250171276203672
wcf_sensitivity_v1_align_null,SYM-ALIGN-NULL,500,25,10,causal_drf,tcate_functional_rmse,TCATE-COMMON199-grid_skewness,10,5.2224707500491816e-17,2.1852169629121363e-17,6.910262784438042e-18,5.71496974797195e-17
wcf_sensitivity_v1_align_null,SYM-ALIGN-NULL,500,25,10,causal_drf,tcate_functional_rmse,TCATE-COMMON199-grid_upper_tail_mean,10,0.2377393906615292,0.025652455978832936,0.008112018847031617,0.23190683936829226
wcf_sensitivity_v1_align_null,SYM-ALIGN-NULL,500,25,10,causal_drf,tcate_functional_rmse,TCATE-K-grid_mean,10,0.23836660360907747,0.02705008200195635,0.008553987002050931,0.23133812848218435
wcf_sensitivity_v1_align_null,SYM-ALIGN-NULL,500,25,10,causal_drf,tcate_functional_rmse,TCATE-K-grid_sd,10,0.0033616436177479857,0.0017428956976142712,0.0005511520128569193,0.0034371415779779445
wcf_sensitivity_v1_align_null,SYM-ALIGN-NULL,500,25,10,causal_drf,tcate_functional_rmse,TCATE-K-grid_skewness,10,2.682908757919027e-17,1.1329028675057892e-17,3.5825534290542545e-18,2.6056417187616816e-17
wcf_sensitivity_v1_align_null,SYM-ALIGN-NULL,500,25,10,causal_drf,tcate_functional_rmse,TCATE-K-grid_upper_tail_mean,10,0.23776015444027188,0.025697794015399653,0.008126355993050699,0.23188726777457566
wcf_sensitivity_v1_align_null,SYM-ALIGN-NULL,500,25,10,cwdb_dr,arm_energy_risk,LAW-A-M-K,10,0.05292418348670008,0.005155974825940291,0.0016304624008461528,0.052433367625654814
wcf_sensitivity_v1_align_null,SYM-ALIGN-NULL,500,25,10,cwdb_dr,barycenter_rmse,MEANQ-A-K,10,0.16508307748484158,0.009022695273681746,0.0028532267698470606,0.16462234395761485
wcf_sensitivity_v1_align_null,SYM-ALIGN-NULL,500,25,10,cwdb_dr,diagnostic_dense_dr_n_levels,NONE_OPERATIONAL,10,199.0,0.0,0.0,199.0
wcf_sensitivity_v1_align_null,SYM-ALIGN-NULL,500,25,10,cwdb_dr,diagnostic_dr_if_se_reference,NONE_OPERATIONAL,10,0.024308893042807613,0.0013134047519280554,0.00041533505057810813,0.024456184132274995
wcf_sensitivity_v1_align_null,SYM-ALIGN-NULL,500,25,10,cwdb_dr,diagnostic_effective_support,NONE_OPERATIONAL,10,9.999999999999998,0.0,0.0,9.999999999999998
wcf_sensitivity_v1_align_null,SYM-ALIGN-NULL,500,25,10,cwdb_dr,diagnostic_ehat_mean,NONE_OPERATIONAL,10,0.5051040751036833,0.017027228014467457,0.005384482276474363,0.5029802078057872
wcf_sensitivity_v1_align_null,SYM-ALIGN-NULL,500,25,10,cwdb_dr,diagnostic_n_boosting_steps,NONE_OPERATIONAL,10,100.0,0.0,0.0,100.0
wcf_sensitivity_v1_align_null,SYM-ALIGN-NULL,500,25,10,cwdb_dr,diagnostic_selected_contrast_shrinkage,NONE_OPERATIONAL,10,180.0,221.35943621178654,70.0,50.0
wcf_sensitivity_v1_align_null,SYM-ALIGN-NULL,500,25,10,cwdb_dr,diagnostic_train_risk,NONE_OPERATIONAL,10,0.03817982747637232,0.0031747644490767936,0.0010039486693612315,0.03727575337744542
wcf_sensitivity_v1_align_null,SYM-ALIGN-NULL,500,25,10,cwdb_dr,kernel_law_error,LAW-A-COMMON199,10,0.03567782866106988,0.004538500453260484,0.001435199859400969,0.03488248739566781
wcf_sensitivity_v1_align_null,SYM-ALIGN-NULL,500,25,10,cwdb_dr,kernel_law_error,LAW-A-INTERIOR,10,0.025080793223073976,0.0042283199986552075,0.0013371121871790554,0.024402813343335807
wcf_sensitivity_v1_align_null,SYM-ALIGN-NULL,500,25,10,cwdb_dr,kernel_law_error,LAW-A-K,10,0.025392784854713503,0.004325584642638412,0.001367869968258287,0.024663648385427207
wcf_sensitivity_v1_align_null,SYM-ALIGN-NULL,500,25,10,cwdb_dr,mean_quantile_rmse,MEANQ-A-COMMON199,10,0.046460929559489064,0.03880100947370102,0.012269956545066638,0.03947578521033603
wcf_sensitivity_v1_align_null,SYM-ALIGN-NULL,500,25,10,cwdb_dr,mean_quantile_rmse,MEANQ-A-INTERIOR,10,0.04599685921401147,0.03837396760271201,0.01213491404820813,0.03899196855208861
wcf_sensitivity_v1_align_null,SYM-ALIGN-NULL,500,25,10,cwdb_dr,mean_quantile_rmse,MEANQ-A-K,10,0.04648649639783026,0.03884786751523206,0.012284774358859923,0.03949064686288379
wcf_sensitivity_v1_align_null,SYM-ALIGN-NULL,500,25,10,cwdb_dr,mode_coverage,LAW-A-K,10,1.0,0.0,0.0,1.0
wcf_sensitivity_v1_align_null,SYM-ALIGN-NULL,500,25,10,cwdb_dr,peak_ram,NONE_OPERATIONAL,10,79.615234375,54.98632896135871,17.38820396891742,112.091796875
wcf_sensitivity_v1_align_null,SYM-ALIGN-NULL,500,25,10,cwdb_dr,process_peak_ram,NONE_OPERATIONAL,10,302.68828125,11.639670944544163,3.6807871399642984,296.62109375
wcf_sensitivity_v1_align_null,SYM-ALIGN-NULL,500,25,10,cwdb_dr,reference_effect_rmse,REF-ATE-COMMON199,10,0.013528324784196277,0.008512687871185913,0.002691948268303753,0.015702456611952385
wcf_sensitivity_v1_align_null,SYM-ALIGN-NULL,500,25,10,cwdb_dr,reference_effect_rmse,REF-ATE-K,10,0.014381848844863609,0.008235052518554163,0.0026041522609737177,0.016678327502149808
wcf_sensitivity_v1_align_null,SYM-ALIGN-NULL,500,25,10,cwdb_dr,reference_tcate_rmse,REF-TCATE-COMMON199,10,0.044379474674067276,0.015052660272357344,0.00476006913053797,0.04414936395070775
wcf_sensitivity_v1_align_null,SYM-ALIGN-NULL,500,25,10,cwdb_dr,reference_tcate_rmse,REF-TCATE-INTERIOR,10,0.046279754915900716,0.01588707914923681,0.005023935547895842,0.04616128127257968
wcf_sensitivity_v1_align_null,SYM-ALIGN-NULL,500,25,10,cwdb_dr,reference_tcate_rmse,REF-TCATE-K,10,0.044532586071383794,0.01502456401937936,0.004751184315225298,0.04468222144687969
wcf_sensitivity_v1_align_null,SYM-ALIGN-NULL,500,25,10,cwdb_dr,runtime,NONE_OPERATIONAL,10,233.42913425210062,10.751693219652774,3.39998392774918,237.56910871349828
wcf_sensitivity_v1_align_null,SYM-ALIGN-NULL,500,25,10,cwdb_dr,tail_calibration,LAW-A-K,10,0.05008002662113516,0.006862808244703422,0.0021702105198245,0.051122395985009124
wcf_sensitivity_v1_align_null,SYM-ALIGN-NULL,500,25,10,cwdb_dr,tate_functional_rmse,TATE-COMMON199-grid_mean,10,0.043048730230560515,0.022015782633293627,0.006962001759238741,0.03593729777895216
wcf_sensitivity_v1_align_null,SYM-ALIGN-NULL,500,25,10,cwdb_dr,tate_functional_rmse,TATE-COMMON199-grid_sd,10,0.002093130820470684,0.001663369944480246,0.0005260037616025399,0.0018459441440954356
wcf_sensitivity_v1_align_null,SYM-ALIGN-NULL,500,25,10,cwdb_dr,tate_functional_rmse,TATE-COMMON199-grid_skewness,10,0.0006445313924468293,0.0005195168814931728,0.00016428566284262035,0.0005073495741984148
wcf_sensitivity_v1_align_null,SYM-ALIGN-NULL,500,25,10,cwdb_dr,tate_functional_rmse,TATE-COMMON199-grid_upper_tail_mean,10,0.04238230405750741,0.022344254983793933,0.007065873836835752,0.03704636421113551
wcf_sensitivity_v1_align_null,SYM-ALIGN-NULL,500,25,10,cwdb_dr,tate_functional_rmse,TATE-K-grid_mean,10,0.04349662743168316,0.022921639998085587,0.007248459010036802,0.037103638827157726
wcf_sensitivity_v1_align_null,SYM-ALIGN-NULL,500,25,10,cwdb_dr,tate_functional_rmse,TATE-K-grid_sd,10,0.0021936220049718876,0.001635979036307371,0.0005173419959018593,0.0018388282138452026
wcf_sensitivity_v1_align_null,SYM-ALIGN-NULL,500,25,10,cwdb_dr,tate_functional_rmse,TATE-K-grid_skewness,10,0.0006949015141228765,0.0005129966215349564,0.00016222377560218452,0.0006251277227583495
wcf_sensitivity_v1_align_null,SYM-ALIGN-NULL,500,25,10,cwdb_dr,tate_functional_rmse,TATE-K-grid_upper_tail_mean,10,0.04292336302480168,0.023222182882597493,0.007343499014998259,0.03890023742352516
wcf_sensitivity_v1_align_null,SYM-ALIGN-NULL,500,25,10,cwdb_dr,tcate_functional_rmse,TCATE-COMMON199-grid_mean,10,0.062224340766194854,0.02470892552547257,0.007813648319596614,0.059811131585035246
wcf_sensitivity_v1_align_null,SYM-ALIGN-NULL,500,25,10,cwdb_dr,tcate_functional_rmse,TCATE-COMMON199-grid_sd,10,0.0059354671943571335,0.0013318080095282218,0.00042115467161644115,0.005795058535341019
wcf_sensitivity_v1_align_null,SYM-ALIGN-NULL,500,25,10,cwdb_dr,tcate_functional_rmse,TCATE-COMMON199-grid_skewness,10,0.0022888552284661017,0.001374217116014259,0.0004345656086192909,0.0018740552580537818
wcf_sensitivity_v1_align_null,SYM-ALIGN-NULL,500,25,10,cwdb_dr,tcate_functional_rmse,TCATE-COMMON199-grid_upper_tail_mean,10,0.06230959598182921,0.024156385493666065,0.00763891981970357,0.059516444428819315
wcf_sensitivity_v1_align_null,SYM-ALIGN-NULL,500,25,10,cwdb_dr,tcate_functional_rmse,TCATE-K-grid_mean,10,0.06222434386546731,0.02470892614128341,0.0078136485143331,0.05981114189213283
wcf_sensitivity_v1_align_null,SYM-ALIGN-NULL,500,25,10,cwdb_dr,tcate_functional_rmse,TCATE-K-grid_sd,10,0.005946763379332792,0.0013390070292709358,0.0004234312015471907,0.005812135001142639
wcf_sensitivity_v1_align_null,SYM-ALIGN-NULL,500,25,10,cwdb_dr,tcate_functional_rmse,TCATE-K-grid_skewness,10,0.00247186181730476,0.0014529496910428868,0.0004594630349333469,0.002131935483546301
wcf_sensitivity_v1_align_null,SYM-ALIGN-NULL,500,25,10,cwdb_dr,tcate_functional_rmse,TCATE-K-grid_upper_tail_mean,10,0.062297314926889336,0.02417153244741743,0.007643709707050324,0.05946324574767885
wcf_sensitivity_v1_align_null,SYM-ALIGN-NULL,500,25,10,drf,arm_energy_risk,LAW-A-M-K,10,0.08900829614492181,0.008221818285439643,0.002599967229000967,0.08732497802978204
wcf_sensitivity_v1_align_null,SYM-ALIGN-NULL,500,25,10,drf,barycenter_rmse,MEANQ-A-K,10,0.29798726159126304,0.01575394358636498,0.00498183438627149,0.2948649386934853
wcf_sensitivity_v1_align_null,SYM-ALIGN-NULL,500,25,10,drf,diagnostic_effective_support,NONE_OPERATIONAL,10,130.85694310746064,1.705748306672467,0.5394049764060384,130.69299278978175
wcf_sensitivity_v1_align_null,SYM-ALIGN-NULL,500,25,10,drf,kernel_law_error,LAW-A-COMMON199,10,0.08319573102935543,0.008601206249541495,0.002719940237342572,0.08239020865486571
wcf_sensitivity_v1_align_null,SYM-ALIGN-NULL,500,25,10,drf,kernel_law_error,LAW-A-INTERIOR,10,0.07299162098584185,0.008706112408133038,0.0027531144775153837,0.07198238895618062
wcf_sensitivity_v1_align_null,SYM-ALIGN-NULL,500,25,10,drf,kernel_law_error,LAW-A-K,10,0.07371408903665737,0.00866453794324994,0.002739967477362056,0.07268950185956176
wcf_sensitivity_v1_align_null,SYM-ALIGN-NULL,500,25,10,drf,mean_quantile_rmse,MEANQ-A-COMMON199,10,0.2034246983463434,0.036791168931810135,0.011634389160454412,0.20369061437777072
wcf_sensitivity_v1_align_null,SYM-ALIGN-NULL,500,25,10,drf,mean_quantile_rmse,MEANQ-A-INTERIOR,10,0.20339023526226577,0.03678970723225857,0.011633926930470634,0.20365477867728518
wcf_sensitivity_v1_align_null,SYM-ALIGN-NULL,500,25,10,drf,mean_quantile_rmse,MEANQ-A-K,10,0.2034251558541797,0.03679118837511996,0.01163439530896884,0.20369109011193526
wcf_sensitivity_v1_align_null,SYM-ALIGN-NULL,500,25,10,drf,mode_coverage,LAW-A-K,10,1.0,0.0,0.0,1.0
wcf_sensitivity_v1_align_null,SYM-ALIGN-NULL,500,25,10,drf,peak_ram,NONE_OPERATIONAL,10,375.61,4.823426628906518,1.5253014274052359,374.9
wcf_sensitivity_v1_align_null,SYM-ALIGN-NULL,500,25,10,drf,process_peak_ram,NONE_OPERATIONAL,10,302.68828125,11.639670944544163,3.6807871399642984,296.62109375
wcf_sensitivity_v1_align_null,SYM-ALIGN-NULL,500,25,10,drf,reference_effect_rmse,REF-ATE-COMMON199,10,0.024060263600996817,0.011744996470724193,0.0037140939958127572,0.025699365669036217
wcf_sensitivity_v1_align_null,SYM-ALIGN-NULL,500,25,10,drf,reference_effect_rmse,REF-ATE-K,10,0.02412717227852999,0.01169778156425537,0.0036991633314174275,0.02555246584300659
wcf_sensitivity_v1_align_null,SYM-ALIGN-NULL,500,25,10,drf,reference_tcate_rmse,REF-TCATE-COMMON199,10,0.08294772805564454,0.01583722718800292,0.005008170973563292,0.0850447688024446
wcf_sensitivity_v1_align_null,SYM-ALIGN-NULL,500,25,10,drf,reference_tcate_rmse,REF-TCATE-INTERIOR,10,0.0866203633037533,0.01666016482810291,0.00526840670506328,0.08845017833152186
wcf_sensitivity_v1_align_null,SYM-ALIGN-NULL,500,25,10,drf,reference_tcate_rmse,REF-TCATE-K,10,0.08326473179800353,0.01576870436746642,0.0049865021551038615,0.08540468179776994
wcf_sensitivity_v1_align_null,SYM-ALIGN-NULL,500,25,10,drf,runtime,NONE_OPERATIONAL,10,20.6362,1.6623685110909268,0.5256870805590208,21.511000000000003
wcf_sensitivity_v1_align_null,SYM-ALIGN-NULL,500,25,10,drf,tail_calibration,LAW-A-K,10,0.07135473187311923,0.007531013302261975,0.0023815155124173935,0.06942164067531191
wcf_sensitivity_v1_align_null,SYM-ALIGN-NULL,500,25,10,drf,tate_functional_rmse,TATE-COMMON199-grid_mean,10,0.1824734781066772,0.03730166460965672,0.011795822068221088,0.17024567903999316
wcf_sensitivity_v1_align_null,SYM-ALIGN-NULL,500,25,10,drf,tate_functional_rmse,TATE-COMMON199-grid_sd,10,0.0019201149777971181,0.0021414295138327748,0.0006771794712418617,0.0013088803568017256
wcf_sensitivity_v1_align_null,SYM-ALIGN-NULL,500,25,10,drf,tate_functional_rmse,TATE-COMMON199-grid_skewness,10,3.28955479516315e-17,2.2535741462577693e-17,7.126427178243972e-18,2.655899923795153e-17
wcf_sensitivity_v1_align_null,SYM-ALIGN-NULL,500,25,10,drf,tate_functional_rmse,TATE-COMMON199-grid_upper_tail_mean,10,0.18144375139156077,0.03604404083196113,0.011398126510510757,0.16900022132381795
wcf_sensitivity_v1_align_null,SYM-ALIGN-NULL,500,25,10,drf,tate_functional_rmse,TATE-K-grid_mean,10,0.1824734781066772,0.03730166460965671,0.011795822068221086,0.17024567903999316
wcf_sensitivity_v1_align_null,SYM-ALIGN-NULL,500,25,10,drf,tate_functional_rmse,TATE-K-grid_sd,10,0.001926912122997179,0.0021490101053648044,0.0006795766647671215,0.0013135137511232195
wcf_sensitivity_v1_align_null,SYM-ALIGN-NULL,500,25,10,drf,tate_functional_rmse,TATE-K-grid_skewness,10,1.8528102026164265e-17,1.447535207503873e-17,4.577508248996697e-18,1.6000631959731813e-17
wcf_sensitivity_v1_align_null,SYM-ALIGN-NULL,500,25,10,drf,tate_functional_rmse,TATE-K-grid_upper_tail_mean,10,0.18147835564985826,0.03608500312483754,0.011411079924877991,0.16904207528358847
wcf_sensitivity_v1_align_null,SYM-ALIGN-NULL,500,25,10,drf,tcate_functional_rmse,TCATE-COMMON199-grid_mean,10,0.18806683234342156,0.03755451338341239,0.01187577987108594,0.17259928618381729
wcf_sensitivity_v1_align_null,SYM-ALIGN-NULL,500,25,10,drf,tcate_functional_rmse,TCATE-COMMON199-grid_sd,10,0.0031250534413852756,0.001732663813797626,0.0005479164070954377,0.0028155781367943397
wcf_sensitivity_v1_align_null,SYM-ALIGN-NULL,500,25,10,drf,tcate_functional_rmse,TCATE-COMMON199-grid_skewness,10,4.6690072987173846e-17,2.249918614090213e-17,7.114867370534481e-18,4.4634431675728806e-17
wcf_sensitivity_v1_align_null,SYM-ALIGN-NULL,500,25,10,drf,tcate_functional_rmse,TCATE-COMMON199-grid_upper_tail_mean,10,0.18720242774030751,0.03618561191761632,0.011442895218660076,0.17128355606035764
wcf_sensitivity_v1_align_null,SYM-ALIGN-NULL,500,25,10,drf,tcate_functional_rmse,TCATE-K-grid_mean,10,0.18806683234342156,0.03755451338341239,0.01187577987108594,0.17259928618381729
wcf_sensitivity_v1_align_null,SYM-ALIGN-NULL,500,25,10,drf,tcate_functional_rmse,TCATE-K-grid_sd,10,0.0031361160299513994,0.001738797387912438,0.0005498560135354634,0.002825545192746275
wcf_sensitivity_v1_align_null,SYM-ALIGN-NULL,500,25,10,drf,tcate_functional_rmse,TCATE-K-grid_skewness,10,2.6004821292201493e-17,1.282042926460122e-17,4.054175705721736e-18,2.474046443148459e-17
wcf_sensitivity_v1_align_null,SYM-ALIGN-NULL,500,25,10,drf,tcate_functional_rmse,TCATE-K-grid_upper_tail_mean,10,0.18723116273483592,0.03623058635970114,0.01145711738600841,0.17132753275631907
wcf_sensitivity_v1_align_null,SYM-ALIGN-NULL,1000,25,10,causal_drf,arm_energy_risk,LAW-A-M-K,10,0.0643761145390141,0.004338327764879577,0.0013718996973366901,0.06490837834621413
wcf_sensitivity_v1_align_null,SYM-ALIGN-NULL,1000,25,10,causal_drf,barycenter_rmse,MEANQ-A-K,10,0.24123732029745285,0.005965266780634332,0.0018863829877344494,0.24293797893594515
wcf_sensitivity_v1_align_null,SYM-ALIGN-NULL,1000,25,10,causal_drf,diagnostic_effective_support,NONE_OPERATIONAL,10,129.1484089627898,1.5875044211248166,0.5020129766341542,128.99006526731768
wcf_sensitivity_v1_align_null,SYM-ALIGN-NULL,1000,25,10,causal_drf,kernel_law_error,LAW-A-COMMON199,10,0.060111243497794634,0.004676752830568219,0.0014789190998235112,0.06000404978912163
wcf_sensitivity_v1_align_null,SYM-ALIGN-NULL,1000,25,10,causal_drf,kernel_law_error,LAW-A-INTERIOR,10,0.04989205559281582,0.004596365934546552,0.0014534985312775516,0.04997123832652111
wcf_sensitivity_v1_align_null,SYM-ALIGN-NULL,1000,25,10,causal_drf,kernel_law_error,LAW-A-K,10,0.05039042785488279,0.00458387751594621,0.0014495493465624823,0.050486880840964074
wcf_sensitivity_v1_align_null,SYM-ALIGN-NULL,1000,25,10,causal_drf,mean_quantile_rmse,MEANQ-A-COMMON199,10,0.1683065235249743,0.009898563926964494,0.0031302007573988403,0.1688524564640861
wcf_sensitivity_v1_align_null,SYM-ALIGN-NULL,1000,25,10,causal_drf,mean_quantile_rmse,MEANQ-A-INTERIOR,10,0.16825234366656877,0.009905719220555324,0.003132463459906263,0.16879362282905236
wcf_sensitivity_v1_align_null,SYM-ALIGN-NULL,1000,25,10,causal_drf,mean_quantile_rmse,MEANQ-A-K,10,0.16830724271185987,0.009898469291584272,0.0031301708310639666,0.16885323742970143
wcf_sensitivity_v1_align_null,SYM-ALIGN-NULL,1000,25,10,causal_drf,mode_coverage,LAW-A-K,10,1.0,0.0,0.0,1.0
wcf_sensitivity_v1_align_null,SYM-ALIGN-NULL,1000,25,10,causal_drf,peak_ram,NONE_OPERATIONAL,10,377.25508,2.2296313336513767,0.7050713356817178,377.06444999999997
wcf_sensitivity_v1_align_null,SYM-ALIGN-NULL,1000,25,10,causal_drf,process_peak_ram,NONE_OPERATIONAL,10,379.030078125,6.128443311047343,1.9379839374133347,378.662109375
wcf_sensitivity_v1_align_null,SYM-ALIGN-NULL,1000,25,10,causal_drf,reference_effect_rmse,REF-ATE-COMMON199,10,0.016924719586945483,0.013820976108082493,0.004370576398831018,0.011601210913129469
wcf_sensitivity_v1_align_null,SYM-ALIGN-NULL,1000,25,10,causal_drf,reference_effect_rmse,REF-ATE-K,10,0.01692781790494601,0.01369485460808687,0.0043306932786407095,0.011410934221486741
wcf_sensitivity_v1_align_null,SYM-ALIGN-NULL,1000,25,10,causal_drf,reference_tcate_rmse,REF-TCATE-COMMON199,10,0.06625062602882113,0.007559322737350479,0.00239046774183263,0.06487397127225976
wcf_sensitivity_v1_align_null,SYM-ALIGN-NULL,1000,25,10,causal_drf,reference_tcate_rmse,REF-TCATE-INTERIOR,10,0.069057898006152,0.007884628702277244,0.002493338520393373,0.0673701847267344
wcf_sensitivity_v1_align_null,SYM-ALIGN-NULL,1000,25,10,causal_drf,reference_tcate_rmse,REF-TCATE-K,10,0.06641531627232172,0.007626014011696441,0.0024115573745318694,0.06488295089839388
wcf_sensitivity_v1_align_null,SYM-ALIGN-NULL,1000,25,10,causal_drf,runtime,NONE_OPERATIONAL,10,44.3532,1.6648508641917448,0.5264720695345575,44.038
wcf_sensitivity_v1_align_null,SYM-ALIGN-NULL,1000,25,10,causal_drf,tail_calibration,LAW-A-K,10,0.06043596439417979,0.006909071407086419,0.0021848402163137494,0.05812432190110179
wcf_sensitivity_v1_align_null,SYM-ALIGN-NULL,1000,25,10,causal_drf,tate_functional_rmse,TATE-COMMON199-grid_mean,10,0.15395296656894045,0.010653470573221753,0.0033689231996960364,0.15602291503781926
wcf_sensitivity_v1_align_null,SYM-ALIGN-NULL,1000,25,10,causal_drf,tate_functional_rmse,TATE-COMMON199-grid_sd,10,0.0027708853665662824,0.0018847459702975222,0.000596009007696423,0.002880382321949023
wcf_sensitivity_v1_align_null,SYM-ALIGN-NULL,1000,25,10,causal_drf,tate_functional_rmse,TATE-COMMON199-grid_skewness,10,2.947737060453498e-17,2.269676344590522e-17,7.177346800311235e-18,2.4297962468182052e-17
wcf_sensitivity_v1_align_null,SYM-ALIGN-NULL,1000,25,10,causal_drf,tate_functional_rmse,TATE-COMMON199-grid_upper_tail_mean,10,0.15184173779885463,0.011145914812371857,0.0035246477413303353,0.15470908873530823
wcf_sensitivity_v1_align_null,SYM-ALIGN-NULL,1000,25,10,causal_drf,tate_functional_rmse,TATE-K-grid_mean,10,0.15395296656894045,0.010653470573221755,0.0033689231996960373,0.15602291503781926
wcf_sensitivity_v1_align_null,SYM-ALIGN-NULL,1000,25,10,causal_drf,tate_functional_rmse,TATE-K-grid_sd,10,0.0027806942115506015,0.0018914179103497835,0.0005981188603941479,0.0028905787826299517
wcf_sensitivity_v1_align_null,SYM-ALIGN-NULL,1000,25,10,causal_drf,tate_functional_rmse,TATE-K-grid_skewness,10,7.611367005468706e-18,3.52670337777178e-18,1.1152415305568064e-18,6.082610460725112e-18
wcf_sensitivity_v1_align_null,SYM-ALIGN-NULL,1000,25,10,causal_drf,tate_functional_rmse,TATE-K-grid_upper_tail_mean,10,0.15191268624042903,0.011125472735233611,0.003518183388944164,0.15475324024081227
wcf_sensitivity_v1_align_null,SYM-ALIGN-NULL,1000,25,10,causal_drf,tcate_functional_rmse,TCATE-COMMON199-grid_mean,10,0.16015977576232462,0.009168992851252921,0.0028994901259760683,0.1593143671630789
wcf_sensitivity_v1_align_null,SYM-ALIGN-NULL,1000,25,10,causal_drf,tcate_functional_rmse,TCATE-COMMON199-grid_sd,10,0.003936364257717468,0.001795751828834565,0.0005678665891530056,0.004085559585828874
wcf_sensitivity_v1_align_null,SYM-ALIGN-NULL,1000,25,10,causal_drf,tcate_functional_rmse,TCATE-COMMON199-grid_skewness,10,4.519148111113568e-17,1.853822226327306e-17,5.862300612238448e-18,3.9631764084475673e-17
wcf_sensitivity_v1_align_null,SYM-ALIGN-NULL,1000,25,10,causal_drf,tcate_functional_rmse,TCATE-COMMON199-grid_upper_tail_mean,10,0.15803091739556657,0.009894468074191708,0.0031289055350265686,0.15782755414876135
wcf_sensitivity_v1_align_null,SYM-ALIGN-NULL,1000,25,10,causal_drf,tcate_functional_rmse,TCATE-K-grid_mean,10,0.16015977576232462,0.00916899285125292,0.002899490125976068,0.1593143671630789
wcf_sensitivity_v1_align_null,SYM-ALIGN-NULL,1000,25,10,causal_drf,tcate_functional_rmse,TCATE-K-grid_sd,10,0.003950298860451899,0.0018021087324913685,0.0005698768185951809,0.004100022335221238
wcf_sensitivity_v1_align_null,SYM-ALIGN-NULL,1000,25,10,causal_drf,tcate_functional_rmse,TCATE-K-grid_skewness,10,1.3599818096587133e-17,4.7992640155154205e-18,1.5176605381514404e-18,1.2512659893081784e-17
wcf_sensitivity_v1_align_null,SYM-ALIGN-NULL,1000,25,10,causal_drf,tcate_functional_rmse,TCATE-K-grid_upper_tail_mean,10,0.15810203261495287,0.009864929153848708,0.003119564508235952,0.15790783626952393
wcf_sensitivity_v1_align_null,SYM-ALIGN-NULL,1000,25,10,cwdb_dr,arm_energy_risk,LAW-A-M-K,10,0.045435187074750145,0.0032584514275565066,0.0010304128156105705,0.046118503851795
wcf_sensitivity_v1_align_null,SYM-ALIGN-NULL,1000,25,10,cwdb_dr,barycenter_rmse,MEANQ-A-K,10,0.14968211435572004,0.009153453655688074,0.002894576200876898,0.1506782469712356
wcf_sensitivity_v1_align_null,SYM-ALIGN-NULL,1000,25,10,cwdb_dr,diagnostic_dense_dr_n_levels,NONE_OPERATIONAL,10,199.0,0.0,0.0,199.0
wcf_sensitivity_v1_align_null,SYM-ALIGN-NULL,1000,25,10,cwdb_dr,diagnostic_dr_if_se_reference,NONE_OPERATIONAL,10,0.016678684737867454,0.00048425974855891306,0.0001531363784586607,0.016623510677803502
wcf_sensitivity_v1_align_null,SYM-ALIGN-NULL,1000,25,10,cwdb_dr,diagnostic_effective_support,NONE_OPERATIONAL,10,9.999999999999998,0.0,0.0,9.999999999999998
wcf_sensitivity_v1_align_null,SYM-ALIGN-NULL,1000,25,10,cwdb_dr,diagnostic_ehat_mean,NONE_OPERATIONAL,10,0.4980769073773691,0.017014201685045777,0.005380362989421945,0.49923248502903356
wcf_sensitivity_v1_align_null,SYM-ALIGN-NULL,1000,25,10,cwdb_dr,diagnostic_n_boosting_steps,NONE_OPERATIONAL,10,100.0,0.0,0.0,100.0
wcf_sensitivity_v1_align_null,SYM-ALIGN-NULL,1000,25,10,cwdb_dr,diagnostic_selected_contrast_shrinkage,NONE_OPERATIONAL,10,270.0,242.8991560298224,76.81145747868608,275.0
wcf_sensitivity_v1_align_null,SYM-ALIGN-NULL,1000,25,10,cwdb_dr,diagnostic_train_risk,NONE_OPERATIONAL,10,0.05745448275166667,0.0050024652150672914,0.0015819183995376702,0.05835721930774243
wcf_sensitivity_v1_align_null,SYM-ALIGN-NULL,1000,25,10,cwdb_dr,kernel_law_error,LAW-A-COMMON199,10,0.030885053206026313,0.002296374978582438,0.0007261775294140884,0.03030884622056606
wcf_sensitivity_v1_align_null,SYM-ALIGN-NULL,1000,25,10,cwdb_dr,kernel_law_error,LAW-A-INTERIOR,10,0.02036608288961934,0.002194635645674989,0.0006940047274527224,0.020050949732649148
wcf_sensitivity_v1_align_null,SYM-ALIGN-NULL,1000,25,10,cwdb_dr,kernel_law_error,LAW-A-K,10,0.020551096942213472,0.0022222854411533457,0.0007027483605076656,0.02021314887587217
wcf_sensitivity_v1_align_null,SYM-ALIGN-NULL,1000,25,10,cwdb_dr,mean_quantile_rmse,MEANQ-A-COMMON199,10,0.04185120221857043,0.03330099793457669,0.01053070018298252,0.033858505369945426
wcf_sensitivity_v1_align_null,SYM-ALIGN-NULL,1000,25,10,cwdb_dr,mean_quantile_rmse,MEANQ-A-INTERIOR,10,0.04155583028602694,0.03292649285023199,0.010412271276798248,0.03366878012538847
wcf_sensitivity_v1_align_null,SYM-ALIGN-NULL,1000,25,10,cwdb_dr,mean_quantile_rmse,MEANQ-A-K,10,0.04186279325665232,0.03332007643093241,0.010536733333264051,0.03386366143960051
wcf_sensitivity_v1_align_null,SYM-ALIGN-NULL,1000,25,10,cwdb_dr,mode_coverage,LAW-A-K,10,1.0,0.0,0.0,1.0
wcf_sensitivity_v1_align_null,SYM-ALIGN-NULL,1000,25,10,cwdb_dr,peak_ram,NONE_OPERATIONAL,10,19.2046875,17.166010595333866,5.428369181983798,20.30859375
wcf_sensitivity_v1_align_null,SYM-ALIGN-NULL,1000,25,10,cwdb_dr,process_peak_ram,NONE_OPERATIONAL,10,349.606640625,19.340912926968535,6.116133687621442,339.880859375
wcf_sensitivity_v1_align_null,SYM-ALIGN-NULL,1000,25,10,cwdb_dr,reference_effect_rmse,REF-ATE-COMMON199,10,0.014099732225871816,0.00860050237428237,0.0027197176524418245,0.010992094087081355
wcf_sensitivity_v1_align_null,SYM-ALIGN-NULL,1000,25,10,cwdb_dr,reference_effect_rmse,REF-ATE-K,10,0.014451920726043645,0.008593002735808567,0.0027173460585213196,0.011692083989877967
wcf_sensitivity_v1_align_null,SYM-ALIGN-NULL,1000,25,10,cwdb_dr,reference_tcate_rmse,REF-TCATE-COMMON199,10,0.032021893730941636,0.010261201219175625,0.0032448767381891615,0.031027596615218627
wcf_sensitivity_v1_align_null,SYM-ALIGN-NULL,1000,25,10,cwdb_dr,reference_tcate_rmse,REF-TCATE-INTERIOR,10,0.03345192745924176,0.010610435592092776,0.0033553143437530433,0.03223398759293501
wcf_sensitivity_v1_align_null,SYM-ALIGN-NULL,1000,25,10,cwdb_dr,reference_tcate_rmse,REF-TCATE-K,10,0.032066053944395226,0.010236112283554052,0.003236942920125811,0.031303620586521384
wcf_sensitivity_v1_align_null,SYM-ALIGN-NULL,1000,25,10,cwdb_dr,runtime,NONE_OPERATIONAL,10,451.3866864718999,11.949660839735206,3.7788145520083556,445.5064172074999
wcf_sensitivity_v1_align_null,SYM-ALIGN-NULL,1000,25,10,cwdb_dr,tail_calibration,LAW-A-K,10,0.045079611708581005,0.00585725553824963,0.001852226833850432,0.04590185350016543
wcf_sensitivity_v1_align_null,SYM-ALIGN-NULL,1000,25,10,cwdb_dr,tate_functional_rmse,TATE-COMMON199-grid_mean,10,0.02994487503507857,0.01627697456437345,0.00514723130400471,0.02389260306302513
wcf_sensitivity_v1_align_null,SYM-ALIGN-NULL,1000,25,10,cwdb_dr,tate_functional_rmse,TATE-COMMON199-grid_sd,10,0.0013297499229128515,0.0013224877670463399,0.00041820735215766043,0.0009478419516382966
wcf_sensitivity_v1_align_null,SYM-ALIGN-NULL,1000,25,10,cwdb_dr,tate_functional_rmse,TATE-COMMON199-grid_skewness,10,0.0003736894766759424,0.0005257219387856057,0.00016624787424821292,0.00016525160569237217
wcf_sensitivity_v1_align_null,SYM-ALIGN-NULL,1000,25,10,cwdb_dr,tate_functional_rmse,TATE-COMMON199-grid_upper_tail_mean,10,0.03010608690728534,0.016507247834304052,0.005220050105728256,0.02411944053332693
wcf_sensitivity_v1_align_null,SYM-ALIGN-NULL,1000,25,10,cwdb_dr,tate_functional_rmse,TATE-K-grid_mean,10,0.029316158158114274,0.01651700873944729,0.005223136774956005,0.023391551530314855
wcf_sensitivity_v1_align_null,SYM-ALIGN-NULL,1000,25,10,cwdb_dr,tate_functional_rmse,TATE-K-grid_sd,10,0.0013160872739206087,0.0013380765617091455,0.00042313696186877463,0.0009344070695308149
wcf_sensitivity_v1_align_null,SYM-ALIGN-NULL,1000,25,10,cwdb_dr,tate_functional_rmse,TATE-K-grid_skewness,10,0.00039869378532133865,0.000596767950086952,0.00018871459568644468,0.0001252667725745286
wcf_sensitivity_v1_align_null,SYM-ALIGN-NULL,1000,25,10,cwdb_dr,tate_functional_rmse,TATE-K-grid_upper_tail_mean,10,0.029481511711082466,0.016799996547229596,0.005312625377221006,0.02368098533654142
wcf_sensitivity_v1_align_null,SYM-ALIGN-NULL,1000,25,10,cwdb_dr,tcate_functional_rmse,TCATE-COMMON199-grid_mean,10,0.04584926816257086,0.01082047891429314,0.0034217358742992194,0.045447579284304894
wcf_sensitivity_v1_align_null,SYM-ALIGN-NULL,1000,25,10,cwdb_dr,tcate_functional_rmse,TCATE-COMMON199-grid_sd,10,0.002524445906204602,0.0010344881913415278,0.0003271338897187305,0.0025251870331098993
wcf_sensitivity_v1_align_null,SYM-ALIGN-NULL,1000,25,10,cwdb_dr,tcate_functional_rmse,TCATE-COMMON199-grid_skewness,10,0.0014798563131695793,0.0021919000845237488,0.0006931396670610632,0.0007791907487010371
wcf_sensitivity_v1_align_null,SYM-ALIGN-NULL,1000,25,10,cwdb_dr,tcate_functional_rmse,TCATE-COMMON199-grid_upper_tail_mean,10,0.04623736861386132,0.011317318602046288,0.0035788503788259005,0.04584050007073528
wcf_sensitivity_v1_align_null,SYM-ALIGN-NULL,1000,25,10,cwdb_dr,tcate_functional_rmse,TCATE-K-grid_mean,10,0.04584926656387667,0.01082047879363426,0.0034217358361435316,0.04544757868122604
wcf_sensitivity_v1_align_null,SYM-ALIGN-NULL,1000,25,10,cwdb_dr,tcate_functional_rmse,TCATE-K-grid_sd,10,0.0025364544131792023,0.0010366492157240137,0.00032781726563151195,0.0025453048453706493
wcf_sensitivity_v1_align_null,SYM-ALIGN-NULL,1000,25,10,cwdb_dr,tcate_functional_rmse,TCATE-K-grid_skewness,10,0.0016038063544381812,0.002300657580703899,0.0007275318071156969,0.0008253630776215737
wcf_sensitivity_v1_align_null,SYM-ALIGN-NULL,1000,25,10,cwdb_dr,tcate_functional_rmse,TCATE-K-grid_upper_tail_mean,10,0.046224965361667605,0.011300515151705236,0.003573536661263175,0.045829575733870295
wcf_sensitivity_v1_align_null,SYM-ALIGN-NULL,1000,25,10,drf,arm_energy_risk,LAW-A-M-K,10,0.06990960628789254,0.0050176630515822145,0.0015867243774270734,0.06942884899960461
wcf_sensitivity_v1_align_null,SYM-ALIGN-NULL,1000,25,10,drf,barycenter_rmse,MEANQ-A-K,10,0.25326252120040726,0.00751709457117405,0.00237711402317967,0.25314552401347856
wcf_sensitivity_v1_align_null,SYM-ALIGN-NULL,1000,25,10,drf,diagnostic_effective_support,NONE_OPERATIONAL,10,189.28134844201202,4.655657071294803,1.4722480349960498,190.18612488648841
wcf_sensitivity_v1_align_null,SYM-ALIGN-NULL,1000,25,10,drf,kernel_law_error,LAW-A-COMMON199,10,0.06511392062372162,0.004761733696409045,0.0015057924091825322,0.06611342652162112
wcf_sensitivity_v1_align_null,SYM-ALIGN-NULL,1000,25,10,drf,kernel_law_error,LAW-A-INTERIOR,10,0.054775705319250134,0.004804222617184498,0.0015192285856798203,0.05580372051195123
wcf_sensitivity_v1_align_null,SYM-ALIGN-NULL,1000,25,10,drf,kernel_law_error,LAW-A-K,10,0.05544051467582335,0.004793348001874317,0.001515789730373989,0.05648352119896344
wcf_sensitivity_v1_align_null,SYM-ALIGN-NULL,1000,25,10,drf,mean_quantile_rmse,MEANQ-A-COMMON199,10,0.15755474112986556,0.013649637287057894,0.00431639430622645,0.16022510958147373
wcf_sensitivity_v1_align_null,SYM-ALIGN-NULL,1000,25,10,drf,mean_quantile_rmse,MEANQ-A-INTERIOR,10,0.15748030316143122,0.013657868635439782,0.004318997287136561,0.16014142611798057
wcf_sensitivity_v1_align_null,SYM-ALIGN-NULL,1000,25,10,drf,mean_quantile_rmse,MEANQ-A-K,10,0.1575557291441378,0.013649528399928945,0.0043163598730929145,0.16022622031914022
wcf_sensitivity_v1_align_null,SYM-ALIGN-NULL,1000,25,10,drf,mode_coverage,LAW-A-K,10,1.0,0.0,0.0,1.0
wcf_sensitivity_v1_align_null,SYM-ALIGN-NULL,1000,25,10,drf,peak_ram,NONE_OPERATIONAL,10,478.73999999999995,7.195399764973305,2.275385193275589,479.65
wcf_sensitivity_v1_align_null,SYM-ALIGN-NULL,1000,25,10,drf,process_peak_ram,NONE_OPERATIONAL,10,380.01796875,5.688289363052936,1.798795037735572,380.060546875
wcf_sensitivity_v1_align_null,SYM-ALIGN-NULL,1000,25,10,drf,reference_effect_rmse,REF-ATE-COMMON199,10,0.014538508918413484,0.01215951845298268,0.00384517735622723,0.011209969013781742
wcf_sensitivity_v1_align_null,SYM-ALIGN-NULL,1000,25,10,drf,reference_effect_rmse,REF-ATE-K,10,0.014615503561413168,0.012118104123232306,0.003832080995249184,0.011470245210016859
wcf_sensitivity_v1_align_null,SYM-ALIGN-NULL,1000,25,10,drf,reference_tcate_rmse,REF-TCATE-COMMON199,10,0.07373937182477036,0.009181155768233534,0.0029033363780410957,0.07123394680048617
wcf_sensitivity_v1_align_null,SYM-ALIGN-NULL,1000,25,10,drf,reference_tcate_rmse,REF-TCATE-INTERIOR,10,0.07695493447624027,0.009623758166252753,0.0030432995456004083,0.07483886623697886
wcf_sensitivity_v1_align_null,SYM-ALIGN-NULL,1000,25,10,drf,reference_tcate_rmse,REF-TCATE-K,10,0.07396696514828849,0.009255810001919934,0.002926944119583445,0.07130363371649068
wcf_sensitivity_v1_align_null,SYM-ALIGN-NULL,1000,25,10,drf,runtime,NONE_OPERATIONAL,10,36.6754,1.571586332340671,0.4969792349786861,36.129
wcf_sensitivity_v1_align_null,SYM-ALIGN-NULL,1000,25,10,drf,tail_calibration,LAW-A-K,10,0.06441305091754404,0.006359980945034944,0.002011202566158058,0.06290593594834132
wcf_sensitivity_v1_align_null,SYM-ALIGN-NULL,1000,25,10,drf,tate_functional_rmse,TATE-COMMON199-grid_mean,10,0.11519251439909214,0.017316555029521057,0.0054759755120930825,0.118768492078172
wcf_sensitivity_v1_align_null,SYM-ALIGN-NULL,1000,25,10,drf,tate_functional_rmse,TATE-COMMON199-grid_sd,10,0.0027451128810845457,0.0021112962284253766,0.0006676504897147324,0.0030600688490662505
wcf_sensitivity_v1_align_null,SYM-ALIGN-NULL,1000,25,10,drf,tate_functional_rmse,TATE-COMMON199-grid_skewness,10,2.8475676628247826e-17,2.6127097903480568e-17,8.26211380252087e-18,2.475328236809719e-17
wcf_sensitivity_v1_align_null,SYM-ALIGN-NULL,1000,25,10,drf,tate_functional_rmse,TATE-COMMON199-grid_upper_tail_mean,10,0.11297806798009287,0.01806995287549988,0.005714220829848864,0.11565123536050709
wcf_sensitivity_v1_align_null,SYM-ALIGN-NULL,1000,25,10,drf,tate_functional_rmse,TATE-K-grid_mean,10,0.11519251439909214,0.017316555029521046,0.005475975512093079,0.118768492078172
wcf_sensitivity_v1_align_null,SYM-ALIGN-NULL,1000,25,10,drf,tate_functional_rmse,TATE-K-grid_sd,10,0.0027548304923000508,0.0021187701490972778,0.0006700139509521947,0.0030709013942679165
wcf_sensitivity_v1_align_null,SYM-ALIGN-NULL,1000,25,10,drf,tate_functional_rmse,TATE-K-grid_skewness,10,5.834924456873954e-18,3.740665085416806e-18,1.1829021633785408e-18,6.995729190814922e-18
wcf_sensitivity_v1_align_null,SYM-ALIGN-NULL,1000,25,10,drf,tate_functional_rmse,TATE-K-grid_upper_tail_mean,10,0.11305248508003207,0.018042535072456994,0.0057055505592435215,0.11575599165657471
wcf_sensitivity_v1_align_null,SYM-ALIGN-NULL,1000,25,10,drf,tcate_functional_rmse,TCATE-COMMON199-grid_mean,10,0.1235530381033008,0.014953810158155771,0.004728809979753498,0.1277683747854656
wcf_sensitivity_v1_align_null,SYM-ALIGN-NULL,1000,25,10,drf,tcate_functional_rmse,TCATE-COMMON199-grid_sd,10,0.0037040149969036844,0.001790265002698132,0.0005661315023813586,0.0042489644780428545
wcf_sensitivity_v1_align_null,SYM-ALIGN-NULL,1000,25,10,drf,tcate_functional_rmse,TCATE-COMMON199-grid_skewness,10,4.036867379554991e-17,2.3535531702571748e-17,7.44258861232273e-18,3.546299790746063e-17
wcf_sensitivity_v1_align_null,SYM-ALIGN-NULL,1000,25,10,drf,tcate_functional_rmse,TCATE-COMMON199-grid_upper_tail_mean,10,0.12151993692231089,0.015642388138635624,0.004946557456249027,0.12567812100834683
wcf_sensitivity_v1_align_null,SYM-ALIGN-NULL,1000,25,10,drf,tcate_functional_rmse,TCATE-K-grid_mean,10,0.1235530381033008,0.014953810158155775,0.0047288099797534984,0.12776837478546563
wcf_sensitivity_v1_align_null,SYM-ALIGN-NULL,1000,25,10,drf,tcate_functional_rmse,TCATE-K-grid_sd,10,0.0037171270907357216,0.0017966024831670938,0.0005681355896722337,0.004264005675492549
wcf_sensitivity_v1_align_null,SYM-ALIGN-NULL,1000,25,10,drf,tcate_functional_rmse,TCATE-K-grid_skewness,10,1.1452825235739174e-17,5.840786396448398e-18,1.8470188339304138e-18,1.0383701209500184e-17
wcf_sensitivity_v1_align_null,SYM-ALIGN-NULL,1000,25,10,drf,tcate_functional_rmse,TCATE-K-grid_upper_tail_mean,10,0.1215878112393465,0.015615914633534326,0.004938185798872208,0.1257707461193451
wcf_sensitivity_v1_align_null,SYM-IRREL-NULL,500,25,10,causal_drf,arm_energy_risk,LAW-A-M-K,10,0.08962140082009551,0.006598572888234921,0.002086651963345803,0.08721950504756458
wcf_sensitivity_v1_align_null,SYM-IRREL-NULL,500,25,10,causal_drf,barycenter_rmse,MEANQ-A-K,10,0.3053091356001303,0.008552570861925724,0.0027045603773674736,0.3031562464947376
wcf_sensitivity_v1_align_null,SYM-IRREL-NULL,500,25,10,causal_drf,diagnostic_effective_support,NONE_OPERATIONAL,10,102.68344979072697,2.149096010475892,0.6796038303484901,102.81531763633508
wcf_sensitivity_v1_align_null,SYM-IRREL-NULL,500,25,10,causal_drf,kernel_law_error,LAW-A-COMMON199,10,0.08424216163438222,0.005879690521293253,0.0018593213984189427,0.08277411137972086
wcf_sensitivity_v1_align_null,SYM-IRREL-NULL,500,25,10,causal_drf,kernel_law_error,LAW-A-INTERIOR,10,0.0743812276082762,0.005978783555524022,0.0018906573672615688,0.07273760805110831
wcf_sensitivity_v1_align_null,SYM-IRREL-NULL,500,25,10,causal_drf,kernel_law_error,LAW-A-K,10,0.07492605758290329,0.005968075317570547,0.0018872711250955646,0.0732572970861507
wcf_sensitivity_v1_align_null,SYM-IRREL-NULL,500,25,10,causal_drf,mean_quantile_rmse,MEANQ-A-COMMON199,10,0.05982737027864502,0.018340748072131645,0.0057998537899278165,0.056882193516680654
wcf_sensitivity_v1_align_null,SYM-IRREL-NULL,500,25,10,causal_drf,mean_quantile_rmse,MEANQ-A-INTERIOR,10,0.05969928778585062,0.018388203717622648,0.0058148605826863235,0.05668266405861974
wcf_sensitivity_v1_align_null,SYM-IRREL-NULL,500,25,10,causal_drf,mean_quantile_rmse,MEANQ-A-K,10,0.059829067378182735,0.018340122844056967,0.005799656075450511,0.056884837147723376
wcf_sensitivity_v1_align_null,SYM-IRREL-NULL,500,25,10,causal_drf,mode_coverage,LAW-A-K,10,1.0,0.0,0.0,1.0
wcf_sensitivity_v1_align_null,SYM-IRREL-NULL,500,25,10,causal_drf,peak_ram,NONE_OPERATIONAL,10,304.12538,0.20754741252167275,0.06563225460430366,304.10155
wcf_sensitivity_v1_align_null,SYM-IRREL-NULL,500,25,10,causal_drf,process_peak_ram,NONE_OPERATIONAL,10,379.76796875,5.950559069443163,1.8817320010812455,380.21875
wcf_sensitivity_v1_align_null,SYM-IRREL-NULL,500,25,10,causal_drf,reference_effect_rmse,REF-ATE-COMMON199,10,0.02218634771641557,0.013656125157731605,0.004318445951075804,0.020172305624806312
wcf_sensitivity_v1_align_null,SYM-IRREL-NULL,500,25,10,causal_drf,reference_effect_rmse,REF-ATE-K,10,0.02215098057616629,0.013652955487937263,0.004317443613477728,0.02008640177505657
wcf_sensitivity_v1_align_null,SYM-IRREL-NULL,500,25,10,causal_drf,reference_tcate_rmse,REF-TCATE-COMMON199,10,0.027617090940271538,0.012783523630141003,0.004042505119382948,0.02413459717650688
wcf_sensitivity_v1_align_null,SYM-IRREL-NULL,500,25,10,causal_drf,reference_tcate_rmse,REF-TCATE-INTERIOR,10,0.029031109126991545,0.013397070130497247,0.004236525558538051,0.02560466699833179
wcf_sensitivity_v1_align_null,SYM-IRREL-NULL,500,25,10,causal_drf,reference_tcate_rmse,REF-TCATE-K,10,0.02762224359698694,0.012734656607376934,0.004027052009942372,0.02442122238213067
wcf_sensitivity_v1_align_null,SYM-IRREL-NULL,500,25,10,causal_drf,runtime,NONE_OPERATIONAL,10,21.2641,2.1123160248620207,0.6679729776636842,21.305
wcf_sensitivity_v1_align_null,SYM-IRREL-NULL,500,25,10,causal_drf,tail_calibration,LAW-A-K,10,0.06988717484949987,0.0072510403158894616,0.002292980280391751,0.07004757158755383
wcf_sensitivity_v1_align_null,SYM-IRREL-NULL,500,25,10,causal_drf,tate_functional_rmse,TATE-COMMON199-grid_mean,10,0.028378788189044657,0.02472989315171663,0.00782027886520245,0.017469802386835456
wcf_sensitivity_v1_align_null,SYM-IRREL-NULL,500,25,10,causal_drf,tate_functional_rmse,TATE-COMMON199-grid_sd,10,0.0023769072344759054,0.002157892628626695,0.0006823855652548219,0.0018092529119027722
wcf_sensitivity_v1_align_null,SYM-IRREL-NULL,500,25,10,causal_drf,tate_functional_rmse,TATE-COMMON199-grid_skewness,10,3.227037509781406e-17,2.0214456956118476e-17,6.392372564476875e-18,3.432972051761479e-17
wcf_sensitivity_v1_align_null,SYM-IRREL-NULL,500,25,10,causal_drf,tate_functional_rmse,TATE-COMMON199-grid_upper_tail_mean,10,0.029014462296665045,0.023311935201238934,0.007371881190217073,0.018384175401695197
wcf_sensitivity_v1_align_null,SYM-IRREL-NULL,500,25,10,causal_drf,tate_functional_rmse,TATE-K-grid_mean,10,0.028378788189044664,0.02472989315171663,0.00782027886520245,0.017469802386835452
wcf_sensitivity_v1_align_null,SYM-IRREL-NULL,500,25,10,causal_drf,tate_functional_rmse,TATE-K-grid_sd,10,0.0023853214095574194,0.0021655314990550404,0.0006848011881852695,0.0018156576089589749
wcf_sensitivity_v1_align_null,SYM-IRREL-NULL,500,25,10,causal_drf,tate_functional_rmse,TATE-K-grid_skewness,10,1.3352510583704677e-17,7.62391473660384e-18,2.4108935254590814e-18,1.1977223537732664e-17
wcf_sensitivity_v1_align_null,SYM-IRREL-NULL,500,25,10,causal_drf,tate_functional_rmse,TATE-K-grid_upper_tail_mean,10,0.028993100287997935,0.02335634960023241,0.00738592625638976,0.018353447637209797
wcf_sensitivity_v1_align_null,SYM-IRREL-NULL,500,25,10,causal_drf,tcate_functional_rmse,TCATE-COMMON199-grid_mean,10,0.04020339783839784,0.022181450501871258,0.007014390539219816,0.03398370920948235
wcf_sensitivity_v1_align_null,SYM-IRREL-NULL,500,25,10,causal_drf,tcate_functional_rmse,TCATE-COMMON199-grid_sd,10,0.0030574858400845154,0.0020697929900602608,0.0006545260133640674,0.0023682814892438033
wcf_sensitivity_v1_align_null,SYM-IRREL-NULL,500,25,10,causal_drf,tcate_functional_rmse,TCATE-COMMON199-grid_skewness,10,3.832820136290603e-17,1.771393856724876e-17,5.6016392204805815e-18,3.592672633285035e-17
wcf_sensitivity_v1_align_null,SYM-IRREL-NULL,500,25,10,causal_drf,tcate_functional_rmse,TCATE-COMMON199-grid_upper_tail_mean,10,0.04012089544929125,0.021394166394142294,0.0067654294446121265,0.033621358832543684
wcf_sensitivity_v1_align_null,SYM-IRREL-NULL,500,25,10,causal_drf,tcate_functional_rmse,TCATE-K-grid_mean,10,0.04020339783839784,0.022181450501871255,0.007014390539219815,0.033983709209482335
wcf_sensitivity_v1_align_null,SYM-IRREL-NULL,500,25,10,causal_drf,tcate_functional_rmse,TCATE-K-grid_sd,10,0.0030683092415174883,0.0020771199906045963,0.0006568430143778068,0.0023766651294649
wcf_sensitivity_v1_align_null,SYM-IRREL-NULL,500,25,10,causal_drf,tcate_functional_rmse,TCATE-K-grid_skewness,10,1.7348747257571357e-17,8.966291713002837e-18,2.835390397858174e-18,1.8255420316862646e-17
wcf_sensitivity_v1_align_null,SYM-IRREL-NULL,500,25,10,causal_drf,tcate_functional_rmse,TCATE-K-grid_upper_tail_mean,10,0.04012000889092948,0.021421476840539744,0.006774065766065315,0.033625111359609314
wcf_sensitivity_v1_align_null,SYM-IRREL-NULL,500,25,10,cwdb_dr,arm_energy_risk,LAW-A-M-K,10,0.05248825884305697,0.002475456066064602,0.000782807941644439,0.052072406020058845
wcf_sensitivity_v1_align_null,SYM-IRREL-NULL,500,25,10,cwdb_dr,barycenter_rmse,MEANQ-A-K,10,0.1672679910537907,0.00500201298640273,0.001581775392277347,0.1668111752826673
wcf_sensitivity_v1_align_null,SYM-IRREL-NULL,500,25,10,cwdb_dr,diagnostic_dense_dr_n_levels,NONE_OPERATIONAL,10,199.0,0.0,0.0,199.0
wcf_sensitivity_v1_align_null,SYM-IRREL-NULL,500,25,10,cwdb_dr,diagnostic_dr_if_se_reference,NONE_OPERATIONAL,10,0.02497753200533992,0.0012512676014726878,0.0003956855583029551,0.02514070997248132
wcf_sensitivity_v1_align_null,SYM-IRREL-NULL,500,25,10,cwdb_dr,diagnostic_effective_support,NONE_OPERATIONAL,10,9.999999999999998,0.0,0.0,9.999999999999998
wcf_sensitivity_v1_align_null,SYM-IRREL-NULL,500,25,10,cwdb_dr,diagnostic_ehat_mean,NONE_OPERATIONAL,10,0.4963725659997703,0.02368141839807377,0.007488722036132913,0.49257613472319617
wcf_sensitivity_v1_align_null,SYM-IRREL-NULL,500,25,10,cwdb_dr,diagnostic_n_boosting_steps,NONE_OPERATIONAL,10,100.0,0.0,0.0,100.0
wcf_sensitivity_v1_align_null,SYM-IRREL-NULL,500,25,10,cwdb_dr,diagnostic_selected_contrast_shrinkage,NONE_OPERATIONAL,10,175.0,225.1542681017716,71.20003121097942,50.0
wcf_sensitivity_v1_align_null,SYM-IRREL-NULL,500,25,10,cwdb_dr,diagnostic_train_risk,NONE_OPERATIONAL,10,0.036639684214117924,0.004002689779000454,0.0012657616468717441,0.03686687411052306
wcf_sensitivity_v1_align_null,SYM-IRREL-NULL,500,25,10,cwdb_dr,kernel_law_error,LAW-A-COMMON199,10,0.03527117917898476,0.002532696897310507,0.0008009090818342783,0.035410148426589814
wcf_sensitivity_v1_align_null,SYM-IRREL-NULL,500,25,10,cwdb_dr,kernel_law_error,LAW-A-INTERIOR,10,0.024657925322441106,0.00231325902865861,0.0007315167348509926,0.024652553258151546
wcf_sensitivity_v1_align_null,SYM-IRREL-NULL,500,25,10,cwdb_dr,kernel_law_error,LAW-A-K,10,0.024970364621740272,0.0023851467053059095,0.000754249614241309,0.02497822471174256
wcf_sensitivity_v1_align_null,SYM-IRREL-NULL,500,25,10,cwdb_dr,mean_quantile_rmse,MEANQ-A-COMMON199,10,0.048686498970064274,0.04491754963164499,0.014204176374965535,0.0360619071706913
wcf_sensitivity_v1_align_null,SYM-IRREL-NULL,500,25,10,cwdb_dr,mean_quantile_rmse,MEANQ-A-INTERIOR,10,0.04790447398778798,0.04385121795789483,0.013866972691942528,0.03564601840383317
wcf_sensitivity_v1_align_null,SYM-IRREL-NULL,500,25,10,cwdb_dr,mean_quantile_rmse,MEANQ-A-K,10,0.0487448273534602,0.045018162443356206,0.014235992939645647,0.036074883071794114
wcf_sensitivity_v1_align_null,SYM-IRREL-NULL,500,25,10,cwdb_dr,mode_coverage,LAW-A-K,10,1.0,0.0,0.0,1.0
wcf_sensitivity_v1_align_null,SYM-IRREL-NULL,500,25,10,cwdb_dr,peak_ram,NONE_OPERATIONAL,10,0.0,0.0,0.0,0.0
wcf_sensitivity_v1_align_null,SYM-IRREL-NULL,500,25,10,cwdb_dr,process_peak_ram,NONE_OPERATIONAL,10,379.76796875,5.950559069443163,1.8817320010812455,380.21875
wcf_sensitivity_v1_align_null,SYM-IRREL-NULL,500,25,10,cwdb_dr,reference_effect_rmse,REF-ATE-COMMON199,10,0.02179360260447551,0.011607018260508547,0.0036704614546372617,0.019225416704876187
wcf_sensitivity_v1_align_null,SYM-IRREL-NULL,500,25,10,cwdb_dr,reference_effect_rmse,REF-ATE-K,10,0.022012611454643873,0.01138304568032782,0.0035996351059576835,0.020266600466092667
wcf_sensitivity_v1_align_null,SYM-IRREL-NULL,500,25,10,cwdb_dr,reference_tcate_rmse,REF-TCATE-COMMON199,10,0.037052344027662346,0.01027043030464253,0.0032477952312687393,0.035233367272386525
wcf_sensitivity_v1_align_null,SYM-IRREL-NULL,500,25,10,cwdb_dr,reference_tcate_rmse,REF-TCATE-INTERIOR,10,0.03876371753578645,0.010909598648434209,0.003449918008734664,0.037765257582701925
wcf_sensitivity_v1_align_null,SYM-IRREL-NULL,500,25,10,cwdb_dr,reference_tcate_rmse,REF-TCATE-K,10,0.037209359221802185,0.010268525486294974,0.003247192874818024,0.035439796995358645
wcf_sensitivity_v1_align_null,SYM-IRREL-NULL,500,25,10,cwdb_dr,runtime,NONE_OPERATIONAL,10,220.8877030932963,2.2838762129126855,0.7222250726683745,221.42215866749757
wcf_sensitivity_v1_align_null,SYM-IRREL-NULL,500,25,10,cwdb_dr,tail_calibration,LAW-A-K,10,0.04800705128126849,0.005876975013632385,0.0018584626794977445,0.04826445059664644
wcf_sensitivity_v1_align_null,SYM-IRREL-NULL,500,25,10,cwdb_dr,tate_functional_rmse,TATE-COMMON199-grid_mean,10,0.01823358392967676,0.010805340041620082,0.0034169485424138052,0.017998501081823895
wcf_sensitivity_v1_align_null,SYM-IRREL-NULL,500,25,10,cwdb_dr,tate_functional_rmse,TATE-COMMON199-grid_sd,10,0.0024170903549106527,0.001450116881257121,0.00045856722182324364,0.00258981781396419
wcf_sensitivity_v1_align_null,SYM-IRREL-NULL,500,25,10,cwdb_dr,tate_functional_rmse,TATE-COMMON199-grid_skewness,10,0.00027149645745025246,0.00018370972868572504,5.8094117097846234e-05,0.00023017689550511148
wcf_sensitivity_v1_align_null,SYM-IRREL-NULL,500,25,10,cwdb_dr,tate_functional_rmse,TATE-COMMON199-grid_upper_tail_mean,10,0.01946324551643229,0.010581209078505736,0.003346072108652953,0.018226949236515765
wcf_sensitivity_v1_align_null,SYM-IRREL-NULL,500,25,10,cwdb_dr,tate_functional_rmse,TATE-K-grid_mean,10,0.018154490387804346,0.01032066056003352,0.0032636794327174875,0.019066042789707516
wcf_sensitivity_v1_align_null,SYM-IRREL-NULL,500,25,10,cwdb_dr,tate_functional_rmse,TATE-K-grid_sd,10,0.002273460332743134,0.001509123263202513,0.00047722667816657116,0.0025720533474926106
wcf_sensitivity_v1_align_null,SYM-IRREL-NULL,500,25,10,cwdb_dr,tate_functional_rmse,TATE-K-grid_skewness,10,0.0002900054780982003,0.000207218899896017,6.552836979058422e-05,0.00023642692011924358
wcf_sensitivity_v1_align_null,SYM-IRREL-NULL,500,25,10,cwdb_dr,tate_functional_rmse,TATE-K-grid_upper_tail_mean,10,0.019240186701085012,0.01005783964793362,0.0031805681628216285,0.019483883892101705
wcf_sensitivity_v1_align_null,SYM-IRREL-NULL,500,25,10,cwdb_dr,tcate_functional_rmse,TCATE-COMMON199-grid_mean,10,0.05188573673366752,0.011663478329701563,0.0036883156961873254,0.05348440867917784
wcf_sensitivity_v1_align_null,SYM-IRREL-NULL,500,25,10,cwdb_dr,tcate_functional_rmse,TCATE-COMMON199-grid_sd,10,0.005919189769613067,0.002539929807723982,0.0008031963289361315,0.005772792709689086
wcf_sensitivity_v1_align_null,SYM-IRREL-NULL,500,25,10,cwdb_dr,tcate_functional_rmse,TCATE-COMMON199-grid_skewness,10,0.0012180909622707733,0.0005226144320252667,0.00016526519432750867,0.0011897197113320294
wcf_sensitivity_v1_align_null,SYM-IRREL-NULL,500,25,10,cwdb_dr,tcate_functional_rmse,TCATE-COMMON199-grid_upper_tail_mean,10,0.052457036743488325,0.011733261254784922,0.0037103829946925565,0.05349196340420311
wcf_sensitivity_v1_align_null,SYM-IRREL-NULL,500,25,10,cwdb_dr,tcate_functional_rmse,TCATE-K-grid_mean,10,0.05188573888314009,0.011663479380420753,0.0036883160284539077,0.05348441970580056
wcf_sensitivity_v1_align_null,SYM-IRREL-NULL,500,25,10,cwdb_dr,tcate_functional_rmse,TCATE-K-grid_sd,10,0.005937799189834321,0.00254985757785018,0.0008063357655046678,0.0057763458847515225
wcf_sensitivity_v1_align_null,SYM-IRREL-NULL,500,25,10,cwdb_dr,tcate_functional_rmse,TCATE-K-grid_skewness,10,0.0012511883282028018,0.0006067775503924382,0.00019187990922977003,0.0011629332304651803
wcf_sensitivity_v1_align_null,SYM-IRREL-NULL,500,25,10,cwdb_dr,tcate_functional_rmse,TCATE-K-grid_upper_tail_mean,10,0.05242588210054309,0.011731668960973215,0.003709879467177638,0.05350449431892852
wcf_sensitivity_v1_align_null,SYM-IRREL-NULL,500,25,10,drf,arm_energy_risk,LAW-A-M-K,10,0.07886941637039445,0.006344114159775869,0.002006185048101712,0.07844047554895006
wcf_sensitivity_v1_align_null,SYM-IRREL-NULL,500,25,10,drf,barycenter_rmse,MEANQ-A-K,10,0.2723387916666322,0.006898984500675791,0.0021816504564334954,0.2700998539561952
wcf_sensitivity_v1_align_null,SYM-IRREL-NULL,500,25,10,drf,diagnostic_effective_support,NONE_OPERATIONAL,10,139.8237543842102,1.705935165996618,0.5394640665126741,139.76962973616455
wcf_sensitivity_v1_align_null,SYM-IRREL-NULL,500,25,10,drf,kernel_law_error,LAW-A-COMMON199,10,0.0732098645240837,0.006316395485817483,0.0019974196337589024,0.07187532927739455
wcf_sensitivity_v1_align_null,SYM-IRREL-NULL,500,25,10,drf,kernel_law_error,LAW-A-INTERIOR,10,0.06290037241673864,0.006338174436357569,0.002004306742634385,0.06199812244834866
wcf_sensitivity_v1_align_null,SYM-IRREL-NULL,500,25,10,drf,kernel_law_error,LAW-A-K,10,0.06366657122115749,0.006315694557494813,0.0019971979807612865,0.06270498052126
wcf_sensitivity_v1_align_null,SYM-IRREL-NULL,500,25,10,drf,mean_quantile_rmse,MEANQ-A-COMMON199,10,0.06315910685924589,0.014360800819807142,0.004541283961460387,0.06671155187138617
wcf_sensitivity_v1_align_null,SYM-IRREL-NULL,500,25,10,drf,mean_quantile_rmse,MEANQ-A-INTERIOR,10,0.06308497859458947,0.01436081967995076,0.00454128992556147,0.0666670958921996
wcf_sensitivity_v1_align_null,SYM-IRREL-NULL,500,25,10,drf,mean_quantile_rmse,MEANQ-A-K,10,0.06316008974393036,0.014360804003356981,0.004541284968187241,0.06671214182243587
wcf_sensitivity_v1_align_null,SYM-IRREL-NULL,500,25,10,drf,mode_coverage,LAW-A-K,10,1.0,0.0,0.0,1.0
wcf_sensitivity_v1_align_null,SYM-IRREL-NULL,500,25,10,drf,peak_ram,NONE_OPERATIONAL,10,381.43,15.529473769434537,4.910850797525367,376.25
wcf_sensitivity_v1_align_null,SYM-IRREL-NULL,500,25,10,drf,process_peak_ram,NONE_OPERATIONAL,10,379.76796875,5.950559069443163,1.8817320010812455,380.21875
wcf_sensitivity_v1_align_null,SYM-IRREL-NULL,500,25,10,drf,reference_effect_rmse,REF-ATE-COMMON199,10,0.017083109957712755,0.01278699164063691,0.0040436018005945915,0.01657931576711603
wcf_sensitivity_v1_align_null,SYM-IRREL-NULL,500,25,10,drf,reference_effect_rmse,REF-ATE-K,10,0.0169979482469582,0.012798614741816105,0.0040472773479146755,0.016381429129141728
wcf_sensitivity_v1_align_null,SYM-IRREL-NULL,500,25,10,drf,reference_tcate_rmse,REF-TCATE-COMMON199,10,0.027612591072298874,0.013790793163951853,0.004361031713836774,0.02249499415866571
wcf_sensitivity_v1_align_null,SYM-IRREL-NULL,500,25,10,drf,reference_tcate_rmse,REF-TCATE-INTERIOR,10,0.028813562815649257,0.014399033408251213,0.0045533741674930964,0.023060725897995845
wcf_sensitivity_v1_align_null,SYM-IRREL-NULL,500,25,10,drf,reference_tcate_rmse,REF-TCATE-K,10,0.02764016263876301,0.013637164758585013,0.004312450146410889,0.02274882808755368
wcf_sensitivity_v1_align_null,SYM-IRREL-NULL,500,25,10,drf,runtime,NONE_OPERATIONAL,10,20.8307,1.7257589023061386,0.5457328823599407,21.890500000000003
wcf_sensitivity_v1_align_null,SYM-IRREL-NULL,500,25,10,drf,tail_calibration,LAW-A-K,10,0.06937150338861275,0.0072849270345519135,0.0023036962017320196,0.06895948218703998
wcf_sensitivity_v1_align_null,SYM-IRREL-NULL,500,25,10,drf,tate_functional_rmse,TATE-COMMON199-grid_mean,10,0.02854368378974198,0.018680653420652043,0.005907341298947597,0.026364935546322965
wcf_sensitivity_v1_align_null,SYM-IRREL-NULL,500,25,10,drf,tate_functional_rmse,TATE-COMMON199-grid_sd,10,0.002397346453940526,0.0024871129503431016,0.0007864941721185458,0.0016749163692893853
wcf_sensitivity_v1_align_null,SYM-IRREL-NULL,500,25,10,drf,tate_functional_rmse,TATE-COMMON199-grid_skewness,10,3.486817495600898e-17,2.091026346262575e-17,6.612405901609651e-18,3.6933368253712247e-17
wcf_sensitivity_v1_align_null,SYM-IRREL-NULL,500,25,10,drf,tate_functional_rmse,TATE-COMMON199-grid_upper_tail_mean,10,0.029835608575763995,0.01807737775576605,0.005716568783148377,0.03018644959703438
wcf_sensitivity_v1_align_null,SYM-IRREL-NULL,500,25,10,drf,tate_functional_rmse,TATE-K-grid_mean,10,0.028543683789741987,0.018680653420652043,0.005907341298947597,0.02636493554632296
wcf_sensitivity_v1_align_null,SYM-IRREL-NULL,500,25,10,drf,tate_functional_rmse,TATE-K-grid_sd,10,0.0024058329832008607,0.002495917250110523,0.00078927833616534,0.0016808455193099091
wcf_sensitivity_v1_align_null,SYM-IRREL-NULL,500,25,10,drf,tate_functional_rmse,TATE-K-grid_skewness,10,1.261727618626456e-17,7.06554275343886e-18,2.2343208006164288e-18,1.1043141591356607e-17
wcf_sensitivity_v1_align_null,SYM-IRREL-NULL,500,25,10,drf,tate_functional_rmse,TATE-K-grid_upper_tail_mean,10,0.029792193076933045,0.01809230048016755,0.005721287762948749,0.030087384836816868
wcf_sensitivity_v1_align_null,SYM-IRREL-NULL,500,25,10,drf,tcate_functional_rmse,TCATE-COMMON199-grid_mean,10,0.04814398388198897,0.015497142659959983,0.0049006268030033825,0.05562471537313643
wcf_sensitivity_v1_align_null,SYM-IRREL-NULL,500,25,10,drf,tcate_functional_rmse,TCATE-COMMON199-grid_sd,10,0.0033176186333644464,0.0022977803241963743,0.000726621938718065,0.0031516942759738133
wcf_sensitivity_v1_align_null,SYM-IRREL-NULL,500,25,10,drf,tcate_functional_rmse,TCATE-COMMON199-grid_skewness,10,4.566215860781184e-17,1.860507834230401e-17,5.8834423607550515e-18,4.8096763525504015e-17
wcf_sensitivity_v1_align_null,SYM-IRREL-NULL,500,25,10,drf,tcate_functional_rmse,TCATE-COMMON199-grid_upper_tail_mean,10,0.049015399808178525,0.015426655646407142,0.004878336852174369,0.05743028314994912
wcf_sensitivity_v1_align_null,SYM-IRREL-NULL,500,25,10,drf,tcate_functional_rmse,TCATE-K-grid_mean,10,0.04814398388198897,0.015497142659959978,0.004900626803003381,0.05562471537313643
wcf_sensitivity_v1_align_null,SYM-IRREL-NULL,500,25,10,drf,tcate_functional_rmse,TCATE-K-grid_sd,10,0.0033293628965102213,0.0023059143925631157,0.0007291941569863079,0.0031628511722366403
wcf_sensitivity_v1_align_null,SYM-IRREL-NULL,500,25,10,drf,tcate_functional_rmse,TCATE-K-grid_skewness,10,1.9658393182672192e-17,1.059438177847386e-17,3.350237682136283e-18,2.0354984613283112e-17
wcf_sensitivity_v1_align_null,SYM-IRREL-NULL,500,25,10,drf,tcate_functional_rmse,TCATE-K-grid_upper_tail_mean,10,0.04898378464396915,0.015426148650458606,0.004878176525978184,0.057364621364516435
wcf_sensitivity_v1_align_null,SYM-IRREL-NULL,1000,25,10,causal_drf,arm_energy_risk,LAW-A-M-K,10,0.07605189937610517,0.003939084525808554,0.0012456478997479343,0.07607007111679098
wcf_sensitivity_v1_align_null,SYM-IRREL-NULL,1000,25,10,causal_drf,barycenter_rmse,MEANQ-A-K,10,0.2698361091432149,0.0027067690764306356,0.0008559555381631195,0.2697322242196934
wcf_sensitivity_v1_align_null,SYM-IRREL-NULL,1000,25,10,causal_drf,diagnostic_effective_support,NONE_OPERATIONAL,10,132.25090020273268,3.2519032108046333,1.0283420876557314,132.64697230190922
wcf_sensitivity_v1_align_null,SYM-IRREL-NULL,1000,25,10,causal_drf,kernel_law_error,LAW-A-COMMON199,10,0.07103436522577251,0.004055306491179292,0.0012824005122192093,0.06951160750480168
wcf_sensitivity_v1_align_null,SYM-IRREL-NULL,1000,25,10,causal_drf,kernel_law_error,LAW-A-INTERIOR,10,0.06107092904394905,0.0039935657867592785,0.0012628763871881624,0.05987005572893594
wcf_sensitivity_v1_align_null,SYM-IRREL-NULL,1000,25,10,causal_drf,kernel_law_error,LAW-A-K,10,0.06158786728732786,0.0039913813714914596,0.001262185614427967,0.060367629447832735
wcf_sensitivity_v1_align_null,SYM-IRREL-NULL,1000,25,10,causal_drf,mean_quantile_rmse,MEANQ-A-COMMON199,10,0.0506174863401052,0.0073786327564500315,0.002333328552830856,0.049747259953282254
wcf_sensitivity_v1_align_null,SYM-IRREL-NULL,1000,25,10,causal_drf,mean_quantile_rmse,MEANQ-A-INTERIOR,10,0.050467596326811026,0.007430656377170707,0.002349779866191463,0.049637963732532014
wcf_sensitivity_v1_align_null,SYM-IRREL-NULL,1000,25,10,causal_drf,mean_quantile_rmse,MEANQ-A-K,10,0.05061947151051562,0.007377953895915691,0.0023331138782806448,0.049748709410410416
wcf_sensitivity_v1_align_null,SYM-IRREL-NULL,1000,25,10,causal_drf,mode_coverage,LAW-A-K,10,1.0,0.0,0.0,1.0
wcf_sensitivity_v1_align_null,SYM-IRREL-NULL,1000,25,10,causal_drf,peak_ram,NONE_OPERATIONAL,10,378.65978,1.1152929926954382,0.35268661153431197,378.3223
wcf_sensitivity_v1_align_null,SYM-IRREL-NULL,1000,25,10,causal_drf,process_peak_ram,NONE_OPERATIONAL,10,389.20546875,3.2891074488878984,1.040107100751161,389.912109375
wcf_sensitivity_v1_align_null,SYM-IRREL-NULL,1000,25,10,causal_drf,reference_effect_rmse,REF-ATE-COMMON199,10,0.015878556767342913,0.007669696277713292,0.0024253709199289317,0.015250230632748045
wcf_sensitivity_v1_align_null,SYM-IRREL-NULL,1000,25,10,causal_drf,reference_effect_rmse,REF-ATE-K,10,0.01605834018542471,0.0077622186660648955,0.0024546290681039017,0.01544945540312492
wcf_sensitivity_v1_align_null,SYM-IRREL-NULL,1000,25,10,causal_drf,reference_tcate_rmse,REF-TCATE-COMMON199,10,0.019193278539970313,0.007040358949878391,0.0022263569826766944,0.021508890263508378
wcf_sensitivity_v1_align_null,SYM-IRREL-NULL,1000,25,10,causal_drf,reference_tcate_rmse,REF-TCATE-INTERIOR,10,0.0197146784804473,0.006809543590957939,0.0021533667573629053,0.021785060658338636
wcf_sensitivity_v1_align_null,SYM-IRREL-NULL,1000,25,10,causal_drf,reference_tcate_rmse,REF-TCATE-K,10,0.019312673244396387,0.007147280431878386,0.0022601685240687627,0.021603542742215407
wcf_sensitivity_v1_align_null,SYM-IRREL-NULL,1000,25,10,causal_drf,runtime,NONE_OPERATIONAL,10,43.911,2.5235503209213435,0.7980166804160308,43.0555
wcf_sensitivity_v1_align_null,SYM-IRREL-NULL,1000,25,10,causal_drf,tail_calibration,LAW-A-K,10,0.06764143324434353,0.00713847031917001,0.0022573825218086363,0.066661522900965
wcf_sensitivity_v1_align_null,SYM-IRREL-NULL,1000,25,10,causal_drf,tate_functional_rmse,TATE-COMMON199-grid_mean,10,0.013890617481203196,0.014866319867487376,0.004701143120587267,0.007990803364003112
wcf_sensitivity_v1_align_null,SYM-IRREL-NULL,1000,25,10,causal_drf,tate_functional_rmse,TATE-COMMON199-grid_sd,10,0.0021130245750547805,0.0019824275180961187,0.0006268986253378401,0.0016118348717417664
wcf_sensitivity_v1_align_null,SYM-IRREL-NULL,1000,25,10,causal_drf,tate_functional_rmse,TATE-COMMON199-grid_skewness,10,2.7706686626706964e-17,1.9896729236244467e-17,6.291898237419494e-18,2.3730369506462213e-17
wcf_sensitivity_v1_align_null,SYM-IRREL-NULL,1000,25,10,causal_drf,tate_functional_rmse,TATE-COMMON199-grid_upper_tail_mean,10,0.013569793605731803,0.014840755363909672,0.00469305891473156,0.006912849952620639
wcf_sensitivity_v1_align_null,SYM-IRREL-NULL,1000,25,10,causal_drf,tate_functional_rmse,TATE-K-grid_mean,10,0.013890617481203196,0.014866319867487383,0.004701143120587269,0.007990803364003107
wcf_sensitivity_v1_align_null,SYM-IRREL-NULL,1000,25,10,causal_drf,tate_functional_rmse,TATE-K-grid_sd,10,0.002120504614018089,0.001989445247682576,0.0006291178262874758,0.0016175407152920175
wcf_sensitivity_v1_align_null,SYM-IRREL-NULL,1000,25,10,causal_drf,tate_functional_rmse,TATE-K-grid_skewness,10,8.385200864424034e-18,5.6849348964164105e-18,1.7977342622449254e-18,7.63958604356017e-18
wcf_sensitivity_v1_align_null,SYM-IRREL-NULL,1000,25,10,causal_drf,tate_functional_rmse,TATE-K-grid_upper_tail_mean,10,0.013580574983054362,0.014835408902585452,0.004691368215210907,0.006892669453062382
wcf_sensitivity_v1_align_null,SYM-IRREL-NULL,1000,25,10,causal_drf,tcate_functional_rmse,TCATE-COMMON199-grid_mean,10,0.023271762182177164,0.01242618088089451,0.003929503420086414,0.020154402082450625
wcf_sensitivity_v1_align_null,SYM-IRREL-NULL,1000,25,10,causal_drf,tcate_functional_rmse,TCATE-COMMON199-grid_sd,10,0.0032677757684693937,0.001660469223587912,0.0005250864731149188,0.0029193556206759527
wcf_sensitivity_v1_align_null,SYM-IRREL-NULL,1000,25,10,causal_drf,tcate_functional_rmse,TCATE-COMMON199-grid_skewness,10,3.658102849639232e-17,2.435825357448284e-17,7.702756111930365e-18,3.0065747656511165e-17
wcf_sensitivity_v1_align_null,SYM-IRREL-NULL,1000,25,10,causal_drf,tcate_functional_rmse,TCATE-COMMON199-grid_upper_tail_mean,10,0.023311602627480672,0.012892218235725828,0.004076877371685118,0.021638307022211065
wcf_sensitivity_v1_align_null,SYM-IRREL-NULL,1000,25,10,causal_drf,tcate_functional_rmse,TCATE-K-grid_mean,10,0.023271762182177164,0.012426180880894516,0.003929503420086415,0.020154402082450614
wcf_sensitivity_v1_align_null,SYM-IRREL-NULL,1000,25,10,causal_drf,tcate_functional_rmse,TCATE-K-grid_sd,10,0.00327934358947823,0.0016663472311777862,0.0005269452623236947,0.0029296900455795596
wcf_sensitivity_v1_align_null,SYM-IRREL-NULL,1000,25,10,causal_drf,tcate_functional_rmse,TCATE-K-grid_skewness,10,1.1649453744113046e-17,5.834526574456308e-18,1.845039304406192e-18,1.1300690249958065e-17
wcf_sensitivity_v1_align_null,SYM-IRREL-NULL,1000,25,10,causal_drf,tcate_functional_rmse,TCATE-K-grid_upper_tail_mean,10,0.023303801399374307,0.012877830676389557,0.004072327625937774,0.02158725988563346
wcf_sensitivity_v1_align_null,SYM-IRREL-NULL,1000,25,10,cwdb_dr,arm_energy_risk,LAW-A-M-K,10,0.04678688932711439,0.0041134964828258595,0.0013008018032821416,0.04579869255008958
wcf_sensitivity_v1_align_null,SYM-IRREL-NULL,1000,25,10,cwdb_dr,barycenter_rmse,MEANQ-A-K,10,0.14882658030458104,0.006297200861791283,0.0019913497606835638,0.14999391994230904
wcf_sensitivity_v1_align_null,SYM-IRREL-NULL,1000,25,10,cwdb_dr,diagnostic_dense_dr_n_levels,NONE_OPERATIONAL,10,199.0,0.0,0.0,199.0
wcf_sensitivity_v1_align_null,SYM-IRREL-NULL,1000,25,10,cwdb_dr,diagnostic_dr_if_se_reference,NONE_OPERATIONAL,10,0.017227214703085577,0.0011370682136501403,0.00035957254101134044,0.01689529491766128
wcf_sensitivity_v1_align_null,SYM-IRREL-NULL,1000,25,10,cwdb_dr,diagnostic_effective_support,NONE_OPERATIONAL,10,9.999999999999998,0.0,0.0,9.999999999999998
wcf_sensitivity_v1_align_null,SYM-IRREL-NULL,1000,25,10,cwdb_dr,diagnostic_ehat_mean,NONE_OPERATIONAL,10,0.4985323959893875,0.01650651923029225,0.005219819700909294,0.49984260275538833
wcf_sensitivity_v1_align_null,SYM-IRREL-NULL,1000,25,10,cwdb_dr,diagnostic_n_boosting_steps,NONE_OPERATIONAL,10,100.0,0.0,0.0,100.0
wcf_sensitivity_v1_align_null,SYM-IRREL-NULL,1000,25,10,cwdb_dr,diagnostic_selected_contrast_shrinkage,NONE_OPERATIONAL,10,180.0,221.35943621178654,70.0,50.0
wcf_sensitivity_v1_align_null,SYM-IRREL-NULL,1000,25,10,cwdb_dr,diagnostic_train_risk,NONE_OPERATIONAL,10,0.05902973050185859,0.006677184362627187,0.0021115110942761593,0.059381180370693974
wcf_sensitivity_v1_align_null,SYM-IRREL-NULL,1000,25,10,cwdb_dr,kernel_law_error,LAW-A-COMMON199,10,0.03179551835078435,0.003572120903258858,0.001129603813179598,0.030893317126305424
wcf_sensitivity_v1_align_null,SYM-IRREL-NULL,1000,25,10,cwdb_dr,kernel_law_error,LAW-A-INTERIOR,10,0.02132226765656878,0.0034344573397858706,0.0010860707720406178,0.0205961246342484
wcf_sensitivity_v1_align_null,SYM-IRREL-NULL,1000,25,10,cwdb_dr,kernel_law_error,LAW-A-K,10,0.021504758460666136,0.0034367563028903487,0.001086797768007302,0.020721797558773878
wcf_sensitivity_v1_align_null,SYM-IRREL-NULL,1000,25,10,cwdb_dr,mean_quantile_rmse,MEANQ-A-COMMON199,10,0.040851330656472624,0.02805675122511853,0.008872323761609412,0.03813339339631715
wcf_sensitivity_v1_align_null,SYM-IRREL-NULL,1000,25,10,cwdb_dr,mean_quantile_rmse,MEANQ-A-INTERIOR,10,0.0404506199227576,0.027451273360708392,0.008680854849174349,0.03785391609567359
wcf_sensitivity_v1_align_null,SYM-IRREL-NULL,1000,25,10,cwdb_dr,mean_quantile_rmse,MEANQ-A-K,10,0.04086576135130498,0.028075890875667083,0.008878376250544724,0.038150013556743176
wcf_sensitivity_v1_align_null,SYM-IRREL-NULL,1000,25,10,cwdb_dr,mode_coverage,LAW-A-K,10,1.0,0.0,0.0,1.0
wcf_sensitivity_v1_align_null,SYM-IRREL-NULL,1000,25,10,cwdb_dr,peak_ram,NONE_OPERATIONAL,10,0.0,0.0,0.0,0.0
wcf_sensitivity_v1_align_null,SYM-IRREL-NULL,1000,25,10,cwdb_dr,process_peak_ram,NONE_OPERATIONAL,10,383.85,6.332488743197709,2.0025087685881853,385.1953125
wcf_sensitivity_v1_align_null,SYM-IRREL-NULL,1000,25,10,cwdb_dr,reference_effect_rmse,REF-ATE-COMMON199,10,0.014783577259320294,0.009503272905100371,0.003005198760628236,0.010525760535195584
wcf_sensitivity_v1_align_null,SYM-IRREL-NULL,1000,25,10,cwdb_dr,reference_effect_rmse,REF-ATE-K,10,0.015506832137259058,0.009924736523470272,0.0031384772591227226,0.010955399403443714
wcf_sensitivity_v1_align_null,SYM-IRREL-NULL,1000,25,10,cwdb_dr,reference_tcate_rmse,REF-TCATE-COMMON199,10,0.034177168047779025,0.010767410741777053,0.003404954244657861,0.033657467209035216
wcf_sensitivity_v1_align_null,SYM-IRREL-NULL,1000,25,10,cwdb_dr,reference_tcate_rmse,REF-TCATE-INTERIOR,10,0.035497050003785106,0.01099693067967801,0.003477534821876604,0.03509610355831475
wcf_sensitivity_v1_align_null,SYM-IRREL-NULL,1000,25,10,cwdb_dr,reference_tcate_rmse,REF-TCATE-K,10,0.03423661534208834,0.010709715972029441,0.003386709556509718,0.034006474757745736
wcf_sensitivity_v1_align_null,SYM-IRREL-NULL,1000,25,10,cwdb_dr,runtime,NONE_OPERATIONAL,10,469.68635753380005,6.590444872145668,2.08408165897575,467.58341742500124
wcf_sensitivity_v1_align_null,SYM-IRREL-NULL,1000,25,10,cwdb_dr,tail_calibration,LAW-A-K,10,0.04917589230046374,0.0042314196845058185,0.001338092393910948,0.04992698565157254
wcf_sensitivity_v1_align_null,SYM-IRREL-NULL,1000,25,10,cwdb_dr,tate_functional_rmse,TATE-COMMON199-grid_mean,10,0.024282713397705998,0.013001740491725042,0.004111511350028874,0.02389021318406849
wcf_sensitivity_v1_align_null,SYM-IRREL-NULL,1000,25,10,cwdb_dr,tate_functional_rmse,TATE-COMMON199-grid_sd,10,0.0011347688125134415,0.0007656229752498542,0.00024211124307442616,0.0009772078075751733
wcf_sensitivity_v1_align_null,SYM-IRREL-NULL,1000,25,10,cwdb_dr,tate_functional_rmse,TATE-COMMON199-grid_skewness,10,0.00033358132486970514,0.00021870411332773303,6.916031317632237e-05,0.00032417843131494426
wcf_sensitivity_v1_align_null,SYM-IRREL-NULL,1000,25,10,cwdb_dr,tate_functional_rmse,TATE-COMMON199-grid_upper_tail_mean,10,0.02409314843386937,0.013414989965548206,0.004242192307943607,0.02252945612706434
wcf_sensitivity_v1_align_null,SYM-IRREL-NULL,1000,25,10,cwdb_dr,tate_functional_rmse,TATE-K-grid_mean,10,0.024877847990198064,0.012870771508326453,0.0040700953209912415,0.024919698335348586
wcf_sensitivity_v1_align_null,SYM-IRREL-NULL,1000,25,10,cwdb_dr,tate_functional_rmse,TATE-K-grid_sd,10,0.0011578918464503862,0.0008067007868788305,0.0002551011876787178,0.0009953642771419308
wcf_sensitivity_v1_align_null,SYM-IRREL-NULL,1000,25,10,cwdb_dr,tate_functional_rmse,TATE-K-grid_skewness,10,0.0003670559156615431,0.0002292725890505719,7.250235864435889e-05,0.0003866588099869857
wcf_sensitivity_v1_align_null,SYM-IRREL-NULL,1000,25,10,cwdb_dr,tate_functional_rmse,TATE-K-grid_upper_tail_mean,10,0.024684735385633816,0.01323581396955308,0.004185531883006226,0.023638519710476022
wcf_sensitivity_v1_align_null,SYM-IRREL-NULL,1000,25,10,cwdb_dr,tcate_functional_rmse,TCATE-COMMON199-grid_mean,10,0.04251637910853883,0.012432155866051408,0.0039313928762945635,0.041977667215590986
wcf_sensitivity_v1_align_null,SYM-IRREL-NULL,1000,25,10,cwdb_dr,tcate_functional_rmse,TCATE-COMMON199-grid_sd,10,0.002587866122860295,0.0009366024487426181,0.0002961797000117781,0.0024496675266832833
wcf_sensitivity_v1_align_null,SYM-IRREL-NULL,1000,25,10,cwdb_dr,tcate_functional_rmse,TCATE-COMMON199-grid_skewness,10,0.0006765686988478086,0.0002887548608656978,9.131230457806247e-05,0.0006302861649355076
wcf_sensitivity_v1_align_null,SYM-IRREL-NULL,1000,25,10,cwdb_dr,tcate_functional_rmse,TCATE-COMMON199-grid_upper_tail_mean,10,0.04261624532257767,0.01235763761419161,0.00390782813598146,0.042352532429572744
wcf_sensitivity_v1_align_null,SYM-IRREL-NULL,1000,25,10,cwdb_dr,tcate_functional_rmse,TCATE-K-grid_mean,10,0.04251637773773829,0.012432155767565217,0.003931392845150495,0.041977667076784825
wcf_sensitivity_v1_align_null,SYM-IRREL-NULL,1000,25,10,cwdb_dr,tcate_functional_rmse,TCATE-K-grid_sd,10,0.002595900536027147,0.0009418377606515958,0.00029783525100115544,0.0024587654204862187
wcf_sensitivity_v1_align_null,SYM-IRREL-NULL,1000,25,10,cwdb_dr,tcate_functional_rmse,TCATE-K-grid_skewness,10,0.0007302978029052962,0.00030259294438515153,9.568829081537375e-05,0.0006849362120562199
wcf_sensitivity_v1_align_null,SYM-IRREL-NULL,1000,25,10,cwdb_dr,tcate_functional_rmse,TCATE-K-grid_upper_tail_mean,10,0.04261327556426433,0.012358979207689384,0.003908252385096163,0.04234782887440537
wcf_sensitivity_v1_align_null,SYM-IRREL-NULL,1000,25,10,drf,arm_energy_risk,LAW-A-M-K,10,0.061322665005538825,0.003968986422779061,0.0012551037098265834,0.061496250924736415
wcf_sensitivity_v1_align_null,SYM-IRREL-NULL,1000,25,10,drf,barycenter_rmse,MEANQ-A-K,10,0.2288149606267646,0.003992695686339113,0.0012626012372760832,0.22802735232583937
wcf_sensitivity_v1_align_null,SYM-IRREL-NULL,1000,25,10,drf,diagnostic_effective_support,NONE_OPERATIONAL,10,195.62986230885798,2.7111846247216476,0.8573518571349257,195.5680867275712
wcf_sensitivity_v1_align_null,SYM-IRREL-NULL,1000,25,10,drf,kernel_law_error,LAW-A-COMMON199,10,0.05682173054354152,0.004299899911208093,0.0013597477430173349,0.05568517819903814
wcf_sensitivity_v1_align_null,SYM-IRREL-NULL,1000,25,10,drf,kernel_law_error,LAW-A-INTERIOR,10,0.046410097277737476,0.004251550121406905,0.0013444581970011216,0.04568915093061276
wcf_sensitivity_v1_align_null,SYM-IRREL-NULL,1000,25,10,drf,kernel_law_error,LAW-A-K,10,0.04708666944124654,0.00422816197797793,0.0013370622166532953,0.04630952211783992
wcf_sensitivity_v1_align_null,SYM-IRREL-NULL,1000,25,10,drf,mean_quantile_rmse,MEANQ-A-COMMON199,10,0.04917427048528937,0.009709947695083893,0.003070555067756724,0.050458883191122
wcf_sensitivity_v1_align_null,SYM-IRREL-NULL,1000,25,10,drf,mean_quantile_rmse,MEANQ-A-INTERIOR,10,0.04904100196333022,0.009761800316845296,0.0030869523064984486,0.05037255664994672
wcf_sensitivity_v1_align_null,SYM-IRREL-NULL,1000,25,10,drf,mean_quantile_rmse,MEANQ-A-K,10,0.04917603421024847,0.009709275418218729,0.0030703424751455082,0.05046002831120716
wcf_sensitivity_v1_align_null,SYM-IRREL-NULL,1000,25,10,drf,mode_coverage,LAW-A-K,10,1.0,0.0,0.0,1.0
wcf_sensitivity_v1_align_null,SYM-IRREL-NULL,1000,25,10,drf,peak_ram,NONE_OPERATIONAL,10,489.12,17.874177525755478,5.652311228358026,485.6
wcf_sensitivity_v1_align_null,SYM-IRREL-NULL,1000,25,10,drf,process_peak_ram,NONE_OPERATIONAL,10,389.2625,3.275287965598672,1.035736996423102,389.94140625
wcf_sensitivity_v1_align_null,SYM-IRREL-NULL,1000,25,10,drf,reference_effect_rmse,REF-ATE-COMMON199,10,0.014708042639308385,0.007774889491110194,0.0024586359348015667,0.014525434409289236
wcf_sensitivity_v1_align_null,SYM-IRREL-NULL,1000,25,10,drf,reference_effect_rmse,REF-ATE-K,10,0.014873350737291046,0.007875487443369491,0.0024904478005103926,0.014667172556397299
wcf_sensitivity_v1_align_null,SYM-IRREL-NULL,1000,25,10,drf,reference_tcate_rmse,REF-TCATE-COMMON199,10,0.021415989441251813,0.006802392888896425,0.002151105506824541,0.0219217041259774
wcf_sensitivity_v1_align_null,SYM-IRREL-NULL,1000,25,10,drf,reference_tcate_rmse,REF-TCATE-INTERIOR,10,0.02211931444198036,0.006647459666513576,0.0021021113200286223,0.02271065619882013
wcf_sensitivity_v1_align_null,SYM-IRREL-NULL,1000,25,10,drf,reference_tcate_rmse,REF-TCATE-K,10,0.021490011524272552,0.006868107577659001,0.002171886316046422,0.021933210748791197
wcf_sensitivity_v1_align_null,SYM-IRREL-NULL,1000,25,10,drf,runtime,NONE_OPERATIONAL,10,36.3392,1.2069604430597995,0.3816744045794933,36.5305
wcf_sensitivity_v1_align_null,SYM-IRREL-NULL,1000,25,10,drf,tail_calibration,LAW-A-K,10,0.06393446147122214,0.007068440928103149,0.002235237283916043,0.06385156093186485
wcf_sensitivity_v1_align_null,SYM-IRREL-NULL,1000,25,10,drf,tate_functional_rmse,TATE-COMMON199-grid_mean,10,0.01297837389453618,0.011830295842680884,0.003741068025649261,0.009517654368765775
wcf_sensitivity_v1_align_null,SYM-IRREL-NULL,1000,25,10,drf,tate_functional_rmse,TATE-COMMON199-grid_sd,10,0.0021272176221767214,0.0022450065069249078,0.0007099333923781283,0.001770738860640087
wcf_sensitivity_v1_align_null,SYM-IRREL-NULL,1000,25,10,drf,tate_functional_rmse,TATE-COMMON199-grid_skewness,10,2.9817520964157113e-17,2.083580918101623e-17,6.588861390465884e-18,2.8564812081812174e-17
wcf_sensitivity_v1_align_null,SYM-IRREL-NULL,1000,25,10,drf,tate_functional_rmse,TATE-COMMON199-grid_upper_tail_mean,10,0.012457494884136625,0.012057786103699617,0.0038130067626818026,0.009674897585358569
wcf_sensitivity_v1_align_null,SYM-IRREL-NULL,1000,25,10,drf,tate_functional_rmse,TATE-K-grid_mean,10,0.012978373894536174,0.011830295842680891,0.0037410680256492633,0.009517654368765765
wcf_sensitivity_v1_align_null,SYM-IRREL-NULL,1000,25,10,drf,tate_functional_rmse,TATE-K-grid_sd,10,0.0021347479040698587,0.0022529537576776513,0.0007124465337296441,0.0017770072191948278
wcf_sensitivity_v1_align_null,SYM-IRREL-NULL,1000,25,10,drf,tate_functional_rmse,TATE-K-grid_skewness,10,7.548464999442933e-18,6.96902952371763e-18,2.203800637590614e-18,6.12022400702941e-18
wcf_sensitivity_v1_align_null,SYM-IRREL-NULL,1000,25,10,drf,tate_functional_rmse,TATE-K-grid_upper_tail_mean,10,0.012442800596553375,0.0120787444911878,0.0038196343867365054,0.009628119139360803
wcf_sensitivity_v1_align_null,SYM-IRREL-NULL,1000,25,10,drf,tcate_functional_rmse,TCATE-COMMON199-grid_mean,10,0.02870768617477616,0.010091957847067233,0.003191357284714168,0.027915193541823966
wcf_sensitivity_v1_align_null,SYM-IRREL-NULL,1000,25,10,drf,tcate_functional_rmse,TCATE-COMMON199-grid_sd,10,0.003522600360515815,0.0021806105114902004,0.0006895695906013803,0.002765574558763636
wcf_sensitivity_v1_align_null,SYM-IRREL-NULL,1000,25,10,drf,tcate_functional_rmse,TCATE-COMMON199-grid_skewness,10,4.353317110933474e-17,2.8486008086180616e-17,9.008066699830477e-18,3.5562323532331564e-17
wcf_sensitivity_v1_align_null,SYM-IRREL-NULL,1000,25,10,drf,tcate_functional_rmse,TCATE-COMMON199-grid_upper_tail_mean,10,0.028653806189974262,0.009621170041482713,0.003042481108686206,0.029166396347168454
wcf_sensitivity_v1_align_null,SYM-IRREL-NULL,1000,25,10,drf,tcate_functional_rmse,TCATE-K-grid_mean,10,0.02870768617477616,0.010091957847067233,0.003191357284714168,0.027915193541823955
wcf_sensitivity_v1_align_null,SYM-IRREL-NULL,1000,25,10,drf,tcate_functional_rmse,TCATE-K-grid_sd,10,0.0035350702523759894,0.002188329802492447,0.0006920106447502548,0.0027753646036593324
wcf_sensitivity_v1_align_null,SYM-IRREL-NULL,1000,25,10,drf,tcate_functional_rmse,TCATE-K-grid_skewness,10,1.3375483692487403e-17,6.457114908417339e-18,2.041919022402834e-18,1.2142206264961307e-17
wcf_sensitivity_v1_align_null,SYM-IRREL-NULL,1000,25,10,drf,tcate_functional_rmse,TCATE-K-grid_upper_tail_mean,10,0.02864985233077203,0.009636081755675778,0.0030471966067529607,0.029156262028780904
wcf_sensitivity_v1_confirm,IC0,1000,25,10,cwdb_dr,arm_energy_risk,LAW-A-M-K,20,0.04461367215387382,0.002645453967394379,0.0005915414902440343,0.04437178809623032
wcf_sensitivity_v1_confirm,IC0,1000,25,10,cwdb_dr,barycenter_rmse,MEANQ-A-K,20,0.14535863676152647,0.006226515636643499,0.0013922912226500244,0.14600702068528135
wcf_sensitivity_v1_confirm,IC0,1000,25,10,cwdb_dr,diagnostic_dense_dr_n_levels,NONE_OPERATIONAL,20,199.0,0.0,0.0,199.0
wcf_sensitivity_v1_confirm,IC0,1000,25,10,cwdb_dr,diagnostic_dr_if_se_reference,NONE_OPERATIONAL,20,0.016174733183811803,0.0010143544305340378,0.00022681654599521965,0.016093606879634723
wcf_sensitivity_v1_confirm,IC0,1000,25,10,cwdb_dr,diagnostic_effective_support,NONE_OPERATIONAL,20,9.999999999999998,0.0,0.0,9.999999999999998
wcf_sensitivity_v1_confirm,IC0,1000,25,10,cwdb_dr,diagnostic_ehat_mean,NONE_OPERATIONAL,20,0.49867970260148436,0.01694373580673713,0.003788734505666146,0.49733076016398603
wcf_sensitivity_v1_confirm,IC0,1000,25,10,cwdb_dr,diagnostic_n_boosting_steps,NONE_OPERATIONAL,20,100.0,0.0,0.0,100.0
wcf_sensitivity_v1_confirm,IC0,1000,25,10,cwdb_dr,diagnostic_selected_contrast_shrinkage,NONE_OPERATIONAL,20,225.0,230.84512921915967,51.618540120876396,50.0
wcf_sensitivity_v1_confirm,IC0,1000,25,10,cwdb_dr,diagnostic_train_risk,NONE_OPERATIONAL,20,0.06892288077820222,0.004252777551404979,0.0009509499698126639,0.06911766777234005
wcf_sensitivity_v1_confirm,IC0,1000,25,10,cwdb_dr,kernel_law_error,LAW-A-COMMON199,20,0.06753731296657257,0.003153517705167217,0.0007051479957003036,0.06870645982822102
wcf_sensitivity_v1_confirm,IC0,1000,25,10,cwdb_dr,kernel_law_error,LAW-A-INTERIOR,20,0.017573459400355346,0.0021479122593565368,0.0004802877821626375,0.017584138881388586
wcf_sensitivity_v1_confirm,IC0,1000,25,10,cwdb_dr,kernel_law_error,LAW-A-K,20,0.01512848858701972,0.0016578592892433333,0.00037070860678775787,0.014818332210383867
wcf_sensitivity_v1_confirm,IC0,1000,25,10,cwdb_dr,mean_quantile_rmse,MEANQ-A-COMMON199,20,0.04607009394594487,0.030685489476363004,0.00686148403920021,0.04750359591312276
wcf_sensitivity_v1_confirm,IC0,1000,25,10,cwdb_dr,mean_quantile_rmse,MEANQ-A-INTERIOR,20,0.04026081209582152,0.026651283667696354,0.005959408196859896,0.039459047048528303
wcf_sensitivity_v1_confirm,IC0,1000,25,10,cwdb_dr,mean_quantile_rmse,MEANQ-A-K,20,0.046225575550915804,0.030791436917060874,0.006885174607144467,0.04769154671459525
wcf_sensitivity_v1_confirm,IC0,1000,25,10,cwdb_dr,mode_coverage,LAW-A-K,20,1.0,0.0,0.0,1.0
wcf_sensitivity_v1_confirm,IC0,1000,25,10,cwdb_dr,peak_ram,NONE_OPERATIONAL,20,134.800390625,69.28008816650501,15.491498662748397,168.591796875
wcf_sensitivity_v1_confirm,IC0,1000,25,10,cwdb_dr,process_peak_ram,NONE_OPERATIONAL,20,769.4080078125,25.971487356513627,5.807401120594078,758.037109375
wcf_sensitivity_v1_confirm,IC0,1000,25,10,cwdb_dr,reference_effect_rmse,REF-ATE-COMMON199,20,0.014193828861140225,0.0079220476512183,0.0017714237069116662,0.013896873143899306
wcf_sensitivity_v1_confirm,IC0,1000,25,10,cwdb_dr,reference_effect_rmse,REF-ATE-K,20,0.014360785458240414,0.007770625759493957,0.0017375647425939419,0.014319089477257158
wcf_sensitivity_v1_confirm,IC0,1000,25,10,cwdb_dr,reference_tcate_rmse,REF-TCATE-COMMON199,20,0.03106702357901871,0.011611542570970034,0.002596419851232167,0.03007135475505008
wcf_sensitivity_v1_confirm,IC0,1000,25,10,cwdb_dr,reference_tcate_rmse,REF-TCATE-INTERIOR,20,0.03298657095570767,0.012426672939063002,0.0027786885425901972,0.029242930051730363
wcf_sensitivity_v1_confirm,IC0,1000,25,10,cwdb_dr,reference_tcate_rmse,REF-TCATE-K,20,0.0310434894225583,0.011386900986098486,0.0025461884657975603,0.03036004871313043
wcf_sensitivity_v1_confirm,IC0,1000,25,10,cwdb_dr,runtime,NONE_OPERATIONAL,20,276.21656105964996,37.85798813976534,8.46530349718961,282.31505646849996
wcf_sensitivity_v1_confirm,IC0,1000,25,10,cwdb_dr,tail_calibration,LAW-A-K,20,3.1379630581396085e-05,1.5191759181987355e-05,3.3969806228730323e-06,2.934105843864221e-05
wcf_sensitivity_v1_confirm,IC0,1000,25,10,cwdb_dr,tate_functional_rmse,TATE-COMMON199-grid_mean,20,0.014520827391576587,0.006702289596997232,0.001498677514377548,0.014913186482083587
wcf_sensitivity_v1_confirm,IC0,1000,25,10,cwdb_dr,tate_functional_rmse,TATE-COMMON199-grid_sd,20,0.010587947049223693,0.007923148193399988,0.0017716697956247024,0.008906807082634225
wcf_sensitivity_v1_confirm,IC0,1000,25,10,cwdb_dr,tate_functional_rmse,TATE-COMMON199-grid_skewness,20,0.003414791951284214,0.002052246129273035,0.00045889618516153273,0.003640309820237463
wcf_sensitivity_v1_confirm,IC0,1000,25,10,cwdb_dr,tate_functional_rmse,TATE-COMMON199-grid_upper_tail_mean,20,0.01347987353187784,0.011337539892132294,0.002535150989642344,0.012616247593700093
wcf_sensitivity_v1_confirm,IC0,1000,25,10,cwdb_dr,tate_functional_rmse,TATE-K-grid_mean,20,0.014702602968268138,0.006746501962164253,0.0015085636997734984,0.01493972428826574
wcf_sensitivity_v1_confirm,IC0,1000,25,10,cwdb_dr,tate_functional_rmse,TATE-K-grid_sd,20,0.01051531023581472,0.0078041428862931205,0.0017450593999872829,0.007931967786953136
wcf_sensitivity_v1_confirm,IC0,1000,25,10,cwdb_dr,tate_functional_rmse,TATE-K-grid_skewness,20,0.003547161160316902,0.0021214548060073104,0.00047437171574259753,0.00379410688177802
wcf_sensitivity_v1_confirm,IC0,1000,25,10,cwdb_dr,tate_functional_rmse,TATE-K-grid_upper_tail_mean,20,0.013707522290126586,0.010851358560591327,0.0024264375389706477,0.01340444165867339
wcf_sensitivity_v1_confirm,IC0,1000,25,10,cwdb_dr,tcate_functional_rmse,TCATE-COMMON199-grid_mean,20,0.03456692563324458,0.012615253604581517,0.002820856461324352,0.029736027481834768
wcf_sensitivity_v1_confirm,IC0,1000,25,10,cwdb_dr,tcate_functional_rmse,TCATE-COMMON199-grid_sd,20,0.021747102424862195,0.008040386987618482,0.0017978851869719684,0.021213874401611012
wcf_sensitivity_v1_confirm,IC0,1000,25,10,cwdb_dr,tcate_functional_rmse,TCATE-COMMON199-grid_skewness,20,0.007538783104347714,0.003394443401732921,0.0007590206192050438,0.006990803675969204
wcf_sensitivity_v1_confirm,IC0,1000,25,10,cwdb_dr,tcate_functional_rmse,TCATE-COMMON199-grid_upper_tail_mean,20,0.038703199097495686,0.0126591937489152,0.002830681776291479,0.03762531996729168
wcf_sensitivity_v1_confirm,IC0,1000,25,10,cwdb_dr,tcate_functional_rmse,TCATE-K-grid_mean,20,0.034566930424024055,0.012615252260831458,0.0028208561608527045,0.02973604195896584
wcf_sensitivity_v1_confirm,IC0,1000,25,10,cwdb_dr,tcate_functional_rmse,TCATE-K-grid_sd,20,0.021935873863667653,0.00811422324890638,0.001814395476916386,0.021397993659942105
wcf_sensitivity_v1_confirm,IC0,1000,25,10,cwdb_dr,tcate_functional_rmse,TCATE-K-grid_skewness,20,0.007916443721398905,0.0035615583921316685,0.0007963886670641262,0.007342813457518858
wcf_sensitivity_v1_confirm,IC0,1000,25,10,cwdb_dr,tcate_functional_rmse,TCATE-K-grid_upper_tail_mean,20,0.03838204721066402,0.012622464267183721,0.0028224688144984867,0.037106878824550285
wcf_sensitivity_v1_confirm,IC0,1000,49,10,cwdb_dr,arm_energy_risk,LAW-A-M-K,20,0.04492795440266856,0.003347063311480615,0.0007484261089466208,0.04343368566606218
wcf_sensitivity_v1_confirm,IC0,1000,49,10,cwdb_dr,barycenter_rmse,MEANQ-A-K,20,0.14540609650838748,0.007197407893724224,0.0016093893312160946,0.14500106073468047
wcf_sensitivity_v1_confirm,IC0,1000,49,10,cwdb_dr,diagnostic_dense_dr_n_levels,NONE_OPERATIONAL,20,199.0,0.0,0.0,199.0
wcf_sensitivity_v1_confirm,IC0,1000,49,10,cwdb_dr,diagnostic_dr_if_se_reference,NONE_OPERATIONAL,20,0.016187141342990215,0.001083759764053682,0.0002423360503703166,0.015984987464762117
wcf_sensitivity_v1_confirm,IC0,1000,49,10,cwdb_dr,diagnostic_effective_support,NONE_OPERATIONAL,20,9.999999999999998,0.0,0.0,9.999999999999998
wcf_sensitivity_v1_confirm,IC0,1000,49,10,cwdb_dr,diagnostic_ehat_mean,NONE_OPERATIONAL,20,0.49867970260148436,0.01694373580673713,0.003788734505666146,0.49733076016398603
wcf_sensitivity_v1_confirm,IC0,1000,49,10,cwdb_dr,diagnostic_n_boosting_steps,NONE_OPERATIONAL,20,100.0,0.0,0.0,100.0
wcf_sensitivity_v1_confirm,IC0,1000,49,10,cwdb_dr,diagnostic_selected_contrast_shrinkage,NONE_OPERATIONAL,20,205.0,222.3676424776155,49.7229164576318,50.0
wcf_sensitivity_v1_confirm,IC0,1000,49,10,cwdb_dr,diagnostic_train_risk,NONE_OPERATIONAL,20,0.07121823345624483,0.0055938894588685945,0.001250831708864969,0.0719223274246982
wcf_sensitivity_v1_confirm,IC0,1000,49,10,cwdb_dr,kernel_law_error,LAW-A-COMMON199,20,0.036118845548659295,0.002070586958320034,0.000462997319212812,0.03616947840628133
wcf_sensitivity_v1_confirm,IC0,1000,49,10,cwdb_dr,kernel_law_error,LAW-A-INTERIOR,20,0.01727810839356418,0.002315015335378316,0.0005176531658860388,0.01684278879871303
wcf_sensitivity_v1_confirm,IC0,1000,49,10,cwdb_dr,kernel_law_error,LAW-A-K,20,0.01484326398076408,0.0018268326759011623,0.00040849220468328404,0.014242639780772209
wcf_sensitivity_v1_confirm,IC0,1000,49,10,cwdb_dr,mean_quantile_rmse,MEANQ-A-COMMON199,20,0.0462388664704428,0.02633948631414843,0.0058896881890861275,0.04475164194315051
wcf_sensitivity_v1_confirm,IC0,1000,49,10,cwdb_dr,mean_quantile_rmse,MEANQ-A-INTERIOR,20,0.04037419711735696,0.02222153993898694,0.004968887386830132,0.03805762356036018
wcf_sensitivity_v1_confirm,IC0,1000,49,10,cwdb_dr,mean_quantile_rmse,MEANQ-A-K,20,0.04632317127012643,0.0263941836102999,0.005901918876324139,0.04486760580827793
wcf_sensitivity_v1_confirm,IC0,1000,49,10,cwdb_dr,mode_coverage,LAW-A-K,20,1.0,0.0,0.0,1.0
wcf_sensitivity_v1_confirm,IC0,1000,49,10,cwdb_dr,peak_ram,NONE_OPERATIONAL,20,0.0,0.0,0.0,0.0
wcf_sensitivity_v1_confirm,IC0,1000,49,10,cwdb_dr,process_peak_ram,NONE_OPERATIONAL,20,877.07578125,33.45779909469692,7.481391315327323,859.82421875
wcf_sensitivity_v1_confirm,IC0,1000,49,10,cwdb_dr,reference_effect_rmse,REF-ATE-COMMON199,20,0.014904924917700698,0.007486935025733103,0.0016741295660663356,0.015036266278281847
wcf_sensitivity_v1_confirm,IC0,1000,49,10,cwdb_dr,reference_effect_rmse,REF-ATE-K,20,0.014893249840407293,0.007637014389938717,0.0017076883321047057,0.015289803308342433
wcf_sensitivity_v1_confirm,IC0,1000,49,10,cwdb_dr,reference_tcate_rmse,REF-TCATE-COMMON199,20,0.030697849579045155,0.011100380977914867,0.0024821206442763232,0.027642587670426343
wcf_sensitivity_v1_confirm,IC0,1000,49,10,cwdb_dr,reference_tcate_rmse,REF-TCATE-INTERIOR,20,0.032716587994177725,0.012987363777978371,0.0029040628256078124,0.02855694738834657
wcf_sensitivity_v1_confirm,IC0,1000,49,10,cwdb_dr,reference_tcate_rmse,REF-TCATE-K,20,0.030634726061332922,0.011010207320536888,0.0024619572015086295,0.02779242619340654
wcf_sensitivity_v1_confirm,IC0,1000,49,10,cwdb_dr,runtime,NONE_OPERATIONAL,20,469.9736036489,73.92839529192601,16.530891734022195,483.052373481
wcf_sensitivity_v1_confirm,IC0,1000,49,10,cwdb_dr,tail_calibration,LAW-A-K,20,1.6157261312044202e-08,1.41017650486398e-08,3.153250525148922e-09,1.2751139056299544e-08
wcf_sensitivity_v1_confirm,IC0,1000,49,10,cwdb_dr,tate_functional_rmse,TATE-COMMON199-grid_mean,20,0.015543838263978028,0.008459410696334246,0.0018915817366592204,0.015713069220406148
wcf_sensitivity_v1_confirm,IC0,1000,49,10,cwdb_dr,tate_functional_rmse,TATE-COMMON199-grid_sd,20,0.010024254183713454,0.008985616036291768,0.002009244827686061,0.008014255492808344
wcf_sensitivity_v1_confirm,IC0,1000,49,10,cwdb_dr,tate_functional_rmse,TATE-COMMON199-grid_skewness,20,0.002855286844552563,0.001669719778015381,0.00037336069270182503,0.00301392679034613
wcf_sensitivity_v1_confirm,IC0,1000,49,10,cwdb_dr,tate_functional_rmse,TATE-COMMON199-grid_upper_tail_mean,20,0.01631248715745339,0.011443050202801796,0.0025587438123407568,0.015397153060194766
wcf_sensitivity_v1_confirm,IC0,1000,49,10,cwdb_dr,tate_functional_rmse,TATE-K-grid_mean,20,0.015438116694577456,0.008556856907918919,0.001913371371984536,0.015804187243146042
wcf_sensitivity_v1_confirm,IC0,1000,49,10,cwdb_dr,tate_functional_rmse,TATE-K-grid_sd,20,0.009867686425496324,0.008871349798124106,0.0019836941200784535,0.007479503979874539
wcf_sensitivity_v1_confirm,IC0,1000,49,10,cwdb_dr,tate_functional_rmse,TATE-K-grid_skewness,20,0.002997058112156,0.0018136862222982973,0.00040555256829137874,0.002975970621600329
wcf_sensitivity_v1_confirm,IC0,1000,49,10,cwdb_dr,tate_functional_rmse,TATE-K-grid_upper_tail_mean,20,0.015913936936009336,0.011366746907894888,0.002541681876908851,0.01584288821362325
wcf_sensitivity_v1_confirm,IC0,1000,49,10,cwdb_dr,tcate_functional_rmse,TCATE-COMMON199-grid_mean,20,0.03433206978875609,0.014267187860385146,0.0031902401903580965,0.03141903633666911
wcf_sensitivity_v1_confirm,IC0,1000,49,10,cwdb_dr,tcate_functional_rmse,TCATE-COMMON199-grid_sd,20,0.02366725895758902,0.009665504830407264,0.0021612725837643217,0.02421349419047038
wcf_sensitivity_v1_confirm,IC0,1000,49,10,cwdb_dr,tcate_functional_rmse,TCATE-COMMON199-grid_skewness,20,0.008802091190038407,0.0030461557556019803,0.0006811411339578264,0.008650684032862826
wcf_sensitivity_v1_confirm,IC0,1000,49,10,cwdb_dr,tcate_functional_rmse,TCATE-COMMON199-grid_upper_tail_mean,20,0.04053837796304468,0.013924734731373874,0.0031136653428004255,0.03977345951859086
wcf_sensitivity_v1_confirm,IC0,1000,49,10,cwdb_dr,tcate_functional_rmse,TCATE-K-grid_mean,20,0.03433213201586828,0.014267243155350893,0.0031902525546883185,0.031419083505186796
wcf_sensitivity_v1_confirm,IC0,1000,49,10,cwdb_dr,tcate_functional_rmse,TCATE-K-grid_sd,20,0.023779685867368307,0.009712804874434731,0.0021718491951427366,0.024316159408248772
wcf_sensitivity_v1_confirm,IC0,1000,49,10,cwdb_dr,tcate_functional_rmse,TCATE-K-grid_skewness,20,0.009118960548340622,0.0031565620919727804,0.000705828741285008,0.008961326534705608
wcf_sensitivity_v1_confirm,IC0,1000,49,10,cwdb_dr,tcate_functional_rmse,TCATE-K-grid_upper_tail_mean,20,0.040340453775175,0.013931473239875293,0.003115172119108039,0.03961561500024888
wcf_sensitivity_v1_confirm,IC1,1000,25,10,cwdb_dr,arm_energy_risk,LAW-A-M-K,20,0.04904596366256709,0.003087085066636646,0.0006902932061324009,0.048963004436953575
wcf_sensitivity_v1_confirm,IC1,1000,25,10,cwdb_dr,barycenter_rmse,MEANQ-A-K,20,0.1543262625123732,0.006158111451125917,0.0013769955817737422,0.15484081454194382
wcf_sensitivity_v1_confirm,IC1,1000,25,10,cwdb_dr,diagnostic_dense_dr_n_levels,NONE_OPERATIONAL,20,199.0,0.0,0.0,199.0
wcf_sensitivity_v1_confirm,IC1,1000,25,10,cwdb_dr,diagnostic_dr_if_se_reference,NONE_OPERATIONAL,20,0.01708460214402361,0.0014096845949791458,0.00031521505812076285,0.016725659257062278
wcf_sensitivity_v1_confirm,IC1,1000,25,10,cwdb_dr,diagnostic_effective_support,NONE_OPERATIONAL,20,9.999999999999998,0.0,0.0,9.999999999999998
wcf_sensitivity_v1_confirm,IC1,1000,25,10,cwdb_dr,diagnostic_ehat_mean,NONE_OPERATIONAL,20,0.49867970260148436,0.01694373580673713,0.003788734505666146,0.49733076016398603
wcf_sensitivity_v1_confirm,IC1,1000,25,10,cwdb_dr,diagnostic_n_boosting_steps,NONE_OPERATIONAL,20,100.0,0.0,0.0,100.0
wcf_sensitivity_v1_confirm,IC1,1000,25,10,cwdb_dr,diagnostic_selected_contrast_shrinkage,NONE_OPERATIONAL,20,105.0,171.60235552303072,38.37145320485831,50.0
wcf_sensitivity_v1_confirm,IC1,1000,25,10,cwdb_dr,diagnostic_train_risk,NONE_OPERATIONAL,20,0.06505426441267775,0.0051537189987071845,0.0011524066018041414,0.06721672529841691
wcf_sensitivity_v1_confirm,IC1,1000,25,10,cwdb_dr,kernel_law_error,LAW-A-COMMON199,20,0.06193298322520783,0.003105583522676639,0.0006944295866508224,0.062252663751160606
wcf_sensitivity_v1_confirm,IC1,1000,25,10,cwdb_dr,kernel_law_error,LAW-A-INTERIOR,20,0.021097263481055,0.0025898501409720586,0.0005791080966750935,0.021180576232955356
wcf_sensitivity_v1_confirm,IC1,1000,25,10,cwdb_dr,kernel_law_error,LAW-A-K,20,0.01779380211240204,0.0017752795675827565,0.00039696457921814754,0.017962344801234764
wcf_sensitivity_v1_confirm,IC1,1000,25,10,cwdb_dr,mean_quantile_rmse,MEANQ-A-COMMON199,20,0.12030549844161006,0.021030952202858555,0.004702663875714067,0.11491158895268777
wcf_sensitivity_v1_confirm,IC1,1000,25,10,cwdb_dr,mean_quantile_rmse,MEANQ-A-INTERIOR,20,0.10333462246249836,0.019609934943869083,0.004384914756883979,0.10262079559877203
wcf_sensitivity_v1_confirm,IC1,1000,25,10,cwdb_dr,mean_quantile_rmse,MEANQ-A-K,20,0.10582966126221871,0.023983350047283112,0.0053628401033897835,0.10029317392493631
wcf_sensitivity_v1_confirm,IC1,1000,25,10,cwdb_dr,mode_coverage,LAW-A-K,20,1.0,0.0,0.0,1.0
wcf_sensitivity_v1_confirm,IC1,1000,25,10,cwdb_dr,peak_ram,NONE_OPERATIONAL,20,0.0,0.0,0.0,0.0
wcf_sensitivity_v1_confirm,IC1,1000,25,10,cwdb_dr,process_peak_ram,NONE_OPERATIONAL,20,900.264453125,16.13841906788074,3.6086602085160124,898.07421875
wcf_sensitivity_v1_confirm,IC1,1000,25,10,cwdb_dr,reference_effect_rmse,REF-ATE-COMMON199,20,0.017661705066132072,0.009834510476514045,0.002199063395091925,0.015681703248310294
wcf_sensitivity_v1_confirm,IC1,1000,25,10,cwdb_dr,reference_effect_rmse,REF-ATE-K,20,0.012746457328162587,0.008709014346400836,0.0019473948095573169,0.011594966996019626
wcf_sensitivity_v1_confirm,IC1,1000,25,10,cwdb_dr,reference_tcate_rmse,REF-TCATE-COMMON199,20,0.03563505326731931,0.011896083184684306,0.002660045066694629,0.03205182307076007
wcf_sensitivity_v1_confirm,IC1,1000,25,10,cwdb_dr,reference_tcate_rmse,REF-TCATE-INTERIOR,20,0.035208065867994895,0.012184017743833953,0.0027244291914276337,0.03185521410813106
wcf_sensitivity_v1_confirm,IC1,1000,25,10,cwdb_dr,reference_tcate_rmse,REF-TCATE-K,20,0.03309608548177113,0.012128639656157932,0.002712046274576881,0.029951283321959267
wcf_sensitivity_v1_confirm,IC1,1000,25,10,cwdb_dr,runtime,NONE_OPERATIONAL,20,255.76024719720007,33.872631947703795,7.574150761189678,259.50761800850006
wcf_sensitivity_v1_confirm,IC1,1000,25,10,cwdb_dr,tail_calibration,LAW-A-K,20,3.979796019313626e-05,1.8701025251745115e-05,4.1816763711842196e-06,3.643806026639995e-05
wcf_sensitivity_v1_confirm,IC1,1000,25,10,cwdb_dr,tate_functional_rmse,TATE-COMMON199-grid_mean,20,0.013262613016213847,0.008337233230448257,0.001864262024755247,0.011353135548313048
wcf_sensitivity_v1_confirm,IC1,1000,25,10,cwdb_dr,tate_functional_rmse,TATE-COMMON199-grid_sd,20,0.029448965033660623,0.014365755165256382,0.0032122805097631996,0.02791133021874776
wcf_sensitivity_v1_confirm,IC1,1000,25,10,cwdb_dr,tate_functional_rmse,TATE-COMMON199-grid_skewness,20,0.1896475142982859,0.005167906180461275,0.0011555789520852706,0.18907649877042246
wcf_sensitivity_v1_confirm,IC1,1000,25,10,cwdb_dr,tate_functional_rmse,TATE-COMMON199-grid_upper_tail_mean,20,0.015345077965024406,0.013050142746496544,0.0029181006297242075,0.012221018015548243
wcf_sensitivity_v1_confirm,IC1,1000,25,10,cwdb_dr,tate_functional_rmse,TATE-K-grid_mean,20,0.013939469564411134,0.007793608395752709,0.001742703816291614,0.011501175916670242
wcf_sensitivity_v1_confirm,IC1,1000,25,10,cwdb_dr,tate_functional_rmse,TATE-K-grid_sd,20,0.010794595776550616,0.008909726975628352,0.001992275517846861,0.009504520338061689
wcf_sensitivity_v1_confirm,IC1,1000,25,10,cwdb_dr,tate_functional_rmse,TATE-K-grid_skewness,20,0.004032614006100421,0.0030562684450912464,0.000683402400071161,0.0037025016584971426
wcf_sensitivity_v1_confirm,IC1,1000,25,10,cwdb_dr,tate_functional_rmse,TATE-K-grid_upper_tail_mean,20,0.01409686088701822,0.012929289790515022,0.0028910770872385603,0.01076731911977201
wcf_sensitivity_v1_confirm,IC1,1000,25,10,cwdb_dr,tcate_functional_rmse,TCATE-COMMON199-grid_mean,20,0.036179221566571274,0.011337089559802734,0.002535050292272208,0.03267031237774697
wcf_sensitivity_v1_confirm,IC1,1000,25,10,cwdb_dr,tcate_functional_rmse,TCATE-COMMON199-grid_sd,20,0.03638340085532558,0.01336047036926015,0.002987491995703741,0.035015771560191485
wcf_sensitivity_v1_confirm,IC1,1000,25,10,cwdb_dr,tcate_functional_rmse,TCATE-COMMON199-grid_skewness,20,0.19001191923280294,0.005026742686950288,0.0011240138353420788,0.1892392617047563
wcf_sensitivity_v1_confirm,IC1,1000,25,10,cwdb_dr,tcate_functional_rmse,TCATE-COMMON199-grid_upper_tail_mean,20,0.041386618545283915,0.010450598346839141,0.0023368248309079244,0.03983904904451889
wcf_sensitivity_v1_confirm,IC1,1000,25,10,cwdb_dr,tcate_functional_rmse,TCATE-K-grid_mean,20,0.03626165114933997,0.011431442864844753,0.002556148332669781,0.032925485378864326
wcf_sensitivity_v1_confirm,IC1,1000,25,10,cwdb_dr,tcate_functional_rmse,TCATE-K-grid_sd,20,0.023377731620895355,0.010434013763225506,0.0023331164052740627,0.022188416914394726
wcf_sensitivity_v1_confirm,IC1,1000,25,10,cwdb_dr,tcate_functional_rmse,TCATE-K-grid_skewness,20,0.013133624206760997,0.0037015257571806786,0.0008276863213522377,0.012599399384008388
wcf_sensitivity_v1_confirm,IC1,1000,25,10,cwdb_dr,tcate_functional_rmse,TCATE-K-grid_upper_tail_mean,20,0.040661578864146154,0.010608361363237792,0.002372101713808204,0.04083722220991086
wcf_sensitivity_v1_confirm,IC1,1000,49,10,cwdb_dr,arm_energy_risk,LAW-A-M-K,20,0.048434094298507153,0.00427335402941559,0.0009555510101695895,0.04777951725692778
wcf_sensitivity_v1_confirm,IC1,1000,49,10,cwdb_dr,barycenter_rmse,MEANQ-A-K,20,0.15407100991569148,0.008086702048015443,0.0018082415493149298,0.1545670951681152
wcf_sensitivity_v1_confirm,IC1,1000,49,10,cwdb_dr,diagnostic_dense_dr_n_levels,NONE_OPERATIONAL,20,199.0,0.0,0.0,199.0
wcf_sensitivity_v1_confirm,IC1,1000,49,10,cwdb_dr,diagnostic_dr_if_se_reference,NONE_OPERATIONAL,20,0.016941994235748062,0.0013392599583800864,0.0002994676306481412,0.01662840629527187
wcf_sensitivity_v1_confirm,IC1,1000,49,10,cwdb_dr,diagnostic_effective_support,NONE_OPERATIONAL,20,9.999999999999998,0.0,0.0,9.999999999999998
wcf_sensitivity_v1_confirm,IC1,1000,49,10,cwdb_dr,diagnostic_ehat_mean,NONE_OPERATIONAL,20,0.49867970260148436,0.01694373580673713,0.003788734505666146,0.49733076016398603
wcf_sensitivity_v1_confirm,IC1,1000,49,10,cwdb_dr,diagnostic_n_boosting_steps,NONE_OPERATIONAL,20,100.0,0.0,0.0,100.0
wcf_sensitivity_v1_confirm,IC1,1000,49,10,cwdb_dr,diagnostic_selected_contrast_shrinkage,NONE_OPERATIONAL,20,77.5,146.4267375641628,32.742013891699,50.0
wcf_sensitivity_v1_confirm,IC1,1000,49,10,cwdb_dr,diagnostic_train_risk,NONE_OPERATIONAL,20,0.06635660624151565,0.0071068429072426685,0.001589138384600684,0.06698700686775083
wcf_sensitivity_v1_confirm,IC1,1000,49,10,cwdb_dr,kernel_law_error,LAW-A-COMMON199,20,0.03483985573880429,0.0022798874431439555,0.0005097983303918071,0.0343831007324392
wcf_sensitivity_v1_confirm,IC1,1000,49,10,cwdb_dr,kernel_law_error,LAW-A-INTERIOR,20,0.020381161156234118,0.002927655648946549,0.0006546437045755744,0.019524304741886347
wcf_sensitivity_v1_confirm,IC1,1000,49,10,cwdb_dr,kernel_law_error,LAW-A-K,20,0.01712849895935912,0.0022651607240384126,0.0005065053358912533,0.01670617824743834
wcf_sensitivity_v1_confirm,IC1,1000,49,10,cwdb_dr,mean_quantile_rmse,MEANQ-A-COMMON199,20,0.11692040507454096,0.022549628137510522,0.00504225013828155,0.11228512579213178
wcf_sensitivity_v1_confirm,IC1,1000,49,10,cwdb_dr,mean_quantile_rmse,MEANQ-A-INTERIOR,20,0.1049064511136307,0.017778704110675846,0.003975439094332614,0.10682412050063353
wcf_sensitivity_v1_confirm,IC1,1000,49,10,cwdb_dr,mean_quantile_rmse,MEANQ-A-K,20,0.11038897260128784,0.024110474450241275,0.005391265984051136,0.10695350974176288
wcf_sensitivity_v1_confirm,IC1,1000,49,10,cwdb_dr,mode_coverage,LAW-A-K,20,1.0,0.0,0.0,1.0
wcf_sensitivity_v1_confirm,IC1,1000,49,10,cwdb_dr,peak_ram,NONE_OPERATIONAL,20,0.0,0.0,0.0,0.0
wcf_sensitivity_v1_confirm,IC1,1000,49,10,cwdb_dr,process_peak_ram,NONE_OPERATIONAL,20,913.11875,15.81524708745953,3.536396756851507,912.5859375
wcf_sensitivity_v1_confirm,IC1,1000,49,10,cwdb_dr,reference_effect_rmse,REF-ATE-COMMON199,20,0.016221623987311654,0.009667509066182634,0.002161720744507988,0.015753458643177842
wcf_sensitivity_v1_confirm,IC1,1000,49,10,cwdb_dr,reference_effect_rmse,REF-ATE-K,20,0.013652278915647697,0.01042293253806816,0.002330638568001482,0.011274227042685617
wcf_sensitivity_v1_confirm,IC1,1000,49,10,cwdb_dr,reference_tcate_rmse,REF-TCATE-COMMON199,20,0.03281311741860756,0.011033382294734505,0.0024671392832768973,0.02871603646414682
wcf_sensitivity_v1_confirm,IC1,1000,49,10,cwdb_dr,reference_tcate_rmse,REF-TCATE-INTERIOR,20,0.03429246164314685,0.011652454239967653,0.0026055679785273317,0.030766919783032184
wcf_sensitivity_v1_confirm,IC1,1000,49,10,cwdb_dr,reference_tcate_rmse,REF-TCATE-K,20,0.031658796240611284,0.011457724565357494,0.0025620250995608586,0.0284675408520648
wcf_sensitivity_v1_confirm,IC1,1000,49,10,cwdb_dr,runtime,NONE_OPERATIONAL,20,499.11269279795,79.0506571143096,17.676264297362362,512.4117346500001
wcf_sensitivity_v1_confirm,IC1,1000,49,10,cwdb_dr,tail_calibration,LAW-A-K,20,5.208885595683887e-08,4.2485562073896306e-08,9.500060485951907e-09,4.084642317048193e-08
wcf_sensitivity_v1_confirm,IC1,1000,49,10,cwdb_dr,tate_functional_rmse,TATE-COMMON199-grid_mean,20,0.01399323427707585,0.008638244537158456,0.0019315701991352515,0.012633217814358236
wcf_sensitivity_v1_confirm,IC1,1000,49,10,cwdb_dr,tate_functional_rmse,TATE-COMMON199-grid_sd,20,0.017441579606632063,0.011305915130804839,0.0025280794780323046,0.01695344382644643
wcf_sensitivity_v1_confirm,IC1,1000,49,10,cwdb_dr,tate_functional_rmse,TATE-COMMON199-grid_skewness,20,0.12033139806601803,0.005662712892187689,0.0012662210963996108,0.12165448289254924
wcf_sensitivity_v1_confirm,IC1,1000,49,10,cwdb_dr,tate_functional_rmse,TATE-COMMON199-grid_upper_tail_mean,20,0.014667752171633209,0.010949973292351681,0.0024484884633505536,0.011825355749868788
wcf_sensitivity_v1_confirm,IC1,1000,49,10,cwdb_dr,tate_functional_rmse,TATE-K-grid_mean,20,0.014543811316949368,0.007911516528504558,0.0017690688762849343,0.014447485809422775
wcf_sensitivity_v1_confirm,IC1,1000,49,10,cwdb_dr,tate_functional_rmse,TATE-K-grid_sd,20,0.010236200243833255,0.00882977127318454,0.0019743968792615496,0.00922873116896804
wcf_sensitivity_v1_confirm,IC1,1000,49,10,cwdb_dr,tate_functional_rmse,TATE-K-grid_skewness,20,0.00475987374722624,0.0026711876096474386,0.0005972957075826846,0.0039809094706454995
wcf_sensitivity_v1_confirm,IC1,1000,49,10,cwdb_dr,tate_functional_rmse,TATE-K-grid_upper_tail_mean,20,0.015305865607123331,0.009771800899998245,0.0021850411074989698,0.01335813489750011
wcf_sensitivity_v1_confirm,IC1,1000,49,10,cwdb_dr,tcate_functional_rmse,TCATE-COMMON199-grid_mean,20,0.03640850605122508,0.012598448778774125,0.0028170987880388153,0.03465863293543812
wcf_sensitivity_v1_confirm,IC1,1000,49,10,cwdb_dr,tcate_functional_rmse,TCATE-COMMON199-grid_sd,20,0.025538839654213285,0.010480505020810877,0.0023435121665060965,0.023473385707704162
wcf_sensitivity_v1_confirm,IC1,1000,49,10,cwdb_dr,tcate_functional_rmse,TCATE-COMMON199-grid_skewness,20,0.12122088977312344,0.0054681224837826396,0.0012227093583032972,0.12227665044243341
wcf_sensitivity_v1_confirm,IC1,1000,49,10,cwdb_dr,tcate_functional_rmse,TCATE-COMMON199-grid_upper_tail_mean,20,0.04160336757470401,0.011861595955418516,0.0026523334877952367,0.0442031979664171
wcf_sensitivity_v1_confirm,IC1,1000,49,10,cwdb_dr,tcate_functional_rmse,TCATE-K-grid_mean,20,0.036508169496415374,0.012598727341606171,0.002817161076581661,0.03560682094194489
wcf_sensitivity_v1_confirm,IC1,1000,49,10,cwdb_dr,tcate_functional_rmse,TCATE-K-grid_sd,20,0.02143629773135993,0.008266704551550916,0.001848491332717476,0.022237359764750463
wcf_sensitivity_v1_confirm,IC1,1000,49,10,cwdb_dr,tcate_functional_rmse,TCATE-K-grid_skewness,20,0.014626816257140171,0.0058782048400502045,0.0013144065608020534,0.013077577574909953
wcf_sensitivity_v1_confirm,IC1,1000,49,10,cwdb_dr,tcate_functional_rmse,TCATE-K-grid_upper_tail_mean,20,0.04164267743332044,0.011605161626512654,0.0025949930286754317,0.04259648642965015
wcf_sensitivity_v1_confirm,IC2,1000,25,10,cwdb_dr,arm_energy_risk,LAW-A-M-K,20,0.04581931018317044,0.0028635794466638277,0.0006403158301711552,0.04550951973603972
wcf_sensitivity_v1_confirm,IC2,1000,25,10,cwdb_dr,barycenter_rmse,MEANQ-A-K,20,0.14776657485439434,0.005437283061501185,0.0012158134538424819,0.14835687656920088
wcf_sensitivity_v1_confirm,IC2,1000,25,10,cwdb_dr,diagnostic_dense_dr_n_levels,NONE_OPERATIONAL,20,199.0,0.0,0.0,199.0
wcf_sensitivity_v1_confirm,IC2,1000,25,10,cwdb_dr,diagnostic_dr_if_se_reference,NONE_OPERATIONAL,20,0.017314127662731438,0.0016222561391778206,0.00036274750041179665,0.017027680192906874
wcf_sensitivity_v1_confirm,IC2,1000,25,10,cwdb_dr,diagnostic_effective_support,NONE_OPERATIONAL,20,9.999999999999998,0.0,0.0,9.999999999999998
wcf_sensitivity_v1_confirm,IC2,1000,25,10,cwdb_dr,diagnostic_ehat_mean,NONE_OPERATIONAL,20,0.502968613756096,0.01859488190411309,0.004157941997117759,0.504271648610159
wcf_sensitivity_v1_confirm,IC2,1000,25,10,cwdb_dr,diagnostic_n_boosting_steps,NONE_OPERATIONAL,20,100.0,0.0,0.0,100.0
wcf_sensitivity_v1_confirm,IC2,1000,25,10,cwdb_dr,diagnostic_selected_contrast_shrinkage,NONE_OPERATIONAL,20,107.5,170.35180316658014,38.09182119701371,50.0
wcf_sensitivity_v1_confirm,IC2,1000,25,10,cwdb_dr,diagnostic_train_risk,NONE_OPERATIONAL,20,0.06610522727931015,0.00436045985134711,0.0009750284640770764,0.06625371799457924
wcf_sensitivity_v1_confirm,IC2,1000,25,10,cwdb_dr,kernel_law_error,LAW-A-COMMON199,20,0.06149495950534427,0.0031532828283455413,0.000705095475646343,0.061212739552064556
wcf_sensitivity_v1_confirm,IC2,1000,25,10,cwdb_dr,kernel_law_error,LAW-A-INTERIOR,20,0.019240977126133842,0.0022146504462894263,0.0004952108944303404,0.018987399030619717
wcf_sensitivity_v1_confirm,IC2,1000,25,10,cwdb_dr,kernel_law_error,LAW-A-K,20,0.01668715675314577,0.0017365608518038233,0.0003883068111698287,0.016515044713232285
wcf_sensitivity_v1_confirm,IC2,1000,25,10,cwdb_dr,mean_quantile_rmse,MEANQ-A-COMMON199,20,0.10139077549319482,0.023981507159041876,0.005362428021051549,0.0972627401853256
wcf_sensitivity_v1_confirm,IC2,1000,25,10,cwdb_dr,mean_quantile_rmse,MEANQ-A-INTERIOR,20,0.07387146860466887,0.025956842569329702,0.005804126446628151,0.07250977822081128
wcf_sensitivity_v1_confirm,IC2,1000,25,10,cwdb_dr,mean_quantile_rmse,MEANQ-A-K,20,0.08101487340603611,0.029593396081006463,0.006617284532220632,0.07664774285891075
wcf_sensitivity_v1_confirm,IC2,1000,25,10,cwdb_dr,mode_coverage,LAW-A-K,20,1.0,0.0,0.0,1.0
wcf_sensitivity_v1_confirm,IC2,1000,25,10,cwdb_dr,peak_ram,NONE_OPERATIONAL,20,0.0,0.0,0.0,0.0
wcf_sensitivity_v1_confirm,IC2,1000,25,10,cwdb_dr,process_peak_ram,NONE_OPERATIONAL,20,919.544921875,11.00069724615548,2.459830684229839,918.357421875
wcf_sensitivity_v1_confirm,IC2,1000,25,10,cwdb_dr,reference_effect_rmse,REF-ATE-COMMON199,20,0.02508101924970239,0.015508449530280145,0.0034677947375331085,0.021856398724132545
wcf_sensitivity_v1_confirm,IC2,1000,25,10,cwdb_dr,reference_effect_rmse,REF-ATE-K,20,0.017994371472405447,0.011750460518336621,0.0026274828485928097,0.0175693128600639
wcf_sensitivity_v1_confirm,IC2,1000,25,10,cwdb_dr,reference_tcate_rmse,REF-TCATE-COMMON199,20,0.03638870854508874,0.016462078882786033,0.003681032743287336,0.037785070062839876
wcf_sensitivity_v1_confirm,IC2,1000,25,10,cwdb_dr,reference_tcate_rmse,REF-TCATE-INTERIOR,20,0.03318041386569935,0.013443925328753296,0.0030061530919523577,0.036740768942305685
wcf_sensitivity_v1_confirm,IC2,1000,25,10,cwdb_dr,reference_tcate_rmse,REF-TCATE-K,20,0.0319953255752819,0.013004955364633138,0.002907996423967026,0.03655670140215174
wcf_sensitivity_v1_confirm,IC2,1000,25,10,cwdb_dr,runtime,NONE_OPERATIONAL,20,244.96939616639992,46.52327145721649,10.402919751401177,258.4149720785001
wcf_sensitivity_v1_confirm,IC2,1000,25,10,cwdb_dr,tail_calibration,LAW-A-K,20,0.00036093048166762655,0.00013594337280797635,3.0397862268923157e-05,0.00034046607629782287
wcf_sensitivity_v1_confirm,IC2,1000,25,10,cwdb_dr,tate_functional_rmse,TATE-COMMON199-grid_mean,20,0.01909885523353249,0.011241228496365913,0.002513615106848193,0.020270091013787774
wcf_sensitivity_v1_confirm,IC2,1000,25,10,cwdb_dr,tate_functional_rmse,TATE-COMMON199-grid_sd,20,0.02530120934087282,0.012670797853088138,0.002833276532866347,0.027254329749120385
wcf_sensitivity_v1_confirm,IC2,1000,25,10,cwdb_dr,tate_functional_rmse,TATE-COMMON199-grid_skewness,20,0.09374488942392323,0.0035883772657718596,0.0008023855495180707,0.09333137391339073
wcf_sensitivity_v1_confirm,IC2,1000,25,10,cwdb_dr,tate_functional_rmse,TATE-COMMON199-grid_upper_tail_mean,20,0.017861544466537253,0.010996853410730503,0.002458971176499382,0.018938852865946956
wcf_sensitivity_v1_confirm,IC2,1000,25,10,cwdb_dr,tate_functional_rmse,TATE-K-grid_mean,20,0.018720052573276996,0.011593748795505829,0.002592441042080734,0.018092501385419762
wcf_sensitivity_v1_confirm,IC2,1000,25,10,cwdb_dr,tate_functional_rmse,TATE-K-grid_sd,20,0.010133241538147125,0.007824245453496408,0.0017495544706661635,0.008598367048104738
wcf_sensitivity_v1_confirm,IC2,1000,25,10,cwdb_dr,tate_functional_rmse,TATE-K-grid_skewness,20,0.002960139634018055,0.002413517076626172,0.0005396788248192689,0.002514822284188714
wcf_sensitivity_v1_confirm,IC2,1000,25,10,cwdb_dr,tate_functional_rmse,TATE-K-grid_upper_tail_mean,20,0.01690936338463262,0.009873557826782165,0.0022077946480460013,0.014843647499921982
wcf_sensitivity_v1_confirm,IC2,1000,25,10,cwdb_dr,tcate_functional_rmse,TCATE-COMMON199-grid_mean,20,0.03558844899541422,0.011414610930533125,0.0025523845977384195,0.037272368785960096
wcf_sensitivity_v1_confirm,IC2,1000,25,10,cwdb_dr,tcate_functional_rmse,TCATE-COMMON199-grid_sd,20,0.031978727704493545,0.009960596460263581,0.002227257078159315,0.030581696917189826
wcf_sensitivity_v1_confirm,IC2,1000,25,10,cwdb_dr,tcate_functional_rmse,TCATE-COMMON199-grid_skewness,20,0.094037186901533,0.0036780643332083264,0.0008224401874671255,0.09369979630310206
wcf_sensitivity_v1_confirm,IC2,1000,25,10,cwdb_dr,tcate_functional_rmse,TCATE-COMMON199-grid_upper_tail_mean,20,0.03785269368379289,0.009763947660039542,0.0021832850696598422,0.03716684962963039
wcf_sensitivity_v1_confirm,IC2,1000,25,10,cwdb_dr,tcate_functional_rmse,TCATE-K-grid_mean,20,0.035114418215015104,0.01235443073564096,0.0027625346948205918,0.036645249530580064
wcf_sensitivity_v1_confirm,IC2,1000,25,10,cwdb_dr,tcate_functional_rmse,TCATE-K-grid_sd,20,0.020855804697154118,0.007780994371428493,0.0017398832347057358,0.021161345626365506
wcf_sensitivity_v1_confirm,IC2,1000,25,10,cwdb_dr,tcate_functional_rmse,TCATE-K-grid_skewness,20,0.009274875007877955,0.0038991549496878606,0.0008718775522306828,0.008775845918672743
wcf_sensitivity_v1_confirm,IC2,1000,25,10,cwdb_dr,tcate_functional_rmse,TCATE-K-grid_upper_tail_mean,20,0.03649768007682975,0.010741517373740793,0.0024018763029179427,0.03537514151607008
wcf_sensitivity_v1_confirm,IC2,1000,49,10,cwdb_dr,arm_energy_risk,LAW-A-M-K,20,0.04600685947775324,0.0027333671752075707,0.0006111994811230705,0.04583755760278724
wcf_sensitivity_v1_confirm,IC2,1000,49,10,cwdb_dr,barycenter_rmse,MEANQ-A-K,20,0.14918219933837745,0.005776810338761822,0.0012917340610595022,0.14806905670912682
wcf_sensitivity_v1_confirm,IC2,1000,49,10,cwdb_dr,diagnostic_dense_dr_n_levels,NONE_OPERATIONAL,20,199.0,0.0,0.0,199.0
wcf_sensitivity_v1_confirm,IC2,1000,49,10,cwdb_dr,diagnostic_dr_if_se_reference,NONE_OPERATIONAL,20,0.017355699549280006,0.0017821570851605335,0.00039850243890018346,0.017038415777814554
wcf_sensitivity_v1_confirm,IC2,1000,49,10,cwdb_dr,diagnostic_effective_support,NONE_OPERATIONAL,20,9.999999999999998,0.0,0.0,9.999999999999998
wcf_sensitivity_v1_confirm,IC2,1000,49,10,cwdb_dr,diagnostic_ehat_mean,NONE_OPERATIONAL,20,0.502968613756096,0.01859488190411309,0.004157941997117759,0.504271648610159
wcf_sensitivity_v1_confirm,IC2,1000,49,10,cwdb_dr,diagnostic_n_boosting_steps,NONE_OPERATIONAL,20,100.0,0.0,0.0,100.0
wcf_sensitivity_v1_confirm,IC2,1000,49,10,cwdb_dr,diagnostic_selected_contrast_shrinkage,NONE_OPERATIONAL,20,87.5,142.2331296073272,31.804294645452153,50.0
wcf_sensitivity_v1_confirm,IC2,1000,49,10,cwdb_dr,diagnostic_train_risk,NONE_OPERATIONAL,20,0.0677248543920457,0.006117156404202649,0.0013678377548795302,0.06882036312724613
wcf_sensitivity_v1_confirm,IC2,1000,49,10,cwdb_dr,kernel_law_error,LAW-A-COMMON199,20,0.03438509863427615,0.0019997189794685303,0.00044715075739881397,0.03479875271299325
wcf_sensitivity_v1_confirm,IC2,1000,49,10,cwdb_dr,kernel_law_error,LAW-A-INTERIOR,20,0.018998339212683756,0.0018528183231387766,0.0004143027720495476,0.018918350240423286
wcf_sensitivity_v1_confirm,IC2,1000,49,10,cwdb_dr,kernel_law_error,LAW-A-K,20,0.016342704333975187,0.001405649664435782,0.0003143128202228177,0.016136763382154924
wcf_sensitivity_v1_confirm,IC2,1000,49,10,cwdb_dr,mean_quantile_rmse,MEANQ-A-COMMON199,20,0.08883583622752209,0.023571166255675118,0.005270673005663875,0.08266384274376828
wcf_sensitivity_v1_confirm,IC2,1000,49,10,cwdb_dr,mean_quantile_rmse,MEANQ-A-INTERIOR,20,0.071043499718495,0.023443269448420633,0.0052420744101512535,0.07040885933846039
wcf_sensitivity_v1_confirm,IC2,1000,49,10,cwdb_dr,mean_quantile_rmse,MEANQ-A-K,20,0.07895968329973849,0.025890618415579034,0.005789318275674262,0.07368274185304838
wcf_sensitivity_v1_confirm,IC2,1000,49,10,cwdb_dr,mode_coverage,LAW-A-K,20,1.0,0.0,0.0,1.0
wcf_sensitivity_v1_confirm,IC2,1000,49,10,cwdb_dr,peak_ram,NONE_OPERATIONAL,20,0.0,0.0,0.0,0.0
wcf_sensitivity_v1_confirm,IC2,1000,49,10,cwdb_dr,process_peak_ram,NONE_OPERATIONAL,20,924.7658203125,12.512870344961893,2.7979628684976037,923.767578125
wcf_sensitivity_v1_confirm,IC2,1000,49,10,cwdb_dr,reference_effect_rmse,REF-ATE-COMMON199,20,0.020641897907407915,0.011132104297582194,0.002489214194201133,0.020243004042310747
wcf_sensitivity_v1_confirm,IC2,1000,49,10,cwdb_dr,reference_effect_rmse,REF-ATE-K,20,0.016469937456607728,0.012576633679024691,0.002812220783441248,0.016960399568104648
wcf_sensitivity_v1_confirm,IC2,1000,49,10,cwdb_dr,reference_tcate_rmse,REF-TCATE-COMMON199,20,0.03255877387654652,0.01335235080251988,0.0029856764053858317,0.0312967046372671
wcf_sensitivity_v1_confirm,IC2,1000,49,10,cwdb_dr,reference_tcate_rmse,REF-TCATE-INTERIOR,20,0.03297766380417681,0.01291798595373921,0.0028885494724948326,0.031555740672674505
wcf_sensitivity_v1_confirm,IC2,1000,49,10,cwdb_dr,reference_tcate_rmse,REF-TCATE-K,20,0.031102100210382046,0.012243176702940521,0.0027376575368316756,0.033758251611961144
wcf_sensitivity_v1_confirm,IC2,1000,49,10,cwdb_dr,runtime,NONE_OPERATIONAL,20,461.01366434105,96.75493078553895,21.63506023947522,499.50215728600006
wcf_sensitivity_v1_confirm,IC2,1000,49,10,cwdb_dr,tail_calibration,LAW-A-K,20,1.229550933251e-06,7.597279318905701e-07,1.698803300112645e-07,1.057673618770627e-06
wcf_sensitivity_v1_confirm,IC2,1000,49,10,cwdb_dr,tate_functional_rmse,TATE-COMMON199-grid_mean,20,0.017527811449869077,0.011695164083284065,0.002615118189823718,0.01756926410619561
wcf_sensitivity_v1_confirm,IC2,1000,49,10,cwdb_dr,tate_functional_rmse,TATE-COMMON199-grid_sd,20,0.016830612017113264,0.012494632556401476,0.0027938847749995675,0.01312653395051322
wcf_sensitivity_v1_confirm,IC2,1000,49,10,cwdb_dr,tate_functional_rmse,TATE-COMMON199-grid_skewness,20,0.05915597470337537,0.004471526761665429,0.0009998637802293398,0.05964193637446494
wcf_sensitivity_v1_confirm,IC2,1000,49,10,cwdb_dr,tate_functional_rmse,TATE-COMMON199-grid_upper_tail_mean,20,0.017983034826879237,0.011667833183645464,0.0026090068148759043,0.015475658117957525
wcf_sensitivity_v1_confirm,IC2,1000,49,10,cwdb_dr,tate_functional_rmse,TATE-K-grid_mean,20,0.01723894528797983,0.01168145234540859,0.002612052152025796,0.01660407466334103
wcf_sensitivity_v1_confirm,IC2,1000,49,10,cwdb_dr,tate_functional_rmse,TATE-K-grid_sd,20,0.011757811870336114,0.007927415559186149,0.0017726240076229736,0.01241837183450345
wcf_sensitivity_v1_confirm,IC2,1000,49,10,cwdb_dr,tate_functional_rmse,TATE-K-grid_skewness,20,0.003660979722611003,0.002673861841876624,0.0005978936840878925,0.002869051301580966
wcf_sensitivity_v1_confirm,IC2,1000,49,10,cwdb_dr,tate_functional_rmse,TATE-K-grid_upper_tail_mean,20,0.016798610524413088,0.011612441732344526,0.002596620909827778,0.015808002560432553
wcf_sensitivity_v1_confirm,IC2,1000,49,10,cwdb_dr,tcate_functional_rmse,TCATE-COMMON199-grid_mean,20,0.03533373996024962,0.01316675291041145,0.0029441754550623197,0.02926166815660349
wcf_sensitivity_v1_confirm,IC2,1000,49,10,cwdb_dr,tcate_functional_rmse,TCATE-COMMON199-grid_sd,20,0.024843338308532577,0.010908663570806724,0.0024392513287999425,0.023211677690970385
wcf_sensitivity_v1_confirm,IC2,1000,49,10,cwdb_dr,tcate_functional_rmse,TCATE-COMMON199-grid_skewness,20,0.059958140541264734,0.00463684784461995,0.001036830698189359,0.061538940938670614
wcf_sensitivity_v1_confirm,IC2,1000,49,10,cwdb_dr,tcate_functional_rmse,TCATE-COMMON199-grid_upper_tail_mean,20,0.038818994012247136,0.012682353260448344,0.002835860400502859,0.037002359392992186
wcf_sensitivity_v1_confirm,IC2,1000,49,10,cwdb_dr,tcate_functional_rmse,TCATE-K-grid_mean,20,0.03513961855474997,0.013287008705410856,0.002971065468293015,0.028337288817241853
wcf_sensitivity_v1_confirm,IC2,1000,49,10,cwdb_dr,tcate_functional_rmse,TCATE-K-grid_sd,20,0.020886323356307794,0.008141383073805256,0.0018204685983894738,0.02028169705828233
wcf_sensitivity_v1_confirm,IC2,1000,49,10,cwdb_dr,tcate_functional_rmse,TCATE-K-grid_skewness,20,0.011198078969425967,0.004014534165604093,0.0008976771292286149,0.010928208202002791
wcf_sensitivity_v1_confirm,IC2,1000,49,10,cwdb_dr,tcate_functional_rmse,TCATE-K-grid_upper_tail_mean,20,0.03816997615500492,0.01252109159794724,0.0027998011965511493,0.03469796044356285
wcf_sensitivity_v1_confirm,IC3,1000,25,10,cwdb_dr,arm_energy_risk,LAW-A-M-K,20,0.04956978882092224,0.0040402907140866025,0.000903436468555881,0.0495086635779905
wcf_sensitivity_v1_confirm,IC3,1000,25,10,cwdb_dr,barycenter_rmse,MEANQ-A-K,20,0.1609700795509057,0.008326148184486732,0.0018617833331248791,0.1620967326555184
wcf_sensitivity_v1_confirm,IC3,1000,25,10,cwdb_dr,diagnostic_dense_dr_n_levels,NONE_OPERATIONAL,20,199.0,0.0,0.0,199.0
wcf_sensitivity_v1_confirm,IC3,1000,25,10,cwdb_dr,diagnostic_dr_if_se_reference,NONE_OPERATIONAL,20,0.030575837204655804,0.008874380598378867,0.0019843718276180405,0.030296977093471872
wcf_sensitivity_v1_confirm,IC3,1000,25,10,cwdb_dr,diagnostic_effective_support,NONE_OPERATIONAL,20,9.999999999999998,0.0,0.0,9.999999999999998
wcf_sensitivity_v1_confirm,IC3,1000,25,10,cwdb_dr,diagnostic_ehat_mean,NONE_OPERATIONAL,20,0.5018789452852681,0.013424969793643797,0.0030019145054468854,0.5030358201221705
wcf_sensitivity_v1_confirm,IC3,1000,25,10,cwdb_dr,diagnostic_n_boosting_steps,NONE_OPERATIONAL,20,100.0,0.0,0.0,100.0
wcf_sensitivity_v1_confirm,IC3,1000,25,10,cwdb_dr,diagnostic_selected_contrast_shrinkage,NONE_OPERATIONAL,20,60.0,105.87977293038304,23.675436971457856,50.0
wcf_sensitivity_v1_confirm,IC3,1000,25,10,cwdb_dr,diagnostic_train_risk,NONE_OPERATIONAL,20,0.07059189914730869,0.00731353010197695,0.0016353550463511428,0.07056922934997586
wcf_sensitivity_v1_confirm,IC3,1000,25,10,cwdb_dr,kernel_law_error,LAW-A-COMMON199,20,0.0629965690067732,0.0034934415248535763,0.0007811572724993117,0.06322526104242232
wcf_sensitivity_v1_confirm,IC3,1000,25,10,cwdb_dr,kernel_law_error,LAW-A-INTERIOR,20,0.02328464826321553,0.003083567855202577,0.000689506733746619,0.02318885340666199
wcf_sensitivity_v1_confirm,IC3,1000,25,10,cwdb_dr,kernel_law_error,LAW-A-K,20,0.019109640644888144,0.0020957503935805527,0.00046862403439180543,0.018996604802307828
wcf_sensitivity_v1_confirm,IC3,1000,25,10,cwdb_dr,mean_quantile_rmse,MEANQ-A-COMMON199,20,0.14430950758874375,0.017144639584395212,0.0038336579560441435,0.14090508736772223
wcf_sensitivity_v1_confirm,IC3,1000,25,10,cwdb_dr,mean_quantile_rmse,MEANQ-A-INTERIOR,20,0.13274142972824654,0.013741811761313992,0.00307276252323042,0.1330424677129912
wcf_sensitivity_v1_confirm,IC3,1000,25,10,cwdb_dr,mean_quantile_rmse,MEANQ-A-K,20,0.13351351145900567,0.018142960817481266,0.004056889370100326,0.12989595510297536
wcf_sensitivity_v1_confirm,IC3,1000,25,10,cwdb_dr,mode_coverage,LAW-A-K,20,1.0,0.0,0.0,1.0
wcf_sensitivity_v1_confirm,IC3,1000,25,10,cwdb_dr,peak_ram,NONE_OPERATIONAL,20,0.0,0.0,0.0,0.0
wcf_sensitivity_v1_confirm,IC3,1000,25,10,cwdb_dr,process_peak_ram,NONE_OPERATIONAL,20,926.808203125,12.003890420802415,2.6841514975372753,926.080078125
wcf_sensitivity_v1_confirm,IC3,1000,25,10,cwdb_dr,reference_effect_rmse,REF-ATE-COMMON199,20,0.02895823178953611,0.022723650883345013,0.005081162807213259,0.021345147409479848
wcf_sensitivity_v1_confirm,IC3,1000,25,10,cwdb_dr,reference_effect_rmse,REF-ATE-K,20,0.023871163282588863,0.019008020092964862,0.00425032250455513,0.02076087941656747
wcf_sensitivity_v1_confirm,IC3,1000,25,10,cwdb_dr,reference_tcate_rmse,REF-TCATE-COMMON199,20,0.06778487698874829,0.021816546566148374,0.004878328115619737,0.07177826346720899
wcf_sensitivity_v1_confirm,IC3,1000,25,10,cwdb_dr,reference_tcate_rmse,REF-TCATE-INTERIOR,20,0.06793411445184436,0.02375194817626882,0.005311097072018924,0.07018509685356966
wcf_sensitivity_v1_confirm,IC3,1000,25,10,cwdb_dr,reference_tcate_rmse,REF-TCATE-K,20,0.06427586122933406,0.02250930217688682,0.005033232979360292,0.06705359775012135
wcf_sensitivity_v1_confirm,IC3,1000,25,10,cwdb_dr,runtime,NONE_OPERATIONAL,20,250.73281541294983,35.37832412726883,7.910833767859403,256.790883052
wcf_sensitivity_v1_confirm,IC3,1000,25,10,cwdb_dr,tail_calibration,LAW-A-K,20,3.979796019313626e-05,1.8701025251745115e-05,4.1816763711842196e-06,3.643806026639995e-05
wcf_sensitivity_v1_confirm,IC3,1000,25,10,cwdb_dr,tate_functional_rmse,TATE-COMMON199-grid_mean,20,0.026994936680229863,0.020664321347419544,0.004620682724173015,0.024769466590500944
wcf_sensitivity_v1_confirm,IC3,1000,25,10,cwdb_dr,tate_functional_rmse,TATE-COMMON199-grid_sd,20,0.026885190695772943,0.01692074559360889,0.0037835937377289504,0.02269840519455952
wcf_sensitivity_v1_confirm,IC3,1000,25,10,cwdb_dr,tate_functional_rmse,TATE-COMMON199-grid_skewness,20,0.19612775184096853,0.012596659932891713,0.0028166987899393807,0.19711638249159405
wcf_sensitivity_v1_confirm,IC3,1000,25,10,cwdb_dr,tate_functional_rmse,TATE-COMMON199-grid_upper_tail_mean,20,0.02778458635186652,0.023843682092383894,0.005331609399246481,0.0224705586043194
wcf_sensitivity_v1_confirm,IC3,1000,25,10,cwdb_dr,tate_functional_rmse,TATE-K-grid_mean,20,0.027717488928539487,0.02279810486784566,0.005097811224267175,0.024589741220527234
wcf_sensitivity_v1_confirm,IC3,1000,25,10,cwdb_dr,tate_functional_rmse,TATE-K-grid_sd,20,0.014887935046812972,0.007887829613564122,0.0017637723210865274,0.015267167376128007
wcf_sensitivity_v1_confirm,IC3,1000,25,10,cwdb_dr,tate_functional_rmse,TATE-K-grid_skewness,20,0.011463683404143856,0.007892012976353642,0.0017647077494437184,0.010007894993302513
wcf_sensitivity_v1_confirm,IC3,1000,25,10,cwdb_dr,tate_functional_rmse,TATE-K-grid_upper_tail_mean,20,0.031154142651206484,0.02459735628888619,0.005500136072873148,0.024667698445790087
wcf_sensitivity_v1_confirm,IC3,1000,25,10,cwdb_dr,tcate_functional_rmse,TCATE-COMMON199-grid_mean,20,0.06703644242830314,0.025860027745077473,0.005782477993802383,0.06772917222701746
wcf_sensitivity_v1_confirm,IC3,1000,25,10,cwdb_dr,tcate_functional_rmse,TCATE-COMMON199-grid_sd,20,0.042202495488324186,0.013198124958600713,0.0029511904582967792,0.0441097620813644
wcf_sensitivity_v1_confirm,IC3,1000,25,10,cwdb_dr,tcate_functional_rmse,TCATE-COMMON199-grid_skewness,20,0.19818188980676504,0.011691145301491289,0.0026142195628961794,0.2017206410043586
wcf_sensitivity_v1_confirm,IC3,1000,25,10,cwdb_dr,tcate_functional_rmse,TCATE-COMMON199-grid_upper_tail_mean,20,0.06817651342981254,0.029176129836586292,0.006523980963496678,0.06295939601539456
wcf_sensitivity_v1_confirm,IC3,1000,25,10,cwdb_dr,tcate_functional_rmse,TCATE-K-grid_mean,20,0.06826887756213258,0.025720703954797097,0.005751324247207398,0.06843343375043606
wcf_sensitivity_v1_confirm,IC3,1000,25,10,cwdb_dr,tcate_functional_rmse,TCATE-K-grid_sd,20,0.03304348005316519,0.012855208760743538,0.002874512065397338,0.03318710716212195
wcf_sensitivity_v1_confirm,IC3,1000,25,10,cwdb_dr,tcate_functional_rmse,TCATE-K-grid_skewness,20,0.028966096501764245,0.01294089577933083,0.002893672265232385,0.026591419548326632
wcf_sensitivity_v1_confirm,IC3,1000,25,10,cwdb_dr,tcate_functional_rmse,TCATE-K-grid_upper_tail_mean,20,0.07040698217735447,0.028857384209358385,0.006452707274495437,0.06225909198804911
wcf_sensitivity_v1_confirm,IC3,1000,49,10,cwdb_dr,arm_energy_risk,LAW-A-M-K,20,0.04903211517508116,0.003951434561122297,0.0008835676287311504,0.04859976483611576
wcf_sensitivity_v1_confirm,IC3,1000,49,10,cwdb_dr,barycenter_rmse,MEANQ-A-K,20,0.15993460172775711,0.0088260946869003,0.0019735747695758792,0.15933453899600558
wcf_sensitivity_v1_confirm,IC3,1000,49,10,cwdb_dr,diagnostic_dense_dr_n_levels,NONE_OPERATIONAL,20,199.0,0.0,0.0,199.0
wcf_sensitivity_v1_confirm,IC3,1000,49,10,cwdb_dr,diagnostic_dr_if_se_reference,NONE_OPERATIONAL,20,0.029039749005501776,0.008136432686879217,0.001819361658221319,0.029758816691446647
wcf_sensitivity_v1_confirm,IC3,1000,49,10,cwdb_dr,diagnostic_effective_support,NONE_OPERATIONAL,20,9.999999999999998,0.0,0.0,9.999999999999998
wcf_sensitivity_v1_confirm,IC3,1000,49,10,cwdb_dr,diagnostic_ehat_mean,NONE_OPERATIONAL,20,0.5018789452852681,0.013424969793643797,0.0030019145054468854,0.5030358201221705
wcf_sensitivity_v1_confirm,IC3,1000,49,10,cwdb_dr,diagnostic_n_boosting_steps,NONE_OPERATIONAL,20,100.0,0.0,0.0,100.0
wcf_sensitivity_v1_confirm,IC3,1000,49,10,cwdb_dr,diagnostic_selected_contrast_shrinkage,NONE_OPERATIONAL,20,137.5,186.28995509264865,41.65570031125455,50.0
wcf_sensitivity_v1_confirm,IC3,1000,49,10,cwdb_dr,diagnostic_train_risk,NONE_OPERATIONAL,20,0.07350307008913423,0.00306547989665059,0.0006854621432569749,0.07367191282137002
wcf_sensitivity_v1_confirm,IC3,1000,49,10,cwdb_dr,kernel_law_error,LAW-A-COMMON199,20,0.03604427818577097,0.002659360247411764,0.0005946510289873364,0.036171909275859726
wcf_sensitivity_v1_confirm,IC3,1000,49,10,cwdb_dr,kernel_law_error,LAW-A-INTERIOR,20,0.02298167028204056,0.003815012590864438,0.0008530627488190476,0.02284382982714077
wcf_sensitivity_v1_confirm,IC3,1000,49,10,cwdb_dr,kernel_law_error,LAW-A-K,20,0.01831233673937071,0.0022693948821328647,0.0005074521224239209,0.018058796929889154
wcf_sensitivity_v1_confirm,IC3,1000,49,10,cwdb_dr,mean_quantile_rmse,MEANQ-A-COMMON199,20,0.13223745183905958,0.01618515356582183,0.003619110359945073,0.13023107593646
wcf_sensitivity_v1_confirm,IC3,1000,49,10,cwdb_dr,mean_quantile_rmse,MEANQ-A-INTERIOR,20,0.12936032096159727,0.018787627165233575,0.004201041147738394,0.12599886556070378
wcf_sensitivity_v1_confirm,IC3,1000,49,10,cwdb_dr,mean_quantile_rmse,MEANQ-A-K,20,0.12614388926408254,0.01642144163639953,0.003671945978753473,0.12356071275925198
wcf_sensitivity_v1_confirm,IC3,1000,49,10,cwdb_dr,mode_coverage,LAW-A-K,20,1.0,0.0,0.0,1.0
wcf_sensitivity_v1_confirm,IC3,1000,49,10,cwdb_dr,peak_ram,NONE_OPERATIONAL,20,0.0,0.0,0.0,0.0
wcf_sensitivity_v1_confirm,IC3,1000,49,10,cwdb_dr,process_peak_ram,NONE_OPERATIONAL,20,930.478125,10.171684201789061,2.274457732086103,928.375
wcf_sensitivity_v1_confirm,IC3,1000,49,10,cwdb_dr,reference_effect_rmse,REF-ATE-COMMON199,20,0.03247164641846604,0.023088974113982762,0.005162851564959843,0.027766588335994075
wcf_sensitivity_v1_confirm,IC3,1000,49,10,cwdb_dr,reference_effect_rmse,REF-ATE-K,20,0.028844063716539803,0.02097056259766688,0.004689160349479771,0.021605517519102488
wcf_sensitivity_v1_confirm,IC3,1000,49,10,cwdb_dr,reference_tcate_rmse,REF-TCATE-COMMON199,20,0.06800206679720557,0.020190583160389738,0.004514751645199399,0.06839880779743053
wcf_sensitivity_v1_confirm,IC3,1000,49,10,cwdb_dr,reference_tcate_rmse,REF-TCATE-INTERIOR,20,0.06847107290599061,0.020859477837043172,0.004664321041877881,0.06992708708570705
wcf_sensitivity_v1_confirm,IC3,1000,49,10,cwdb_dr,reference_tcate_rmse,REF-TCATE-K,20,0.06545478779306833,0.020965446084964957,0.004688016262458848,0.06295375652003948
wcf_sensitivity_v1_confirm,IC3,1000,49,10,cwdb_dr,runtime,NONE_OPERATIONAL,20,471.0483976314499,71.8499899634325,16.06614617409127,495.0675773685002
wcf_sensitivity_v1_confirm,IC3,1000,49,10,cwdb_dr,tail_calibration,LAW-A-K,20,5.208885595683887e-08,4.2485562073896306e-08,9.500060485951907e-09,4.084642317048193e-08
wcf_sensitivity_v1_confirm,IC3,1000,49,10,cwdb_dr,tate_functional_rmse,TATE-COMMON199-grid_mean,20,0.0316880344847727,0.024051248619639035,0.005378022685726087,0.029547574087618184
wcf_sensitivity_v1_confirm,IC3,1000,49,10,cwdb_dr,tate_functional_rmse,TATE-COMMON199-grid_sd,20,0.01854101096432533,0.015835504871991278,0.00354092653518016,0.01300634009401766
wcf_sensitivity_v1_confirm,IC3,1000,49,10,cwdb_dr,tate_functional_rmse,TATE-COMMON199-grid_skewness,20,0.13515121456893858,0.018031110042337397,0.004031878776444553,0.1311878189777431
wcf_sensitivity_v1_confirm,IC3,1000,49,10,cwdb_dr,tate_functional_rmse,TATE-COMMON199-grid_upper_tail_mean,20,0.03306383077946856,0.027113429370704975,0.006062747117603567,0.02339555936406565
wcf_sensitivity_v1_confirm,IC3,1000,49,10,cwdb_dr,tate_functional_rmse,TATE-K-grid_mean,20,0.03243073115575638,0.024079325642128183,0.005384300898815239,0.029104220853133328
wcf_sensitivity_v1_confirm,IC3,1000,49,10,cwdb_dr,tate_functional_rmse,TATE-K-grid_sd,20,0.013127452617461576,0.010747476350829203,0.0024032087707025473,0.010679324524372646
wcf_sensitivity_v1_confirm,IC3,1000,49,10,cwdb_dr,tate_functional_rmse,TATE-K-grid_skewness,20,0.01765915788933594,0.01631175328341254,0.0036474189173915836,0.011160135956020611
wcf_sensitivity_v1_confirm,IC3,1000,49,10,cwdb_dr,tate_functional_rmse,TATE-K-grid_upper_tail_mean,20,0.03478834732867639,0.02700107216866065,0.006037623283450287,0.027228411621829374
wcf_sensitivity_v1_confirm,IC3,1000,49,10,cwdb_dr,tcate_functional_rmse,TCATE-COMMON199-grid_mean,20,0.0658360021877108,0.021750570796042847,0.004863575484937352,0.06423857795739882
wcf_sensitivity_v1_confirm,IC3,1000,49,10,cwdb_dr,tcate_functional_rmse,TCATE-COMMON199-grid_sd,20,0.03792575318567699,0.01813260189729561,0.004054573045129464,0.03604887843385485
wcf_sensitivity_v1_confirm,IC3,1000,49,10,cwdb_dr,tcate_functional_rmse,TCATE-COMMON199-grid_skewness,20,0.13895452699424002,0.016748316854839927,0.0037450374996127554,0.13467553385492897
wcf_sensitivity_v1_confirm,IC3,1000,49,10,cwdb_dr,tcate_functional_rmse,TCATE-COMMON199-grid_upper_tail_mean,20,0.06569781780055646,0.027547714453222804,0.0061598562142159636,0.053953708286209635
wcf_sensitivity_v1_confirm,IC3,1000,49,10,cwdb_dr,tcate_functional_rmse,TCATE-K-grid_mean,20,0.0665573936788372,0.02161496540707623,0.0048332531981528865,0.06499670268821259
wcf_sensitivity_v1_confirm,IC3,1000,49,10,cwdb_dr,tcate_functional_rmse,TCATE-K-grid_sd,20,0.03484419779332434,0.01626437839638091,0.0036368255706086734,0.027125510229920633
wcf_sensitivity_v1_confirm,IC3,1000,49,10,cwdb_dr,tcate_functional_rmse,TCATE-K-grid_skewness,20,0.037089867814361036,0.015450931036332329,0.0034549332112900357,0.031935435759933524
wcf_sensitivity_v1_confirm,IC3,1000,49,10,cwdb_dr,tcate_functional_rmse,TCATE-K-grid_upper_tail_mean,20,0.06717655950160707,0.02720859518781997,0.006084026841223911,0.05602752705189075
wcf_sensitivity_v1_flex,SYM-MU,500,25,10,cwdb_dr_flex,arm_energy_risk,LAW-A-M-K,10,0.05511799511417468,0.0017885828323189563,0.0005655995534002921,0.05542912772478899
wcf_sensitivity_v1_flex,SYM-MU,500,25,10,cwdb_dr_flex,barycenter_rmse,MEANQ-A-K,10,0.17689973025372258,0.008625285831635448,0.0027275548697947615,0.17740094552937608
wcf_sensitivity_v1_flex,SYM-MU,500,25,10,cwdb_dr_flex,diagnostic_dense_dr_n_levels,NONE_OPERATIONAL,10,199.0,0.0,0.0,199.0
wcf_sensitivity_v1_flex,SYM-MU,500,25,10,cwdb_dr_flex,diagnostic_dr_if_se_reference,NONE_OPERATIONAL,10,0.09073727100383852,0.01720949869068484,0.0054421213252249636,0.08896158254847719
wcf_sensitivity_v1_flex,SYM-MU,500,25,10,cwdb_dr_flex,diagnostic_effective_support,NONE_OPERATIONAL,10,9.999999999999998,0.0,0.0,9.999999999999998
wcf_sensitivity_v1_flex,SYM-MU,500,25,10,cwdb_dr_flex,diagnostic_ehat_mean,NONE_OPERATIONAL,10,0.5162327403875133,0.019404424539287726,0.0061362178229012665,0.5168291114691244
wcf_sensitivity_v1_flex,SYM-MU,500,25,10,cwdb_dr_flex,diagnostic_n_boosting_steps,NONE_OPERATIONAL,10,100.0,0.0,0.0,100.0
wcf_sensitivity_v1_flex,SYM-MU,500,25,10,cwdb_dr_flex,diagnostic_selected_contrast_shrinkage,NONE_OPERATIONAL,10,30.0,25.81988897471611,8.164965809277259,50.0
wcf_sensitivity_v1_flex,SYM-MU,500,25,10,cwdb_dr_flex,diagnostic_train_risk,NONE_OPERATIONAL,10,0.0365961978478376,0.0026589919147292753,0.0008408470730516731,0.03557275097335351
wcf_sensitivity_v1_flex,SYM-MU,500,25,10,cwdb_dr_flex,kernel_law_error,LAW-A-COMMON199,10,0.037420330715862746,0.0018450669441523275,0.0005834613979008044,0.037197864408917335
wcf_sensitivity_v1_flex,SYM-MU,500,25,10,cwdb_dr_flex,kernel_law_error,LAW-A-INTERIOR,10,0.026991600360115785,0.0016220055909403927,0.0005129232044899014,0.026764055605561943
wcf_sensitivity_v1_flex,SYM-MU,500,25,10,cwdb_dr_flex,kernel_law_error,LAW-A-K,10,0.02732646504254609,0.0016520423426494165,0.0005224216593812484,0.027262824217048613
wcf_sensitivity_v1_flex,SYM-MU,500,25,10,cwdb_dr_flex,mean_quantile_rmse,MEANQ-A-COMMON199,10,0.12859862593901566,0.0221836871132041,0.007015097817825049,0.12853135885660338
wcf_sensitivity_v1_flex,SYM-MU,500,25,10,cwdb_dr_flex,mean_quantile_rmse,MEANQ-A-INTERIOR,10,0.12754452093404164,0.021201010259940922,0.006704348111801178,0.12839739360270214
wcf_sensitivity_v1_flex,SYM-MU,500,25,10,cwdb_dr_flex,mean_quantile_rmse,MEANQ-A-K,10,0.1286768278304405,0.022263437274574218,0.007040317033194603,0.1285343077499676
wcf_sensitivity_v1_flex,SYM-MU,500,25,10,cwdb_dr_flex,mode_coverage,LAW-A-K,10,1.0,0.0,0.0,1.0
wcf_sensitivity_v1_flex,SYM-MU,500,25,10,cwdb_dr_flex,peak_ram,NONE_OPERATIONAL,10,44.307421875,57.21161802548898,18.091902158409034,0.0
wcf_sensitivity_v1_flex,SYM-MU,500,25,10,cwdb_dr_flex,process_peak_ram,NONE_OPERATIONAL,10,386.68828125,29.415806502174885,9.302094775766339,366.8125
wcf_sensitivity_v1_flex,SYM-MU,500,25,10,cwdb_dr_flex,reference_effect_rmse,REF-ATE-COMMON199,10,0.05963362340113511,0.050403334459754555,0.015938933856007687,0.05083623628676584
wcf_sensitivity_v1_flex,SYM-MU,500,25,10,cwdb_dr_flex,reference_effect_rmse,REF-ATE-K,10,0.06046896113799519,0.048951372989020484,0.01547978332377493,0.05231832818476633
wcf_sensitivity_v1_flex,SYM-MU,500,25,10,cwdb_dr_flex,reference_tcate_rmse,REF-TCATE-COMMON199,10,0.15191190170152108,0.052283127966841154,0.016533376757326638,0.1693328875446298
wcf_sensitivity_v1_flex,SYM-MU,500,25,10,cwdb_dr_flex,reference_tcate_rmse,REF-TCATE-INTERIOR,10,0.15565214792432716,0.053729811566744314,0.01699085828025721,0.17417290579311606
wcf_sensitivity_v1_flex,SYM-MU,500,25,10,cwdb_dr_flex,reference_tcate_rmse,REF-TCATE-K,10,0.15238914262855846,0.052302162344624994,0.016539395956090743,0.17014984767337377
wcf_sensitivity_v1_flex,SYM-MU,500,25,10,cwdb_dr_flex,runtime,NONE_OPERATIONAL,10,188.67423577410062,42.210257183976545,13.348055332285087,210.746579238501
wcf_sensitivity_v1_flex,SYM-MU,500,25,10,cwdb_dr_flex,tail_calibration,LAW-A-K,10,0.03528572858934126,0.004885978709274858,0.0015450821320398215,0.035273541823420324
wcf_sensitivity_v1_flex,SYM-MU,500,25,10,cwdb_dr_flex,tate_functional_rmse,TATE-COMMON199-grid_mean,10,0.0700599464249256,0.043739994995095066,0.013831800902886583,0.06621429436003469
wcf_sensitivity_v1_flex,SYM-MU,500,25,10,cwdb_dr_flex,tate_functional_rmse,TATE-COMMON199-grid_sd,10,0.0043082736323156855,0.002821224199997421,0.0008921494261978253,0.003593733872406265
wcf_sensitivity_v1_flex,SYM-MU,500,25,10,cwdb_dr_flex,tate_functional_rmse,TATE-COMMON199-grid_skewness,10,0.002921713265501425,0.002135555905173515,0.0006753220730970868,0.0018767709291768392
wcf_sensitivity_v1_flex,SYM-MU,500,25,10,cwdb_dr_flex,tate_functional_rmse,TATE-COMMON199-grid_upper_tail_mean,10,0.06991055572419974,0.04334600401456219,0.01370721001528189,0.06489405232606743
wcf_sensitivity_v1_flex,SYM-MU,500,25,10,cwdb_dr_flex,tate_functional_rmse,TATE-K-grid_mean,10,0.07116527565817841,0.041832581045099126,0.013228623650610016,0.07066736652074912
wcf_sensitivity_v1_flex,SYM-MU,500,25,10,cwdb_dr_flex,tate_functional_rmse,TATE-K-grid_sd,10,0.004336878846579896,0.003266965530864861,0.0010331052114794079,0.003904601849841497
wcf_sensitivity_v1_flex,SYM-MU,500,25,10,cwdb_dr_flex,tate_functional_rmse,TATE-K-grid_skewness,10,0.002974901518926566,0.0022759444709623375,0.000719716835630794,0.0017823559972206492
wcf_sensitivity_v1_flex,SYM-MU,500,25,10,cwdb_dr_flex,tate_functional_rmse,TATE-K-grid_upper_tail_mean,10,0.07085831141889472,0.04121639611299269,0.013033768866076758,0.06777056629634802
wcf_sensitivity_v1_flex,SYM-MU,500,25,10,cwdb_dr_flex,tcate_functional_rmse,TCATE-COMMON199-grid_mean,10,0.1778622100640578,0.06456949572153352,0.020418667384854317,0.1817994815724876
wcf_sensitivity_v1_flex,SYM-MU,500,25,10,cwdb_dr_flex,tcate_functional_rmse,TCATE-COMMON199-grid_sd,10,0.019769787168909234,0.0063766900233051885,0.002016486440651658,0.018852336451759964
wcf_sensitivity_v1_flex,SYM-MU,500,25,10,cwdb_dr_flex,tcate_functional_rmse,TCATE-COMMON199-grid_skewness,10,0.006659539350631743,0.0027553683698135515,0.0008713239841395959,0.0065366215011898356
wcf_sensitivity_v1_flex,SYM-MU,500,25,10,cwdb_dr_flex,tcate_functional_rmse,TCATE-COMMON199-grid_upper_tail_mean,10,0.1769908907783555,0.06184784653194428,0.019558006341748976,0.18597292347554822
wcf_sensitivity_v1_flex,SYM-MU,500,25,10,cwdb_dr_flex,tcate_functional_rmse,TCATE-K-grid_mean,10,0.1778622274346573,0.06456952045587905,0.02041867520654115,0.18179951173101477
wcf_sensitivity_v1_flex,SYM-MU,500,25,10,cwdb_dr_flex,tcate_functional_rmse,TCATE-K-grid_sd,10,0.019837520160099348,0.006381586499548449,0.0020180348423954188,0.01888776989484535
wcf_sensitivity_v1_flex,SYM-MU,500,25,10,cwdb_dr_flex,tcate_functional_rmse,TCATE-K-grid_skewness,10,0.006956911467560943,0.003023302205090208,0.0009560521023094565,0.00681514931539531
wcf_sensitivity_v1_flex,SYM-MU,500,25,10,cwdb_dr_flex,tcate_functional_rmse,TCATE-K-grid_upper_tail_mean,10,0.1769755008757867,0.06189884113572652,0.019574132251381948,0.18578324016812908
wcf_sensitivity_v1_flex,SYM-MU,500,25,10,cwdb_dr_oracle,arm_energy_risk,LAW-A-M-K,10,0.05511799511417468,0.0017885828323189563,0.0005655995534002921,0.05542912772478899
wcf_sensitivity_v1_flex,SYM-MU,500,25,10,cwdb_dr_oracle,barycenter_rmse,MEANQ-A-K,10,0.17689973025372258,0.008625285831635448,0.0027275548697947615,0.17740094552937608
wcf_sensitivity_v1_flex,SYM-MU,500,25,10,cwdb_dr_oracle,diagnostic_dense_dr_n_levels,NONE_OPERATIONAL,10,199.0,0.0,0.0,199.0
wcf_sensitivity_v1_flex,SYM-MU,500,25,10,cwdb_dr_oracle,diagnostic_dr_if_se_reference,NONE_OPERATIONAL,10,0.024540507888620045,0.0014525404826798611,0.00045933363188687196,0.024261476235246375
wcf_sensitivity_v1_flex,SYM-MU,500,25,10,cwdb_dr_oracle,diagnostic_effective_support,NONE_OPERATIONAL,10,9.999999999999998,0.0,0.0,9.999999999999998
wcf_sensitivity_v1_flex,SYM-MU,500,25,10,cwdb_dr_oracle,diagnostic_ehat_mean,NONE_OPERATIONAL,10,0.5040618304231353,0.00649817110685348,0.002054902132315439,0.5052421176348696
wcf_sensitivity_v1_flex,SYM-MU,500,25,10,cwdb_dr_oracle,diagnostic_n_boosting_steps,NONE_OPERATIONAL,10,100.0,0.0,0.0,100.0
wcf_sensitivity_v1_flex,SYM-MU,500,25,10,cwdb_dr_oracle,diagnostic_selected_contrast_shrinkage,NONE_OPERATIONAL,10,30.0,25.81988897471611,8.164965809277259,50.0
wcf_sensitivity_v1_flex,SYM-MU,500,25,10,cwdb_dr_oracle,diagnostic_train_risk,NONE_OPERATIONAL,10,0.0365961978478376,0.0026589919147292753,0.0008408470730516731,0.03557275097335351
wcf_sensitivity_v1_flex,SYM-MU,500,25,10,cwdb_dr_oracle,kernel_law_error,LAW-A-COMMON199,10,0.037420330715862746,0.0018450669441523275,0.0005834613979008044,0.037197864408917335
wcf_sensitivity_v1_flex,SYM-MU,500,25,10,cwdb_dr_oracle,kernel_law_error,LAW-A-INTERIOR,10,0.026991600360115785,0.0016220055909403927,0.0005129232044899014,0.026764055605561943
wcf_sensitivity_v1_flex,SYM-MU,500,25,10,cwdb_dr_oracle,kernel_law_error,LAW-A-K,10,0.02732646504254609,0.0016520423426494165,0.0005224216593812484,0.027262824217048613
wcf_sensitivity_v1_flex,SYM-MU,500,25,10,cwdb_dr_oracle,mean_quantile_rmse,MEANQ-A-COMMON199,10,0.12859862593901566,0.0221836871132041,0.007015097817825049,0.12853135885660338
wcf_sensitivity_v1_flex,SYM-MU,500,25,10,cwdb_dr_oracle,mean_quantile_rmse,MEANQ-A-INTERIOR,10,0.12754452093404164,0.021201010259940922,0.006704348111801178,0.12839739360270214
wcf_sensitivity_v1_flex,SYM-MU,500,25,10,cwdb_dr_oracle,mean_quantile_rmse,MEANQ-A-K,10,0.1286768278304405,0.022263437274574218,0.007040317033194603,0.1285343077499676
wcf_sensitivity_v1_flex,SYM-MU,500,25,10,cwdb_dr_oracle,mode_coverage,LAW-A-K,10,1.0,0.0,0.0,1.0
wcf_sensitivity_v1_flex,SYM-MU,500,25,10,cwdb_dr_oracle,peak_ram,NONE_OPERATIONAL,10,0.0,0.0,0.0,0.0
wcf_sensitivity_v1_flex,SYM-MU,500,25,10,cwdb_dr_oracle,process_peak_ram,NONE_OPERATIONAL,10,390.290234375,33.909215812609055,10.723035563804197,366.8125
wcf_sensitivity_v1_flex,SYM-MU,500,25,10,cwdb_dr_oracle,reference_effect_rmse,REF-ATE-COMMON199,10,0.02377805652388939,0.014816842842016823,0.004685497111353555,0.023634676935848704
wcf_sensitivity_v1_flex,SYM-MU,500,25,10,cwdb_dr_oracle,reference_effect_rmse,REF-ATE-K,10,0.020163737673490542,0.01622801878910289,0.0051317501285572786,0.015493184509453216
wcf_sensitivity_v1_flex,SYM-MU,500,25,10,cwdb_dr_oracle,reference_tcate_rmse,REF-TCATE-COMMON199,10,0.04231418240493272,0.013279577754943752,0.004199371207092758,0.03782554252412321
wcf_sensitivity_v1_flex,SYM-MU,500,25,10,cwdb_dr_oracle,reference_tcate_rmse,REF-TCATE-INTERIOR,10,0.043358825122046855,0.014045098140730287,0.0044414500085303826,0.03823514498219644
wcf_sensitivity_v1_flex,SYM-MU,500,25,10,cwdb_dr_oracle,reference_tcate_rmse,REF-TCATE-K,10,0.04258814632248029,0.013299337261167053,0.004205619711603349,0.03835456529085157
wcf_sensitivity_v1_flex,SYM-MU,500,25,10,cwdb_dr_oracle,runtime,NONE_OPERATIONAL,10,177.50698169329968,47.969422461199926,15.169263302023179,208.1862680184986
wcf_sensitivity_v1_flex,SYM-MU,500,25,10,cwdb_dr_oracle,tail_calibration,LAW-A-K,10,0.03528572858934126,0.004885978709274858,0.0015450821320398215,0.035273541823420324
wcf_sensitivity_v1_flex,SYM-MU,500,25,10,cwdb_dr_oracle,tate_functional_rmse,TATE-COMMON199-grid_mean,10,0.01864435081322387,0.013614223232831096,0.00430519539897271,0.017379006591377893
wcf_sensitivity_v1_flex,SYM-MU,500,25,10,cwdb_dr_oracle,tate_functional_rmse,TATE-COMMON199-grid_sd,10,0.0022821660391397196,0.00182481032790949,0.0005770556933992714,0.0020242470158727084
wcf_sensitivity_v1_flex,SYM-MU,500,25,10,cwdb_dr_oracle,tate_functional_rmse,TATE-COMMON199-grid_skewness,10,0.0006152066007399954,0.0003439122221779112,0.00010875459372520727,0.000686137147634614
wcf_sensitivity_v1_flex,SYM-MU,500,25,10,cwdb_dr_oracle,tate_functional_rmse,TATE-COMMON199-grid_upper_tail_mean,10,0.01989431148019476,0.013346115842264911,0.004220412397801362,0.01943650179366206
wcf_sensitivity_v1_flex,SYM-MU,500,25,10,cwdb_dr_oracle,tate_functional_rmse,TATE-K-grid_mean,10,0.019036237511635808,0.013432217415167664,0.004247640105850935,0.01814392748575336
wcf_sensitivity_v1_flex,SYM-MU,500,25,10,cwdb_dr_oracle,tate_functional_rmse,TATE-K-grid_sd,10,0.0023292808596896888,0.0017378477274780748,0.0005495557045378302,0.0020652813449003344
wcf_sensitivity_v1_flex,SYM-MU,500,25,10,cwdb_dr_oracle,tate_functional_rmse,TATE-K-grid_skewness,10,0.0006395115040507546,0.00039597837939564815,0.0001252193583072537,0.0007591175130889211
wcf_sensitivity_v1_flex,SYM-MU,500,25,10,cwdb_dr_oracle,tate_functional_rmse,TATE-K-grid_upper_tail_mean,10,0.02021164156235843,0.01298036508199665,0.00410475185196277,0.02137748602584849
wcf_sensitivity_v1_flex,SYM-MU,500,25,10,cwdb_dr_oracle,tcate_functional_rmse,TCATE-COMMON199-grid_mean,10,0.04687607169114902,0.024733778083044784,0.00782150738835748,0.03605312028919622
wcf_sensitivity_v1_flex,SYM-MU,500,25,10,cwdb_dr_oracle,tcate_functional_rmse,TCATE-COMMON199-grid_sd,10,0.005143705270746442,0.0021898037151949113,0.0006924767368714587,0.0055795002477818986
wcf_sensitivity_v1_flex,SYM-MU,500,25,10,cwdb_dr_oracle,tcate_functional_rmse,TCATE-COMMON199-grid_skewness,10,0.0014446415483344883,0.000672677180062492,0.00021271920190166807,0.0014613770273285555
wcf_sensitivity_v1_flex,SYM-MU,500,25,10,cwdb_dr_oracle,tcate_functional_rmse,TCATE-COMMON199-grid_upper_tail_mean,10,0.04829008892219207,0.02457322019612322,0.00777073452645989,0.03670247335178753
wcf_sensitivity_v1_flex,SYM-MU,500,25,10,cwdb_dr_oracle,tcate_functional_rmse,TCATE-K-grid_mean,10,0.0468760715670742,0.024733782285693395,0.007821508717351662,0.03605311499355885
wcf_sensitivity_v1_flex,SYM-MU,500,25,10,cwdb_dr_oracle,tcate_functional_rmse,TCATE-K-grid_sd,10,0.005162748533495345,0.002197644327447449,0.000694956156168283,0.005605912299917542
wcf_sensitivity_v1_flex,SYM-MU,500,25,10,cwdb_dr_oracle,tcate_functional_rmse,TCATE-K-grid_skewness,10,0.001516690911070891,0.0007365758102582655,0.00023292572298001357,0.0015418914701225241
wcf_sensitivity_v1_flex,SYM-MU,500,25,10,cwdb_dr_oracle,tcate_functional_rmse,TCATE-K-grid_upper_tail_mean,10,0.048237269521294944,0.02457076818924118,0.007769959133801325,0.0366846878446168
wcf_sensitivity_v1_flex,SYM-MU,1000,25,10,cwdb_dr_flex,arm_energy_risk,LAW-A-M-K,10,0.049485097789441115,0.0044976656284910895,0.0014222867539884546,0.04871394456178896
wcf_sensitivity_v1_flex,SYM-MU,1000,25,10,cwdb_dr_flex,barycenter_rmse,MEANQ-A-K,10,0.15830964763328467,0.006793063976136846,0.0021481554455832132,0.16080460148820397
wcf_sensitivity_v1_flex,SYM-MU,1000,25,10,cwdb_dr_flex,diagnostic_dense_dr_n_levels,NONE_OPERATIONAL,10,199.0,0.0,0.0,199.0
wcf_sensitivity_v1_flex,SYM-MU,1000,25,10,cwdb_dr_flex,diagnostic_dr_if_se_reference,NONE_OPERATIONAL,10,0.05766381008796493,0.009937153197097792,0.0031424037560853135,0.05923455803916038
wcf_sensitivity_v1_flex,SYM-MU,1000,25,10,cwdb_dr_flex,diagnostic_effective_support,NONE_OPERATIONAL,10,9.999999999999998,0.0,0.0,9.999999999999998
wcf_sensitivity_v1_flex,SYM-MU,1000,25,10,cwdb_dr_flex,diagnostic_ehat_mean,NONE_OPERATIONAL,10,0.4979226697608349,0.01885477589275177,0.005962403659313022,0.49844222503776936
wcf_sensitivity_v1_flex,SYM-MU,1000,25,10,cwdb_dr_flex,diagnostic_n_boosting_steps,NONE_OPERATIONAL,10,100.0,0.0,0.0,100.0
wcf_sensitivity_v1_flex,SYM-MU,1000,25,10,cwdb_dr_flex,diagnostic_selected_contrast_shrinkage,NONE_OPERATIONAL,10,15.0,24.1522945769824,7.637626158259733,0.0
wcf_sensitivity_v1_flex,SYM-MU,1000,25,10,cwdb_dr_flex,diagnostic_train_risk,NONE_OPERATIONAL,10,0.05393914258995276,0.006766291023033855,0.002139689094433781,0.05338324548617486
wcf_sensitivity_v1_flex,SYM-MU,1000,25,10,cwdb_dr_flex,kernel_law_error,LAW-A-COMMON199,10,0.03373960873172537,0.00287948069258056,0.0009105717467033678,0.03327749677031226
wcf_sensitivity_v1_flex,SYM-MU,1000,25,10,cwdb_dr_flex,kernel_law_error,LAW-A-INTERIOR,10,0.023320008388765214,0.003065686247666027,0.0009694551134079702,0.023079605257850626
wcf_sensitivity_v1_flex,SYM-MU,1000,25,10,cwdb_dr_flex,kernel_law_error,LAW-A-K,10,0.02363687322588149,0.0030506934057211005,0.0009647139604934826,0.0234958784415277
wcf_sensitivity_v1_flex,SYM-MU,1000,25,10,cwdb_dr_flex,mean_quantile_rmse,MEANQ-A-COMMON199,10,0.11189637550551387,0.017684204444631174,0.005592236465310752,0.12197790228441488
wcf_sensitivity_v1_flex,SYM-MU,1000,25,10,cwdb_dr_flex,mean_quantile_rmse,MEANQ-A-INTERIOR,10,0.11046552533834424,0.016855862003851113,0.005330291585765938,0.12009530030504248
wcf_sensitivity_v1_flex,SYM-MU,1000,25,10,cwdb_dr_flex,mean_quantile_rmse,MEANQ-A-K,10,0.11222213791673293,0.0179082905324247,0.005663098708249151,0.12230777827271319
wcf_sensitivity_v1_flex,SYM-MU,1000,25,10,cwdb_dr_flex,mode_coverage,LAW-A-K,10,1.0,0.0,0.0,1.0
wcf_sensitivity_v1_flex,SYM-MU,1000,25,10,cwdb_dr_flex,peak_ram,NONE_OPERATIONAL,10,175.54375,4.747519683198913,1.5012975435389584,175.16796875
wcf_sensitivity_v1_flex,SYM-MU,1000,25,10,cwdb_dr_flex,process_peak_ram,NONE_OPERATIONAL,10,438.296484375,3.8989121400619315,1.2329442759477132,438.46484375
wcf_sensitivity_v1_flex,SYM-MU,1000,25,10,cwdb_dr_flex,reference_effect_rmse,REF-ATE-COMMON199,10,0.038952744391805724,0.02256692422676168,0.007136288034100104,0.03970692960757061
wcf_sensitivity_v1_flex,SYM-MU,1000,25,10,cwdb_dr_flex,reference_effect_rmse,REF-ATE-K,10,0.03812626854761173,0.02314056785249831,0.007317690076356596,0.035241563387949044
wcf_sensitivity_v1_flex,SYM-MU,1000,25,10,cwdb_dr_flex,reference_tcate_rmse,REF-TCATE-COMMON199,10,0.10498522404010151,0.03681682315568027,0.011642501738357762,0.1068279009442914
wcf_sensitivity_v1_flex,SYM-MU,1000,25,10,cwdb_dr_flex,reference_tcate_rmse,REF-TCATE-INTERIOR,10,0.10913654191921099,0.0382141338365646,0.012084370173405279,0.11237474644411855
wcf_sensitivity_v1_flex,SYM-MU,1000,25,10,cwdb_dr_flex,reference_tcate_rmse,REF-TCATE-K,10,0.10566040093055067,0.0370834052234637,0.011726802390113063,0.1079990625520553
wcf_sensitivity_v1_flex,SYM-MU,1000,25,10,cwdb_dr_flex,runtime,NONE_OPERATIONAL,10,307.89857293419993,21.315167710128968,6.740447867248322,309.45802055649995
wcf_sensitivity_v1_flex,SYM-MU,1000,25,10,cwdb_dr_flex,tail_calibration,LAW-A-K,10,0.03416277531428923,0.0057991273883047445,0.0018338450988506691,0.03439489480573167
wcf_sensitivity_v1_flex,SYM-MU,1000,25,10,cwdb_dr_flex,tate_functional_rmse,TATE-COMMON199-grid_mean,10,0.03143909475080065,0.029146050717310332,0.009216790506548502,0.022740429555615158
wcf_sensitivity_v1_flex,SYM-MU,1000,25,10,cwdb_dr_flex,tate_functional_rmse,TATE-COMMON199-grid_sd,10,0.0062448449971958826,0.004695260290877807,0.0014847716726518574,0.0061419337113451464
wcf_sensitivity_v1_flex,SYM-MU,1000,25,10,cwdb_dr_flex,tate_functional_rmse,TATE-COMMON199-grid_skewness,10,0.0029559079435908255,0.0021646545685278565,0.0006845238784037063,0.0032249820804902676
wcf_sensitivity_v1_flex,SYM-MU,1000,25,10,cwdb_dr_flex,tate_functional_rmse,TATE-COMMON199-grid_upper_tail_mean,10,0.03196007800360266,0.031494830588764594,0.0099595399181638,0.015614421730542546
wcf_sensitivity_v1_flex,SYM-MU,1000,25,10,cwdb_dr_flex,tate_functional_rmse,TATE-K-grid_mean,10,0.03108635544217857,0.029116655483816065,0.009207494917529067,0.026707991131091666
wcf_sensitivity_v1_flex,SYM-MU,1000,25,10,cwdb_dr_flex,tate_functional_rmse,TATE-K-grid_sd,10,0.006517195502760646,0.004779903302473646,0.001511538143117747,0.006598510286683129
wcf_sensitivity_v1_flex,SYM-MU,1000,25,10,cwdb_dr_flex,tate_functional_rmse,TATE-K-grid_skewness,10,0.0029771761704928484,0.0023050971114985733,0.0007289357100210597,0.0035141817441242265
wcf_sensitivity_v1_flex,SYM-MU,1000,25,10,cwdb_dr_flex,tate_functional_rmse,TATE-K-grid_upper_tail_mean,10,0.03193743351309024,0.030635026201267058,0.009687645897493978,0.01851706923878163
wcf_sensitivity_v1_flex,SYM-MU,1000,25,10,cwdb_dr_flex,tcate_functional_rmse,TCATE-COMMON199-grid_mean,10,0.10536842739041723,0.03613246650515763,0.01142608916360422,0.10185594925164296
wcf_sensitivity_v1_flex,SYM-MU,1000,25,10,cwdb_dr_flex,tcate_functional_rmse,TCATE-COMMON199-grid_sd,10,0.012533209753488775,0.0057673534440635405,0.0018237972954457296,0.01285706033624609
wcf_sensitivity_v1_flex,SYM-MU,1000,25,10,cwdb_dr_flex,tcate_functional_rmse,TCATE-COMMON199-grid_skewness,10,0.004327125019693815,0.0023139680097977334,0.0007317409343727657,0.003925377894734655
wcf_sensitivity_v1_flex,SYM-MU,1000,25,10,cwdb_dr_flex,tcate_functional_rmse,TCATE-COMMON199-grid_upper_tail_mean,10,0.10609313174222282,0.03484525489541047,0.011019037111862938,0.10415242633363792
wcf_sensitivity_v1_flex,SYM-MU,1000,25,10,cwdb_dr_flex,tcate_functional_rmse,TCATE-K-grid_mean,10,0.10536842216479947,0.03613248287806955,0.011426094341173578,0.10185590718139817
wcf_sensitivity_v1_flex,SYM-MU,1000,25,10,cwdb_dr_flex,tcate_functional_rmse,TCATE-K-grid_sd,10,0.012579453008944757,0.005799357135766612,0.0018339177513772835,0.012925621408712045
wcf_sensitivity_v1_flex,SYM-MU,1000,25,10,cwdb_dr_flex,tcate_functional_rmse,TCATE-K-grid_skewness,10,0.00435269597702013,0.002328893469724898,0.0007364607792223069,0.004179938307217704
wcf_sensitivity_v1_flex,SYM-MU,1000,25,10,cwdb_dr_flex,tcate_functional_rmse,TCATE-K-grid_upper_tail_mean,10,0.10606231280093825,0.03484893282780027,0.011020200176206125,0.1041193507724891
wcf_sensitivity_v1_flex,SYM-MU,1000,25,10,cwdb_dr_oracle,arm_energy_risk,LAW-A-M-K,10,0.049485097789441115,0.0044976656284910895,0.0014222867539884546,0.04871394456178896
wcf_sensitivity_v1_flex,SYM-MU,1000,25,10,cwdb_dr_oracle,barycenter_rmse,MEANQ-A-K,10,0.15830964763328467,0.006793063976136846,0.0021481554455832132,0.16080460148820397
wcf_sensitivity_v1_flex,SYM-MU,1000,25,10,cwdb_dr_oracle,diagnostic_dense_dr_n_levels,NONE_OPERATIONAL,10,199.0,0.0,0.0,199.0
wcf_sensitivity_v1_flex,SYM-MU,1000,25,10,cwdb_dr_oracle,diagnostic_dr_if_se_reference,NONE_OPERATIONAL,10,0.01729879067026253,0.0006428024982478845,0.0002032719980109709,0.017270650352116012
wcf_sensitivity_v1_flex,SYM-MU,1000,25,10,cwdb_dr_oracle,diagnostic_effective_support,NONE_OPERATIONAL,10,9.999999999999998,0.0,0.0,9.999999999999998
wcf_sensitivity_v1_flex,SYM-MU,1000,25,10,cwdb_dr_oracle,diagnostic_ehat_mean,NONE_OPERATIONAL,10,0.5008041637814011,0.004310512097164955,0.0013631036108750286,0.5000141533798658
wcf_sensitivity_v1_flex,SYM-MU,1000,25,10,cwdb_dr_oracle,diagnostic_n_boosting_steps,NONE_OPERATIONAL,10,100.0,0.0,0.0,100.0
wcf_sensitivity_v1_flex,SYM-MU,1000,25,10,cwdb_dr_oracle,diagnostic_selected_contrast_shrinkage,NONE_OPERATIONAL,10,15.0,24.1522945769824,7.637626158259733,0.0
wcf_sensitivity_v1_flex,SYM-MU,1000,25,10,cwdb_dr_oracle,diagnostic_train_risk,NONE_OPERATIONAL,10,0.05393914258995276,0.006766291023033855,0.002139689094433781,0.05338324548617486
wcf_sensitivity_v1_flex,SYM-MU,1000,25,10,cwdb_dr_oracle,kernel_law_error,LAW-A-COMMON199,10,0.03373960873172537,0.00287948069258056,0.0009105717467033678,0.03327749677031226
wcf_sensitivity_v1_flex,SYM-MU,1000,25,10,cwdb_dr_oracle,kernel_law_error,LAW-A-INTERIOR,10,0.023320008388765214,0.003065686247666027,0.0009694551134079702,0.023079605257850626
wcf_sensitivity_v1_flex,SYM-MU,1000,25,10,cwdb_dr_oracle,kernel_law_error,LAW-A-K,10,0.02363687322588149,0.0030506934057211005,0.0009647139604934826,0.0234958784415277
wcf_sensitivity_v1_flex,SYM-MU,1000,25,10,cwdb_dr_oracle,mean_quantile_rmse,MEANQ-A-COMMON199,10,0.11189637550551387,0.017684204444631174,0.005592236465310752,0.12197790228441488
wcf_sensitivity_v1_flex,SYM-MU,1000,25,10,cwdb_dr_oracle,mean_quantile_rmse,MEANQ-A-INTERIOR,10,0.11046552533834424,0.016855862003851113,0.005330291585765938,0.12009530030504248
wcf_sensitivity_v1_flex,SYM-MU,1000,25,10,cwdb_dr_oracle,mean_quantile_rmse,MEANQ-A-K,10,0.11222213791673293,0.0179082905324247,0.005663098708249151,0.12230777827271319
wcf_sensitivity_v1_flex,SYM-MU,1000,25,10,cwdb_dr_oracle,mode_coverage,LAW-A-K,10,1.0,0.0,0.0,1.0
wcf_sensitivity_v1_flex,SYM-MU,1000,25,10,cwdb_dr_oracle,peak_ram,NONE_OPERATIONAL,10,17.511328125,4.497648194431199,1.4222812408546428,18.751953125
wcf_sensitivity_v1_flex,SYM-MU,1000,25,10,cwdb_dr_oracle,process_peak_ram,NONE_OPERATIONAL,10,455.961328125,3.93407427603273,1.2440635196541392,456.6484375
wcf_sensitivity_v1_flex,SYM-MU,1000,25,10,cwdb_dr_oracle,reference_effect_rmse,REF-ATE-COMMON199,10,0.014195103129496279,0.008858294095679153,0.002801238552596764,0.012786311948930233
wcf_sensitivity_v1_flex,SYM-MU,1000,25,10,cwdb_dr_oracle,reference_effect_rmse,REF-ATE-K,10,0.008854753598658803,0.007667175039884321,0.002424573634522679,0.008520371519839292
wcf_sensitivity_v1_flex,SYM-MU,1000,25,10,cwdb_dr_oracle,reference_tcate_rmse,REF-TCATE-COMMON199,10,0.02597529848078991,0.007916123044056183,0.0025032979057362974,0.028835733191566744
wcf_sensitivity_v1_flex,SYM-MU,1000,25,10,cwdb_dr_oracle,reference_tcate_rmse,REF-TCATE-INTERIOR,10,0.026962858139696344,0.00827635485032152,0.002617213205079795,0.02953341582158954
wcf_sensitivity_v1_flex,SYM-MU,1000,25,10,cwdb_dr_oracle,reference_tcate_rmse,REF-TCATE-K,10,0.02614621015131268,0.008010704439352534,0.002533207169077618,0.02912413965262349
wcf_sensitivity_v1_flex,SYM-MU,1000,25,10,cwdb_dr_oracle,runtime,NONE_OPERATIONAL,10,291.9427973371,10.72044470114197,3.390102278549173,290.3182386235001
wcf_sensitivity_v1_flex,SYM-MU,1000,25,10,cwdb_dr_oracle,tail_calibration,LAW-A-K,10,0.03416277531428923,0.0057991273883047445,0.0018338450988506691,0.03439489480573167
wcf_sensitivity_v1_flex,SYM-MU,1000,25,10,cwdb_dr_oracle,tate_functional_rmse,TATE-COMMON199-grid_mean,10,0.01261222550736717,0.007701555275002116,0.0024354456194691128,0.011281431045816678
wcf_sensitivity_v1_flex,SYM-MU,1000,25,10,cwdb_dr_oracle,tate_functional_rmse,TATE-COMMON199-grid_sd,10,0.0015147687726815302,0.0010216684541117134,0.0003230799328536234,0.0012753337476673465
wcf_sensitivity_v1_flex,SYM-MU,1000,25,10,cwdb_dr_oracle,tate_functional_rmse,TATE-COMMON199-grid_skewness,10,0.0002777007170395948,0.0001888666721236076,5.972488580068303e-05,0.00025461628120572704
wcf_sensitivity_v1_flex,SYM-MU,1000,25,10,cwdb_dr_oracle,tate_functional_rmse,TATE-COMMON199-grid_upper_tail_mean,10,0.012818926807978128,0.007573708047980521,0.0023950167764766263,0.010584073709407366
wcf_sensitivity_v1_flex,SYM-MU,1000,25,10,cwdb_dr_oracle,tate_functional_rmse,TATE-K-grid_mean,10,0.012506523045263446,0.007554176631817888,0.002388840400376372,0.012345179870487527
wcf_sensitivity_v1_flex,SYM-MU,1000,25,10,cwdb_dr_oracle,tate_functional_rmse,TATE-K-grid_sd,10,0.0015095495726142438,0.0009660068475611924,0.00030547818736124396,0.0013997634485614237
wcf_sensitivity_v1_flex,SYM-MU,1000,25,10,cwdb_dr_oracle,tate_functional_rmse,TATE-K-grid_skewness,10,0.000281526197981893,0.00019505779331892138,6.16826902254166e-05,0.00029103665383294595
wcf_sensitivity_v1_flex,SYM-MU,1000,25,10,cwdb_dr_oracle,tate_functional_rmse,TATE-K-grid_upper_tail_mean,10,0.012703655140343606,0.007359458934033318,0.002327265257802015,0.011678656733099466
wcf_sensitivity_v1_flex,SYM-MU,1000,25,10,cwdb_dr_oracle,tcate_functional_rmse,TCATE-COMMON199-grid_mean,10,0.031132421465848777,0.00783301942660482,0.002477018234441735,0.033079367361653456
wcf_sensitivity_v1_flex,SYM-MU,1000,25,10,cwdb_dr_oracle,tcate_functional_rmse,TCATE-COMMON199-grid_sd,10,0.002816022554194243,0.001005357433829833,0.00031792193534842906,0.0030131302491042617
wcf_sensitivity_v1_flex,SYM-MU,1000,25,10,cwdb_dr_oracle,tcate_functional_rmse,TCATE-COMMON199-grid_skewness,10,0.0006875992032339023,0.00040298645196459903,0.00012743550543981691,0.0005128944655704614
wcf_sensitivity_v1_flex,SYM-MU,1000,25,10,cwdb_dr_oracle,tcate_functional_rmse,TCATE-COMMON199-grid_upper_tail_mean,10,0.031350892826098625,0.007151284510067891,0.0022614347247695865,0.03367862069324662
wcf_sensitivity_v1_flex,SYM-MU,1000,25,10,cwdb_dr_oracle,tcate_functional_rmse,TCATE-K-grid_mean,10,0.031132422327762765,0.007833017287436931,0.002477017557977452,0.033079368848991215
wcf_sensitivity_v1_flex,SYM-MU,1000,25,10,cwdb_dr_oracle,tcate_functional_rmse,TCATE-K-grid_sd,10,0.002827598247523553,0.001007717324254273,0.0003186681982253942,0.0030267546578932273
wcf_sensitivity_v1_flex,SYM-MU,1000,25,10,cwdb_dr_oracle,tcate_functional_rmse,TCATE-K-grid_skewness,10,0.0006704200591780747,0.0003287648095507086,0.00010396456126917175,0.0005878213379607087
wcf_sensitivity_v1_flex,SYM-MU,1000,25,10,cwdb_dr_oracle,tcate_functional_rmse,TCATE-K-grid_upper_tail_mean,10,0.031340173978326016,0.007174874501869695,0.0022688945351774263,0.03365771018469639
wcf_sensitivity_v1_flex,SYM-NL,500,25,10,cwdb_dr_flex,arm_energy_risk,LAW-A-M-K,10,0.05639678143710771,0.0022948215429636856,0.0007256862899387193,0.055875863656541055
wcf_sensitivity_v1_flex,SYM-NL,500,25,10,cwdb_dr_flex,barycenter_rmse,MEANQ-A-K,10,0.17682356110333602,0.007943686241659323,0.002512014154138619,0.17704076205107264
wcf_sensitivity_v1_flex,SYM-NL,500,25,10,cwdb_dr_flex,diagnostic_dense_dr_n_levels,NONE_OPERATIONAL,10,199.0,0.0,0.0,199.0
wcf_sensitivity_v1_flex,SYM-NL,500,25,10,cwdb_dr_flex,diagnostic_dr_if_se_reference,NONE_OPERATIONAL,10,0.10176709153733014,0.014433831074557842,0.004564378155771842,0.10394916237190419
wcf_sensitivity_v1_flex,SYM-NL,500,25,10,cwdb_dr_flex,diagnostic_effective_support,NONE_OPERATIONAL,10,9.999999999999998,0.0,0.0,9.999999999999998
wcf_sensitivity_v1_flex,SYM-NL,500,25,10,cwdb_dr_flex,diagnostic_ehat_mean,NONE_OPERATIONAL,10,0.46402971381300917,0.02491000365299284,0.007877234806657198,0.47409622593252043
wcf_sensitivity_v1_flex,SYM-NL,500,25,10,cwdb_dr_flex,diagnostic_n_boosting_steps,NONE_OPERATIONAL,10,100.0,0.0,0.0,100.0
wcf_sensitivity_v1_flex,SYM-NL,500,25,10,cwdb_dr_flex,diagnostic_selected_contrast_shrinkage,NONE_OPERATIONAL,10,20.0,25.81988897471611,8.164965809277259,0.0
wcf_sensitivity_v1_flex,SYM-NL,500,25,10,cwdb_dr_flex,diagnostic_train_risk,NONE_OPERATIONAL,10,0.03822341266168625,0.004728475022598956,0.001495275093062885,0.03593124179203033
wcf_sensitivity_v1_flex,SYM-NL,500,25,10,cwdb_dr_flex,kernel_law_error,LAW-A-COMMON199,10,0.03917674409061407,0.0030119236282730726,0.0009524538803821227,0.03893523136822586
wcf_sensitivity_v1_flex,SYM-NL,500,25,10,cwdb_dr_flex,kernel_law_error,LAW-A-INTERIOR,10,0.02862161704574644,0.002630943570285644,0.0008319774077477928,0.028424821981457966
wcf_sensitivity_v1_flex,SYM-NL,500,25,10,cwdb_dr_flex,kernel_law_error,LAW-A-K,10,0.029028240854596498,0.0027137249927621566,0.0008581551920452365,0.028827547922010522
wcf_sensitivity_v1_flex,SYM-NL,500,25,10,cwdb_dr_flex,mean_quantile_rmse,MEANQ-A-COMMON199,10,0.13201032060056048,0.01723037148833599,0.005448721883396709,0.1352717603132968
wcf_sensitivity_v1_flex,SYM-NL,500,25,10,cwdb_dr_flex,mean_quantile_rmse,MEANQ-A-INTERIOR,10,0.1304327241419763,0.016117921734025983,0.005096934382785275,0.13275967457985122
wcf_sensitivity_v1_flex,SYM-NL,500,25,10,cwdb_dr_flex,mean_quantile_rmse,MEANQ-A-K,10,0.1321790104706922,0.017345948067999092,0.005485270406987439,0.13554274016884013
wcf_sensitivity_v1_flex,SYM-NL,500,25,10,cwdb_dr_flex,mode_coverage,LAW-A-K,10,1.0,0.0,0.0,1.0
wcf_sensitivity_v1_flex,SYM-NL,500,25,10,cwdb_dr_flex,peak_ram,NONE_OPERATIONAL,10,0.0,0.0,0.0,0.0
wcf_sensitivity_v1_flex,SYM-NL,500,25,10,cwdb_dr_flex,process_peak_ram,NONE_OPERATIONAL,10,360.184765625,8.38631575351113,2.6519858958446396,362.99609375
wcf_sensitivity_v1_flex,SYM-NL,500,25,10,cwdb_dr_flex,reference_effect_rmse,REF-ATE-COMMON199,10,0.05400780273655932,0.052379056887595705,0.016563712145633257,0.04273584694597857
wcf_sensitivity_v1_flex,SYM-NL,500,25,10,cwdb_dr_flex,reference_effect_rmse,REF-ATE-K,10,0.054835035390517685,0.04607925039533993,0.014571538412248841,0.044426373880106916
wcf_sensitivity_v1_flex,SYM-NL,500,25,10,cwdb_dr_flex,reference_tcate_rmse,REF-TCATE-COMMON199,10,0.17299243043148757,0.058702769465592,0.018563445647105603,0.164382468539558
wcf_sensitivity_v1_flex,SYM-NL,500,25,10,cwdb_dr_flex,reference_tcate_rmse,REF-TCATE-INTERIOR,10,0.17896051530273277,0.062220325025495724,0.019675794383654067,0.17132775305525233
wcf_sensitivity_v1_flex,SYM-NL,500,25,10,cwdb_dr_flex,reference_tcate_rmse,REF-TCATE-K,10,0.17366091991802143,0.05897814155460183,0.01865052594763657,0.16580321976910997
wcf_sensitivity_v1_flex,SYM-NL,500,25,10,cwdb_dr_flex,runtime,NONE_OPERATIONAL,10,208.88667756559954,2.4761170987247687,0.7830169785258277,207.922929594999
wcf_sensitivity_v1_flex,SYM-NL,500,25,10,cwdb_dr_flex,tail_calibration,LAW-A-K,10,0.03539640295179892,0.0038155397090743714,0.001206579598349124,0.036114487534212696
wcf_sensitivity_v1_flex,SYM-NL,500,25,10,cwdb_dr_flex,tate_functional_rmse,TATE-COMMON199-grid_mean,10,0.07825263559518227,0.06627960617330146,0.02095945179265894,0.05259373533459907
wcf_sensitivity_v1_flex,SYM-NL,500,25,10,cwdb_dr_flex,tate_functional_rmse,TATE-COMMON199-grid_sd,10,0.012945994634930569,0.012105185263695384,0.0038279956931583383,0.006996045042341744
wcf_sensitivity_v1_flex,SYM-NL,500,25,10,cwdb_dr_flex,tate_functional_rmse,TATE-COMMON199-grid_skewness,10,0.004008990111863602,0.0032906057883328333,0.0010405809172865676,0.0030855778515581156
wcf_sensitivity_v1_flex,SYM-NL,500,25,10,cwdb_dr_flex,tate_functional_rmse,TATE-COMMON199-grid_upper_tail_mean,10,0.07392939720464681,0.06706699220224639,0.021208445117585066,0.05414862995537656
wcf_sensitivity_v1_flex,SYM-NL,500,25,10,cwdb_dr_flex,tate_functional_rmse,TATE-K-grid_mean,10,0.08428357390489608,0.06847707173310928,0.021654351417535907,0.0721687772257787
wcf_sensitivity_v1_flex,SYM-NL,500,25,10,cwdb_dr_flex,tate_functional_rmse,TATE-K-grid_sd,10,0.012515083034937622,0.011823719216063639,0.0037389883137061626,0.007432473634359677
wcf_sensitivity_v1_flex,SYM-NL,500,25,10,cwdb_dr_flex,tate_functional_rmse,TATE-K-grid_skewness,10,0.0044706030657596695,0.0034968391605578212,0.0011057976358633947,0.003393226661171807
wcf_sensitivity_v1_flex,SYM-NL,500,25,10,cwdb_dr_flex,tate_functional_rmse,TATE-K-grid_upper_tail_mean,10,0.08050115512115273,0.06816158356579201,0.02155458529918042,0.06390068168461924
wcf_sensitivity_v1_flex,SYM-NL,500,25,10,cwdb_dr_flex,tcate_functional_rmse,TCATE-COMMON199-grid_mean,10,0.2216576538882154,0.05962096452607044,0.018853804419848397,0.21039898893010772
wcf_sensitivity_v1_flex,SYM-NL,500,25,10,cwdb_dr_flex,tcate_functional_rmse,TCATE-COMMON199-grid_sd,10,0.026494399336578617,0.013668866350713568,0.004322475070068879,0.02324230509200434
wcf_sensitivity_v1_flex,SYM-NL,500,25,10,cwdb_dr_flex,tcate_functional_rmse,TCATE-COMMON199-grid_skewness,10,0.010020278169715683,0.005955310735758071,0.001883234609904866,0.010068072692509755
wcf_sensitivity_v1_flex,SYM-NL,500,25,10,cwdb_dr_flex,tcate_functional_rmse,TCATE-COMMON199-grid_upper_tail_mean,10,0.2243841539801005,0.05841800801761318,0.018473396170563542,0.20488997808651582
wcf_sensitivity_v1_flex,SYM-NL,500,25,10,cwdb_dr_flex,tcate_functional_rmse,TCATE-K-grid_mean,10,0.22165762459575622,0.05962099364563018,0.01885381362826172,0.21039900624150482
wcf_sensitivity_v1_flex,SYM-NL,500,25,10,cwdb_dr_flex,tcate_functional_rmse,TCATE-K-grid_sd,10,0.02661557787256464,0.013769918916025775,0.0043544306970478295,0.023288748567371002
wcf_sensitivity_v1_flex,SYM-NL,500,25,10,cwdb_dr_flex,tcate_functional_rmse,TCATE-K-grid_skewness,10,0.010757740532159492,0.006093565000116051,0.0019269544470650914,0.010859446308569925
wcf_sensitivity_v1_flex,SYM-NL,500,25,10,cwdb_dr_flex,tcate_functional_rmse,TCATE-K-grid_upper_tail_mean,10,0.22430238042436096,0.05838341227074204,0.018462456034816797,0.2050262781338627
wcf_sensitivity_v1_flex,SYM-NL,500,25,10,cwdb_dr_oracle,arm_energy_risk,LAW-A-M-K,10,0.05639678143710771,0.0022948215429636856,0.0007256862899387193,0.055875863656541055
wcf_sensitivity_v1_flex,SYM-NL,500,25,10,cwdb_dr_oracle,barycenter_rmse,MEANQ-A-K,10,0.17682356110333602,0.007943686241659323,0.002512014154138619,0.17704076205107264
wcf_sensitivity_v1_flex,SYM-NL,500,25,10,cwdb_dr_oracle,diagnostic_dense_dr_n_levels,NONE_OPERATIONAL,10,199.0,0.0,0.0,199.0
wcf_sensitivity_v1_flex,SYM-NL,500,25,10,cwdb_dr_oracle,diagnostic_dr_if_se_reference,NONE_OPERATIONAL,10,0.027218877108786354,0.002540146925579923,0.0008032649876306781,0.026660149842047585
wcf_sensitivity_v1_flex,SYM-NL,500,25,10,cwdb_dr_oracle,diagnostic_effective_support,NONE_OPERATIONAL,10,9.999999999999998,0.0,0.0,9.999999999999998
wcf_sensitivity_v1_flex,SYM-NL,500,25,10,cwdb_dr_oracle,diagnostic_ehat_mean,NONE_OPERATIONAL,10,0.46262292499703506,0.008639098588326156,0.0027319228469855983,0.4645416650285667
wcf_sensitivity_v1_flex,SYM-NL,500,25,10,cwdb_dr_oracle,diagnostic_n_boosting_steps,NONE_OPERATIONAL,10,100.0,0.0,0.0,100.0
wcf_sensitivity_v1_flex,SYM-NL,500,25,10,cwdb_dr_oracle,diagnostic_selected_contrast_shrinkage,NONE_OPERATIONAL,10,20.0,25.81988897471611,8.164965809277259,0.0
wcf_sensitivity_v1_flex,SYM-NL,500,25,10,cwdb_dr_oracle,diagnostic_train_risk,NONE_OPERATIONAL,10,0.03822341266168625,0.004728475022598956,0.001495275093062885,0.03593124179203033
wcf_sensitivity_v1_flex,SYM-NL,500,25,10,cwdb_dr_oracle,kernel_law_error,LAW-A-COMMON199,10,0.03917674409061407,0.0030119236282730726,0.0009524538803821227,0.03893523136822586
wcf_sensitivity_v1_flex,SYM-NL,500,25,10,cwdb_dr_oracle,kernel_law_error,LAW-A-INTERIOR,10,0.02862161704574644,0.002630943570285644,0.0008319774077477928,0.028424821981457966
wcf_sensitivity_v1_flex,SYM-NL,500,25,10,cwdb_dr_oracle,kernel_law_error,LAW-A-K,10,0.029028240854596498,0.0027137249927621566,0.0008581551920452365,0.028827547922010522
wcf_sensitivity_v1_flex,SYM-NL,500,25,10,cwdb_dr_oracle,mean_quantile_rmse,MEANQ-A-COMMON199,10,0.13201032060056048,0.01723037148833599,0.005448721883396709,0.1352717603132968
wcf_sensitivity_v1_flex,SYM-NL,500,25,10,cwdb_dr_oracle,mean_quantile_rmse,MEANQ-A-INTERIOR,10,0.1304327241419763,0.016117921734025983,0.005096934382785275,0.13275967457985122
wcf_sensitivity_v1_flex,SYM-NL,500,25,10,cwdb_dr_oracle,mean_quantile_rmse,MEANQ-A-K,10,0.1321790104706922,0.017345948067999092,0.005485270406987439,0.13554274016884013
wcf_sensitivity_v1_flex,SYM-NL,500,25,10,cwdb_dr_oracle,mode_coverage,LAW-A-K,10,1.0,0.0,0.0,1.0
wcf_sensitivity_v1_flex,SYM-NL,500,25,10,cwdb_dr_oracle,peak_ram,NONE_OPERATIONAL,10,0.0,0.0,0.0,0.0
wcf_sensitivity_v1_flex,SYM-NL,500,25,10,cwdb_dr_oracle,process_peak_ram,NONE_OPERATIONAL,10,360.2203125,8.407499390838185,2.658684750152685,362.99609375
wcf_sensitivity_v1_flex,SYM-NL,500,25,10,cwdb_dr_oracle,reference_effect_rmse,REF-ATE-COMMON199,10,0.02338916981479299,0.015581194451799292,0.0049272063133664395,0.026342357980030047
wcf_sensitivity_v1_flex,SYM-NL,500,25,10,cwdb_dr_oracle,reference_effect_rmse,REF-ATE-K,10,0.023473343123807368,0.013850471600825967,0.004379903692608852,0.021449264335437795
wcf_sensitivity_v1_flex,SYM-NL,500,25,10,cwdb_dr_oracle,reference_tcate_rmse,REF-TCATE-COMMON199,10,0.057436460006032995,0.015230343561699788,0.004816257520185254,0.05733584112279832
wcf_sensitivity_v1_flex,SYM-NL,500,25,10,cwdb_dr_oracle,reference_tcate_rmse,REF-TCATE-INTERIOR,10,0.05939595873036574,0.01570650257263088,0.004966832220480781,0.05895125337384285
wcf_sensitivity_v1_flex,SYM-NL,500,25,10,cwdb_dr_oracle,reference_tcate_rmse,REF-TCATE-K,10,0.057824389196269844,0.015346890364898697,0.004853112855397249,0.05802433501989178
wcf_sensitivity_v1_flex,SYM-NL,500,25,10,cwdb_dr_oracle,runtime,NONE_OPERATIONAL,10,208.4364698869991,2.221315173771715,0.7024415350211335,207.94881378850187
wcf_sensitivity_v1_flex,SYM-NL,500,25,10,cwdb_dr_oracle,tail_calibration,LAW-A-K,10,0.03539640295179892,0.0038155397090743714,0.001206579598349124,0.036114487534212696
wcf_sensitivity_v1_flex,SYM-NL,500,25,10,cwdb_dr_oracle,tate_functional_rmse,TATE-COMMON199-grid_mean,10,0.023540483725415524,0.01834076045406544,0.00579985770543908,0.017854235815521258
wcf_sensitivity_v1_flex,SYM-NL,500,25,10,cwdb_dr_oracle,tate_functional_rmse,TATE-COMMON199-grid_sd,10,0.0021258452798907186,0.0016757922473896471,0.0005299320387003643,0.001951752238769217
wcf_sensitivity_v1_flex,SYM-NL,500,25,10,cwdb_dr_oracle,tate_functional_rmse,TATE-COMMON199-grid_skewness,10,0.0007906982260384292,0.0006544665950191319,0.00020696050927554666,0.0005448311774132132
wcf_sensitivity_v1_flex,SYM-NL,500,25,10,cwdb_dr_oracle,tate_functional_rmse,TATE-COMMON199-grid_upper_tail_mean,10,0.023112962023506933,0.01833309396373713,0.005797433348329369,0.01722207586287966
wcf_sensitivity_v1_flex,SYM-NL,500,25,10,cwdb_dr_oracle,tate_functional_rmse,TATE-K-grid_mean,10,0.022839838530869037,0.017287343188424304,0.005466737916841818,0.017492528017315573
wcf_sensitivity_v1_flex,SYM-NL,500,25,10,cwdb_dr_oracle,tate_functional_rmse,TATE-K-grid_sd,10,0.0022137143850157514,0.0016426059117771589,0.0005194375979273421,0.0018219616802606176
wcf_sensitivity_v1_flex,SYM-NL,500,25,10,cwdb_dr_oracle,tate_functional_rmse,TATE-K-grid_skewness,10,0.0008566957093311482,0.0007310447481204335,0.00023117664755646666,0.0005664729063634519
wcf_sensitivity_v1_flex,SYM-NL,500,25,10,cwdb_dr_oracle,tate_functional_rmse,TATE-K-grid_upper_tail_mean,10,0.022526411585408402,0.016943505720264745,0.0053580069624128345,0.017971148140603854
wcf_sensitivity_v1_flex,SYM-NL,500,25,10,cwdb_dr_oracle,tcate_functional_rmse,TCATE-COMMON199-grid_mean,10,0.06559968597234218,0.016450541034422454,0.005202117841083735,0.06426982129804044
wcf_sensitivity_v1_flex,SYM-NL,500,25,10,cwdb_dr_oracle,tcate_functional_rmse,TCATE-COMMON199-grid_sd,10,0.006196322850137126,0.002302136917954284,0.0007279996146295717,0.006272956504077582
wcf_sensitivity_v1_flex,SYM-NL,500,25,10,cwdb_dr_oracle,tcate_functional_rmse,TCATE-COMMON199-grid_skewness,10,0.0018129200156841642,0.0011847975617502644,0.0003746658861344827,0.0016138637453176413
wcf_sensitivity_v1_flex,SYM-NL,500,25,10,cwdb_dr_oracle,tcate_functional_rmse,TCATE-COMMON199-grid_upper_tail_mean,10,0.0664009658273078,0.017313934325867256,0.005475146772831249,0.06523755498301695
wcf_sensitivity_v1_flex,SYM-NL,500,25,10,cwdb_dr_oracle,tcate_functional_rmse,TCATE-K-grid_mean,10,0.06559968074516366,0.0164505447541042,0.005202119017350383,0.06426981884931063
wcf_sensitivity_v1_flex,SYM-NL,500,25,10,cwdb_dr_oracle,tcate_functional_rmse,TCATE-K-grid_sd,10,0.006215565600605675,0.0023091471824282727,0.0007302164549033683,0.006294370582422489
wcf_sensitivity_v1_flex,SYM-NL,500,25,10,cwdb_dr_oracle,tcate_functional_rmse,TCATE-K-grid_skewness,10,0.0019816586682402165,0.0012651540423924777,0.0004000768364929451,0.001742142137866646
wcf_sensitivity_v1_flex,SYM-NL,500,25,10,cwdb_dr_oracle,tcate_functional_rmse,TCATE-K-grid_upper_tail_mean,10,0.06637521869764966,0.017274642725859976,0.005462721677937719,0.06525989419159142
wcf_sensitivity_v1_flex,SYM-NL,1000,25,10,cwdb_dr_flex,arm_energy_risk,LAW-A-M-K,10,0.04672448111154857,0.003475127916284456,0.0010989319375893825,0.04646836265528985
wcf_sensitivity_v1_flex,SYM-NL,1000,25,10,cwdb_dr_flex,barycenter_rmse,MEANQ-A-K,10,0.1574109162987815,0.005574672241707609,0.0017628661492712751,0.1560401933312014
wcf_sensitivity_v1_flex,SYM-NL,1000,25,10,cwdb_dr_flex,diagnostic_dense_dr_n_levels,NONE_OPERATIONAL,10,199.0,0.0,0.0,199.0
wcf_sensitivity_v1_flex,SYM-NL,1000,25,10,cwdb_dr_flex,diagnostic_dr_if_se_reference,NONE_OPERATIONAL,10,0.08243159852798977,0.013262926961674571,0.004194105763934837,0.08029963091564389
wcf_sensitivity_v1_flex,SYM-NL,1000,25,10,cwdb_dr_flex,diagnostic_effective_support,NONE_OPERATIONAL,10,9.999999999999998,0.0,0.0,9.999999999999998
wcf_sensitivity_v1_flex,SYM-NL,1000,25,10,cwdb_dr_flex,diagnostic_ehat_mean,NONE_OPERATIONAL,10,0.4531061730273375,0.02345191770058847,0.00741614754326783,0.4590463532249818
wcf_sensitivity_v1_flex,SYM-NL,1000,25,10,cwdb_dr_flex,diagnostic_n_boosting_steps,NONE_OPERATIONAL,10,100.0,0.0,0.0,100.0
wcf_sensitivity_v1_flex,SYM-NL,1000,25,10,cwdb_dr_flex,diagnostic_selected_contrast_shrinkage,NONE_OPERATIONAL,10,35.0,24.1522945769824,7.637626158259733,50.0
wcf_sensitivity_v1_flex,SYM-NL,1000,25,10,cwdb_dr_flex,diagnostic_train_risk,NONE_OPERATIONAL,10,0.05961401624106133,0.005729817490617628,0.0018119273847422167,0.06118156274387482
wcf_sensitivity_v1_flex,SYM-NL,1000,25,10,cwdb_dr_flex,kernel_law_error,LAW-A-COMMON199,10,0.03226326404852172,0.0026755313795438717,0.000846077311061107,0.032352985522597445
wcf_sensitivity_v1_flex,SYM-NL,1000,25,10,cwdb_dr_flex,kernel_law_error,LAW-A-INTERIOR,10,0.021775003815120826,0.0025333440954936485,0.0008011137438699034,0.02188108119900919
wcf_sensitivity_v1_flex,SYM-NL,1000,25,10,cwdb_dr_flex,kernel_law_error,LAW-A-K,10,0.021998632074992107,0.0025806934188170676,0.0008160869146068772,0.02225330443730299
wcf_sensitivity_v1_flex,SYM-NL,1000,25,10,cwdb_dr_flex,mean_quantile_rmse,MEANQ-A-COMMON199,10,0.10706856153609809,0.024741080603112118,0.007823816647964665,0.10025064196757952
wcf_sensitivity_v1_flex,SYM-NL,1000,25,10,cwdb_dr_flex,mean_quantile_rmse,MEANQ-A-INTERIOR,10,0.1064531712082426,0.02399626547607936,0.00758828542424755,0.10011718967943535
wcf_sensitivity_v1_flex,SYM-NL,1000,25,10,cwdb_dr_flex,mean_quantile_rmse,MEANQ-A-K,10,0.10712225604274224,0.024816275148057978,0.007847595250929549,0.10025354953693089
wcf_sensitivity_v1_flex,SYM-NL,1000,25,10,cwdb_dr_flex,mode_coverage,LAW-A-K,10,1.0,0.0,0.0,1.0
wcf_sensitivity_v1_flex,SYM-NL,1000,25,10,cwdb_dr_flex,peak_ram,NONE_OPERATIONAL,10,44.010546875,69.05774421377703,21.837976178884926,15.41015625
wcf_sensitivity_v1_flex,SYM-NL,1000,25,10,cwdb_dr_flex,process_peak_ram,NONE_OPERATIONAL,10,415.8265625,40.336055619608295,12.755380758519651,434.685546875
wcf_sensitivity_v1_flex,SYM-NL,1000,25,10,cwdb_dr_flex,reference_effect_rmse,REF-ATE-COMMON199,10,0.050552092170408,0.04214443921645238,0.013327241863451153,0.03696345474669309
wcf_sensitivity_v1_flex,SYM-NL,1000,25,10,cwdb_dr_flex,reference_effect_rmse,REF-ATE-K,10,0.04920530363015299,0.04325826718190383,0.013679465192692941,0.0384044941499301
wcf_sensitivity_v1_flex,SYM-NL,1000,25,10,cwdb_dr_flex,reference_tcate_rmse,REF-TCATE-COMMON199,10,0.1461968931756134,0.04571609893518673,0.014456699837278842,0.15269842605689476
wcf_sensitivity_v1_flex,SYM-NL,1000,25,10,cwdb_dr_flex,reference_tcate_rmse,REF-TCATE-INTERIOR,10,0.1533641909042966,0.04694555172509115,0.014845486946453485,0.1587508376679881
wcf_sensitivity_v1_flex,SYM-NL,1000,25,10,cwdb_dr_flex,reference_tcate_rmse,REF-TCATE-K,10,0.14708963800252686,0.04654616279363943,0.014719189076888656,0.15371181163044914
wcf_sensitivity_v1_flex,SYM-NL,1000,25,10,cwdb_dr_flex,runtime,NONE_OPERATIONAL,10,346.17851647669914,105.62454105647107,33.40141265484162,340.84085062249994
wcf_sensitivity_v1_flex,SYM-NL,1000,25,10,cwdb_dr_flex,tail_calibration,LAW-A-K,10,0.031124350677348783,0.004276178326498875,0.0013522463192783597,0.03073424993693709
wcf_sensitivity_v1_flex,SYM-NL,1000,25,10,cwdb_dr_flex,tate_functional_rmse,TATE-COMMON199-grid_mean,10,0.11479566976088593,0.06584576041086189,0.020822257716406802,0.12842965228518283
wcf_sensitivity_v1_flex,SYM-NL,1000,25,10,cwdb_dr_flex,tate_functional_rmse,TATE-COMMON199-grid_sd,10,0.007339025478578666,0.005296833230659924,0.0016750057394953383,0.006267966826872128
wcf_sensitivity_v1_flex,SYM-NL,1000,25,10,cwdb_dr_flex,tate_functional_rmse,TATE-COMMON199-grid_skewness,10,0.002231398071778709,0.0018029574362266247,0.0005701452022813911,0.0021557342459022086
wcf_sensitivity_v1_flex,SYM-NL,1000,25,10,cwdb_dr_flex,tate_functional_rmse,TATE-COMMON199-grid_upper_tail_mean,10,0.1111756193158641,0.06625871997505532,0.020952846996846977,0.12788278801608166
wcf_sensitivity_v1_flex,SYM-NL,1000,25,10,cwdb_dr_flex,tate_functional_rmse,TATE-K-grid_mean,10,0.11183836849616416,0.06595048083123703,0.020855373220998376,0.12018492876974098
wcf_sensitivity_v1_flex,SYM-NL,1000,25,10,cwdb_dr_flex,tate_functional_rmse,TATE-K-grid_sd,10,0.007407495184132888,0.005427580195230384,0.0017163515600149375,0.0063070410373964984
wcf_sensitivity_v1_flex,SYM-NL,1000,25,10,cwdb_dr_flex,tate_functional_rmse,TATE-K-grid_skewness,10,0.002500932748851688,0.0019017035282020529,0.0006013714583496739,0.0023670722316256965
wcf_sensitivity_v1_flex,SYM-NL,1000,25,10,cwdb_dr_flex,tate_functional_rmse,TATE-K-grid_upper_tail_mean,10,0.10829700679347795,0.06640228174701245,0.020998245215278398,0.11951711854811536
wcf_sensitivity_v1_flex,SYM-NL,1000,25,10,cwdb_dr_flex,tcate_functional_rmse,TCATE-COMMON199-grid_mean,10,0.20945388519010022,0.05901494863118792,0.018662165367239,0.1990403754112638
wcf_sensitivity_v1_flex,SYM-NL,1000,25,10,cwdb_dr_flex,tcate_functional_rmse,TCATE-COMMON199-grid_sd,10,0.01570298457367807,0.00827557782926014,0.0026169674894454074,0.012994001576043761
wcf_sensitivity_v1_flex,SYM-NL,1000,25,10,cwdb_dr_flex,tcate_functional_rmse,TCATE-COMMON199-grid_skewness,10,0.004469620410525567,0.002257219347210045,0.0007137954315782177,0.004576540753463819
wcf_sensitivity_v1_flex,SYM-NL,1000,25,10,cwdb_dr_flex,tcate_functional_rmse,TCATE-COMMON199-grid_upper_tail_mean,10,0.20646041362297743,0.05953578978110065,0.018826869800525545,0.19933567287344378
wcf_sensitivity_v1_flex,SYM-NL,1000,25,10,cwdb_dr_flex,tcate_functional_rmse,TCATE-K-grid_mean,10,0.20945388854511596,0.059014945711354745,0.01866216444390668,0.19904036869948988
wcf_sensitivity_v1_flex,SYM-NL,1000,25,10,cwdb_dr_flex,tcate_functional_rmse,TCATE-K-grid_sd,10,0.015736646351769277,0.008285287840816148,0.002620038064707761,0.013038876276946103
wcf_sensitivity_v1_flex,SYM-NL,1000,25,10,cwdb_dr_flex,tcate_functional_rmse,TCATE-K-grid_skewness,10,0.00475572678518079,0.0024109142579379727,0.0007623980298458677,0.004863373647943635
wcf_sensitivity_v1_flex,SYM-NL,1000,25,10,cwdb_dr_flex,tcate_functional_rmse,TCATE-K-grid_upper_tail_mean,10,0.20654103807361643,0.059513501906611616,0.018819821755766616,0.1994315369280198
wcf_sensitivity_v1_flex,SYM-NL,1000,25,10,cwdb_dr_oracle,arm_energy_risk,LAW-A-M-K,10,0.04672448111154857,0.003475127916284456,0.0010989319375893825,0.04646836265528985
wcf_sensitivity_v1_flex,SYM-NL,1000,25,10,cwdb_dr_oracle,barycenter_rmse,MEANQ-A-K,10,0.1574109162987815,0.005574672241707609,0.0017628661492712751,0.1560401933312014
wcf_sensitivity_v1_flex,SYM-NL,1000,25,10,cwdb_dr_oracle,diagnostic_dense_dr_n_levels,NONE_OPERATIONAL,10,199.0,0.0,0.0,199.0
wcf_sensitivity_v1_flex,SYM-NL,1000,25,10,cwdb_dr_oracle,diagnostic_dr_if_se_reference,NONE_OPERATIONAL,10,0.020006396610390515,0.0010804553585083711,0.0003416699843020239,0.020052888948355996
wcf_sensitivity_v1_flex,SYM-NL,1000,25,10,cwdb_dr_oracle,diagnostic_effective_support,NONE_OPERATIONAL,10,9.999999999999998,0.0,0.0,9.999999999999998
wcf_sensitivity_v1_flex,SYM-NL,1000,25,10,cwdb_dr_oracle,diagnostic_ehat_mean,NONE_OPERATIONAL,10,0.45791881630988585,0.006687322647294791,0.002114717101387838,0.4574760454723634
wcf_sensitivity_v1_flex,SYM-NL,1000,25,10,cwdb_dr_oracle,diagnostic_n_boosting_steps,NONE_OPERATIONAL,10,100.0,0.0,0.0,100.0
wcf_sensitivity_v1_flex,SYM-NL,1000,25,10,cwdb_dr_oracle,diagnostic_selected_contrast_shrinkage,NONE_OPERATIONAL,10,35.0,24.1522945769824,7.637626158259733,50.0
wcf_sensitivity_v1_flex,SYM-NL,1000,25,10,cwdb_dr_oracle,diagnostic_train_risk,NONE_OPERATIONAL,10,0.05961401624106133,0.005729817490617628,0.0018119273847422167,0.06118156274387482
wcf_sensitivity_v1_flex,SYM-NL,1000,25,10,cwdb_dr_oracle,kernel_law_error,LAW-A-COMMON199,10,0.03226326404852172,0.0026755313795438717,0.000846077311061107,0.032352985522597445
wcf_sensitivity_v1_flex,SYM-NL,1000,25,10,cwdb_dr_oracle,kernel_law_error,LAW-A-INTERIOR,10,0.021775003815120826,0.0025333440954936485,0.0008011137438699034,0.02188108119900919
wcf_sensitivity_v1_flex,SYM-NL,1000,25,10,cwdb_dr_oracle,kernel_law_error,LAW-A-K,10,0.021998632074992107,0.0025806934188170676,0.0008160869146068772,0.02225330443730299
wcf_sensitivity_v1_flex,SYM-NL,1000,25,10,cwdb_dr_oracle,mean_quantile_rmse,MEANQ-A-COMMON199,10,0.10706856153609809,0.024741080603112118,0.007823816647964665,0.10025064196757952
wcf_sensitivity_v1_flex,SYM-NL,1000,25,10,cwdb_dr_oracle,mean_quantile_rmse,MEANQ-A-INTERIOR,10,0.1064531712082426,0.02399626547607936,0.00758828542424755,0.10011718967943535
wcf_sensitivity_v1_flex,SYM-NL,1000,25,10,cwdb_dr_oracle,mean_quantile_rmse,MEANQ-A-K,10,0.10712225604274224,0.024816275148057978,0.007847595250929549,0.10025354953693089
wcf_sensitivity_v1_flex,SYM-NL,1000,25,10,cwdb_dr_oracle,mode_coverage,LAW-A-K,10,1.0,0.0,0.0,1.0
wcf_sensitivity_v1_flex,SYM-NL,1000,25,10,cwdb_dr_oracle,peak_ram,NONE_OPERATIONAL,10,6.7796875,7.934149504065611,2.5089983729142706,4.275390625
wcf_sensitivity_v1_flex,SYM-NL,1000,25,10,cwdb_dr_oracle,process_peak_ram,NONE_OPERATIONAL,10,422.618359375,44.86343428562819,14.187063599987415,450.01171875
wcf_sensitivity_v1_flex,SYM-NL,1000,25,10,cwdb_dr_oracle,reference_effect_rmse,REF-ATE-COMMON199,10,0.016882956729765232,0.01658806079287243,0.005245605407081545,0.008657956848777987
wcf_sensitivity_v1_flex,SYM-NL,1000,25,10,cwdb_dr_oracle,reference_effect_rmse,REF-ATE-K,10,0.014878615217707938,0.015397718557866386,0.004869186141310095,0.00837488810314048
wcf_sensitivity_v1_flex,SYM-NL,1000,25,10,cwdb_dr_oracle,reference_tcate_rmse,REF-TCATE-COMMON199,10,0.03370466699516301,0.01671177146771237,0.005284726157418615,0.031856342172939076
wcf_sensitivity_v1_flex,SYM-NL,1000,25,10,cwdb_dr_oracle,reference_tcate_rmse,REF-TCATE-INTERIOR,10,0.03553042733526178,0.01733402540656584,0.005481500130397426,0.034052187748598854
wcf_sensitivity_v1_flex,SYM-NL,1000,25,10,cwdb_dr_oracle,reference_tcate_rmse,REF-TCATE-K,10,0.03388322710801821,0.01672625176658963,0.005289305229983827,0.03169628331638305
wcf_sensitivity_v1_flex,SYM-NL,1000,25,10,cwdb_dr_oracle,runtime,NONE_OPERATIONAL,10,354.4050786410997,101.88174793868252,32.21783754854015,363.9918152985
wcf_sensitivity_v1_flex,SYM-NL,1000,25,10,cwdb_dr_oracle,tail_calibration,LAW-A-K,10,0.031124350677348783,0.004276178326498875,0.0013522463192783597,0.03073424993693709
wcf_sensitivity_v1_flex,SYM-NL,1000,25,10,cwdb_dr_oracle,tate_functional_rmse,TATE-COMMON199-grid_mean,10,0.015136023425699119,0.013234430189697438,0.004185094293393817,0.011344721894856385
wcf_sensitivity_v1_flex,SYM-NL,1000,25,10,cwdb_dr_oracle,tate_functional_rmse,TATE-COMMON199-grid_sd,10,0.0011157803594328594,0.0010432873036332595,0.00032991641334167613,0.000893964416969945
wcf_sensitivity_v1_flex,SYM-NL,1000,25,10,cwdb_dr_oracle,tate_functional_rmse,TATE-COMMON199-grid_skewness,10,0.0002625383570716102,0.00014496989803991156,4.584350699685e-05,0.00023601555355753408
wcf_sensitivity_v1_flex,SYM-NL,1000,25,10,cwdb_dr_oracle,tate_functional_rmse,TATE-COMMON199-grid_upper_tail_mean,10,0.015682013111301612,0.013377893180547624,0.004230461274496466,0.012261795661562491
wcf_sensitivity_v1_flex,SYM-NL,1000,25,10,cwdb_dr_oracle,tate_functional_rmse,TATE-K-grid_mean,10,0.015605402051475478,0.014254098969403222,0.004507541873677292,0.010942175689780786
wcf_sensitivity_v1_flex,SYM-NL,1000,25,10,cwdb_dr_oracle,tate_functional_rmse,TATE-K-grid_sd,10,0.0011809269151505208,0.001160088311096245,0.00036685213500021205,0.0009697754620456428
wcf_sensitivity_v1_flex,SYM-NL,1000,25,10,cwdb_dr_oracle,tate_functional_rmse,TATE-K-grid_skewness,10,0.00027502925203128423,0.00017535914971266133,5.5453432164247116e-05,0.0002654416777957758
wcf_sensitivity_v1_flex,SYM-NL,1000,25,10,cwdb_dr_oracle,tate_functional_rmse,TATE-K-grid_upper_tail_mean,10,0.01633777460745107,0.01421489349000836,0.004495144012512636,0.01192995087368992
wcf_sensitivity_v1_flex,SYM-NL,1000,25,10,cwdb_dr_oracle,tcate_functional_rmse,TCATE-COMMON199-grid_mean,10,0.03967434961562308,0.023746742641638032,0.007509379375741979,0.03451819660616666
wcf_sensitivity_v1_flex,SYM-NL,1000,25,10,cwdb_dr_oracle,tcate_functional_rmse,TCATE-COMMON199-grid_sd,10,0.002832180964939106,0.001541531121549055,0.00048747494281288826,0.002247816159165068
wcf_sensitivity_v1_flex,SYM-NL,1000,25,10,cwdb_dr_oracle,tcate_functional_rmse,TCATE-COMMON199-grid_skewness,10,0.000599474716638946,0.0002473899375042252,7.823156727200628e-05,0.000575568054702016
wcf_sensitivity_v1_flex,SYM-NL,1000,25,10,cwdb_dr_oracle,tcate_functional_rmse,TCATE-COMMON199-grid_upper_tail_mean,10,0.04008442077765681,0.023419086849220776,0.007405765516483393,0.034964975905797335
wcf_sensitivity_v1_flex,SYM-NL,1000,25,10,cwdb_dr_oracle,tcate_functional_rmse,TCATE-K-grid_mean,10,0.03967434964985761,0.02374673819399342,0.007509377969273259,0.03451820078382703
wcf_sensitivity_v1_flex,SYM-NL,1000,25,10,cwdb_dr_oracle,tcate_functional_rmse,TCATE-K-grid_sd,10,0.0028423386052976026,0.0015502081996718407,0.0004902188758432104,0.0022530852313915562
wcf_sensitivity_v1_flex,SYM-NL,1000,25,10,cwdb_dr_oracle,tcate_functional_rmse,TCATE-K-grid_skewness,10,0.0006351170562698303,0.0002799572926648625,8.853026923953156e-05,0.0006274087256001992
wcf_sensitivity_v1_flex,SYM-NL,1000,25,10,cwdb_dr_oracle,tcate_functional_rmse,TCATE-K-grid_upper_tail_mean,10,0.04006772706913078,0.023436567209631977,0.007411293291805397,0.03494143927529346
wcf_sensitivity_v1_flex_rf,SYM-MU,500,25,10,cwdb_dr_flex_rf,arm_energy_risk,LAW-A-M-K,10,0.05511799511417468,0.0017885828323189563,0.0005655995534002921,0.05542912772478899
wcf_sensitivity_v1_flex_rf,SYM-MU,500,25,10,cwdb_dr_flex_rf,barycenter_rmse,MEANQ-A-K,10,0.17689973025372258,0.00862528583163545,0.0027275548697947623,0.17740094552937608
wcf_sensitivity_v1_flex_rf,SYM-MU,500,25,10,cwdb_dr_flex_rf,diagnostic_dense_dr_n_levels,NONE_OPERATIONAL,10,199.0,0.0,0.0,199.0
wcf_sensitivity_v1_flex_rf,SYM-MU,500,25,10,cwdb_dr_flex_rf,diagnostic_dr_if_se_reference,NONE_OPERATIONAL,10,0.025714070414511493,0.0007750950672176589,0.0002451065815569111,0.02545236767660264
wcf_sensitivity_v1_flex_rf,SYM-MU,500,25,10,cwdb_dr_flex_rf,diagnostic_effective_support,NONE_OPERATIONAL,10,9.999999999999998,0.0,0.0,9.999999999999998
wcf_sensitivity_v1_flex_rf,SYM-MU,500,25,10,cwdb_dr_flex_rf,diagnostic_ehat_mean,NONE_OPERATIONAL,10,0.5115873675791558,0.016540901261859295,0.00523069225394286,0.5124478327009578
wcf_sensitivity_v1_flex_rf,SYM-MU,500,25,10,cwdb_dr_flex_rf,diagnostic_n_boosting_steps,NONE_OPERATIONAL,10,100.0,0.0,0.0,100.0
wcf_sensitivity_v1_flex_rf,SYM-MU,500,25,10,cwdb_dr_flex_rf,diagnostic_selected_contrast_shrinkage,NONE_OPERATIONAL,10,30.0,25.81988897471611,8.164965809277259,50.0
wcf_sensitivity_v1_flex_rf,SYM-MU,500,25,10,cwdb_dr_flex_rf,diagnostic_train_risk,NONE_OPERATIONAL,10,0.0365961978478376,0.0026589919147292753,0.0008408470730516731,0.03557275097335351
wcf_sensitivity_v1_flex_rf,SYM-MU,500,25,10,cwdb_dr_flex_rf,kernel_law_error,LAW-A-COMMON199,10,0.037420330715862746,0.0018450669441523275,0.0005834613979008044,0.037197864408917335
wcf_sensitivity_v1_flex_rf,SYM-MU,500,25,10,cwdb_dr_flex_rf,kernel_law_error,LAW-A-INTERIOR,10,0.026991600360115785,0.0016220055909403927,0.0005129232044899014,0.026764055605561943
wcf_sensitivity_v1_flex_rf,SYM-MU,500,25,10,cwdb_dr_flex_rf,kernel_law_error,LAW-A-K,10,0.02732646504254609,0.0016520423426494165,0.0005224216593812484,0.027262824217048613
wcf_sensitivity_v1_flex_rf,SYM-MU,500,25,10,cwdb_dr_flex_rf,mean_quantile_rmse,MEANQ-A-COMMON199,10,0.12859862593901566,0.022183687113204096,0.007015097817825048,0.12853135885660338
wcf_sensitivity_v1_flex_rf,SYM-MU,500,25,10,cwdb_dr_flex_rf,mean_quantile_rmse,MEANQ-A-INTERIOR,10,0.12754452093404164,0.02120101025994092,0.0067043481118011766,0.12839739360270214
wcf_sensitivity_v1_flex_rf,SYM-MU,500,25,10,cwdb_dr_flex_rf,mean_quantile_rmse,MEANQ-A-K,10,0.1286768278304405,0.022263437274574218,0.007040317033194603,0.1285343077499676
wcf_sensitivity_v1_flex_rf,SYM-MU,500,25,10,cwdb_dr_flex_rf,mode_coverage,LAW-A-K,10,1.0,0.0,0.0,1.0
wcf_sensitivity_v1_flex_rf,SYM-MU,500,25,10,cwdb_dr_flex_rf,peak_ram,NONE_OPERATIONAL,10,44.684765625,57.704517887098916,18.247770780515953,0.0
wcf_sensitivity_v1_flex_rf,SYM-MU,500,25,10,cwdb_dr_flex_rf,process_peak_ram,NONE_OPERATIONAL,10,428.350390625,7.358244010409068,2.326881065218438,432.796875
wcf_sensitivity_v1_flex_rf,SYM-MU,500,25,10,cwdb_dr_flex_rf,reference_effect_rmse,REF-ATE-COMMON199,10,0.02628610058579143,0.015449325628494756,0.004885505729965577,0.02775856747112477
wcf_sensitivity_v1_flex_rf,SYM-MU,500,25,10,cwdb_dr_flex_rf,reference_effect_rmse,REF-ATE-K,10,0.021517739333568004,0.017168009155719966,0.005429001182269944,0.020245786150824573
wcf_sensitivity_v1_flex_rf,SYM-MU,500,25,10,cwdb_dr_flex_rf,reference_tcate_rmse,REF-TCATE-COMMON199,10,0.04674194737676041,0.010306555829016574,0.0032592191251377303,0.047752003208954855
wcf_sensitivity_v1_flex_rf,SYM-MU,500,25,10,cwdb_dr_flex_rf,reference_tcate_rmse,REF-TCATE-INTERIOR,10,0.04778859827237622,0.010696992681758848,0.0033826860988510647,0.04830361289935639
wcf_sensitivity_v1_flex_rf,SYM-MU,500,25,10,cwdb_dr_flex_rf,reference_tcate_rmse,REF-TCATE-K,10,0.047007794069504207,0.010445986886822871,0.00330331109706118,0.04820211056061027
wcf_sensitivity_v1_flex_rf,SYM-MU,500,25,10,cwdb_dr_flex_rf,runtime,NONE_OPERATIONAL,10,158.46715051619998,13.198666202146185,4.17378472750663,155.33760978899997
wcf_sensitivity_v1_flex_rf,SYM-MU,500,25,10,cwdb_dr_flex_rf,tail_calibration,LAW-A-K,10,0.03528572858934126,0.004885978709274858,0.0015450821320398215,0.035273541823420324
wcf_sensitivity_v1_flex_rf,SYM-MU,500,25,10,cwdb_dr_flex_rf,tate_functional_rmse,TATE-COMMON199-grid_mean,10,0.025700101439603818,0.021092872975734703,0.006670152099993517,0.02166974075883933
wcf_sensitivity_v1_flex_rf,SYM-MU,500,25,10,cwdb_dr_flex_rf,tate_functional_rmse,TATE-COMMON199-grid_sd,10,0.0016884966019813465,0.0010969959202107543,0.00034690056917783223,0.0017225420906853569
wcf_sensitivity_v1_flex_rf,SYM-MU,500,25,10,cwdb_dr_flex_rf,tate_functional_rmse,TATE-COMMON199-grid_skewness,10,0.0006364938786239942,0.00035793627283888256,0.00011318938793623322,0.0006026013821005989
wcf_sensitivity_v1_flex_rf,SYM-MU,500,25,10,cwdb_dr_flex_rf,tate_functional_rmse,TATE-COMMON199-grid_upper_tail_mean,10,0.026315737256876304,0.021134629287934525,0.006683356605317569,0.02050589142885234
wcf_sensitivity_v1_flex_rf,SYM-MU,500,25,10,cwdb_dr_flex_rf,tate_functional_rmse,TATE-K-grid_mean,10,0.026165227347742948,0.020410209970230107,0.0064542751028204585,0.02233066780878956
wcf_sensitivity_v1_flex_rf,SYM-MU,500,25,10,cwdb_dr_flex_rf,tate_functional_rmse,TATE-K-grid_sd,10,0.0016903644808994294,0.0011539334408209392,0.00036490579412292866,0.0017869851052535759
wcf_sensitivity_v1_flex_rf,SYM-MU,500,25,10,cwdb_dr_flex_rf,tate_functional_rmse,TATE-K-grid_skewness,10,0.0006415989037642508,0.0003569847615655358,0.00011288849365192294,0.0006065111241173755
wcf_sensitivity_v1_flex_rf,SYM-MU,500,25,10,cwdb_dr_flex_rf,tate_functional_rmse,TATE-K-grid_upper_tail_mean,10,0.026397954281632052,0.020791314019939063,0.006574790785079891,0.021072218908693957
wcf_sensitivity_v1_flex_rf,SYM-MU,500,25,10,cwdb_dr_flex_rf,tcate_functional_rmse,TCATE-COMMON199-grid_mean,10,0.05469854069351635,0.022684049858340997,0.007173326410917742,0.05056964849299795
wcf_sensitivity_v1_flex_rf,SYM-MU,500,25,10,cwdb_dr_flex_rf,tcate_functional_rmse,TCATE-COMMON199-grid_sd,10,0.0049825243012559415,0.0018895908068854458,0.0005975410795473387,0.005266825042924634
wcf_sensitivity_v1_flex_rf,SYM-MU,500,25,10,cwdb_dr_flex_rf,tcate_functional_rmse,TCATE-COMMON199-grid_skewness,10,0.0013933012266217795,0.0005624247745508936,0.00017785433000875282,0.001438487228315325
wcf_sensitivity_v1_flex_rf,SYM-MU,500,25,10,cwdb_dr_flex_rf,tcate_functional_rmse,TCATE-COMMON199-grid_upper_tail_mean,10,0.055149301557799804,0.023573502249012925,0.007454595953398261,0.051153108541463085
wcf_sensitivity_v1_flex_rf,SYM-MU,500,25,10,cwdb_dr_flex_rf,tcate_functional_rmse,TCATE-K-grid_mean,10,0.054698540566227846,0.022684052527264267,0.007173327254905385,0.050569648044171814
wcf_sensitivity_v1_flex_rf,SYM-MU,500,25,10,cwdb_dr_flex_rf,tcate_functional_rmse,TCATE-K-grid_sd,10,0.004998360201326893,0.0018969594047521523,0.0005998712347894037,0.005286036594812773
wcf_sensitivity_v1_flex_rf,SYM-MU,500,25,10,cwdb_dr_flex_rf,tcate_functional_rmse,TCATE-K-grid_skewness,10,0.001457439240785938,0.0006254115132825503,0.00019777248568655085,0.0015779688656106842
wcf_sensitivity_v1_flex_rf,SYM-MU,500,25,10,cwdb_dr_flex_rf,tcate_functional_rmse,TCATE-K-grid_upper_tail_mean,10,0.055128969302962516,0.023539969449371555,0.007443991951079381,0.05113316006423882
wcf_sensitivity_v1_flex_rf,SYM-MU,1000,25,10,cwdb_dr_flex_rf,arm_energy_risk,LAW-A-M-K,10,0.049485097789441115,0.0044976656284910895,0.0014222867539884546,0.04871394456178896
wcf_sensitivity_v1_flex_rf,SYM-MU,1000,25,10,cwdb_dr_flex_rf,barycenter_rmse,MEANQ-A-K,10,0.15830964763328467,0.006793063976136846,0.0021481554455832132,0.16080460148820397
wcf_sensitivity_v1_flex_rf,SYM-MU,1000,25,10,cwdb_dr_flex_rf,diagnostic_dense_dr_n_levels,NONE_OPERATIONAL,10,199.0,0.0,0.0,199.0
wcf_sensitivity_v1_flex_rf,SYM-MU,1000,25,10,cwdb_dr_flex_rf,diagnostic_dr_if_se_reference,NONE_OPERATIONAL,10,0.01778889830927991,0.000595925096710788,0.00018844806204622056,0.017777904980989877
wcf_sensitivity_v1_flex_rf,SYM-MU,1000,25,10,cwdb_dr_flex_rf,diagnostic_effective_support,NONE_OPERATIONAL,10,9.999999999999998,0.0,0.0,9.999999999999998
wcf_sensitivity_v1_flex_rf,SYM-MU,1000,25,10,cwdb_dr_flex_rf,diagnostic_ehat_mean,NONE_OPERATIONAL,10,0.49994679999364733,0.012665911305091919,0.00400531283657663,0.4993431612372231
wcf_sensitivity_v1_flex_rf,SYM-MU,1000,25,10,cwdb_dr_flex_rf,diagnostic_n_boosting_steps,NONE_OPERATIONAL,10,100.0,0.0,0.0,100.0
wcf_sensitivity_v1_flex_rf,SYM-MU,1000,25,10,cwdb_dr_flex_rf,diagnostic_selected_contrast_shrinkage,NONE_OPERATIONAL,10,15.0,24.1522945769824,7.637626158259733,0.0
wcf_sensitivity_v1_flex_rf,SYM-MU,1000,25,10,cwdb_dr_flex_rf,diagnostic_train_risk,NONE_OPERATIONAL,10,0.05393914258995276,0.006766291023033855,0.002139689094433781,0.05338324548617486
wcf_sensitivity_v1_flex_rf,SYM-MU,1000,25,10,cwdb_dr_flex_rf,kernel_law_error,LAW-A-COMMON199,10,0.03373960873172537,0.00287948069258056,0.0009105717467033678,0.03327749677031226
wcf_sensitivity_v1_flex_rf,SYM-MU,1000,25,10,cwdb_dr_flex_rf,kernel_law_error,LAW-A-INTERIOR,10,0.023320008388765214,0.003065686247666027,0.0009694551134079702,0.023079605257850626
wcf_sensitivity_v1_flex_rf,SYM-MU,1000,25,10,cwdb_dr_flex_rf,kernel_law_error,LAW-A-K,10,0.02363687322588149,0.0030506934057211005,0.0009647139604934826,0.0234958784415277
wcf_sensitivity_v1_flex_rf,SYM-MU,1000,25,10,cwdb_dr_flex_rf,mean_quantile_rmse,MEANQ-A-COMMON199,10,0.11189637550551387,0.017684204444631174,0.005592236465310752,0.12197790228441488
wcf_sensitivity_v1_flex_rf,SYM-MU,1000,25,10,cwdb_dr_flex_rf,mean_quantile_rmse,MEANQ-A-INTERIOR,10,0.11046552533834424,0.016855862003851113,0.005330291585765938,0.12009530030504248
wcf_sensitivity_v1_flex_rf,SYM-MU,1000,25,10,cwdb_dr_flex_rf,mean_quantile_rmse,MEANQ-A-K,10,0.11222213791673293,0.0179082905324247,0.005663098708249151,0.12230777827271319
wcf_sensitivity_v1_flex_rf,SYM-MU,1000,25,10,cwdb_dr_flex_rf,mode_coverage,LAW-A-K,10,1.0,0.0,0.0,1.0
wcf_sensitivity_v1_flex_rf,SYM-MU,1000,25,10,cwdb_dr_flex_rf,peak_ram,NONE_OPERATIONAL,10,9.396484375,9.370986780267506,2.9633662148973143,5.9765625
wcf_sensitivity_v1_flex_rf,SYM-MU,1000,25,10,cwdb_dr_flex_rf,process_peak_ram,NONE_OPERATIONAL,10,457.811328125,3.147441690335926,0.99530845440319,458.169921875
wcf_sensitivity_v1_flex_rf,SYM-MU,1000,25,10,cwdb_dr_flex_rf,reference_effect_rmse,REF-ATE-COMMON199,10,0.014513711117300376,0.011906956460317687,0.003765310241506018,0.013685320475771475
wcf_sensitivity_v1_flex_rf,SYM-MU,1000,25,10,cwdb_dr_flex_rf,reference_effect_rmse,REF-ATE-K,10,0.009810615171795576,0.009579816874361016,0.003029404089029591,0.009163834120336502
wcf_sensitivity_v1_flex_rf,SYM-MU,1000,25,10,cwdb_dr_flex_rf,reference_tcate_rmse,REF-TCATE-COMMON199,10,0.02890974767037664,0.0072963859763973725,0.0023073198373127256,0.030195110817096235
wcf_sensitivity_v1_flex_rf,SYM-MU,1000,25,10,cwdb_dr_flex_rf,reference_tcate_rmse,REF-TCATE-INTERIOR,10,0.030127573441942092,0.007201794665910219,0.002277407438512768,0.030799831608952596
wcf_sensitivity_v1_flex_rf,SYM-MU,1000,25,10,cwdb_dr_flex_rf,reference_tcate_rmse,REF-TCATE-K,10,0.029102881370266027,0.007391705741878434,0.0023374625938080507,0.030447304129250532
wcf_sensitivity_v1_flex_rf,SYM-MU,1000,25,10,cwdb_dr_flex_rf,runtime,NONE_OPERATIONAL,10,293.09194238299995,19.876391023760522,6.28546672992092,290.56476444949993
wcf_sensitivity_v1_flex_rf,SYM-MU,1000,25,10,cwdb_dr_flex_rf,tail_calibration,LAW-A-K,10,0.03416277531428923,0.0057991273883047445,0.0018338450988506691,0.03439489480573167
wcf_sensitivity_v1_flex_rf,SYM-MU,1000,25,10,cwdb_dr_flex_rf,tate_functional_rmse,TATE-COMMON199-grid_mean,10,0.01896531252830374,0.011885515862191075,0.0037585301290583746,0.02015494844161969
wcf_sensitivity_v1_flex_rf,SYM-MU,1000,25,10,cwdb_dr_flex_rf,tate_functional_rmse,TATE-COMMON199-grid_sd,10,0.0015925449980679189,0.0010465590734937255,0.0003309510378155725,0.0016729745538183309
wcf_sensitivity_v1_flex_rf,SYM-MU,1000,25,10,cwdb_dr_flex_rf,tate_functional_rmse,TATE-COMMON199-grid_skewness,10,0.0003580442520706534,0.000287981549248247,9.106776197284115e-05,0.00034854999185987567
wcf_sensitivity_v1_flex_rf,SYM-MU,1000,25,10,cwdb_dr_flex_rf,tate_functional_rmse,TATE-COMMON199-grid_upper_tail_mean,10,0.019574297029140472,0.01200499876204097,0.0037963139395551207,0.021256251258176498
wcf_sensitivity_v1_flex_rf,SYM-MU,1000,25,10,cwdb_dr_flex_rf,tate_functional_rmse,TATE-K-grid_mean,10,0.018371695293839394,0.0118557742852572,0.0037491250166267575,0.01982302335819279
wcf_sensitivity_v1_flex_rf,SYM-MU,1000,25,10,cwdb_dr_flex_rf,tate_functional_rmse,TATE-K-grid_sd,10,0.0015870830523572663,0.001001878199377505,0.00031682170481012054,0.0017420748412732819
wcf_sensitivity_v1_flex_rf,SYM-MU,1000,25,10,cwdb_dr_flex_rf,tate_functional_rmse,TATE-K-grid_skewness,10,0.0003633056355887798,0.00026901781766555406,8.50709034991032e-05,0.0003825895681658501
wcf_sensitivity_v1_flex_rf,SYM-MU,1000,25,10,cwdb_dr_flex_rf,tate_functional_rmse,TATE-K-grid_upper_tail_mean,10,0.018968008471569563,0.011915607777712963,0.003768046028279029,0.020922853463065078
wcf_sensitivity_v1_flex_rf,SYM-MU,1000,25,10,cwdb_dr_flex_rf,tcate_functional_rmse,TCATE-COMMON199-grid_mean,10,0.03511919874684841,0.008348123183769356,0.002639908344836756,0.03665494784865507
wcf_sensitivity_v1_flex_rf,SYM-MU,1000,25,10,cwdb_dr_flex_rf,tcate_functional_rmse,TCATE-COMMON199-grid_sd,10,0.002984082360434679,0.001130429022191381,0.0003574730443281789,0.002933847674453834
wcf_sensitivity_v1_flex_rf,SYM-MU,1000,25,10,cwdb_dr_flex_rf,tcate_functional_rmse,TCATE-COMMON199-grid_skewness,10,0.0006735889309508954,0.0003881540613075636,0.0001227450916776536,0.0005335700846220842
wcf_sensitivity_v1_flex_rf,SYM-MU,1000,25,10,cwdb_dr_flex_rf,tcate_functional_rmse,TCATE-COMMON199-grid_upper_tail_mean,10,0.03556060097528222,0.00885420324413565,0.0027999449117520558,0.036804348637584985
wcf_sensitivity_v1_flex_rf,SYM-MU,1000,25,10,cwdb_dr_flex_rf,tcate_functional_rmse,TCATE-K-grid_mean,10,0.035119197402316886,0.008348123740221385,0.0026399085208023377,0.036654946659681845
wcf_sensitivity_v1_flex_rf,SYM-MU,1000,25,10,cwdb_dr_flex_rf,tcate_functional_rmse,TCATE-K-grid_sd,10,0.0029969484385603293,0.0011314359407679849,0.0003577914599402192,0.0029543585735305666
wcf_sensitivity_v1_flex_rf,SYM-MU,1000,25,10,cwdb_dr_flex_rf,tcate_functional_rmse,TCATE-K-grid_skewness,10,0.0006707481037407282,0.0003090687314247328,9.773611448410133e-05,0.0006155392953627054
wcf_sensitivity_v1_flex_rf,SYM-MU,1000,25,10,cwdb_dr_flex_rf,tcate_functional_rmse,TCATE-K-grid_upper_tail_mean,10,0.03554516288430705,0.00883479963155346,0.0027938089506925334,0.03681309715492426
wcf_sensitivity_v1_flex_rf,SYM-NL,500,25,10,cwdb_dr_flex_rf,arm_energy_risk,LAW-A-M-K,10,0.05639678143710771,0.0022948215429636856,0.0007256862899387193,0.055875863656541055
wcf_sensitivity_v1_flex_rf,SYM-NL,500,25,10,cwdb_dr_flex_rf,barycenter_rmse,MEANQ-A-K,10,0.17682356110333602,0.007943686241659323,0.002512014154138619,0.17704076205107264
wcf_sensitivity_v1_flex_rf,SYM-NL,500,25,10,cwdb_dr_flex_rf,diagnostic_dense_dr_n_levels,NONE_OPERATIONAL,10,199.0,0.0,0.0,199.0
wcf_sensitivity_v1_flex_rf,SYM-NL,500,25,10,cwdb_dr_flex_rf,diagnostic_dr_if_se_reference,NONE_OPERATIONAL,10,0.026746040632653522,0.0019754775223508572,0.0006247008437094896,0.026427167971653842
wcf_sensitivity_v1_flex_rf,SYM-NL,500,25,10,cwdb_dr_flex_rf,diagnostic_effective_support,NONE_OPERATIONAL,10,9.999999999999998,0.0,0.0,9.999999999999998
wcf_sensitivity_v1_flex_rf,SYM-NL,500,25,10,cwdb_dr_flex_rf,diagnostic_ehat_mean,NONE_OPERATIONAL,10,0.4700444515936727,0.02410726173650167,0.00762338552371712,0.47707637010024456
wcf_sensitivity_v1_flex_rf,SYM-NL,500,25,10,cwdb_dr_flex_rf,diagnostic_n_boosting_steps,NONE_OPERATIONAL,10,100.0,0.0,0.0,100.0
wcf_sensitivity_v1_flex_rf,SYM-NL,500,25,10,cwdb_dr_flex_rf,diagnostic_selected_contrast_shrinkage,NONE_OPERATIONAL,10,20.0,25.81988897471611,8.164965809277259,0.0
wcf_sensitivity_v1_flex_rf,SYM-NL,500,25,10,cwdb_dr_flex_rf,diagnostic_train_risk,NONE_OPERATIONAL,10,0.03822341266168625,0.004728475022598956,0.001495275093062885,0.03593124179203033
wcf_sensitivity_v1_flex_rf,SYM-NL,500,25,10,cwdb_dr_flex_rf,kernel_law_error,LAW-A-COMMON199,10,0.03917674409061407,0.0030119236282730726,0.0009524538803821227,0.03893523136822586
wcf_sensitivity_v1_flex_rf,SYM-NL,500,25,10,cwdb_dr_flex_rf,kernel_law_error,LAW-A-INTERIOR,10,0.02862161704574644,0.002630943570285644,0.0008319774077477928,0.028424821981457966
wcf_sensitivity_v1_flex_rf,SYM-NL,500,25,10,cwdb_dr_flex_rf,kernel_law_error,LAW-A-K,10,0.029028240854596498,0.0027137249927621566,0.0008581551920452365,0.028827547922010522
wcf_sensitivity_v1_flex_rf,SYM-NL,500,25,10,cwdb_dr_flex_rf,mean_quantile_rmse,MEANQ-A-COMMON199,10,0.13201032060056048,0.01723037148833599,0.005448721883396709,0.1352717603132968
wcf_sensitivity_v1_flex_rf,SYM-NL,500,25,10,cwdb_dr_flex_rf,mean_quantile_rmse,MEANQ-A-INTERIOR,10,0.1304327241419763,0.016117921734025983,0.005096934382785275,0.1327596745798512
wcf_sensitivity_v1_flex_rf,SYM-NL,500,25,10,cwdb_dr_flex_rf,mean_quantile_rmse,MEANQ-A-K,10,0.1321790104706922,0.017345948067999092,0.005485270406987439,0.13554274016884013
wcf_sensitivity_v1_flex_rf,SYM-NL,500,25,10,cwdb_dr_flex_rf,mode_coverage,LAW-A-K,10,1.0,0.0,0.0,1.0
wcf_sensitivity_v1_flex_rf,SYM-NL,500,25,10,cwdb_dr_flex_rf,peak_ram,NONE_OPERATIONAL,10,0.0,0.0,0.0,0.0
wcf_sensitivity_v1_flex_rf,SYM-NL,500,25,10,cwdb_dr_flex_rf,process_peak_ram,NONE_OPERATIONAL,10,460.5859375,1.2193313472808798,0.38558642798493376,459.7890625
wcf_sensitivity_v1_flex_rf,SYM-NL,500,25,10,cwdb_dr_flex_rf,reference_effect_rmse,REF-ATE-COMMON199,10,0.02373389600966657,0.018298208789768934,0.005786401687698298,0.023182142103662193
wcf_sensitivity_v1_flex_rf,SYM-NL,500,25,10,cwdb_dr_flex_rf,reference_effect_rmse,REF-ATE-K,10,0.020088522588004205,0.016355598747943983,0.005172094453930117,0.01689089050398182
wcf_sensitivity_v1_flex_rf,SYM-NL,500,25,10,cwdb_dr_flex_rf,reference_tcate_rmse,REF-TCATE-COMMON199,10,0.05619770063054989,0.01967180899365368,0.006220772211573043,0.05768776812318617
wcf_sensitivity_v1_flex_rf,SYM-NL,500,25,10,cwdb_dr_flex_rf,reference_tcate_rmse,REF-TCATE-INTERIOR,10,0.05816837498851538,0.020168700977917824,0.006377903253708568,0.05866594472962047
wcf_sensitivity_v1_flex_rf,SYM-NL,500,25,10,cwdb_dr_flex_rf,reference_tcate_rmse,REF-TCATE-K,10,0.056469759260361976,0.019996610436985387,0.006323483446396874,0.057996343350392124
wcf_sensitivity_v1_flex_rf,SYM-NL,500,25,10,cwdb_dr_flex_rf,runtime,NONE_OPERATIONAL,10,148.34317731629994,7.677469167986629,2.427828923655563,146.333538417
wcf_sensitivity_v1_flex_rf,SYM-NL,500,25,10,cwdb_dr_flex_rf,tail_calibration,LAW-A-K,10,0.03539640295179892,0.0038155397090743714,0.001206579598349124,0.036114487534212696
wcf_sensitivity_v1_flex_rf,SYM-NL,500,25,10,cwdb_dr_flex_rf,tate_functional_rmse,TATE-COMMON199-grid_mean,10,0.04359931744767787,0.023372832694328695,0.007391138668412874,0.04101670087047979
wcf_sensitivity_v1_flex_rf,SYM-NL,500,25,10,cwdb_dr_flex_rf,tate_functional_rmse,TATE-COMMON199-grid_sd,10,0.0017939495534758433,0.0011487771024275809,0.0003632752167519701,0.002143963482558654
wcf_sensitivity_v1_flex_rf,SYM-NL,500,25,10,cwdb_dr_flex_rf,tate_functional_rmse,TATE-COMMON199-grid_skewness,10,0.0005996441254692364,0.0004294510534110682,0.00013580434723375984,0.00041339200827791584
wcf_sensitivity_v1_flex_rf,SYM-NL,500,25,10,cwdb_dr_flex_rf,tate_functional_rmse,TATE-COMMON199-grid_upper_tail_mean,10,0.043284044794018386,0.023066651311207012,0.0072943156136323585,0.04196725116386624
wcf_sensitivity_v1_flex_rf,SYM-NL,500,25,10,cwdb_dr_flex_rf,tate_functional_rmse,TATE-K-grid_mean,10,0.04375253263036083,0.02280693898812784,0.007212187365897988,0.043637835222928606
wcf_sensitivity_v1_flex_rf,SYM-NL,500,25,10,cwdb_dr_flex_rf,tate_functional_rmse,TATE-K-grid_sd,10,0.0019120618927269992,0.0011206493947216367,0.0003543804545809448,0.0021315420845532005
wcf_sensitivity_v1_flex_rf,SYM-NL,500,25,10,cwdb_dr_flex_rf,tate_functional_rmse,TATE-K-grid_skewness,10,0.0006482995204713681,0.0004761216148322643,0.0001505628746107363,0.0004434155051633637
wcf_sensitivity_v1_flex_rf,SYM-NL,500,25,10,cwdb_dr_flex_rf,tate_functional_rmse,TATE-K-grid_upper_tail_mean,10,0.04343470058307311,0.022430214606965055,0.007093056656438806,0.04467248926190459
wcf_sensitivity_v1_flex_rf,SYM-NL,500,25,10,cwdb_dr_flex_rf,tcate_functional_rmse,TCATE-COMMON199-grid_mean,10,0.07410762302957272,0.016354366574194236,0.00517170480637789,0.07005455093147711
wcf_sensitivity_v1_flex_rf,SYM-NL,500,25,10,cwdb_dr_flex_rf,tcate_functional_rmse,TCATE-COMMON199-grid_sd,10,0.0053516624059800665,0.00232865605215262,0.0007363857011938122,0.006042571292532984
wcf_sensitivity_v1_flex_rf,SYM-NL,500,25,10,cwdb_dr_flex_rf,tcate_functional_rmse,TCATE-COMMON199-grid_skewness,10,0.0017484140703235152,0.001119883558186114,0.0003541382758041823,0.00161323144340049
wcf_sensitivity_v1_flex_rf,SYM-NL,500,25,10,cwdb_dr_flex_rf,tcate_functional_rmse,TCATE-COMMON199-grid_upper_tail_mean,10,0.07428664306842363,0.01650573805360619,0.005219572671150996,0.07130952448300146
wcf_sensitivity_v1_flex_rf,SYM-NL,500,25,10,cwdb_dr_flex_rf,tcate_functional_rmse,TCATE-K-grid_mean,10,0.07410762092625191,0.016354365262378177,0.005171704391545229,0.07005454288247556
wcf_sensitivity_v1_flex_rf,SYM-NL,500,25,10,cwdb_dr_flex_rf,tcate_functional_rmse,TCATE-K-grid_sd,10,0.005368828469287072,0.0023379984146137483,0.0007393400156042144,0.006075970698160365
wcf_sensitivity_v1_flex_rf,SYM-NL,500,25,10,cwdb_dr_flex_rf,tcate_functional_rmse,TCATE-K-grid_skewness,10,0.0019239801220717451,0.0011861409808129955,0.00037509071254351455,0.0018309435844920314
wcf_sensitivity_v1_flex_rf,SYM-NL,500,25,10,cwdb_dr_flex_rf,tcate_functional_rmse,TCATE-K-grid_upper_tail_mean,10,0.07427917748757643,0.016497621136915136,0.005217005876718839,0.07127110559300681
wcf_sensitivity_v1_flex_rf,SYM-NL,1000,25,10,cwdb_dr_flex_rf,arm_energy_risk,LAW-A-M-K,10,0.04672448111154857,0.003475127916284456,0.0010989319375893825,0.04646836265528985
wcf_sensitivity_v1_flex_rf,SYM-NL,1000,25,10,cwdb_dr_flex_rf,barycenter_rmse,MEANQ-A-K,10,0.1574109162987815,0.00557467224170761,0.0017628661492712753,0.1560401933312014
wcf_sensitivity_v1_flex_rf,SYM-NL,1000,25,10,cwdb_dr_flex_rf,diagnostic_dense_dr_n_levels,NONE_OPERATIONAL,10,199.0,0.0,0.0,199.0
wcf_sensitivity_v1_flex_rf,SYM-NL,1000,25,10,cwdb_dr_flex_rf,diagnostic_dr_if_se_reference,NONE_OPERATIONAL,10,0.019963739599559646,0.0010588352039194425,0.00033483309111542834,0.02013746381900827
wcf_sensitivity_v1_flex_rf,SYM-NL,1000,25,10,cwdb_dr_flex_rf,diagnostic_effective_support,NONE_OPERATIONAL,10,9.999999999999998,0.0,0.0,9.999999999999998
wcf_sensitivity_v1_flex_rf,SYM-NL,1000,25,10,cwdb_dr_flex_rf,diagnostic_ehat_mean,NONE_OPERATIONAL,10,0.4596129375985402,0.018462373220449028,0.005838315038871689,0.46328671805379096
wcf_sensitivity_v1_flex_rf,SYM-NL,1000,25,10,cwdb_dr_flex_rf,diagnostic_n_boosting_steps,NONE_OPERATIONAL,10,100.0,0.0,0.0,100.0
wcf_sensitivity_v1_flex_rf,SYM-NL,1000,25,10,cwdb_dr_flex_rf,diagnostic_selected_contrast_shrinkage,NONE_OPERATIONAL,10,35.0,24.1522945769824,7.637626158259733,50.0
wcf_sensitivity_v1_flex_rf,SYM-NL,1000,25,10,cwdb_dr_flex_rf,diagnostic_train_risk,NONE_OPERATIONAL,10,0.05961401624106133,0.005729817490617628,0.0018119273847422167,0.06118156274387482
wcf_sensitivity_v1_flex_rf,SYM-NL,1000,25,10,cwdb_dr_flex_rf,kernel_law_error,LAW-A-COMMON199,10,0.03226326404852172,0.0026755313795438717,0.000846077311061107,0.032352985522597445
wcf_sensitivity_v1_flex_rf,SYM-NL,1000,25,10,cwdb_dr_flex_rf,kernel_law_error,LAW-A-INTERIOR,10,0.021775003815120826,0.0025333440954936485,0.0008011137438699034,0.02188108119900919
wcf_sensitivity_v1_flex_rf,SYM-NL,1000,25,10,cwdb_dr_flex_rf,kernel_law_error,LAW-A-K,10,0.021998632074992107,0.0025806934188170676,0.0008160869146068772,0.02225330443730299
wcf_sensitivity_v1_flex_rf,SYM-NL,1000,25,10,cwdb_dr_flex_rf,mean_quantile_rmse,MEANQ-A-COMMON199,10,0.10706856153609809,0.024741080603112118,0.007823816647964665,0.10025064196757952
wcf_sensitivity_v1_flex_rf,SYM-NL,1000,25,10,cwdb_dr_flex_rf,mean_quantile_rmse,MEANQ-A-INTERIOR,10,0.1064531712082426,0.023996265476079356,0.007588285424247548,0.10011718967943535
wcf_sensitivity_v1_flex_rf,SYM-NL,1000,25,10,cwdb_dr_flex_rf,mean_quantile_rmse,MEANQ-A-K,10,0.10712225604274224,0.024816275148057978,0.007847595250929549,0.10025354953693089
wcf_sensitivity_v1_flex_rf,SYM-NL,1000,25,10,cwdb_dr_flex_rf,mode_coverage,LAW-A-K,10,1.0,0.0,0.0,1.0
wcf_sensitivity_v1_flex_rf,SYM-NL,1000,25,10,cwdb_dr_flex_rf,peak_ram,NONE_OPERATIONAL,10,2.919921875,6.127884512131513,1.937807229680529,0.0
wcf_sensitivity_v1_flex_rf,SYM-NL,1000,25,10,cwdb_dr_flex_rf,process_peak_ram,NONE_OPERATIONAL,10,469.85234375,6.034668630292019,1.9083297796091365,470.177734375
wcf_sensitivity_v1_flex_rf,SYM-NL,1000,25,10,cwdb_dr_flex_rf,reference_effect_rmse,REF-ATE-COMMON199,10,0.020402874847827827,0.016538529432818597,0.005229942215743947,0.014950651354513001
wcf_sensitivity_v1_flex_rf,SYM-NL,1000,25,10,cwdb_dr_flex_rf,reference_effect_rmse,REF-ATE-K,10,0.01910961487648711,0.013841925975501745,0.004377201328603357,0.017235943503664794
wcf_sensitivity_v1_flex_rf,SYM-NL,1000,25,10,cwdb_dr_flex_rf,reference_tcate_rmse,REF-TCATE-COMMON199,10,0.038107626830228045,0.01742029930838563,0.005508782333635455,0.03606362627816115
wcf_sensitivity_v1_flex_rf,SYM-NL,1000,25,10,cwdb_dr_flex_rf,reference_tcate_rmse,REF-TCATE-INTERIOR,10,0.040304887946273835,0.01813918817831561,0.005736114954987781,0.0380663613188512
wcf_sensitivity_v1_flex_rf,SYM-NL,1000,25,10,cwdb_dr_flex_rf,reference_tcate_rmse,REF-TCATE-K,10,0.03829519844029431,0.01752201368654067,0.005540947244211215,0.03605948488684256
wcf_sensitivity_v1_flex_rf,SYM-NL,1000,25,10,cwdb_dr_flex_rf,runtime,NONE_OPERATIONAL,10,303.57960923689996,14.8288507005492,4.689294329631895,298.23838564799996
wcf_sensitivity_v1_flex_rf,SYM-NL,1000,25,10,cwdb_dr_flex_rf,tail_calibration,LAW-A-K,10,0.031124350677348783,0.004276178326498875,0.0013522463192783597,0.03073424993693709
wcf_sensitivity_v1_flex_rf,SYM-NL,1000,25,10,cwdb_dr_flex_rf,tate_functional_rmse,TATE-COMMON199-grid_mean,10,0.0250489371841461,0.018335976641773676,0.005798344931165012,0.029305354727038477
wcf_sensitivity_v1_flex_rf,SYM-NL,1000,25,10,cwdb_dr_flex_rf,tate_functional_rmse,TATE-COMMON199-grid_sd,10,0.0011284940122512986,0.001078835880794299,0.0003411578604823888,0.0009439058779167739
wcf_sensitivity_v1_flex_rf,SYM-NL,1000,25,10,cwdb_dr_flex_rf,tate_functional_rmse,TATE-COMMON199-grid_skewness,10,0.0002611696623182198,0.00015161406052149518,4.794457565545408e-05,0.0002596992884485081
wcf_sensitivity_v1_flex_rf,SYM-NL,1000,25,10,cwdb_dr_flex_rf,tate_functional_rmse,TATE-COMMON199-grid_upper_tail_mean,10,0.025552430465613653,0.018305822008396658,0.0057888091988171405,0.030852778788001897
wcf_sensitivity_v1_flex_rf,SYM-NL,1000,25,10,cwdb_dr_flex_rf,tate_functional_rmse,TATE-K-grid_mean,10,0.025786523540087092,0.019018736177988365,0.006014252454028875,0.029676742513341833
wcf_sensitivity_v1_flex_rf,SYM-NL,1000,25,10,cwdb_dr_flex_rf,tate_functional_rmse,TATE-K-grid_sd,10,0.001205216686785119,0.0011546481998734315,0.0003651318207813386,0.0008254914308822363
wcf_sensitivity_v1_flex_rf,SYM-NL,1000,25,10,cwdb_dr_flex_rf,tate_functional_rmse,TATE-K-grid_skewness,10,0.00026493688218747185,0.0001813595851513291,5.735093645814529e-05,0.0002664116433226992
wcf_sensitivity_v1_flex_rf,SYM-NL,1000,25,10,cwdb_dr_flex_rf,tate_functional_rmse,TATE-K-grid_upper_tail_mean,10,0.026332247242979844,0.019007118455731775,0.00601057860767347,0.03126458540332892
wcf_sensitivity_v1_flex_rf,SYM-NL,1000,25,10,cwdb_dr_flex_rf,tcate_functional_rmse,TCATE-COMMON199-grid_mean,10,0.05167350002361069,0.023110538305857836,0.007308193899907982,0.050415270340570056
wcf_sensitivity_v1_flex_rf,SYM-NL,1000,25,10,cwdb_dr_flex_rf,tcate_functional_rmse,TCATE-COMMON199-grid_sd,10,0.0031283324869759476,0.0016242615491198706,0.0005136366011052251,0.0026981098064218865
wcf_sensitivity_v1_flex_rf,SYM-NL,1000,25,10,cwdb_dr_flex_rf,tcate_functional_rmse,TCATE-COMMON199-grid_skewness,10,0.0005766684862696059,0.00023870033780776757,7.548367457241489e-05,0.0005676403019227669
wcf_sensitivity_v1_flex_rf,SYM-NL,1000,25,10,cwdb_dr_flex_rf,tcate_functional_rmse,TCATE-COMMON199-grid_upper_tail_mean,10,0.05175518205833139,0.023045904511437187,0.007287754899489148,0.05155568242238026
wcf_sensitivity_v1_flex_rf,SYM-NL,1000,25,10,cwdb_dr_flex_rf,tcate_functional_rmse,TCATE-K-grid_mean,10,0.05167350092053459,0.023110534741111716,0.007308192772636279,0.05041526857795675
wcf_sensitivity_v1_flex_rf,SYM-NL,1000,25,10,cwdb_dr_flex_rf,tcate_functional_rmse,TCATE-K-grid_sd,10,0.0031389776646267493,0.0016326114004254144,0.00051627705593015,0.002708361661756982
wcf_sensitivity_v1_flex_rf,SYM-NL,1000,25,10,cwdb_dr_flex_rf,tcate_functional_rmse,TCATE-K-grid_skewness,10,0.0006066296641416152,0.0002770658382071487,8.76159110558293e-05,0.0005896905335793642
wcf_sensitivity_v1_flex_rf,SYM-NL,1000,25,10,cwdb_dr_flex_rf,tcate_functional_rmse,TCATE-K-grid_upper_tail_mean,10,0.05174900797388373,0.023052098175578767,0.007289713508064098,0.05151736504500126
wcf_sensitivity_v1_logit_f3,IC0,1000,5,10,causal_drf,arm_energy_risk,LAW-A-M-K,10,0.07477682389602157,0.005400131341643835,0.0017076714703655395,0.07434038386995223
wcf_sensitivity_v1_logit_f3,IC0,1000,5,10,causal_drf,barycenter_rmse,MEANQ-A-K,10,0.2662349289716211,0.010983904568316313,0.003473415603780808,0.2660512614109443
wcf_sensitivity_v1_logit_f3,IC0,1000,5,10,causal_drf,diagnostic_effective_support,NONE_OPERATIONAL,10,138.5283784402485,6.678815951721835,2.112027048050617,140.48920532648177
wcf_sensitivity_v1_logit_f3,IC0,1000,5,10,causal_drf,kernel_law_error,LAW-A-COMMON199,10,0.28802387732523926,0.0071222508492533075,0.0022522534750709002,0.2851545205667377
wcf_sensitivity_v1_logit_f3,IC0,1000,5,10,causal_drf,kernel_law_error,LAW-A-INTERIOR,10,0.07507848697286483,0.0052368968035944995,0.0016560521770614077,0.07477138486284281
wcf_sensitivity_v1_logit_f3,IC0,1000,5,10,causal_drf,kernel_law_error,LAW-A-K,10,0.05721734867876592,0.004308566539163451,0.0013624883714145567,0.0567634840398077
wcf_sensitivity_v1_logit_f3,IC0,1000,5,10,causal_drf,mean_quantile_rmse,MEANQ-A-COMMON199,10,0.17980085260493067,0.03351812074409213,0.010599360443986886,0.17981909462835177
wcf_sensitivity_v1_logit_f3,IC0,1000,5,10,causal_drf,mean_quantile_rmse,MEANQ-A-INTERIOR,10,0.18268679401668458,0.034165189160655404,0.010803981443816744,0.18289664162926655
wcf_sensitivity_v1_logit_f3,IC0,1000,5,10,causal_drf,mean_quantile_rmse,MEANQ-A-K,10,0.1799458389955647,0.03351642155072392,0.010598823111864029,0.1799709794751832
wcf_sensitivity_v1_logit_f3,IC0,1000,5,10,causal_drf,mode_coverage,LAW-A-K,10,1.0,0.0,0.0,1.0
wcf_sensitivity_v1_logit_f3,IC0,1000,5,10,causal_drf,peak_ram,NONE_OPERATIONAL,10,355.16563,0.9626835848582684,0.3044272794208112,355.39455
wcf_sensitivity_v1_logit_f3,IC0,1000,5,10,causal_drf,process_peak_ram,NONE_OPERATIONAL,10,553.0078125,25.022736514316946,7.912884067550405,544.62109375
wcf_sensitivity_v1_logit_f3,IC0,1000,5,10,causal_drf,reference_effect_rmse,REF-ATE-COMMON199,10,0.1563216704565483,0.0326264352494226,0.010317384732017924,0.1559757444581295
wcf_sensitivity_v1_logit_f3,IC0,1000,5,10,causal_drf,reference_effect_rmse,REF-ATE-K,10,0.15253304736956286,0.032361087845724015,0.010233474515327952,0.15132207907391904
wcf_sensitivity_v1_logit_f3,IC0,1000,5,10,causal_drf,reference_tcate_rmse,REF-TCATE-COMMON199,10,0.1566113904232977,0.03259241899139216,0.010306627846732705,0.1565076640739183
wcf_sensitivity_v1_logit_f3,IC0,1000,5,10,causal_drf,reference_tcate_rmse,REF-TCATE-INTERIOR,10,0.16135064180976963,0.03329914093596665,0.01053011294846057,0.1612683912626997
wcf_sensitivity_v1_logit_f3,IC0,1000,5,10,causal_drf,reference_tcate_rmse,REF-TCATE-K,10,0.1528254979174434,0.032318840812988116,0.010220114830545038,0.1518825096516879
wcf_sensitivity_v1_logit_f3,IC0,1000,5,10,causal_drf,runtime,NONE_OPERATIONAL,10,20.1044,1.5861729063657877,0.501591914696488,20.7935
wcf_sensitivity_v1_logit_f3,IC0,1000,5,10,causal_drf,tail_calibration,LAW-A-K,10,0.19383087999832738,0.005913839037005026,0.0018701201072552675,0.19526449205714308
wcf_sensitivity_v1_logit_f3,IC0,1000,5,10,causal_drf,tate_functional_rmse,TATE-COMMON199-grid_mean,10,0.17335839067561845,0.035122290936509926,0.011106643600245967,0.17392459672155566
wcf_sensitivity_v1_logit_f3,IC0,1000,5,10,causal_drf,tate_functional_rmse,TATE-COMMON199-grid_sd,10,0.0075502410696854,0.0032895744664407324,0.0010402547846685842,0.007191086160657503
wcf_sensitivity_v1_logit_f3,IC0,1000,5,10,causal_drf,tate_functional_rmse,TATE-COMMON199-grid_skewness,10,0.027239691010846036,0.004230103012511361,0.0013376760256675637,0.02647319911418816
wcf_sensitivity_v1_logit_f3,IC0,1000,5,10,causal_drf,tate_functional_rmse,TATE-COMMON199-grid_upper_tail_mean,10,0.17764021662433868,0.035064134201327105,0.011088252825800272,0.17703599093633413
wcf_sensitivity_v1_logit_f3,IC0,1000,5,10,causal_drf,tate_functional_rmse,TATE-K-grid_mean,10,0.1733581122384049,0.03512223687580707,0.011106626504750673,0.17392429885376665
wcf_sensitivity_v1_logit_f3,IC0,1000,5,10,causal_drf,tate_functional_rmse,TATE-K-grid_sd,10,0.007804328534400709,0.0033820191404839773,0.0010694883574214344,0.006969076926809036
wcf_sensitivity_v1_logit_f3,IC0,1000,5,10,causal_drf,tate_functional_rmse,TATE-K-grid_skewness,10,0.03064843665509053,0.004750985926380173,0.0015023936658766393,0.029767922710189458
wcf_sensitivity_v1_logit_f3,IC0,1000,5,10,causal_drf,tate_functional_rmse,TATE-K-grid_upper_tail_mean,10,0.1787358795265628,0.035272592451586524,0.011154173112587587,0.17844680310326055
wcf_sensitivity_v1_logit_f3,IC0,1000,5,10,causal_drf,tcate_functional_rmse,TCATE-COMMON199-grid_mean,10,0.1736535859182889,0.0350930900833862,0.011097409479696866,0.17416812156141748
wcf_sensitivity_v1_logit_f3,IC0,1000,5,10,causal_drf,tcate_functional_rmse,TCATE-COMMON199-grid_sd,10,0.007852051932834708,0.0031958275544135134,0.0010106094081072398,0.007396138589943838
wcf_sensitivity_v1_logit_f3,IC0,1000,5,10,causal_drf,tcate_functional_rmse,TCATE-COMMON199-grid_skewness,10,0.0272669894186441,0.004239690149871381,0.0013407077446974194,0.026569884595101657
wcf_sensitivity_v1_logit_f3,IC0,1000,5,10,causal_drf,tcate_functional_rmse,TCATE-COMMON199-grid_upper_tail_mean,10,0.17790732850081392,0.03507174810024291,0.011090660552045094,0.17721726112489766
wcf_sensitivity_v1_logit_f3,IC0,1000,5,10,causal_drf,tcate_functional_rmse,TCATE-K-grid_mean,10,0.1736533071795174,0.03509303635370119,0.011097392488878605,0.17416782190067545
wcf_sensitivity_v1_logit_f3,IC0,1000,5,10,causal_drf,tcate_functional_rmse,TCATE-K-grid_sd,10,0.008143328976478733,0.0032460986466865847,0.0010265065233119794,0.007196510815451545
wcf_sensitivity_v1_logit_f3,IC0,1000,5,10,causal_drf,tcate_functional_rmse,TCATE-K-grid_skewness,10,0.030678854575096254,0.004761532717686785,0.0015057288541301748,0.029876464089250866
wcf_sensitivity_v1_logit_f3,IC0,1000,5,10,causal_drf,tcate_functional_rmse,TCATE-K-grid_upper_tail_mean,10,0.17900720512613627,0.03527459813199877,0.011154807364423695,0.1786430822720047
wcf_sensitivity_v1_logit_f3,IC0,1000,5,10,cwdb_dr,arm_energy_risk,LAW-A-M-K,10,0.04500055673811978,0.0032557433019131804,0.0010295564310882886,0.045142971597272506
wcf_sensitivity_v1_logit_f3,IC0,1000,5,10,cwdb_dr,barycenter_rmse,MEANQ-A-K,10,0.14164756034456566,0.006546498514338114,0.0020701846004216903,0.14075983843478962
wcf_sensitivity_v1_logit_f3,IC0,1000,5,10,cwdb_dr,diagnostic_dense_dr_n_levels,NONE_OPERATIONAL,10,199.0,0.0,0.0,199.0
wcf_sensitivity_v1_logit_f3,IC0,1000,5,10,cwdb_dr,diagnostic_dr_if_se_reference,NONE_OPERATIONAL,10,0.017397781134172854,0.001365261901857245,0.00043173372125221595,0.017158950967401655
wcf_sensitivity_v1_logit_f3,IC0,1000,5,10,cwdb_dr,diagnostic_effective_support,NONE_OPERATIONAL,10,9.999999999999998,0.0,0.0,9.999999999999998
wcf_sensitivity_v1_logit_f3,IC0,1000,5,10,cwdb_dr,diagnostic_ehat_mean,NONE_OPERATIONAL,10,0.49945202048356263,0.013188252302031188,0.004170491563137742,0.4992988000059672
wcf_sensitivity_v1_logit_f3,IC0,1000,5,10,cwdb_dr,diagnostic_n_boosting_steps,NONE_OPERATIONAL,10,100.0,0.0,0.0,100.0
wcf_sensitivity_v1_logit_f3,IC0,1000,5,10,cwdb_dr,diagnostic_selected_contrast_shrinkage,NONE_OPERATIONAL,10,315.0,239.26972228010797,75.66372975210777,500.0
wcf_sensitivity_v1_logit_f3,IC0,1000,5,10,cwdb_dr,diagnostic_train_risk,NONE_OPERATIONAL,10,0.06261592199265016,0.006997842625113843,0.0022129121402771554,0.06265113285255952
wcf_sensitivity_v1_logit_f3,IC0,1000,5,10,cwdb_dr,kernel_law_error,LAW-A-COMMON199,10,0.2750718677279714,0.009360323023468821,0.002959994038907519,0.27288404226074425
wcf_sensitivity_v1_logit_f3,IC0,1000,5,10,cwdb_dr,kernel_law_error,LAW-A-INTERIOR,10,0.02562449965196789,0.0022749183373740596,0.0007193923436985381,0.02567686947247539
wcf_sensitivity_v1_logit_f3,IC0,1000,5,10,cwdb_dr,kernel_law_error,LAW-A-K,10,0.01774015956220776,0.002100708883672095,0.000664302477335352,0.01684186839908156
wcf_sensitivity_v1_logit_f3,IC0,1000,5,10,cwdb_dr,mean_quantile_rmse,MEANQ-A-COMMON199,10,0.037712508602259255,0.03130330284725244,0.00989897352833516,0.02534133594447828
wcf_sensitivity_v1_logit_f3,IC0,1000,5,10,cwdb_dr,mean_quantile_rmse,MEANQ-A-INTERIOR,10,0.03535408454020611,0.029048620712827357,0.00918598043388784,0.023629719506994835
wcf_sensitivity_v1_logit_f3,IC0,1000,5,10,cwdb_dr,mean_quantile_rmse,MEANQ-A-K,10,0.03841938980670361,0.03205759936815584,0.010137503032054716,0.025700512554953835
wcf_sensitivity_v1_logit_f3,IC0,1000,5,10,cwdb_dr,mode_coverage,LAW-A-K,10,1.0,0.0,0.0,1.0
wcf_sensitivity_v1_logit_f3,IC0,1000,5,10,cwdb_dr,peak_ram,NONE_OPERATIONAL,10,0.0,0.0,0.0,0.0
wcf_sensitivity_v1_logit_f3,IC0,1000,5,10,cwdb_dr,process_peak_ram,NONE_OPERATIONAL,10,710.310546875,63.062234465257724,19.94202952497849,751.013671875
wcf_sensitivity_v1_logit_f3,IC0,1000,5,10,cwdb_dr,reference_effect_rmse,REF-ATE-COMMON199,10,0.012295637511163615,0.008684753307105789,0.0027463601367134086,0.011373438393241576
wcf_sensitivity_v1_logit_f3,IC0,1000,5,10,cwdb_dr,reference_effect_rmse,REF-ATE-K,10,0.013065279318057418,0.00811144563651813,0.0025650643328031563,0.012568096256737046
wcf_sensitivity_v1_logit_f3,IC0,1000,5,10,cwdb_dr,reference_tcate_rmse,REF-TCATE-COMMON199,10,0.032055791953957934,0.009492999561630392,0.0030019500441732004,0.031346294819177827
wcf_sensitivity_v1_logit_f3,IC0,1000,5,10,cwdb_dr,reference_tcate_rmse,REF-TCATE-INTERIOR,10,0.0320942410833137,0.00967835585560865,0.003060564850935105,0.0320457512183608
wcf_sensitivity_v1_logit_f3,IC0,1000,5,10,cwdb_dr,reference_tcate_rmse,REF-TCATE-K,10,0.031846174065840435,0.008693923243963416,0.0027492599253604116,0.031132346064688107
wcf_sensitivity_v1_logit_f3,IC0,1000,5,10,cwdb_dr,runtime,NONE_OPERATIONAL,10,114.0346489480996,22.321346581560643,7.058629563974504,110.91405212999996
wcf_sensitivity_v1_logit_f3,IC0,1000,5,10,cwdb_dr,tail_calibration,LAW-A-K,10,0.13057271765369569,0.009140245815241792,0.0028903995149986636,0.13132248586785922
wcf_sensitivity_v1_logit_f3,IC0,1000,5,10,cwdb_dr,tate_functional_rmse,TATE-COMMON199-grid_mean,10,0.014004747292680086,0.010314589522324502,0.0032617596020253605,0.014820813346557476
wcf_sensitivity_v1_logit_f3,IC0,1000,5,10,cwdb_dr,tate_functional_rmse,TATE-COMMON199-grid_sd,10,0.008415003819767636,0.005587379307605061,0.0017668844763326552,0.0077379989704408686
wcf_sensitivity_v1_logit_f3,IC0,1000,5,10,cwdb_dr,tate_functional_rmse,TATE-COMMON199-grid_skewness,10,0.0019110190566262008,0.0013851993884589175,0.0004380385081002535,0.0026219882797024166
wcf_sensitivity_v1_logit_f3,IC0,1000,5,10,cwdb_dr,tate_functional_rmse,TATE-COMMON199-grid_upper_tail_mean,10,0.0162988244833551,0.008130822784372526,0.00257119192498093,0.01781782404974353
wcf_sensitivity_v1_logit_f3,IC0,1000,5,10,cwdb_dr,tate_functional_rmse,TATE-K-grid_mean,10,0.014032608283162652,0.009424387379468822,0.002980252967086707,0.014489647396998321
wcf_sensitivity_v1_logit_f3,IC0,1000,5,10,cwdb_dr,tate_functional_rmse,TATE-K-grid_sd,10,0.00921869100865827,0.005473808114392327,0.0017309701116191257,0.008448690670298149
wcf_sensitivity_v1_logit_f3,IC0,1000,5,10,cwdb_dr,tate_functional_rmse,TATE-K-grid_skewness,10,0.0021942557672157436,0.0015331554357769289,0.00048482631841230986,0.003003417107139019
wcf_sensitivity_v1_logit_f3,IC0,1000,5,10,cwdb_dr,tate_functional_rmse,TATE-K-grid_upper_tail_mean,10,0.01533658543128848,0.007511308609287034,0.0023752843413778805,0.015240488602312835
wcf_sensitivity_v1_logit_f3,IC0,1000,5,10,cwdb_dr,tcate_functional_rmse,TCATE-COMMON199-grid_mean,10,0.03535291313603454,0.013947385179938385,0.004410550457228268,0.03653182453960632
wcf_sensitivity_v1_logit_f3,IC0,1000,5,10,cwdb_dr,tcate_functional_rmse,TCATE-COMMON199-grid_sd,10,0.01564915195284214,0.005004387354123155,0.0015825262332772798,0.015116519049637988
wcf_sensitivity_v1_logit_f3,IC0,1000,5,10,cwdb_dr,tcate_functional_rmse,TCATE-COMMON199-grid_skewness,10,0.00509013825527176,0.001949239393399591,0.0006164036188067689,0.005131022044029943
wcf_sensitivity_v1_logit_f3,IC0,1000,5,10,cwdb_dr,tcate_functional_rmse,TCATE-COMMON199-grid_upper_tail_mean,10,0.038443745416517905,0.01139216644213578,0.0036025193440885864,0.04085082228198632
wcf_sensitivity_v1_logit_f3,IC0,1000,5,10,cwdb_dr,tcate_functional_rmse,TCATE-K-grid_mean,10,0.03535293525836804,0.013947367383420797,0.004410544829475269,0.036531810967103465
wcf_sensitivity_v1_logit_f3,IC0,1000,5,10,cwdb_dr,tcate_functional_rmse,TCATE-K-grid_sd,10,0.01644197628866636,0.005274994607996218,0.0016680997606375097,0.015815537775920215
wcf_sensitivity_v1_logit_f3,IC0,1000,5,10,cwdb_dr,tcate_functional_rmse,TCATE-K-grid_skewness,10,0.005707444451176985,0.0021520766591380178,0.0006805463942161954,0.005729020131094723
wcf_sensitivity_v1_logit_f3,IC0,1000,5,10,cwdb_dr,tcate_functional_rmse,TCATE-K-grid_upper_tail_mean,10,0.03729047877616758,0.0119650198151112,0.0037836714864798136,0.03920662251611723
wcf_sensitivity_v1_logit_f3,IC0,1000,5,10,drf,arm_energy_risk,LAW-A-M-K,10,0.09511850136552476,0.006344550357144795,0.0020063229858212294,0.09307326531465937
wcf_sensitivity_v1_logit_f3,IC0,1000,5,10,drf,barycenter_rmse,MEANQ-A-K,10,0.31397940814297265,0.013654039965166726,0.004317786555289297,0.31542859347647123
wcf_sensitivity_v1_logit_f3,IC0,1000,5,10,drf,diagnostic_effective_support,NONE_OPERATIONAL,10,238.96758795404958,2.9419944611108106,0.9303403360709825,238.9146571016684
wcf_sensitivity_v1_logit_f3,IC0,1000,5,10,drf,kernel_law_error,LAW-A-COMMON199,10,0.3008839916979169,0.0071526611592857255,0.002261870059476331,0.2983993896918584
wcf_sensitivity_v1_logit_f3,IC0,1000,5,10,drf,kernel_law_error,LAW-A-INTERIOR,10,0.09690357642372704,0.005746860393453615,0.0018173168238324827,0.09384170809337739
wcf_sensitivity_v1_logit_f3,IC0,1000,5,10,drf,kernel_law_error,LAW-A-K,10,0.0762078561278913,0.004846195721094497,0.0015325016465620716,0.07349256662573758
wcf_sensitivity_v1_logit_f3,IC0,1000,5,10,drf,mean_quantile_rmse,MEANQ-A-COMMON199,10,0.19984413463986628,0.019962906994701074,0.006312825482136228,0.1971553697862917
wcf_sensitivity_v1_logit_f3,IC0,1000,5,10,drf,mean_quantile_rmse,MEANQ-A-INTERIOR,10,0.20319588618554474,0.02022550466657848,0.006395866157275243,0.20038170460970886
wcf_sensitivity_v1_logit_f3,IC0,1000,5,10,drf,mean_quantile_rmse,MEANQ-A-K,10,0.19996797648871867,0.01996182601421422,0.006312483646091762,0.19726229269991435
wcf_sensitivity_v1_logit_f3,IC0,1000,5,10,drf,mode_coverage,LAW-A-K,10,1.0,0.0,0.0,1.0
wcf_sensitivity_v1_logit_f3,IC0,1000,5,10,drf,peak_ram,NONE_OPERATIONAL,10,547.49,6.626956734094152,2.095627723512834,547.25
wcf_sensitivity_v1_logit_f3,IC0,1000,5,10,drf,process_peak_ram,NONE_OPERATIONAL,10,555.765625,21.137260295186277,6.6841886028631645,544.62109375
wcf_sensitivity_v1_logit_f3,IC0,1000,5,10,drf,reference_effect_rmse,REF-ATE-COMMON199,10,0.17040220466907174,0.0209521542133411,0.006625652920125133,0.17061802426657818
wcf_sensitivity_v1_logit_f3,IC0,1000,5,10,drf,reference_effect_rmse,REF-ATE-K,10,0.1663184977016426,0.020958257668694778,0.006627583002176611,0.16663176352894532
wcf_sensitivity_v1_logit_f3,IC0,1000,5,10,drf,reference_tcate_rmse,REF-TCATE-COMMON199,10,0.17051941156958894,0.020864442446844236,0.00659791602415244,0.1707162708962362
wcf_sensitivity_v1_logit_f3,IC0,1000,5,10,drf,reference_tcate_rmse,REF-TCATE-INTERIOR,10,0.17559837441259105,0.021267886330378957,0.006725496182155782,0.1757834460286517
wcf_sensitivity_v1_logit_f3,IC0,1000,5,10,drf,reference_tcate_rmse,REF-TCATE-K,10,0.1664367775320916,0.02086724083118395,0.006598800950980644,0.16672922340659968
wcf_sensitivity_v1_logit_f3,IC0,1000,5,10,drf,runtime,NONE_OPERATIONAL,10,28.541700000000002,0.8334049369237555,0.2635457813908029,28.724
wcf_sensitivity_v1_logit_f3,IC0,1000,5,10,drf,tail_calibration,LAW-A-K,10,0.2233766396405072,0.006523989387268742,0.0020630665894535534,0.22568792237841484
wcf_sensitivity_v1_logit_f3,IC0,1000,5,10,drf,tate_functional_rmse,TATE-COMMON199-grid_mean,10,0.18882316467828908,0.022067469796399522,0.006978346675359466,0.1919664730468178
wcf_sensitivity_v1_logit_f3,IC0,1000,5,10,drf,tate_functional_rmse,TATE-COMMON199-grid_sd,10,0.0076551869125654716,0.002933195633585393,0.0009275579024990522,0.007293322870931754
wcf_sensitivity_v1_logit_f3,IC0,1000,5,10,drf,tate_functional_rmse,TATE-COMMON199-grid_skewness,10,0.02956223329502088,0.0030738047462559284,0.0009720224080804656,0.029267588694147383
wcf_sensitivity_v1_logit_f3,IC0,1000,5,10,drf,tate_functional_rmse,TATE-COMMON199-grid_upper_tail_mean,10,0.1937179067839141,0.022224570963031338,0.007028026426322084,0.19349945463860269
wcf_sensitivity_v1_logit_f3,IC0,1000,5,10,drf,tate_functional_rmse,TATE-K-grid_mean,10,0.1888228660545892,0.02206743607723946,0.006978336012424808,0.19196618139533533
wcf_sensitivity_v1_logit_f3,IC0,1000,5,10,drf,tate_functional_rmse,TATE-K-grid_sd,10,0.007875672536163164,0.0028823728844404226,0.0009114863380741042,0.007560894816375816
wcf_sensitivity_v1_logit_f3,IC0,1000,5,10,drf,tate_functional_rmse,TATE-K-grid_skewness,10,0.03325853316894623,0.0034610321694146197,0.0010944744710463953,0.03293517118200652
wcf_sensitivity_v1_logit_f3,IC0,1000,5,10,drf,tate_functional_rmse,TATE-K-grid_upper_tail_mean,10,0.19484386300207807,0.022196963453601642,0.007019296165289843,0.19410248052815282
wcf_sensitivity_v1_logit_f3,IC0,1000,5,10,drf,tcate_functional_rmse,TCATE-COMMON199-grid_mean,10,0.1889343010905695,0.02199989312712379,0.006956977056199543,0.19205254030728175
wcf_sensitivity_v1_logit_f3,IC0,1000,5,10,drf,tcate_functional_rmse,TCATE-COMMON199-grid_sd,10,0.0076934073215791255,0.0029149198799431502,0.0009217786017524917,0.007332522807135547
wcf_sensitivity_v1_logit_f3,IC0,1000,5,10,drf,tcate_functional_rmse,TCATE-COMMON199-grid_skewness,10,0.02957128269031482,0.0030628216004992747,0.0009685492324340017,0.029257199035407293
wcf_sensitivity_v1_logit_f3,IC0,1000,5,10,drf,tcate_functional_rmse,TCATE-COMMON199-grid_upper_tail_mean,10,0.19381793928286567,0.022189415824105527,0.007016909395275563,0.19375315928822695
wcf_sensitivity_v1_logit_f3,IC0,1000,5,10,drf,tcate_functional_rmse,TCATE-K-grid_mean,10,0.18893400228594287,0.021999859918202854,0.006956966554616663,0.19205224873805743
wcf_sensitivity_v1_logit_f3,IC0,1000,5,10,drf,tcate_functional_rmse,TCATE-K-grid_sd,10,0.007918381927052656,0.0028601373535376193,0.0009044548458105123,0.007653314036991189
wcf_sensitivity_v1_logit_f3,IC0,1000,5,10,drf,tcate_functional_rmse,TCATE-K-grid_skewness,10,0.03326836803809323,0.0034486771405841214,0.0010905674678802532,0.03292325755225635
wcf_sensitivity_v1_logit_f3,IC0,1000,5,10,drf,tcate_functional_rmse,TCATE-K-grid_upper_tail_mean,10,0.19494654546826506,0.02215386537688174,0.007005667356769086,0.19436587227012556
wcf_sensitivity_v1_logit_f3,IC0,1000,25,5,cwdb_dr,arm_energy_risk,LAW-A-M-K,10,0.05084836534796059,0.0034719502155648226,0.0010979270603897427,0.050646618261186355
wcf_sensitivity_v1_logit_f3,IC0,1000,25,5,cwdb_dr,barycenter_rmse,MEANQ-A-K,10,0.14046036299113324,0.0060442554771947266,0.001911361406788325,0.14050107019321179
wcf_sensitivity_v1_logit_f3,IC0,1000,25,5,cwdb_dr,diagnostic_dense_dr_n_levels,NONE_OPERATIONAL,10,199.0,0.0,0.0,199.0
wcf_sensitivity_v1_logit_f3,IC0,1000,25,5,cwdb_dr,diagnostic_dr_if_se_reference,NONE_OPERATIONAL,10,0.016747360623552133,0.0013050097877303295,0.00041268032980406997,0.01645021877454135
wcf_sensitivity_v1_logit_f3,IC0,1000,25,5,cwdb_dr,diagnostic_effective_support,NONE_OPERATIONAL,10,4.999999999999999,0.0,0.0,4.999999999999999
wcf_sensitivity_v1_logit_f3,IC0,1000,25,5,cwdb_dr,diagnostic_ehat_mean,NONE_OPERATIONAL,10,0.49945202048356263,0.013188252302031188,0.004170491563137742,0.4992988000059672
wcf_sensitivity_v1_logit_f3,IC0,1000,25,5,cwdb_dr,diagnostic_n_boosting_steps,NONE_OPERATIONAL,10,100.0,0.0,0.0,100.0
wcf_sensitivity_v1_logit_f3,IC0,1000,25,5,cwdb_dr,diagnostic_selected_contrast_shrinkage,NONE_OPERATIONAL,10,275.0,237.17082451262846,75.0,275.0
wcf_sensitivity_v1_logit_f3,IC0,1000,25,5,cwdb_dr,diagnostic_train_risk,NONE_OPERATIONAL,10,0.07225781550579527,0.00475884653060124,0.0015048794071890097,0.07225356376352236
wcf_sensitivity_v1_logit_f3,IC0,1000,25,5,cwdb_dr,kernel_law_error,LAW-A-COMMON199,10,0.0673615482081621,0.00316898746100082,0.0010021218253276605,0.06721573607978186
wcf_sensitivity_v1_logit_f3,IC0,1000,25,5,cwdb_dr,kernel_law_error,LAW-A-INTERIOR,10,0.017255303678961834,0.0018305068875749757,0.0005788571037362697,0.017483156457317812
wcf_sensitivity_v1_logit_f3,IC0,1000,25,5,cwdb_dr,kernel_law_error,LAW-A-K,10,0.01528928675865084,0.0014847788439918865,0.0004695282968646174,0.015355401037623975
wcf_sensitivity_v1_logit_f3,IC0,1000,25,5,cwdb_dr,mean_quantile_rmse,MEANQ-A-COMMON199,10,0.035476537871980726,0.016965708603884005,0.005365028130698885,0.04020191679371162
wcf_sensitivity_v1_logit_f3,IC0,1000,25,5,cwdb_dr,mean_quantile_rmse,MEANQ-A-INTERIOR,10,0.030140410003107236,0.015372931371700638,0.004861347744803056,0.034835283430932194
wcf_sensitivity_v1_logit_f3,IC0,1000,25,5,cwdb_dr,mean_quantile_rmse,MEANQ-A-K,10,0.03560651433636243,0.017012613386472208,0.0053798607253122575,0.04033385234641289
wcf_sensitivity_v1_logit_f3,IC0,1000,25,5,cwdb_dr,mode_coverage,LAW-A-K,10,1.0,0.0,0.0,1.0
wcf_sensitivity_v1_logit_f3,IC0,1000,25,5,cwdb_dr,peak_ram,NONE_OPERATIONAL,10,0.0,0.0,0.0,0.0
wcf_sensitivity_v1_logit_f3,IC0,1000,25,5,cwdb_dr,process_peak_ram,NONE_OPERATIONAL,10,681.953125,21.50844508657745,6.80156754022422,687.1875
wcf_sensitivity_v1_logit_f3,IC0,1000,25,5,cwdb_dr,reference_effect_rmse,REF-ATE-COMMON199,10,0.013344087032656183,0.007273377198977082,0.0023000438230303287,0.013397739212348065
wcf_sensitivity_v1_logit_f3,IC0,1000,25,5,cwdb_dr,reference_effect_rmse,REF-ATE-K,10,0.014226224486290675,0.007800866014465168,0.002466850432750994,0.013859220982852838
wcf_sensitivity_v1_logit_f3,IC0,1000,25,5,cwdb_dr,reference_tcate_rmse,REF-TCATE-COMMON199,10,0.02980139413894861,0.00898076790719288,0.002839968172407317,0.029795658725092065
wcf_sensitivity_v1_logit_f3,IC0,1000,25,5,cwdb_dr,reference_tcate_rmse,REF-TCATE-INTERIOR,10,0.029724845650407866,0.011602743944597487,0.003669109797265457,0.02879574226928898
wcf_sensitivity_v1_logit_f3,IC0,1000,25,5,cwdb_dr,reference_tcate_rmse,REF-TCATE-K,10,0.02980031781643172,0.008762400710577312,0.0027709144016502167,0.029749597837331675
wcf_sensitivity_v1_logit_f3,IC0,1000,25,5,cwdb_dr,runtime,NONE_OPERATIONAL,10,177.72242568759975,4.982881313374895,1.5757254260555902,176.42061956400175
wcf_sensitivity_v1_logit_f3,IC0,1000,25,5,cwdb_dr,tail_calibration,LAW-A-K,10,2.9344056335406597e-05,1.479888541568548e-05,4.679818474541383e-06,3.036702106890332e-05
wcf_sensitivity_v1_logit_f3,IC0,1000,25,5,cwdb_dr,tate_functional_rmse,TATE-COMMON199-grid_mean,10,0.012380563612780846,0.00826303846587888,0.0026130021945760776,0.011539682002721615
wcf_sensitivity_v1_logit_f3,IC0,1000,25,5,cwdb_dr,tate_functional_rmse,TATE-COMMON199-grid_sd,10,0.011463466520199696,0.006097152793357099,0.0019280890069066385,0.012022065306029804
wcf_sensitivity_v1_logit_f3,IC0,1000,25,5,cwdb_dr,tate_functional_rmse,TATE-COMMON199-grid_skewness,10,0.002730993201174689,0.0023499037380697893,0.0007431048094444261,0.0018464234133720734
wcf_sensitivity_v1_logit_f3,IC0,1000,25,5,cwdb_dr,tate_functional_rmse,TATE-COMMON199-grid_upper_tail_mean,10,0.013181619567774947,0.007887658649300447,0.0024942966737716695,0.013277858583661904
wcf_sensitivity_v1_logit_f3,IC0,1000,25,5,cwdb_dr,tate_functional_rmse,TATE-K-grid_mean,10,0.012822177864207463,0.007730070489739562,0.0024444629221230256,0.01308956396784626
wcf_sensitivity_v1_logit_f3,IC0,1000,25,5,cwdb_dr,tate_functional_rmse,TATE-K-grid_sd,10,0.011563713219168497,0.005881258023020465,0.0018598170859883663,0.012144876786863348
wcf_sensitivity_v1_logit_f3,IC0,1000,25,5,cwdb_dr,tate_functional_rmse,TATE-K-grid_skewness,10,0.002824959101959408,0.002272643712001233,0.000718673043998364,0.002048680396169407
wcf_sensitivity_v1_logit_f3,IC0,1000,25,5,cwdb_dr,tate_functional_rmse,TATE-K-grid_upper_tail_mean,10,0.012895466582612652,0.007164930984366811,0.0022657501188511403,0.011600931815828412
wcf_sensitivity_v1_logit_f3,IC0,1000,25,5,cwdb_dr,tcate_functional_rmse,TCATE-COMMON199-grid_mean,10,0.030808573725696446,0.014623624175922448,0.0046243960042217785,0.029002225732412616
wcf_sensitivity_v1_logit_f3,IC0,1000,25,5,cwdb_dr,tcate_functional_rmse,TCATE-COMMON199-grid_sd,10,0.02212065842032089,0.007026341111532698,0.002221924152972251,0.020926237498753584
wcf_sensitivity_v1_logit_f3,IC0,1000,25,5,cwdb_dr,tcate_functional_rmse,TCATE-COMMON199-grid_skewness,10,0.007699824051349577,0.00284710253768386,0.0009003328751126371,0.007618567901810711
wcf_sensitivity_v1_logit_f3,IC0,1000,25,5,cwdb_dr,tcate_functional_rmse,TCATE-COMMON199-grid_upper_tail_mean,10,0.03521368799527201,0.014501308562233242,0.0045857164109558615,0.03666918245122769
wcf_sensitivity_v1_logit_f3,IC0,1000,25,5,cwdb_dr,tcate_functional_rmse,TCATE-K-grid_mean,10,0.030808581801904933,0.01462363855642719,0.004624400551736667,0.02900229574418526
wcf_sensitivity_v1_logit_f3,IC0,1000,25,5,cwdb_dr,tcate_functional_rmse,TCATE-K-grid_sd,10,0.022332272077213312,0.007090111524202748,0.0022420901281088724,0.021147754153335488
wcf_sensitivity_v1_logit_f3,IC0,1000,25,5,cwdb_dr,tcate_functional_rmse,TCATE-K-grid_skewness,10,0.00808766109839364,0.002989657664521115,0.0009454127644066292,0.008001559935470645
wcf_sensitivity_v1_logit_f3,IC0,1000,25,5,cwdb_dr,tcate_functional_rmse,TCATE-K-grid_upper_tail_mean,10,0.03484763568709939,0.014486947820593886,0.004581175145708903,0.036322163296860235
wcf_sensitivity_v1_logit_f3,IC0,1000,25,10,causal_drf,arm_energy_risk,LAW-A-M-K,10,0.07036937347185947,0.0042893304637849,0.0013564053902706662,0.07095869986880385
wcf_sensitivity_v1_logit_f3,IC0,1000,25,10,causal_drf,barycenter_rmse,MEANQ-A-K,10,0.26050776942498094,0.013487927690476006,0.0042652572417558755,0.2605600506117415
wcf_sensitivity_v1_logit_f3,IC0,1000,25,10,causal_drf,diagnostic_effective_support,NONE_OPERATIONAL,10,129.19468752103253,3.5928808111598443,1.1361686724778421,130.14410629679884
wcf_sensitivity_v1_logit_f3,IC0,1000,25,10,causal_drf,kernel_law_error,LAW-A-COMMON199,10,0.09279868718550793,0.0031488646979294307,0.000995758448915509,0.0926271545158765
wcf_sensitivity_v1_logit_f3,IC0,1000,25,10,causal_drf,kernel_law_error,LAW-A-INTERIOR,10,0.06704436552908781,0.003959772448559465,0.001252189995342984,0.06710855401532229
wcf_sensitivity_v1_logit_f3,IC0,1000,25,10,causal_drf,kernel_law_error,LAW-A-K,10,0.04673396811298293,0.003111513825523654,0.0009839470659758502,0.0467264623384895
wcf_sensitivity_v1_logit_f3,IC0,1000,25,10,causal_drf,mean_quantile_rmse,MEANQ-A-COMMON199,10,0.1951025524857081,0.025780665237157368,0.008152562174374227,0.1945244854936396
wcf_sensitivity_v1_logit_f3,IC0,1000,25,10,causal_drf,mean_quantile_rmse,MEANQ-A-INTERIOR,10,0.20175930578113235,0.026994430077784105,0.008536388318395404,0.20091786440529752
wcf_sensitivity_v1_logit_f3,IC0,1000,25,10,causal_drf,mean_quantile_rmse,MEANQ-A-K,10,0.19517560453614186,0.025787339050716902,0.008154672619526971,0.19458338424970212
wcf_sensitivity_v1_logit_f3,IC0,1000,25,10,causal_drf,mode_coverage,LAW-A-K,10,1.0,0.0,0.0,1.0
wcf_sensitivity_v1_logit_f3,IC0,1000,25,10,causal_drf,peak_ram,NONE_OPERATIONAL,10,379.58906,0.6918500804204508,0.21878220534992882,379.5254
wcf_sensitivity_v1_logit_f3,IC0,1000,25,10,causal_drf,process_peak_ram,NONE_OPERATIONAL,10,587.942578125,5.25743974205414,1.6625484245979212,586.615234375
wcf_sensitivity_v1_logit_f3,IC0,1000,25,10,causal_drf,reference_effect_rmse,REF-ATE-COMMON199,10,0.15919369089379531,0.025963862516742483,0.00821049424083779,0.15585215903337396
wcf_sensitivity_v1_logit_f3,IC0,1000,25,10,causal_drf,reference_effect_rmse,REF-ATE-K,10,0.15763442604135458,0.02592164327655267,0.008197143344829638,0.15447308996907178
wcf_sensitivity_v1_logit_f3,IC0,1000,25,10,causal_drf,reference_tcate_rmse,REF-TCATE-COMMON199,10,0.1593657277569967,0.02589384770476147,0.008188353613256946,0.15617065178849152
wcf_sensitivity_v1_logit_f3,IC0,1000,25,10,causal_drf,reference_tcate_rmse,REF-TCATE-INTERIOR,10,0.1825438398194361,0.027106346920411424,0.0085717795315191,0.18105842189598842
wcf_sensitivity_v1_logit_f3,IC0,1000,25,10,causal_drf,reference_tcate_rmse,REF-TCATE-K,10,0.15780545553614694,0.02585000307168513,0.008174488722887386,0.15445232380734555
wcf_sensitivity_v1_logit_f3,IC0,1000,25,10,causal_drf,runtime,NONE_OPERATIONAL,10,34.616699999999994,1.2482245212923653,0.3947232518557216,35.147
wcf_sensitivity_v1_logit_f3,IC0,1000,25,10,causal_drf,tail_calibration,LAW-A-K,10,0.00016568810721777778,0.0004342690005117673,0.0001373279158822012,3.0367021068935105e-05
wcf_sensitivity_v1_logit_f3,IC0,1000,25,10,causal_drf,tate_functional_rmse,TATE-COMMON199-grid_mean,10,0.18778901534250675,0.027206263275053592,0.008603375857136138,0.1872467984392875
wcf_sensitivity_v1_logit_f3,IC0,1000,25,10,causal_drf,tate_functional_rmse,TATE-COMMON199-grid_sd,10,0.009167542264205065,0.00961907918872308,0.0030418199229889573,0.0063314626895224
wcf_sensitivity_v1_logit_f3,IC0,1000,25,10,causal_drf,tate_functional_rmse,TATE-COMMON199-grid_skewness,10,0.0634294200234112,0.0062828481141484725,0.0019868110233602744,0.06403184279902333
wcf_sensitivity_v1_logit_f3,IC0,1000,25,10,causal_drf,tate_functional_rmse,TATE-COMMON199-grid_upper_tail_mean,10,0.19061879637402004,0.025779868991392382,0.008152310379354766,0.1941926660358103
wcf_sensitivity_v1_logit_f3,IC0,1000,25,10,causal_drf,tate_functional_rmse,TATE-K-grid_mean,10,0.18778862958280212,0.027206204454745173,0.00860335725652141,0.18724643955119707
wcf_sensitivity_v1_logit_f3,IC0,1000,25,10,causal_drf,tate_functional_rmse,TATE-K-grid_sd,10,0.00945838997217378,0.009813633986193952,0.003103343551961029,0.006389089124456302
wcf_sensitivity_v1_logit_f3,IC0,1000,25,10,causal_drf,tate_functional_rmse,TATE-K-grid_skewness,10,0.0666280905929906,0.00659899296145367,0.0020867848021613312,0.06726115709767908
wcf_sensitivity_v1_logit_f3,IC0,1000,25,10,causal_drf,tate_functional_rmse,TATE-K-grid_upper_tail_mean,10,0.19103705792531056,0.025837807170278042,0.008170632040230861,0.1947231125201137
wcf_sensitivity_v1_logit_f3,IC0,1000,25,10,causal_drf,tcate_functional_rmse,TCATE-COMMON199-grid_mean,10,0.18798037860419164,0.027146909377863175,0.008584606506823219,0.1873492317834251
wcf_sensitivity_v1_logit_f3,IC0,1000,25,10,causal_drf,tcate_functional_rmse,TCATE-COMMON199-grid_sd,10,0.010122696932492764,0.008876059919066683,0.0028068565992380523,0.008347986373790854
wcf_sensitivity_v1_logit_f3,IC0,1000,25,10,causal_drf,tcate_functional_rmse,TCATE-COMMON199-grid_skewness,10,0.06345875194955498,0.006260220711363401,0.001979655610326788,0.0642055887206642
wcf_sensitivity_v1_logit_f3,IC0,1000,25,10,causal_drf,tcate_functional_rmse,TCATE-COMMON199-grid_upper_tail_mean,10,0.19081086332674152,0.025764424374252907,0.008147426362579764,0.1943458690178947
wcf_sensitivity_v1_logit_f3,IC0,1000,25,10,causal_drf,tcate_functional_rmse,TCATE-K-grid_mean,10,0.187979992894662,0.02714685117442036,0.008584588101278523,0.18734887216290158
wcf_sensitivity_v1_logit_f3,IC0,1000,25,10,causal_drf,tcate_functional_rmse,TCATE-K-grid_sd,10,0.010380201560511993,0.009102567794923484,0.0028784846788054677,0.008285870015359678
wcf_sensitivity_v1_logit_f3,IC0,1000,25,10,causal_drf,tcate_functional_rmse,TCATE-K-grid_skewness,10,0.06665890820367451,0.006575238181853314,0.0020792728812760886,0.06744366341011733
wcf_sensitivity_v1_logit_f3,IC0,1000,25,10,causal_drf,tcate_functional_rmse,TCATE-K-grid_upper_tail_mean,10,0.19122851025304147,0.025820455817423617,0.008165145060680338,0.19487454474765797
wcf_sensitivity_v1_logit_f3,IC0,1000,25,10,cwdb_dr,arm_energy_risk,LAW-A-M-K,10,0.045264332587279466,0.002798522849579917,0.0008849706288697326,0.04412265695807995
wcf_sensitivity_v1_logit_f3,IC0,1000,25,10,cwdb_dr,barycenter_rmse,MEANQ-A-K,10,0.14364787613822436,0.004631590028552592,0.0014646373678350488,0.14284365173269703
wcf_sensitivity_v1_logit_f3,IC0,1000,25,10,cwdb_dr,diagnostic_dense_dr_n_levels,NONE_OPERATIONAL,10,199.0,0.0,0.0,199.0
wcf_sensitivity_v1_logit_f3,IC0,1000,25,10,cwdb_dr,diagnostic_dr_if_se_reference,NONE_OPERATIONAL,10,0.01695725485167198,0.0011362904824355866,0.00035932660080680056,0.016739767427023256
wcf_sensitivity_v1_logit_f3,IC0,1000,25,10,cwdb_dr,diagnostic_effective_support,NONE_OPERATIONAL,10,9.999999999999998,0.0,0.0,9.999999999999998
wcf_sensitivity_v1_logit_f3,IC0,1000,25,10,cwdb_dr,diagnostic_ehat_mean,NONE_OPERATIONAL,10,0.49945202048356263,0.013188252302031188,0.004170491563137742,0.4992988000059672
wcf_sensitivity_v1_logit_f3,IC0,1000,25,10,cwdb_dr,diagnostic_n_boosting_steps,NONE_OPERATIONAL,10,100.0,0.0,0.0,100.0
wcf_sensitivity_v1_logit_f3,IC0,1000,25,10,cwdb_dr,diagnostic_selected_contrast_shrinkage,NONE_OPERATIONAL,10,140.0,189.73665961010275,59.99999999999999,50.0
wcf_sensitivity_v1_logit_f3,IC0,1000,25,10,cwdb_dr,diagnostic_train_risk,NONE_OPERATIONAL,10,0.07052150616785358,0.004658303424216632,0.001473084885268612,0.06944203543652164
wcf_sensitivity_v1_logit_f3,IC0,1000,25,10,cwdb_dr,kernel_law_error,LAW-A-COMMON199,10,0.06687927520211154,0.002956911756297996,0.00093505759900304,0.06676526495800036
wcf_sensitivity_v1_logit_f3,IC0,1000,25,10,cwdb_dr,kernel_law_error,LAW-A-INTERIOR,10,0.0177595713277079,0.0018252220438428944,0.0005771858894091255,0.017148029568877572
wcf_sensitivity_v1_logit_f3,IC0,1000,25,10,cwdb_dr,kernel_law_error,LAW-A-K,10,0.015286262643050852,0.0015551961866183085,0.000491796215812213,0.014814749155005266
wcf_sensitivity_v1_logit_f3,IC0,1000,25,10,cwdb_dr,mean_quantile_rmse,MEANQ-A-COMMON199,10,0.04255648987756452,0.013059348421561676,0.004129728576985968,0.04486975954097837
wcf_sensitivity_v1_logit_f3,IC0,1000,25,10,cwdb_dr,mean_quantile_rmse,MEANQ-A-INTERIOR,10,0.0363940581799581,0.011470231781358652,0.003627205771914382,0.03850294921194025
wcf_sensitivity_v1_logit_f3,IC0,1000,25,10,cwdb_dr,mean_quantile_rmse,MEANQ-A-K,10,0.042719826998796104,0.013093812853734784,0.004140627187379108,0.04502963549192164
wcf_sensitivity_v1_logit_f3,IC0,1000,25,10,cwdb_dr,mode_coverage,LAW-A-K,10,1.0,0.0,0.0,1.0
wcf_sensitivity_v1_logit_f3,IC0,1000,25,10,cwdb_dr,peak_ram,NONE_OPERATIONAL,10,3.759375,6.276432333536035,1.9847821753899493,0.0
wcf_sensitivity_v1_logit_f3,IC0,1000,25,10,cwdb_dr,process_peak_ram,NONE_OPERATIONAL,10,763.80078125,35.81860517294571,11.326837495679776,777.3046875
wcf_sensitivity_v1_logit_f3,IC0,1000,25,10,cwdb_dr,reference_effect_rmse,REF-ATE-COMMON199,10,0.014453311494541635,0.005941631840634983,0.0018789089634585134,0.015770096841632334
wcf_sensitivity_v1_logit_f3,IC0,1000,25,10,cwdb_dr,reference_effect_rmse,REF-ATE-K,10,0.01512225706742821,0.006324232275444019,0.0019998978442352456,0.016452443891469562
wcf_sensitivity_v1_logit_f3,IC0,1000,25,10,cwdb_dr,reference_tcate_rmse,REF-TCATE-COMMON199,10,0.028606302039974975,0.008298112113319293,0.0026240934557522216,0.029012303310513424
wcf_sensitivity_v1_logit_f3,IC0,1000,25,10,cwdb_dr,reference_tcate_rmse,REF-TCATE-INTERIOR,10,0.029221990961147127,0.010722685310169134,0.0033908108213363502,0.03203905465222099
wcf_sensitivity_v1_logit_f3,IC0,1000,25,10,cwdb_dr,reference_tcate_rmse,REF-TCATE-K,10,0.028572799968550423,0.008083094220866012,0.002556098827968072,0.028755803297534757
wcf_sensitivity_v1_logit_f3,IC0,1000,25,10,cwdb_dr,runtime,NONE_OPERATIONAL,10,306.5132304644998,46.3209967671901,14.647985327361697,286.8709403270001
wcf_sensitivity_v1_logit_f3,IC0,1000,25,10,cwdb_dr,tail_calibration,LAW-A-K,10,2.9344056335406597e-05,1.479888541568548e-05,4.679818474541383e-06,3.036702106890332e-05
wcf_sensitivity_v1_logit_f3,IC0,1000,25,10,cwdb_dr,tate_functional_rmse,TATE-COMMON199-grid_mean,10,0.015383893036863536,0.009790896405550222,0.003096153297629435,0.018379523676832217
wcf_sensitivity_v1_logit_f3,IC0,1000,25,10,cwdb_dr,tate_functional_rmse,TATE-COMMON199-grid_sd,10,0.010345456665783704,0.007151809647024869,0.0022616007876563446,0.010076153105438402
wcf_sensitivity_v1_logit_f3,IC0,1000,25,10,cwdb_dr,tate_functional_rmse,TATE-COMMON199-grid_skewness,10,0.002369104164666029,0.001514049850812267,0.0004787846019604899,0.002356515658151413
wcf_sensitivity_v1_logit_f3,IC0,1000,25,10,cwdb_dr,tate_functional_rmse,TATE-COMMON199-grid_upper_tail_mean,10,0.01713084697777127,0.008749993775241941,0.0027669909842059966,0.018743222621717383
wcf_sensitivity_v1_logit_f3,IC0,1000,25,10,cwdb_dr,tate_functional_rmse,TATE-K-grid_mean,10,0.01558129410259505,0.009524776877876983,0.003011998913899871,0.017213183893177525
wcf_sensitivity_v1_logit_f3,IC0,1000,25,10,cwdb_dr,tate_functional_rmse,TATE-K-grid_sd,10,0.010240731876254763,0.00741569027593321,0.0023450471694311473,0.010274641702274016
wcf_sensitivity_v1_logit_f3,IC0,1000,25,10,cwdb_dr,tate_functional_rmse,TATE-K-grid_skewness,10,0.0025471331070453466,0.0015541323487294218,0.0004914598007332064,0.002698227815952043
wcf_sensitivity_v1_logit_f3,IC0,1000,25,10,cwdb_dr,tate_functional_rmse,TATE-K-grid_upper_tail_mean,10,0.017017113620143146,0.0074983538137622435,0.002371187675329871,0.01720570741090592
wcf_sensitivity_v1_logit_f3,IC0,1000,25,10,cwdb_dr,tcate_functional_rmse,TCATE-COMMON199-grid_mean,10,0.03128150737158557,0.01337171108196436,0.004228506323272184,0.03412372676964794
wcf_sensitivity_v1_logit_f3,IC0,1000,25,10,cwdb_dr,tcate_functional_rmse,TCATE-COMMON199-grid_sd,10,0.021046688946645596,0.005532978840337625,0.0017496815380984017,0.019563465857869427
wcf_sensitivity_v1_logit_f3,IC0,1000,25,10,cwdb_dr,tcate_functional_rmse,TCATE-COMMON199-grid_skewness,10,0.005631373367070482,0.0017417616257998949,0.0005507933878605563,0.00548130543533206
wcf_sensitivity_v1_logit_f3,IC0,1000,25,10,cwdb_dr,tcate_functional_rmse,TCATE-COMMON199-grid_upper_tail_mean,10,0.034494096700013174,0.012828478499227226,0.004056721097205663,0.03463769663298179
wcf_sensitivity_v1_logit_f3,IC0,1000,25,10,cwdb_dr,tcate_functional_rmse,TCATE-K-grid_mean,10,0.03128150254416055,0.013371717877078733,0.004228508472076022,0.03412379281455685
wcf_sensitivity_v1_logit_f3,IC0,1000,25,10,cwdb_dr,tcate_functional_rmse,TCATE-K-grid_sd,10,0.02123335815949745,0.005589365366313864,0.001767512523241318,0.019719734408027732
wcf_sensitivity_v1_logit_f3,IC0,1000,25,10,cwdb_dr,tcate_functional_rmse,TCATE-K-grid_skewness,10,0.005914916184475782,0.001829355610254614,0.0005784930378811858,0.005758522131942416
wcf_sensitivity_v1_logit_f3,IC0,1000,25,10,cwdb_dr,tcate_functional_rmse,TCATE-K-grid_upper_tail_mean,10,0.03418013439457301,0.012904619941370146,0.004080799135355819,0.034446597191843814
wcf_sensitivity_v1_logit_f3,IC0,1000,25,10,drf,arm_energy_risk,LAW-A-M-K,10,0.09137023718582085,0.005926057658926387,0.0018739839747692636,0.08952249433768453
wcf_sensitivity_v1_logit_f3,IC0,1000,25,10,drf,barycenter_rmse,MEANQ-A-K,10,0.31060330832297184,0.013393296882328405,0.004235332352698992,0.3123172867930538
wcf_sensitivity_v1_logit_f3,IC0,1000,25,10,drf,diagnostic_effective_support,NONE_OPERATIONAL,10,233.04976795490643,2.3476754984414594,0.7424001782046091,233.38936715955506
wcf_sensitivity_v1_logit_f3,IC0,1000,25,10,drf,kernel_law_error,LAW-A-COMMON199,10,0.10856552030775438,0.003957721412670174,0.001251541400845693,0.10817289724389813
wcf_sensitivity_v1_logit_f3,IC0,1000,25,10,drf,kernel_law_error,LAW-A-INTERIOR,10,0.09066446497766369,0.005483647536355811,0.001734081610045535,0.0883324025233585
wcf_sensitivity_v1_logit_f3,IC0,1000,25,10,drf,kernel_law_error,LAW-A-K,10,0.06413054178424532,0.004234296809827318,0.0013390022208239164,0.062276624737163666
wcf_sensitivity_v1_logit_f3,IC0,1000,25,10,drf,mean_quantile_rmse,MEANQ-A-COMMON199,10,0.19622705559161008,0.01999122462101772,0.006321780301845241,0.19533984268442445
wcf_sensitivity_v1_logit_f3,IC0,1000,25,10,drf,mean_quantile_rmse,MEANQ-A-INTERIOR,10,0.2029592998860819,0.02062273613298938,0.006521481776489954,0.20180447178535044
wcf_sensitivity_v1_logit_f3,IC0,1000,25,10,drf,mean_quantile_rmse,MEANQ-A-K,10,0.19628792581923069,0.019990787173044533,0.006321641968649931,0.1953807338257878
wcf_sensitivity_v1_logit_f3,IC0,1000,25,10,drf,mode_coverage,LAW-A-K,10,1.0,0.0,0.0,1.0
wcf_sensitivity_v1_logit_f3,IC0,1000,25,10,drf,peak_ram,NONE_OPERATIONAL,10,548.6899999999999,8.001590119747734,2.5303249681502282,548.35
wcf_sensitivity_v1_logit_f3,IC0,1000,25,10,drf,process_peak_ram,NONE_OPERATIONAL,10,587.942578125,5.25743974205414,1.6625484245979212,586.615234375
wcf_sensitivity_v1_logit_f3,IC0,1000,25,10,drf,reference_effect_rmse,REF-ATE-COMMON199,10,0.15585742093203442,0.02064224831676622,0.006527652070775814,0.1567194485066399
wcf_sensitivity_v1_logit_f3,IC0,1000,25,10,drf,reference_effect_rmse,REF-ATE-K,10,0.15430759989053966,0.02061679930981849,0.006519604388161387,0.15494108433224635
wcf_sensitivity_v1_logit_f3,IC0,1000,25,10,drf,reference_tcate_rmse,REF-TCATE-COMMON199,10,0.15595555281348894,0.020577875180537532,0.006507295497714719,0.156836038530191
wcf_sensitivity_v1_logit_f3,IC0,1000,25,10,drf,reference_tcate_rmse,REF-TCATE-INTERIOR,10,0.1782078675945616,0.021402213849102632,0.006767974273316355,0.17944120391704185
wcf_sensitivity_v1_logit_f3,IC0,1000,25,10,drf,reference_tcate_rmse,REF-TCATE-K,10,0.15440577971184613,0.02055154738257785,0.006498969916981787,0.155057892571722
wcf_sensitivity_v1_logit_f3,IC0,1000,25,10,drf,runtime,NONE_OPERATIONAL,10,32.3938,0.3485238075719439,0.11021290507215811,32.406
wcf_sensitivity_v1_logit_f3,IC0,1000,25,10,drf,tail_calibration,LAW-A-K,10,0.0001318488905099503,0.0003273393673892705,0.00010351379687887397,3.0367021068594544e-05
wcf_sensitivity_v1_logit_f3,IC0,1000,25,10,drf,tate_functional_rmse,TATE-COMMON199-grid_mean,10,0.18361757701644676,0.021635787671517023,0.006841836801378472,0.18795196849714463
wcf_sensitivity_v1_logit_f3,IC0,1000,25,10,drf,tate_functional_rmse,TATE-COMMON199-grid_sd,10,0.008785351046404283,0.008156256965287201,0.0025792349191920455,0.006040544130240518
wcf_sensitivity_v1_logit_f3,IC0,1000,25,10,drf,tate_functional_rmse,TATE-COMMON199-grid_skewness,10,0.05903085472341311,0.006103481866348983,0.0019300904355198194,0.05795613864665125
wcf_sensitivity_v1_logit_f3,IC0,1000,25,10,drf,tate_functional_rmse,TATE-COMMON199-grid_upper_tail_mean,10,0.18679444674344944,0.021846058524048202,0.006908330283332862,0.189329296901461
wcf_sensitivity_v1_logit_f3,IC0,1000,25,10,drf,tate_functional_rmse,TATE-K-grid_mean,10,0.18361722360528926,0.02163574885721152,0.006841824527217353,0.18795162429560858
wcf_sensitivity_v1_logit_f3,IC0,1000,25,10,drf,tate_functional_rmse,TATE-K-grid_sd,10,0.00887905222446194,0.00848290156349188,0.0026825290107637787,0.005779102602835127
wcf_sensitivity_v1_logit_f3,IC0,1000,25,10,drf,tate_functional_rmse,TATE-K-grid_skewness,10,0.06200807273457023,0.006411476538272871,0.0020274869025673995,0.060879003602301626
wcf_sensitivity_v1_logit_f3,IC0,1000,25,10,drf,tate_functional_rmse,TATE-K-grid_upper_tail_mean,10,0.18715799582953746,0.021815897585464105,0.006898792557103442,0.18958028663925483
wcf_sensitivity_v1_logit_f3,IC0,1000,25,10,drf,tcate_functional_rmse,TCATE-COMMON199-grid_mean,10,0.18370638541209583,0.021595803136769984,0.006829192581280193,0.1879728614948381
wcf_sensitivity_v1_logit_f3,IC0,1000,25,10,drf,tcate_functional_rmse,TCATE-COMMON199-grid_sd,10,0.008965319652935927,0.007987985073331266,0.0025260226747153935,0.0060823383809969055
wcf_sensitivity_v1_logit_f3,IC0,1000,25,10,drf,tcate_functional_rmse,TCATE-COMMON199-grid_skewness,10,0.059047059391113724,0.0060922376158736025,0.001926534691311456,0.05794369808471725
wcf_sensitivity_v1_logit_f3,IC0,1000,25,10,drf,tcate_functional_rmse,TCATE-COMMON199-grid_upper_tail_mean,10,0.1868724453258832,0.021834789744770985,0.006904766782436291,0.18950701349981378
wcf_sensitivity_v1_logit_f3,IC0,1000,25,10,drf,tcate_functional_rmse,TCATE-K-grid_mean,10,0.1837060318066652,0.021595764749735614,0.0068291804422340695,0.187972501263333
wcf_sensitivity_v1_logit_f3,IC0,1000,25,10,drf,tcate_functional_rmse,TCATE-K-grid_sd,10,0.009102877200923985,0.008267400680729857,0.002614381648033288,0.005827414913065516
wcf_sensitivity_v1_logit_f3,IC0,1000,25,10,drf,tcate_functional_rmse,TCATE-K-grid_skewness,10,0.0620251042849143,0.0063996666683583305,0.002023752293787375,0.0608659445007297
wcf_sensitivity_v1_logit_f3,IC0,1000,25,10,drf,tcate_functional_rmse,TCATE-K-grid_upper_tail_mean,10,0.18723655135675116,0.021803263644794856,0.0068947973542696165,0.18976030642540098
wcf_sensitivity_v1_logit_f3,IC0,1000,25,25,cwdb_dr,arm_energy_risk,LAW-A-M-K,10,0.0428540429725157,0.003041980325906241,0.0009619586427285031,0.04313917108840594
wcf_sensitivity_v1_logit_f3,IC0,1000,25,25,cwdb_dr,barycenter_rmse,MEANQ-A-K,10,0.14599682986545992,0.004729444538869532,0.001495581681027246,0.14581004359308328
wcf_sensitivity_v1_logit_f3,IC0,1000,25,25,cwdb_dr,diagnostic_dense_dr_n_levels,NONE_OPERATIONAL,10,199.0,0.0,0.0,199.0
wcf_sensitivity_v1_logit_f3,IC0,1000,25,25,cwdb_dr,diagnostic_dr_if_se_reference,NONE_OPERATIONAL,10,0.016943849889620007,0.001167249232562599,0.0003691166171981392,0.016665858285411866
wcf_sensitivity_v1_logit_f3,IC0,1000,25,25,cwdb_dr,diagnostic_effective_support,NONE_OPERATIONAL,10,25.0,0.0,0.0,25.0
wcf_sensitivity_v1_logit_f3,IC0,1000,25,25,cwdb_dr,diagnostic_ehat_mean,NONE_OPERATIONAL,10,0.49945202048356263,0.013188252302031188,0.004170491563137742,0.4992988000059672
wcf_sensitivity_v1_logit_f3,IC0,1000,25,25,cwdb_dr,diagnostic_n_boosting_steps,NONE_OPERATIONAL,10,100.0,0.0,0.0,100.0
wcf_sensitivity_v1_logit_f3,IC0,1000,25,25,cwdb_dr,diagnostic_selected_contrast_shrinkage,NONE_OPERATIONAL,10,180.0,221.35943621178654,70.0,50.0
wcf_sensitivity_v1_logit_f3,IC0,1000,25,25,cwdb_dr,diagnostic_train_risk,NONE_OPERATIONAL,10,0.06651831357468789,0.005634768593445101,0.0017818702843269843,0.0682596814538119
wcf_sensitivity_v1_logit_f3,IC0,1000,25,25,cwdb_dr,kernel_law_error,LAW-A-COMMON199,10,0.06610356361655755,0.0027052719326758215,0.0008554820997381285,0.06641875546222947
wcf_sensitivity_v1_logit_f3,IC0,1000,25,25,cwdb_dr,kernel_law_error,LAW-A-INTERIOR,10,0.017353634999978954,0.0019761861274528733,0.0006249249243178883,0.01708308579703488
wcf_sensitivity_v1_logit_f3,IC0,1000,25,25,cwdb_dr,kernel_law_error,LAW-A-K,10,0.015262917190107764,0.001495038091639707,0.00047277255582930114,0.015003389120195693
wcf_sensitivity_v1_logit_f3,IC0,1000,25,25,cwdb_dr,mean_quantile_rmse,MEANQ-A-COMMON199,10,0.0478341440987949,0.0318913940499598,0.010084944295581464,0.046133513633481296
wcf_sensitivity_v1_logit_f3,IC0,1000,25,25,cwdb_dr,mean_quantile_rmse,MEANQ-A-INTERIOR,10,0.04056362923908965,0.025745925567205126,0.008141576526153068,0.040003441671597736
wcf_sensitivity_v1_logit_f3,IC0,1000,25,25,cwdb_dr,mean_quantile_rmse,MEANQ-A-K,10,0.048021730169137675,0.03203600314895553,0.010130673707902592,0.046292030533642135
wcf_sensitivity_v1_logit_f3,IC0,1000,25,25,cwdb_dr,mode_coverage,LAW-A-K,10,1.0,0.0,0.0,1.0
wcf_sensitivity_v1_logit_f3,IC0,1000,25,25,cwdb_dr,peak_ram,NONE_OPERATIONAL,10,109.105078125,58.2811563421411,18.430119870953344,130.76953125
wcf_sensitivity_v1_logit_f3,IC0,1000,25,25,cwdb_dr,process_peak_ram,NONE_OPERATIONAL,10,898.359375,16.104146663756982,5.092578323087384,899.482421875
wcf_sensitivity_v1_logit_f3,IC0,1000,25,25,cwdb_dr,reference_effect_rmse,REF-ATE-COMMON199,10,0.012138993375993116,0.006129960843157047,0.0019384638232022452,0.012483342548492347
wcf_sensitivity_v1_logit_f3,IC0,1000,25,25,cwdb_dr,reference_effect_rmse,REF-ATE-K,10,0.012627596728772363,0.005757845614346667,0.001820790655694694,0.012371780699631529
wcf_sensitivity_v1_logit_f3,IC0,1000,25,25,cwdb_dr,reference_tcate_rmse,REF-TCATE-COMMON199,10,0.028206440703017015,0.008269725483026348,0.002615116815069938,0.027832538713686086
wcf_sensitivity_v1_logit_f3,IC0,1000,25,25,cwdb_dr,reference_tcate_rmse,REF-TCATE-INTERIOR,10,0.0294942756755242,0.010529104882551106,0.003329595315166117,0.030114457398920366
wcf_sensitivity_v1_logit_f3,IC0,1000,25,25,cwdb_dr,reference_tcate_rmse,REF-TCATE-K,10,0.02804079697189756,0.008137268162497161,0.002573230132506417,0.027865120193642234
wcf_sensitivity_v1_logit_f3,IC0,1000,25,25,cwdb_dr,runtime,NONE_OPERATIONAL,10,1155.2429344589,231.2963640724661,73.14233249845317,1193.3688000985
wcf_sensitivity_v1_logit_f3,IC0,1000,25,25,cwdb_dr,tail_calibration,LAW-A-K,10,3.934046019400858e-05,3.7006433128835685e-05,1.170246167658321e-05,3.036702106869238e-05
wcf_sensitivity_v1_logit_f3,IC0,1000,25,25,cwdb_dr,tate_functional_rmse,TATE-COMMON199-grid_mean,10,0.0150113927461369,0.009883887840974662,0.0031255597715124047,0.01671409720660214
wcf_sensitivity_v1_logit_f3,IC0,1000,25,25,cwdb_dr,tate_functional_rmse,TATE-COMMON199-grid_sd,10,0.008005858431548595,0.005633686653285417,0.0017815281448073234,0.005984357153851805
wcf_sensitivity_v1_logit_f3,IC0,1000,25,25,cwdb_dr,tate_functional_rmse,TATE-COMMON199-grid_skewness,10,0.0018583096108653863,0.0019109747460984078,0.0006043032748732936,0.001499186122191579
wcf_sensitivity_v1_logit_f3,IC0,1000,25,25,cwdb_dr,tate_functional_rmse,TATE-COMMON199-grid_upper_tail_mean,10,0.01855644756117603,0.007143786915007353,0.0022590637770330936,0.016657201099781187
wcf_sensitivity_v1_logit_f3,IC0,1000,25,25,cwdb_dr,tate_functional_rmse,TATE-K-grid_mean,10,0.014278740701668322,0.010300026505414754,0.0032571543717215255,0.017482239445311302
wcf_sensitivity_v1_logit_f3,IC0,1000,25,25,cwdb_dr,tate_functional_rmse,TATE-K-grid_sd,10,0.007642323251444557,0.005905716068283748,0.001867551399003113,0.005816676000374275
wcf_sensitivity_v1_logit_f3,IC0,1000,25,25,cwdb_dr,tate_functional_rmse,TATE-K-grid_skewness,10,0.0020202626993569743,0.002158880079461887,0.000682697824626486,0.0016845275764161257
wcf_sensitivity_v1_logit_f3,IC0,1000,25,25,cwdb_dr,tate_functional_rmse,TATE-K-grid_upper_tail_mean,10,0.01733213290414034,0.00749879365528975,0.0023713267654335156,0.01717595461310972
wcf_sensitivity_v1_logit_f3,IC0,1000,25,25,cwdb_dr,tcate_functional_rmse,TCATE-COMMON199-grid_mean,10,0.03220368473138272,0.013770522583625763,0.00435462159350439,0.03147656206316446
wcf_sensitivity_v1_logit_f3,IC0,1000,25,25,cwdb_dr,tcate_functional_rmse,TCATE-COMMON199-grid_sd,10,0.017624466044834818,0.006206845140676999,0.001962776772848753,0.017427282530450568
wcf_sensitivity_v1_logit_f3,IC0,1000,25,25,cwdb_dr,tcate_functional_rmse,TCATE-COMMON199-grid_skewness,10,0.00642534885689777,0.0029426573429357826,0.0009305499577096267,0.006043231077131389
wcf_sensitivity_v1_logit_f3,IC0,1000,25,25,cwdb_dr,tcate_functional_rmse,TCATE-COMMON199-grid_upper_tail_mean,10,0.03590858836977623,0.012827836826770248,0.004056518182558078,0.03700897327530489
wcf_sensitivity_v1_logit_f3,IC0,1000,25,25,cwdb_dr,tcate_functional_rmse,TCATE-K-grid_mean,10,0.03220369829353173,0.013770516154281895,0.004354619560367342,0.03147661665363888
wcf_sensitivity_v1_logit_f3,IC0,1000,25,25,cwdb_dr,tcate_functional_rmse,TCATE-K-grid_sd,10,0.01778746082261843,0.006258707351451519,0.001979177043902674,0.017577839791491728
wcf_sensitivity_v1_logit_f3,IC0,1000,25,25,cwdb_dr,tcate_functional_rmse,TCATE-K-grid_skewness,10,0.006749462677819544,0.003091742886086971,0.0009776949459657338,0.006348018750872972
wcf_sensitivity_v1_logit_f3,IC0,1000,25,25,cwdb_dr,tcate_functional_rmse,TCATE-K-grid_upper_tail_mean,10,0.03563577591689358,0.012873733317006517,0.004071031927133507,0.03691703780495563
wcf_sensitivity_v1_logit_f3,IC0,1000,49,10,causal_drf,arm_energy_risk,LAW-A-M-K,10,0.07491448723066386,0.005423606295112499,0.0017150949024582844,0.07554873748274693
wcf_sensitivity_v1_logit_f3,IC0,1000,49,10,causal_drf,barycenter_rmse,MEANQ-A-K,10,0.2720696021133394,0.01392710000679853,0.004404135722242988,0.2771929038465336
wcf_sensitivity_v1_logit_f3,IC0,1000,49,10,causal_drf,diagnostic_effective_support,NONE_OPERATIONAL,10,138.20141451650787,5.211735864067847,1.6480955893640095,138.0098724218526
wcf_sensitivity_v1_logit_f3,IC0,1000,49,10,causal_drf,kernel_law_error,LAW-A-COMMON199,10,0.06736940270659122,0.003529695771182235,0.001116187808440038,0.06675555931604885
wcf_sensitivity_v1_logit_f3,IC0,1000,49,10,causal_drf,kernel_law_error,LAW-A-INTERIOR,10,0.07293976683671446,0.005158762353570397,0.0016313438944813316,0.07248561657029876
wcf_sensitivity_v1_logit_f3,IC0,1000,49,10,causal_drf,kernel_law_error,LAW-A-K,10,0.04920407683251335,0.0038164606453135416,0.0012068708239586809,0.04882290733963275
wcf_sensitivity_v1_logit_f3,IC0,1000,49,10,causal_drf,mean_quantile_rmse,MEANQ-A-COMMON199,10,0.173264536909822,0.03321269905706628,0.01050277762620561,0.1633049338075859
wcf_sensitivity_v1_logit_f3,IC0,1000,49,10,causal_drf,mean_quantile_rmse,MEANQ-A-INTERIOR,10,0.1792588737489615,0.03485404532474646,0.011021816889694187,0.16856191116855937
wcf_sensitivity_v1_logit_f3,IC0,1000,49,10,causal_drf,mean_quantile_rmse,MEANQ-A-K,10,0.1733120326947974,0.03321960084690095,0.010504960163786544,0.16334326791864545
wcf_sensitivity_v1_logit_f3,IC0,1000,49,10,causal_drf,mode_coverage,LAW-A-K,10,1.0,0.0,0.0,1.0
wcf_sensitivity_v1_logit_f3,IC0,1000,49,10,causal_drf,peak_ram,NONE_OPERATIONAL,10,403.68905,1.5254478885086766,0.48238897795820124,404.207
wcf_sensitivity_v1_logit_f3,IC0,1000,49,10,causal_drf,process_peak_ram,NONE_OPERATIONAL,10,620.304296875,9.244945247037105,2.9235083824185275,617.13671875
wcf_sensitivity_v1_logit_f3,IC0,1000,49,10,causal_drf,reference_effect_rmse,REF-ATE-COMMON199,10,0.13825462496448238,0.032102713104714256,0.010151769248183257,0.1303163032194115
wcf_sensitivity_v1_logit_f3,IC0,1000,49,10,causal_drf,reference_effect_rmse,REF-ATE-K,10,0.13751479560552304,0.032027806428047687,0.01012808167716124,0.12978872492106525
wcf_sensitivity_v1_logit_f3,IC0,1000,49,10,causal_drf,reference_tcate_rmse,REF-TCATE-COMMON199,10,0.13850538955707573,0.03202990955998165,0.010128746745874356,0.1302238405220018
wcf_sensitivity_v1_logit_f3,IC0,1000,49,10,causal_drf,reference_tcate_rmse,REF-TCATE-INTERIOR,10,0.16063924047437944,0.03467157108676692,0.010964113469062292,0.1495325021919986
wcf_sensitivity_v1_logit_f3,IC0,1000,49,10,causal_drf,reference_tcate_rmse,REF-TCATE-K,10,0.1377649226815105,0.03195385221151939,0.010104695300480972,0.1296970345949679
wcf_sensitivity_v1_logit_f3,IC0,1000,49,10,causal_drf,runtime,NONE_OPERATIONAL,10,56.03340000000001,1.5998834124189598,0.505927557396643,56.042
wcf_sensitivity_v1_logit_f3,IC0,1000,49,10,causal_drf,tail_calibration,LAW-A-K,10,1.5174260418637786e-08,1.2111114275327178e-08,3.829870611261348e-09,1.3760357655129285e-08
wcf_sensitivity_v1_logit_f3,IC0,1000,49,10,causal_drf,tate_functional_rmse,TATE-COMMON199-grid_mean,10,0.16410086356831632,0.035293032098643796,0.01116063669651468,0.15240038794120797
wcf_sensitivity_v1_logit_f3,IC0,1000,49,10,causal_drf,tate_functional_rmse,TATE-COMMON199-grid_sd,10,0.01059775616311086,0.01043021658204563,0.0032983240888120684,0.006474413012910406
wcf_sensitivity_v1_logit_f3,IC0,1000,49,10,causal_drf,tate_functional_rmse,TATE-COMMON199-grid_skewness,10,0.06719855800106164,0.011840348500679367,0.0037442469552306525,0.06515808231455791
wcf_sensitivity_v1_logit_f3,IC0,1000,49,10,causal_drf,tate_functional_rmse,TATE-COMMON199-grid_upper_tail_mean,10,0.1661991302831983,0.033693218032885955,0.010654731068457764,0.15929287858143576
wcf_sensitivity_v1_logit_f3,IC0,1000,49,10,causal_drf,tate_functional_rmse,TATE-K-grid_mean,10,0.16409970678864189,0.035292772735286124,0.011160554678619497,0.1523994026645723
wcf_sensitivity_v1_logit_f3,IC0,1000,49,10,causal_drf,tate_functional_rmse,TATE-K-grid_sd,10,0.010831675327424307,0.010494596485020128,0.0033186828017060747,0.006492732369184595
wcf_sensitivity_v1_logit_f3,IC0,1000,49,10,causal_drf,tate_functional_rmse,TATE-K-grid_skewness,10,0.06961956696239323,0.012267075264682271,0.0038791898065108853,0.0674962386893404
wcf_sensitivity_v1_logit_f3,IC0,1000,49,10,causal_drf,tate_functional_rmse,TATE-K-grid_upper_tail_mean,10,0.1663803232014655,0.033740600097202776,0.010669714592805938,0.1593704563763735
wcf_sensitivity_v1_logit_f3,IC0,1000,49,10,causal_drf,tcate_functional_rmse,TCATE-COMMON199-grid_mean,10,0.16437764975245955,0.035228549462358524,0.011140245496495312,0.15255038576079138
wcf_sensitivity_v1_logit_f3,IC0,1000,49,10,causal_drf,tcate_functional_rmse,TCATE-COMMON199-grid_sd,10,0.011385361510662545,0.00982115700816506,0.003105722540392648,0.008397007910963287
wcf_sensitivity_v1_logit_f3,IC0,1000,49,10,causal_drf,tcate_functional_rmse,TCATE-COMMON199-grid_skewness,10,0.06726593271935152,0.011764434884264787,0.0037202409619016105,0.06531119076171765
wcf_sensitivity_v1_logit_f3,IC0,1000,49,10,causal_drf,tcate_functional_rmse,TCATE-COMMON199-grid_upper_tail_mean,10,0.16645835136366588,0.03366112221686178,0.010644581480257952,0.15936735430484417
wcf_sensitivity_v1_logit_f3,IC0,1000,49,10,causal_drf,tcate_functional_rmse,TCATE-K-grid_mean,10,0.16437649229331164,0.03522829205699602,0.011140164097772567,0.15254939574414325
wcf_sensitivity_v1_logit_f3,IC0,1000,49,10,causal_drf,tcate_functional_rmse,TCATE-K-grid_sd,10,0.011580887056024617,0.009923693812830172,0.003138147525066402,0.008399919357754049
wcf_sensitivity_v1_logit_f3,IC0,1000,49,10,causal_drf,tcate_functional_rmse,TCATE-K-grid_skewness,10,0.06968940421765696,0.012188463734974609,0.003854330658088265,0.06765495571707847
wcf_sensitivity_v1_logit_f3,IC0,1000,49,10,causal_drf,tcate_functional_rmse,TCATE-K-grid_upper_tail_mean,10,0.16663968034364166,0.03370781553670292,0.010659347204479225,0.15944621516678448
wcf_sensitivity_v1_logit_f3,IC0,1000,49,10,cwdb_dr,arm_energy_risk,LAW-A-M-K,10,0.045632813845528405,0.002448667223617621,0.0007743365658432531,0.04590149569116197
wcf_sensitivity_v1_logit_f3,IC0,1000,49,10,cwdb_dr,barycenter_rmse,MEANQ-A-K,10,0.1458183481629665,0.0057322846743277445,0.00181270757673522,0.14609922475220494
wcf_sensitivity_v1_logit_f3,IC0,1000,49,10,cwdb_dr,diagnostic_dense_dr_n_levels,NONE_OPERATIONAL,10,199.0,0.0,0.0,199.0
wcf_sensitivity_v1_logit_f3,IC0,1000,49,10,cwdb_dr,diagnostic_dr_if_se_reference,NONE_OPERATIONAL,10,0.01676011794070752,0.0012998838871125034,0.00041105937770287047,0.01622978499568533
wcf_sensitivity_v1_logit_f3,IC0,1000,49,10,cwdb_dr,diagnostic_effective_support,NONE_OPERATIONAL,10,9.999999999999998,0.0,0.0,9.999999999999998
wcf_sensitivity_v1_logit_f3,IC0,1000,49,10,cwdb_dr,diagnostic_ehat_mean,NONE_OPERATIONAL,10,0.49945202048356263,0.013188252302031188,0.004170491563137742,0.4992988000059672
wcf_sensitivity_v1_logit_f3,IC0,1000,49,10,cwdb_dr,diagnostic_n_boosting_steps,NONE_OPERATIONAL,10,100.0,0.0,0.0,100.0
wcf_sensitivity_v1_logit_f3,IC0,1000,49,10,cwdb_dr,diagnostic_selected_contrast_shrinkage,NONE_OPERATIONAL,10,410.0,189.73665961010275,59.99999999999999,500.0
wcf_sensitivity_v1_logit_f3,IC0,1000,49,10,cwdb_dr,diagnostic_train_risk,NONE_OPERATIONAL,10,0.0717147452951383,0.0031549808195978296,0.000997692536407394,0.07138405426316499
wcf_sensitivity_v1_logit_f3,IC0,1000,49,10,cwdb_dr,kernel_law_error,LAW-A-COMMON199,10,0.03583371034460464,0.0017871653766220025,0.0005651513145518166,0.03618992516082779
wcf_sensitivity_v1_logit_f3,IC0,1000,49,10,cwdb_dr,kernel_law_error,LAW-A-INTERIOR,10,0.017181081600137503,0.002140991752112095,0.0006770410388308834,0.017351985934008746
wcf_sensitivity_v1_logit_f3,IC0,1000,49,10,cwdb_dr,kernel_law_error,LAW-A-K,10,0.014996654853805533,0.0015049909386642634,0.00047591992240938395,0.015289825881831417
wcf_sensitivity_v1_logit_f3,IC0,1000,49,10,cwdb_dr,mean_quantile_rmse,MEANQ-A-COMMON199,10,0.024895884112102754,0.013087797294058817,0.004138724900381436,0.02151116224212637
wcf_sensitivity_v1_logit_f3,IC0,1000,49,10,cwdb_dr,mean_quantile_rmse,MEANQ-A-INTERIOR,10,0.020543792821262105,0.010485127670988064,0.003315688499797886,0.01739659432931115
wcf_sensitivity_v1_logit_f3,IC0,1000,49,10,cwdb_dr,mean_quantile_rmse,MEANQ-A-K,10,0.02494823782676747,0.013122900114902046,0.00414982538699758,0.02154329404562046
wcf_sensitivity_v1_logit_f3,IC0,1000,49,10,cwdb_dr,mode_coverage,LAW-A-K,10,1.0,0.0,0.0,1.0
wcf_sensitivity_v1_logit_f3,IC0,1000,49,10,cwdb_dr,peak_ram,NONE_OPERATIONAL,10,0.0,0.0,0.0,0.0
wcf_sensitivity_v1_logit_f3,IC0,1000,49,10,cwdb_dr,process_peak_ram,NONE_OPERATIONAL,10,776.730078125,16.78883220013088,5.309094900678942,772.6875
wcf_sensitivity_v1_logit_f3,IC0,1000,49,10,cwdb_dr,reference_effect_rmse,REF-ATE-COMMON199,10,0.010589427819282547,0.006495467132576639,0.0020540470605705068,0.011977401711808049
wcf_sensitivity_v1_logit_f3,IC0,1000,49,10,cwdb_dr,reference_effect_rmse,REF-ATE-K,10,0.011212627233632231,0.006110606085123758,0.0019323433113075817,0.011866001518893847
wcf_sensitivity_v1_logit_f3,IC0,1000,49,10,cwdb_dr,reference_tcate_rmse,REF-TCATE-COMMON199,10,0.029811995644915497,0.010721737185335619,0.0033905109979383424,0.03012507001190471
wcf_sensitivity_v1_logit_f3,IC0,1000,49,10,cwdb_dr,reference_tcate_rmse,REF-TCATE-INTERIOR,10,0.03160757061553503,0.011796563809852332,0.0037304010202646814,0.032008436522096353
wcf_sensitivity_v1_logit_f3,IC0,1000,49,10,cwdb_dr,reference_tcate_rmse,REF-TCATE-K,10,0.029726863736103847,0.010663468332741568,0.003372084768854161,0.029838113881898443
wcf_sensitivity_v1_logit_f3,IC0,1000,49,10,cwdb_dr,runtime,NONE_OPERATIONAL,10,807.5165895006994,32.22842879078786,10.191524038743585,808.4387389900021
wcf_sensitivity_v1_logit_f3,IC0,1000,49,10,cwdb_dr,tail_calibration,LAW-A-K,10,1.517426031361069e-08,1.211111427519409e-08,3.829870611219262e-09,1.3760357541747758e-08
wcf_sensitivity_v1_logit_f3,IC0,1000,49,10,cwdb_dr,tate_functional_rmse,TATE-COMMON199-grid_mean,10,0.014144469804761434,0.008593919975263408,0.0027176361151050265,0.015208494519308837
wcf_sensitivity_v1_logit_f3,IC0,1000,49,10,cwdb_dr,tate_functional_rmse,TATE-COMMON199-grid_sd,10,0.010755338906213777,0.004559617907898697,0.0014418777849051732,0.010197186462959598
wcf_sensitivity_v1_logit_f3,IC0,1000,49,10,cwdb_dr,tate_functional_rmse,TATE-COMMON199-grid_skewness,10,0.0035786753379426156,0.0031325394928804254,0.0009905959657930952,0.0023436369850795696
wcf_sensitivity_v1_logit_f3,IC0,1000,49,10,cwdb_dr,tate_functional_rmse,TATE-COMMON199-grid_upper_tail_mean,10,0.016958489214026616,0.008430866745642588,0.002666074156560204,0.017067311946654243
wcf_sensitivity_v1_logit_f3,IC0,1000,49,10,cwdb_dr,tate_functional_rmse,TATE-K-grid_mean,10,0.013531428748407343,0.008832575196903723,0.0027931055226925964,0.015834111285035764
wcf_sensitivity_v1_logit_f3,IC0,1000,49,10,cwdb_dr,tate_functional_rmse,TATE-K-grid_sd,10,0.01064761442353793,0.0040330225191590584,0.001275353701529269,0.010422046811297042
wcf_sensitivity_v1_logit_f3,IC0,1000,49,10,cwdb_dr,tate_functional_rmse,TATE-K-grid_skewness,10,0.0038159257802913753,0.0031723809319608443,0.001003194935068392,0.002309206135327079
wcf_sensitivity_v1_logit_f3,IC0,1000,49,10,cwdb_dr,tate_functional_rmse,TATE-K-grid_upper_tail_mean,10,0.01603162257432506,0.008372523632538207,0.002647624444240738,0.013967847165032785
wcf_sensitivity_v1_logit_f3,IC0,1000,49,10,cwdb_dr,tcate_functional_rmse,TCATE-COMMON199-grid_mean,10,0.0341371808381072,0.013114556092038394,0.004147186775287814,0.03473694632058859
wcf_sensitivity_v1_logit_f3,IC0,1000,49,10,cwdb_dr,tcate_functional_rmse,TCATE-COMMON199-grid_sd,10,0.02264342708449392,0.007095584304067019,0.002243820773059253,0.022246753707622892
wcf_sensitivity_v1_logit_f3,IC0,1000,49,10,cwdb_dr,tcate_functional_rmse,TCATE-COMMON199-grid_skewness,10,0.007190828954084724,0.002727672231649322,0.0008625656962406279,0.0076117598188320465
wcf_sensitivity_v1_logit_f3,IC0,1000,49,10,cwdb_dr,tcate_functional_rmse,TCATE-COMMON199-grid_upper_tail_mean,10,0.037669830455964046,0.014295796861099335,0.0045207279048159665,0.038820206857370844
wcf_sensitivity_v1_logit_f3,IC0,1000,49,10,cwdb_dr,tcate_functional_rmse,TCATE-K-grid_mean,10,0.034137194547108424,0.01311455857154937,0.00414718755937803,0.03473714087300142
wcf_sensitivity_v1_logit_f3,IC0,1000,49,10,cwdb_dr,tcate_functional_rmse,TCATE-K-grid_sd,10,0.02275999127720409,0.007135822204092727,0.0022565451142935915,0.02236366651829355
wcf_sensitivity_v1_logit_f3,IC0,1000,49,10,cwdb_dr,tcate_functional_rmse,TCATE-K-grid_skewness,10,0.007447530979146712,0.0028271291651039776,0.000894016740121879,0.007884118235856441
wcf_sensitivity_v1_logit_f3,IC0,1000,49,10,cwdb_dr,tcate_functional_rmse,TCATE-K-grid_upper_tail_mean,10,0.03753011108945016,0.014266405956016403,0.004511433684560378,0.03860112682359601
wcf_sensitivity_v1_logit_f3,IC0,1000,49,10,drf,arm_energy_risk,LAW-A-M-K,10,0.08852723769705731,0.005728939488751568,0.0018116497361735538,0.0863275958931993
wcf_sensitivity_v1_logit_f3,IC0,1000,49,10,drf,barycenter_rmse,MEANQ-A-K,10,0.3048367129285658,0.012363426139533555,0.003909658628418875,0.3061968107017936
wcf_sensitivity_v1_logit_f3,IC0,1000,49,10,drf,diagnostic_effective_support,NONE_OPERATIONAL,10,222.22554159900037,1.786622216326208,0.5649795521848885,221.61317016479188
wcf_sensitivity_v1_logit_f3,IC0,1000,49,10,drf,kernel_law_error,LAW-A-COMMON199,10,0.078181541862128,0.003747551943787685,0.0011850799792160382,0.0779396945483843
wcf_sensitivity_v1_logit_f3,IC0,1000,49,10,drf,kernel_law_error,LAW-A-INTERIOR,10,0.08713355714494761,0.0052933150556509,0.0016738931948717783,0.08540000959099035
wcf_sensitivity_v1_logit_f3,IC0,1000,49,10,drf,kernel_law_error,LAW-A-K,10,0.060343339714548715,0.00393248430252905,0.0012435607258850447,0.05892356286787881
wcf_sensitivity_v1_logit_f3,IC0,1000,49,10,drf,mean_quantile_rmse,MEANQ-A-COMMON199,10,0.18606785396575706,0.01922010491690668,0.0060779308404826414,0.18420171647965605
wcf_sensitivity_v1_logit_f3,IC0,1000,49,10,drf,mean_quantile_rmse,MEANQ-A-INTERIOR,10,0.19219922691908092,0.01981119096365776,0.00626484866057046,0.18978218835035784
wcf_sensitivity_v1_logit_f3,IC0,1000,49,10,drf,mean_quantile_rmse,MEANQ-A-K,10,0.18610444161106568,0.019218994730755952,0.006077579768796334,0.18422353097917998
wcf_sensitivity_v1_logit_f3,IC0,1000,49,10,drf,mode_coverage,LAW-A-K,10,1.0,0.0,0.0,1.0
wcf_sensitivity_v1_logit_f3,IC0,1000,49,10,drf,peak_ram,NONE_OPERATIONAL,10,560.39,30.453332238762375,9.630189221632374,546.0
wcf_sensitivity_v1_logit_f3,IC0,1000,49,10,drf,process_peak_ram,NONE_OPERATIONAL,10,620.304296875,9.244945247037105,2.9235083824185275,617.13671875
wcf_sensitivity_v1_logit_f3,IC0,1000,49,10,drf,reference_effect_rmse,REF-ATE-COMMON199,10,0.1442612874594831,0.019576917293310323,0.006190764821159924,0.14451872856768888
wcf_sensitivity_v1_logit_f3,IC0,1000,49,10,drf,reference_effect_rmse,REF-ATE-K,10,0.14343202062340227,0.019571107509401976,0.0061889276061735474,0.14357167409479643
wcf_sensitivity_v1_logit_f3,IC0,1000,49,10,drf,reference_tcate_rmse,REF-TCATE-COMMON199,10,0.14435495095849943,0.019525016878681568,0.006174352468986526,0.14466668391952203
wcf_sensitivity_v1_logit_f3,IC0,1000,49,10,drf,reference_tcate_rmse,REF-TCATE-INTERIOR,10,0.16699558833445832,0.020014199300954133,0.006329045533556485,0.16817867103410153
wcf_sensitivity_v1_logit_f3,IC0,1000,49,10,drf,reference_tcate_rmse,REF-TCATE-K,10,0.143525765077456,0.019518815247342048,0.00617239134096237,0.14371988390646034
wcf_sensitivity_v1_logit_f3,IC0,1000,49,10,drf,runtime,NONE_OPERATIONAL,10,38.6411,0.5843072726647237,0.18477418350215696,38.462999999999994
wcf_sensitivity_v1_logit_f3,IC0,1000,49,10,drf,tail_calibration,LAW-A-K,10,1.51742601775251e-08,1.2111114274735838e-08,3.82987061107435e-09,1.376035740505155e-08
wcf_sensitivity_v1_logit_f3,IC0,1000,49,10,drf,tate_functional_rmse,TATE-COMMON199-grid_mean,10,0.1718150498765591,0.02018168143078994,0.006382008033322203,0.17604435042486516
wcf_sensitivity_v1_logit_f3,IC0,1000,49,10,drf,tate_functional_rmse,TATE-COMMON199-grid_sd,10,0.009875652783687303,0.00930606199087515,0.0029428351937886557,0.005938709308907373
wcf_sensitivity_v1_logit_f3,IC0,1000,49,10,drf,tate_functional_rmse,TATE-COMMON199-grid_skewness,10,0.05954555456235768,0.005921453845753052,0.0018725281212143012,0.05863092399984765
wcf_sensitivity_v1_logit_f3,IC0,1000,49,10,drf,tate_functional_rmse,TATE-COMMON199-grid_upper_tail_mean,10,0.17369940100454345,0.02035113810249338,0.006435594938051631,0.17564926844229226
wcf_sensitivity_v1_logit_f3,IC0,1000,49,10,drf,tate_functional_rmse,TATE-K-grid_mean,10,0.1718140264650641,0.020181572754809064,0.006381973666959552,0.17604335983852923
wcf_sensitivity_v1_logit_f3,IC0,1000,49,10,drf,tate_functional_rmse,TATE-K-grid_sd,10,0.010001997103111665,0.009434643626671757,0.0029834962772274077,0.005970002254004376
wcf_sensitivity_v1_logit_f3,IC0,1000,49,10,drf,tate_functional_rmse,TATE-K-grid_skewness,10,0.06169312216037461,0.0061347867748557895,0.0019399899168022882,0.06073858376561839
wcf_sensitivity_v1_logit_f3,IC0,1000,49,10,drf,tate_functional_rmse,TATE-K-grid_upper_tail_mean,10,0.1738592827835013,0.020329075693478006,0.00642861819173575,0.17575894019258873
wcf_sensitivity_v1_logit_f3,IC0,1000,49,10,drf,tcate_functional_rmse,TCATE-COMMON199-grid_mean,10,0.1718954479300358,0.020152390744508364,0.006372745505034281,0.17610921118865033
wcf_sensitivity_v1_logit_f3,IC0,1000,49,10,drf,tcate_functional_rmse,TCATE-COMMON199-grid_sd,10,0.010053959212224045,0.009150543119249479,0.0028936558084410105,0.005986318144068422
wcf_sensitivity_v1_logit_f3,IC0,1000,49,10,drf,tcate_functional_rmse,TCATE-COMMON199-grid_skewness,10,0.05956196618363603,0.0059129642166229155,0.0018698434647601667,0.05861311652161971
wcf_sensitivity_v1_logit_f3,IC0,1000,49,10,drf,tcate_functional_rmse,TCATE-COMMON199-grid_upper_tail_mean,10,0.17376822501312403,0.020347178094130728,0.006434342673453702,0.17579554035091105
wcf_sensitivity_v1_logit_f3,IC0,1000,49,10,drf,tcate_functional_rmse,TCATE-K-grid_mean,10,0.1718944239093118,0.02015228320123611,0.006372711496865547,0.17610822073620175
wcf_sensitivity_v1_logit_f3,IC0,1000,49,10,drf,tcate_functional_rmse,TCATE-K-grid_sd,10,0.010173157505813189,0.009288325535835211,0.002937226434234318,0.006018468826850212
wcf_sensitivity_v1_logit_f3,IC0,1000,49,10,drf,tcate_functional_rmse,TCATE-K-grid_skewness,10,0.061710179953888444,0.0061259866775458345,0.0019372070816892305,0.060720223603585935
wcf_sensitivity_v1_logit_f3,IC0,1000,49,10,drf,tcate_functional_rmse,TCATE-K-grid_upper_tail_mean,10,0.17392836057218222,0.020324596121842023,0.0064272016268045904,0.17590611598031697
wcf_sensitivity_v1_logit_f3,IC1,1000,5,5,cwdb_dr,arm_energy_risk,LAW-A-M-K,10,0.05016468808742771,0.0037151004638181595,0.001174817920201335,0.050068525256204297
wcf_sensitivity_v1_logit_f3,IC1,1000,5,5,cwdb_dr,barycenter_rmse,MEANQ-A-K,10,0.1412643058247373,0.007370173399529184,0.0023306534692898377,0.1408280885672913
wcf_sensitivity_v1_logit_f3,IC1,1000,5,5,cwdb_dr,diagnostic_dense_dr_n_levels,NONE_OPERATIONAL,10,199.0,0.0,0.0,199.0
wcf_sensitivity_v1_logit_f3,IC1,1000,5,5,cwdb_dr,diagnostic_dr_if_se_reference,NONE_OPERATIONAL,10,0.018129911740483413,0.0015178173159657983,0.0004799759790495374,0.01781365492871615
wcf_sensitivity_v1_logit_f3,IC1,1000,5,5,cwdb_dr,diagnostic_effective_support,NONE_OPERATIONAL,10,4.999999999999999,0.0,0.0,4.999999999999999
wcf_sensitivity_v1_logit_f3,IC1,1000,5,5,cwdb_dr,diagnostic_ehat_mean,NONE_OPERATIONAL,10,0.49945202048356263,0.013188252302031188,0.004170491563137742,0.4992988000059672
wcf_sensitivity_v1_logit_f3,IC1,1000,5,5,cwdb_dr,diagnostic_n_boosting_steps,NONE_OPERATIONAL,10,100.0,0.0,0.0,100.0
wcf_sensitivity_v1_logit_f3,IC1,1000,5,5,cwdb_dr,diagnostic_selected_contrast_shrinkage,NONE_OPERATIONAL,10,90.0,144.9137674618944,45.825756949558404,50.0
wcf_sensitivity_v1_logit_f3,IC1,1000,5,5,cwdb_dr,diagnostic_train_risk,NONE_OPERATIONAL,10,0.06529579895661328,0.004290753738226119,0.0013568554691676417,0.06667087584820272
wcf_sensitivity_v1_logit_f3,IC1,1000,5,5,cwdb_dr,kernel_law_error,LAW-A-COMMON199,10,0.24759043060840633,0.009107443367165817,0.002880026470123714,0.24664369838679834
wcf_sensitivity_v1_logit_f3,IC1,1000,5,5,cwdb_dr,kernel_law_error,LAW-A-INTERIOR,10,0.026493067315501183,0.002638558462346107,0.0008343854480525325,0.026156625805309586
wcf_sensitivity_v1_logit_f3,IC1,1000,5,5,cwdb_dr,kernel_law_error,LAW-A-K,10,0.018618377251964406,0.0022134179557106886,0.0006999442153959474,0.01851260592435207
wcf_sensitivity_v1_logit_f3,IC1,1000,5,5,cwdb_dr,mean_quantile_rmse,MEANQ-A-COMMON199,10,0.14007831312172328,0.013974414966978531,0.004419098026399885,0.13413569990768248
wcf_sensitivity_v1_logit_f3,IC1,1000,5,5,cwdb_dr,mean_quantile_rmse,MEANQ-A-INTERIOR,10,0.09911475136734836,0.02146436808391916,0.006787629168140872,0.09147911777972392
wcf_sensitivity_v1_logit_f3,IC1,1000,5,5,cwdb_dr,mean_quantile_rmse,MEANQ-A-K,10,0.09219766662753197,0.023183281714350978,0.007331197385468218,0.08284622599557079
wcf_sensitivity_v1_logit_f3,IC1,1000,5,5,cwdb_dr,mode_coverage,LAW-A-K,10,1.0,0.0,0.0,1.0
wcf_sensitivity_v1_logit_f3,IC1,1000,5,5,cwdb_dr,peak_ram,NONE_OPERATIONAL,10,18.511328125,12.786769059413988,4.043531414231709,26.01171875
wcf_sensitivity_v1_logit_f3,IC1,1000,5,5,cwdb_dr,process_peak_ram,NONE_OPERATIONAL,10,531.5578125,28.06154570265548,8.87383990853014,514.802734375
wcf_sensitivity_v1_logit_f3,IC1,1000,5,5,cwdb_dr,reference_effect_rmse,REF-ATE-COMMON199,10,0.011162097424718454,0.007327798951312779,0.002317253492194168,0.008157235887254422
wcf_sensitivity_v1_logit_f3,IC1,1000,5,5,cwdb_dr,reference_effect_rmse,REF-ATE-K,10,0.01586839591101471,0.007469452848502933,0.002362048387650189,0.01367357740074547
wcf_sensitivity_v1_logit_f3,IC1,1000,5,5,cwdb_dr,reference_tcate_rmse,REF-TCATE-COMMON199,10,0.027861162281892164,0.012540452672808495,0.0039656393335621145,0.025666728860282886
wcf_sensitivity_v1_logit_f3,IC1,1000,5,5,cwdb_dr,reference_tcate_rmse,REF-TCATE-INTERIOR,10,0.026938080388325146,0.013115720322956468,0.004147554937430163,0.02728226143251345
wcf_sensitivity_v1_logit_f3,IC1,1000,5,5,cwdb_dr,reference_tcate_rmse,REF-TCATE-K,10,0.030084751825753254,0.01126564392828224,0.003562509412181847,0.028653129798900487
wcf_sensitivity_v1_logit_f3,IC1,1000,5,5,cwdb_dr,runtime,NONE_OPERATIONAL,10,76.09612393469942,1.4073137998994873,0.4450316990268821,76.17787704250077
wcf_sensitivity_v1_logit_f3,IC1,1000,5,5,cwdb_dr,tail_calibration,LAW-A-K,10,0.13724922944062418,0.01651806670981376,0.005223471334561506,0.13200933591025618
wcf_sensitivity_v1_logit_f3,IC1,1000,5,5,cwdb_dr,tate_functional_rmse,TATE-COMMON199-grid_mean,10,0.036161283999252405,0.014773730096970106,0.004671863664300579,0.034133357607025516
wcf_sensitivity_v1_logit_f3,IC1,1000,5,5,cwdb_dr,tate_functional_rmse,TATE-COMMON199-grid_sd,10,0.07376017221046827,0.008627015500569157,0.002728101839137617,0.07385001666439478
wcf_sensitivity_v1_logit_f3,IC1,1000,5,5,cwdb_dr,tate_functional_rmse,TATE-COMMON199-grid_skewness,10,0.40695761212041637,0.004129908852310272,0.0013059918502192401,0.40735789815972967
wcf_sensitivity_v1_logit_f3,IC1,1000,5,5,cwdb_dr,tate_functional_rmse,TATE-COMMON199-grid_upper_tail_mean,10,0.04786861527988314,0.019426957894937903,0.006143343495619386,0.048880184659479395
wcf_sensitivity_v1_logit_f3,IC1,1000,5,5,cwdb_dr,tate_functional_rmse,TATE-K-grid_mean,10,0.017182086402863415,0.011311830400212079,0.003577114857020419,0.012503404372259552
wcf_sensitivity_v1_logit_f3,IC1,1000,5,5,cwdb_dr,tate_functional_rmse,TATE-K-grid_sd,10,0.008231155013369022,0.00536106060292277,0.0016953162179431497,0.008994833816909943
wcf_sensitivity_v1_logit_f3,IC1,1000,5,5,cwdb_dr,tate_functional_rmse,TATE-K-grid_skewness,10,0.0027402091810245664,0.002144871939645343,0.0006782680618662488,0.0021556406693040153
wcf_sensitivity_v1_logit_f3,IC1,1000,5,5,cwdb_dr,tate_functional_rmse,TATE-K-grid_upper_tail_mean,10,0.017850484023966596,0.012691204960617233,0.004013311392757799,0.015506144781778058
wcf_sensitivity_v1_logit_f3,IC1,1000,5,5,cwdb_dr,tcate_functional_rmse,TCATE-COMMON199-grid_mean,10,0.047387801734682704,0.01841589290770675,0.005823616673409435,0.050493008602717084
wcf_sensitivity_v1_logit_f3,IC1,1000,5,5,cwdb_dr,tcate_functional_rmse,TCATE-COMMON199-grid_sd,10,0.07563610668690514,0.008147167812279562,0.0025763606766414544,0.07513243357266086
wcf_sensitivity_v1_logit_f3,IC1,1000,5,5,cwdb_dr,tcate_functional_rmse,TCATE-COMMON199-grid_skewness,10,0.4070646277231019,0.0040416448699758635,0.0012780803282658806,0.40735235769341044
wcf_sensitivity_v1_logit_f3,IC1,1000,5,5,cwdb_dr,tcate_functional_rmse,TCATE-COMMON199-grid_upper_tail_mean,10,0.06035634829804705,0.020144287605753708,0.006370183067568171,0.06132009670446657
wcf_sensitivity_v1_logit_f3,IC1,1000,5,5,cwdb_dr,tcate_functional_rmse,TCATE-K-grid_mean,10,0.034104077469550145,0.01796662297241249,0.005681545045432801,0.03532789416680597
wcf_sensitivity_v1_logit_f3,IC1,1000,5,5,cwdb_dr,tcate_functional_rmse,TCATE-K-grid_sd,10,0.01977307463130789,0.005231279361150712,0.0016542757857866807,0.01873332163582727
wcf_sensitivity_v1_logit_f3,IC1,1000,5,5,cwdb_dr,tcate_functional_rmse,TCATE-K-grid_skewness,10,0.006489654033149783,0.0025192633719873492,0.0007966610281316056,0.007002272346554237
wcf_sensitivity_v1_logit_f3,IC1,1000,5,5,cwdb_dr,tcate_functional_rmse,TCATE-K-grid_upper_tail_mean,10,0.03804443310963673,0.01861359769822713,0.005886136417646522,0.03705987537387673
wcf_sensitivity_v1_logit_f3,IC1,1000,5,10,causal_drf,arm_energy_risk,LAW-A-M-K,10,0.06973794002045063,0.005435873703225509,0.0017189741975206785,0.0689756470353922
wcf_sensitivity_v1_logit_f3,IC1,1000,5,10,causal_drf,barycenter_rmse,MEANQ-A-K,10,0.255687890981634,0.01478866049901487,0.004676585071984928,0.25386751244771544
wcf_sensitivity_v1_logit_f3,IC1,1000,5,10,causal_drf,diagnostic_effective_support,NONE_OPERATIONAL,10,139.65902356741307,4.2975832806722565,1.359015160118301,141.0352040189843
wcf_sensitivity_v1_logit_f3,IC1,1000,5,10,causal_drf,kernel_law_error,LAW-A-COMMON199,10,0.25686045408650493,0.006169627878774085,0.0019510076412599315,0.2543591313005168
wcf_sensitivity_v1_logit_f3,IC1,1000,5,10,causal_drf,kernel_law_error,LAW-A-INTERIOR,10,0.07044806739173552,0.0057015632660455855,0.0018029926144252615,0.06869821836965699
wcf_sensitivity_v1_logit_f3,IC1,1000,5,10,causal_drf,kernel_law_error,LAW-A-K,10,0.05325735575591454,0.00466573919505791,0.0014754362824703625,0.05248135393431506
wcf_sensitivity_v1_logit_f3,IC1,1000,5,10,causal_drf,mean_quantile_rmse,MEANQ-A-COMMON199,10,0.18570199111620278,0.023092646026035106,0.007302535864230691,0.1828832910776656
wcf_sensitivity_v1_logit_f3,IC1,1000,5,10,causal_drf,mean_quantile_rmse,MEANQ-A-INTERIOR,10,0.1763567188912582,0.02956190213891975,0.009348294272598975,0.1734920676945702
wcf_sensitivity_v1_logit_f3,IC1,1000,5,10,causal_drf,mean_quantile_rmse,MEANQ-A-K,10,0.16378147593056172,0.02896652462849979,0.009160019372542204,0.16107050800131184
wcf_sensitivity_v1_logit_f3,IC1,1000,5,10,causal_drf,mode_coverage,LAW-A-K,10,1.0,0.0,0.0,1.0
wcf_sensitivity_v1_logit_f3,IC1,1000,5,10,causal_drf,peak_ram,NONE_OPERATIONAL,10,355.12109,1.0761780836212236,0.3403173912198213,355.50585
wcf_sensitivity_v1_logit_f3,IC1,1000,5,10,causal_drf,process_peak_ram,NONE_OPERATIONAL,10,624.15703125,8.983264348620988,2.8407576165031196,627.3671875
wcf_sensitivity_v1_logit_f3,IC1,1000,5,10,causal_drf,reference_effect_rmse,REF-ATE-COMMON199,10,0.13873925171111035,0.026083116719465803,0.008248205730953105,0.13540770666189073
wcf_sensitivity_v1_logit_f3,IC1,1000,5,10,causal_drf,reference_effect_rmse,REF-ATE-K,10,0.13018662751590798,0.02575239063227581,0.008143620959237523,0.1278400834544961
wcf_sensitivity_v1_logit_f3,IC1,1000,5,10,causal_drf,reference_tcate_rmse,REF-TCATE-COMMON199,10,0.13901309498725217,0.026101468526728285,0.008254009081966092,0.13575733763187142
wcf_sensitivity_v1_logit_f3,IC1,1000,5,10,causal_drf,reference_tcate_rmse,REF-TCATE-INTERIOR,10,0.1512618727368107,0.026381865242715474,0.008342678309061177,0.14791646898356697
wcf_sensitivity_v1_logit_f3,IC1,1000,5,10,causal_drf,reference_tcate_rmse,REF-TCATE-K,10,0.13048754424158804,0.025765474457182403,0.00814775842795869,0.12816863645131787
wcf_sensitivity_v1_logit_f3,IC1,1000,5,10,causal_drf,runtime,NONE_OPERATIONAL,10,19.2993,1.5771119209209958,0.49872657951137045,18.6725
wcf_sensitivity_v1_logit_f3,IC1,1000,5,10,causal_drf,tail_calibration,LAW-A-K,10,0.18351789612477973,0.01009688198055225,0.003192914432445704,0.1853373200872226
wcf_sensitivity_v1_logit_f3,IC1,1000,5,10,causal_drf,tate_functional_rmse,TATE-COMMON199-grid_mean,10,0.13101331522940024,0.02955211465433359,0.00934519919821337,0.1251961760350278
wcf_sensitivity_v1_logit_f3,IC1,1000,5,10,causal_drf,tate_functional_rmse,TATE-COMMON199-grid_sd,10,0.0763884247231404,0.008651898418288704,0.0027359705086200505,0.0727052738974165
wcf_sensitivity_v1_logit_f3,IC1,1000,5,10,causal_drf,tate_functional_rmse,TATE-COMMON199-grid_skewness,10,0.4281167348938408,0.0047120927877131015,0.0014900945755225682,0.42785780600807366
wcf_sensitivity_v1_logit_f3,IC1,1000,5,10,causal_drf,tate_functional_rmse,TATE-COMMON199-grid_upper_tail_mean,10,0.11907710022926613,0.02943660918330103,0.00930867316114602,0.11605190567767283
wcf_sensitivity_v1_logit_f3,IC1,1000,5,10,causal_drf,tate_functional_rmse,TATE-K-grid_mean,10,0.152452569122911,0.029558438313791294,0.00934719891491673,0.14661216206497912
wcf_sensitivity_v1_logit_f3,IC1,1000,5,10,causal_drf,tate_functional_rmse,TATE-K-grid_sd,10,0.008052245900374838,0.004228861008891115,0.0013372832696373486,0.005895921781466189
wcf_sensitivity_v1_logit_f3,IC1,1000,5,10,causal_drf,tate_functional_rmse,TATE-K-grid_skewness,10,0.02123749929281439,0.0029747354635330484,0.0009406939501241187,0.02024187454680572
wcf_sensitivity_v1_logit_f3,IC1,1000,5,10,causal_drf,tate_functional_rmse,TATE-K-grid_upper_tail_mean,10,0.15521015848956685,0.02951940466357984,0.00933485539091088,0.15089935810063565
wcf_sensitivity_v1_logit_f3,IC1,1000,5,10,causal_drf,tcate_functional_rmse,TCATE-COMMON199-grid_mean,10,0.13135329950453017,0.029540910852726716,0.009341656245060332,0.12575306397596667
wcf_sensitivity_v1_logit_f3,IC1,1000,5,10,causal_drf,tcate_functional_rmse,TCATE-COMMON199-grid_sd,10,0.07643991132733813,0.008616094910686755,0.002724648445395519,0.07271065772914731
wcf_sensitivity_v1_logit_f3,IC1,1000,5,10,causal_drf,tcate_functional_rmse,TCATE-COMMON199-grid_skewness,10,0.42815472706786223,0.004705725371434043,0.0014880810216973423,0.4280086223556293
wcf_sensitivity_v1_logit_f3,IC1,1000,5,10,causal_drf,tcate_functional_rmse,TCATE-COMMON199-grid_upper_tail_mean,10,0.11942427878187645,0.029430746801694906,0.009306819313307178,0.11674910289630673
wcf_sensitivity_v1_logit_f3,IC1,1000,5,10,causal_drf,tcate_functional_rmse,TCATE-K-grid_mean,10,0.15275331533513864,0.02956908880617385,0.009350566896329845,0.14710483558245308
wcf_sensitivity_v1_logit_f3,IC1,1000,5,10,causal_drf,tcate_functional_rmse,TCATE-K-grid_sd,10,0.008363780924729305,0.00400316532696488,0.0012659120283421686,0.006599513898222086
wcf_sensitivity_v1_logit_f3,IC1,1000,5,10,causal_drf,tcate_functional_rmse,TCATE-K-grid_skewness,10,0.02131196850649294,0.0029646346923644686,0.0009374998058224314,0.020364600024735263
wcf_sensitivity_v1_logit_f3,IC1,1000,5,10,causal_drf,tcate_functional_rmse,TCATE-K-grid_upper_tail_mean,10,0.15549174609390765,0.02955984277297705,0.009347643043907504,0.15151437085860064
wcf_sensitivity_v1_logit_f3,IC1,1000,5,10,cwdb_dr,arm_energy_risk,LAW-A-M-K,10,0.04806628594177556,0.004007648213576932,0.0012673296415608045,0.04931796790572035
wcf_sensitivity_v1_logit_f3,IC1,1000,5,10,cwdb_dr,barycenter_rmse,MEANQ-A-K,10,0.15019482395135597,0.009786670198351681,0.003094816853568316,0.15224895901801722
wcf_sensitivity_v1_logit_f3,IC1,1000,5,10,cwdb_dr,diagnostic_dense_dr_n_levels,NONE_OPERATIONAL,10,199.0,0.0,0.0,199.0
wcf_sensitivity_v1_logit_f3,IC1,1000,5,10,cwdb_dr,diagnostic_dr_if_se_reference,NONE_OPERATIONAL,10,0.017897021701921974,0.0017275082150496157,0.0005462860636208752,0.0176924894236489
wcf_sensitivity_v1_logit_f3,IC1,1000,5,10,cwdb_dr,diagnostic_effective_support,NONE_OPERATIONAL,10,9.999999999999998,0.0,0.0,9.999999999999998
wcf_sensitivity_v1_logit_f3,IC1,1000,5,10,cwdb_dr,diagnostic_ehat_mean,NONE_OPERATIONAL,10,0.49945202048356263,0.013188252302031188,0.004170491563137742,0.4992988000059672
wcf_sensitivity_v1_logit_f3,IC1,1000,5,10,cwdb_dr,diagnostic_n_boosting_steps,NONE_OPERATIONAL,10,100.0,0.0,0.0,100.0
wcf_sensitivity_v1_logit_f3,IC1,1000,5,10,cwdb_dr,diagnostic_selected_contrast_shrinkage,NONE_OPERATIONAL,10,125.0,198.95560643855538,62.91528696058958,50.0
wcf_sensitivity_v1_logit_f3,IC1,1000,5,10,cwdb_dr,diagnostic_train_risk,NONE_OPERATIONAL,10,0.05845157277682156,0.007743258819971195,0.0024486334383296677,0.06040005288809415
wcf_sensitivity_v1_logit_f3,IC1,1000,5,10,cwdb_dr,kernel_law_error,LAW-A-COMMON199,10,0.24743820984155981,0.008876303830931659,0.002806933730942219,0.24561823950039605
wcf_sensitivity_v1_logit_f3,IC1,1000,5,10,cwdb_dr,kernel_law_error,LAW-A-INTERIOR,10,0.02801407610489249,0.002667224901921524,0.0008434505721991232,0.028973537025500293
wcf_sensitivity_v1_logit_f3,IC1,1000,5,10,cwdb_dr,kernel_law_error,LAW-A-K,10,0.020176184596326772,0.002518648832774707,0.0007964666937692619,0.021082459799059806
wcf_sensitivity_v1_logit_f3,IC1,1000,5,10,cwdb_dr,mean_quantile_rmse,MEANQ-A-COMMON199,10,0.1512676503857315,0.018464221018239017,0.005838899363838869,0.14867866124297616
wcf_sensitivity_v1_logit_f3,IC1,1000,5,10,cwdb_dr,mean_quantile_rmse,MEANQ-A-INTERIOR,10,0.11414204970247858,0.023209903253208725,0.007339615855229134,0.11009481445050284
wcf_sensitivity_v1_logit_f3,IC1,1000,5,10,cwdb_dr,mean_quantile_rmse,MEANQ-A-K,10,0.10920744483682032,0.026781176896586562,0.00846895174130932,0.10970363242369469
wcf_sensitivity_v1_logit_f3,IC1,1000,5,10,cwdb_dr,mode_coverage,LAW-A-K,10,1.0,0.0,0.0,1.0
wcf_sensitivity_v1_logit_f3,IC1,1000,5,10,cwdb_dr,peak_ram,NONE_OPERATIONAL,10,0.0,0.0,0.0,0.0
wcf_sensitivity_v1_logit_f3,IC1,1000,5,10,cwdb_dr,process_peak_ram,NONE_OPERATIONAL,10,897.4046875,71.55246217147642,22.62687526549029,927.16015625
wcf_sensitivity_v1_logit_f3,IC1,1000,5,10,cwdb_dr,reference_effect_rmse,REF-ATE-COMMON199,10,0.008262197546252556,0.0057291033723797,0.0018117015607271648,0.007577612486815946
wcf_sensitivity_v1_logit_f3,IC1,1000,5,10,cwdb_dr,reference_effect_rmse,REF-ATE-K,10,0.011747542515877748,0.006268588300326873,0.001982301674291654,0.012742436591885023
wcf_sensitivity_v1_logit_f3,IC1,1000,5,10,cwdb_dr,reference_tcate_rmse,REF-TCATE-COMMON199,10,0.024946922847770395,0.00853431163846409,0.0026987863039229986,0.02443159275843481
wcf_sensitivity_v1_logit_f3,IC1,1000,5,10,cwdb_dr,reference_tcate_rmse,REF-TCATE-INTERIOR,10,0.024788029834311085,0.009157688781235608,0.0028959154651675956,0.023628001925036966
wcf_sensitivity_v1_logit_f3,IC1,1000,5,10,cwdb_dr,reference_tcate_rmse,REF-TCATE-K,10,0.026080990992539195,0.008331676810073884,0.002634707544823959,0.025776228430244963
wcf_sensitivity_v1_logit_f3,IC1,1000,5,10,cwdb_dr,runtime,NONE_OPERATIONAL,10,97.89674732400015,12.393957882300775,3.919313613226753,101.44236454800034
wcf_sensitivity_v1_logit_f3,IC1,1000,5,10,cwdb_dr,tail_calibration,LAW-A-K,10,0.1325717854742977,0.009988950229637243,0.0031587834159715654,0.12908090423931254
wcf_sensitivity_v1_logit_f3,IC1,1000,5,10,cwdb_dr,tate_functional_rmse,TATE-COMMON199-grid_mean,10,0.03288742647444437,0.013915769272978539,0.00440055262959976,0.03835201691021135
wcf_sensitivity_v1_logit_f3,IC1,1000,5,10,cwdb_dr,tate_functional_rmse,TATE-COMMON199-grid_sd,10,0.07442115443852847,0.009919807137738665,0.003136918450484981,0.07241497268265865
wcf_sensitivity_v1_logit_f3,IC1,1000,5,10,cwdb_dr,tate_functional_rmse,TATE-COMMON199-grid_skewness,10,0.4077405382992696,0.005735386292882654,0.0018136883946418753,0.40733710148368596
wcf_sensitivity_v1_logit_f3,IC1,1000,5,10,cwdb_dr,tate_functional_rmse,TATE-COMMON199-grid_upper_tail_mean,10,0.04504008255105498,0.018777296079728605,0.005937902391129305,0.05271312001235985
wcf_sensitivity_v1_logit_f3,IC1,1000,5,10,cwdb_dr,tate_functional_rmse,TATE-K-grid_mean,10,0.015990088344196917,0.00647565967777641,0.0020477833933885505,0.017122427920329975
wcf_sensitivity_v1_logit_f3,IC1,1000,5,10,cwdb_dr,tate_functional_rmse,TATE-K-grid_sd,10,0.008846572940565742,0.006019898029049132,0.0019036589053753727,0.00933396391393974
wcf_sensitivity_v1_logit_f3,IC1,1000,5,10,cwdb_dr,tate_functional_rmse,TATE-K-grid_skewness,10,0.0035963561968699207,0.0021182889243458276,0.0006698617743240916,0.003203805985771205
wcf_sensitivity_v1_logit_f3,IC1,1000,5,10,cwdb_dr,tate_functional_rmse,TATE-K-grid_upper_tail_mean,10,0.017101844345894138,0.008363060284412778,0.002644631870803994,0.017439575090911624
wcf_sensitivity_v1_logit_f3,IC1,1000,5,10,cwdb_dr,tcate_functional_rmse,TCATE-COMMON199-grid_mean,10,0.04461080545329265,0.014245244600466375,0.004504741876368905,0.04878837767715036
wcf_sensitivity_v1_logit_f3,IC1,1000,5,10,cwdb_dr,tcate_functional_rmse,TCATE-COMMON199-grid_sd,10,0.07615542937194467,0.00970980202060936,0.0030705090014430765,0.07547476521766544
wcf_sensitivity_v1_logit_f3,IC1,1000,5,10,cwdb_dr,tcate_functional_rmse,TCATE-COMMON199-grid_skewness,10,0.40796943931093566,0.005681671427593114,0.0017967022627894686,0.4076328336110562
wcf_sensitivity_v1_logit_f3,IC1,1000,5,10,cwdb_dr,tcate_functional_rmse,TCATE-COMMON199-grid_upper_tail_mean,10,0.056942450648515705,0.016104908380492385,0.005092819199068958,0.06174161832528709
wcf_sensitivity_v1_logit_f3,IC1,1000,5,10,cwdb_dr,tcate_functional_rmse,TCATE-K-grid_mean,10,0.033248659638786406,0.011568810797550514,0.003658379193980872,0.03067520014521928
wcf_sensitivity_v1_logit_f3,IC1,1000,5,10,cwdb_dr,tcate_functional_rmse,TCATE-K-grid_sd,10,0.019511751239393645,0.006808686582229132,0.0021530957474071378,0.017267267743719644
wcf_sensitivity_v1_logit_f3,IC1,1000,5,10,cwdb_dr,tcate_functional_rmse,TCATE-K-grid_skewness,10,0.008568796050173452,0.0030515037816803954,0.0009649702238727242,0.007893425247978711
wcf_sensitivity_v1_logit_f3,IC1,1000,5,10,cwdb_dr,tcate_functional_rmse,TCATE-K-grid_upper_tail_mean,10,0.036946197012938754,0.009599206783531771,0.003035535716689928,0.03858981358094192
wcf_sensitivity_v1_logit_f3,IC1,1000,5,10,drf,arm_energy_risk,LAW-A-M-K,10,0.08648706633215567,0.0056693903462807565,0.0017928186438817908,0.08452614036043743
wcf_sensitivity_v1_logit_f3,IC1,1000,5,10,drf,barycenter_rmse,MEANQ-A-K,10,0.29532797938962935,0.011690189080423618,0.003696762377216793,0.29540149199609245
wcf_sensitivity_v1_logit_f3,IC1,1000,5,10,drf,diagnostic_effective_support,NONE_OPERATIONAL,10,237.11692840053456,2.3572766250199555,0.7454363210137719,236.69969113453152
wcf_sensitivity_v1_logit_f3,IC1,1000,5,10,drf,kernel_law_error,LAW-A-COMMON199,10,0.2684905257709872,0.005922952917069592,0.0018730021691878303,0.26581308050223756
wcf_sensitivity_v1_logit_f3,IC1,1000,5,10,drf,kernel_law_error,LAW-A-INTERIOR,10,0.08805362726131816,0.0049055586468149965,0.0015512738519468888,0.08575676171943049
wcf_sensitivity_v1_logit_f3,IC1,1000,5,10,drf,kernel_law_error,LAW-A-K,10,0.06883489446745114,0.00420020275816975,0.001328220735033781,0.06705556276758573
wcf_sensitivity_v1_logit_f3,IC1,1000,5,10,drf,mean_quantile_rmse,MEANQ-A-COMMON199,10,0.20580519990829424,0.015105108327500451,0.004776654661847802,0.20570233793267437
wcf_sensitivity_v1_logit_f3,IC1,1000,5,10,drf,mean_quantile_rmse,MEANQ-A-INTERIOR,10,0.20208228163629807,0.018639407087943424,0.005894298063298763,0.20236520777721967
wcf_sensitivity_v1_logit_f3,IC1,1000,5,10,drf,mean_quantile_rmse,MEANQ-A-K,10,0.18917470120610175,0.018316573733899763,0.005792209192953813,0.18944649653124246
wcf_sensitivity_v1_logit_f3,IC1,1000,5,10,drf,mode_coverage,LAW-A-K,10,1.0,0.0,0.0,1.0
wcf_sensitivity_v1_logit_f3,IC1,1000,5,10,drf,peak_ram,NONE_OPERATIONAL,10,547.6899999999999,6.77338746697527,2.141933187048038,547.25
wcf_sensitivity_v1_logit_f3,IC1,1000,5,10,drf,process_peak_ram,NONE_OPERATIONAL,10,624.15703125,8.983264348620988,2.8407576165031196,627.3671875
wcf_sensitivity_v1_logit_f3,IC1,1000,5,10,drf,reference_effect_rmse,REF-ATE-COMMON199,10,0.15778199204891658,0.01721108108482551,0.005442621722189026,0.1588536017299908
wcf_sensitivity_v1_logit_f3,IC1,1000,5,10,drf,reference_effect_rmse,REF-ATE-K,10,0.14852177192445046,0.017243280529213263,0.005452804080554749,0.14938229512530135
wcf_sensitivity_v1_logit_f3,IC1,1000,5,10,drf,reference_tcate_rmse,REF-TCATE-COMMON199,10,0.15792473322005712,0.01718481086227222,0.005434314348398235,0.15891035082660313
wcf_sensitivity_v1_logit_f3,IC1,1000,5,10,drf,reference_tcate_rmse,REF-TCATE-INTERIOR,10,0.17066740452800191,0.017112911465694592,0.005411577762840532,0.1709544849056537
wcf_sensitivity_v1_logit_f3,IC1,1000,5,10,drf,reference_tcate_rmse,REF-TCATE-K,10,0.1486848399345056,0.017221950472730747,0.0054460589244442695,0.14943919359088692
wcf_sensitivity_v1_logit_f3,IC1,1000,5,10,drf,runtime,NONE_OPERATIONAL,10,27.409399999999998,1.5213918481297166,0.4811063453702886,28.266
wcf_sensitivity_v1_logit_f3,IC1,1000,5,10,drf,tail_calibration,LAW-A-K,10,0.20649791414546087,0.007783424396155652,0.0024613349087572577,0.2085150570855883
wcf_sensitivity_v1_logit_f3,IC1,1000,5,10,drf,tate_functional_rmse,TATE-COMMON199-grid_mean,10,0.15365650520059515,0.01902885413362368,0.006017452032536088,0.15803965919569204
wcf_sensitivity_v1_logit_f3,IC1,1000,5,10,drf,tate_functional_rmse,TATE-COMMON199-grid_sd,10,0.07492883098373901,0.007929234437948761,0.002507444092536314,0.07111038062730521
wcf_sensitivity_v1_logit_f3,IC1,1000,5,10,drf,tate_functional_rmse,TATE-COMMON199-grid_skewness,10,0.4312476105191009,0.004056985616109173,0.0012829314981446485,0.4324570160705967
wcf_sensitivity_v1_logit_f3,IC1,1000,5,10,drf,tate_functional_rmse,TATE-COMMON199-grid_upper_tail_mean,10,0.14316467402892122,0.018636082183891567,0.005893246636318224,0.1445244598188977
wcf_sensitivity_v1_logit_f3,IC1,1000,5,10,drf,tate_functional_rmse,TATE-K-grid_mean,10,0.17509573458540914,0.018987229632432868,0.0060042892095129525,0.1792459359926773
wcf_sensitivity_v1_logit_f3,IC1,1000,5,10,drf,tate_functional_rmse,TATE-K-grid_sd,10,0.007888435047995475,0.0028232527516577175,0.0008927909105576105,0.007658388233976297
wcf_sensitivity_v1_logit_f3,IC1,1000,5,10,drf,tate_functional_rmse,TATE-K-grid_skewness,10,0.024835080887704974,0.0021466856846533424,0.0006788416183982527,0.024874178927319898
wcf_sensitivity_v1_logit_f3,IC1,1000,5,10,drf,tate_functional_rmse,TATE-K-grid_upper_tail_mean,10,0.1792207533235465,0.018567863656702557,0.005871674043864285,0.18028488558594444
wcf_sensitivity_v1_logit_f3,IC1,1000,5,10,drf,tcate_functional_rmse,TCATE-COMMON199-grid_mean,10,0.15379182519343654,0.018989829583254795,0.006005111386153124,0.15808581127079424
wcf_sensitivity_v1_logit_f3,IC1,1000,5,10,drf,tcate_functional_rmse,TCATE-COMMON199-grid_sd,10,0.074959572513606,0.00791992513453553,0.0025045002323147753,0.07110837050444041
wcf_sensitivity_v1_logit_f3,IC1,1000,5,10,drf,tcate_functional_rmse,TCATE-COMMON199-grid_skewness,10,0.43129577211619513,0.0040898082047177405,0.0012933109120152255,0.4324080092703735
wcf_sensitivity_v1_logit_f3,IC1,1000,5,10,drf,tcate_functional_rmse,TCATE-COMMON199-grid_upper_tail_mean,10,0.14329082857995987,0.018644727214485526,0.005895980435030099,0.14475025113687243
wcf_sensitivity_v1_logit_f3,IC1,1000,5,10,drf,tcate_functional_rmse,TCATE-K-grid_mean,10,0.17522392874399664,0.018954328279624632,0.005993884888215472,0.17929029952281894
wcf_sensitivity_v1_logit_f3,IC1,1000,5,10,drf,tcate_functional_rmse,TCATE-K-grid_sd,10,0.007934068846569987,0.0027945486391574735,0.0008837138731861623,0.007687397154164355
wcf_sensitivity_v1_logit_f3,IC1,1000,5,10,drf,tcate_functional_rmse,TCATE-K-grid_skewness,10,0.024889186864779138,0.0021495640730792138,0.0006797518447398947,0.024956118431733218
wcf_sensitivity_v1_logit_f3,IC1,1000,5,10,drf,tcate_functional_rmse,TCATE-K-grid_upper_tail_mean,10,0.17934010380930293,0.0185724553577783,0.005873126067237684,0.18051230843194918
wcf_sensitivity_v1_logit_f3,IC1,1000,5,25,cwdb_dr,arm_energy_risk,LAW-A-M-K,10,0.04397458686949125,0.004398592330781122,0.0013909570263817104,0.04265059867699415
wcf_sensitivity_v1_logit_f3,IC1,1000,5,25,cwdb_dr,barycenter_rmse,MEANQ-A-K,10,0.14925109833874586,0.009327157241366282,0.002949506097725032,0.14554175403560254
wcf_sensitivity_v1_logit_f3,IC1,1000,5,25,cwdb_dr,diagnostic_dense_dr_n_levels,NONE_OPERATIONAL,10,199.0,0.0,0.0,199.0
wcf_sensitivity_v1_logit_f3,IC1,1000,5,25,cwdb_dr,diagnostic_dr_if_se_reference,NONE_OPERATIONAL,10,0.018279128857092576,0.0020388166494114154,0.0006447304343613065,0.017874738162066715
wcf_sensitivity_v1_logit_f3,IC1,1000,5,25,cwdb_dr,diagnostic_effective_support,NONE_OPERATIONAL,10,25.0,0.0,0.0,25.0
wcf_sensitivity_v1_logit_f3,IC1,1000,5,25,cwdb_dr,diagnostic_ehat_mean,NONE_OPERATIONAL,10,0.49945202048356263,0.013188252302031188,0.004170491563137742,0.4992988000059672
wcf_sensitivity_v1_logit_f3,IC1,1000,5,25,cwdb_dr,diagnostic_n_boosting_steps,NONE_OPERATIONAL,10,100.0,0.0,0.0,100.0
wcf_sensitivity_v1_logit_f3,IC1,1000,5,25,cwdb_dr,diagnostic_selected_contrast_shrinkage,NONE_OPERATIONAL,10,80.0,149.44341180973262,47.25815626252608,50.0
wcf_sensitivity_v1_logit_f3,IC1,1000,5,25,cwdb_dr,diagnostic_train_risk,NONE_OPERATIONAL,10,0.057377094030156464,0.007547152711581534,0.002386619241771349,0.05858922730837954
wcf_sensitivity_v1_logit_f3,IC1,1000,5,25,cwdb_dr,kernel_law_error,LAW-A-COMMON199,10,0.24378625222240982,0.007859905949502595,0.002485520499513659,0.24325681336785998
wcf_sensitivity_v1_logit_f3,IC1,1000,5,25,cwdb_dr,kernel_law_error,LAW-A-INTERIOR,10,0.0263690221102321,0.0027384405942823746,0.0008659709514997373,0.02557175928599218
wcf_sensitivity_v1_logit_f3,IC1,1000,5,25,cwdb_dr,kernel_law_error,LAW-A-K,10,0.018787441922216135,0.002650039097058264,0.0008380159435200131,0.017528242976935532
wcf_sensitivity_v1_logit_f3,IC1,1000,5,25,cwdb_dr,mean_quantile_rmse,MEANQ-A-COMMON199,10,0.14802083300908855,0.018181218469558974,0.005749406100092707,0.13671104765018882
wcf_sensitivity_v1_logit_f3,IC1,1000,5,25,cwdb_dr,mean_quantile_rmse,MEANQ-A-INTERIOR,10,0.10898524227834402,0.02292903534888833,0.007250797625300064,0.10073777506771289
wcf_sensitivity_v1_logit_f3,IC1,1000,5,25,cwdb_dr,mean_quantile_rmse,MEANQ-A-K,10,0.10421349212998676,0.026736227052033403,0.008454737352383472,0.09241106809000513
wcf_sensitivity_v1_logit_f3,IC1,1000,5,25,cwdb_dr,mode_coverage,LAW-A-K,10,1.0,0.0,0.0,1.0
wcf_sensitivity_v1_logit_f3,IC1,1000,5,25,cwdb_dr,peak_ram,NONE_OPERATIONAL,10,0.0,0.0,0.0,0.0
wcf_sensitivity_v1_logit_f3,IC1,1000,5,25,cwdb_dr,process_peak_ram,NONE_OPERATIONAL,10,636.175390625,3.195210332048029,1.010414225257467,634.970703125
wcf_sensitivity_v1_logit_f3,IC1,1000,5,25,cwdb_dr,reference_effect_rmse,REF-ATE-COMMON199,10,0.00926199021344593,0.0076334863503518535,0.002413920335491792,0.00791059035749131
wcf_sensitivity_v1_logit_f3,IC1,1000,5,25,cwdb_dr,reference_effect_rmse,REF-ATE-K,10,0.012931211488821783,0.007048448638691519,0.002228915166897841,0.01238494750966361
wcf_sensitivity_v1_logit_f3,IC1,1000,5,25,cwdb_dr,reference_tcate_rmse,REF-TCATE-COMMON199,10,0.0274748888099766,0.006958268097167549,0.002200397575713528,0.02753065422807669
wcf_sensitivity_v1_logit_f3,IC1,1000,5,25,cwdb_dr,reference_tcate_rmse,REF-TCATE-INTERIOR,10,0.027669544172081357,0.00772375369266877,0.0024424653754969478,0.028450364907128683
wcf_sensitivity_v1_logit_f3,IC1,1000,5,25,cwdb_dr,reference_tcate_rmse,REF-TCATE-K,10,0.02837113392012532,0.00671669939022022,0.0021240068431759977,0.027721171387843822
wcf_sensitivity_v1_logit_f3,IC1,1000,5,25,cwdb_dr,runtime,NONE_OPERATIONAL,10,467.34205456580094,6.1777334692609065,1.9535708540318262,467.57199517799745
wcf_sensitivity_v1_logit_f3,IC1,1000,5,25,cwdb_dr,tail_calibration,LAW-A-K,10,0.12485609566463662,0.013465360973938625,0.0042581210193989244,0.1250646627904996
wcf_sensitivity_v1_logit_f3,IC1,1000,5,25,cwdb_dr,tate_functional_rmse,TATE-COMMON199-grid_mean,10,0.031205051351857006,0.013030810383818535,0.004120704057063949,0.03199729587145003
wcf_sensitivity_v1_logit_f3,IC1,1000,5,25,cwdb_dr,tate_functional_rmse,TATE-COMMON199-grid_sd,10,0.07377841029765261,0.009231842893855842,0.002919365054542453,0.07420680870910469
wcf_sensitivity_v1_logit_f3,IC1,1000,5,25,cwdb_dr,tate_functional_rmse,TATE-COMMON199-grid_skewness,10,0.40891468900619177,0.005349124488264825,0.001691541687069947,0.4082358274830755
wcf_sensitivity_v1_logit_f3,IC1,1000,5,25,cwdb_dr,tate_functional_rmse,TATE-COMMON199-grid_upper_tail_mean,10,0.04275718489672401,0.01568159883582856,0.004958956967426312,0.03960758167724543
wcf_sensitivity_v1_logit_f3,IC1,1000,5,25,cwdb_dr,tate_functional_rmse,TATE-K-grid_mean,10,0.012647360061748394,0.00930434374716088,0.0029422918374174194,0.012545057290616946
wcf_sensitivity_v1_logit_f3,IC1,1000,5,25,cwdb_dr,tate_functional_rmse,TATE-K-grid_sd,10,0.008537472931956358,0.005523837466581841,0.0017467907818972852,0.009571804124456951
wcf_sensitivity_v1_logit_f3,IC1,1000,5,25,cwdb_dr,tate_functional_rmse,TATE-K-grid_skewness,10,0.0025293490890755414,0.0018556478353274704,0.0005868073694795871,0.0019442422507153778
wcf_sensitivity_v1_logit_f3,IC1,1000,5,25,cwdb_dr,tate_functional_rmse,TATE-K-grid_upper_tail_mean,10,0.012588668640804934,0.010142549168064693,0.0032073556651330357,0.011301319970517615
wcf_sensitivity_v1_logit_f3,IC1,1000,5,25,cwdb_dr,tcate_functional_rmse,TCATE-COMMON199-grid_mean,10,0.04310659203981959,0.011266419602038719,0.003562754701761016,0.044974987681822474
wcf_sensitivity_v1_logit_f3,IC1,1000,5,25,cwdb_dr,tcate_functional_rmse,TCATE-COMMON199-grid_sd,10,0.07504199037518179,0.009080214722633153,0.002871416016691483,0.07610017604966574
wcf_sensitivity_v1_logit_f3,IC1,1000,5,25,cwdb_dr,tcate_functional_rmse,TCATE-COMMON199-grid_skewness,10,0.4090114487328941,0.005302884437136516,0.0016769192990011375,0.40859177372085587
wcf_sensitivity_v1_logit_f3,IC1,1000,5,25,cwdb_dr,tcate_functional_rmse,TCATE-COMMON199-grid_upper_tail_mean,10,0.05452642679450383,0.013898336981447405,0.004395040054992316,0.058389904916996076
wcf_sensitivity_v1_logit_f3,IC1,1000,5,25,cwdb_dr,tcate_functional_rmse,TCATE-K-grid_mean,10,0.0319889601680237,0.008943692530864305,0.0028282439089766984,0.03409146992083717
wcf_sensitivity_v1_logit_f3,IC1,1000,5,25,cwdb_dr,tcate_functional_rmse,TCATE-K-grid_sd,10,0.01727378666139404,0.005950140099285568,0.0018815995110842813,0.01706903086358866
wcf_sensitivity_v1_logit_f3,IC1,1000,5,25,cwdb_dr,tcate_functional_rmse,TCATE-K-grid_skewness,10,0.0059182545245341275,0.0017003547815876293,0.0005376993940175044,0.005852718397730057
wcf_sensitivity_v1_logit_f3,IC1,1000,5,25,cwdb_dr,tcate_functional_rmse,TCATE-K-grid_upper_tail_mean,10,0.034544001347228,0.010704925570402875,0.0033851946985050253,0.034209585376860516
wcf_sensitivity_v1_logit_f3,IC1,1000,25,5,cwdb_dr,arm_energy_risk,LAW-A-M-K,10,0.05385143992492358,0.003976201177496869,0.0012573852155933554,0.054075101509227744
wcf_sensitivity_v1_logit_f3,IC1,1000,25,5,cwdb_dr,barycenter_rmse,MEANQ-A-K,10,0.14790757773955082,0.007153768435962461,0.002262220211106178,0.14830406319250664
wcf_sensitivity_v1_logit_f3,IC1,1000,25,5,cwdb_dr,diagnostic_dense_dr_n_levels,NONE_OPERATIONAL,10,199.0,0.0,0.0,199.0
wcf_sensitivity_v1_logit_f3,IC1,1000,25,5,cwdb_dr,diagnostic_dr_if_se_reference,NONE_OPERATIONAL,10,0.01789790427073511,0.0015572022332314332,0.0004924305834512071,0.01782497242892531
wcf_sensitivity_v1_logit_f3,IC1,1000,25,5,cwdb_dr,diagnostic_effective_support,NONE_OPERATIONAL,10,4.999999999999999,0.0,0.0,4.999999999999999
wcf_sensitivity_v1_logit_f3,IC1,1000,25,5,cwdb_dr,diagnostic_ehat_mean,NONE_OPERATIONAL,10,0.49945202048356263,0.013188252302031188,0.004170491563137742,0.4992988000059672
wcf_sensitivity_v1_logit_f3,IC1,1000,25,5,cwdb_dr,diagnostic_n_boosting_steps,NONE_OPERATIONAL,10,100.0,0.0,0.0,100.0
wcf_sensitivity_v1_logit_f3,IC1,1000,25,5,cwdb_dr,diagnostic_selected_contrast_shrinkage,NONE_OPERATIONAL,10,45.0,15.811388300841896,5.0,50.0
wcf_sensitivity_v1_logit_f3,IC1,1000,25,5,cwdb_dr,diagnostic_train_risk,NONE_OPERATIONAL,10,0.06999856258382867,0.0048431719144796425,0.0015315454349513894,0.0719230758143936
wcf_sensitivity_v1_logit_f3,IC1,1000,25,5,cwdb_dr,kernel_law_error,LAW-A-COMMON199,10,0.06130376406751605,0.002896388641924087,0.0009159185097521971,0.06160245229000855
wcf_sensitivity_v1_logit_f3,IC1,1000,25,5,cwdb_dr,kernel_law_error,LAW-A-INTERIOR,10,0.020153696439936433,0.002336368111639759,0.0007388244685368192,0.02049923407166968
wcf_sensitivity_v1_logit_f3,IC1,1000,25,5,cwdb_dr,kernel_law_error,LAW-A-K,10,0.01742099562642164,0.0019508342857295165,0.0006169079680452986,0.01810181417687682
wcf_sensitivity_v1_logit_f3,IC1,1000,25,5,cwdb_dr,mean_quantile_rmse,MEANQ-A-COMMON199,10,0.10537784946432963,0.016129031010247184,0.005100447444386769,0.10022403116907894
wcf_sensitivity_v1_logit_f3,IC1,1000,25,5,cwdb_dr,mean_quantile_rmse,MEANQ-A-INTERIOR,10,0.08724104322513596,0.012748921736991901,0.004031563040012454,0.08354148013502197
wcf_sensitivity_v1_logit_f3,IC1,1000,25,5,cwdb_dr,mean_quantile_rmse,MEANQ-A-K,10,0.09043610417116354,0.019204078652915388,0.006072862890823079,0.08406742972509898
wcf_sensitivity_v1_logit_f3,IC1,1000,25,5,cwdb_dr,mode_coverage,LAW-A-K,10,1.0,0.0,0.0,1.0
wcf_sensitivity_v1_logit_f3,IC1,1000,25,5,cwdb_dr,peak_ram,NONE_OPERATIONAL,10,0.0,0.0,0.0,0.0
wcf_sensitivity_v1_logit_f3,IC1,1000,25,5,cwdb_dr,process_peak_ram,NONE_OPERATIONAL,10,895.23046875,69.18596508020089,21.878523177030885,925.4375
wcf_sensitivity_v1_logit_f3,IC1,1000,25,5,cwdb_dr,reference_effect_rmse,REF-ATE-COMMON199,10,0.008604549055785032,0.006931830607686097,0.002192037307475714,0.007347549667064607
wcf_sensitivity_v1_logit_f3,IC1,1000,25,5,cwdb_dr,reference_effect_rmse,REF-ATE-K,10,0.014342927777420505,0.008729002332677926,0.0027603529072185076,0.014487890284177449
wcf_sensitivity_v1_logit_f3,IC1,1000,25,5,cwdb_dr,reference_tcate_rmse,REF-TCATE-COMMON199,10,0.027955039503749536,0.01000774538337872,0.0031647269654511757,0.029612822523881737
wcf_sensitivity_v1_logit_f3,IC1,1000,25,5,cwdb_dr,reference_tcate_rmse,REF-TCATE-INTERIOR,10,0.03199672481512515,0.011041154027799756,0.003491519472458929,0.034223470905725084
wcf_sensitivity_v1_logit_f3,IC1,1000,25,5,cwdb_dr,reference_tcate_rmse,REF-TCATE-K,10,0.030026983831248473,0.010277175936999698,0.003249928387519417,0.031386655424970475
wcf_sensitivity_v1_logit_f3,IC1,1000,25,5,cwdb_dr,runtime,NONE_OPERATIONAL,10,132.8700824984002,35.51927285378048,11.232180305093516,133.6542670570002
wcf_sensitivity_v1_logit_f3,IC1,1000,25,5,cwdb_dr,tail_calibration,LAW-A-K,10,3.740321573935287e-05,1.819707466617999e-05,5.7544202697276945e-06,3.9973672456699026e-05
wcf_sensitivity_v1_logit_f3,IC1,1000,25,5,cwdb_dr,tate_functional_rmse,TATE-COMMON199-grid_mean,10,0.019305557152915487,0.010967001066159165,0.0034680702470557927,0.018354701611756008
wcf_sensitivity_v1_logit_f3,IC1,1000,25,5,cwdb_dr,tate_functional_rmse,TATE-COMMON199-grid_sd,10,0.023789560433159936,0.01015223971596006,0.003210420085445467,0.0243191524159488
wcf_sensitivity_v1_logit_f3,IC1,1000,25,5,cwdb_dr,tate_functional_rmse,TATE-COMMON199-grid_skewness,10,0.18570963758190626,0.011149612438205265,0.0035258170332872004,0.18648092781232753
wcf_sensitivity_v1_logit_f3,IC1,1000,25,5,cwdb_dr,tate_functional_rmse,TATE-COMMON199-grid_upper_tail_mean,10,0.02262442002709271,0.010863206889027685,0.0034352476462959484,0.023393031200380054
wcf_sensitivity_v1_logit_f3,IC1,1000,25,5,cwdb_dr,tate_functional_rmse,TATE-K-grid_mean,10,0.016956817048205605,0.009013838033355339,0.0028504258645255668,0.015997310460338574
wcf_sensitivity_v1_logit_f3,IC1,1000,25,5,cwdb_dr,tate_functional_rmse,TATE-K-grid_sd,10,0.008769919001049746,0.006718500870103356,0.002124576521134966,0.009099453401109249
wcf_sensitivity_v1_logit_f3,IC1,1000,25,5,cwdb_dr,tate_functional_rmse,TATE-K-grid_skewness,10,0.00784103081221485,0.007869065642991262,0.002488417048922979,0.004390233877817673
wcf_sensitivity_v1_logit_f3,IC1,1000,25,5,cwdb_dr,tate_functional_rmse,TATE-K-grid_upper_tail_mean,10,0.01770596632010598,0.008082582729750749,0.002555937080275355,0.0178309391175923
wcf_sensitivity_v1_logit_f3,IC1,1000,25,5,cwdb_dr,tcate_functional_rmse,TCATE-COMMON199-grid_mean,10,0.03710653556619064,0.012938313435553359,0.0040914539537506775,0.03923781786930318
wcf_sensitivity_v1_logit_f3,IC1,1000,25,5,cwdb_dr,tcate_functional_rmse,TCATE-COMMON199-grid_sd,10,0.029380617186729036,0.008792241473372769,0.002780350879405262,0.02901064849440369
wcf_sensitivity_v1_logit_f3,IC1,1000,25,5,cwdb_dr,tcate_functional_rmse,TCATE-COMMON199-grid_skewness,10,0.1860923756852761,0.01082553744741635,0.0034233355229280945,0.1869050323096318
wcf_sensitivity_v1_logit_f3,IC1,1000,25,5,cwdb_dr,tcate_functional_rmse,TCATE-COMMON199-grid_upper_tail_mean,10,0.042791510577954425,0.0105964710547622,0.0033508983693095367,0.04325875250451337
wcf_sensitivity_v1_logit_f3,IC1,1000,25,5,cwdb_dr,tcate_functional_rmse,TCATE-K-grid_mean,10,0.03551320240687308,0.012476226226261275,0.003945329147851288,0.0373496366743125
wcf_sensitivity_v1_logit_f3,IC1,1000,25,5,cwdb_dr,tcate_functional_rmse,TCATE-K-grid_sd,10,0.019087279163691843,0.006773988881478148,0.0021421233710127332,0.0169758242499252
wcf_sensitivity_v1_logit_f3,IC1,1000,25,5,cwdb_dr,tcate_functional_rmse,TCATE-K-grid_skewness,10,0.014247711625467818,0.00733767990379539,0.0023203781237238624,0.013966425521208931
wcf_sensitivity_v1_logit_f3,IC1,1000,25,5,cwdb_dr,tcate_functional_rmse,TCATE-K-grid_upper_tail_mean,10,0.03956165868754676,0.010715440081679739,0.003388519678916867,0.040860971815717316
wcf_sensitivity_v1_logit_f3,IC1,1000,25,10,causal_drf,arm_energy_risk,LAW-A-M-K,10,0.06763040148333863,0.004001052768537054,0.0012652439787099571,0.06880465620238767
wcf_sensitivity_v1_logit_f3,IC1,1000,25,10,causal_drf,barycenter_rmse,MEANQ-A-K,10,0.25434534489507826,0.014617110386141989,0.0046223361630312,0.2522023378312476
wcf_sensitivity_v1_logit_f3,IC1,1000,25,10,causal_drf,diagnostic_effective_support,NONE_OPERATIONAL,10,141.235222554717,3.471272975445265,1.097712898259678,141.73467651991456
wcf_sensitivity_v1_logit_f3,IC1,1000,25,10,causal_drf,kernel_law_error,LAW-A-COMMON199,10,0.08442053601988798,0.002711042372001652,0.0008573068728750717,0.08506339281340852
wcf_sensitivity_v1_logit_f3,IC1,1000,25,10,causal_drf,kernel_law_error,LAW-A-INTERIOR,10,0.064735130833304,0.0034798530789082603,0.0011004261652099744,0.06521488092484809
wcf_sensitivity_v1_logit_f3,IC1,1000,25,10,causal_drf,kernel_law_error,LAW-A-K,10,0.0455803829214106,0.00287754593158245,0.0009099599215551589,0.045837258037750316
wcf_sensitivity_v1_logit_f3,IC1,1000,25,10,causal_drf,mean_quantile_rmse,MEANQ-A-COMMON199,10,0.18342715082847624,0.02740811112093677,0.008667205750515087,0.1774740779431901
wcf_sensitivity_v1_logit_f3,IC1,1000,25,10,causal_drf,mean_quantile_rmse,MEANQ-A-INTERIOR,10,0.1821279177332656,0.029797024464937087,0.00942264648049612,0.17602971936611406
wcf_sensitivity_v1_logit_f3,IC1,1000,25,10,causal_drf,mean_quantile_rmse,MEANQ-A-K,10,0.1766621477809375,0.02853140129929444,0.009022421294205787,0.17120285882434733
wcf_sensitivity_v1_logit_f3,IC1,1000,25,10,causal_drf,mode_coverage,LAW-A-K,10,1.0,0.0,0.0,1.0
wcf_sensitivity_v1_logit_f3,IC1,1000,25,10,causal_drf,peak_ram,NONE_OPERATIONAL,10,381.31993,1.0617833897635558,0.33576538933871475,381.67769999999996
wcf_sensitivity_v1_logit_f3,IC1,1000,25,10,causal_drf,process_peak_ram,NONE_OPERATIONAL,10,623.446484375,8.150498153554537,2.5774138230229133,627.775390625
wcf_sensitivity_v1_logit_f3,IC1,1000,25,10,causal_drf,reference_effect_rmse,REF-ATE-COMMON199,10,0.14597890407758804,0.0255152969523828,0.008068645354508247,0.14023845012576636
wcf_sensitivity_v1_logit_f3,IC1,1000,25,10,causal_drf,reference_effect_rmse,REF-ATE-K,10,0.1336449317422284,0.02541945654121,0.008038337955388936,0.12791900966160655
wcf_sensitivity_v1_logit_f3,IC1,1000,25,10,causal_drf,reference_tcate_rmse,REF-TCATE-COMMON199,10,0.1462741906406518,0.025514464454223493,0.008068382095475115,0.14060128352167028
wcf_sensitivity_v1_logit_f3,IC1,1000,25,10,causal_drf,reference_tcate_rmse,REF-TCATE-INTERIOR,10,0.15550882496496332,0.026754958769936523,0.008460660841689633,0.14941259461943085
wcf_sensitivity_v1_logit_f3,IC1,1000,25,10,causal_drf,reference_tcate_rmse,REF-TCATE-K,10,0.13396417352800355,0.025412376423154037,0.008036099025472964,0.1282979100215315
wcf_sensitivity_v1_logit_f3,IC1,1000,25,10,causal_drf,runtime,NONE_OPERATIONAL,10,34.9046,0.9017880016944111,0.2851704051966121,34.7515
wcf_sensitivity_v1_logit_f3,IC1,1000,25,10,causal_drf,tail_calibration,LAW-A-K,10,0.0001600978086475176,0.0003910373215293809,0.0001236568586164441,4.0089499061385095e-05
wcf_sensitivity_v1_logit_f3,IC1,1000,25,10,causal_drf,tate_functional_rmse,TATE-COMMON199-grid_mean,10,0.16098402208142806,0.028575135451780698,0.009036251247545157,0.15285553653808243
wcf_sensitivity_v1_logit_f3,IC1,1000,25,10,causal_drf,tate_functional_rmse,TATE-COMMON199-grid_sd,10,0.033286323276175256,0.01103784306371259,0.003490472453682282,0.02806187496558723
wcf_sensitivity_v1_logit_f3,IC1,1000,25,10,causal_drf,tate_functional_rmse,TATE-COMMON199-grid_skewness,10,0.2332362606996698,0.00712760396039174,0.0022539462774474463,0.2309804841795822
wcf_sensitivity_v1_logit_f3,IC1,1000,25,10,causal_drf,tate_functional_rmse,TATE-COMMON199-grid_upper_tail_mean,10,0.15804565940550416,0.027400065341862862,0.008664661451772679,0.1550840845350453
wcf_sensitivity_v1_logit_f3,IC1,1000,25,10,causal_drf,tate_functional_rmse,TATE-K-grid_mean,10,0.16505399484792993,0.028574135250275006,0.009035934956057446,0.15690161659097507
wcf_sensitivity_v1_logit_f3,IC1,1000,25,10,causal_drf,tate_functional_rmse,TATE-K-grid_sd,10,0.008929307450951846,0.008392606427329334,0.0026539751815729106,0.006462888737965565
wcf_sensitivity_v1_logit_f3,IC1,1000,25,10,causal_drf,tate_functional_rmse,TATE-K-grid_skewness,10,0.045863210157798484,0.006970755398455918,0.002204346407103528,0.0443508469437259
wcf_sensitivity_v1_logit_f3,IC1,1000,25,10,causal_drf,tate_functional_rmse,TATE-K-grid_upper_tail_mean,10,0.16660774677429865,0.027456498495997204,0.008682507182033866,0.16337274596215362
wcf_sensitivity_v1_logit_f3,IC1,1000,25,10,causal_drf,tcate_functional_rmse,TCATE-COMMON199-grid_mean,10,0.16129577701306055,0.028598574397028644,0.009043663292838705,0.15311493962693573
wcf_sensitivity_v1_logit_f3,IC1,1000,25,10,causal_drf,tcate_functional_rmse,TCATE-COMMON199-grid_sd,10,0.03348586172910463,0.010896105879065846,0.0034456512204199263,0.028305414292291865
wcf_sensitivity_v1_logit_f3,IC1,1000,25,10,causal_drf,tcate_functional_rmse,TCATE-COMMON199-grid_skewness,10,0.23328436806239455,0.007141474595784668,0.002258332557490986,0.23105273606191445
wcf_sensitivity_v1_logit_f3,IC1,1000,25,10,causal_drf,tcate_functional_rmse,TCATE-COMMON199-grid_upper_tail_mean,10,0.1583383284943746,0.027475358201179644,0.008688471144471445,0.1552448409370889
wcf_sensitivity_v1_logit_f3,IC1,1000,25,10,causal_drf,tcate_functional_rmse,TCATE-K-grid_mean,10,0.16536011571673112,0.02859980940936024,0.00904405383802933,0.1571815003238886
wcf_sensitivity_v1_logit_f3,IC1,1000,25,10,causal_drf,tcate_functional_rmse,TCATE-K-grid_sd,10,0.00989883234431166,0.0077577115363279565,0.0024532037885360413,0.00932746846551923
wcf_sensitivity_v1_logit_f3,IC1,1000,25,10,causal_drf,tcate_functional_rmse,TCATE-K-grid_skewness,10,0.046022181181270445,0.006904124864504049,0.0021832759822034194,0.04448769848242512
wcf_sensitivity_v1_logit_f3,IC1,1000,25,10,causal_drf,tcate_functional_rmse,TCATE-K-grid_upper_tail_mean,10,0.1668899613953794,0.027535194249525503,0.008707392964367133,0.163537344006129
wcf_sensitivity_v1_logit_f3,IC1,1000,25,10,cwdb_dr,arm_energy_risk,LAW-A-M-K,10,0.04785749628472987,0.003004932663875214,0.0009502431433282846,0.04738079584066275
wcf_sensitivity_v1_logit_f3,IC1,1000,25,10,cwdb_dr,barycenter_rmse,MEANQ-A-K,10,0.15081621733909428,0.006005949383271906,0.0018992479562822803,0.15170488326915044
wcf_sensitivity_v1_logit_f3,IC1,1000,25,10,cwdb_dr,diagnostic_dense_dr_n_levels,NONE_OPERATIONAL,10,199.0,0.0,0.0,199.0
wcf_sensitivity_v1_logit_f3,IC1,1000,25,10,cwdb_dr,diagnostic_dr_if_se_reference,NONE_OPERATIONAL,10,0.017470823394097286,0.001437662084192214,0.000454628669171215,0.01713108159756419
wcf_sensitivity_v1_logit_f3,IC1,1000,25,10,cwdb_dr,diagnostic_effective_support,NONE_OPERATIONAL,10,9.999999999999998,0.0,0.0,9.999999999999998
wcf_sensitivity_v1_logit_f3,IC1,1000,25,10,cwdb_dr,diagnostic_ehat_mean,NONE_OPERATIONAL,10,0.49945202048356263,0.013188252302031188,0.004170491563137742,0.4992988000059672
wcf_sensitivity_v1_logit_f3,IC1,1000,25,10,cwdb_dr,diagnostic_n_boosting_steps,NONE_OPERATIONAL,10,100.0,0.0,0.0,100.0
wcf_sensitivity_v1_logit_f3,IC1,1000,25,10,cwdb_dr,diagnostic_selected_contrast_shrinkage,NONE_OPERATIONAL,10,25.0,26.352313834736496,8.333333333333334,25.0
wcf_sensitivity_v1_logit_f3,IC1,1000,25,10,cwdb_dr,diagnostic_train_risk,NONE_OPERATIONAL,10,0.06353981996241674,0.0062389465818018745,0.0019729281398615938,0.06422102348359975
wcf_sensitivity_v1_logit_f3,IC1,1000,25,10,cwdb_dr,kernel_law_error,LAW-A-COMMON199,10,0.06046282797933951,0.002866181531668379,0.0009063661827582102,0.06158746701503094
wcf_sensitivity_v1_logit_f3,IC1,1000,25,10,cwdb_dr,kernel_law_error,LAW-A-INTERIOR,10,0.019476471480054828,0.0021157095348633237,0.0006690460997503521,0.01955272252068168
wcf_sensitivity_v1_logit_f3,IC1,1000,25,10,cwdb_dr,kernel_law_error,LAW-A-K,10,0.016942015582137426,0.0015674719241886906,0.000495678144880304,0.01712568349775564
wcf_sensitivity_v1_logit_f3,IC1,1000,25,10,cwdb_dr,mean_quantile_rmse,MEANQ-A-COMMON199,10,0.12141041901151398,0.02329342107371326,0.007366026509029878,0.12236549910614186
wcf_sensitivity_v1_logit_f3,IC1,1000,25,10,cwdb_dr,mean_quantile_rmse,MEANQ-A-INTERIOR,10,0.09835886043403196,0.01703521353648494,0.00538700752026243,0.10070551119227832
wcf_sensitivity_v1_logit_f3,IC1,1000,25,10,cwdb_dr,mean_quantile_rmse,MEANQ-A-K,10,0.1080161218431525,0.02589961836830467,0.008190178457297647,0.10846473602918805
wcf_sensitivity_v1_logit_f3,IC1,1000,25,10,cwdb_dr,mode_coverage,LAW-A-K,10,1.0,0.0,0.0,1.0
wcf_sensitivity_v1_logit_f3,IC1,1000,25,10,cwdb_dr,peak_ram,NONE_OPERATIONAL,10,0.0,0.0,0.0,0.0
wcf_sensitivity_v1_logit_f3,IC1,1000,25,10,cwdb_dr,process_peak_ram,NONE_OPERATIONAL,10,775.076171875,19.300807844175104,6.103451346883754,771.66015625
wcf_sensitivity_v1_logit_f3,IC1,1000,25,10,cwdb_dr,reference_effect_rmse,REF-ATE-COMMON199,10,0.006915514638890766,0.005739660067602315,0.0018150398808739329,0.006002313311992233
wcf_sensitivity_v1_logit_f3,IC1,1000,25,10,cwdb_dr,reference_effect_rmse,REF-ATE-K,10,0.01226532057704118,0.006926159748439727,0.002190244024324839,0.01024151131122604
wcf_sensitivity_v1_logit_f3,IC1,1000,25,10,cwdb_dr,reference_tcate_rmse,REF-TCATE-COMMON199,10,0.0289670072047787,0.008964301588382113,0.0028347610651952675,0.02496107713315259
wcf_sensitivity_v1_logit_f3,IC1,1000,25,10,cwdb_dr,reference_tcate_rmse,REF-TCATE-INTERIOR,10,0.03170408428085925,0.009616965318992308,0.0030411514586863447,0.030219584423606727
wcf_sensitivity_v1_logit_f3,IC1,1000,25,10,cwdb_dr,reference_tcate_rmse,REF-TCATE-K,10,0.030854929704266947,0.008183660676095503,0.0025879007334415264,0.027273853323355246
wcf_sensitivity_v1_logit_f3,IC1,1000,25,10,cwdb_dr,runtime,NONE_OPERATIONAL,10,400.0457983218006,5.422040341524259,1.7145997044533892,400.72287882350065
wcf_sensitivity_v1_logit_f3,IC1,1000,25,10,cwdb_dr,tail_calibration,LAW-A-K,10,6.178125442835063e-05,8.172656542763894e-05,2.58442092094112e-05,4.008949906137815e-05
wcf_sensitivity_v1_logit_f3,IC1,1000,25,10,cwdb_dr,tate_functional_rmse,TATE-COMMON199-grid_mean,10,0.017132160831808078,0.011908440559479407,0.003765779554868476,0.014361198511237572
wcf_sensitivity_v1_logit_f3,IC1,1000,25,10,cwdb_dr,tate_functional_rmse,TATE-COMMON199-grid_sd,10,0.02356380675322315,0.01358609159324414,0.004296299393431736,0.022834091773171767
wcf_sensitivity_v1_logit_f3,IC1,1000,25,10,cwdb_dr,tate_functional_rmse,TATE-COMMON199-grid_skewness,10,0.1890535207874017,0.006034993615519674,0.0019084325489616661,0.18823636825581355
wcf_sensitivity_v1_logit_f3,IC1,1000,25,10,cwdb_dr,tate_functional_rmse,TATE-COMMON199-grid_upper_tail_mean,10,0.02215336802312131,0.014634129670005894,0.004627718133146689,0.022912193636922748
wcf_sensitivity_v1_logit_f3,IC1,1000,25,10,cwdb_dr,tate_functional_rmse,TATE-K-grid_mean,10,0.014806210235166168,0.00953712230814119,0.0030159028817328373,0.01108881699793958
wcf_sensitivity_v1_logit_f3,IC1,1000,25,10,cwdb_dr,tate_functional_rmse,TATE-K-grid_sd,10,0.011780950752556009,0.007537310235834195,0.0023835067776536933,0.010343687651756769
wcf_sensitivity_v1_logit_f3,IC1,1000,25,10,cwdb_dr,tate_functional_rmse,TATE-K-grid_skewness,10,0.004292975108281377,0.0029283953961817036,0.0009260399341485332,0.004434521727458507
wcf_sensitivity_v1_logit_f3,IC1,1000,25,10,cwdb_dr,tate_functional_rmse,TATE-K-grid_upper_tail_mean,10,0.01916717545129136,0.009147990117768222,0.002892848478485955,0.01661819496650742
wcf_sensitivity_v1_logit_f3,IC1,1000,25,10,cwdb_dr,tcate_functional_rmse,TCATE-COMMON199-grid_mean,10,0.03626354915631707,0.012238592934708914,0.003870182902932456,0.036123312467830626
wcf_sensitivity_v1_logit_f3,IC1,1000,25,10,cwdb_dr,tcate_functional_rmse,TCATE-COMMON199-grid_sd,10,0.029247414441464413,0.013282079945039197,0.004200162469076791,0.026062307298908162
wcf_sensitivity_v1_logit_f3,IC1,1000,25,10,cwdb_dr,tcate_functional_rmse,TCATE-COMMON199-grid_skewness,10,0.18919767633322052,0.0059492049568848565,0.0018813037930919968,0.18814785077239837
wcf_sensitivity_v1_logit_f3,IC1,1000,25,10,cwdb_dr,tcate_functional_rmse,TCATE-COMMON199-grid_upper_tail_mean,10,0.040708863951667215,0.012468101554938434,0.003942759901189244,0.036777007591119806
wcf_sensitivity_v1_logit_f3,IC1,1000,25,10,cwdb_dr,tcate_functional_rmse,TCATE-K-grid_mean,10,0.034841354883703386,0.012378310163484015,0.00391436537006207,0.033076308761590456
wcf_sensitivity_v1_logit_f3,IC1,1000,25,10,cwdb_dr,tcate_functional_rmse,TCATE-K-grid_sd,10,0.02117887451681896,0.007962596713627234,0.0025179941704433556,0.018417699607309608
wcf_sensitivity_v1_logit_f3,IC1,1000,25,10,cwdb_dr,tcate_functional_rmse,TCATE-K-grid_skewness,10,0.009865285086822419,0.003251103495065513,0.001028089195334101,0.009625958910547095
wcf_sensitivity_v1_logit_f3,IC1,1000,25,10,cwdb_dr,tcate_functional_rmse,TCATE-K-grid_upper_tail_mean,10,0.038157084380445114,0.012585347022725641,0.003979836173543192,0.03439060167085405
wcf_sensitivity_v1_logit_f3,IC1,1000,25,10,drf,arm_energy_risk,LAW-A-M-K,10,0.0838248041057839,0.005344545843841107,0.0016900937925724492,0.08204540883152206
wcf_sensitivity_v1_logit_f3,IC1,1000,25,10,drf,barycenter_rmse,MEANQ-A-K,10,0.29397379015449326,0.011520694789688804,0.003643163576305115,0.29355419424679635
wcf_sensitivity_v1_logit_f3,IC1,1000,25,10,drf,diagnostic_effective_support,NONE_OPERATIONAL,10,231.78811891038487,2.2051465977765146,0.6973285823544978,231.42254993563574
wcf_sensitivity_v1_logit_f3,IC1,1000,25,10,drf,kernel_law_error,LAW-A-COMMON199,10,0.0971305300278654,0.0033641213597669,0.001063828582208614,0.09719354833519298
wcf_sensitivity_v1_logit_f3,IC1,1000,25,10,drf,kernel_law_error,LAW-A-INTERIOR,10,0.08241727025316033,0.0046555737521963,0.0014722216871836636,0.08046424695668178
wcf_sensitivity_v1_logit_f3,IC1,1000,25,10,drf,kernel_law_error,LAW-A-K,10,0.05912785285382427,0.0036850129715117253,0.0011653034197242225,0.05757733298299788
wcf_sensitivity_v1_logit_f3,IC1,1000,25,10,drf,mean_quantile_rmse,MEANQ-A-COMMON199,10,0.19377558049179633,0.017484689170353326,0.0055291441958396316,0.1943231382115695
wcf_sensitivity_v1_logit_f3,IC1,1000,25,10,drf,mean_quantile_rmse,MEANQ-A-INTERIOR,10,0.19329194717230985,0.018942492341547264,0.0059901420359585525,0.19388998120620465
wcf_sensitivity_v1_logit_f3,IC1,1000,25,10,drf,mean_quantile_rmse,MEANQ-A-K,10,0.18757684975008876,0.018302159503635573,0.005787651013118516,0.1883806701069327
wcf_sensitivity_v1_logit_f3,IC1,1000,25,10,drf,mode_coverage,LAW-A-K,10,1.0,0.0,0.0,1.0
wcf_sensitivity_v1_logit_f3,IC1,1000,25,10,drf,peak_ram,NONE_OPERATIONAL,10,556.6600000000001,24.233502979690478,7.663306510029905,552.45
wcf_sensitivity_v1_logit_f3,IC1,1000,25,10,drf,process_peak_ram,NONE_OPERATIONAL,10,623.446484375,8.150498153554537,2.5774138230229133,627.775390625
wcf_sensitivity_v1_logit_f3,IC1,1000,25,10,drf,reference_effect_rmse,REF-ATE-COMMON199,10,0.15178455712998687,0.017785053848069925,0.005624127846864319,0.15144577529554978
wcf_sensitivity_v1_logit_f3,IC1,1000,25,10,drf,reference_effect_rmse,REF-ATE-K,10,0.13936953983206007,0.017786882527961925,0.005624706126221326,0.13886550872415993
wcf_sensitivity_v1_logit_f3,IC1,1000,25,10,drf,reference_tcate_rmse,REF-TCATE-COMMON199,10,0.15191308099611314,0.01775892100161211,0.005615863915209303,0.15168634405490777
wcf_sensitivity_v1_logit_f3,IC1,1000,25,10,drf,reference_tcate_rmse,REF-TCATE-INTERIOR,10,0.16196978614898513,0.01751701744599941,0.005539367294226369,0.1633353489241406
wcf_sensitivity_v1_logit_f3,IC1,1000,25,10,drf,reference_tcate_rmse,REF-TCATE-K,10,0.13950889707655872,0.017759825513316056,0.005616149946924778,0.13912720923727165
wcf_sensitivity_v1_logit_f3,IC1,1000,25,10,drf,runtime,NONE_OPERATIONAL,10,31.9298,0.9857663459912235,0.3117266894073859,32.3305
wcf_sensitivity_v1_logit_f3,IC1,1000,25,10,drf,tail_calibration,LAW-A-K,10,0.00013990804991390805,0.00032727262778633293,0.00010349269196333218,4.008949906106147e-05
wcf_sensitivity_v1_logit_f3,IC1,1000,25,10,drf,tate_functional_rmse,TATE-COMMON199-grid_mean,10,0.16875929707891654,0.01912373632358195,0.006047456415501378,0.1726804725012524
wcf_sensitivity_v1_logit_f3,IC1,1000,25,10,drf,tate_functional_rmse,TATE-COMMON199-grid_sd,10,0.032191549396330656,0.0106567692446947,0.0033699663312067502,0.027312838988084835
wcf_sensitivity_v1_logit_f3,IC1,1000,25,10,drf,tate_functional_rmse,TATE-COMMON199-grid_skewness,10,0.23505106470706655,0.0043075307647248385,0.001362160830777737,0.23561023993646754
wcf_sensitivity_v1_logit_f3,IC1,1000,25,10,drf,tate_functional_rmse,TATE-COMMON199-grid_upper_tail_mean,10,0.16674083223365116,0.018838601370542375,0.005957288826288356,0.17059309820275836
wcf_sensitivity_v1_logit_f3,IC1,1000,25,10,drf,tate_functional_rmse,TATE-K-grid_mean,10,0.17282926675777982,0.019116886106371543,0.0060452901866162,0.17670622378147988
wcf_sensitivity_v1_logit_f3,IC1,1000,25,10,drf,tate_functional_rmse,TATE-K-grid_sd,10,0.008737252621654349,0.007330703273302634,0.002318171919448813,0.00768738464824969
wcf_sensitivity_v1_logit_f3,IC1,1000,25,10,drf,tate_functional_rmse,TATE-K-grid_skewness,10,0.04776645989121917,0.003967832000661573,0.0012547386494993298,0.04742923380410313
wcf_sensitivity_v1_logit_f3,IC1,1000,25,10,drf,tate_functional_rmse,TATE-K-grid_upper_tail_mean,10,0.1752761151094184,0.01879960531956885,0.00594495719220552,0.17906503771654853
wcf_sensitivity_v1_logit_f3,IC1,1000,25,10,drf,tcate_functional_rmse,TCATE-COMMON199-grid_mean,10,0.16886208482975398,0.019090822665236252,0.006037048202851275,0.1726989676684038
wcf_sensitivity_v1_logit_f3,IC1,1000,25,10,drf,tcate_functional_rmse,TCATE-COMMON199-grid_sd,10,0.03224123433156018,0.01064326754408687,0.003365696718586108,0.027324253929474962
wcf_sensitivity_v1_logit_f3,IC1,1000,25,10,drf,tcate_functional_rmse,TCATE-COMMON199-grid_skewness,10,0.23510835710448208,0.004353880081939396,0.0013768177718169025,0.2356452272363786
wcf_sensitivity_v1_logit_f3,IC1,1000,25,10,drf,tcate_functional_rmse,TCATE-COMMON199-grid_upper_tail_mean,10,0.16682989966643705,0.018848598693489524,0.005960450257390082,0.17073462224073704
wcf_sensitivity_v1_logit_f3,IC1,1000,25,10,drf,tcate_functional_rmse,TCATE-K-grid_mean,10,0.17293111827293703,0.019084696627684937,0.0060351109796818875,0.17672447148602333
wcf_sensitivity_v1_logit_f3,IC1,1000,25,10,drf,tcate_functional_rmse,TCATE-K-grid_sd,10,0.008974207947387784,0.007104708767271251,0.00224670618167443,0.007761131918907648
wcf_sensitivity_v1_logit_f3,IC1,1000,25,10,drf,tcate_functional_rmse,TCATE-K-grid_skewness,10,0.04785940998201871,0.003974120774703193,0.0012567273344654961,0.04755411979112539
wcf_sensitivity_v1_logit_f3,IC1,1000,25,10,drf,tcate_functional_rmse,TCATE-K-grid_upper_tail_mean,10,0.17536447428628582,0.01880799632683836,0.005947610661688987,0.17920830366893153
wcf_sensitivity_v1_logit_f3,IC1,1000,25,25,cwdb_dr,arm_energy_risk,LAW-A-M-K,10,0.04526889026334533,0.00298112212609296,0.000942713590157743,0.04581764637254997
wcf_sensitivity_v1_logit_f3,IC1,1000,25,25,cwdb_dr,barycenter_rmse,MEANQ-A-K,10,0.15314908047889408,0.0072177395419294734,0.0022824496510357524,0.1541751953514618
wcf_sensitivity_v1_logit_f3,IC1,1000,25,25,cwdb_dr,diagnostic_dense_dr_n_levels,NONE_OPERATIONAL,10,199.0,0.0,0.0,199.0
wcf_sensitivity_v1_logit_f3,IC1,1000,25,25,cwdb_dr,diagnostic_dr_if_se_reference,NONE_OPERATIONAL,10,0.017740334483632464,0.0013811237720295507,0.00043674968502165334,0.017605736261256257
wcf_sensitivity_v1_logit_f3,IC1,1000,25,25,cwdb_dr,diagnostic_effective_support,NONE_OPERATIONAL,10,25.0,0.0,0.0,25.0
wcf_sensitivity_v1_logit_f3,IC1,1000,25,25,cwdb_dr,diagnostic_ehat_mean,NONE_OPERATIONAL,10,0.49945202048356263,0.013188252302031188,0.004170491563137742,0.4992988000059672
wcf_sensitivity_v1_logit_f3,IC1,1000,25,25,cwdb_dr,diagnostic_n_boosting_steps,NONE_OPERATIONAL,10,100.0,0.0,0.0,100.0
wcf_sensitivity_v1_logit_f3,IC1,1000,25,25,cwdb_dr,diagnostic_selected_contrast_shrinkage,NONE_OPERATIONAL,10,35.0,24.1522945769824,7.637626158259733,50.0
wcf_sensitivity_v1_logit_f3,IC1,1000,25,25,cwdb_dr,diagnostic_train_risk,NONE_OPERATIONAL,10,0.06430274452235882,0.005841902533291918,0.0018473717873910094,0.06685252221515654
wcf_sensitivity_v1_logit_f3,IC1,1000,25,25,cwdb_dr,kernel_law_error,LAW-A-COMMON199,10,0.060214462725876695,0.0028221209611165705,0.0008924330069631846,0.06045781250661445
wcf_sensitivity_v1_logit_f3,IC1,1000,25,25,cwdb_dr,kernel_law_error,LAW-A-INTERIOR,10,0.019686115472671552,0.0018571583938501383,0.0005872850500266481,0.020336239107651193
wcf_sensitivity_v1_logit_f3,IC1,1000,25,25,cwdb_dr,kernel_law_error,LAW-A-K,10,0.017166389356229078,0.0016190107394614313,0.0005119761492971572,0.017705257133802627
wcf_sensitivity_v1_logit_f3,IC1,1000,25,25,cwdb_dr,mean_quantile_rmse,MEANQ-A-COMMON199,10,0.11371573014562597,0.02304395584379312,0.007287138676673356,0.10439132661211556
wcf_sensitivity_v1_logit_f3,IC1,1000,25,25,cwdb_dr,mean_quantile_rmse,MEANQ-A-INTERIOR,10,0.09417424708337238,0.019091209016405496,0.006037170377818424,0.0895961132371848
wcf_sensitivity_v1_logit_f3,IC1,1000,25,25,cwdb_dr,mean_quantile_rmse,MEANQ-A-K,10,0.09910381232427184,0.02684051019892667,0.008487714578958735,0.08852673865806132
wcf_sensitivity_v1_logit_f3,IC1,1000,25,25,cwdb_dr,mode_coverage,LAW-A-K,10,1.0,0.0,0.0,1.0
wcf_sensitivity_v1_logit_f3,IC1,1000,25,25,cwdb_dr,peak_ram,NONE_OPERATIONAL,10,56.22265625,71.18123725907896,22.509483640753043,3.76171875
wcf_sensitivity_v1_logit_f3,IC1,1000,25,25,cwdb_dr,process_peak_ram,NONE_OPERATIONAL,10,918.426953125,16.101683068084974,5.091799265731656,918.5859375
wcf_sensitivity_v1_logit_f3,IC1,1000,25,25,cwdb_dr,reference_effect_rmse,REF-ATE-COMMON199,10,0.009022789034237408,0.007794347237028129,0.002464789014324918,0.006612140818664444
wcf_sensitivity_v1_logit_f3,IC1,1000,25,25,cwdb_dr,reference_effect_rmse,REF-ATE-K,10,0.013519169279304282,0.008621310681141362,0.0027262978168344364,0.010288826159752781
wcf_sensitivity_v1_logit_f3,IC1,1000,25,25,cwdb_dr,reference_tcate_rmse,REF-TCATE-COMMON199,10,0.02591413065188495,0.01057511385492176,0.0033441446297156193,0.02468265702744401
wcf_sensitivity_v1_logit_f3,IC1,1000,25,25,cwdb_dr,reference_tcate_rmse,REF-TCATE-INTERIOR,10,0.028910992073276732,0.011431908317503174,0.003615086828553337,0.023510229422401527
wcf_sensitivity_v1_logit_f3,IC1,1000,25,25,cwdb_dr,reference_tcate_rmse,REF-TCATE-K,10,0.02805222488235957,0.0099062672931225,0.003132636775669796,0.02324220518288935
wcf_sensitivity_v1_logit_f3,IC1,1000,25,25,cwdb_dr,runtime,NONE_OPERATIONAL,10,1188.8647715619002,90.82570057786937,28.721608390653856,1164.3094879525001
wcf_sensitivity_v1_logit_f3,IC1,1000,25,25,cwdb_dr,tail_calibration,LAW-A-K,10,0.0001543850078488712,0.0003729919497344828,0.0001179504110068002,4.008949906116666e-05
wcf_sensitivity_v1_logit_f3,IC1,1000,25,25,cwdb_dr,tate_functional_rmse,TATE-COMMON199-grid_mean,10,0.017974860528545078,0.012553281346233828,0.003969696116300367,0.01644765752714772
wcf_sensitivity_v1_logit_f3,IC1,1000,25,25,cwdb_dr,tate_functional_rmse,TATE-COMMON199-grid_sd,10,0.023277829914366877,0.010942425972403523,0.0034602989200577913,0.02435232115416951
wcf_sensitivity_v1_logit_f3,IC1,1000,25,25,cwdb_dr,tate_functional_rmse,TATE-COMMON199-grid_skewness,10,0.18799439880809524,0.0068415165018475155,0.0021634774795465717,0.19036821326463163
wcf_sensitivity_v1_logit_f3,IC1,1000,25,25,cwdb_dr,tate_functional_rmse,TATE-COMMON199-grid_upper_tail_mean,10,0.020708518140348794,0.015823055438503392,0.005003689472878505,0.016999337040487075
wcf_sensitivity_v1_logit_f3,IC1,1000,25,25,cwdb_dr,tate_functional_rmse,TATE-K-grid_mean,10,0.01485477330816678,0.011685309226501898,0.0036952192319126397,0.01378945378654195
wcf_sensitivity_v1_logit_f3,IC1,1000,25,25,cwdb_dr,tate_functional_rmse,TATE-K-grid_sd,10,0.009394568873473414,0.006986008220700976,0.0022091697730075343,0.009622454745433702
wcf_sensitivity_v1_logit_f3,IC1,1000,25,25,cwdb_dr,tate_functional_rmse,TATE-K-grid_skewness,10,0.004923316440854452,0.0035824968260868904,0.0011328849680758697,0.003528193641105848
wcf_sensitivity_v1_logit_f3,IC1,1000,25,25,cwdb_dr,tate_functional_rmse,TATE-K-grid_upper_tail_mean,10,0.01779207534890813,0.010524753986598306,0.0033282194410587914,0.014357479955696334
wcf_sensitivity_v1_logit_f3,IC1,1000,25,25,cwdb_dr,tcate_functional_rmse,TCATE-COMMON199-grid_mean,10,0.03316772927824887,0.014660625356547408,0.004636096804910794,0.035725248331072504
wcf_sensitivity_v1_logit_f3,IC1,1000,25,25,cwdb_dr,tcate_functional_rmse,TCATE-COMMON199-grid_sd,10,0.029590012200908827,0.00989428880283888,0.0031288488444471524,0.02838059722984567
wcf_sensitivity_v1_logit_f3,IC1,1000,25,25,cwdb_dr,tcate_functional_rmse,TCATE-COMMON199-grid_skewness,10,0.18831682935184121,0.006666530134063173,0.002108141931378728,0.19036899816562752
wcf_sensitivity_v1_logit_f3,IC1,1000,25,25,cwdb_dr,tcate_functional_rmse,TCATE-COMMON199-grid_upper_tail_mean,10,0.038624039515659646,0.015988602557973745,0.005056040068639137,0.03889009527507212
wcf_sensitivity_v1_logit_f3,IC1,1000,25,25,cwdb_dr,tcate_functional_rmse,TCATE-K-grid_mean,10,0.03177707668518367,0.013968442281573248,0.004417209297437051,0.03301583071281775
wcf_sensitivity_v1_logit_f3,IC1,1000,25,25,cwdb_dr,tcate_functional_rmse,TCATE-K-grid_sd,10,0.02057220363573093,0.00680049194438629,0.002150504375388779,0.01963121205018358
wcf_sensitivity_v1_logit_f3,IC1,1000,25,25,cwdb_dr,tcate_functional_rmse,TCATE-K-grid_skewness,10,0.010698927874776235,0.00397933406341559,0.001258375921108618,0.009892588541538794
wcf_sensitivity_v1_logit_f3,IC1,1000,25,25,cwdb_dr,tcate_functional_rmse,TCATE-K-grid_upper_tail_mean,10,0.03640880112010335,0.013939203786328057,0.00440796327340397,0.03315999515954467
wcf_sensitivity_v1_logit_f3,IC1,1000,49,5,cwdb_dr,arm_energy_risk,LAW-A-M-K,10,0.05362065280497935,0.004690044543271007,0.0014831223084380515,0.05441203928828048
wcf_sensitivity_v1_logit_f3,IC1,1000,49,5,cwdb_dr,barycenter_rmse,MEANQ-A-K,10,0.14955303848327184,0.007551262948056038,0.0023879190126694823,0.15354032610375073
wcf_sensitivity_v1_logit_f3,IC1,1000,49,5,cwdb_dr,diagnostic_dense_dr_n_levels,NONE_OPERATIONAL,10,199.0,0.0,0.0,199.0
wcf_sensitivity_v1_logit_f3,IC1,1000,49,5,cwdb_dr,diagnostic_dr_if_se_reference,NONE_OPERATIONAL,10,0.01760547667401279,0.0016639238488367373,0.0005261789215397801,0.01750378610283842
wcf_sensitivity_v1_logit_f3,IC1,1000,49,5,cwdb_dr,diagnostic_effective_support,NONE_OPERATIONAL,10,4.999999999999999,0.0,0.0,4.999999999999999
wcf_sensitivity_v1_logit_f3,IC1,1000,49,5,cwdb_dr,diagnostic_ehat_mean,NONE_OPERATIONAL,10,0.49945202048356263,0.013188252302031188,0.004170491563137742,0.4992988000059672
wcf_sensitivity_v1_logit_f3,IC1,1000,49,5,cwdb_dr,diagnostic_n_boosting_steps,NONE_OPERATIONAL,10,100.0,0.0,0.0,100.0
wcf_sensitivity_v1_logit_f3,IC1,1000,49,5,cwdb_dr,diagnostic_selected_contrast_shrinkage,NONE_OPERATIONAL,10,85.0,147.290340635238,46.5772953749404,50.0
wcf_sensitivity_v1_logit_f3,IC1,1000,49,5,cwdb_dr,diagnostic_train_risk,NONE_OPERATIONAL,10,0.07034755907591198,0.008699879413671745,0.0027511434316012935,0.07068914398425039
wcf_sensitivity_v1_logit_f3,IC1,1000,49,5,cwdb_dr,kernel_law_error,LAW-A-COMMON199,10,0.03487722503012848,0.0020496856397457107,0.0006481675108935793,0.03524457589091817
wcf_sensitivity_v1_logit_f3,IC1,1000,49,5,cwdb_dr,kernel_law_error,LAW-A-INTERIOR,10,0.01973440950729251,0.0024494864373456647,0.0007745956239703628,0.020094101645590366
wcf_sensitivity_v1_logit_f3,IC1,1000,49,5,cwdb_dr,kernel_law_error,LAW-A-K,10,0.017007730263828576,0.00199309056567626,0.0006302705770530395,0.017365621952314877
wcf_sensitivity_v1_logit_f3,IC1,1000,49,5,cwdb_dr,mean_quantile_rmse,MEANQ-A-COMMON199,10,0.10383988443330572,0.026284326469699717,0.008311833840770382,0.09072662536162665
wcf_sensitivity_v1_logit_f3,IC1,1000,49,5,cwdb_dr,mean_quantile_rmse,MEANQ-A-INTERIOR,10,0.09237849588551761,0.021254492970467047,0.00672126082987138,0.0822347786425913
wcf_sensitivity_v1_logit_f3,IC1,1000,49,5,cwdb_dr,mean_quantile_rmse,MEANQ-A-K,10,0.09692112916968483,0.027916898801677165,0.00882809854217251,0.08303437524052085
wcf_sensitivity_v1_logit_f3,IC1,1000,49,5,cwdb_dr,mode_coverage,LAW-A-K,10,1.0,0.0,0.0,1.0
wcf_sensitivity_v1_logit_f3,IC1,1000,49,5,cwdb_dr,peak_ram,NONE_OPERATIONAL,10,0.0,0.0,0.0,0.0
wcf_sensitivity_v1_logit_f3,IC1,1000,49,5,cwdb_dr,process_peak_ram,NONE_OPERATIONAL,10,669.234765625,12.07740170867088,3.8192097616209337,665.4765625
wcf_sensitivity_v1_logit_f3,IC1,1000,49,5,cwdb_dr,reference_effect_rmse,REF-ATE-COMMON199,10,0.00961167902817658,0.005845473951228387,0.0018485011689065715,0.008894163605961486
wcf_sensitivity_v1_logit_f3,IC1,1000,49,5,cwdb_dr,reference_effect_rmse,REF-ATE-K,10,0.012846497570924913,0.008254935945751081,0.0026104399527369575,0.010286217234736716
wcf_sensitivity_v1_logit_f3,IC1,1000,49,5,cwdb_dr,reference_tcate_rmse,REF-TCATE-COMMON199,10,0.023473318198155776,0.006194615348398692,0.0019589093729577346,0.023843960599990246
wcf_sensitivity_v1_logit_f3,IC1,1000,49,5,cwdb_dr,reference_tcate_rmse,REF-TCATE-INTERIOR,10,0.026831515448545014,0.008625405886247108,0.002727592834396407,0.02843949861188731
wcf_sensitivity_v1_logit_f3,IC1,1000,49,5,cwdb_dr,reference_tcate_rmse,REF-TCATE-K,10,0.025309065728102525,0.005651069538279868,0.0017870250956960462,0.024285951689078423
wcf_sensitivity_v1_logit_f3,IC1,1000,49,5,cwdb_dr,runtime,NONE_OPERATIONAL,10,309.99264405290086,5.33807619934546,1.6880479113466675,311.6689751025042
wcf_sensitivity_v1_logit_f3,IC1,1000,49,5,cwdb_dr,tail_calibration,LAW-A-K,10,4.8715881928507176e-08,3.601074193843702e-08,1.1387596475800793e-08,4.6435703991154486e-08
wcf_sensitivity_v1_logit_f3,IC1,1000,49,5,cwdb_dr,tate_functional_rmse,TATE-COMMON199-grid_mean,10,0.014237638449659275,0.009529382265735195,0.0030134552654139143,0.011766616260824522
wcf_sensitivity_v1_logit_f3,IC1,1000,49,5,cwdb_dr,tate_functional_rmse,TATE-COMMON199-grid_sd,10,0.011859558120398999,0.009445108388953157,0.0029868055256255517,0.009107112338569739
wcf_sensitivity_v1_logit_f3,IC1,1000,49,5,cwdb_dr,tate_functional_rmse,TATE-COMMON199-grid_skewness,10,0.11628576317231572,0.008301599539227501,0.0026251962766563235,0.11879490273553245
wcf_sensitivity_v1_logit_f3,IC1,1000,49,5,cwdb_dr,tate_functional_rmse,TATE-COMMON199-grid_upper_tail_mean,10,0.015432402251056219,0.012214607655737654,0.003862598091746084,0.013512661920088181
wcf_sensitivity_v1_logit_f3,IC1,1000,49,5,cwdb_dr,tate_functional_rmse,TATE-K-grid_mean,10,0.013799942244358451,0.008413009854969922,0.00266042731191478,0.012802475104155081
wcf_sensitivity_v1_logit_f3,IC1,1000,49,5,cwdb_dr,tate_functional_rmse,TATE-K-grid_sd,10,0.010246904129447862,0.006070560117973806,0.0019196796645777688,0.01158469438870988
wcf_sensitivity_v1_logit_f3,IC1,1000,49,5,cwdb_dr,tate_functional_rmse,TATE-K-grid_skewness,10,0.006375474810141913,0.005926773265342307,0.0018742102693875174,0.003953848306907259
wcf_sensitivity_v1_logit_f3,IC1,1000,49,5,cwdb_dr,tate_functional_rmse,TATE-K-grid_upper_tail_mean,10,0.014844851361921107,0.009862064429009764,0.00311865860269988,0.01346764056914422
wcf_sensitivity_v1_logit_f3,IC1,1000,49,5,cwdb_dr,tcate_functional_rmse,TCATE-COMMON199-grid_mean,10,0.030872288620567366,0.011080148151876074,0.0035038504972033663,0.032673159555367
wcf_sensitivity_v1_logit_f3,IC1,1000,49,5,cwdb_dr,tcate_functional_rmse,TCATE-COMMON199-grid_sd,10,0.024665064085585244,0.005409474575534768,0.0017106260603462424,0.024476641487874234
wcf_sensitivity_v1_logit_f3,IC1,1000,49,5,cwdb_dr,tcate_functional_rmse,TCATE-COMMON199-grid_skewness,10,0.11726956317537304,0.008296581042796949,0.0026236092887413267,0.11895613256608983
wcf_sensitivity_v1_logit_f3,IC1,1000,49,5,cwdb_dr,tcate_functional_rmse,TCATE-COMMON199-grid_upper_tail_mean,10,0.038578451705235134,0.008670445491658478,0.0027418356081979245,0.039400211834592684
wcf_sensitivity_v1_logit_f3,IC1,1000,49,5,cwdb_dr,tcate_functional_rmse,TCATE-K-grid_mean,10,0.030221330917627402,0.011142159592943242,0.0035234602366795214,0.03151555600317053
wcf_sensitivity_v1_logit_f3,IC1,1000,49,5,cwdb_dr,tcate_functional_rmse,TCATE-K-grid_sd,10,0.022715494978115328,0.007045141358492039,0.0022278693130687683,0.021918952445156813
wcf_sensitivity_v1_logit_f3,IC1,1000,49,5,cwdb_dr,tcate_functional_rmse,TCATE-K-grid_skewness,10,0.015017851706632035,0.005429153801999269,0.0017168491781680507,0.015807417676511188
wcf_sensitivity_v1_logit_f3,IC1,1000,49,5,cwdb_dr,tcate_functional_rmse,TCATE-K-grid_upper_tail_mean,10,0.03763327986113767,0.008189642753275042,0.0025897924323441523,0.03780911194227618
wcf_sensitivity_v1_logit_f3,IC1,1000,49,10,causal_drf,arm_energy_risk,LAW-A-M-K,10,0.07105719041269694,0.005106699749573836,0.00161488025352648,0.07222958124041817
wcf_sensitivity_v1_logit_f3,IC1,1000,49,10,causal_drf,barycenter_rmse,MEANQ-A-K,10,0.2651196771014443,0.01331636697501303,0.004211004979968768,0.26515568671032674
wcf_sensitivity_v1_logit_f3,IC1,1000,49,10,causal_drf,diagnostic_effective_support,NONE_OPERATIONAL,10,133.2046731918209,4.765164723713961,1.5068773952823087,133.0320490960578
wcf_sensitivity_v1_logit_f3,IC1,1000,49,10,causal_drf,kernel_law_error,LAW-A-COMMON199,10,0.06275907227001953,0.0034713527761807217,0.001097738133467978,0.06345302065844376
wcf_sensitivity_v1_logit_f3,IC1,1000,49,10,causal_drf,kernel_law_error,LAW-A-INTERIOR,10,0.06882152808516419,0.004852291613226674,0.0015344293369129096,0.07063300059698166
wcf_sensitivity_v1_logit_f3,IC1,1000,49,10,causal_drf,kernel_law_error,LAW-A-K,10,0.04740813752188977,0.0036472077908483174,0.00115334837189917,0.048259269132873296
wcf_sensitivity_v1_logit_f3,IC1,1000,49,10,causal_drf,mean_quantile_rmse,MEANQ-A-COMMON199,10,0.15013352835501156,0.032250826393236204,0.010198606782529958,0.14405843957731074
wcf_sensitivity_v1_logit_f3,IC1,1000,49,10,causal_drf,mean_quantile_rmse,MEANQ-A-INTERIOR,10,0.14971859017659672,0.03464350169089548,0.010955237146712425,0.14318693156601664
wcf_sensitivity_v1_logit_f3,IC1,1000,49,10,causal_drf,mean_quantile_rmse,MEANQ-A-K,10,0.14591929731188463,0.0331620652580472,0.01048676581305686,0.1400356419132905
wcf_sensitivity_v1_logit_f3,IC1,1000,49,10,causal_drf,mode_coverage,LAW-A-K,10,1.0,0.0,0.0,1.0
wcf_sensitivity_v1_logit_f3,IC1,1000,49,10,causal_drf,peak_ram,NONE_OPERATIONAL,10,404.07462,2.287290010665224,0.7233046103052931,404.1387
wcf_sensitivity_v1_logit_f3,IC1,1000,49,10,causal_drf,process_peak_ram,NONE_OPERATIONAL,10,631.605859375,13.192229546855904,4.171749278383564,628.26953125
wcf_sensitivity_v1_logit_f3,IC1,1000,49,10,causal_drf,reference_effect_rmse,REF-ATE-COMMON199,10,0.11334630227027098,0.029922478044568594,0.009462318385721808,0.1090974090638057
wcf_sensitivity_v1_logit_f3,IC1,1000,49,10,causal_drf,reference_effect_rmse,REF-ATE-K,10,0.1057748569303131,0.02982174449368539,0.009430463639963067,0.10161165567844017
wcf_sensitivity_v1_logit_f3,IC1,1000,49,10,causal_drf,reference_tcate_rmse,REF-TCATE-COMMON199,10,0.11370810113671515,0.029878033144734667,0.009448263674336483,0.10948542248398152
wcf_sensitivity_v1_logit_f3,IC1,1000,49,10,causal_drf,reference_tcate_rmse,REF-TCATE-INTERIOR,10,0.12381537805375306,0.03215656681888234,0.010168799287906339,0.11708955146354577
wcf_sensitivity_v1_logit_f3,IC1,1000,49,10,causal_drf,reference_tcate_rmse,REF-TCATE-K,10,0.10616212533670895,0.029765684148580693,0.009412735802268478,0.10201964859985138
wcf_sensitivity_v1_logit_f3,IC1,1000,49,10,causal_drf,runtime,NONE_OPERATIONAL,10,55.5766,1.5935644323340055,0.503929320440873,56.122
wcf_sensitivity_v1_logit_f3,IC1,1000,49,10,causal_drf,tail_calibration,LAW-A-K,10,4.87158820237088e-08,3.601074193373314e-08,1.1387596474313297e-08,4.6435704067343544e-08
wcf_sensitivity_v1_logit_f3,IC1,1000,49,10,causal_drf,tate_functional_rmse,TATE-COMMON199-grid_mean,10,0.12926858167247052,0.03464336721373535,0.010955194621300497,0.12109533068845459
wcf_sensitivity_v1_logit_f3,IC1,1000,49,10,causal_drf,tate_functional_rmse,TATE-COMMON199-grid_sd,10,0.021519153836719793,0.012412690455613044,0.003925237373037039,0.016063021133147733
wcf_sensitivity_v1_logit_f3,IC1,1000,49,10,causal_drf,tate_functional_rmse,TATE-COMMON199-grid_skewness,10,0.16010273052365354,0.009210074553214353,0.0029124813008115013,0.159028659462404
wcf_sensitivity_v1_logit_f3,IC1,1000,49,10,causal_drf,tate_functional_rmse,TATE-COMMON199-grid_upper_tail_mean,10,0.12739148709607712,0.033784013419780344,0.01068344309082001,0.12373533963106095
wcf_sensitivity_v1_logit_f3,IC1,1000,49,10,causal_drf,tate_functional_rmse,TATE-K-grid_mean,10,0.13108754644132994,0.03464407033647846,0.010955416968234787,0.1229124681132504
wcf_sensitivity_v1_logit_f3,IC1,1000,49,10,causal_drf,tate_functional_rmse,TATE-K-grid_sd,10,0.009924603571211929,0.009537300900047677,0.0030159593574524547,0.008078916240694203
wcf_sensitivity_v1_logit_f3,IC1,1000,49,10,causal_drf,tate_functional_rmse,TATE-K-grid_skewness,10,0.04194599070737275,0.009333602291649928,0.0029515442015780958,0.04126384619713175
wcf_sensitivity_v1_logit_f3,IC1,1000,49,10,causal_drf,tate_functional_rmse,TATE-K-grid_upper_tail_mean,10,0.1314016051647781,0.033809705469517434,0.010691567630312765,0.127584571240158
wcf_sensitivity_v1_logit_f3,IC1,1000,49,10,causal_drf,tcate_functional_rmse,TCATE-COMMON199-grid_mean,10,0.12963975401856004,0.03464656870044823,0.010956207020291642,0.12165475763854242
wcf_sensitivity_v1_logit_f3,IC1,1000,49,10,causal_drf,tcate_functional_rmse,TCATE-COMMON199-grid_sd,10,0.021826110431797822,0.012141520387026004,0.0038394858680371267,0.016485103936744617
wcf_sensitivity_v1_logit_f3,IC1,1000,49,10,causal_drf,tcate_functional_rmse,TCATE-COMMON199-grid_skewness,10,0.16015062166441502,0.009197193648248734,0.0029084080010099485,0.15899957150763028
wcf_sensitivity_v1_logit_f3,IC1,1000,49,10,causal_drf,tcate_functional_rmse,TCATE-COMMON199-grid_upper_tail_mean,10,0.12772109411549956,0.03382564025000961,0.010696606650349773,0.12437784333609561
wcf_sensitivity_v1_logit_f3,IC1,1000,49,10,causal_drf,tcate_functional_rmse,TCATE-K-grid_mean,10,0.13145387966533034,0.034649744461722976,0.010957211284184958,0.12346540937266577
wcf_sensitivity_v1_logit_f3,IC1,1000,49,10,causal_drf,tcate_functional_rmse,TCATE-K-grid_sd,10,0.01077631043357314,0.00887453799396544,0.002806375324263241,0.00954606780699444
wcf_sensitivity_v1_logit_f3,IC1,1000,49,10,causal_drf,tcate_functional_rmse,TCATE-K-grid_skewness,10,0.04213456102682186,0.009225314277779785,0.00291730052486554,0.04143063172792724
wcf_sensitivity_v1_logit_f3,IC1,1000,49,10,causal_drf,tcate_functional_rmse,TCATE-K-grid_upper_tail_mean,10,0.1317222849817276,0.03385751417294313,0.010706686069793234,0.1282184755217694
wcf_sensitivity_v1_logit_f3,IC1,1000,49,10,cwdb_dr,arm_energy_risk,LAW-A-M-K,10,0.047251424879794425,0.004181187975069193,0.0013222077326525972,0.04861054997103045
wcf_sensitivity_v1_logit_f3,IC1,1000,49,10,cwdb_dr,barycenter_rmse,MEANQ-A-K,10,0.14900183239216125,0.0069981833588486945,0.0022130198897449336,0.14847708421855188
wcf_sensitivity_v1_logit_f3,IC1,1000,49,10,cwdb_dr,diagnostic_dense_dr_n_levels,NONE_OPERATIONAL,10,199.0,0.0,0.0,199.0
wcf_sensitivity_v1_logit_f3,IC1,1000,49,10,cwdb_dr,diagnostic_dr_if_se_reference,NONE_OPERATIONAL,10,0.017802392414183868,0.0016578743858196776,0.0005242659133642939,0.01765885751837297
wcf_sensitivity_v1_logit_f3,IC1,1000,49,10,cwdb_dr,diagnostic_effective_support,NONE_OPERATIONAL,10,9.999999999999998,0.0,0.0,9.999999999999998
wcf_sensitivity_v1_logit_f3,IC1,1000,49,10,cwdb_dr,diagnostic_ehat_mean,NONE_OPERATIONAL,10,0.49945202048356263,0.013188252302031188,0.004170491563137742,0.4992988000059672
wcf_sensitivity_v1_logit_f3,IC1,1000,49,10,cwdb_dr,diagnostic_n_boosting_steps,NONE_OPERATIONAL,10,100.0,0.0,0.0,100.0
wcf_sensitivity_v1_logit_f3,IC1,1000,49,10,cwdb_dr,diagnostic_selected_contrast_shrinkage,NONE_OPERATIONAL,10,40.0,21.081851067789195,6.666666666666666,50.0
wcf_sensitivity_v1_logit_f3,IC1,1000,49,10,cwdb_dr,diagnostic_train_risk,NONE_OPERATIONAL,10,0.07105461648627484,0.006327137570954668,0.002000816579344197,0.07194742892749846
wcf_sensitivity_v1_logit_f3,IC1,1000,49,10,cwdb_dr,kernel_law_error,LAW-A-COMMON199,10,0.034237816573563964,0.00223756060332224,0.0007075787909158799,0.034632863828575236
wcf_sensitivity_v1_logit_f3,IC1,1000,49,10,cwdb_dr,kernel_law_error,LAW-A-INTERIOR,10,0.019576419563916224,0.0022709121178266715,0.0007181254658408945,0.02067856484211763
wcf_sensitivity_v1_logit_f3,IC1,1000,49,10,cwdb_dr,kernel_law_error,LAW-A-K,10,0.01679361499064177,0.0020613460101921097,0.0006518548437907728,0.01747603114237383
wcf_sensitivity_v1_logit_f3,IC1,1000,49,10,cwdb_dr,mean_quantile_rmse,MEANQ-A-COMMON199,10,0.10196996641768981,0.01807105983826726,0.005714570882211856,0.09565130869735974
wcf_sensitivity_v1_logit_f3,IC1,1000,49,10,cwdb_dr,mean_quantile_rmse,MEANQ-A-INTERIOR,10,0.0902770800444124,0.01014804140213002,0.0032090924620419557,0.08763623444869428
wcf_sensitivity_v1_logit_f3,IC1,1000,49,10,cwdb_dr,mean_quantile_rmse,MEANQ-A-K,10,0.09520112272410197,0.01884500616260617,0.005959314199374492,0.08924084892470613
wcf_sensitivity_v1_logit_f3,IC1,1000,49,10,cwdb_dr,mode_coverage,LAW-A-K,10,1.0,0.0,0.0,1.0
wcf_sensitivity_v1_logit_f3,IC1,1000,49,10,cwdb_dr,peak_ram,NONE_OPERATIONAL,10,0.0,0.0,0.0,0.0
wcf_sensitivity_v1_logit_f3,IC1,1000,49,10,cwdb_dr,process_peak_ram,NONE_OPERATIONAL,10,790.17265625,17.111838455484726,5.411238447218953,793.19140625
wcf_sensitivity_v1_logit_f3,IC1,1000,49,10,cwdb_dr,reference_effect_rmse,REF-ATE-COMMON199,10,0.008478574639851855,0.0061708864105917815,0.0019514056239651027,0.006863700179744789
wcf_sensitivity_v1_logit_f3,IC1,1000,49,10,cwdb_dr,reference_effect_rmse,REF-ATE-K,10,0.014078076729709742,0.006742797326281607,0.0021322597351943404,0.013577327525229096
wcf_sensitivity_v1_logit_f3,IC1,1000,49,10,cwdb_dr,reference_tcate_rmse,REF-TCATE-COMMON199,10,0.024222372631686334,0.007557195935053152,0.0023897951878933867,0.023394485494271516
wcf_sensitivity_v1_logit_f3,IC1,1000,49,10,cwdb_dr,reference_tcate_rmse,REF-TCATE-INTERIOR,10,0.02696426728543495,0.009652663137847912,0.0030524401001947262,0.0243372906369849
wcf_sensitivity_v1_logit_f3,IC1,1000,49,10,cwdb_dr,reference_tcate_rmse,REF-TCATE-K,10,0.026510617471535953,0.00767155313815994,0.00242595811075978,0.025452162330187475
wcf_sensitivity_v1_logit_f3,IC1,1000,49,10,cwdb_dr,runtime,NONE_OPERATIONAL,10,787.7930403196981,52.834997030001475,16.707893078303634,797.7247388224969
wcf_sensitivity_v1_logit_f3,IC1,1000,49,10,cwdb_dr,tail_calibration,LAW-A-K,10,5.004871333373529e-05,0.00015810171206265844,4.999615120901183e-05,4.988975230074688e-08
wcf_sensitivity_v1_logit_f3,IC1,1000,49,10,cwdb_dr,tate_functional_rmse,TATE-COMMON199-grid_mean,10,0.016898683649602786,0.010141073387265963,0.003206888982267923,0.014706192229061915
wcf_sensitivity_v1_logit_f3,IC1,1000,49,10,cwdb_dr,tate_functional_rmse,TATE-COMMON199-grid_sd,10,0.01197306025019821,0.009763808690483395,0.0030875874100073516,0.011898765072640424
wcf_sensitivity_v1_logit_f3,IC1,1000,49,10,cwdb_dr,tate_functional_rmse,TATE-COMMON199-grid_skewness,10,0.11779627473679222,0.007424576345660724,0.002347857191409749,0.12033338734371657
wcf_sensitivity_v1_logit_f3,IC1,1000,49,10,cwdb_dr,tate_functional_rmse,TATE-COMMON199-grid_upper_tail_mean,10,0.017416802778350633,0.012980962501653273,0.0041049407726461585,0.015182362360605148
wcf_sensitivity_v1_logit_f3,IC1,1000,49,10,cwdb_dr,tate_functional_rmse,TATE-K-grid_mean,10,0.015619083342700823,0.009393311549366628,0.0029704259267563714,0.012417969646960056
wcf_sensitivity_v1_logit_f3,IC1,1000,49,10,cwdb_dr,tate_functional_rmse,TATE-K-grid_sd,10,0.008389038621590171,0.0060529467999990115,0.0019141098443824552,0.008187387103197434
wcf_sensitivity_v1_logit_f3,IC1,1000,49,10,cwdb_dr,tate_functional_rmse,TATE-K-grid_skewness,10,0.005612539074598466,0.004472116166526871,0.0014142073047085776,0.0038097929002560704
wcf_sensitivity_v1_logit_f3,IC1,1000,49,10,cwdb_dr,tate_functional_rmse,TATE-K-grid_upper_tail_mean,10,0.014863899059181904,0.01089051161382899,0.00344388215842157,0.010013404710970591
wcf_sensitivity_v1_logit_f3,IC1,1000,49,10,cwdb_dr,tcate_functional_rmse,TCATE-COMMON199-grid_mean,10,0.030326828529847867,0.012877375187620593,0.004072183587741919,0.0316563806774601
wcf_sensitivity_v1_logit_f3,IC1,1000,49,10,cwdb_dr,tcate_functional_rmse,TCATE-COMMON199-grid_sd,10,0.025396754050111103,0.007580937985827807,0.002397303083570514,0.024587291322379703
wcf_sensitivity_v1_logit_f3,IC1,1000,49,10,cwdb_dr,tcate_functional_rmse,TCATE-COMMON199-grid_skewness,10,0.11844529993268842,0.007101710180740861,0.002245757945354717,0.12062089919772695
wcf_sensitivity_v1_logit_f3,IC1,1000,49,10,cwdb_dr,tcate_functional_rmse,TCATE-COMMON199-grid_upper_tail_mean,10,0.036933486794331886,0.014171726850485532,0.004481493522529878,0.03457531112180577
wcf_sensitivity_v1_logit_f3,IC1,1000,49,10,cwdb_dr,tcate_functional_rmse,TCATE-K-grid_mean,10,0.029513313258788122,0.012629205361884381,0.003993705398156569,0.03046312653025411
wcf_sensitivity_v1_logit_f3,IC1,1000,49,10,cwdb_dr,tcate_functional_rmse,TCATE-K-grid_sd,10,0.02294657016275699,0.007996522017326911,0.0025287222934437473,0.02113123302293983
wcf_sensitivity_v1_logit_f3,IC1,1000,49,10,cwdb_dr,tcate_functional_rmse,TCATE-K-grid_skewness,10,0.012310704398753026,0.004938175899530549,0.0015615883329067348,0.011988662101470232
wcf_sensitivity_v1_logit_f3,IC1,1000,49,10,cwdb_dr,tcate_functional_rmse,TCATE-K-grid_upper_tail_mean,10,0.03555948070397657,0.013363001635955628,0.004225752154617598,0.03272823742896487
wcf_sensitivity_v1_logit_f3,IC1,1000,49,10,drf,arm_energy_risk,LAW-A-M-K,10,0.08266913294781177,0.005255259652800351,0.0016618590198434783,0.0806774495579477
wcf_sensitivity_v1_logit_f3,IC1,1000,49,10,drf,barycenter_rmse,MEANQ-A-K,10,0.2921048166289736,0.010795488823289533,0.0034138333136485913,0.29219131493495454
wcf_sensitivity_v1_logit_f3,IC1,1000,49,10,drf,diagnostic_effective_support,NONE_OPERATIONAL,10,225.35149793648438,1.7860456234200064,0.5647972174982592,225.24454806815007
wcf_sensitivity_v1_logit_f3,IC1,1000,49,10,drf,kernel_law_error,LAW-A-COMMON199,10,0.07211740662822261,0.0032625261512922517,0.0010317013563946608,0.07191811894210438
wcf_sensitivity_v1_logit_f3,IC1,1000,49,10,drf,kernel_law_error,LAW-A-INTERIOR,10,0.08096197110305865,0.004538934150958411,0.0014353370066551114,0.07938663828545278
wcf_sensitivity_v1_logit_f3,IC1,1000,49,10,drf,kernel_law_error,LAW-A-K,10,0.056992609085303,0.0034542278301768043,0.0010923227500500001,0.0557329442386645
wcf_sensitivity_v1_logit_f3,IC1,1000,49,10,drf,mean_quantile_rmse,MEANQ-A-COMMON199,10,0.18530371926419006,0.017099727780422545,0.005407408715499083,0.18632651153213067
wcf_sensitivity_v1_logit_f3,IC1,1000,49,10,drf,mean_quantile_rmse,MEANQ-A-INTERIOR,10,0.18710128163149836,0.0180141621958845,0.00569657826786953,0.18823538872023843
wcf_sensitivity_v1_logit_f3,IC1,1000,49,10,drf,mean_quantile_rmse,MEANQ-A-K,10,0.18224131543296224,0.017508375922940845,0.005536634604694576,0.18342349089632537
wcf_sensitivity_v1_logit_f3,IC1,1000,49,10,drf,mode_coverage,LAW-A-K,10,1.0,0.0,0.0,1.0
wcf_sensitivity_v1_logit_f3,IC1,1000,49,10,drf,peak_ram,NONE_OPERATIONAL,10,544.78,8.25386104936485,2.61010004065404,544.8
wcf_sensitivity_v1_logit_f3,IC1,1000,49,10,drf,process_peak_ram,NONE_OPERATIONAL,10,638.451171875,32.22722954118164,10.191144802719716,628.26953125
wcf_sensitivity_v1_logit_f3,IC1,1000,49,10,drf,reference_effect_rmse,REF-ATE-COMMON199,10,0.1410721020951925,0.016966806713955958,0.0053653753835937795,0.1402689863675835
wcf_sensitivity_v1_logit_f3,IC1,1000,49,10,drf,reference_effect_rmse,REF-ATE-K,10,0.13330626931638523,0.01697160212752962,0.005366891826515305,0.13242165676534345
wcf_sensitivity_v1_logit_f3,IC1,1000,49,10,drf,reference_tcate_rmse,REF-TCATE-COMMON199,10,0.14119409779476386,0.01694249428403445,0.005357687118193261,0.1404453004988206
wcf_sensitivity_v1_logit_f3,IC1,1000,49,10,drf,reference_tcate_rmse,REF-TCATE-INTERIOR,10,0.1557690379109612,0.016468234436584676,0.005207712986122732,0.15725164728653152
wcf_sensitivity_v1_logit_f3,IC1,1000,49,10,drf,reference_tcate_rmse,REF-TCATE-K,10,0.13343479977393377,0.016946617299837305,0.005358990930269849,0.132570381466721
wcf_sensitivity_v1_logit_f3,IC1,1000,49,10,drf,runtime,NONE_OPERATIONAL,10,39.3016,1.3890212541370432,0.43924708814566366,38.7735
wcf_sensitivity_v1_logit_f3,IC1,1000,49,10,drf,tail_calibration,LAW-A-K,10,4.8715881767830155e-08,3.601074194375263e-08,1.1387596477481738e-08,4.64357038217067e-08
wcf_sensitivity_v1_logit_f3,IC1,1000,49,10,drf,tate_functional_rmse,TATE-COMMON199-grid_mean,10,0.16462506911061503,0.01813893817009038,0.0057360358954452306,0.16856274288141926
wcf_sensitivity_v1_logit_f3,IC1,1000,49,10,drf,tate_functional_rmse,TATE-COMMON199-grid_sd,10,0.020944394043931665,0.01129172648743181,0.0035707574415937177,0.016348767983811945
wcf_sensitivity_v1_logit_f3,IC1,1000,49,10,drf,tate_functional_rmse,TATE-COMMON199-grid_skewness,10,0.16757494074503898,0.003960934646309548,0.0012525575145411623,0.16773683136594292
wcf_sensitivity_v1_logit_f3,IC1,1000,49,10,drf,tate_functional_rmse,TATE-COMMON199-grid_upper_tail_mean,10,0.16387118958771324,0.01808745302378889,0.0057197548626472606,0.16676665927213297
wcf_sensitivity_v1_logit_f3,IC1,1000,49,10,drf,tate_functional_rmse,TATE-K-grid_mean,10,0.16644393592701243,0.018135869177418603,0.005735065394748713,0.1703709832815964
wcf_sensitivity_v1_logit_f3,IC1,1000,49,10,drf,tate_functional_rmse,TATE-K-grid_sd,10,0.009347351609517645,0.008292530481363134,0.0026223283887479975,0.006975877554370118
wcf_sensitivity_v1_logit_f3,IC1,1000,49,10,drf,tate_functional_rmse,TATE-K-grid_skewness,10,0.04966889727651048,0.003773277201925571,0.0011932150201271884,0.04884026106745287
wcf_sensitivity_v1_logit_f3,IC1,1000,49,10,drf,tate_functional_rmse,TATE-K-grid_upper_tail_mean,10,0.1678824355454858,0.018058969088492544,0.005710747451421129,0.17075397937933245
wcf_sensitivity_v1_logit_f3,IC1,1000,49,10,drf,tcate_functional_rmse,TCATE-COMMON199-grid_mean,10,0.16471356650005817,0.018116430787556224,0.005728918436147568,0.1686495934761929
wcf_sensitivity_v1_logit_f3,IC1,1000,49,10,drf,tcate_functional_rmse,TCATE-COMMON199-grid_sd,10,0.021025593051199783,0.0112496791842504,0.0035574609168416275,0.01646844723026486
wcf_sensitivity_v1_logit_f3,IC1,1000,49,10,drf,tcate_functional_rmse,TCATE-COMMON199-grid_skewness,10,0.16762205499168717,0.0039974272064117996,0.0012640974752985326,0.16777907633283817
wcf_sensitivity_v1_logit_f3,IC1,1000,49,10,drf,tcate_functional_rmse,TCATE-COMMON199-grid_upper_tail_mean,10,0.16394371572858116,0.018111231357438178,0.005727274231976778,0.1668785267391279
wcf_sensitivity_v1_logit_f3,IC1,1000,49,10,drf,tcate_functional_rmse,TCATE-K-grid_mean,10,0.1665319617753575,0.018113634570998825,0.005728034194832323,0.17045823403436122
wcf_sensitivity_v1_logit_f3,IC1,1000,49,10,drf,tcate_functional_rmse,TCATE-K-grid_sd,10,0.009640564478562215,0.00802472603903304,0.0025376411882205665,0.007045906711211698
wcf_sensitivity_v1_logit_f3,IC1,1000,49,10,drf,tcate_functional_rmse,TCATE-K-grid_skewness,10,0.04974769461446524,0.003780167722330926,0.001195393994001667,0.04893977807061825
wcf_sensitivity_v1_logit_f3,IC1,1000,49,10,drf,tcate_functional_rmse,TCATE-K-grid_upper_tail_mean,10,0.16795448145925,0.01808183665110507,0.005717978809660338,0.17086655281706675
wcf_sensitivity_v1_logit_f3,IC1,1000,49,25,cwdb_dr,arm_energy_risk,LAW-A-M-K,10,0.04580329566450772,0.0034841020310819476,0.0011017698018637718,0.045640268641250425
wcf_sensitivity_v1_logit_f3,IC1,1000,49,25,cwdb_dr,barycenter_rmse,MEANQ-A-K,10,0.1534593026591923,0.007936164101915057,0.0025096354446916234,0.1533765707071565
wcf_sensitivity_v1_logit_f3,IC1,1000,49,25,cwdb_dr,diagnostic_dense_dr_n_levels,NONE_OPERATIONAL,10,199.0,0.0,0.0,199.0
wcf_sensitivity_v1_logit_f3,IC1,1000,49,25,cwdb_dr,diagnostic_dr_if_se_reference,NONE_OPERATIONAL,10,0.017879635830403896,0.0019801970352580733,0.0006261932847328261,0.017124512019528623
wcf_sensitivity_v1_logit_f3,IC1,1000,49,25,cwdb_dr,diagnostic_effective_support,NONE_OPERATIONAL,10,25.0,0.0,0.0,25.0
wcf_sensitivity_v1_logit_f3,IC1,1000,49,25,cwdb_dr,diagnostic_ehat_mean,NONE_OPERATIONAL,10,0.49945202048356263,0.013188252302031188,0.004170491563137742,0.4992988000059672
wcf_sensitivity_v1_logit_f3,IC1,1000,49,25,cwdb_dr,diagnostic_n_boosting_steps,NONE_OPERATIONAL,10,100.0,0.0,0.0,100.0
wcf_sensitivity_v1_logit_f3,IC1,1000,49,25,cwdb_dr,diagnostic_selected_contrast_shrinkage,NONE_OPERATIONAL,10,85.0,147.290340635238,46.5772953749404,50.0
wcf_sensitivity_v1_logit_f3,IC1,1000,49,25,cwdb_dr,diagnostic_train_risk,NONE_OPERATIONAL,10,0.06671309318919957,0.005359009070430364,0.0016946674664061654,0.0677870762590087
wcf_sensitivity_v1_logit_f3,IC1,1000,49,25,cwdb_dr,kernel_law_error,LAW-A-COMMON199,10,0.03434950737699585,0.002084530866703354,0.0006591865391707445,0.034280996428047376
wcf_sensitivity_v1_logit_f3,IC1,1000,49,25,cwdb_dr,kernel_law_error,LAW-A-INTERIOR,10,0.01992685878090707,0.0020387341784257555,0.0006447043547457501,0.019900966054690057
wcf_sensitivity_v1_logit_f3,IC1,1000,49,25,cwdb_dr,kernel_law_error,LAW-A-K,10,0.017067528590906503,0.0017590814054403434,0.0005562703830841593,0.016962962678644514
wcf_sensitivity_v1_logit_f3,IC1,1000,49,25,cwdb_dr,mean_quantile_rmse,MEANQ-A-COMMON199,10,0.1046738306141148,0.02228361040616801,0.0070466963375320725,0.09781048530944929
wcf_sensitivity_v1_logit_f3,IC1,1000,49,25,cwdb_dr,mean_quantile_rmse,MEANQ-A-INTERIOR,10,0.09399931426025529,0.02038482656924455,0.006446248166632886,0.09009058964364333
wcf_sensitivity_v1_logit_f3,IC1,1000,49,25,cwdb_dr,mean_quantile_rmse,MEANQ-A-K,10,0.0977728272043856,0.023522190132648,0.007438369637470585,0.0920057556720922
wcf_sensitivity_v1_logit_f3,IC1,1000,49,25,cwdb_dr,mode_coverage,LAW-A-K,10,1.0,0.0,0.0,1.0
wcf_sensitivity_v1_logit_f3,IC1,1000,49,25,cwdb_dr,peak_ram,NONE_OPERATIONAL,10,112.537890625,78.59869558337492,24.855089916168154,155.248046875
wcf_sensitivity_v1_logit_f3,IC1,1000,49,25,cwdb_dr,process_peak_ram,NONE_OPERATIONAL,10,933.9890625,15.311958097872903,4.842066302633779,927.73828125
wcf_sensitivity_v1_logit_f3,IC1,1000,49,25,cwdb_dr,reference_effect_rmse,REF-ATE-COMMON199,10,0.00863321374386595,0.006626302250136425,0.002095420757512988,0.008045198678046442
wcf_sensitivity_v1_logit_f3,IC1,1000,49,25,cwdb_dr,reference_effect_rmse,REF-ATE-K,10,0.013347473769905926,0.008193178753127441,0.0025909106136781123,0.01322395500157307
wcf_sensitivity_v1_logit_f3,IC1,1000,49,25,cwdb_dr,reference_tcate_rmse,REF-TCATE-COMMON199,10,0.02803976493785345,0.009707494008508897,0.0030697791439326075,0.02680513719003952
wcf_sensitivity_v1_logit_f3,IC1,1000,49,25,cwdb_dr,reference_tcate_rmse,REF-TCATE-INTERIOR,10,0.03020773646631929,0.010650668754840975,0.003368037186928698,0.028738671962265025
wcf_sensitivity_v1_logit_f3,IC1,1000,49,25,cwdb_dr,reference_tcate_rmse,REF-TCATE-K,10,0.029766920710564537,0.009907321851568845,0.003132970256331418,0.02631189698837437
wcf_sensitivity_v1_logit_f3,IC1,1000,49,25,cwdb_dr,runtime,NONE_OPERATIONAL,10,4037.2626719002,540.4093866621971,170.89245307871616,4357.631672435498
wcf_sensitivity_v1_logit_f3,IC1,1000,49,25,cwdb_dr,tail_calibration,LAW-A-K,10,4.871588180327401e-08,3.601074194159635e-08,1.1387596476799863e-08,4.6435703866254396e-08
wcf_sensitivity_v1_logit_f3,IC1,1000,49,25,cwdb_dr,tate_functional_rmse,TATE-COMMON199-grid_mean,10,0.014198857337929433,0.011511511331784597,0.0036402595119277574,0.010758233703651504
wcf_sensitivity_v1_logit_f3,IC1,1000,49,25,cwdb_dr,tate_functional_rmse,TATE-COMMON199-grid_sd,10,0.012315703802623933,0.008415508185298093,0.00266121735333323,0.010292837662566286
wcf_sensitivity_v1_logit_f3,IC1,1000,49,25,cwdb_dr,tate_functional_rmse,TATE-COMMON199-grid_skewness,10,0.11756799117491674,0.008097573748447655,0.002560677656628194,0.11896903094305894
wcf_sensitivity_v1_logit_f3,IC1,1000,49,25,cwdb_dr,tate_functional_rmse,TATE-COMMON199-grid_upper_tail_mean,10,0.015256842168337373,0.013862458067112955,0.004383694146065223,0.00953026961618407
wcf_sensitivity_v1_logit_f3,IC1,1000,49,25,cwdb_dr,tate_functional_rmse,TATE-K-grid_mean,10,0.01308291075547382,0.010802146743927194,0.0034159387330181565,0.009494065269729832
wcf_sensitivity_v1_logit_f3,IC1,1000,49,25,cwdb_dr,tate_functional_rmse,TATE-K-grid_sd,10,0.009488948806049249,0.006125927211156276,0.0019371882767657074,0.00725569940108736
wcf_sensitivity_v1_logit_f3,IC1,1000,49,25,cwdb_dr,tate_functional_rmse,TATE-K-grid_skewness,10,0.006502975863345401,0.00441839997538198,0.0013972207535838952,0.0035991376266020503
wcf_sensitivity_v1_logit_f3,IC1,1000,49,25,cwdb_dr,tate_functional_rmse,TATE-K-grid_upper_tail_mean,10,0.013857862935445017,0.011832681897232663,0.003741822562349764,0.012105088710818473
wcf_sensitivity_v1_logit_f3,IC1,1000,49,25,cwdb_dr,tcate_functional_rmse,TCATE-COMMON199-grid_mean,10,0.03370693593316647,0.01274843326815039,0.004031408572601934,0.03349142454888779
wcf_sensitivity_v1_logit_f3,IC1,1000,49,25,cwdb_dr,tcate_functional_rmse,TCATE-COMMON199-grid_sd,10,0.023560864109507015,0.007847875669477165,0.0024817161909366603,0.023110163564333437
wcf_sensitivity_v1_logit_f3,IC1,1000,49,25,cwdb_dr,tcate_functional_rmse,TCATE-COMMON199-grid_skewness,10,0.11819442889597065,0.008148259531075728,0.002576705908437485,0.11961008479053503
wcf_sensitivity_v1_logit_f3,IC1,1000,49,25,cwdb_dr,tcate_functional_rmse,TCATE-COMMON199-grid_upper_tail_mean,10,0.0390958028389922,0.013086439546008322,0.0041382955427486144,0.03968582000621914
wcf_sensitivity_v1_logit_f3,IC1,1000,49,25,cwdb_dr,tcate_functional_rmse,TCATE-K-grid_mean,10,0.03304082111460423,0.012793809450163004,0.004045757781270156,0.03243563740830073
wcf_sensitivity_v1_logit_f3,IC1,1000,49,25,cwdb_dr,tcate_functional_rmse,TCATE-K-grid_sd,10,0.021280246901147347,0.008864793741175119,0.002803293920971855,0.019471243895023825
wcf_sensitivity_v1_logit_f3,IC1,1000,49,25,cwdb_dr,tcate_functional_rmse,TCATE-K-grid_skewness,10,0.013203158230896106,0.004731878829047199,0.0014963514711719666,0.012232353958004438
wcf_sensitivity_v1_logit_f3,IC1,1000,49,25,cwdb_dr,tcate_functional_rmse,TCATE-K-grid_upper_tail_mean,10,0.03794567542603404,0.013069737810126394,0.004133013990122069,0.03703333280153832
wcf_sensitivity_v1_logit_f3,IC2,1000,5,10,causal_drf,arm_energy_risk,LAW-A-M-K,10,0.0797736099338664,0.006793894722554531,0.002148418150667004,0.07880303671880974
wcf_sensitivity_v1_logit_f3,IC2,1000,5,10,causal_drf,barycenter_rmse,MEANQ-A-K,10,0.2786155836433507,0.018882225426185898,0.005971083963949101,0.27939804285615155
wcf_sensitivity_v1_logit_f3,IC2,1000,5,10,causal_drf,diagnostic_effective_support,NONE_OPERATIONAL,10,140.0644282197388,3.1784329627203483,1.0051087552353353,141.44162287688874
wcf_sensitivity_v1_logit_f3,IC2,1000,5,10,causal_drf,kernel_law_error,LAW-A-COMMON199,10,0.26219414134381136,0.005917950704873912,0.0018714203308000483,0.26096328170970384
wcf_sensitivity_v1_logit_f3,IC2,1000,5,10,causal_drf,kernel_law_error,LAW-A-INTERIOR,10,0.08082940433707989,0.006255269746054485,0.0019780899776275225,0.07898609144282463
wcf_sensitivity_v1_logit_f3,IC2,1000,5,10,causal_drf,kernel_law_error,LAW-A-K,10,0.06321961555054077,0.005479254824049276,0.0017326925124460848,0.06233198485999743
wcf_sensitivity_v1_logit_f3,IC2,1000,5,10,causal_drf,mean_quantile_rmse,MEANQ-A-COMMON199,10,0.2184344111887476,0.021447553209907776,0.006782311838096397,0.21815770828327796
wcf_sensitivity_v1_logit_f3,IC2,1000,5,10,causal_drf,mean_quantile_rmse,MEANQ-A-INTERIOR,10,0.2125265489897791,0.025464887998188305,0.008052704643536076,0.21357013329328073
wcf_sensitivity_v1_logit_f3,IC2,1000,5,10,causal_drf,mean_quantile_rmse,MEANQ-A-K,10,0.20086821610987124,0.024983212635353018,0.007900385519601323,0.2022158475527798
wcf_sensitivity_v1_logit_f3,IC2,1000,5,10,causal_drf,mode_coverage,LAW-A-K,10,1.0,0.0,0.0,1.0
wcf_sensitivity_v1_logit_f3,IC2,1000,5,10,causal_drf,peak_ram,NONE_OPERATIONAL,10,355.08242,0.9989943040656225,0.3159097370382175,355.5254
wcf_sensitivity_v1_logit_f3,IC2,1000,5,10,causal_drf,process_peak_ram,NONE_OPERATIONAL,10,643.741796875,44.05513147185022,13.931455806921283,627.97265625
wcf_sensitivity_v1_logit_f3,IC2,1000,5,10,causal_drf,reference_effect_rmse,REF-ATE-COMMON199,10,0.21292393713907143,0.02432177108597571,0.007691219336091021,0.21306417916296233
wcf_sensitivity_v1_logit_f3,IC2,1000,5,10,causal_drf,reference_effect_rmse,REF-ATE-K,10,0.16680054089805166,0.024187152141395562,0.007648649087982896,0.16606220369773902
wcf_sensitivity_v1_logit_f3,IC2,1000,5,10,causal_drf,reference_tcate_rmse,REF-TCATE-COMMON199,10,0.21312270816275664,0.02441027866204649,0.007719207889147449,0.2131693695203536
wcf_sensitivity_v1_logit_f3,IC2,1000,5,10,causal_drf,reference_tcate_rmse,REF-TCATE-INTERIOR,10,0.18100499033570322,0.02486067752538173,0.007861636515516475,0.18062251765763274
wcf_sensitivity_v1_logit_f3,IC2,1000,5,10,causal_drf,reference_tcate_rmse,REF-TCATE-K,10,0.16703187177714404,0.02428332196914313,0.007679060657769733,0.16619540074127542
wcf_sensitivity_v1_logit_f3,IC2,1000,5,10,causal_drf,runtime,NONE_OPERATIONAL,10,19.9117,1.1864039081751767,0.37517385747588183,20.2565
wcf_sensitivity_v1_logit_f3,IC2,1000,5,10,causal_drf,tail_calibration,LAW-A-K,10,0.20074287314711753,0.010346302192196979,0.0032717880287735633,0.20221497349391415
wcf_sensitivity_v1_logit_f3,IC2,1000,5,10,causal_drf,tate_functional_rmse,TATE-COMMON199-grid_mean,10,0.1749290717956112,0.026180103675998833,0.008278875699550317,0.17756225258665592
wcf_sensitivity_v1_logit_f3,IC2,1000,5,10,causal_drf,tate_functional_rmse,TATE-COMMON199-grid_sd,10,0.07000416121123373,0.007523928267186536,0.0023792750276033364,0.06939771608307752
wcf_sensitivity_v1_logit_f3,IC2,1000,5,10,causal_drf,tate_functional_rmse,TATE-COMMON199-grid_skewness,10,0.2349978071550361,0.0033511190498080176,0.001059716890777258,0.23454254865432245
wcf_sensitivity_v1_logit_f3,IC2,1000,5,10,causal_drf,tate_functional_rmse,TATE-COMMON199-grid_upper_tail_mean,10,0.1641132473331439,0.02539953670436339,0.008032038749883513,0.1653808151691608
wcf_sensitivity_v1_logit_f3,IC2,1000,5,10,causal_drf,tate_functional_rmse,TATE-K-grid_mean,10,0.19279915032018513,0.026164305134687704,0.008273879762125173,0.19538850080624326
wcf_sensitivity_v1_logit_f3,IC2,1000,5,10,causal_drf,tate_functional_rmse,TATE-K-grid_sd,10,0.010150296309604874,0.006570514993531693,0.0020777792779846653,0.009854086274101087
wcf_sensitivity_v1_logit_f3,IC2,1000,5,10,causal_drf,tate_functional_rmse,TATE-K-grid_skewness,10,0.03765343395255398,0.003777058768125105,0.0011944108563585118,0.03723305427648975
wcf_sensitivity_v1_logit_f3,IC2,1000,5,10,causal_drf,tate_functional_rmse,TATE-K-grid_upper_tail_mean,10,0.20336356136422107,0.02560249640799636,0.008096220243554806,0.20474970823036281
wcf_sensitivity_v1_logit_f3,IC2,1000,5,10,causal_drf,tcate_functional_rmse,TCATE-COMMON199-grid_mean,10,0.17515330701755177,0.026250824183525628,0.008301239487657092,0.17772376657368355
wcf_sensitivity_v1_logit_f3,IC2,1000,5,10,causal_drf,tcate_functional_rmse,TCATE-COMMON199-grid_sd,10,0.07002287281070918,0.007528407562359021,0.0023806915051090617,0.0694298625082353
wcf_sensitivity_v1_logit_f3,IC2,1000,5,10,causal_drf,tcate_functional_rmse,TCATE-COMMON199-grid_skewness,10,0.23499913289798977,0.0033448938856128255,0.0010577483210107244,0.23453015213970946
wcf_sensitivity_v1_logit_f3,IC2,1000,5,10,causal_drf,tcate_functional_rmse,TCATE-COMMON199-grid_upper_tail_mean,10,0.16435832527774455,0.02544492125402568,0.0080463906046349,0.16592283441913258
wcf_sensitivity_v1_logit_f3,IC2,1000,5,10,causal_drf,tcate_functional_rmse,TCATE-K-grid_mean,10,0.19301208846612802,0.026234704886446816,0.008296142118352098,0.1955407844877251
wcf_sensitivity_v1_logit_f3,IC2,1000,5,10,causal_drf,tcate_functional_rmse,TCATE-K-grid_sd,10,0.010468398190404122,0.006438888920473382,0.0020361554589518665,0.010025324221034316
wcf_sensitivity_v1_logit_f3,IC2,1000,5,10,causal_drf,tcate_functional_rmse,TCATE-K-grid_skewness,10,0.037679644238140735,0.0037695342204346247,0.001192031385452064,0.037235498728437885
wcf_sensitivity_v1_logit_f3,IC2,1000,5,10,causal_drf,tcate_functional_rmse,TCATE-K-grid_upper_tail_mean,10,0.20358122329729408,0.02565612075694025,0.00811317775162544,0.20523069774778185
wcf_sensitivity_v1_logit_f3,IC2,1000,5,10,cwdb_dr,arm_energy_risk,LAW-A-M-K,10,0.04524501129860462,0.0021125775300032275,0.00066805567285029,0.045435064729595964
wcf_sensitivity_v1_logit_f3,IC2,1000,5,10,cwdb_dr,barycenter_rmse,MEANQ-A-K,10,0.1481986094105661,0.006932853448067796,0.002192360758004611,0.14905296679392865
wcf_sensitivity_v1_logit_f3,IC2,1000,5,10,cwdb_dr,diagnostic_dense_dr_n_levels,NONE_OPERATIONAL,10,199.0,0.0,0.0,199.0
wcf_sensitivity_v1_logit_f3,IC2,1000,5,10,cwdb_dr,diagnostic_dr_if_se_reference,NONE_OPERATIONAL,10,0.017953276138618555,0.0017706122763158783,0.0005599167646213583,0.018210241118423738
wcf_sensitivity_v1_logit_f3,IC2,1000,5,10,cwdb_dr,diagnostic_effective_support,NONE_OPERATIONAL,10,9.999999999999998,0.0,0.0,9.999999999999998
wcf_sensitivity_v1_logit_f3,IC2,1000,5,10,cwdb_dr,diagnostic_ehat_mean,NONE_OPERATIONAL,10,0.5011351287276258,0.016178617290244852,0.0051161280029355174,0.5066201292655902
wcf_sensitivity_v1_logit_f3,IC2,1000,5,10,cwdb_dr,diagnostic_n_boosting_steps,NONE_OPERATIONAL,10,100.0,0.0,0.0,100.0
wcf_sensitivity_v1_logit_f3,IC2,1000,5,10,cwdb_dr,diagnostic_selected_contrast_shrinkage,NONE_OPERATIONAL,10,220.0,241.7528581929166,76.44896627453143,50.0
wcf_sensitivity_v1_logit_f3,IC2,1000,5,10,cwdb_dr,diagnostic_train_risk,NONE_OPERATIONAL,10,0.06261705681924555,0.0060374485278379365,0.0019092088603998374,0.06395091601890529
wcf_sensitivity_v1_logit_f3,IC2,1000,5,10,cwdb_dr,kernel_law_error,LAW-A-COMMON199,10,0.24342217085575008,0.009102606563617511,0.0028784969385429716,0.24073886726638022
wcf_sensitivity_v1_logit_f3,IC2,1000,5,10,cwdb_dr,kernel_law_error,LAW-A-INTERIOR,10,0.02652183053571346,0.0018356916239856667,0.0005804966613488086,0.02626160127574927
wcf_sensitivity_v1_logit_f3,IC2,1000,5,10,cwdb_dr,kernel_law_error,LAW-A-K,10,0.0190811572056102,0.0017325107931283736,0.0005478680177110456,0.01898644615036127
wcf_sensitivity_v1_logit_f3,IC2,1000,5,10,cwdb_dr,mean_quantile_rmse,MEANQ-A-COMMON199,10,0.14196991530544095,0.013223529540606935,0.004181647205483794,0.13991638293542852
wcf_sensitivity_v1_logit_f3,IC2,1000,5,10,cwdb_dr,mean_quantile_rmse,MEANQ-A-INTERIOR,10,0.08492574308357295,0.020607314583281012,0.006516605054277159,0.08346319638825304
wcf_sensitivity_v1_logit_f3,IC2,1000,5,10,cwdb_dr,mean_quantile_rmse,MEANQ-A-K,10,0.08065357042578555,0.02493366931580166,0.00788471854633854,0.07644912019217144
wcf_sensitivity_v1_logit_f3,IC2,1000,5,10,cwdb_dr,mode_coverage,LAW-A-K,10,1.0,0.0,0.0,1.0
wcf_sensitivity_v1_logit_f3,IC2,1000,5,10,cwdb_dr,peak_ram,NONE_OPERATIONAL,10,0.0,0.0,0.0,0.0
wcf_sensitivity_v1_logit_f3,IC2,1000,5,10,cwdb_dr,process_peak_ram,NONE_OPERATIONAL,10,846.748046875,78.02468482010933,24.673571774831057,811.556640625
wcf_sensitivity_v1_logit_f3,IC2,1000,5,10,cwdb_dr,reference_effect_rmse,REF-ATE-COMMON199,10,0.04313246467872776,0.014476631547249647,0.004577912853635635,0.043733860458544827
wcf_sensitivity_v1_logit_f3,IC2,1000,5,10,cwdb_dr,reference_effect_rmse,REF-ATE-K,10,0.010836119570454644,0.009680225789489233,0.0030611561759487614,0.008187628971305483
wcf_sensitivity_v1_logit_f3,IC2,1000,5,10,cwdb_dr,reference_tcate_rmse,REF-TCATE-COMMON199,10,0.05193084949112101,0.016230029126406285,0.005132385853031671,0.05326495263005755
wcf_sensitivity_v1_logit_f3,IC2,1000,5,10,cwdb_dr,reference_tcate_rmse,REF-TCATE-INTERIOR,10,0.0313391469550417,0.011304001442228815,0.0035746391231271323,0.029603447140719212
wcf_sensitivity_v1_logit_f3,IC2,1000,5,10,cwdb_dr,reference_tcate_rmse,REF-TCATE-K,10,0.03015855528524688,0.011337278834095651,0.0035851623584160484,0.029722357213985896
wcf_sensitivity_v1_logit_f3,IC2,1000,5,10,cwdb_dr,runtime,NONE_OPERATIONAL,10,126.59872764419943,21.808321516103884,6.896396793614471,139.59339273149817
wcf_sensitivity_v1_logit_f3,IC2,1000,5,10,cwdb_dr,tail_calibration,LAW-A-K,10,0.1269419572214459,0.010510227518973505,0.0033236257686536843,0.12842174787334382
wcf_sensitivity_v1_logit_f3,IC2,1000,5,10,cwdb_dr,tate_functional_rmse,TATE-COMMON199-grid_mean,10,0.015947765419608267,0.013232465213863617,0.004184472913475611,0.012458634100789935
wcf_sensitivity_v1_logit_f3,IC2,1000,5,10,cwdb_dr,tate_functional_rmse,TATE-COMMON199-grid_sd,10,0.07559985297543642,0.012814913124772082,0.004052431349146532,0.07310962015597271
wcf_sensitivity_v1_logit_f3,IC2,1000,5,10,cwdb_dr,tate_functional_rmse,TATE-COMMON199-grid_skewness,10,0.20217801318235887,0.0036464659054473315,0.0011531137671361756,0.20273605075564896
wcf_sensitivity_v1_logit_f3,IC2,1000,5,10,cwdb_dr,tate_functional_rmse,TATE-COMMON199-grid_upper_tail_mean,10,0.03220033026945987,0.014647852023473143,0.004632057522328131,0.03577294939155866
wcf_sensitivity_v1_logit_f3,IC2,1000,5,10,cwdb_dr,tate_functional_rmse,TATE-K-grid_mean,10,0.01219204236328834,0.010000045004520937,0.0031622918918474954,0.009346408929672083
wcf_sensitivity_v1_logit_f3,IC2,1000,5,10,cwdb_dr,tate_functional_rmse,TATE-K-grid_sd,10,0.01125189916656228,0.007229746855302914,0.0022862466969196995,0.00969951519185426
wcf_sensitivity_v1_logit_f3,IC2,1000,5,10,cwdb_dr,tate_functional_rmse,TATE-K-grid_skewness,10,0.003266249612733853,0.002058988817007397,0.000651109433855901,0.0027248653659818142
wcf_sensitivity_v1_logit_f3,IC2,1000,5,10,cwdb_dr,tate_functional_rmse,TATE-K-grid_upper_tail_mean,10,0.011882034073969188,0.009589243649429568,0.003032385097050262,0.01047605999203393
wcf_sensitivity_v1_logit_f3,IC2,1000,5,10,cwdb_dr,tcate_functional_rmse,TCATE-COMMON199-grid_mean,10,0.03670877016478312,0.012021873325097935,0.003801650144933135,0.03299794771180155
wcf_sensitivity_v1_logit_f3,IC2,1000,5,10,cwdb_dr,tcate_functional_rmse,TCATE-COMMON199-grid_sd,10,0.07746893016560878,0.01214434017049751,0.003840377561864972,0.07560019576140067
wcf_sensitivity_v1_logit_f3,IC2,1000,5,10,cwdb_dr,tcate_functional_rmse,TCATE-COMMON199-grid_skewness,10,0.20231945688630212,0.0036360530971822776,0.0011498209480405562,0.20320160641135124
wcf_sensitivity_v1_logit_f3,IC2,1000,5,10,cwdb_dr,tcate_functional_rmse,TCATE-COMMON199-grid_upper_tail_mean,10,0.04749573305514906,0.011625798796728194,0.003676400381650599,0.04736126402330769
wcf_sensitivity_v1_logit_f3,IC2,1000,5,10,cwdb_dr,tcate_functional_rmse,TCATE-K-grid_mean,10,0.034844155635855585,0.010970710370115983,0.0034692432319595344,0.031848820404768344
wcf_sensitivity_v1_logit_f3,IC2,1000,5,10,cwdb_dr,tcate_functional_rmse,TCATE-K-grid_sd,10,0.01941738565725685,0.007710084672853696,0.002438142851897187,0.01896347973286529
wcf_sensitivity_v1_logit_f3,IC2,1000,5,10,cwdb_dr,tcate_functional_rmse,TCATE-K-grid_skewness,10,0.007768405352282212,0.00234764508952374,0.0007423905620604918,0.00783396742763198
wcf_sensitivity_v1_logit_f3,IC2,1000,5,10,cwdb_dr,tcate_functional_rmse,TCATE-K-grid_upper_tail_mean,10,0.035526929193924785,0.010762504083452097,0.003403402623057152,0.03329297953878013
wcf_sensitivity_v1_logit_f3,IC2,1000,5,10,drf,arm_energy_risk,LAW-A-M-K,10,0.10193039700530784,0.0075047087891828915,0.002373197295010234,0.10155148361548572
wcf_sensitivity_v1_logit_f3,IC2,1000,5,10,drf,barycenter_rmse,MEANQ-A-K,10,0.33005726233110466,0.013536461728450373,0.0042806050521602855,0.3304420551006375
wcf_sensitivity_v1_logit_f3,IC2,1000,5,10,drf,diagnostic_effective_support,NONE_OPERATIONAL,10,240.51418012549544,3.899506654697412,1.2331322779827556,241.3123987721902
wcf_sensitivity_v1_logit_f3,IC2,1000,5,10,drf,kernel_law_error,LAW-A-COMMON199,10,0.2771568013072077,0.007280534261182908,0.0023023070848229204,0.2749167200978805
wcf_sensitivity_v1_logit_f3,IC2,1000,5,10,drf,kernel_law_error,LAW-A-INTERIOR,10,0.10531326876528088,0.0066409196631842336,0.002100043189386042,0.10408020311500629
wcf_sensitivity_v1_logit_f3,IC2,1000,5,10,drf,kernel_law_error,LAW-A-K,10,0.08438346797510284,0.005785601658363144,0.0018295678874874898,0.08330871687580338
wcf_sensitivity_v1_logit_f3,IC2,1000,5,10,drf,mean_quantile_rmse,MEANQ-A-COMMON199,10,0.24736581603605007,0.018222969296402502,0.005762608870794792,0.24835158043741054
wcf_sensitivity_v1_logit_f3,IC2,1000,5,10,drf,mean_quantile_rmse,MEANQ-A-INTERIOR,10,0.24660518529033348,0.020944735817381543,0.006623307017343415,0.24808496203173036
wcf_sensitivity_v1_logit_f3,IC2,1000,5,10,drf,mean_quantile_rmse,MEANQ-A-K,10,0.23415816973980258,0.020767709483988706,0.006567326375408446,0.23575888459147293
wcf_sensitivity_v1_logit_f3,IC2,1000,5,10,drf,mode_coverage,LAW-A-K,10,1.0,0.0,0.0,1.0
wcf_sensitivity_v1_logit_f3,IC2,1000,5,10,drf,peak_ram,NONE_OPERATIONAL,10,550.0600000000001,4.763798670995414,1.5064454114828614,550.8499999999999
wcf_sensitivity_v1_logit_f3,IC2,1000,5,10,drf,process_peak_ram,NONE_OPERATIONAL,10,643.741796875,44.05513147185022,13.931455806921283,627.97265625
wcf_sensitivity_v1_logit_f3,IC2,1000,5,10,drf,reference_effect_rmse,REF-ATE-COMMON199,10,0.23838943810246715,0.016667182537242097,0.005270625899546921,0.2365387833389797
wcf_sensitivity_v1_logit_f3,IC2,1000,5,10,drf,reference_effect_rmse,REF-ATE-K,10,0.19174670225729962,0.016440894673828494,0.005199067394022914,0.1894384174715495
wcf_sensitivity_v1_logit_f3,IC2,1000,5,10,drf,reference_tcate_rmse,REF-TCATE-COMMON199,10,0.2384707555457227,0.01666693505765615,0.005270547639630322,0.23669519729110555
wcf_sensitivity_v1_logit_f3,IC2,1000,5,10,drf,reference_tcate_rmse,REF-TCATE-INTERIOR,10,0.20749273874337693,0.016869440380396297,0.005334585445446957,0.20549321353997102
wcf_sensitivity_v1_logit_f3,IC2,1000,5,10,drf,reference_tcate_rmse,REF-TCATE-K,10,0.19184300340915164,0.01642738108320328,0.005194794021448636,0.1895997572085671
wcf_sensitivity_v1_logit_f3,IC2,1000,5,10,drf,runtime,NONE_OPERATIONAL,10,28.685399999999998,0.5044282131505153,0.1595142069604528,28.5085
wcf_sensitivity_v1_logit_f3,IC2,1000,5,10,drf,tail_calibration,LAW-A-K,10,0.23040333373177835,0.008790481943842327,0.0027797944673126095,0.22951154635296023
wcf_sensitivity_v1_logit_f3,IC2,1000,5,10,drf,tate_functional_rmse,TATE-COMMON199-grid_mean,10,0.20380116989568994,0.019242754135182578,0.0060850931521800565,0.20405354286902322
wcf_sensitivity_v1_logit_f3,IC2,1000,5,10,drf,tate_functional_rmse,TATE-COMMON199-grid_sd,10,0.06881287067728861,0.00630461202725747,0.001993693376982517,0.06869925451937325
wcf_sensitivity_v1_logit_f3,IC2,1000,5,10,drf,tate_functional_rmse,TATE-COMMON199-grid_skewness,10,0.24367392695579496,0.0031374657942640025,0.0009921537990743496,0.2436133302231991
wcf_sensitivity_v1_logit_f3,IC2,1000,5,10,drf,tate_functional_rmse,TATE-COMMON199-grid_upper_tail_mean,10,0.19468437034069197,0.01976129561515175,0.006249070365977773,0.19832071631686843
wcf_sensitivity_v1_logit_f3,IC2,1000,5,10,drf,tate_functional_rmse,TATE-K-grid_mean,10,0.22167117027380243,0.019213578115814624,0.006075866884754064,0.22199675881439146
wcf_sensitivity_v1_logit_f3,IC2,1000,5,10,drf,tate_functional_rmse,TATE-K-grid_sd,10,0.010676987912931507,0.005878577495422677,0.0018589694287343714,0.010481326108308382
wcf_sensitivity_v1_logit_f3,IC2,1000,5,10,drf,tate_functional_rmse,TATE-K-grid_skewness,10,0.04750711227860603,0.0034606498107870166,0.001094353558631771,0.04763936651041535
wcf_sensitivity_v1_logit_f3,IC2,1000,5,10,drf,tate_functional_rmse,TATE-K-grid_upper_tail_mean,10,0.23416140656716222,0.019617027344765513,0.00620344873312642,0.23762415920605418
wcf_sensitivity_v1_logit_f3,IC2,1000,5,10,drf,tcate_functional_rmse,TCATE-COMMON199-grid_mean,10,0.2038894055513612,0.019260971644209125,0.006090854034361913,0.204222069522415
wcf_sensitivity_v1_logit_f3,IC2,1000,5,10,drf,tcate_functional_rmse,TCATE-COMMON199-grid_sd,10,0.06882047454612598,0.006322879166257278,0.0019994699535399456,0.06872450245651733
wcf_sensitivity_v1_logit_f3,IC2,1000,5,10,drf,tcate_functional_rmse,TCATE-COMMON199-grid_skewness,10,0.24367247300378522,0.00314168931901739,0.00099348939487183,0.24361420293315522
wcf_sensitivity_v1_logit_f3,IC2,1000,5,10,drf,tcate_functional_rmse,TCATE-COMMON199-grid_upper_tail_mean,10,0.194774658375908,0.019801311458430573,0.006261724486703115,0.19840354382094577
wcf_sensitivity_v1_logit_f3,IC2,1000,5,10,drf,tcate_functional_rmse,TCATE-K-grid_mean,10,0.22175727789749833,0.01923117226052643,0.006081430641831256,0.22216502438746777
wcf_sensitivity_v1_logit_f3,IC2,1000,5,10,drf,tcate_functional_rmse,TCATE-K-grid_sd,10,0.010737493742520123,0.00585640134217081,0.0018519567133326864,0.010505120023238161
wcf_sensitivity_v1_logit_f3,IC2,1000,5,10,drf,tcate_functional_rmse,TCATE-K-grid_skewness,10,0.047514207336644736,0.0034651957969528886,0.0010957911256813482,0.047659248084450295
wcf_sensitivity_v1_logit_f3,IC2,1000,5,10,drf,tcate_functional_rmse,TCATE-K-grid_upper_tail_mean,10,0.23424769235641332,0.019649512820007316,0.00621372154239013,0.2377440167394984
wcf_sensitivity_v1_logit_f3,IC2,1000,25,5,cwdb_dr,arm_energy_risk,LAW-A-M-K,10,0.051518657159647485,0.003886874995691521,0.001229137796674236,0.05199446387196765
wcf_sensitivity_v1_logit_f3,IC2,1000,25,5,cwdb_dr,barycenter_rmse,MEANQ-A-K,10,0.14562709715081099,0.007493464465371392,0.0023696415276109536,0.14584677233596938
wcf_sensitivity_v1_logit_f3,IC2,1000,25,5,cwdb_dr,diagnostic_dense_dr_n_levels,NONE_OPERATIONAL,10,199.0,0.0,0.0,199.0
wcf_sensitivity_v1_logit_f3,IC2,1000,25,5,cwdb_dr,diagnostic_dr_if_se_reference,NONE_OPERATIONAL,10,0.017335814055437333,0.0014932643769903222,0.00047221165800817485,0.01783520397303048
wcf_sensitivity_v1_logit_f3,IC2,1000,25,5,cwdb_dr,diagnostic_effective_support,NONE_OPERATIONAL,10,4.999999999999999,0.0,0.0,4.999999999999999
wcf_sensitivity_v1_logit_f3,IC2,1000,25,5,cwdb_dr,diagnostic_ehat_mean,NONE_OPERATIONAL,10,0.5011351287276258,0.016178617290244852,0.0051161280029355174,0.5066201292655902
wcf_sensitivity_v1_logit_f3,IC2,1000,25,5,cwdb_dr,diagnostic_n_boosting_steps,NONE_OPERATIONAL,10,100.0,0.0,0.0,100.0
wcf_sensitivity_v1_logit_f3,IC2,1000,25,5,cwdb_dr,diagnostic_selected_contrast_shrinkage,NONE_OPERATIONAL,10,230.0,232.379000772445,73.48469228349533,50.0
wcf_sensitivity_v1_logit_f3,IC2,1000,25,5,cwdb_dr,diagnostic_train_risk,NONE_OPERATIONAL,10,0.07177523091729841,0.006160409400582123,0.0019480925024952123,0.0722006941250557
wcf_sensitivity_v1_logit_f3,IC2,1000,25,5,cwdb_dr,kernel_law_error,LAW-A-COMMON199,10,0.06071495167495198,0.0031301210514414913,0.0009898311874596186,0.05988124649925823
wcf_sensitivity_v1_logit_f3,IC2,1000,25,5,cwdb_dr,kernel_law_error,LAW-A-INTERIOR,10,0.01920711748669656,0.002267340457100881,0.0007169960075486077,0.01892381913519778
wcf_sensitivity_v1_logit_f3,IC2,1000,25,5,cwdb_dr,kernel_law_error,LAW-A-K,10,0.016686984901922938,0.0019178781718115815,0.0006064863297644337,0.016825088070084336
wcf_sensitivity_v1_logit_f3,IC2,1000,25,5,cwdb_dr,mean_quantile_rmse,MEANQ-A-COMMON199,10,0.09156289220658963,0.0093696680321578,0.002962949190128643,0.09277640786090341
wcf_sensitivity_v1_logit_f3,IC2,1000,25,5,cwdb_dr,mean_quantile_rmse,MEANQ-A-INTERIOR,10,0.06567078951366714,0.010816572588555366,0.003420500585637829,0.06560077879378953
wcf_sensitivity_v1_logit_f3,IC2,1000,25,5,cwdb_dr,mean_quantile_rmse,MEANQ-A-K,10,0.06997629044961673,0.01060200888866407,0.0033526495861528976,0.07163911603952795
wcf_sensitivity_v1_logit_f3,IC2,1000,25,5,cwdb_dr,mode_coverage,LAW-A-K,10,1.0,0.0,0.0,1.0
wcf_sensitivity_v1_logit_f3,IC2,1000,25,5,cwdb_dr,peak_ram,NONE_OPERATIONAL,10,0.0,0.0,0.0,0.0
wcf_sensitivity_v1_logit_f3,IC2,1000,25,5,cwdb_dr,process_peak_ram,NONE_OPERATIONAL,10,903.494921875,62.43199683295044,19.74273088645422,930.31640625
wcf_sensitivity_v1_logit_f3,IC2,1000,25,5,cwdb_dr,reference_effect_rmse,REF-ATE-COMMON199,10,0.016461216897458483,0.012028343292665843,0.003803696128323336,0.011186217532660234
wcf_sensitivity_v1_logit_f3,IC2,1000,25,5,cwdb_dr,reference_effect_rmse,REF-ATE-K,10,0.014261981543949382,0.01035207981207999,0.0032736150726020625,0.011671320910750974
wcf_sensitivity_v1_logit_f3,IC2,1000,25,5,cwdb_dr,reference_tcate_rmse,REF-TCATE-COMMON199,10,0.03435564019019457,0.011311918160369753,0.0035771426092190257,0.03313381322986253
wcf_sensitivity_v1_logit_f3,IC2,1000,25,5,cwdb_dr,reference_tcate_rmse,REF-TCATE-INTERIOR,10,0.03300274532220641,0.011224516514277874,0.0035495037819291966,0.032381116697477695
wcf_sensitivity_v1_logit_f3,IC2,1000,25,5,cwdb_dr,reference_tcate_rmse,REF-TCATE-K,10,0.03298178730038544,0.011219110742805133,0.003547794326892774,0.03272824617927912
wcf_sensitivity_v1_logit_f3,IC2,1000,25,5,cwdb_dr,runtime,NONE_OPERATIONAL,10,132.24202500089987,28.436742585575022,8.992487580632268,123.2303919484998
wcf_sensitivity_v1_logit_f3,IC2,1000,25,5,cwdb_dr,tail_calibration,LAW-A-K,10,0.0005027747268273794,0.0003067410607222598,9.700004037783545e-05,0.0004403553124419828
wcf_sensitivity_v1_logit_f3,IC2,1000,25,5,cwdb_dr,tate_functional_rmse,TATE-COMMON199-grid_mean,10,0.012679315371102246,0.013350283414506165,0.004221730299860928,0.007260935687077454
wcf_sensitivity_v1_logit_f3,IC2,1000,25,5,cwdb_dr,tate_functional_rmse,TATE-COMMON199-grid_sd,10,0.018987058197951254,0.013570937822099135,0.004291507350235821,0.013699650311538913
wcf_sensitivity_v1_logit_f3,IC2,1000,25,5,cwdb_dr,tate_functional_rmse,TATE-COMMON199-grid_skewness,10,0.09190225353100637,0.0034641672461435684,0.001095465869356682,0.09320943387562088
wcf_sensitivity_v1_logit_f3,IC2,1000,25,5,cwdb_dr,tate_functional_rmse,TATE-COMMON199-grid_upper_tail_mean,10,0.013290459428116987,0.0089530337466525,0.0028311978607772803,0.010310055920137635
wcf_sensitivity_v1_logit_f3,IC2,1000,25,5,cwdb_dr,tate_functional_rmse,TATE-K-grid_mean,10,0.012618970766846366,0.011415467730646651,0.0036098878584996928,0.010851227567011498
wcf_sensitivity_v1_logit_f3,IC2,1000,25,5,cwdb_dr,tate_functional_rmse,TATE-K-grid_sd,10,0.012486435231494045,0.006110049062411275,0.0019321671652595925,0.012443317303026377
wcf_sensitivity_v1_logit_f3,IC2,1000,25,5,cwdb_dr,tate_functional_rmse,TATE-K-grid_skewness,10,0.0030133630291507285,0.0029762755588515753,0.0009411809710261495,0.0013922327321866657
wcf_sensitivity_v1_logit_f3,IC2,1000,25,5,cwdb_dr,tate_functional_rmse,TATE-K-grid_upper_tail_mean,10,0.011289428813347466,0.009290829045581771,0.002938018113528674,0.012234678603038118
wcf_sensitivity_v1_logit_f3,IC2,1000,25,5,cwdb_dr,tcate_functional_rmse,TCATE-COMMON199-grid_mean,10,0.035394007999194524,0.010333037779046523,0.0032675934530354703,0.03332194998221693
wcf_sensitivity_v1_logit_f3,IC2,1000,25,5,cwdb_dr,tcate_functional_rmse,TCATE-COMMON199-grid_sd,10,0.02947214922943882,0.008495680637067918,0.002686570108652494,0.028706955158513174
wcf_sensitivity_v1_logit_f3,IC2,1000,25,5,cwdb_dr,tcate_functional_rmse,TCATE-COMMON199-grid_skewness,10,0.09245257917188901,0.0033472409679955258,0.0010584905336292632,0.09369046778770751
wcf_sensitivity_v1_logit_f3,IC2,1000,25,5,cwdb_dr,tcate_functional_rmse,TCATE-COMMON199-grid_upper_tail_mean,10,0.03398326903080602,0.010405405264285622,0.0032904780612248875,0.03807196948097621
wcf_sensitivity_v1_logit_f3,IC2,1000,25,5,cwdb_dr,tcate_functional_rmse,TCATE-K-grid_mean,10,0.03526796960709959,0.009569938254304066,0.0030262801950776525,0.034574437102591
wcf_sensitivity_v1_logit_f3,IC2,1000,25,5,cwdb_dr,tcate_functional_rmse,TCATE-K-grid_sd,10,0.023639158755604996,0.006917267303070624,0.0021874319861913405,0.022721920630659587
wcf_sensitivity_v1_logit_f3,IC2,1000,25,5,cwdb_dr,tcate_functional_rmse,TCATE-K-grid_skewness,10,0.009286662404659751,0.0032499104328997217,0.0010277119159506935,0.008242066216005879
wcf_sensitivity_v1_logit_f3,IC2,1000,25,5,cwdb_dr,tcate_functional_rmse,TCATE-K-grid_upper_tail_mean,10,0.033727482471676784,0.009316762925793651,0.0029462191265322247,0.03605218425424983
wcf_sensitivity_v1_logit_f3,IC2,1000,25,10,causal_drf,arm_energy_risk,LAW-A-M-K,10,0.07116770125923573,0.005008009039379906,0.0015836715107152381,0.07161409875745703
wcf_sensitivity_v1_logit_f3,IC2,1000,25,10,causal_drf,barycenter_rmse,MEANQ-A-K,10,0.2620683378935694,0.01298770209339439,0.004107072018686317,0.2599353269155581
wcf_sensitivity_v1_logit_f3,IC2,1000,25,10,causal_drf,diagnostic_effective_support,NONE_OPERATIONAL,10,125.03347255855597,4.3385749291655245,1.3719778575466746,125.12949469878052
wcf_sensitivity_v1_logit_f3,IC2,1000,25,10,causal_drf,kernel_law_error,LAW-A-COMMON199,10,0.08806040962097299,0.003065657919711173,0.0009694461553220909,0.0879234371705156
wcf_sensitivity_v1_logit_f3,IC2,1000,25,10,causal_drf,kernel_law_error,LAW-A-INTERIOR,10,0.06801701063320235,0.004187197414504519,0.0013241080842602438,0.0677624384804085
wcf_sensitivity_v1_logit_f3,IC2,1000,25,10,causal_drf,kernel_law_error,LAW-A-K,10,0.04895140849481462,0.003404229736573181,0.0010765119646046256,0.04875019931368638
wcf_sensitivity_v1_logit_f3,IC2,1000,25,10,causal_drf,mean_quantile_rmse,MEANQ-A-COMMON199,10,0.20347898822567162,0.02237586189727449,0.007075868820476397,0.20246927315582058
wcf_sensitivity_v1_logit_f3,IC2,1000,25,10,causal_drf,mean_quantile_rmse,MEANQ-A-INTERIOR,10,0.20430353238015148,0.024115296413719355,0.007625926311744335,0.20278814799254824
wcf_sensitivity_v1_logit_f3,IC2,1000,25,10,causal_drf,mean_quantile_rmse,MEANQ-A-K,10,0.19815260363968296,0.02305425742931818,0.007290396324050376,0.19770621040973962
wcf_sensitivity_v1_logit_f3,IC2,1000,25,10,causal_drf,mode_coverage,LAW-A-K,10,1.0,0.0,0.0,1.0
wcf_sensitivity_v1_logit_f3,IC2,1000,25,10,causal_drf,peak_ram,NONE_OPERATIONAL,10,378.56367,1.38816507667896,0.43897634106078,378.5586
wcf_sensitivity_v1_logit_f3,IC2,1000,25,10,causal_drf,process_peak_ram,NONE_OPERATIONAL,10,635.184375,33.14241144374415,10.480550731266097,630.98046875
wcf_sensitivity_v1_logit_f3,IC2,1000,25,10,causal_drf,reference_effect_rmse,REF-ATE-COMMON199,10,0.17580696973298057,0.02211569877426775,0.0069935980172880115,0.17196153356330535
wcf_sensitivity_v1_logit_f3,IC2,1000,25,10,causal_drf,reference_effect_rmse,REF-ATE-K,10,0.15681599735009835,0.022038854557408522,0.006969297742259304,0.15286091165187554
wcf_sensitivity_v1_logit_f3,IC2,1000,25,10,causal_drf,reference_tcate_rmse,REF-TCATE-COMMON199,10,0.17601326941926781,0.02223710299633629,0.007031989403217758,0.17206072668265537
wcf_sensitivity_v1_logit_f3,IC2,1000,25,10,causal_drf,reference_tcate_rmse,REF-TCATE-INTERIOR,10,0.18111148743777938,0.023520262527254216,0.007437760075123147,0.1784312751413748
wcf_sensitivity_v1_logit_f3,IC2,1000,25,10,causal_drf,reference_tcate_rmse,REF-TCATE-K,10,0.1570362589395464,0.02215958201862298,0.007007475117616036,0.15282997685820265
wcf_sensitivity_v1_logit_f3,IC2,1000,25,10,causal_drf,runtime,NONE_OPERATIONAL,10,36.5637,2.1964234083821106,0.6945700676597637,35.7255
wcf_sensitivity_v1_logit_f3,IC2,1000,25,10,causal_drf,tail_calibration,LAW-A-K,10,0.0005776111935093106,0.00032521523413422016,0.00010284208696490734,0.0005618831716304577
wcf_sensitivity_v1_logit_f3,IC2,1000,25,10,causal_drf,tate_functional_rmse,TATE-COMMON199-grid_mean,10,0.18698278392372045,0.024066823649066444,0.007610597877665485,0.18699510359005042
wcf_sensitivity_v1_logit_f3,IC2,1000,25,10,causal_drf,tate_functional_rmse,TATE-COMMON199-grid_sd,10,0.0219743246583022,0.009684403570942392,0.0030624773064446002,0.02138833487795186
wcf_sensitivity_v1_logit_f3,IC2,1000,25,10,causal_drf,tate_functional_rmse,TATE-COMMON199-grid_skewness,10,0.16401919857109343,0.0065210761219454605,0.002062145334068558,0.1657858148795569
wcf_sensitivity_v1_logit_f3,IC2,1000,25,10,causal_drf,tate_functional_rmse,TATE-COMMON199-grid_upper_tail_mean,10,0.1920152603955201,0.022986357730771782,0.007268924554065833,0.19523968747134712
wcf_sensitivity_v1_logit_f3,IC2,1000,25,10,causal_drf,tate_functional_rmse,TATE-K-grid_mean,10,0.19037510464025026,0.024063646782627634,0.007609593264288606,0.19037915262969135
wcf_sensitivity_v1_logit_f3,IC2,1000,25,10,causal_drf,tate_functional_rmse,TATE-K-grid_sd,10,0.007941777390902682,0.005930875002555256,0.0018755073525831565,0.006351407334187875
wcf_sensitivity_v1_logit_f3,IC2,1000,25,10,causal_drf,tate_functional_rmse,TATE-K-grid_skewness,10,0.07308678055641858,0.006843418150185409,0.002164078833552213,0.07493707807809882
wcf_sensitivity_v1_logit_f3,IC2,1000,25,10,causal_drf,tate_functional_rmse,TATE-K-grid_upper_tail_mean,10,0.2002327542052173,0.023026555519861366,0.007281636211108448,0.20332006072215902
wcf_sensitivity_v1_logit_f3,IC2,1000,25,10,causal_drf,tcate_functional_rmse,TCATE-COMMON199-grid_mean,10,0.1871726845528328,0.02417993887295789,0.0076463680522191714,0.18712629472140146
wcf_sensitivity_v1_logit_f3,IC2,1000,25,10,causal_drf,tcate_functional_rmse,TCATE-COMMON199-grid_sd,10,0.022133290767926347,0.009608761165036525,0.003038557077408849,0.021500823486940105
wcf_sensitivity_v1_logit_f3,IC2,1000,25,10,causal_drf,tcate_functional_rmse,TCATE-COMMON199-grid_skewness,10,0.16404251881578785,0.006516115024793806,0.0020605764973992977,0.16574781997549876
wcf_sensitivity_v1_logit_f3,IC2,1000,25,10,causal_drf,tcate_functional_rmse,TCATE-COMMON199-grid_upper_tail_mean,10,0.19221533146916417,0.023083235536635754,0.007299560006190809,0.195554976834414
wcf_sensitivity_v1_logit_f3,IC2,1000,25,10,causal_drf,tcate_functional_rmse,TCATE-K-grid_mean,10,0.1905633464404996,0.02417625340897433,0.007645202606176914,0.1905088586112377
wcf_sensitivity_v1_logit_f3,IC2,1000,25,10,causal_drf,tcate_functional_rmse,TCATE-K-grid_sd,10,0.008552020465923502,0.0056342448792560465,0.0017817046713589483,0.006678979893221524
wcf_sensitivity_v1_logit_f3,IC2,1000,25,10,causal_drf,tcate_functional_rmse,TCATE-K-grid_skewness,10,0.07313476026544538,0.006850462227587655,0.0021663063664127753,0.07491423462503258
wcf_sensitivity_v1_logit_f3,IC2,1000,25,10,causal_drf,tcate_functional_rmse,TCATE-K-grid_upper_tail_mean,10,0.20042880424042525,0.023123641722409424,0.007312337564051278,0.20356081426068107
wcf_sensitivity_v1_logit_f3,IC2,1000,25,10,cwdb_dr,arm_energy_risk,LAW-A-M-K,10,0.04661505292064491,0.0037576282251603494,0.001188266379164273,0.04648789229708003
wcf_sensitivity_v1_logit_f3,IC2,1000,25,10,cwdb_dr,barycenter_rmse,MEANQ-A-K,10,0.15062240734632465,0.009226601128108301,0.0029177074626701247,0.1514241789390736
wcf_sensitivity_v1_logit_f3,IC2,1000,25,10,cwdb_dr,diagnostic_dense_dr_n_levels,NONE_OPERATIONAL,10,199.0,0.0,0.0,199.0
wcf_sensitivity_v1_logit_f3,IC2,1000,25,10,cwdb_dr,diagnostic_dr_if_se_reference,NONE_OPERATIONAL,10,0.0175453105968357,0.0014379563811006296,0.0004547217340251089,0.017904601885489226
wcf_sensitivity_v1_logit_f3,IC2,1000,25,10,cwdb_dr,diagnostic_effective_support,NONE_OPERATIONAL,10,9.999999999999998,0.0,0.0,9.999999999999998
wcf_sensitivity_v1_logit_f3,IC2,1000,25,10,cwdb_dr,diagnostic_ehat_mean,NONE_OPERATIONAL,10,0.5011351287276258,0.016178617290244852,0.0051161280029355174,0.5066201292655902
wcf_sensitivity_v1_logit_f3,IC2,1000,25,10,cwdb_dr,diagnostic_n_boosting_steps,NONE_OPERATIONAL,10,100.0,0.0,0.0,100.0
wcf_sensitivity_v1_logit_f3,IC2,1000,25,10,cwdb_dr,diagnostic_selected_contrast_shrinkage,NONE_OPERATIONAL,10,85.0,147.290340635238,46.5772953749404,50.0
wcf_sensitivity_v1_logit_f3,IC2,1000,25,10,cwdb_dr,diagnostic_train_risk,NONE_OPERATIONAL,10,0.06787257244812159,0.0063914208120837805,0.0020211447250787777,0.06940903762269893
wcf_sensitivity_v1_logit_f3,IC2,1000,25,10,cwdb_dr,kernel_law_error,LAW-A-COMMON199,10,0.06046516416562588,0.0030618047311434192,0.0009682276701092685,0.0601314730436094
wcf_sensitivity_v1_logit_f3,IC2,1000,25,10,cwdb_dr,kernel_law_error,LAW-A-INTERIOR,10,0.01983365536599129,0.002440728741629532,0.0007718261974185949,0.020513464657668505
wcf_sensitivity_v1_logit_f3,IC2,1000,25,10,cwdb_dr,kernel_law_error,LAW-A-K,10,0.017209337899652913,0.0020215716157055354,0.000639277075877611,0.017371758680786317
wcf_sensitivity_v1_logit_f3,IC2,1000,25,10,cwdb_dr,mean_quantile_rmse,MEANQ-A-COMMON199,10,0.10085131437867478,0.023008232313377387,0.007275841904455753,0.09310361792685115
wcf_sensitivity_v1_logit_f3,IC2,1000,25,10,cwdb_dr,mean_quantile_rmse,MEANQ-A-INTERIOR,10,0.07681315918698163,0.022074844769365977,0.006980678846585082,0.0704485919926473
wcf_sensitivity_v1_logit_f3,IC2,1000,25,10,cwdb_dr,mean_quantile_rmse,MEANQ-A-K,10,0.08228057024762818,0.02762638030232736,0.008736228526136557,0.07367452534957547
wcf_sensitivity_v1_logit_f3,IC2,1000,25,10,cwdb_dr,mode_coverage,LAW-A-K,10,1.0,0.0,0.0,1.0
wcf_sensitivity_v1_logit_f3,IC2,1000,25,10,cwdb_dr,peak_ram,NONE_OPERATIONAL,10,0.0,0.0,0.0,0.0
wcf_sensitivity_v1_logit_f3,IC2,1000,25,10,cwdb_dr,process_peak_ram,NONE_OPERATIONAL,10,784.744921875,19.53462939947955,6.177392214964262,787.2109375
wcf_sensitivity_v1_logit_f3,IC2,1000,25,10,cwdb_dr,reference_effect_rmse,REF-ATE-COMMON199,10,0.01972514286091459,0.015870259460657208,0.005018616695351216,0.016945540703239295
wcf_sensitivity_v1_logit_f3,IC2,1000,25,10,cwdb_dr,reference_effect_rmse,REF-ATE-K,10,0.01585821061602632,0.01117711577534046,0.003534514352147471,0.014701790417353769
wcf_sensitivity_v1_logit_f3,IC2,1000,25,10,cwdb_dr,reference_tcate_rmse,REF-TCATE-COMMON199,10,0.03416798151832571,0.013234514553890886,0.004185120971694243,0.03131203188190041
wcf_sensitivity_v1_logit_f3,IC2,1000,25,10,cwdb_dr,reference_tcate_rmse,REF-TCATE-INTERIOR,10,0.03147723168313451,0.010621855347472994,0.0033589255874853885,0.031963007931960635
wcf_sensitivity_v1_logit_f3,IC2,1000,25,10,cwdb_dr,reference_tcate_rmse,REF-TCATE-K,10,0.030996427185799556,0.01098761659913211,0.0034745894509930733,0.031606183600386174
wcf_sensitivity_v1_logit_f3,IC2,1000,25,10,cwdb_dr,runtime,NONE_OPERATIONAL,10,398.38586539200116,6.82288018091729,2.1575841574120336,398.4613018059972
wcf_sensitivity_v1_logit_f3,IC2,1000,25,10,cwdb_dr,tail_calibration,LAW-A-K,10,0.00032017163752755875,0.00012400947293554333,3.921523859133239e-05,0.00034831103167953125
wcf_sensitivity_v1_logit_f3,IC2,1000,25,10,cwdb_dr,tate_functional_rmse,TATE-COMMON199-grid_mean,10,0.01662719926697568,0.01359082798583861,0.004297797172280865,0.01568300745799832
wcf_sensitivity_v1_logit_f3,IC2,1000,25,10,cwdb_dr,tate_functional_rmse,TATE-COMMON199-grid_sd,10,0.018345495354352752,0.015307596330218698,0.004840686990592605,0.015364012155811596
wcf_sensitivity_v1_logit_f3,IC2,1000,25,10,cwdb_dr,tate_functional_rmse,TATE-COMMON199-grid_skewness,10,0.0938011403716271,0.003357741216027196,0.001061811003606941,0.09416627725647445
wcf_sensitivity_v1_logit_f3,IC2,1000,25,10,cwdb_dr,tate_functional_rmse,TATE-COMMON199-grid_upper_tail_mean,10,0.015839308083754573,0.012721305571671757,0.004022830041747313,0.01401062713102714
wcf_sensitivity_v1_logit_f3,IC2,1000,25,10,cwdb_dr,tate_functional_rmse,TATE-K-grid_mean,10,0.016977945565013662,0.013389940445912015,0.004234270954309259,0.014149849670478172
wcf_sensitivity_v1_logit_f3,IC2,1000,25,10,cwdb_dr,tate_functional_rmse,TATE-K-grid_sd,10,0.014243625584327702,0.007112882501560567,0.0022492909434087558,0.011337434967090346
wcf_sensitivity_v1_logit_f3,IC2,1000,25,10,cwdb_dr,tate_functional_rmse,TATE-K-grid_skewness,10,0.002880203680869198,0.0019689235477874656,0.0006226282949747771,0.002495601717188517
wcf_sensitivity_v1_logit_f3,IC2,1000,25,10,cwdb_dr,tate_functional_rmse,TATE-K-grid_upper_tail_mean,10,0.01769533647384401,0.01277591971702865,0.004040100550926442,0.01367544590792641
wcf_sensitivity_v1_logit_f3,IC2,1000,25,10,cwdb_dr,tcate_functional_rmse,TCATE-COMMON199-grid_mean,10,0.03310715271696317,0.01169776036303206,0.0036991566270019433,0.03506276717696604
wcf_sensitivity_v1_logit_f3,IC2,1000,25,10,cwdb_dr,tcate_functional_rmse,TCATE-COMMON199-grid_sd,10,0.028622018543196726,0.012213613610519605,0.0038622837470474606,0.02806025061415153
wcf_sensitivity_v1_logit_f3,IC2,1000,25,10,cwdb_dr,tcate_functional_rmse,TCATE-COMMON199-grid_skewness,10,0.09441054897811661,0.0031328012535759946,0.0009906787417930862,0.09450022167339955
wcf_sensitivity_v1_logit_f3,IC2,1000,25,10,cwdb_dr,tcate_functional_rmse,TCATE-COMMON199-grid_upper_tail_mean,10,0.03318681435847927,0.009706150049634231,0.0030693541468200533,0.03407163965267994
wcf_sensitivity_v1_logit_f3,IC2,1000,25,10,cwdb_dr,tcate_functional_rmse,TCATE-K-grid_mean,10,0.033441826328509276,0.011443814295278151,0.003618851829307364,0.035305593519320076
wcf_sensitivity_v1_logit_f3,IC2,1000,25,10,cwdb_dr,tcate_functional_rmse,TCATE-K-grid_sd,10,0.02453767031227635,0.007932735779008463,0.002508551313797687,0.022856787649945382
wcf_sensitivity_v1_logit_f3,IC2,1000,25,10,cwdb_dr,tcate_functional_rmse,TCATE-K-grid_skewness,10,0.009595727192467918,0.004917451670705814,0.0015550347563230667,0.00883548555567391
wcf_sensitivity_v1_logit_f3,IC2,1000,25,10,cwdb_dr,tcate_functional_rmse,TCATE-K-grid_upper_tail_mean,10,0.034153828029044035,0.009511971994309212,0.0030079496541751288,0.03589243940825221
wcf_sensitivity_v1_logit_f3,IC2,1000,25,10,drf,arm_energy_risk,LAW-A-M-K,10,0.09835496912664683,0.007204573150183359,0.002278286072387376,0.09785335427617471
wcf_sensitivity_v1_logit_f3,IC2,1000,25,10,drf,barycenter_rmse,MEANQ-A-K,10,0.3266939159040654,0.012973426565400206,0.004102557700360005,0.32585932714409416
wcf_sensitivity_v1_logit_f3,IC2,1000,25,10,drf,diagnostic_effective_support,NONE_OPERATIONAL,10,235.8143191472073,4.211685945497785,1.3318520377092784,237.32732931163565
wcf_sensitivity_v1_logit_f3,IC2,1000,25,10,drf,kernel_law_error,LAW-A-COMMON199,10,0.10953283293115856,0.004840445525282038,0.0015306832749861384,0.10980205763797672
wcf_sensitivity_v1_logit_f3,IC2,1000,25,10,drf,kernel_law_error,LAW-A-INTERIOR,10,0.09957524338336673,0.00658244823562794,0.0020815529004740998,0.09890586534155517
wcf_sensitivity_v1_logit_f3,IC2,1000,25,10,drf,kernel_law_error,LAW-A-K,10,0.0723539336251651,0.005125916930299161,0.0016209572596563911,0.07169231775122273
wcf_sensitivity_v1_logit_f3,IC2,1000,25,10,drf,mean_quantile_rmse,MEANQ-A-COMMON199,10,0.2343316049528173,0.019307119412548368,0.006105447240050494,0.23536662221327653
wcf_sensitivity_v1_logit_f3,IC2,1000,25,10,drf,mean_quantile_rmse,MEANQ-A-INTERIOR,10,0.2382036875186476,0.020521409983809205,0.006489439634695619,0.23904055227246457
wcf_sensitivity_v1_logit_f3,IC2,1000,25,10,drf,mean_quantile_rmse,MEANQ-A-K,10,0.2298188965056823,0.019886131853218907,0.006288547050659695,0.23110737520825297
wcf_sensitivity_v1_logit_f3,IC2,1000,25,10,drf,mode_coverage,LAW-A-K,10,1.0,0.0,0.0,1.0
wcf_sensitivity_v1_logit_f3,IC2,1000,25,10,drf,peak_ram,NONE_OPERATIONAL,10,558.1600000000001,20.237160538639486,6.399552067658073,555.75
wcf_sensitivity_v1_logit_f3,IC2,1000,25,10,drf,process_peak_ram,NONE_OPERATIONAL,10,635.184375,33.14241144374415,10.480550731266097,630.98046875
wcf_sensitivity_v1_logit_f3,IC2,1000,25,10,drf,reference_effect_rmse,REF-ATE-COMMON199,10,0.19863264121557317,0.016037854971591194,0.005071615049368321,0.1991490587639635
wcf_sensitivity_v1_logit_f3,IC2,1000,25,10,drf,reference_effect_rmse,REF-ATE-K,10,0.179519060970203,0.015957364715245007,0.005046161795417843,0.18029688556813922
wcf_sensitivity_v1_logit_f3,IC2,1000,25,10,drf,reference_tcate_rmse,REF-TCATE-COMMON199,10,0.1986923215906377,0.01601597003224968,0.0050646944238909395,0.19919456710054795
wcf_sensitivity_v1_logit_f3,IC2,1000,25,10,drf,reference_tcate_rmse,REF-TCATE-INTERIOR,10,0.20710310994849043,0.017248521236330316,0.005454461337658723,0.20529733829447125
wcf_sensitivity_v1_logit_f3,IC2,1000,25,10,drf,reference_tcate_rmse,REF-TCATE-K,10,0.17958281963188472,0.015930963041553007,0.005037812853127117,0.18034045657053904
wcf_sensitivity_v1_logit_f3,IC2,1000,25,10,drf,runtime,NONE_OPERATIONAL,10,32.5646,1.5439943292929836,0.4882538774949862,32.6155
wcf_sensitivity_v1_logit_f3,IC2,1000,25,10,drf,tail_calibration,LAW-A-K,10,0.0006868802458021102,0.00044974445777851466,0.00014222168516175377,0.0006158802103873766
wcf_sensitivity_v1_logit_f3,IC2,1000,25,10,drf,tate_functional_rmse,TATE-COMMON199-grid_mean,10,0.2134567642178503,0.018750608400290348,0.005929463005880372,0.21440125167187657
wcf_sensitivity_v1_logit_f3,IC2,1000,25,10,drf,tate_functional_rmse,TATE-COMMON199-grid_sd,10,0.022973184389179592,0.008650935196060148,0.0027356659110065362,0.02233691733741318
wcf_sensitivity_v1_logit_f3,IC2,1000,25,10,drf,tate_functional_rmse,TATE-COMMON199-grid_skewness,10,0.1813039740835086,0.0063045160868766045,0.0019936630379702057,0.18146377756532456
wcf_sensitivity_v1_logit_f3,IC2,1000,25,10,drf,tate_functional_rmse,TATE-COMMON199-grid_upper_tail_mean,10,0.21958742579229873,0.019063261766326927,0.006028332681359764,0.22366099404278167
wcf_sensitivity_v1_logit_f3,IC2,1000,25,10,drf,tate_functional_rmse,TATE-K-grid_mean,10,0.2168489937930814,0.018745361967286715,0.005927803938092076,0.21780742264883607
wcf_sensitivity_v1_logit_f3,IC2,1000,25,10,drf,tate_functional_rmse,TATE-K-grid_sd,10,0.006795893258431681,0.005372280313826298,0.0016988642020575272,0.006200131500663675
wcf_sensitivity_v1_logit_f3,IC2,1000,25,10,drf,tate_functional_rmse,TATE-K-grid_skewness,10,0.09123942277959866,0.006605794287760315,0.002088935570385233,0.09142916383007643
wcf_sensitivity_v1_logit_f3,IC2,1000,25,10,drf,tate_functional_rmse,TATE-K-grid_upper_tail_mean,10,0.22788930281607866,0.019024245714002224,0.006015994722294327,0.23191865267562486
wcf_sensitivity_v1_logit_f3,IC2,1000,25,10,drf,tcate_functional_rmse,TCATE-COMMON199-grid_mean,10,0.21351222296398542,0.018756359618579816,0.005931281700791925,0.21452232869798254
wcf_sensitivity_v1_logit_f3,IC2,1000,25,10,drf,tcate_functional_rmse,TCATE-COMMON199-grid_sd,10,0.0230034704369862,0.008663648956159502,0.002739686354960429,0.022365489007123016
wcf_sensitivity_v1_logit_f3,IC2,1000,25,10,drf,tcate_functional_rmse,TCATE-COMMON199-grid_skewness,10,0.18130344228382284,0.006302820086689198,0.001993126715619778,0.1814747233575475
wcf_sensitivity_v1_logit_f3,IC2,1000,25,10,drf,tcate_functional_rmse,TCATE-COMMON199-grid_upper_tail_mean,10,0.2196391235151378,0.01909342444558535,0.006037870958038738,0.2237090529011979
wcf_sensitivity_v1_logit_f3,IC2,1000,25,10,drf,tcate_functional_rmse,TCATE-K-grid_mean,10,0.21690416717116245,0.0187509043908893,0.00592955660632624,0.21792856916412595
wcf_sensitivity_v1_logit_f3,IC2,1000,25,10,drf,tcate_functional_rmse,TCATE-K-grid_sd,10,0.007003283319079791,0.0052077932729469555,0.0016468488325815324,0.006320377260245244
wcf_sensitivity_v1_logit_f3,IC2,1000,25,10,drf,tcate_functional_rmse,TCATE-K-grid_skewness,10,0.09124390939719615,0.006604234414410438,0.0020884422951205324,0.09144947317169319
wcf_sensitivity_v1_logit_f3,IC2,1000,25,10,drf,tcate_functional_rmse,TCATE-K-grid_upper_tail_mean,10,0.22794066291007836,0.019052370431817043,0.006024888538978761,0.23196661842309618
wcf_sensitivity_v1_logit_f3,IC2,1000,25,25,cwdb_dr,arm_energy_risk,LAW-A-M-K,10,0.04524111540664842,0.0041851965453741785,0.001323475353885064,0.04494554228748922
wcf_sensitivity_v1_logit_f3,IC2,1000,25,25,cwdb_dr,barycenter_rmse,MEANQ-A-K,10,0.1532876473360031,0.008694805097440106,0.0027495387919152996,0.15493153052230174
wcf_sensitivity_v1_logit_f3,IC2,1000,25,25,cwdb_dr,diagnostic_dense_dr_n_levels,NONE_OPERATIONAL,10,199.0,0.0,0.0,199.0
wcf_sensitivity_v1_logit_f3,IC2,1000,25,25,cwdb_dr,diagnostic_dr_if_se_reference,NONE_OPERATIONAL,10,0.018012610143443852,0.0018654563201435004,0.0005899090847209704,0.018443753106844568
wcf_sensitivity_v1_logit_f3,IC2,1000,25,25,cwdb_dr,diagnostic_effective_support,NONE_OPERATIONAL,10,25.0,0.0,0.0,25.0
wcf_sensitivity_v1_logit_f3,IC2,1000,25,25,cwdb_dr,diagnostic_ehat_mean,NONE_OPERATIONAL,10,0.5011351287276258,0.016178617290244852,0.0051161280029355174,0.5066201292655902
wcf_sensitivity_v1_logit_f3,IC2,1000,25,25,cwdb_dr,diagnostic_n_boosting_steps,NONE_OPERATIONAL,10,100.0,0.0,0.0,100.0
wcf_sensitivity_v1_logit_f3,IC2,1000,25,25,cwdb_dr,diagnostic_selected_contrast_shrinkage,NONE_OPERATIONAL,10,225.0,237.17082451262846,75.0,50.0
wcf_sensitivity_v1_logit_f3,IC2,1000,25,25,cwdb_dr,diagnostic_train_risk,NONE_OPERATIONAL,10,0.06324638069215076,0.005723840730657389,0.0018100373672919714,0.06321465235191526
wcf_sensitivity_v1_logit_f3,IC2,1000,25,25,cwdb_dr,kernel_law_error,LAW-A-COMMON199,10,0.060750934850509676,0.0040505363394906365,0.0012808920578071441,0.05905472795685275
wcf_sensitivity_v1_logit_f3,IC2,1000,25,25,cwdb_dr,kernel_law_error,LAW-A-INTERIOR,10,0.019822734200219058,0.003010519065930269,0.0009520097187702266,0.01894552408151552
wcf_sensitivity_v1_logit_f3,IC2,1000,25,25,cwdb_dr,kernel_law_error,LAW-A-K,10,0.017370093984959135,0.0026417977686029855,0.0008354098066335894,0.016814254146212848
wcf_sensitivity_v1_logit_f3,IC2,1000,25,25,cwdb_dr,mean_quantile_rmse,MEANQ-A-COMMON199,10,0.09563094535300996,0.021024686589470865,0.006648589671392543,0.09341883841168548
wcf_sensitivity_v1_logit_f3,IC2,1000,25,25,cwdb_dr,mean_quantile_rmse,MEANQ-A-INTERIOR,10,0.06942857066869453,0.020199916089220442,0.006387774338621761,0.06916039557841934
wcf_sensitivity_v1_logit_f3,IC2,1000,25,25,cwdb_dr,mean_quantile_rmse,MEANQ-A-K,10,0.07396794896771831,0.02459061580235204,0.007776235500156137,0.07193626301129223
wcf_sensitivity_v1_logit_f3,IC2,1000,25,25,cwdb_dr,mode_coverage,LAW-A-K,10,1.0,0.0,0.0,1.0
wcf_sensitivity_v1_logit_f3,IC2,1000,25,25,cwdb_dr,peak_ram,NONE_OPERATIONAL,10,0.0,0.0,0.0,0.0
wcf_sensitivity_v1_logit_f3,IC2,1000,25,25,cwdb_dr,process_peak_ram,NONE_OPERATIONAL,10,855.797265625,54.67979154037159,17.2912683250781,822.61328125
wcf_sensitivity_v1_logit_f3,IC2,1000,25,25,cwdb_dr,reference_effect_rmse,REF-ATE-COMMON199,10,0.01737949876749817,0.014092070244678867,0.004456303892027153,0.014357025679737623
wcf_sensitivity_v1_logit_f3,IC2,1000,25,25,cwdb_dr,reference_effect_rmse,REF-ATE-K,10,0.017060916053656457,0.011932930063809506,0.0037735238161136432,0.015185616652966666
wcf_sensitivity_v1_logit_f3,IC2,1000,25,25,cwdb_dr,reference_tcate_rmse,REF-TCATE-COMMON199,10,0.0344920213144882,0.01295417722884587,0.004096470525664121,0.033345637576110976
wcf_sensitivity_v1_logit_f3,IC2,1000,25,25,cwdb_dr,reference_tcate_rmse,REF-TCATE-INTERIOR,10,0.0330755567598524,0.012745519794369845,0.004030487251296963,0.03236987264672459
wcf_sensitivity_v1_logit_f3,IC2,1000,25,25,cwdb_dr,reference_tcate_rmse,REF-TCATE-K,10,0.03390411449956213,0.012077907637336297,0.003819369750312562,0.03305866616264443
wcf_sensitivity_v1_logit_f3,IC2,1000,25,25,cwdb_dr,runtime,NONE_OPERATIONAL,10,1580.8719774841989,375.9713366043691,118.89257586076425,1533.6229955665003
wcf_sensitivity_v1_logit_f3,IC2,1000,25,25,cwdb_dr,tail_calibration,LAW-A-K,10,0.00038706745439612484,0.0001905778705465353,6.026601425517699e-05,0.0003857652600173831
wcf_sensitivity_v1_logit_f3,IC2,1000,25,25,cwdb_dr,tate_functional_rmse,TATE-COMMON199-grid_mean,10,0.016573147493194072,0.013744016355837961,0.00434623958830552,0.015990209235707965
wcf_sensitivity_v1_logit_f3,IC2,1000,25,25,cwdb_dr,tate_functional_rmse,TATE-COMMON199-grid_sd,10,0.01904126072985335,0.013699280473632253,0.004332092860214816,0.015453365329799185
wcf_sensitivity_v1_logit_f3,IC2,1000,25,25,cwdb_dr,tate_functional_rmse,TATE-COMMON199-grid_skewness,10,0.09361436772300902,0.002914961126845266,0.0009217916451682029,0.09360487574939659
wcf_sensitivity_v1_logit_f3,IC2,1000,25,25,cwdb_dr,tate_functional_rmse,TATE-COMMON199-grid_upper_tail_mean,10,0.015300014108127046,0.011597200780127166,0.0036673568947483436,0.010614353610221242
wcf_sensitivity_v1_logit_f3,IC2,1000,25,25,cwdb_dr,tate_functional_rmse,TATE-K-grid_mean,10,0.016096921984787405,0.012976201181624911,0.004103435111050298,0.012310734268973549
wcf_sensitivity_v1_logit_f3,IC2,1000,25,25,cwdb_dr,tate_functional_rmse,TATE-K-grid_sd,10,0.012734015369748605,0.00559387736453823,0.0017689393423600812,0.013416377285335998
wcf_sensitivity_v1_logit_f3,IC2,1000,25,25,cwdb_dr,tate_functional_rmse,TATE-K-grid_skewness,10,0.0026147254690985387,0.0017201856248001163,0.0005439704572648193,0.0025197447788195965
wcf_sensitivity_v1_logit_f3,IC2,1000,25,25,cwdb_dr,tate_functional_rmse,TATE-K-grid_upper_tail_mean,10,0.013942322746134116,0.011643454402755432,0.0036819835745022663,0.012121924208666649
wcf_sensitivity_v1_logit_f3,IC2,1000,25,25,cwdb_dr,tcate_functional_rmse,TCATE-COMMON199-grid_mean,10,0.03480475846547867,0.010912337034575684,0.0034507839624666743,0.03367123526964212
wcf_sensitivity_v1_logit_f3,IC2,1000,25,25,cwdb_dr,tcate_functional_rmse,TCATE-COMMON199-grid_sd,10,0.030072788681913133,0.010329265368366565,0.0032664005120336495,0.02971768505239196
wcf_sensitivity_v1_logit_f3,IC2,1000,25,25,cwdb_dr,tcate_functional_rmse,TCATE-COMMON199-grid_skewness,10,0.09392818027534211,0.0027236889317035708,0.000861306066197408,0.09393388403662177
wcf_sensitivity_v1_logit_f3,IC2,1000,25,25,cwdb_dr,tcate_functional_rmse,TCATE-COMMON199-grid_upper_tail_mean,10,0.033852686251567274,0.011292683817438177,0.003571060175922972,0.040232470734318265
wcf_sensitivity_v1_logit_f3,IC2,1000,25,25,cwdb_dr,tcate_functional_rmse,TCATE-K-grid_mean,10,0.03460063679649254,0.010218151700331385,0.003231263285016948,0.03240176987495126
wcf_sensitivity_v1_logit_f3,IC2,1000,25,25,cwdb_dr,tcate_functional_rmse,TCATE-K-grid_sd,10,0.02506079829065992,0.00704236450847889,0.002226991195992546,0.022877388217270086
wcf_sensitivity_v1_logit_f3,IC2,1000,25,25,cwdb_dr,tcate_functional_rmse,TCATE-K-grid_skewness,10,0.008072634212269175,0.0029020299834864585,0.0009177024585918038,0.006667623363795347
wcf_sensitivity_v1_logit_f3,IC2,1000,25,25,cwdb_dr,tcate_functional_rmse,TCATE-K-grid_upper_tail_mean,10,0.03345564812876478,0.010220227881791282,0.003231919831241857,0.036159242245191986
wcf_sensitivity_v1_logit_f3,IC2,1000,49,10,causal_drf,arm_energy_risk,LAW-A-M-K,10,0.07495530661591113,0.005635247239214701,0.0017820216454094184,0.07482538200560886
wcf_sensitivity_v1_logit_f3,IC2,1000,49,10,causal_drf,barycenter_rmse,MEANQ-A-K,10,0.2720638853941037,0.01611370337983107,0.00509560042206195,0.2692145811632575
wcf_sensitivity_v1_logit_f3,IC2,1000,49,10,causal_drf,diagnostic_effective_support,NONE_OPERATIONAL,10,128.33914322979484,2.8225191518234722,0.8925589259208768,127.40341816445054
wcf_sensitivity_v1_logit_f3,IC2,1000,49,10,causal_drf,kernel_law_error,LAW-A-COMMON199,10,0.06646500162717522,0.0036600883493897065,0.0011574215621517627,0.06604650111682989
wcf_sensitivity_v1_logit_f3,IC2,1000,49,10,causal_drf,kernel_law_error,LAW-A-INTERIOR,10,0.07260342122525512,0.005073308061373115,0.001604320874563235,0.07137728699529394
wcf_sensitivity_v1_logit_f3,IC2,1000,49,10,causal_drf,kernel_law_error,LAW-A-K,10,0.051093002103633246,0.00397159136757021,0.0012559274656984858,0.05032979204873243
wcf_sensitivity_v1_logit_f3,IC2,1000,49,10,causal_drf,mean_quantile_rmse,MEANQ-A-COMMON199,10,0.16855769273152055,0.023156122703755423,0.007322608952220358,0.1732927859791577
wcf_sensitivity_v1_logit_f3,IC2,1000,49,10,causal_drf,mean_quantile_rmse,MEANQ-A-INTERIOR,10,0.16966496918494714,0.024760005589445383,0.007829801254114734,0.1742981823374107
wcf_sensitivity_v1_logit_f3,IC2,1000,49,10,causal_drf,mean_quantile_rmse,MEANQ-A-K,10,0.1656129804373393,0.023566995405099305,0.0074525383086836375,0.17083936767121793
wcf_sensitivity_v1_logit_f3,IC2,1000,49,10,causal_drf,mode_coverage,LAW-A-K,10,1.0,0.0,0.0,1.0
wcf_sensitivity_v1_logit_f3,IC2,1000,49,10,causal_drf,peak_ram,NONE_OPERATIONAL,10,401.57891,1.3805517596236743,0.43656879881640914,401.29495
wcf_sensitivity_v1_logit_f3,IC2,1000,49,10,causal_drf,process_peak_ram,NONE_OPERATIONAL,10,655.80859375,41.494200969015836,13.121618475085588,638.939453125
wcf_sensitivity_v1_logit_f3,IC2,1000,49,10,causal_drf,reference_effect_rmse,REF-ATE-COMMON199,10,0.13626059803545326,0.02377636849884094,0.007518747894381589,0.13752373383808186
wcf_sensitivity_v1_logit_f3,IC2,1000,49,10,causal_drf,reference_effect_rmse,REF-ATE-K,10,0.12576659544457486,0.023718074323557728,0.0075003136575599845,0.12686301479278111
wcf_sensitivity_v1_logit_f3,IC2,1000,49,10,causal_drf,reference_tcate_rmse,REF-TCATE-COMMON199,10,0.13649513292229448,0.023900011382320067,0.007557847207208073,0.13766710663083043
wcf_sensitivity_v1_logit_f3,IC2,1000,49,10,causal_drf,reference_tcate_rmse,REF-TCATE-INTERIOR,10,0.14681038982843914,0.02534233768063826,0.008013950830392571,0.15120304278576274
wcf_sensitivity_v1_logit_f3,IC2,1000,49,10,causal_drf,reference_tcate_rmse,REF-TCATE-K,10,0.1260126569326528,0.02384081493853855,0.007539127648034903,0.12701599652522932
wcf_sensitivity_v1_logit_f3,IC2,1000,49,10,causal_drf,runtime,NONE_OPERATIONAL,10,56.371500000000005,1.4695676801926019,0.4647181045178534,56.906
wcf_sensitivity_v1_logit_f3,IC2,1000,49,10,causal_drf,tail_calibration,LAW-A-K,10,1.121824961331841e-06,6.770588691277767e-07,2.1410481364616346e-07,1.1429410528737695e-06
wcf_sensitivity_v1_logit_f3,IC2,1000,49,10,causal_drf,tate_functional_rmse,TATE-COMMON199-grid_mean,10,0.15363538760644863,0.02564923938394629,0.00811100167041643,0.1613843076930308
wcf_sensitivity_v1_logit_f3,IC2,1000,49,10,causal_drf,tate_functional_rmse,TATE-COMMON199-grid_sd,10,0.012617048106126964,0.008766038170547783,0.002772064667490654,0.011115478648086041
wcf_sensitivity_v1_logit_f3,IC2,1000,49,10,causal_drf,tate_functional_rmse,TATE-COMMON199-grid_skewness,10,0.11870618290651633,0.007428178386048158,0.0023489962565945697,0.11700465677328585
wcf_sensitivity_v1_logit_f3,IC2,1000,49,10,causal_drf,tate_functional_rmse,TATE-COMMON199-grid_upper_tail_mean,10,0.1594932886190819,0.02472476468522299,0.007818657101700073,0.1669727715774132
wcf_sensitivity_v1_logit_f3,IC2,1000,49,10,causal_drf,tate_functional_rmse,TATE-K-grid_mean,10,0.1551513818010302,0.025647778471671115,0.008110539689391306,0.1628966686754066
wcf_sensitivity_v1_logit_f3,IC2,1000,49,10,causal_drf,tate_functional_rmse,TATE-K-grid_sd,10,0.009206968053443228,0.006545048745823819,0.002069726143363173,0.008966390696750287
wcf_sensitivity_v1_logit_f3,IC2,1000,49,10,causal_drf,tate_functional_rmse,TATE-K-grid_skewness,10,0.060909321718513175,0.0076920013454629226,0.0024324244016742515,0.0591586404162016
wcf_sensitivity_v1_logit_f3,IC2,1000,49,10,causal_drf,tate_functional_rmse,TATE-K-grid_upper_tail_mean,10,0.16324552353494703,0.024735569900508687,0.0078220740107912,0.1707946096656338
wcf_sensitivity_v1_logit_f3,IC2,1000,49,10,causal_drf,tcate_functional_rmse,TCATE-COMMON199-grid_mean,10,0.15385304273645728,0.025766080527038538,0.008147950084075347,0.1615676893112931
wcf_sensitivity_v1_logit_f3,IC2,1000,49,10,causal_drf,tcate_functional_rmse,TCATE-COMMON199-grid_sd,10,0.013102752608742529,0.00847298880885242,0.0026793943225090692,0.011425202211608861
wcf_sensitivity_v1_logit_f3,IC2,1000,49,10,causal_drf,tcate_functional_rmse,TCATE-COMMON199-grid_skewness,10,0.11872679072799816,0.007446548636609375,0.002354805439890713,0.11691222176479332
wcf_sensitivity_v1_logit_f3,IC2,1000,49,10,causal_drf,tcate_functional_rmse,TCATE-COMMON199-grid_upper_tail_mean,10,0.1597065688668428,0.02484013564188304,0.007855140601587906,0.16711092148459328
wcf_sensitivity_v1_logit_f3,IC2,1000,49,10,causal_drf,tcate_functional_rmse,TCATE-K-grid_mean,10,0.15536769897001412,0.025764625764219815,0.008147490047679097,0.1630788441620153
wcf_sensitivity_v1_logit_f3,IC2,1000,49,10,causal_drf,tcate_functional_rmse,TCATE-K-grid_sd,10,0.009946410170620852,0.0060530384641908725,0.001914138831145071,0.00961743126504283
wcf_sensitivity_v1_logit_f3,IC2,1000,49,10,causal_drf,tcate_functional_rmse,TCATE-K-grid_skewness,10,0.060961289719074684,0.007712684505215413,0.002438964991076951,0.0590790025913599
wcf_sensitivity_v1_logit_f3,IC2,1000,49,10,causal_drf,tcate_functional_rmse,TCATE-K-grid_upper_tail_mean,10,0.1634560464275123,0.0248511992475387,0.007858639220888487,0.17093167473974613
wcf_sensitivity_v1_logit_f3,IC2,1000,49,10,cwdb_dr,arm_energy_risk,LAW-A-M-K,10,0.0467161954162455,0.0020609362343196585,0.00065172526128206,0.04575309797741209
wcf_sensitivity_v1_logit_f3,IC2,1000,49,10,cwdb_dr,barycenter_rmse,MEANQ-A-K,10,0.15144009463582025,0.004490834857648365,0.0014201266745846866,0.1519516456949142
wcf_sensitivity_v1_logit_f3,IC2,1000,49,10,cwdb_dr,diagnostic_dense_dr_n_levels,NONE_OPERATIONAL,10,199.0,0.0,0.0,199.0
wcf_sensitivity_v1_logit_f3,IC2,1000,49,10,cwdb_dr,diagnostic_dr_if_se_reference,NONE_OPERATIONAL,10,0.017654135772902167,0.001385841725935351,0.000438241633045455,0.01803675821120131
wcf_sensitivity_v1_logit_f3,IC2,1000,49,10,cwdb_dr,diagnostic_effective_support,NONE_OPERATIONAL,10,9.999999999999998,0.0,0.0,9.999999999999998
wcf_sensitivity_v1_logit_f3,IC2,1000,49,10,cwdb_dr,diagnostic_ehat_mean,NONE_OPERATIONAL,10,0.5011351287276258,0.016178617290244852,0.0051161280029355174,0.5066201292655902
wcf_sensitivity_v1_logit_f3,IC2,1000,49,10,cwdb_dr,diagnostic_n_boosting_steps,NONE_OPERATIONAL,10,100.0,0.0,0.0,100.0
wcf_sensitivity_v1_logit_f3,IC2,1000,49,10,cwdb_dr,diagnostic_selected_contrast_shrinkage,NONE_OPERATIONAL,10,90.0,144.9137674618944,45.825756949558404,50.0
wcf_sensitivity_v1_logit_f3,IC2,1000,49,10,cwdb_dr,diagnostic_train_risk,NONE_OPERATIONAL,10,0.0677194356097227,0.0049137939052335605,0.0015538780693191627,0.06838312588294912
wcf_sensitivity_v1_logit_f3,IC2,1000,49,10,cwdb_dr,kernel_law_error,LAW-A-COMMON199,10,0.03401142471978655,0.002036681196905414,0.0006440551449858987,0.03353073733761172
wcf_sensitivity_v1_logit_f3,IC2,1000,49,10,cwdb_dr,kernel_law_error,LAW-A-INTERIOR,10,0.01909551864741329,0.0016845900578854106,0.0005327141506592791,0.018726813653661797
wcf_sensitivity_v1_logit_f3,IC2,1000,49,10,cwdb_dr,kernel_law_error,LAW-A-K,10,0.016558434474691484,0.0014063085633993404,0.0004447138153341221,0.01639071771473022
wcf_sensitivity_v1_logit_f3,IC2,1000,49,10,cwdb_dr,mean_quantile_rmse,MEANQ-A-COMMON199,10,0.0877014785558151,0.016841800716686766,0.005325845016338635,0.08221894058659629
wcf_sensitivity_v1_logit_f3,IC2,1000,49,10,cwdb_dr,mean_quantile_rmse,MEANQ-A-INTERIOR,10,0.07284025589889433,0.013768066437122875,0.004353844891782772,0.06861091214423433
wcf_sensitivity_v1_logit_f3,IC2,1000,49,10,cwdb_dr,mean_quantile_rmse,MEANQ-A-K,10,0.07880141223106374,0.018836219825176654,0.0059565357155176865,0.07370159843058899
wcf_sensitivity_v1_logit_f3,IC2,1000,49,10,cwdb_dr,mode_coverage,LAW-A-K,10,1.0,0.0,0.0,1.0
wcf_sensitivity_v1_logit_f3,IC2,1000,49,10,cwdb_dr,peak_ram,NONE_OPERATIONAL,10,0.0,0.0,0.0,0.0
wcf_sensitivity_v1_logit_f3,IC2,1000,49,10,cwdb_dr,process_peak_ram,NONE_OPERATIONAL,10,882.282421875,57.97385533547893,18.332942760121842,915.552734375
wcf_sensitivity_v1_logit_f3,IC2,1000,49,10,cwdb_dr,reference_effect_rmse,REF-ATE-COMMON199,10,0.012305626419053584,0.010163880031688622,0.003214101076484041,0.007634137672258567
wcf_sensitivity_v1_logit_f3,IC2,1000,49,10,cwdb_dr,reference_effect_rmse,REF-ATE-K,10,0.011815431614072492,0.011233689706277996,0.003552404599942639,0.009654740264830278
wcf_sensitivity_v1_logit_f3,IC2,1000,49,10,cwdb_dr,reference_tcate_rmse,REF-TCATE-COMMON199,10,0.03297721408934503,0.011584106941103239,0.003663216259285223,0.03480326992458714
wcf_sensitivity_v1_logit_f3,IC2,1000,49,10,cwdb_dr,reference_tcate_rmse,REF-TCATE-INTERIOR,10,0.03348168722636376,0.010967966224017746,0.0034683754567692653,0.035195995783189146
wcf_sensitivity_v1_logit_f3,IC2,1000,49,10,cwdb_dr,reference_tcate_rmse,REF-TCATE-K,10,0.03332732716125912,0.010401783472161998,0.0032893327499926564,0.03408821226710207
wcf_sensitivity_v1_logit_f3,IC2,1000,49,10,cwdb_dr,runtime,NONE_OPERATIONAL,10,612.1087604574988,174.15290904365762,55.07198537220942,654.2456202594999
wcf_sensitivity_v1_logit_f3,IC2,1000,49,10,cwdb_dr,tail_calibration,LAW-A-K,10,1.1218249612601204e-06,6.770588691253489e-07,2.1410481364539573e-07,1.1429410528268625e-06
wcf_sensitivity_v1_logit_f3,IC2,1000,49,10,cwdb_dr,tate_functional_rmse,TATE-COMMON199-grid_mean,10,0.013699950380107745,0.012846945490791318,0.004062560872693028,0.007549677309091042
wcf_sensitivity_v1_logit_f3,IC2,1000,49,10,cwdb_dr,tate_functional_rmse,TATE-COMMON199-grid_sd,10,0.011485524288659057,0.008146573885872402,0.00257617286062054,0.010274382892547479
wcf_sensitivity_v1_logit_f3,IC2,1000,49,10,cwdb_dr,tate_functional_rmse,TATE-COMMON199-grid_skewness,10,0.059845711987556525,0.004899855519439566,0.0015494703647176468,0.05929763707641164
wcf_sensitivity_v1_logit_f3,IC2,1000,49,10,cwdb_dr,tate_functional_rmse,TATE-COMMON199-grid_upper_tail_mean,10,0.015443289856760694,0.012411781572729963,0.0039249499590333515,0.012258487362955336
wcf_sensitivity_v1_logit_f3,IC2,1000,49,10,cwdb_dr,tate_functional_rmse,TATE-K-grid_mean,10,0.013090700385390347,0.013561883009123614,0.004288643966956872,0.0060220136797506235
wcf_sensitivity_v1_logit_f3,IC2,1000,49,10,cwdb_dr,tate_functional_rmse,TATE-K-grid_sd,10,0.012064274488064816,0.007070565763208395,0.0022359092157745292,0.009597817436316047
wcf_sensitivity_v1_logit_f3,IC2,1000,49,10,cwdb_dr,tate_functional_rmse,TATE-K-grid_skewness,10,0.0036787245248394384,0.0033413866547344633,0.0010566392372251547,0.001810637753180841
wcf_sensitivity_v1_logit_f3,IC2,1000,49,10,cwdb_dr,tate_functional_rmse,TATE-K-grid_upper_tail_mean,10,0.015402494626316427,0.013273987018261527,0.00419760326092135,0.008151697155145228
wcf_sensitivity_v1_logit_f3,IC2,1000,49,10,cwdb_dr,tcate_functional_rmse,TCATE-COMMON199-grid_mean,10,0.036051485563919496,0.01100803926856372,0.003481047666123532,0.0367576525525696
wcf_sensitivity_v1_logit_f3,IC2,1000,49,10,cwdb_dr,tcate_functional_rmse,TCATE-COMMON199-grid_sd,10,0.0238385151684488,0.008607807880672785,0.002722027856407287,0.023959803237661496
wcf_sensitivity_v1_logit_f3,IC2,1000,49,10,cwdb_dr,tcate_functional_rmse,TCATE-COMMON199-grid_skewness,10,0.06018562537116656,0.004877397737360879,0.0015423685904612109,0.06012891479818809
wcf_sensitivity_v1_logit_f3,IC2,1000,49,10,cwdb_dr,tcate_functional_rmse,TCATE-COMMON199-grid_upper_tail_mean,10,0.035030917700162735,0.011128790897505705,0.00351923268398675,0.03502339969537304
wcf_sensitivity_v1_logit_f3,IC2,1000,49,10,cwdb_dr,tcate_functional_rmse,TCATE-K-grid_mean,10,0.03599351997011391,0.011149363324139223,0.0035257382565026126,0.03722279341674353
wcf_sensitivity_v1_logit_f3,IC2,1000,49,10,cwdb_dr,tcate_functional_rmse,TCATE-K-grid_sd,10,0.023331861648099857,0.01041893660458662,0.0032947570467394857,0.021592095742164915
wcf_sensitivity_v1_logit_f3,IC2,1000,49,10,cwdb_dr,tcate_functional_rmse,TCATE-K-grid_skewness,10,0.008381258191760475,0.001987994665059894,0.0006286591117852823,0.00911687458199054
wcf_sensitivity_v1_logit_f3,IC2,1000,49,10,cwdb_dr,tcate_functional_rmse,TCATE-K-grid_upper_tail_mean,10,0.0352785825573428,0.01119384980279645,0.003539806116266343,0.0360582158216893
wcf_sensitivity_v1_logit_f3,IC2,1000,49,10,drf,arm_energy_risk,LAW-A-M-K,10,0.09503942968215734,0.006934150358471531,0.002192770877084308,0.09390487129348338
wcf_sensitivity_v1_logit_f3,IC2,1000,49,10,drf,barycenter_rmse,MEANQ-A-K,10,0.3196597094271344,0.012718685683010924,0.004022001560208885,0.31940900909218406
wcf_sensitivity_v1_logit_f3,IC2,1000,49,10,drf,diagnostic_effective_support,NONE_OPERATIONAL,10,227.89741359489716,3.551869234984221,1.1231996733629952,228.96724868491464
wcf_sensitivity_v1_logit_f3,IC2,1000,49,10,drf,kernel_law_error,LAW-A-COMMON199,10,0.08287303525777254,0.00471816507248128,0.0014920148005694274,0.08317503942185933
wcf_sensitivity_v1_logit_f3,IC2,1000,49,10,drf,kernel_law_error,LAW-A-INTERIOR,10,0.09548439810101048,0.0063669526577028405,0.0020134072152803383,0.09545870516868794
wcf_sensitivity_v1_logit_f3,IC2,1000,49,10,drf,kernel_law_error,LAW-A-K,10,0.06804939905771767,0.0048745106441529145,0.0015414556114257737,0.06771168727453414
wcf_sensitivity_v1_logit_f3,IC2,1000,49,10,drf,mean_quantile_rmse,MEANQ-A-COMMON199,10,0.21877296020051187,0.01978621470742433,0.006256950474858298,0.22193256074763684
wcf_sensitivity_v1_logit_f3,IC2,1000,49,10,drf,mean_quantile_rmse,MEANQ-A-INTERIOR,10,0.22397229889532003,0.02066592820058795,0.0065351403075362986,0.22695653145322714
wcf_sensitivity_v1_logit_f3,IC2,1000,49,10,drf,mean_quantile_rmse,MEANQ-A-K,10,0.2165068951961237,0.020102582530205308,0.006356994764695937,0.21986368606662132
wcf_sensitivity_v1_logit_f3,IC2,1000,49,10,drf,mode_coverage,LAW-A-K,10,1.0,0.0,0.0,1.0
wcf_sensitivity_v1_logit_f3,IC2,1000,49,10,drf,peak_ram,NONE_OPERATIONAL,10,575.3199999999999,36.086340906221025,11.41150296849631,555.7
wcf_sensitivity_v1_logit_f3,IC2,1000,49,10,drf,process_peak_ram,NONE_OPERATIONAL,10,661.9328125,40.72938940223091,12.879763821897352,669.509765625
wcf_sensitivity_v1_logit_f3,IC2,1000,49,10,drf,reference_effect_rmse,REF-ATE-COMMON199,10,0.17650546568399972,0.015946529233651564,0.005042735315279832,0.17699055935327596
wcf_sensitivity_v1_logit_f3,IC2,1000,49,10,drf,reference_effect_rmse,REF-ATE-K,10,0.16587133115746622,0.01588707298994683,0.005023933600157332,0.16650103437955532
wcf_sensitivity_v1_logit_f3,IC2,1000,49,10,drf,reference_tcate_rmse,REF-TCATE-COMMON199,10,0.17655842843566133,0.015931170351849357,0.005037878410399004,0.17705389902250557
wcf_sensitivity_v1_logit_f3,IC2,1000,49,10,drf,reference_tcate_rmse,REF-TCATE-INTERIOR,10,0.1929605688241506,0.01738180366139599,0.005496608941186548,0.192061801300159
wcf_sensitivity_v1_logit_f3,IC2,1000,49,10,drf,reference_tcate_rmse,REF-TCATE-K,10,0.16592689385476725,0.015868922257081405,0.00501819383445173,0.16656405356660103
wcf_sensitivity_v1_logit_f3,IC2,1000,49,10,drf,runtime,NONE_OPERATIONAL,10,39.062200000000004,0.5196220421293402,0.16431891755566846,38.9695
wcf_sensitivity_v1_logit_f3,IC2,1000,49,10,drf,tail_calibration,LAW-A-K,10,1.1218249610522312e-06,6.77058869118282e-07,2.14104813643161e-07,1.1429410526200833e-06
wcf_sensitivity_v1_logit_f3,IC2,1000,49,10,drf,tate_functional_rmse,TATE-COMMON199-grid_mean,10,0.20061779313043893,0.01893014869749223,0.005986238632974522,0.20277002365574667
wcf_sensitivity_v1_logit_f3,IC2,1000,49,10,drf,tate_functional_rmse,TATE-COMMON199-grid_sd,10,0.013462973808813252,0.008182552295268927,0.002587550232648842,0.012046746252300636
wcf_sensitivity_v1_logit_f3,IC2,1000,49,10,drf,tate_functional_rmse,TATE-COMMON199-grid_skewness,10,0.15000570447701853,0.006553820238441255,0.002072499932878218,0.15075773767354766
wcf_sensitivity_v1_logit_f3,IC2,1000,49,10,drf,tate_functional_rmse,TATE-COMMON199-grid_upper_tail_mean,10,0.20823632569428058,0.019692124919665863,0.006227196671470439,0.21433324626876604
wcf_sensitivity_v1_logit_f3,IC2,1000,49,10,drf,tate_functional_rmse,TATE-K-grid_mean,10,0.20213332300111536,0.018927871345105273,0.005985518470916762,0.2042919184464305
wcf_sensitivity_v1_logit_f3,IC2,1000,49,10,drf,tate_functional_rmse,TATE-K-grid_sd,10,0.0070275365835932415,0.0057662880179511706,0.0018234603781263588,0.0058866492030501955
wcf_sensitivity_v1_logit_f3,IC2,1000,49,10,drf,tate_functional_rmse,TATE-K-grid_skewness,10,0.093313777591114,0.006784559478370829,0.00214546608725357,0.09408140928752456
wcf_sensitivity_v1_logit_f3,IC2,1000,49,10,drf,tate_functional_rmse,TATE-K-grid_upper_tail_mean,10,0.21204748333110776,0.019662373809072983,0.006217788544231133,0.21822295652146112
wcf_sensitivity_v1_logit_f3,IC2,1000,49,10,drf,tcate_functional_rmse,TCATE-COMMON199-grid_mean,10,0.20065747522833272,0.018947272439522395,0.00599165363566257,0.2028888446793916
wcf_sensitivity_v1_logit_f3,IC2,1000,49,10,drf,tcate_functional_rmse,TCATE-COMMON199-grid_sd,10,0.013514073379455389,0.008186782246255643,0.002588887860599732,0.012076226465787107
wcf_sensitivity_v1_logit_f3,IC2,1000,49,10,drf,tcate_functional_rmse,TCATE-COMMON199-grid_skewness,10,0.14999749680354896,0.006556339109999089,0.0020732964700038354,0.1507210223598015
wcf_sensitivity_v1_logit_f3,IC2,1000,49,10,drf,tcate_functional_rmse,TCATE-COMMON199-grid_upper_tail_mean,10,0.2082708583250537,0.019736622031895832,0.006241267893865123,0.21430571160878242
wcf_sensitivity_v1_logit_f3,IC2,1000,49,10,drf,tcate_functional_rmse,TCATE-K-grid_mean,10,0.20217284054774734,0.01894496247384889,0.005990923160378062,0.2044107364763467
wcf_sensitivity_v1_logit_f3,IC2,1000,49,10,drf,tcate_functional_rmse,TCATE-K-grid_sd,10,0.00718248939335696,0.005678371805955707,0.0017956588308103707,0.006141291696151717
wcf_sensitivity_v1_logit_f3,IC2,1000,49,10,drf,tcate_functional_rmse,TCATE-K-grid_skewness,10,0.09330965430345073,0.006787730690342608,0.002146468912530972,0.09404960846054392
wcf_sensitivity_v1_logit_f3,IC2,1000,49,10,drf,tcate_functional_rmse,TCATE-K-grid_upper_tail_mean,10,0.21208177102619757,0.019706041417898078,0.00623159745461719,0.21819542173253256
wcf_sensitivity_v1_logit_f3,IC3,1000,5,5,cwdb_dr,arm_energy_risk,LAW-A-M-K,10,0.052042879425914935,0.0030218737850292907,0.0009556003962246589,0.05104645297055793
wcf_sensitivity_v1_logit_f3,IC3,1000,5,5,cwdb_dr,barycenter_rmse,MEANQ-A-K,10,0.1505493727846656,0.007066845304440457,0.0022347327034097863,0.14948817302785944
wcf_sensitivity_v1_logit_f3,IC3,1000,5,5,cwdb_dr,diagnostic_dense_dr_n_levels,NONE_OPERATIONAL,10,199.0,0.0,0.0,199.0
wcf_sensitivity_v1_logit_f3,IC3,1000,5,5,cwdb_dr,diagnostic_dr_if_se_reference,NONE_OPERATIONAL,10,0.026585917521021445,0.005394604409845135,0.0017059237010699094,0.02507077193842546
wcf_sensitivity_v1_logit_f3,IC3,1000,5,5,cwdb_dr,diagnostic_effective_support,NONE_OPERATIONAL,10,4.999999999999999,0.0,0.0,4.999999999999999
wcf_sensitivity_v1_logit_f3,IC3,1000,5,5,cwdb_dr,diagnostic_ehat_mean,NONE_OPERATIONAL,10,0.4991447934978178,0.018344420611813295,0.005801015148946953,0.4899904048423479
wcf_sensitivity_v1_logit_f3,IC3,1000,5,5,cwdb_dr,diagnostic_n_boosting_steps,NONE_OPERATIONAL,10,100.0,0.0,0.0,100.0
wcf_sensitivity_v1_logit_f3,IC3,1000,5,5,cwdb_dr,diagnostic_selected_contrast_shrinkage,NONE_OPERATIONAL,10,90.0,144.9137674618944,45.825756949558404,50.0
wcf_sensitivity_v1_logit_f3,IC3,1000,5,5,cwdb_dr,diagnostic_train_risk,NONE_OPERATIONAL,10,0.07007655125843772,0.006981199115277665,0.002207649000342981,0.07223893140030405
wcf_sensitivity_v1_logit_f3,IC3,1000,5,5,cwdb_dr,kernel_law_error,LAW-A-COMMON199,10,0.24711061227103048,0.008757922377980914,0.002769498228537777,0.2470353991236542
wcf_sensitivity_v1_logit_f3,IC3,1000,5,5,cwdb_dr,kernel_law_error,LAW-A-INTERIOR,10,0.030407866871897577,0.002350622672882853,0.0007433321565942729,0.029471200132195625
wcf_sensitivity_v1_logit_f3,IC3,1000,5,5,cwdb_dr,kernel_law_error,LAW-A-K,10,0.02060205114128934,0.001559673728823477,0.0004932121389809996,0.020617260702203634
wcf_sensitivity_v1_logit_f3,IC3,1000,5,5,cwdb_dr,mean_quantile_rmse,MEANQ-A-COMMON199,10,0.15514689146490043,0.015410974632277617,0.004873378080107311,0.14804238845337891
wcf_sensitivity_v1_logit_f3,IC3,1000,5,5,cwdb_dr,mean_quantile_rmse,MEANQ-A-INTERIOR,10,0.1287926149098049,0.01908706869159802,0.006035861092153971,0.11983670086342309
wcf_sensitivity_v1_logit_f3,IC3,1000,5,5,cwdb_dr,mean_quantile_rmse,MEANQ-A-K,10,0.11949316557105187,0.021725288797258848,0.006870139542427801,0.11011989511349962
wcf_sensitivity_v1_logit_f3,IC3,1000,5,5,cwdb_dr,mode_coverage,LAW-A-K,10,1.0,0.0,0.0,1.0
wcf_sensitivity_v1_logit_f3,IC3,1000,5,5,cwdb_dr,peak_ram,NONE_OPERATIONAL,10,0.0,0.0,0.0,0.0
wcf_sensitivity_v1_logit_f3,IC3,1000,5,5,cwdb_dr,process_peak_ram,NONE_OPERATIONAL,10,935.29609375,14.768041211773445,4.670064680843712,927.73828125
wcf_sensitivity_v1_logit_f3,IC3,1000,5,5,cwdb_dr,reference_effect_rmse,REF-ATE-COMMON199,10,0.02079580834157516,0.012747045783596363,0.004030969811461031,0.017318530469061122
wcf_sensitivity_v1_logit_f3,IC3,1000,5,5,cwdb_dr,reference_effect_rmse,REF-ATE-K,10,0.016646169893309568,0.010514858755341873,0.0033250902941843494,0.01453623852888837
wcf_sensitivity_v1_logit_f3,IC3,1000,5,5,cwdb_dr,reference_tcate_rmse,REF-TCATE-COMMON199,10,0.050749279928243476,0.018315469699264855,0.005791860066547611,0.051469398946217916
wcf_sensitivity_v1_logit_f3,IC3,1000,5,5,cwdb_dr,reference_tcate_rmse,REF-TCATE-INTERIOR,10,0.05543091850147376,0.01784223502655173,0.005642210123193831,0.0518844462510262
wcf_sensitivity_v1_logit_f3,IC3,1000,5,5,cwdb_dr,reference_tcate_rmse,REF-TCATE-K,10,0.0490813559167657,0.018701144337053145,0.005913821095664755,0.051526289241393713
wcf_sensitivity_v1_logit_f3,IC3,1000,5,5,cwdb_dr,runtime,NONE_OPERATIONAL,10,71.56318235840153,1.7021180986133928,0.538257003821341,71.38329138600238
wcf_sensitivity_v1_logit_f3,IC3,1000,5,5,cwdb_dr,tail_calibration,LAW-A-K,10,0.1383213032954072,0.008631757545514094,0.002729601405416906,0.13758724734290406
wcf_sensitivity_v1_logit_f3,IC3,1000,5,5,cwdb_dr,tate_functional_rmse,TATE-COMMON199-grid_mean,10,0.01647193226277206,0.01631890312155375,0.005160490277974145,0.01034647377218384
wcf_sensitivity_v1_logit_f3,IC3,1000,5,5,cwdb_dr,tate_functional_rmse,TATE-COMMON199-grid_sd,10,0.07403399638376167,0.012003698540698384,0.0037959027734646273,0.07555657802318583
wcf_sensitivity_v1_logit_f3,IC3,1000,5,5,cwdb_dr,tate_functional_rmse,TATE-COMMON199-grid_skewness,10,0.412377517670002,0.0072703958476844155,0.0022991010369713375,0.41236383729240267
wcf_sensitivity_v1_logit_f3,IC3,1000,5,5,cwdb_dr,tate_functional_rmse,TATE-COMMON199-grid_upper_tail_mean,10,0.026069783653344697,0.019307493366323772,0.0061055654946174836,0.02317707844849551
wcf_sensitivity_v1_logit_f3,IC3,1000,5,5,cwdb_dr,tate_functional_rmse,TATE-K-grid_mean,10,0.02331130838777334,0.009831041626921007,0.0031088483312997697,0.021976067508800767
wcf_sensitivity_v1_logit_f3,IC3,1000,5,5,cwdb_dr,tate_functional_rmse,TATE-K-grid_sd,10,0.008813933356850472,0.008656027988260413,0.002737276393306814,0.006155170839842591
wcf_sensitivity_v1_logit_f3,IC3,1000,5,5,cwdb_dr,tate_functional_rmse,TATE-K-grid_skewness,10,0.0072542893679041435,0.003815696176416927,0.0012066290776673151,0.00681445403043443
wcf_sensitivity_v1_logit_f3,IC3,1000,5,5,cwdb_dr,tate_functional_rmse,TATE-K-grid_upper_tail_mean,10,0.025002160429201885,0.014681888607682696,0.004642820835315562,0.023478448154248377
wcf_sensitivity_v1_logit_f3,IC3,1000,5,5,cwdb_dr,tcate_functional_rmse,TCATE-COMMON199-grid_mean,10,0.05334017952064487,0.019016488438417408,0.006013541656365764,0.05448604332135573
wcf_sensitivity_v1_logit_f3,IC3,1000,5,5,cwdb_dr,tcate_functional_rmse,TCATE-COMMON199-grid_sd,10,0.0776491407553976,0.010461985470683268,0.0033083702934947863,0.08033165332249279
wcf_sensitivity_v1_logit_f3,IC3,1000,5,5,cwdb_dr,tcate_functional_rmse,TCATE-COMMON199-grid_skewness,10,0.4126563599639187,0.0072015512677912055,0.0022773304692693397,0.4128081055343097
wcf_sensitivity_v1_logit_f3,IC3,1000,5,5,cwdb_dr,tcate_functional_rmse,TCATE-COMMON199-grid_upper_tail_mean,10,0.05501198568054263,0.02088878539306007,0.006605613939652541,0.056236292923951915
wcf_sensitivity_v1_logit_f3,IC3,1000,5,5,cwdb_dr,tcate_functional_rmse,TCATE-K-grid_mean,10,0.05524865023414595,0.016316873801078303,0.005159848550493663,0.05582784260342269
wcf_sensitivity_v1_logit_f3,IC3,1000,5,5,cwdb_dr,tcate_functional_rmse,TCATE-K-grid_sd,10,0.027248455534611388,0.006968237435800822,0.002203550157398193,0.028464538262528573
wcf_sensitivity_v1_logit_f3,IC3,1000,5,5,cwdb_dr,tcate_functional_rmse,TCATE-K-grid_skewness,10,0.01443785978638853,0.005678634942463909,0.001795742041880517,0.013950862318565807
wcf_sensitivity_v1_logit_f3,IC3,1000,5,5,cwdb_dr,tcate_functional_rmse,TCATE-K-grid_upper_tail_mean,10,0.05468713659675702,0.017208748491784977,0.005441884091502792,0.05095578657459246
wcf_sensitivity_v1_logit_f3,IC3,1000,5,10,causal_drf,arm_energy_risk,LAW-A-M-K,10,0.08953773729952345,0.00624756965195972,0.0019756549940738157,0.08684034205999791
wcf_sensitivity_v1_logit_f3,IC3,1000,5,10,causal_drf,barycenter_rmse,MEANQ-A-K,10,0.3057240578885755,0.01251147272807647,0.003956475070380215,0.30486125825053656
wcf_sensitivity_v1_logit_f3,IC3,1000,5,10,causal_drf,diagnostic_effective_support,NONE_OPERATIONAL,10,148.17655816048912,3.0886937724239014,0.9767307315637299,149.7956516415631
wcf_sensitivity_v1_logit_f3,IC3,1000,5,10,causal_drf,kernel_law_error,LAW-A-COMMON199,10,0.2707193290367922,0.005592105862115176,0.0017683791441063456,0.26987574239630563
wcf_sensitivity_v1_logit_f3,IC3,1000,5,10,causal_drf,kernel_law_error,LAW-A-INTERIOR,10,0.09257964704666125,0.004821080860643451,0.0015245596303478128,0.09149086185673971
wcf_sensitivity_v1_logit_f3,IC3,1000,5,10,causal_drf,kernel_law_error,LAW-A-K,10,0.07176614822904476,0.004447303175285508,0.001406360747920126,0.07067560110734492
wcf_sensitivity_v1_logit_f3,IC3,1000,5,10,causal_drf,mean_quantile_rmse,MEANQ-A-COMMON199,10,0.29960691148621915,0.025383678628697375,0.008027023986042322,0.29430388819332576
wcf_sensitivity_v1_logit_f3,IC3,1000,5,10,causal_drf,mean_quantile_rmse,MEANQ-A-INTERIOR,10,0.31091748092362065,0.027843821651961663,0.008804989518371099,0.305495678981647
wcf_sensitivity_v1_logit_f3,IC3,1000,5,10,causal_drf,mean_quantile_rmse,MEANQ-A-K,10,0.2972105374482014,0.027242302056744206,0.008614772320560128,0.29132408734739057
wcf_sensitivity_v1_logit_f3,IC3,1000,5,10,causal_drf,mode_coverage,LAW-A-K,10,1.0,0.0,0.0,1.0
wcf_sensitivity_v1_logit_f3,IC3,1000,5,10,causal_drf,peak_ram,NONE_OPERATIONAL,10,357.42345,2.2545529590142643,0.7129522455957323,356.72465
wcf_sensitivity_v1_logit_f3,IC3,1000,5,10,causal_drf,process_peak_ram,NONE_OPERATIONAL,10,651.36328125,44.49147738830694,14.069440501292961,629.10546875
wcf_sensitivity_v1_logit_f3,IC3,1000,5,10,causal_drf,reference_effect_rmse,REF-ATE-COMMON199,10,0.25503856756190857,0.024254922258690317,0.007670079880777715,0.24969960613412318
wcf_sensitivity_v1_logit_f3,IC3,1000,5,10,causal_drf,reference_effect_rmse,REF-ATE-K,10,0.2425579412191587,0.023863354114855878,0.0075462551614095905,0.23783311435166696
wcf_sensitivity_v1_logit_f3,IC3,1000,5,10,causal_drf,reference_tcate_rmse,REF-TCATE-COMMON199,10,0.25515852621819224,0.024167151801885504,0.007642324425300052,0.24950089842582895
wcf_sensitivity_v1_logit_f3,IC3,1000,5,10,causal_drf,reference_tcate_rmse,REF-TCATE-INTERIOR,10,0.26972710629733143,0.024754858509939817,0.007828173604661178,0.26422837109981046
wcf_sensitivity_v1_logit_f3,IC3,1000,5,10,causal_drf,reference_tcate_rmse,REF-TCATE-K,10,0.24269156443023032,0.02376586960351669,0.007515427852167556,0.23764439389873246
wcf_sensitivity_v1_logit_f3,IC3,1000,5,10,causal_drf,runtime,NONE_OPERATIONAL,10,20.291800000000002,1.8805939250968324,0.594696015718208,21.047
wcf_sensitivity_v1_logit_f3,IC3,1000,5,10,causal_drf,tail_calibration,LAW-A-K,10,0.20947376687502128,0.009604668242976785,0.0030372627818094165,0.2112583076891243
wcf_sensitivity_v1_logit_f3,IC3,1000,5,10,causal_drf,tate_functional_rmse,TATE-COMMON199-grid_mean,10,0.265792213206571,0.02784565595718596,0.00880556957661437,0.2605237205250197
wcf_sensitivity_v1_logit_f3,IC3,1000,5,10,causal_drf,tate_functional_rmse,TATE-COMMON199-grid_sd,10,0.06724907554088363,0.007777743969611787,0.002459538600161268,0.06699778047830385
wcf_sensitivity_v1_logit_f3,IC3,1000,5,10,causal_drf,tate_functional_rmse,TATE-COMMON199-grid_skewness,10,0.44182038618672914,0.006501218967765322,0.002055865950562721,0.4415455301264688
wcf_sensitivity_v1_logit_f3,IC3,1000,5,10,causal_drf,tate_functional_rmse,TATE-COMMON199-grid_upper_tail_mean,10,0.2625771758952915,0.028671387892475315,0.009066688941839684,0.2562710237346563
wcf_sensitivity_v1_logit_f3,IC3,1000,5,10,causal_drf,tate_functional_rmse,TATE-K-grid_mean,10,0.28723138008617893,0.027933519301035454,0.008833354405554666,0.28206449733212213
wcf_sensitivity_v1_logit_f3,IC3,1000,5,10,causal_drf,tate_functional_rmse,TATE-K-grid_sd,10,0.010590038336409986,0.005934170441377756,0.001876549461840041,0.00972942964480614
wcf_sensitivity_v1_logit_f3,IC3,1000,5,10,causal_drf,tate_functional_rmse,TATE-K-grid_skewness,10,0.03675728836152355,0.004821447594350614,0.0015246756017287522,0.03727586557187164
wcf_sensitivity_v1_logit_f3,IC3,1000,5,10,causal_drf,tate_functional_rmse,TATE-K-grid_upper_tail_mean,10,0.297853199275454,0.028816554735976205,0.009112594728459687,0.29096167293742803
wcf_sensitivity_v1_logit_f3,IC3,1000,5,10,causal_drf,tcate_functional_rmse,TCATE-COMMON199-grid_mean,10,0.2659028173067238,0.027765937130374518,0.008780360270102304,0.26037335972114467
wcf_sensitivity_v1_logit_f3,IC3,1000,5,10,causal_drf,tcate_functional_rmse,TCATE-COMMON199-grid_sd,10,0.0672850642712122,0.007764554388043785,0.0024553676882473224,0.06701961159044297
wcf_sensitivity_v1_logit_f3,IC3,1000,5,10,causal_drf,tcate_functional_rmse,TCATE-COMMON199-grid_skewness,10,0.4418612929000826,0.006454991702699938,0.002041247605802026,0.44163611366445443
wcf_sensitivity_v1_logit_f3,IC3,1000,5,10,causal_drf,tcate_functional_rmse,TCATE-COMMON199-grid_upper_tail_mean,10,0.2626772755166647,0.028643751205189055,0.009057949453959043,0.25651555549802524
wcf_sensitivity_v1_logit_f3,IC3,1000,5,10,causal_drf,tcate_functional_rmse,TCATE-K-grid_mean,10,0.2873394974918405,0.027852585707906594,0.00880776095620381,0.28191964581623435
wcf_sensitivity_v1_logit_f3,IC3,1000,5,10,causal_drf,tcate_functional_rmse,TCATE-K-grid_sd,10,0.010787382848037682,0.005717473458126344,0.0018080238589238587,0.009782741309541506
wcf_sensitivity_v1_logit_f3,IC3,1000,5,10,causal_drf,tcate_functional_rmse,TCATE-K-grid_skewness,10,0.036787561473079294,0.004790058249717891,0.0015147494193988133,0.03732104250143292
wcf_sensitivity_v1_logit_f3,IC3,1000,5,10,causal_drf,tcate_functional_rmse,TCATE-K-grid_upper_tail_mean,10,0.29795318172063245,0.028775234814414845,0.009099528221972346,0.29121976978064823
wcf_sensitivity_v1_logit_f3,IC3,1000,5,10,cwdb_dr,arm_energy_risk,LAW-A-M-K,10,0.04688517480982972,0.003485259396038991,0.0011021357927986039,0.04705753537291211
wcf_sensitivity_v1_logit_f3,IC3,1000,5,10,cwdb_dr,barycenter_rmse,MEANQ-A-K,10,0.15387116872402662,0.006211794399169812,0.001964341865805376,0.15435942203507758
wcf_sensitivity_v1_logit_f3,IC3,1000,5,10,cwdb_dr,diagnostic_dense_dr_n_levels,NONE_OPERATIONAL,10,199.0,0.0,0.0,199.0
wcf_sensitivity_v1_logit_f3,IC3,1000,5,10,cwdb_dr,diagnostic_dr_if_se_reference,NONE_OPERATIONAL,10,0.02731825162770369,0.005528644088422327,0.0017483107691839898,0.026497143152902657
wcf_sensitivity_v1_logit_f3,IC3,1000,5,10,cwdb_dr,diagnostic_effective_support,NONE_OPERATIONAL,10,9.999999999999998,0.0,0.0,9.999999999999998
wcf_sensitivity_v1_logit_f3,IC3,1000,5,10,cwdb_dr,diagnostic_ehat_mean,NONE_OPERATIONAL,10,0.4991447934978178,0.018344420611813295,0.005801015148946953,0.4899904048423479
wcf_sensitivity_v1_logit_f3,IC3,1000,5,10,cwdb_dr,diagnostic_n_boosting_steps,NONE_OPERATIONAL,10,100.0,0.0,0.0,100.0
wcf_sensitivity_v1_logit_f3,IC3,1000,5,10,cwdb_dr,diagnostic_selected_contrast_shrinkage,NONE_OPERATIONAL,10,45.0,15.811388300841896,5.0,50.0
wcf_sensitivity_v1_logit_f3,IC3,1000,5,10,cwdb_dr,diagnostic_train_risk,NONE_OPERATIONAL,10,0.064048787055311,0.006447217747634855,0.0020387892653586795,0.06385888686560531
wcf_sensitivity_v1_logit_f3,IC3,1000,5,10,cwdb_dr,kernel_law_error,LAW-A-COMMON199,10,0.2454339326111783,0.008492909716315281,0.002685693866573078,0.24416519241122575
wcf_sensitivity_v1_logit_f3,IC3,1000,5,10,cwdb_dr,kernel_law_error,LAW-A-INTERIOR,10,0.02972046107692302,0.003322074150078055,0.0010505320870214689,0.029492251527833926
wcf_sensitivity_v1_logit_f3,IC3,1000,5,10,cwdb_dr,kernel_law_error,LAW-A-K,10,0.020361540833644526,0.002280985540389043,0.0007213109617539369,0.020299386416025425
wcf_sensitivity_v1_logit_f3,IC3,1000,5,10,cwdb_dr,mean_quantile_rmse,MEANQ-A-COMMON199,10,0.1546881540427895,0.010646062609878227,0.003366580595997179,0.1508791075385882
wcf_sensitivity_v1_logit_f3,IC3,1000,5,10,cwdb_dr,mean_quantile_rmse,MEANQ-A-INTERIOR,10,0.1279024095459294,0.00923030860123688,0.002918879868615142,0.1257704778107525
wcf_sensitivity_v1_logit_f3,IC3,1000,5,10,cwdb_dr,mean_quantile_rmse,MEANQ-A-K,10,0.11874531490204898,0.011993452484108673,0.003792662685878781,0.11600818903859203
wcf_sensitivity_v1_logit_f3,IC3,1000,5,10,cwdb_dr,mode_coverage,LAW-A-K,10,1.0,0.0,0.0,1.0
wcf_sensitivity_v1_logit_f3,IC3,1000,5,10,cwdb_dr,peak_ram,NONE_OPERATIONAL,10,0.0,0.0,0.0,0.0
wcf_sensitivity_v1_logit_f3,IC3,1000,5,10,cwdb_dr,process_peak_ram,NONE_OPERATIONAL,10,899.35078125,50.60247570577124,16.00190784735735,922.5625
wcf_sensitivity_v1_logit_f3,IC3,1000,5,10,cwdb_dr,reference_effect_rmse,REF-ATE-COMMON199,10,0.01995118086514871,0.014195233282620765,0.00448892690905103,0.016491326618201976
wcf_sensitivity_v1_logit_f3,IC3,1000,5,10,cwdb_dr,reference_effect_rmse,REF-ATE-K,10,0.016082348364286,0.013699826159353824,0.004332265421191496,0.01223338633470536
wcf_sensitivity_v1_logit_f3,IC3,1000,5,10,cwdb_dr,reference_tcate_rmse,REF-TCATE-COMMON199,10,0.05420501091933512,0.0183364422930855,0.005798492183039093,0.05022170065006025
wcf_sensitivity_v1_logit_f3,IC3,1000,5,10,cwdb_dr,reference_tcate_rmse,REF-TCATE-INTERIOR,10,0.058229252489901594,0.018452441366466767,0.005835174310874473,0.05137343999025594
wcf_sensitivity_v1_logit_f3,IC3,1000,5,10,cwdb_dr,reference_tcate_rmse,REF-TCATE-K,10,0.05312211142155965,0.018570573752530958,0.005872531051413791,0.05064595772974277
wcf_sensitivity_v1_logit_f3,IC3,1000,5,10,cwdb_dr,runtime,NONE_OPERATIONAL,10,109.31801049910027,17.043593699351266,5.389657560444505,101.35350275949963
wcf_sensitivity_v1_logit_f3,IC3,1000,5,10,cwdb_dr,tail_calibration,LAW-A-K,10,0.12827418120625186,0.0074483149697314194,0.0023553640034679386,0.12831022436931044
wcf_sensitivity_v1_logit_f3,IC3,1000,5,10,cwdb_dr,tate_functional_rmse,TATE-COMMON199-grid_mean,10,0.017848658204091483,0.016697662660412903,0.005280264560805143,0.011274666012997772
wcf_sensitivity_v1_logit_f3,IC3,1000,5,10,cwdb_dr,tate_functional_rmse,TATE-COMMON199-grid_sd,10,0.06916271283774904,0.011093452803500804,0.003508057797464287,0.06961324373448458
wcf_sensitivity_v1_logit_f3,IC3,1000,5,10,cwdb_dr,tate_functional_rmse,TATE-COMMON199-grid_skewness,10,0.41506406864704254,0.004963544276123681,0.0015696105179642543,0.415649899332249
wcf_sensitivity_v1_logit_f3,IC3,1000,5,10,cwdb_dr,tate_functional_rmse,TATE-COMMON199-grid_upper_tail_mean,10,0.024000435105475178,0.019158711987919092,0.006058516691699666,0.01975074401760904
wcf_sensitivity_v1_logit_f3,IC3,1000,5,10,cwdb_dr,tate_functional_rmse,TATE-K-grid_mean,10,0.02278647185726595,0.012195252784760694,0.003856477544135496,0.022078645284969806
wcf_sensitivity_v1_logit_f3,IC3,1000,5,10,cwdb_dr,tate_functional_rmse,TATE-K-grid_sd,10,0.011149156594899018,0.008985620305043986,0.0028415026353395974,0.009934773645207309
wcf_sensitivity_v1_logit_f3,IC3,1000,5,10,cwdb_dr,tate_functional_rmse,TATE-K-grid_skewness,10,0.00647146447412095,0.0026900497071732582,0.0008506684093736484,0.007110552848421284
wcf_sensitivity_v1_logit_f3,IC3,1000,5,10,cwdb_dr,tate_functional_rmse,TATE-K-grid_upper_tail_mean,10,0.026576370758691147,0.015699409803626854,0.004964589289983764,0.025332460004326166
wcf_sensitivity_v1_logit_f3,IC3,1000,5,10,cwdb_dr,tcate_functional_rmse,TCATE-COMMON199-grid_mean,10,0.05819439148150927,0.021511985661471122,0.006802687168313262,0.05644851306582392
wcf_sensitivity_v1_logit_f3,IC3,1000,5,10,cwdb_dr,tcate_functional_rmse,TCATE-COMMON199-grid_sd,10,0.0726935123921858,0.009974086102938698,0.003154082966391893,0.07307192160314596
wcf_sensitivity_v1_logit_f3,IC3,1000,5,10,cwdb_dr,tcate_functional_rmse,TCATE-COMMON199-grid_skewness,10,0.415206633808323,0.004849389519919245,0.001533511614429529,0.4158788553426066
wcf_sensitivity_v1_logit_f3,IC3,1000,5,10,cwdb_dr,tcate_functional_rmse,TCATE-COMMON199-grid_upper_tail_mean,10,0.056406557511280396,0.022234096597701525,0.00703103869649373,0.060911704970887444
wcf_sensitivity_v1_logit_f3,IC3,1000,5,10,cwdb_dr,tcate_functional_rmse,TCATE-K-grid_mean,10,0.059347261671594896,0.019834169275474194,0.006272115040783009,0.05903528093537587
wcf_sensitivity_v1_logit_f3,IC3,1000,5,10,cwdb_dr,tcate_functional_rmse,TCATE-K-grid_sd,10,0.0257412657833767,0.009439730314909552,0.0029851048292852695,0.026227636013298743
wcf_sensitivity_v1_logit_f3,IC3,1000,5,10,cwdb_dr,tcate_functional_rmse,TCATE-K-grid_skewness,10,0.012552408165618154,0.0036785742518907986,0.001163267317802488,0.012070100909132386
wcf_sensitivity_v1_logit_f3,IC3,1000,5,10,cwdb_dr,tcate_functional_rmse,TCATE-K-grid_upper_tail_mean,10,0.05807661389563244,0.019596757389033555,0.006197038810308042,0.05721688185899802
wcf_sensitivity_v1_logit_f3,IC3,1000,5,10,drf,arm_energy_risk,LAW-A-M-K,10,0.10742331191089446,0.006728131005394061,0.0021276218373043857,0.10571205571201953
wcf_sensitivity_v1_logit_f3,IC3,1000,5,10,drf,barycenter_rmse,MEANQ-A-K,10,0.34677209979768,0.009950746899532232,0.0031467024622380537,0.3472285234885675
wcf_sensitivity_v1_logit_f3,IC3,1000,5,10,drf,diagnostic_effective_support,NONE_OPERATIONAL,10,230.93040915954583,3.923294363862698,1.2406546121107522,231.42775891835288
wcf_sensitivity_v1_logit_f3,IC3,1000,5,10,drf,kernel_law_error,LAW-A-COMMON199,10,0.28425728204235534,0.00677716478100644,0.002143127678625659,0.282445382796925
wcf_sensitivity_v1_logit_f3,IC3,1000,5,10,drf,kernel_law_error,LAW-A-INTERIOR,10,0.11244601533242575,0.005544409449825596,0.0017532962142009936,0.11232298319270462
wcf_sensitivity_v1_logit_f3,IC3,1000,5,10,drf,kernel_law_error,LAW-A-K,10,0.08899213250850764,0.004900770002657229,0.0015497595497026284,0.08870314514909472
wcf_sensitivity_v1_logit_f3,IC3,1000,5,10,drf,mean_quantile_rmse,MEANQ-A-COMMON199,10,0.3491588743489369,0.01611776463738641,0.005096884704465894,0.3432137744012028
wcf_sensitivity_v1_logit_f3,IC3,1000,5,10,drf,mean_quantile_rmse,MEANQ-A-INTERIOR,10,0.3655270517745061,0.017275032483379544,0.005462844930087421,0.3594619303406708
wcf_sensitivity_v1_logit_f3,IC3,1000,5,10,drf,mean_quantile_rmse,MEANQ-A-K,10,0.35045626968424226,0.017141405987667772,0.005420588521867829,0.34373777332807964
wcf_sensitivity_v1_logit_f3,IC3,1000,5,10,drf,mode_coverage,LAW-A-K,10,1.0,0.0,0.0,1.0
wcf_sensitivity_v1_logit_f3,IC3,1000,5,10,drf,peak_ram,NONE_OPERATIONAL,10,536.8199999999999,25.341481145873573,8.013679970317417,545.65
wcf_sensitivity_v1_logit_f3,IC3,1000,5,10,drf,process_peak_ram,NONE_OPERATIONAL,10,651.36328125,44.49147738830694,14.069440501292961,629.10546875
wcf_sensitivity_v1_logit_f3,IC3,1000,5,10,drf,reference_effect_rmse,REF-ATE-COMMON199,10,0.30024726040026795,0.016799994826861387,0.00531262483319281,0.29421697651044665
wcf_sensitivity_v1_logit_f3,IC3,1000,5,10,drf,reference_effect_rmse,REF-ATE-K,10,0.28640615231408983,0.016521580758570676,0.005224582574349579,0.2800713425878471
wcf_sensitivity_v1_logit_f3,IC3,1000,5,10,drf,reference_tcate_rmse,REF-TCATE-COMMON199,10,0.30034705752458535,0.016723431570924752,0.005288413405808993,0.29439947500911995
wcf_sensitivity_v1_logit_f3,IC3,1000,5,10,drf,reference_tcate_rmse,REF-TCATE-INTERIOR,10,0.3164292686184484,0.016707521504707397,0.0052833822011118985,0.3101902162545208
wcf_sensitivity_v1_logit_f3,IC3,1000,5,10,drf,reference_tcate_rmse,REF-TCATE-K,10,0.28652068222737653,0.016438681562301362,0.005198367546708742,0.2803137766730878
wcf_sensitivity_v1_logit_f3,IC3,1000,5,10,drf,runtime,NONE_OPERATIONAL,10,28.063299999999998,0.538786300658969,0.17037918821786213,27.985
wcf_sensitivity_v1_logit_f3,IC3,1000,5,10,drf,tail_calibration,LAW-A-K,10,0.2282781208600349,0.009092743575879365,0.002875377987964286,0.22837850562669865
wcf_sensitivity_v1_logit_f3,IC3,1000,5,10,drf,tate_functional_rmse,TATE-COMMON199-grid_mean,10,0.31809532334203805,0.01818975722519785,0.005752106291712953,0.3127121560503355
wcf_sensitivity_v1_logit_f3,IC3,1000,5,10,drf,tate_functional_rmse,TATE-COMMON199-grid_sd,10,0.06524530491631328,0.0073660133218138935,0.0023293379372074747,0.06492207238025013
wcf_sensitivity_v1_logit_f3,IC3,1000,5,10,drf,tate_functional_rmse,TATE-COMMON199-grid_skewness,10,0.4518528556649331,0.006407258720805779,0.002026153111572314,0.45379377138088317
wcf_sensitivity_v1_logit_f3,IC3,1000,5,10,drf,tate_functional_rmse,TATE-COMMON199-grid_upper_tail_mean,10,0.3173855744439188,0.019962070961481587,0.006312561105218914,0.31085113287000676
wcf_sensitivity_v1_logit_f3,IC3,1000,5,10,drf,tate_functional_rmse,TATE-K-grid_mean,10,0.3395343960716944,0.01824247318327354,0.005768776541368666,0.3341296258141568
wcf_sensitivity_v1_logit_f3,IC3,1000,5,10,drf,tate_functional_rmse,TATE-K-grid_sd,10,0.011361578569061838,0.007275056389370077,0.0023005748296570224,0.0118514308393987
wcf_sensitivity_v1_logit_f3,IC3,1000,5,10,drf,tate_functional_rmse,TATE-K-grid_skewness,10,0.04818922368289626,0.004664581995565596,0.0014750703438600721,0.04812452682115567
wcf_sensitivity_v1_logit_f3,IC3,1000,5,10,drf,tate_functional_rmse,TATE-K-grid_upper_tail_mean,10,0.35286029192062235,0.019598023428948837,0.00619743916728214,0.346123505386831
wcf_sensitivity_v1_logit_f3,IC3,1000,5,10,drf,tcate_functional_rmse,TCATE-COMMON199-grid_mean,10,0.31817147465972623,0.018120649451593893,0.005730252494851776,0.3127605595907193
wcf_sensitivity_v1_logit_f3,IC3,1000,5,10,drf,tcate_functional_rmse,TCATE-COMMON199-grid_sd,10,0.06526850399883721,0.007370963857252959,0.0023309034339699577,0.0649308004223163
wcf_sensitivity_v1_logit_f3,IC3,1000,5,10,drf,tcate_functional_rmse,TCATE-COMMON199-grid_skewness,10,0.4519078729907725,0.006429980487238791,0.0020333383650113818,0.45369005471587975
wcf_sensitivity_v1_logit_f3,IC3,1000,5,10,drf,tcate_functional_rmse,TCATE-COMMON199-grid_upper_tail_mean,10,0.3174569365397442,0.0199299624686952,0.006302407508274907,0.31088422904806906
wcf_sensitivity_v1_logit_f3,IC3,1000,5,10,drf,tcate_functional_rmse,TCATE-K-grid_mean,10,0.33961161474303325,0.018170441563523557,0.005745998143172554,0.33418459071209283
wcf_sensitivity_v1_logit_f3,IC3,1000,5,10,drf,tcate_functional_rmse,TCATE-K-grid_sd,10,0.011470796904275377,0.007120333206169371,0.0022516470630824493,0.011874834441121614
wcf_sensitivity_v1_logit_f3,IC3,1000,5,10,drf,tcate_functional_rmse,TCATE-K-grid_skewness,10,0.04823617914787938,0.004669061875125401,0.0014764870061652938,0.048164443350391294
wcf_sensitivity_v1_logit_f3,IC3,1000,5,10,drf,tcate_functional_rmse,TCATE-K-grid_upper_tail_mean,10,0.35293634463410817,0.01955141991669432,0.006182701842713356,0.3461577883051802
wcf_sensitivity_v1_logit_f3,IC3,1000,5,25,cwdb_dr,arm_energy_risk,LAW-A-M-K,10,0.04575674463986547,0.0034216997386457967,0.0010820364643323583,0.04636380988280014
wcf_sensitivity_v1_logit_f3,IC3,1000,5,25,cwdb_dr,barycenter_rmse,MEANQ-A-K,10,0.157050493686278,0.006549720950114654,0.0020712036240884382,0.1563108663914566
wcf_sensitivity_v1_logit_f3,IC3,1000,5,25,cwdb_dr,diagnostic_dense_dr_n_levels,NONE_OPERATIONAL,10,199.0,0.0,0.0,199.0
wcf_sensitivity_v1_logit_f3,IC3,1000,5,25,cwdb_dr,diagnostic_dr_if_se_reference,NONE_OPERATIONAL,10,0.026678776846534198,0.00511267456491863,0.0016167696560353273,0.026810733414476234
wcf_sensitivity_v1_logit_f3,IC3,1000,5,25,cwdb_dr,diagnostic_effective_support,NONE_OPERATIONAL,10,25.0,0.0,0.0,25.0
wcf_sensitivity_v1_logit_f3,IC3,1000,5,25,cwdb_dr,diagnostic_ehat_mean,NONE_OPERATIONAL,10,0.4991447934978178,0.018344420611813295,0.005801015148946953,0.4899904048423479
wcf_sensitivity_v1_logit_f3,IC3,1000,5,25,cwdb_dr,diagnostic_n_boosting_steps,NONE_OPERATIONAL,10,100.0,0.0,0.0,100.0
wcf_sensitivity_v1_logit_f3,IC3,1000,5,25,cwdb_dr,diagnostic_selected_contrast_shrinkage,NONE_OPERATIONAL,10,35.0,24.1522945769824,7.637626158259733,50.0
wcf_sensitivity_v1_logit_f3,IC3,1000,5,25,cwdb_dr,diagnostic_train_risk,NONE_OPERATIONAL,10,0.0587218070227394,0.006448776080825754,0.0020392820535823477,0.061501767166112706
wcf_sensitivity_v1_logit_f3,IC3,1000,5,25,cwdb_dr,kernel_law_error,LAW-A-COMMON199,10,0.2447767717565917,0.007678142184057381,0.0024280417500241102,0.24468749750374252
wcf_sensitivity_v1_logit_f3,IC3,1000,5,25,cwdb_dr,kernel_law_error,LAW-A-INTERIOR,10,0.02965794586883618,0.0030816777386054052,0.0009745120668630083,0.0293314386328103
wcf_sensitivity_v1_logit_f3,IC3,1000,5,25,cwdb_dr,kernel_law_error,LAW-A-K,10,0.020799172163916857,0.0023443665357973987,0.0007413537923398447,0.020562776637312437
wcf_sensitivity_v1_logit_f3,IC3,1000,5,25,cwdb_dr,mean_quantile_rmse,MEANQ-A-COMMON199,10,0.15841158223016863,0.01511096674825908,0.0047785072571566905,0.15025543616323148
wcf_sensitivity_v1_logit_f3,IC3,1000,5,25,cwdb_dr,mean_quantile_rmse,MEANQ-A-INTERIOR,10,0.1301402923257376,0.014227556779366659,0.0044991484962168355,0.12383950580897618
wcf_sensitivity_v1_logit_f3,IC3,1000,5,25,cwdb_dr,mean_quantile_rmse,MEANQ-A-K,10,0.12340897080271782,0.01974662441435766,0.006244430924925873,0.11285033862796742
wcf_sensitivity_v1_logit_f3,IC3,1000,5,25,cwdb_dr,mode_coverage,LAW-A-K,10,1.0,0.0,0.0,1.0
wcf_sensitivity_v1_logit_f3,IC3,1000,5,25,cwdb_dr,peak_ram,NONE_OPERATIONAL,10,0.0,0.0,0.0,0.0
wcf_sensitivity_v1_logit_f3,IC3,1000,5,25,cwdb_dr,process_peak_ram,NONE_OPERATIONAL,10,937.16171875,16.069075272756915,5.08148777546033,928.44921875
wcf_sensitivity_v1_logit_f3,IC3,1000,5,25,cwdb_dr,reference_effect_rmse,REF-ATE-COMMON199,10,0.015985136177402336,0.015679423945313402,0.004958269206657372,0.01166342549185656
wcf_sensitivity_v1_logit_f3,IC3,1000,5,25,cwdb_dr,reference_effect_rmse,REF-ATE-K,10,0.012252283235384461,0.013281374456406527,0.004199939373982531,0.007704553679677012
wcf_sensitivity_v1_logit_f3,IC3,1000,5,25,cwdb_dr,reference_tcate_rmse,REF-TCATE-COMMON199,10,0.04562861435199467,0.022862426773922976,0.007229734144441205,0.046062789073230456
wcf_sensitivity_v1_logit_f3,IC3,1000,5,25,cwdb_dr,reference_tcate_rmse,REF-TCATE-INTERIOR,10,0.05036547769990631,0.02339616312005567,0.007398516396820738,0.052443232865436215
wcf_sensitivity_v1_logit_f3,IC3,1000,5,25,cwdb_dr,reference_tcate_rmse,REF-TCATE-K,10,0.044308994718855126,0.022419518273249586,0.007089674178723392,0.04255327277006711
wcf_sensitivity_v1_logit_f3,IC3,1000,5,25,cwdb_dr,runtime,NONE_OPERATIONAL,10,453.12724958610124,32.085957023292764,10.146470509988141,438.1792670995055
wcf_sensitivity_v1_logit_f3,IC3,1000,5,25,cwdb_dr,tail_calibration,LAW-A-K,10,0.12311721030729446,0.00833716581275823,0.0026364433198804898,0.12362509102089245
wcf_sensitivity_v1_logit_f3,IC3,1000,5,25,cwdb_dr,tate_functional_rmse,TATE-COMMON199-grid_mean,10,0.013627208584278174,0.013185868559817905,0.004169737757662876,0.009365613316314886
wcf_sensitivity_v1_logit_f3,IC3,1000,5,25,cwdb_dr,tate_functional_rmse,TATE-COMMON199-grid_sd,10,0.07106767601299133,0.011397191827487003,0.0036041085104715773,0.0719252980328933
wcf_sensitivity_v1_logit_f3,IC3,1000,5,25,cwdb_dr,tate_functional_rmse,TATE-COMMON199-grid_skewness,10,0.4127487834097433,0.007585895116209937,0.0023988706658371094,0.41386350940012806
wcf_sensitivity_v1_logit_f3,IC3,1000,5,25,cwdb_dr,tate_functional_rmse,TATE-COMMON199-grid_upper_tail_mean,10,0.02274681502745683,0.016098757086471637,0.0050908739891026645,0.023086958504583865
wcf_sensitivity_v1_logit_f3,IC3,1000,5,25,cwdb_dr,tate_functional_rmse,TATE-K-grid_mean,10,0.018728136940953218,0.011197965498865462,0.003541107613639851,0.017095843129396784
wcf_sensitivity_v1_logit_f3,IC3,1000,5,25,cwdb_dr,tate_functional_rmse,TATE-K-grid_sd,10,0.009808058459390362,0.008902781930330285,0.002815306841163418,0.008480473293115822
wcf_sensitivity_v1_logit_f3,IC3,1000,5,25,cwdb_dr,tate_functional_rmse,TATE-K-grid_skewness,10,0.005961400177671492,0.004810600718280784,0.0015212455183409282,0.004267554143081234
wcf_sensitivity_v1_logit_f3,IC3,1000,5,25,cwdb_dr,tate_functional_rmse,TATE-K-grid_upper_tail_mean,10,0.022345508976570512,0.01565124347739361,0.004949357760241787,0.02124667455524347
wcf_sensitivity_v1_logit_f3,IC3,1000,5,25,cwdb_dr,tcate_functional_rmse,TCATE-COMMON199-grid_mean,10,0.053705332663734964,0.02072484223617208,0.006553770561396104,0.055993498028859175
wcf_sensitivity_v1_logit_f3,IC3,1000,5,25,cwdb_dr,tcate_functional_rmse,TCATE-COMMON199-grid_sd,10,0.07590134600011601,0.009387523744241741,0.0029685956620715873,0.07762751298432213
wcf_sensitivity_v1_logit_f3,IC3,1000,5,25,cwdb_dr,tcate_functional_rmse,TCATE-COMMON199-grid_skewness,10,0.41291829526212487,0.007596748885939786,0.002402302929191641,0.41377749834763605
wcf_sensitivity_v1_logit_f3,IC3,1000,5,25,cwdb_dr,tcate_functional_rmse,TCATE-COMMON199-grid_upper_tail_mean,10,0.05763256598886286,0.025638273355575256,0.008107533907762582,0.0459294422483037
wcf_sensitivity_v1_logit_f3,IC3,1000,5,25,cwdb_dr,tcate_functional_rmse,TCATE-K-grid_mean,10,0.054526280607028854,0.022007348240988597,0.0069593345702024115,0.0525976642451323
wcf_sensitivity_v1_logit_f3,IC3,1000,5,25,cwdb_dr,tcate_functional_rmse,TCATE-K-grid_sd,10,0.030154187615144677,0.007156629247640382,0.002263124879192081,0.029551722053321634
wcf_sensitivity_v1_logit_f3,IC3,1000,5,25,cwdb_dr,tcate_functional_rmse,TCATE-K-grid_skewness,10,0.012033519275592328,0.004985644479710179,0.00157659921597293,0.012498213686365271
wcf_sensitivity_v1_logit_f3,IC3,1000,5,25,cwdb_dr,tcate_functional_rmse,TCATE-K-grid_upper_tail_mean,10,0.05764346838697234,0.02340318924857418,0.007400738253745893,0.050671680387099224
wcf_sensitivity_v1_logit_f3,IC3,1000,25,5,cwdb_dr,arm_energy_risk,LAW-A-M-K,10,0.05301657473349136,0.003328074910949482,0.0010524296942262415,0.0538116917664712
wcf_sensitivity_v1_logit_f3,IC3,1000,25,5,cwdb_dr,barycenter_rmse,MEANQ-A-K,10,0.15135239430004405,0.0069646227772171155,0.002202407101989354,0.15209543284530336
wcf_sensitivity_v1_logit_f3,IC3,1000,25,5,cwdb_dr,diagnostic_dense_dr_n_levels,NONE_OPERATIONAL,10,199.0,0.0,0.0,199.0
wcf_sensitivity_v1_logit_f3,IC3,1000,25,5,cwdb_dr,diagnostic_dr_if_se_reference,NONE_OPERATIONAL,10,0.02727828154074482,0.00519711134154152,0.0016434709092764464,0.02597047780080397
wcf_sensitivity_v1_logit_f3,IC3,1000,25,5,cwdb_dr,diagnostic_effective_support,NONE_OPERATIONAL,10,4.999999999999999,0.0,0.0,4.999999999999999
wcf_sensitivity_v1_logit_f3,IC3,1000,25,5,cwdb_dr,diagnostic_ehat_mean,NONE_OPERATIONAL,10,0.4991447934978178,0.018344420611813295,0.005801015148946953,0.4899904048423479
wcf_sensitivity_v1_logit_f3,IC3,1000,25,5,cwdb_dr,diagnostic_n_boosting_steps,NONE_OPERATIONAL,10,100.0,0.0,0.0,100.0
wcf_sensitivity_v1_logit_f3,IC3,1000,25,5,cwdb_dr,diagnostic_selected_contrast_shrinkage,NONE_OPERATIONAL,10,95.0,142.30249470757707,45.0,50.0
wcf_sensitivity_v1_logit_f3,IC3,1000,25,5,cwdb_dr,diagnostic_train_risk,NONE_OPERATIONAL,10,0.07739346248463942,0.004990414637430282,0.001578107672292306,0.07936002259331433
wcf_sensitivity_v1_logit_f3,IC3,1000,25,5,cwdb_dr,kernel_law_error,LAW-A-COMMON199,10,0.06144631526283719,0.0026780414751484444,0.0008468710729866297,0.06112067013063373
wcf_sensitivity_v1_logit_f3,IC3,1000,25,5,cwdb_dr,kernel_law_error,LAW-A-INTERIOR,10,0.022617050910553296,0.00269570961698387,0.000852458230008915,0.022388398001050434
wcf_sensitivity_v1_logit_f3,IC3,1000,25,5,cwdb_dr,kernel_law_error,LAW-A-K,10,0.01801951431351551,0.0017989569393515755,0.0005688801340916369,0.01800990523879667
wcf_sensitivity_v1_logit_f3,IC3,1000,25,5,cwdb_dr,mean_quantile_rmse,MEANQ-A-COMMON199,10,0.12305875146883453,0.012123680837555205,0.003833844507161229,0.1249982970900472
wcf_sensitivity_v1_logit_f3,IC3,1000,25,5,cwdb_dr,mean_quantile_rmse,MEANQ-A-INTERIOR,10,0.11345877363911543,0.016025786219070054,0.0050677985747199505,0.11521383429084883
wcf_sensitivity_v1_logit_f3,IC3,1000,25,5,cwdb_dr,mean_quantile_rmse,MEANQ-A-K,10,0.11034545320880892,0.013513172284627643,0.0042732402833684496,0.11174673772593798
wcf_sensitivity_v1_logit_f3,IC3,1000,25,5,cwdb_dr,mode_coverage,LAW-A-K,10,1.0,0.0,0.0,1.0
wcf_sensitivity_v1_logit_f3,IC3,1000,25,5,cwdb_dr,peak_ram,NONE_OPERATIONAL,10,0.0,0.0,0.0,0.0
wcf_sensitivity_v1_logit_f3,IC3,1000,25,5,cwdb_dr,process_peak_ram,NONE_OPERATIONAL,10,859.55703125,59.49629341498114,18.81437995290179,828.6953125
wcf_sensitivity_v1_logit_f3,IC3,1000,25,5,cwdb_dr,reference_effect_rmse,REF-ATE-COMMON199,10,0.023414917420510772,0.013516135787471769,0.004274177425252432,0.0208853597822702
wcf_sensitivity_v1_logit_f3,IC3,1000,25,5,cwdb_dr,reference_effect_rmse,REF-ATE-K,10,0.016135743513628766,0.013173990590963056,0.00416598161410709,0.012908614830232396
wcf_sensitivity_v1_logit_f3,IC3,1000,25,5,cwdb_dr,reference_tcate_rmse,REF-TCATE-COMMON199,10,0.04926204036643146,0.02095438058698032,0.006626356961287384,0.05153850078043455
wcf_sensitivity_v1_logit_f3,IC3,1000,25,5,cwdb_dr,reference_tcate_rmse,REF-TCATE-INTERIOR,10,0.0498095054509406,0.019713021219473777,0.006233804661676714,0.052353338014892226
wcf_sensitivity_v1_logit_f3,IC3,1000,25,5,cwdb_dr,reference_tcate_rmse,REF-TCATE-K,10,0.04625532636329866,0.020177654990928957,0.006380734761239964,0.04857046260369085
wcf_sensitivity_v1_logit_f3,IC3,1000,25,5,cwdb_dr,runtime,NONE_OPERATIONAL,10,160.1189645861992,30.00131260203712,9.487248061715006,180.04271913999764
wcf_sensitivity_v1_logit_f3,IC3,1000,25,5,cwdb_dr,tail_calibration,LAW-A-K,10,3.740321573935287e-05,1.819707466617999e-05,5.7544202697276945e-06,3.9973672456699026e-05
wcf_sensitivity_v1_logit_f3,IC3,1000,25,5,cwdb_dr,tate_functional_rmse,TATE-COMMON199-grid_mean,10,0.021442959227936993,0.013700490603998817,0.004332475537037224,0.024980017858759695
wcf_sensitivity_v1_logit_f3,IC3,1000,25,5,cwdb_dr,tate_functional_rmse,TATE-COMMON199-grid_sd,10,0.02062183091684778,0.010895585700059269,0.0034454867253747475,0.021553259937853255
wcf_sensitivity_v1_logit_f3,IC3,1000,25,5,cwdb_dr,tate_functional_rmse,TATE-COMMON199-grid_skewness,10,0.19913584149556415,0.011949015251128145,0.0037786103989653785,0.19807096555295245
wcf_sensitivity_v1_logit_f3,IC3,1000,25,5,cwdb_dr,tate_functional_rmse,TATE-COMMON199-grid_upper_tail_mean,10,0.021696630800899456,0.017763048865669494,0.005617169260438591,0.02293345934323461
wcf_sensitivity_v1_logit_f3,IC3,1000,25,5,cwdb_dr,tate_functional_rmse,TATE-K-grid_mean,10,0.02429440562058521,0.013480546238379519,0.004262923021649443,0.024364605734882777
wcf_sensitivity_v1_logit_f3,IC3,1000,25,5,cwdb_dr,tate_functional_rmse,TATE-K-grid_sd,10,0.010954727759051245,0.009549254887165633,0.0030197395400937597,0.00820683793806768
wcf_sensitivity_v1_logit_f3,IC3,1000,25,5,cwdb_dr,tate_functional_rmse,TATE-K-grid_skewness,10,0.012639656683440132,0.008549313296481308,0.0027035302447243324,0.009889420911825098
wcf_sensitivity_v1_logit_f3,IC3,1000,25,5,cwdb_dr,tate_functional_rmse,TATE-K-grid_upper_tail_mean,10,0.02721990700047261,0.01839777375019368,0.0058178868927069695,0.02051338110720209
wcf_sensitivity_v1_logit_f3,IC3,1000,25,5,cwdb_dr,tcate_functional_rmse,TCATE-COMMON199-grid_mean,10,0.053858642304304684,0.017293662961037577,0.005468736404417048,0.04913661146314736
wcf_sensitivity_v1_logit_f3,IC3,1000,25,5,cwdb_dr,tcate_functional_rmse,TCATE-COMMON199-grid_sd,10,0.03710083142959666,0.007528539120330787,0.0023807331073925748,0.0377700779206448
wcf_sensitivity_v1_logit_f3,IC3,1000,25,5,cwdb_dr,tcate_functional_rmse,TCATE-COMMON199-grid_skewness,10,0.19986502059721592,0.011593430500846368,0.0036661646277541173,0.19960795675471277
wcf_sensitivity_v1_logit_f3,IC3,1000,25,5,cwdb_dr,tcate_functional_rmse,TCATE-COMMON199-grid_upper_tail_mean,10,0.05346323399893984,0.01983318768582239,0.006271804634880274,0.05229889384107149
wcf_sensitivity_v1_logit_f3,IC3,1000,25,5,cwdb_dr,tcate_functional_rmse,TCATE-K-grid_mean,10,0.05466876443190144,0.017628505762697713,0.0055746229955528515,0.04987957794475839
wcf_sensitivity_v1_logit_f3,IC3,1000,25,5,cwdb_dr,tcate_functional_rmse,TCATE-K-grid_sd,10,0.03218164148212416,0.010110063520005475,0.00319708280121966,0.03168194772263577
wcf_sensitivity_v1_logit_f3,IC3,1000,25,5,cwdb_dr,tcate_functional_rmse,TCATE-K-grid_skewness,10,0.022381646223246055,0.006129108138485773,0.001938194174308976,0.020842757894036765
wcf_sensitivity_v1_logit_f3,IC3,1000,25,5,cwdb_dr,tcate_functional_rmse,TCATE-K-grid_upper_tail_mean,10,0.05556138731932057,0.020480605634467162,0.006476536166459414,0.051594369809724566
wcf_sensitivity_v1_logit_f3,IC3,1000,25,10,causal_drf,arm_energy_risk,LAW-A-M-K,10,0.08509688257821649,0.005815736241543023,0.0018390972794063113,0.08406887089424592
wcf_sensitivity_v1_logit_f3,IC3,1000,25,10,causal_drf,barycenter_rmse,MEANQ-A-K,10,0.2998754300721994,0.012178759572884692,0.003851261932589505,0.3008765928558369
wcf_sensitivity_v1_logit_f3,IC3,1000,25,10,causal_drf,diagnostic_effective_support,NONE_OPERATIONAL,10,141.42424519737685,3.473847020531208,1.0985268827868324,140.59402934521367
wcf_sensitivity_v1_logit_f3,IC3,1000,25,10,causal_drf,kernel_law_error,LAW-A-COMMON199,10,0.09844877898818415,0.003383947772366286,0.0010700982443730457,0.0982199848757932
wcf_sensitivity_v1_logit_f3,IC3,1000,25,10,causal_drf,kernel_law_error,LAW-A-INTERIOR,10,0.08393610618805256,0.004931128967621232,0.0015593598973717784,0.08259472653743108
wcf_sensitivity_v1_logit_f3,IC3,1000,25,10,causal_drf,kernel_law_error,LAW-A-K,10,0.06035883333923522,0.003993105371123544,0.0012627307909802348,0.05933728057354144
wcf_sensitivity_v1_logit_f3,IC3,1000,25,10,causal_drf,mean_quantile_rmse,MEANQ-A-COMMON199,10,0.3185395366703098,0.02455994336115595,0.007766536022598415,0.3127954281725548
wcf_sensitivity_v1_logit_f3,IC3,1000,25,10,causal_drf,mean_quantile_rmse,MEANQ-A-INTERIOR,10,0.32457722500982894,0.02559387087616896,0.00809349261089432,0.31871426802050684
wcf_sensitivity_v1_logit_f3,IC3,1000,25,10,causal_drf,mean_quantile_rmse,MEANQ-A-K,10,0.31656194784979325,0.024857592219714803,0.007860660856197943,0.310736866522756
wcf_sensitivity_v1_logit_f3,IC3,1000,25,10,causal_drf,mode_coverage,LAW-A-K,10,1.0,0.0,0.0,1.0
wcf_sensitivity_v1_logit_f3,IC3,1000,25,10,causal_drf,peak_ram,NONE_OPERATIONAL,10,377.69688,1.0400510466104709,0.32889301901310336,377.34569999999997
wcf_sensitivity_v1_logit_f3,IC3,1000,25,10,causal_drf,process_peak_ram,NONE_OPERATIONAL,10,649.75625,37.07733280396397,11.724882122460347,649.30859375
wcf_sensitivity_v1_logit_f3,IC3,1000,25,10,causal_drf,reference_effect_rmse,REF-ATE-COMMON199,10,0.26031654063545245,0.021531005932970766,0.006808701906278628,0.25574907546877224
wcf_sensitivity_v1_logit_f3,IC3,1000,25,10,causal_drf,reference_effect_rmse,REF-ATE-K,10,0.24654046271304134,0.02133430975368603,0.0067465011129193685,0.24206500145411797
wcf_sensitivity_v1_logit_f3,IC3,1000,25,10,causal_drf,reference_tcate_rmse,REF-TCATE-COMMON199,10,0.2605030874547893,0.021396493059938043,0.0067661652009389835,0.2558394008727757
wcf_sensitivity_v1_logit_f3,IC3,1000,25,10,causal_drf,reference_tcate_rmse,REF-TCATE-INTERIOR,10,0.28611415721908234,0.023199563472383868,0.007336346129437786,0.28048576897022637
wcf_sensitivity_v1_logit_f3,IC3,1000,25,10,causal_drf,reference_tcate_rmse,REF-TCATE-K,10,0.24673467423988957,0.021196223296560655,0.0067028343410654315,0.2423822919721097
wcf_sensitivity_v1_logit_f3,IC3,1000,25,10,causal_drf,runtime,NONE_OPERATIONAL,10,34.7344,0.41072407607378697,0.12988235702614345,34.737
wcf_sensitivity_v1_logit_f3,IC3,1000,25,10,causal_drf,tail_calibration,LAW-A-K,10,3.740321573935343e-05,1.8197074666188206e-05,5.754420269730292e-06,3.9973672456731776e-05
wcf_sensitivity_v1_logit_f3,IC3,1000,25,10,causal_drf,tate_functional_rmse,TATE-COMMON199-grid_mean,10,0.3035161153213327,0.025051789758755758,0.007922071510134831,0.2986541921041192
wcf_sensitivity_v1_logit_f3,IC3,1000,25,10,causal_drf,tate_functional_rmse,TATE-COMMON199-grid_sd,10,0.026443910932681048,0.010520061441860821,0.0033267355281195224,0.025240781175153444
wcf_sensitivity_v1_logit_f3,IC3,1000,25,10,causal_drf,tate_functional_rmse,TATE-COMMON199-grid_skewness,10,0.26291013720800177,0.009638569769541803,0.0030479833858196325,0.26298964689637827
wcf_sensitivity_v1_logit_f3,IC3,1000,25,10,causal_drf,tate_functional_rmse,TATE-COMMON199-grid_upper_tail_mean,10,0.30889460203417274,0.02668132476386032,0.008437375724445285,0.30372216331108115
wcf_sensitivity_v1_logit_f3,IC3,1000,25,10,causal_drf,tate_functional_rmse,TATE-K-grid_mean,10,0.307585972652558,0.025066966910862163,0.007926870947039939,0.302743332619943
wcf_sensitivity_v1_logit_f3,IC3,1000,25,10,causal_drf,tate_functional_rmse,TATE-K-grid_sd,10,0.008513010662816772,0.006016653985255048,0.0019026330486535087,0.007703379580971085
wcf_sensitivity_v1_logit_f3,IC3,1000,25,10,causal_drf,tate_functional_rmse,TATE-K-grid_skewness,10,0.07702535290014467,0.00923043065392441,0.0029189184650638567,0.07643019842414744
wcf_sensitivity_v1_logit_f3,IC3,1000,25,10,causal_drf,tate_functional_rmse,TATE-K-grid_upper_tail_mean,10,0.3173308170347683,0.026661295678692368,0.008431041971587262,0.31224715939103964
wcf_sensitivity_v1_logit_f3,IC3,1000,25,10,causal_drf,tcate_functional_rmse,TCATE-COMMON199-grid_mean,10,0.3036829426422473,0.02495696971879705,0.007892086780725062,0.2989948430264874
wcf_sensitivity_v1_logit_f3,IC3,1000,25,10,causal_drf,tcate_functional_rmse,TCATE-COMMON199-grid_sd,10,0.026608548970914876,0.010396091299336186,0.003287532726896168,0.02531573193382331
wcf_sensitivity_v1_logit_f3,IC3,1000,25,10,causal_drf,tcate_functional_rmse,TCATE-COMMON199-grid_skewness,10,0.262985845406956,0.009648271822074705,0.0030510514442178903,0.26292381050699054
wcf_sensitivity_v1_logit_f3,IC3,1000,25,10,causal_drf,tcate_functional_rmse,TCATE-COMMON199-grid_upper_tail_mean,10,0.30903690415718466,0.026684097562149352,0.00843825256025384,0.30402992937968243
wcf_sensitivity_v1_logit_f3,IC3,1000,25,10,causal_drf,tcate_functional_rmse,TCATE-K-grid_mean,10,0.3077522771226504,0.024972296825103147,0.007896933637311742,0.30308418647543434
wcf_sensitivity_v1_logit_f3,IC3,1000,25,10,causal_drf,tcate_functional_rmse,TCATE-K-grid_sd,10,0.008912295483475477,0.005805190093086838,0.00183576229443993,0.007909272495429897
wcf_sensitivity_v1_logit_f3,IC3,1000,25,10,causal_drf,tcate_functional_rmse,TCATE-K-grid_skewness,10,0.07711704189045568,0.009219915431417083,0.0029155932597411944,0.07643052452178625
wcf_sensitivity_v1_logit_f3,IC3,1000,25,10,causal_drf,tcate_functional_rmse,TCATE-K-grid_upper_tail_mean,10,0.3174739036711366,0.026659938120115072,0.008430612673871126,0.3125578854606913
wcf_sensitivity_v1_logit_f3,IC3,1000,25,10,cwdb_dr,arm_energy_risk,LAW-A-M-K,10,0.04945034826341447,0.004064858077227922,0.001285420988937285,0.04993434393836313
wcf_sensitivity_v1_logit_f3,IC3,1000,25,10,cwdb_dr,barycenter_rmse,MEANQ-A-K,10,0.15604271948455622,0.007415685803479895,0.0023450457551172266,0.15459132307443543
wcf_sensitivity_v1_logit_f3,IC3,1000,25,10,cwdb_dr,diagnostic_dense_dr_n_levels,NONE_OPERATIONAL,10,199.0,0.0,0.0,199.0
wcf_sensitivity_v1_logit_f3,IC3,1000,25,10,cwdb_dr,diagnostic_dr_if_se_reference,NONE_OPERATIONAL,10,0.026475752195223707,0.005127885179098341,0.001621579674577121,0.02586760237206078
wcf_sensitivity_v1_logit_f3,IC3,1000,25,10,cwdb_dr,diagnostic_effective_support,NONE_OPERATIONAL,10,9.999999999999998,0.0,0.0,9.999999999999998
wcf_sensitivity_v1_logit_f3,IC3,1000,25,10,cwdb_dr,diagnostic_ehat_mean,NONE_OPERATIONAL,10,0.4991447934978178,0.018344420611813295,0.005801015148946953,0.4899904048423479
wcf_sensitivity_v1_logit_f3,IC3,1000,25,10,cwdb_dr,diagnostic_n_boosting_steps,NONE_OPERATIONAL,10,100.0,0.0,0.0,100.0
wcf_sensitivity_v1_logit_f3,IC3,1000,25,10,cwdb_dr,diagnostic_selected_contrast_shrinkage,NONE_OPERATIONAL,10,90.0,144.9137674618944,45.825756949558404,50.0
wcf_sensitivity_v1_logit_f3,IC3,1000,25,10,cwdb_dr,diagnostic_train_risk,NONE_OPERATIONAL,10,0.0711781022668412,0.008858288421591441,0.002801236758292683,0.06937106900615769
wcf_sensitivity_v1_logit_f3,IC3,1000,25,10,cwdb_dr,kernel_law_error,LAW-A-COMMON199,10,0.06206760282867555,0.003037896836519658,0.0009606673300022304,0.06182388860103401
wcf_sensitivity_v1_logit_f3,IC3,1000,25,10,cwdb_dr,kernel_law_error,LAW-A-INTERIOR,10,0.02283820355547774,0.0030315755683473214,0.0009586683694896991,0.022442807008508696
wcf_sensitivity_v1_logit_f3,IC3,1000,25,10,cwdb_dr,kernel_law_error,LAW-A-K,10,0.01878640647932004,0.0021535724125842297,0.0006810193929870029,0.01848341040747778
wcf_sensitivity_v1_logit_f3,IC3,1000,25,10,cwdb_dr,mean_quantile_rmse,MEANQ-A-COMMON199,10,0.1301924717609343,0.01578706330938733,0.004992307762293943,0.12417555703236904
wcf_sensitivity_v1_logit_f3,IC3,1000,25,10,cwdb_dr,mean_quantile_rmse,MEANQ-A-INTERIOR,10,0.12036575170768071,0.015590966405803671,0.004930296476550864,0.11556557828523145
wcf_sensitivity_v1_logit_f3,IC3,1000,25,10,cwdb_dr,mean_quantile_rmse,MEANQ-A-K,10,0.11831614614052617,0.01740010461313528,0.005502396210271046,0.11165715191877806
wcf_sensitivity_v1_logit_f3,IC3,1000,25,10,cwdb_dr,mode_coverage,LAW-A-K,10,1.0,0.0,0.0,1.0
wcf_sensitivity_v1_logit_f3,IC3,1000,25,10,cwdb_dr,peak_ram,NONE_OPERATIONAL,10,0.0,0.0,0.0,0.0
wcf_sensitivity_v1_logit_f3,IC3,1000,25,10,cwdb_dr,process_peak_ram,NONE_OPERATIONAL,10,900.598828125,48.057428233875015,15.197093170912808,922.5625
wcf_sensitivity_v1_logit_f3,IC3,1000,25,10,cwdb_dr,reference_effect_rmse,REF-ATE-COMMON199,10,0.024758572525523496,0.014494233564093894,0.0045834791000996826,0.022456466143086953
wcf_sensitivity_v1_logit_f3,IC3,1000,25,10,cwdb_dr,reference_effect_rmse,REF-ATE-K,10,0.01816198544360067,0.012475287958115085,0.003945032441411493,0.016182008831368194
wcf_sensitivity_v1_logit_f3,IC3,1000,25,10,cwdb_dr,reference_tcate_rmse,REF-TCATE-COMMON199,10,0.050535431124839256,0.020825496902891264,0.006585600361791882,0.050185457830766826
wcf_sensitivity_v1_logit_f3,IC3,1000,25,10,cwdb_dr,reference_tcate_rmse,REF-TCATE-INTERIOR,10,0.05063318377262319,0.021115089072349675,0.006677177446595684,0.0517805105108866
wcf_sensitivity_v1_logit_f3,IC3,1000,25,10,cwdb_dr,reference_tcate_rmse,REF-TCATE-K,10,0.04736192997244222,0.019376605474285467,0.006127420662122925,0.04933994289374062
wcf_sensitivity_v1_logit_f3,IC3,1000,25,10,cwdb_dr,runtime,NONE_OPERATIONAL,10,298.8663908005011,54.11386266098134,17.112305899824108,268.6695784255003
wcf_sensitivity_v1_logit_f3,IC3,1000,25,10,cwdb_dr,tail_calibration,LAW-A-K,10,3.740321573935287e-05,1.819707466617999e-05,5.7544202697276945e-06,3.9973672456699026e-05
wcf_sensitivity_v1_logit_f3,IC3,1000,25,10,cwdb_dr,tate_functional_rmse,TATE-COMMON199-grid_mean,10,0.02306766943099902,0.012831811071263225,0.004057774949015697,0.02061723295277791
wcf_sensitivity_v1_logit_f3,IC3,1000,25,10,cwdb_dr,tate_functional_rmse,TATE-COMMON199-grid_sd,10,0.023184645431976077,0.015882551080119788,0.005022503646714596,0.0203454629416798
wcf_sensitivity_v1_logit_f3,IC3,1000,25,10,cwdb_dr,tate_functional_rmse,TATE-COMMON199-grid_skewness,10,0.19788577268848345,0.013784883979986501,0.004359163065792429,0.20212076728101022
wcf_sensitivity_v1_logit_f3,IC3,1000,25,10,cwdb_dr,tate_functional_rmse,TATE-COMMON199-grid_upper_tail_mean,10,0.0211063182950054,0.018534484257223687,0.005861118550936098,0.014513850283424529
wcf_sensitivity_v1_logit_f3,IC3,1000,25,10,cwdb_dr,tate_functional_rmse,TATE-K-grid_mean,10,0.025994760113961218,0.011666985614223547,0.0036894247969364974,0.023928777246334493
wcf_sensitivity_v1_logit_f3,IC3,1000,25,10,cwdb_dr,tate_functional_rmse,TATE-K-grid_sd,10,0.014627415616029357,0.008514265340632191,0.002692447107942709,0.012148085974664687
wcf_sensitivity_v1_logit_f3,IC3,1000,25,10,cwdb_dr,tate_functional_rmse,TATE-K-grid_skewness,10,0.014557310729031164,0.0068597321393756875,0.0021692377699086777,0.014368570757987698
wcf_sensitivity_v1_logit_f3,IC3,1000,25,10,cwdb_dr,tate_functional_rmse,TATE-K-grid_upper_tail_mean,10,0.0265063184410567,0.01821948204215223,0.005761506104173695,0.022093860897228035
wcf_sensitivity_v1_logit_f3,IC3,1000,25,10,cwdb_dr,tcate_functional_rmse,TCATE-COMMON199-grid_mean,10,0.05451157062215388,0.021489511327838766,0.006795580159995985,0.053383869248974286
wcf_sensitivity_v1_logit_f3,IC3,1000,25,10,cwdb_dr,tcate_functional_rmse,TCATE-COMMON199-grid_sd,10,0.03757322144187486,0.00877880531130009,0.002776101991889179,0.03695793510196523
wcf_sensitivity_v1_logit_f3,IC3,1000,25,10,cwdb_dr,tcate_functional_rmse,TCATE-COMMON199-grid_skewness,10,0.1987388413693443,0.013870389122840006,0.004386202166099943,0.20277525708247557
wcf_sensitivity_v1_logit_f3,IC3,1000,25,10,cwdb_dr,tcate_functional_rmse,TCATE-COMMON199-grid_upper_tail_mean,10,0.05512239687849126,0.02147212117570688,0.006790080911036626,0.050246781845025096
wcf_sensitivity_v1_logit_f3,IC3,1000,25,10,cwdb_dr,tcate_functional_rmse,TCATE-K-grid_mean,10,0.055557541501697005,0.021271913342229366,0.00672676963511696,0.05262109101663053
wcf_sensitivity_v1_logit_f3,IC3,1000,25,10,cwdb_dr,tcate_functional_rmse,TCATE-K-grid_sd,10,0.03128476727116834,0.006425740039006931,0.002031997417540111,0.031084470435973652
wcf_sensitivity_v1_logit_f3,IC3,1000,25,10,cwdb_dr,tcate_functional_rmse,TCATE-K-grid_skewness,10,0.02391984931815668,0.007844955512150231,0.0024807927561087463,0.02216076210321885
wcf_sensitivity_v1_logit_f3,IC3,1000,25,10,cwdb_dr,tcate_functional_rmse,TCATE-K-grid_upper_tail_mean,10,0.057316538408283976,0.02106489858195079,0.006661305819941556,0.04916025906520271
wcf_sensitivity_v1_logit_f3,IC3,1000,25,10,drf,arm_energy_risk,LAW-A-M-K,10,0.10460915669529884,0.0063193138129440055,0.0019983424898266287,0.10274946397311104
wcf_sensitivity_v1_logit_f3,IC3,1000,25,10,drf,barycenter_rmse,MEANQ-A-K,10,0.34572677615993097,0.009560585698978054,0.0030233226574003587,0.34652050081863334
wcf_sensitivity_v1_logit_f3,IC3,1000,25,10,drf,diagnostic_effective_support,NONE_OPERATIONAL,10,227.02970685475233,3.1867552126974856,1.0077404817538391,225.77177245903107
wcf_sensitivity_v1_logit_f3,IC3,1000,25,10,drf,kernel_law_error,LAW-A-COMMON199,10,0.1143958741023043,0.004235231336051109,0.0013392977439639498,0.11302824138020828
wcf_sensitivity_v1_logit_f3,IC3,1000,25,10,drf,kernel_law_error,LAW-A-INTERIOR,10,0.10665733163949113,0.005485136040675391,0.0017345523164412223,0.10569640970691319
wcf_sensitivity_v1_logit_f3,IC3,1000,25,10,drf,kernel_law_error,LAW-A-K,10,0.07730538229946941,0.004334528558259201,0.0013706982827144923,0.0766143477734317
wcf_sensitivity_v1_logit_f3,IC3,1000,25,10,drf,mean_quantile_rmse,MEANQ-A-COMMON199,10,0.3497093059709914,0.017024264274600007,0.005383545059637024,0.3444543163436513
wcf_sensitivity_v1_logit_f3,IC3,1000,25,10,drf,mean_quantile_rmse,MEANQ-A-INTERIOR,10,0.35811222067788917,0.017561436941077906,0.005553413971922638,0.3538214216176926
wcf_sensitivity_v1_logit_f3,IC3,1000,25,10,drf,mean_quantile_rmse,MEANQ-A-K,10,0.3480548247759642,0.01729416242691157,0.005468894349394582,0.34237307004868045
wcf_sensitivity_v1_logit_f3,IC3,1000,25,10,drf,mode_coverage,LAW-A-K,10,1.0,0.0,0.0,1.0
wcf_sensitivity_v1_logit_f3,IC3,1000,25,10,drf,peak_ram,NONE_OPERATIONAL,10,553.75,9.487682072619789,3.0002685065025583,554.6500000000001
wcf_sensitivity_v1_logit_f3,IC3,1000,25,10,drf,process_peak_ram,NONE_OPERATIONAL,10,649.75625,37.07733280396397,11.724882122460347,649.30859375
wcf_sensitivity_v1_logit_f3,IC3,1000,25,10,drf,reference_effect_rmse,REF-ATE-COMMON199,10,0.2840569231818459,0.01624775242765944,0.005137990452993399,0.27860191719180893
wcf_sensitivity_v1_logit_f3,IC3,1000,25,10,drf,reference_effect_rmse,REF-ATE-K,10,0.27007309168049576,0.016068818881398328,0.005081406697393777,0.2650535475999132
wcf_sensitivity_v1_logit_f3,IC3,1000,25,10,drf,reference_tcate_rmse,REF-TCATE-COMMON199,10,0.28415184913576236,0.01617431567297704,0.005114767712116657,0.2787066667303969
wcf_sensitivity_v1_logit_f3,IC3,1000,25,10,drf,reference_tcate_rmse,REF-TCATE-INTERIOR,10,0.3138784341715158,0.01712010962780167,0.00541385402156308,0.30893523766301356
wcf_sensitivity_v1_logit_f3,IC3,1000,25,10,drf,reference_tcate_rmse,REF-TCATE-K,10,0.27017311486651646,0.015993564743714116,0.005057609249550376,0.2651557591409309
wcf_sensitivity_v1_logit_f3,IC3,1000,25,10,drf,runtime,NONE_OPERATIONAL,10,30.972699999999996,1.1931122746833183,0.3772952292303736,31.503
wcf_sensitivity_v1_logit_f3,IC3,1000,25,10,drf,tail_calibration,LAW-A-K,10,3.7403215739040125e-05,1.8197074666179234e-05,5.754420269727456e-06,3.9973672456400376e-05
wcf_sensitivity_v1_logit_f3,IC3,1000,25,10,drf,tate_functional_rmse,TATE-COMMON199-grid_mean,10,0.33328922908526926,0.018342634830120174,0.005800450435191544,0.32879946227500734
wcf_sensitivity_v1_logit_f3,IC3,1000,25,10,drf,tate_functional_rmse,TATE-COMMON199-grid_sd,10,0.02630435712758694,0.01012495798022495,0.0032017928431008914,0.02567364914198586
wcf_sensitivity_v1_logit_f3,IC3,1000,25,10,drf,tate_functional_rmse,TATE-COMMON199-grid_skewness,10,0.2791390046188579,0.010127055298541555,0.003202456073386778,0.27977108194817657
wcf_sensitivity_v1_logit_f3,IC3,1000,25,10,drf,tate_functional_rmse,TATE-COMMON199-grid_upper_tail_mean,10,0.3405323077628982,0.020619683771380213,0.006520516534997212,0.3314505010839336
wcf_sensitivity_v1_logit_f3,IC3,1000,25,10,drf,tate_functional_rmse,TATE-K-grid_mean,10,0.3373590002895196,0.018354776026248517,0.005804289818519982,0.33286505959735335
wcf_sensitivity_v1_logit_f3,IC3,1000,25,10,drf,tate_functional_rmse,TATE-K-grid_sd,10,0.00852737003853513,0.005294287534582768,0.0016742007197119012,0.00825550267228867
wcf_sensitivity_v1_logit_f3,IC3,1000,25,10,drf,tate_functional_rmse,TATE-K-grid_skewness,10,0.09406431947737189,0.009722395373148148,0.00307449136918308,0.0947309158722745
wcf_sensitivity_v1_logit_f3,IC3,1000,25,10,drf,tate_functional_rmse,TATE-K-grid_upper_tail_mean,10,0.3490204777499175,0.020513946954881936,0.00648707961773023,0.33985011830699896
wcf_sensitivity_v1_logit_f3,IC3,1000,25,10,drf,tcate_functional_rmse,TCATE-COMMON199-grid_mean,10,0.3333569186101125,0.01829317874741281,0.0057848110486410495,0.32885241249034286
wcf_sensitivity_v1_logit_f3,IC3,1000,25,10,drf,tcate_functional_rmse,TCATE-COMMON199-grid_sd,10,0.02634086502952677,0.010116976945665199,0.003199269018371558,0.025697186652741087
wcf_sensitivity_v1_logit_f3,IC3,1000,25,10,drf,tcate_functional_rmse,TCATE-COMMON199-grid_skewness,10,0.27920903302916095,0.01016158074271215,0.0032133739774675837,0.279835119774091
wcf_sensitivity_v1_logit_f3,IC3,1000,25,10,drf,tcate_functional_rmse,TCATE-COMMON199-grid_upper_tail_mean,10,0.34059796561482136,0.02060111335775353,0.006514644054582037,0.3314790302793269
wcf_sensitivity_v1_logit_f3,IC3,1000,25,10,drf,tcate_functional_rmse,TCATE-K-grid_mean,10,0.3374269460769984,0.01830463479923808,0.005788433770317128,0.3329192706421576
wcf_sensitivity_v1_logit_f3,IC3,1000,25,10,drf,tcate_functional_rmse,TCATE-K-grid_sd,10,0.008601696878919117,0.005252661664404362,0.001661037463776877,0.00832848860694241
wcf_sensitivity_v1_logit_f3,IC3,1000,25,10,drf,tcate_functional_rmse,TCATE-K-grid_skewness,10,0.09414284450834234,0.009737060339922556,0.003079128838864862,0.09480062898098424
wcf_sensitivity_v1_logit_f3,IC3,1000,25,10,drf,tcate_functional_rmse,TCATE-K-grid_upper_tail_mean,10,0.34908719953184464,0.020492128642619883,0.006480180061585342,0.33987899384326653
wcf_sensitivity_v1_logit_f3,IC3,1000,25,25,cwdb_dr,arm_energy_risk,LAW-A-M-K,10,0.047323267821346375,0.0044110636964573196,0.0013949008184886735,0.046198341721145064
wcf_sensitivity_v1_logit_f3,IC3,1000,25,25,cwdb_dr,barycenter_rmse,MEANQ-A-K,10,0.16049401464470672,0.010094394946204533,0.003192127963129918,0.15883682080334385
wcf_sensitivity_v1_logit_f3,IC3,1000,25,25,cwdb_dr,diagnostic_dense_dr_n_levels,NONE_OPERATIONAL,10,199.0,0.0,0.0,199.0
wcf_sensitivity_v1_logit_f3,IC3,1000,25,25,cwdb_dr,diagnostic_dr_if_se_reference,NONE_OPERATIONAL,10,0.02765377458360661,0.0063092274775644885,0.0019951529105222674,0.028668132203245544
wcf_sensitivity_v1_logit_f3,IC3,1000,25,25,cwdb_dr,diagnostic_effective_support,NONE_OPERATIONAL,10,25.0,0.0,0.0,25.0
wcf_sensitivity_v1_logit_f3,IC3,1000,25,25,cwdb_dr,diagnostic_ehat_mean,NONE_OPERATIONAL,10,0.4991447934978178,0.018344420611813295,0.005801015148946953,0.4899904048423479
wcf_sensitivity_v1_logit_f3,IC3,1000,25,25,cwdb_dr,diagnostic_n_boosting_steps,NONE_OPERATIONAL,10,100.0,0.0,0.0,100.0
wcf_sensitivity_v1_logit_f3,IC3,1000,25,25,cwdb_dr,diagnostic_selected_contrast_shrinkage,NONE_OPERATIONAL,10,35.0,24.1522945769824,7.637626158259733,50.0
wcf_sensitivity_v1_logit_f3,IC3,1000,25,25,cwdb_dr,diagnostic_train_risk,NONE_OPERATIONAL,10,0.06791448390220384,0.007043791552448667,0.0022274424669191167,0.06963775098372867
wcf_sensitivity_v1_logit_f3,IC3,1000,25,25,cwdb_dr,kernel_law_error,LAW-A-COMMON199,10,0.06183614568216626,0.0038574978309638295,0.0012198479215004897,0.06115754799465247
wcf_sensitivity_v1_logit_f3,IC3,1000,25,25,cwdb_dr,kernel_law_error,LAW-A-INTERIOR,10,0.02330646218071513,0.0035783546151327552,0.001131575085959473,0.022365095287844004
wcf_sensitivity_v1_logit_f3,IC3,1000,25,25,cwdb_dr,kernel_law_error,LAW-A-K,10,0.019257063076363316,0.002961756740899491,0.0009365897176599567,0.018240059135572962
wcf_sensitivity_v1_logit_f3,IC3,1000,25,25,cwdb_dr,mean_quantile_rmse,MEANQ-A-COMMON199,10,0.13704767813294821,0.023212186512119575,0.00734033788509375,0.1285927241863512
wcf_sensitivity_v1_logit_f3,IC3,1000,25,25,cwdb_dr,mean_quantile_rmse,MEANQ-A-INTERIOR,10,0.12376121429133466,0.018219475283151723,0.005761503966790065,0.12085651089902655
wcf_sensitivity_v1_logit_f3,IC3,1000,25,25,cwdb_dr,mean_quantile_rmse,MEANQ-A-K,10,0.12588482438358645,0.026211979303905827,0.00828895565815373,0.11685015986538905
wcf_sensitivity_v1_logit_f3,IC3,1000,25,25,cwdb_dr,mode_coverage,LAW-A-K,10,1.0,0.0,0.0,1.0
wcf_sensitivity_v1_logit_f3,IC3,1000,25,25,cwdb_dr,peak_ram,NONE_OPERATIONAL,10,0.0,0.0,0.0,0.0
wcf_sensitivity_v1_logit_f3,IC3,1000,25,25,cwdb_dr,process_peak_ram,NONE_OPERATIONAL,10,817.449609375,12.520046242820483,3.959186253794626,817.396484375
wcf_sensitivity_v1_logit_f3,IC3,1000,25,25,cwdb_dr,reference_effect_rmse,REF-ATE-COMMON199,10,0.024533141522447878,0.008549405413168695,0.0027035593745785977,0.02419663300095573
wcf_sensitivity_v1_logit_f3,IC3,1000,25,25,cwdb_dr,reference_effect_rmse,REF-ATE-K,10,0.016701359090672233,0.009254635611468377,0.0029265727447145176,0.014002119190476045
wcf_sensitivity_v1_logit_f3,IC3,1000,25,25,cwdb_dr,reference_tcate_rmse,REF-TCATE-COMMON199,10,0.05258247436016483,0.01952991940642508,0.006175902784382692,0.05276945379964934
wcf_sensitivity_v1_logit_f3,IC3,1000,25,25,cwdb_dr,reference_tcate_rmse,REF-TCATE-INTERIOR,10,0.05339608968415125,0.019228512908767984,0.006080589680965629,0.05311183434228582
wcf_sensitivity_v1_logit_f3,IC3,1000,25,25,cwdb_dr,reference_tcate_rmse,REF-TCATE-K,10,0.04872993627622975,0.020949341808643936,0.006624763559670615,0.046927689902036496
wcf_sensitivity_v1_logit_f3,IC3,1000,25,25,cwdb_dr,runtime,NONE_OPERATIONAL,10,1818.4788856029008,262.602864670937,83.04231724451242,1760.7624157380014
wcf_sensitivity_v1_logit_f3,IC3,1000,25,25,cwdb_dr,tail_calibration,LAW-A-K,10,6.630020648631985e-05,9.910609298953495e-05,3.1340098384737634e-05,3.997367245648476e-05
wcf_sensitivity_v1_logit_f3,IC3,1000,25,25,cwdb_dr,tate_functional_rmse,TATE-COMMON199-grid_mean,10,0.02146359573009417,0.012376633569668281,0.003913835184545203,0.022053560949006068
wcf_sensitivity_v1_logit_f3,IC3,1000,25,25,cwdb_dr,tate_functional_rmse,TATE-COMMON199-grid_sd,10,0.02222673776743946,0.011202656328832897,0.003542590984321218,0.018609061714016946
wcf_sensitivity_v1_logit_f3,IC3,1000,25,25,cwdb_dr,tate_functional_rmse,TATE-COMMON199-grid_skewness,10,0.19875939977543836,0.008164358748275995,0.002581796927927345,0.2014838599429405
wcf_sensitivity_v1_logit_f3,IC3,1000,25,25,cwdb_dr,tate_functional_rmse,TATE-COMMON199-grid_upper_tail_mean,10,0.027539186989801366,0.016732155071216594,0.005291172018818129,0.02541467928223927
wcf_sensitivity_v1_logit_f3,IC3,1000,25,25,cwdb_dr,tate_functional_rmse,TATE-K-grid_mean,10,0.024389890651278653,0.012206812680818644,0.003860133104241288,0.02547349091323302
wcf_sensitivity_v1_logit_f3,IC3,1000,25,25,cwdb_dr,tate_functional_rmse,TATE-K-grid_sd,10,0.014590129586706491,0.013392814255651357,0.004235179732743089,0.011368385089142343
wcf_sensitivity_v1_logit_f3,IC3,1000,25,25,cwdb_dr,tate_functional_rmse,TATE-K-grid_skewness,10,0.010902088497165568,0.007418367808831213,0.0023458938796779194,0.012454904896631785
wcf_sensitivity_v1_logit_f3,IC3,1000,25,25,cwdb_dr,tate_functional_rmse,TATE-K-grid_upper_tail_mean,10,0.03092151511342737,0.019999716703629242,0.006324465734158313,0.03116093327084643
wcf_sensitivity_v1_logit_f3,IC3,1000,25,25,cwdb_dr,tcate_functional_rmse,TCATE-COMMON199-grid_mean,10,0.0569986611945129,0.016726514596490036,0.005289388344096075,0.060371486978444036
wcf_sensitivity_v1_logit_f3,IC3,1000,25,25,cwdb_dr,tcate_functional_rmse,TCATE-COMMON199-grid_sd,10,0.03674506950270457,0.009499981136369209,0.003004157811956136,0.032084408486646177
wcf_sensitivity_v1_logit_f3,IC3,1000,25,25,cwdb_dr,tcate_functional_rmse,TCATE-COMMON199-grid_skewness,10,0.19920082473627157,0.008232906269613335,0.0026034735574658437,0.20191857414200878
wcf_sensitivity_v1_logit_f3,IC3,1000,25,25,cwdb_dr,tcate_functional_rmse,TCATE-COMMON199-grid_upper_tail_mean,10,0.05827183558111397,0.012502686947720046,0.0039536967626853875,0.061031700964639786
wcf_sensitivity_v1_logit_f3,IC3,1000,25,25,cwdb_dr,tcate_functional_rmse,TCATE-K-grid_mean,10,0.058071835546627204,0.016297035761510086,0.005153575211558851,0.06110004021704351
wcf_sensitivity_v1_logit_f3,IC3,1000,25,25,cwdb_dr,tcate_functional_rmse,TCATE-K-grid_sd,10,0.032379773681598036,0.013222901145692223,0.0041814484895637384,0.030887186432315552
wcf_sensitivity_v1_logit_f3,IC3,1000,25,25,cwdb_dr,tcate_functional_rmse,TCATE-K-grid_skewness,10,0.018751490422398886,0.007332281815706293,0.002318671098386685,0.0199493920010829
wcf_sensitivity_v1_logit_f3,IC3,1000,25,25,cwdb_dr,tcate_functional_rmse,TCATE-K-grid_upper_tail_mean,10,0.06074989265055236,0.012383746453682933,0.003916084475967092,0.06146247587713209
wcf_sensitivity_v1_logit_f3,IC3,1000,49,5,cwdb_dr,arm_energy_risk,LAW-A-M-K,10,0.05423203306873867,0.00473178288288539,0.0014963211303315599,0.055780659300516275
wcf_sensitivity_v1_logit_f3,IC3,1000,49,5,cwdb_dr,barycenter_rmse,MEANQ-A-K,10,0.15285517550725328,0.009367628442892741,0.0029623042153717615,0.15232581523428884
wcf_sensitivity_v1_logit_f3,IC3,1000,49,5,cwdb_dr,diagnostic_dense_dr_n_levels,NONE_OPERATIONAL,10,199.0,0.0,0.0,199.0
wcf_sensitivity_v1_logit_f3,IC3,1000,49,5,cwdb_dr,diagnostic_dr_if_se_reference,NONE_OPERATIONAL,10,0.026957411851078972,0.005822386555840966,0.0018412002934400597,0.02789238903861753
wcf_sensitivity_v1_logit_f3,IC3,1000,49,5,cwdb_dr,diagnostic_effective_support,NONE_OPERATIONAL,10,4.999999999999999,0.0,0.0,4.999999999999999
wcf_sensitivity_v1_logit_f3,IC3,1000,49,5,cwdb_dr,diagnostic_ehat_mean,NONE_OPERATIONAL,10,0.4991447934978178,0.018344420611813295,0.005801015148946953,0.4899904048423479
wcf_sensitivity_v1_logit_f3,IC3,1000,49,5,cwdb_dr,diagnostic_n_boosting_steps,NONE_OPERATIONAL,10,100.0,0.0,0.0,100.0
wcf_sensitivity_v1_logit_f3,IC3,1000,49,5,cwdb_dr,diagnostic_selected_contrast_shrinkage,NONE_OPERATIONAL,10,90.0,144.9137674618944,45.825756949558404,50.0
wcf_sensitivity_v1_logit_f3,IC3,1000,49,5,cwdb_dr,diagnostic_train_risk,NONE_OPERATIONAL,10,0.07695836330686792,0.007152702738227765,0.0022618832078922855,0.07738018029533267
wcf_sensitivity_v1_logit_f3,IC3,1000,49,5,cwdb_dr,kernel_law_error,LAW-A-COMMON199,10,0.03539648762483367,0.0026925148450593892,0.0008514479544203032,0.03518755540960764
wcf_sensitivity_v1_logit_f3,IC3,1000,49,5,cwdb_dr,kernel_law_error,LAW-A-INTERIOR,10,0.022299385234360175,0.0027585737929210576,0.0008723376279280213,0.022484948226144098
wcf_sensitivity_v1_logit_f3,IC3,1000,49,5,cwdb_dr,kernel_law_error,LAW-A-K,10,0.018045000849715685,0.002158661664789667,0.0006826287558426246,0.017955311870972157
wcf_sensitivity_v1_logit_f3,IC3,1000,49,5,cwdb_dr,mean_quantile_rmse,MEANQ-A-COMMON199,10,0.12060089489652404,0.020175171118974815,0.006379949291960833,0.11164487858236617
wcf_sensitivity_v1_logit_f3,IC3,1000,49,5,cwdb_dr,mean_quantile_rmse,MEANQ-A-INTERIOR,10,0.11540537900155363,0.017276814463745738,0.005463408441757708,0.10722933290028148
wcf_sensitivity_v1_logit_f3,IC3,1000,49,5,cwdb_dr,mean_quantile_rmse,MEANQ-A-K,10,0.1147799482964138,0.020806765833108705,0.006579677077439437,0.10525415734160853
wcf_sensitivity_v1_logit_f3,IC3,1000,49,5,cwdb_dr,mode_coverage,LAW-A-K,10,1.0,0.0,0.0,1.0
wcf_sensitivity_v1_logit_f3,IC3,1000,49,5,cwdb_dr,peak_ram,NONE_OPERATIONAL,10,0.0,0.0,0.0,0.0
wcf_sensitivity_v1_logit_f3,IC3,1000,49,5,cwdb_dr,process_peak_ram,NONE_OPERATIONAL,10,938.5515625,18.10166813122563,5.72425007431567,927.73828125
wcf_sensitivity_v1_logit_f3,IC3,1000,49,5,cwdb_dr,reference_effect_rmse,REF-ATE-COMMON199,10,0.020402335698192716,0.011264947369666819,0.0035622891410069927,0.01968903743240205
wcf_sensitivity_v1_logit_f3,IC3,1000,49,5,cwdb_dr,reference_effect_rmse,REF-ATE-K,10,0.01634570203602736,0.011078581270405834,0.003503355005776419,0.01478114574242577
wcf_sensitivity_v1_logit_f3,IC3,1000,49,5,cwdb_dr,reference_tcate_rmse,REF-TCATE-COMMON199,10,0.044593957790742,0.01608849931637284,0.005087630197380007,0.04309846480601667
wcf_sensitivity_v1_logit_f3,IC3,1000,49,5,cwdb_dr,reference_tcate_rmse,REF-TCATE-INTERIOR,10,0.046005076568369795,0.018177302477793263,0.005748167754764896,0.04098268395822219
wcf_sensitivity_v1_logit_f3,IC3,1000,49,5,cwdb_dr,reference_tcate_rmse,REF-TCATE-K,10,0.04224664182997549,0.016942959383067845,0.005357834195421567,0.0406641462286975
wcf_sensitivity_v1_logit_f3,IC3,1000,49,5,cwdb_dr,runtime,NONE_OPERATIONAL,10,305.611465061301,33.57859573047556,10.61848431383082,286.00615932550136
wcf_sensitivity_v1_logit_f3,IC3,1000,49,5,cwdb_dr,tail_calibration,LAW-A-K,10,4.8715881928507176e-08,3.601074193843702e-08,1.1387596475800793e-08,4.6435703991154486e-08
wcf_sensitivity_v1_logit_f3,IC3,1000,49,5,cwdb_dr,tate_functional_rmse,TATE-COMMON199-grid_mean,10,0.021030808105715403,0.013891671379784268,0.004392932206669223,0.020196700495101222
wcf_sensitivity_v1_logit_f3,IC3,1000,49,5,cwdb_dr,tate_functional_rmse,TATE-COMMON199-grid_sd,10,0.015615692284517285,0.009813715412058294,0.0031033693010802063,0.016852885056875096
wcf_sensitivity_v1_logit_f3,IC3,1000,49,5,cwdb_dr,tate_functional_rmse,TATE-COMMON199-grid_skewness,10,0.129376132302798,0.011912510022636687,0.0037670664321115908,0.1295913148277661
wcf_sensitivity_v1_logit_f3,IC3,1000,49,5,cwdb_dr,tate_functional_rmse,TATE-COMMON199-grid_upper_tail_mean,10,0.023490871742293563,0.018639955115157907,0.005894471364720516,0.02189981584874809
wcf_sensitivity_v1_logit_f3,IC3,1000,49,5,cwdb_dr,tate_functional_rmse,TATE-K-grid_mean,10,0.022537673555658368,0.013405756176088808,0.004239272327330991,0.020295907176805184
wcf_sensitivity_v1_logit_f3,IC3,1000,49,5,cwdb_dr,tate_functional_rmse,TATE-K-grid_sd,10,0.01256575815523991,0.010523479391406963,0.003327816378668857,0.011294426398115854
wcf_sensitivity_v1_logit_f3,IC3,1000,49,5,cwdb_dr,tate_functional_rmse,TATE-K-grid_skewness,10,0.013505522903333511,0.007448222148067043,0.0023553346506803748,0.012038071219135138
wcf_sensitivity_v1_logit_f3,IC3,1000,49,5,cwdb_dr,tate_functional_rmse,TATE-K-grid_upper_tail_mean,10,0.02525094144969105,0.01913865966220926,0.006052175589537003,0.02455594642943243
wcf_sensitivity_v1_logit_f3,IC3,1000,49,5,cwdb_dr,tcate_functional_rmse,TCATE-COMMON199-grid_mean,10,0.05017938906424254,0.017572078510375507,0.005556779131608532,0.04544818860344783
wcf_sensitivity_v1_logit_f3,IC3,1000,49,5,cwdb_dr,tcate_functional_rmse,TCATE-COMMON199-grid_sd,10,0.03324661789175769,0.007979237330606143,0.0025232563955757377,0.03378808742985982
wcf_sensitivity_v1_logit_f3,IC3,1000,49,5,cwdb_dr,tcate_functional_rmse,TCATE-COMMON199-grid_skewness,10,0.1304833176130659,0.011508204963516054,0.0036392139464765678,0.13140571287155817
wcf_sensitivity_v1_logit_f3,IC3,1000,49,5,cwdb_dr,tcate_functional_rmse,TCATE-COMMON199-grid_upper_tail_mean,10,0.05186522563643355,0.021272877341467544,0.006727074478442492,0.052405550398471445
wcf_sensitivity_v1_logit_f3,IC3,1000,49,5,cwdb_dr,tcate_functional_rmse,TCATE-K-grid_mean,10,0.050508864925567776,0.017594249066736796,0.005563790077118012,0.04555744391139896
wcf_sensitivity_v1_logit_f3,IC3,1000,49,5,cwdb_dr,tcate_functional_rmse,TCATE-K-grid_sd,10,0.031409710544317744,0.010877488937592328,0.0034397640266076897,0.033286576874876364
wcf_sensitivity_v1_logit_f3,IC3,1000,49,5,cwdb_dr,tcate_functional_rmse,TCATE-K-grid_skewness,10,0.023081231543954424,0.005396226834011363,0.0017064367566395273,0.024899850878658703
wcf_sensitivity_v1_logit_f3,IC3,1000,49,5,cwdb_dr,tcate_functional_rmse,TCATE-K-grid_upper_tail_mean,10,0.0525874756522817,0.021412706939882165,0.006771292479972179,0.050221960333065016
wcf_sensitivity_v1_logit_f3,IC3,1000,49,10,causal_drf,arm_energy_risk,LAW-A-M-K,10,0.09329091102083822,0.007146920541845706,0.0022600547168477162,0.09161908138535224
wcf_sensitivity_v1_logit_f3,IC3,1000,49,10,causal_drf,barycenter_rmse,MEANQ-A-K,10,0.32084708788843597,0.01404444099527226,0.004441242200890243,0.32194652118789574
wcf_sensitivity_v1_logit_f3,IC3,1000,49,10,causal_drf,diagnostic_effective_support,NONE_OPERATIONAL,10,145.7803214122736,2.4006018871664256,0.759136971874444,146.3707299015051
wcf_sensitivity_v1_logit_f3,IC3,1000,49,10,causal_drf,kernel_law_error,LAW-A-COMMON199,10,0.08085201827567598,0.0044994034091867825,0.0014228362884956807,0.07903215771763537
wcf_sensitivity_v1_logit_f3,IC3,1000,49,10,causal_drf,kernel_law_error,LAW-A-INTERIOR,10,0.09388398508908502,0.006254259557462908,0.001977770527945953,0.09237509670819578
wcf_sensitivity_v1_logit_f3,IC3,1000,49,10,causal_drf,kernel_law_error,LAW-A-K,10,0.06601214131753788,0.004879384880107064,0.0015429969801725933,0.06455671496237807
wcf_sensitivity_v1_logit_f3,IC3,1000,49,10,causal_drf,mean_quantile_rmse,MEANQ-A-COMMON199,10,0.274985095290569,0.02974278175941876,0.00940549343090735,0.2716112423703596
wcf_sensitivity_v1_logit_f3,IC3,1000,49,10,causal_drf,mean_quantile_rmse,MEANQ-A-INTERIOR,10,0.2806045445019457,0.03129532712238613,0.009896451382678322,0.2777760795466434
wcf_sensitivity_v1_logit_f3,IC3,1000,49,10,causal_drf,mean_quantile_rmse,MEANQ-A-K,10,0.2735259675110523,0.029850620286287214,0.009439594967349509,0.2698044216299676
wcf_sensitivity_v1_logit_f3,IC3,1000,49,10,causal_drf,mode_coverage,LAW-A-K,10,1.0,0.0,0.0,1.0
wcf_sensitivity_v1_logit_f3,IC3,1000,49,10,causal_drf,peak_ram,NONE_OPERATIONAL,10,397.06172,1.5783741802528684,0.4991257409600224,396.5117
wcf_sensitivity_v1_logit_f3,IC3,1000,49,10,causal_drf,process_peak_ram,NONE_OPERATIONAL,10,662.259765625,40.37750445282552,12.76848803045194,669.51171875
wcf_sensitivity_v1_logit_f3,IC3,1000,49,10,causal_drf,reference_effect_rmse,REF-ATE-COMMON199,10,0.21568820709928688,0.027510803723741872,0.008699680002886599,0.21585588433110028
wcf_sensitivity_v1_logit_f3,IC3,1000,49,10,causal_drf,reference_effect_rmse,REF-ATE-K,10,0.20740409356228134,0.027393935263599775,0.008662722950818035,0.20772838749724087
wcf_sensitivity_v1_logit_f3,IC3,1000,49,10,causal_drf,reference_tcate_rmse,REF-TCATE-COMMON199,10,0.21582114525339852,0.027410317748270633,0.008667903547347306,0.21595969679780455
wcf_sensitivity_v1_logit_f3,IC3,1000,49,10,causal_drf,reference_tcate_rmse,REF-TCATE-INTERIOR,10,0.24303144185624262,0.029982011206049323,0.009481144424380777,0.24071432387012762
wcf_sensitivity_v1_logit_f3,IC3,1000,49,10,causal_drf,reference_tcate_rmse,REF-TCATE-K,10,0.20754134125278018,0.02729081952421908,0.008630114890912503,0.20782918728881136
wcf_sensitivity_v1_logit_f3,IC3,1000,49,10,causal_drf,runtime,NONE_OPERATIONAL,10,55.10209999999999,1.3480799885598609,0.42630032319428923,55.642
wcf_sensitivity_v1_logit_f3,IC3,1000,49,10,causal_drf,tail_calibration,LAW-A-K,10,4.871588201724176e-08,3.601074193434767e-08,1.1387596474507628e-08,4.6435704066788433e-08
wcf_sensitivity_v1_logit_f3,IC3,1000,49,10,causal_drf,tate_functional_rmse,TATE-COMMON199-grid_mean,10,0.2594809686049421,0.03176880796100898,0.010046179170527804,0.2561847495170884
wcf_sensitivity_v1_logit_f3,IC3,1000,49,10,causal_drf,tate_functional_rmse,TATE-COMMON199-grid_sd,10,0.016321943765894808,0.011033858452544308,0.0034892124089940905,0.015300983676639478
wcf_sensitivity_v1_logit_f3,IC3,1000,49,10,causal_drf,tate_functional_rmse,TATE-COMMON199-grid_skewness,10,0.19770481369626566,0.013580297685625782,0.004294467198969075,0.19650787842182935
wcf_sensitivity_v1_logit_f3,IC3,1000,49,10,causal_drf,tate_functional_rmse,TATE-COMMON199-grid_upper_tail_mean,10,0.2657290939203866,0.031530008291264476,0.009970664084438943,0.2611655972582787
wcf_sensitivity_v1_logit_f3,IC3,1000,49,10,causal_drf,tate_functional_rmse,TATE-K-grid_mean,10,0.2612994969081034,0.03177521104510387,0.01004820400350675,0.25799816508755113
wcf_sensitivity_v1_logit_f3,IC3,1000,49,10,causal_drf,tate_functional_rmse,TATE-K-grid_sd,10,0.008828356781755491,0.007243815504434563,0.002290695594405476,0.00909737877442972
wcf_sensitivity_v1_logit_f3,IC3,1000,49,10,causal_drf,tate_functional_rmse,TATE-K-grid_skewness,10,0.0808736950015863,0.013545764703212362,0.00428354691108658,0.07963616329656259
wcf_sensitivity_v1_logit_f3,IC3,1000,49,10,causal_drf,tate_functional_rmse,TATE-K-grid_upper_tail_mean,10,0.26969732822970877,0.03157249957396614,0.00998410100784288,0.26517153017685924
wcf_sensitivity_v1_logit_f3,IC3,1000,49,10,causal_drf,tcate_functional_rmse,TCATE-COMMON199-grid_mean,10,0.2595955142848493,0.031715297370054296,0.010029257635891966,0.2563660966975254
wcf_sensitivity_v1_logit_f3,IC3,1000,49,10,causal_drf,tcate_functional_rmse,TCATE-COMMON199-grid_sd,10,0.016602022488734415,0.010785845354515267,0.0034107837810614518,0.015353413116507087
wcf_sensitivity_v1_logit_f3,IC3,1000,49,10,causal_drf,tcate_functional_rmse,TCATE-COMMON199-grid_skewness,10,0.19777015305453097,0.013520481802160342,0.004275551755768475,0.19659108770612577
wcf_sensitivity_v1_logit_f3,IC3,1000,49,10,causal_drf,tcate_functional_rmse,TCATE-COMMON199-grid_upper_tail_mean,10,0.2658287479567501,0.031535429110174214,0.009972378297892751,0.2615056589631721
wcf_sensitivity_v1_logit_f3,IC3,1000,49,10,causal_drf,tcate_functional_rmse,TCATE-K-grid_mean,10,0.2614137706416626,0.03172154990648974,0.010031234861520884,0.2581798243266889
wcf_sensitivity_v1_logit_f3,IC3,1000,49,10,causal_drf,tcate_functional_rmse,TCATE-K-grid_sd,10,0.009233068121958048,0.006947901949891905,0.002197119512118349,0.009499367026356226
wcf_sensitivity_v1_logit_f3,IC3,1000,49,10,causal_drf,tcate_functional_rmse,TCATE-K-grid_skewness,10,0.08096471764720581,0.013475192448510434,0.004261230004639419,0.0797308676458742
wcf_sensitivity_v1_logit_f3,IC3,1000,49,10,causal_drf,tcate_functional_rmse,TCATE-K-grid_upper_tail_mean,10,0.26979692375884384,0.03157627661362975,0.009985295412657861,0.2655120189535278
wcf_sensitivity_v1_logit_f3,IC3,1000,49,10,cwdb_dr,arm_energy_risk,LAW-A-M-K,10,0.05011846624540149,0.003799900479415134,0.0012016340396917592,0.05034754424268976
wcf_sensitivity_v1_logit_f3,IC3,1000,49,10,cwdb_dr,barycenter_rmse,MEANQ-A-K,10,0.15899766462282375,0.008797679318666405,0.002782070477074414,0.15955545482782652
wcf_sensitivity_v1_logit_f3,IC3,1000,49,10,cwdb_dr,diagnostic_dense_dr_n_levels,NONE_OPERATIONAL,10,199.0,0.0,0.0,199.0
wcf_sensitivity_v1_logit_f3,IC3,1000,49,10,cwdb_dr,diagnostic_dr_if_se_reference,NONE_OPERATIONAL,10,0.02612281460534156,0.004353651838926022,0.0013767455950386741,0.025472349771010795
wcf_sensitivity_v1_logit_f3,IC3,1000,49,10,cwdb_dr,diagnostic_effective_support,NONE_OPERATIONAL,10,9.999999999999998,0.0,0.0,9.999999999999998
wcf_sensitivity_v1_logit_f3,IC3,1000,49,10,cwdb_dr,diagnostic_ehat_mean,NONE_OPERATIONAL,10,0.4991447934978178,0.018344420611813295,0.005801015148946953,0.4899904048423479
wcf_sensitivity_v1_logit_f3,IC3,1000,49,10,cwdb_dr,diagnostic_n_boosting_steps,NONE_OPERATIONAL,10,100.0,0.0,0.0,100.0
wcf_sensitivity_v1_logit_f3,IC3,1000,49,10,cwdb_dr,diagnostic_selected_contrast_shrinkage,NONE_OPERATIONAL,10,40.0,21.081851067789195,6.666666666666666,50.0
wcf_sensitivity_v1_logit_f3,IC3,1000,49,10,cwdb_dr,diagnostic_train_risk,NONE_OPERATIONAL,10,0.06971714699257696,0.007009613400188703,0.0022166343861833647,0.07167056713784613
wcf_sensitivity_v1_logit_f3,IC3,1000,49,10,cwdb_dr,kernel_law_error,LAW-A-COMMON199,10,0.036123123419951934,0.002664037270550648,0.0008424425546518259,0.03645972549542366
wcf_sensitivity_v1_logit_f3,IC3,1000,49,10,cwdb_dr,kernel_law_error,LAW-A-INTERIOR,10,0.02309615019584248,0.0030417710688182167,0.000961892469827034,0.023592387810053843
wcf_sensitivity_v1_logit_f3,IC3,1000,49,10,cwdb_dr,kernel_law_error,LAW-A-K,10,0.01878133401236646,0.002316979994256357,0.0007326934074893938,0.018928791301198403
wcf_sensitivity_v1_logit_f3,IC3,1000,49,10,cwdb_dr,mean_quantile_rmse,MEANQ-A-COMMON199,10,0.12670560379152415,0.022060358209166308,0.006976097794015873,0.12119555165931727
wcf_sensitivity_v1_logit_f3,IC3,1000,49,10,cwdb_dr,mean_quantile_rmse,MEANQ-A-INTERIOR,10,0.11998662217900347,0.017689843899639728,0.005594019817569659,0.11787745275556683
wcf_sensitivity_v1_logit_f3,IC3,1000,49,10,cwdb_dr,mean_quantile_rmse,MEANQ-A-K,10,0.12096129872448387,0.023430208983234165,0.007409282644075787,0.11431362302573927
wcf_sensitivity_v1_logit_f3,IC3,1000,49,10,cwdb_dr,mode_coverage,LAW-A-K,10,1.0,0.0,0.0,1.0
wcf_sensitivity_v1_logit_f3,IC3,1000,49,10,cwdb_dr,peak_ram,NONE_OPERATIONAL,10,0.0,0.0,0.0,0.0
wcf_sensitivity_v1_logit_f3,IC3,1000,49,10,cwdb_dr,process_peak_ram,NONE_OPERATIONAL,10,933.028515625,13.621506431101084,4.307498548491086,935.130859375
wcf_sensitivity_v1_logit_f3,IC3,1000,49,10,cwdb_dr,reference_effect_rmse,REF-ATE-COMMON199,10,0.023200291574428163,0.015121894539491821,0.004781962928165719,0.018660631521758925
wcf_sensitivity_v1_logit_f3,IC3,1000,49,10,cwdb_dr,reference_effect_rmse,REF-ATE-K,10,0.018736005927081162,0.013852172311256454,0.004380441504468926,0.016982922113844626
wcf_sensitivity_v1_logit_f3,IC3,1000,49,10,cwdb_dr,reference_tcate_rmse,REF-TCATE-COMMON199,10,0.053400865323422454,0.017517401138581544,0.005539488628474454,0.05341958734861291
wcf_sensitivity_v1_logit_f3,IC3,1000,49,10,cwdb_dr,reference_tcate_rmse,REF-TCATE-INTERIOR,10,0.052599205366266444,0.018207619802965026,0.005757754934775569,0.05248210345944788
wcf_sensitivity_v1_logit_f3,IC3,1000,49,10,cwdb_dr,reference_tcate_rmse,REF-TCATE-K,10,0.05119979140810067,0.01743807961704092,0.005514404960920607,0.04940790442637401
wcf_sensitivity_v1_logit_f3,IC3,1000,49,10,cwdb_dr,runtime,NONE_OPERATIONAL,10,518.1446027369,40.94124622116939,12.946758830465704,528.4779943584999
wcf_sensitivity_v1_logit_f3,IC3,1000,49,10,cwdb_dr,tail_calibration,LAW-A-K,10,4.8715881928507176e-08,3.601074193843702e-08,1.1387596475800793e-08,4.6435703991154486e-08
wcf_sensitivity_v1_logit_f3,IC3,1000,49,10,cwdb_dr,tate_functional_rmse,TATE-COMMON199-grid_mean,10,0.020137756995076184,0.01603844860626931,0.005071802773136411,0.014268321040688356
wcf_sensitivity_v1_logit_f3,IC3,1000,49,10,cwdb_dr,tate_functional_rmse,TATE-COMMON199-grid_sd,10,0.013389518275498603,0.010764226305114505,0.0034039472373660414,0.015737337416124743
wcf_sensitivity_v1_logit_f3,IC3,1000,49,10,cwdb_dr,tate_functional_rmse,TATE-COMMON199-grid_skewness,10,0.12674525601006392,0.010481570768197725,0.003314563708374558,0.12615403193910657
wcf_sensitivity_v1_logit_f3,IC3,1000,49,10,cwdb_dr,tate_functional_rmse,TATE-COMMON199-grid_upper_tail_mean,10,0.02244065955163455,0.01903237843686147,0.00601856651507574,0.014709253644195522
wcf_sensitivity_v1_logit_f3,IC3,1000,49,10,cwdb_dr,tate_functional_rmse,TATE-K-grid_mean,10,0.0215643903860595,0.016505690902710608,0.00521955776072862,0.01746191722078297
wcf_sensitivity_v1_logit_f3,IC3,1000,49,10,cwdb_dr,tate_functional_rmse,TATE-K-grid_sd,10,0.012132730753097723,0.009910705701401658,0.003134040323604585,0.012167457783142594
wcf_sensitivity_v1_logit_f3,IC3,1000,49,10,cwdb_dr,tate_functional_rmse,TATE-K-grid_skewness,10,0.010192877851066822,0.007891612142011431,0.002495546877939628,0.00951737420622778
wcf_sensitivity_v1_logit_f3,IC3,1000,49,10,cwdb_dr,tate_functional_rmse,TATE-K-grid_upper_tail_mean,10,0.02516862134124026,0.019696433147300737,0.006228559052670907,0.019933537667852136
wcf_sensitivity_v1_logit_f3,IC3,1000,49,10,cwdb_dr,tcate_functional_rmse,TCATE-COMMON199-grid_mean,10,0.05370273110903303,0.01647345138256346,0.005209362729295033,0.05221320240770763
wcf_sensitivity_v1_logit_f3,IC3,1000,49,10,cwdb_dr,tcate_functional_rmse,TCATE-COMMON199-grid_sd,10,0.03655044910756008,0.00859851632000943,0.002719089606935904,0.03583008996604206
wcf_sensitivity_v1_logit_f3,IC3,1000,49,10,cwdb_dr,tcate_functional_rmse,TCATE-COMMON199-grid_skewness,10,0.12820128379726342,0.009957895413729285,0.0031489630209129275,0.1275321520247334
wcf_sensitivity_v1_logit_f3,IC3,1000,49,10,cwdb_dr,tcate_functional_rmse,TCATE-COMMON199-grid_upper_tail_mean,10,0.053259595555886594,0.014733865444986179,0.004659257354460663,0.0527987744139026
wcf_sensitivity_v1_logit_f3,IC3,1000,49,10,cwdb_dr,tcate_functional_rmse,TCATE-K-grid_mean,10,0.05426205618039376,0.01652394967714389,0.0052253316921778625,0.05268101807642048
wcf_sensitivity_v1_logit_f3,IC3,1000,49,10,cwdb_dr,tcate_functional_rmse,TCATE-K-grid_sd,10,0.03515413782852707,0.012171803843170114,0.0038490623377208473,0.0343472894747639
wcf_sensitivity_v1_logit_f3,IC3,1000,49,10,cwdb_dr,tcate_functional_rmse,TCATE-K-grid_skewness,10,0.022119198833952865,0.005823494170847117,0.0018415505520590616,0.023483759531257233
wcf_sensitivity_v1_logit_f3,IC3,1000,49,10,cwdb_dr,tcate_functional_rmse,TCATE-K-grid_upper_tail_mean,10,0.05467271826188401,0.01467915348108178,0.004641955912340781,0.052605103951013504
wcf_sensitivity_v1_logit_f3,IC3,1000,49,10,drf,arm_energy_risk,LAW-A-M-K,10,0.1025638744317996,0.006174438071432885,0.0019525287577385343,0.10048887260309702
wcf_sensitivity_v1_logit_f3,IC3,1000,49,10,drf,barycenter_rmse,MEANQ-A-K,10,0.34231809405749336,0.008827866297039001,0.0027916164378079785,0.34182284215014425
wcf_sensitivity_v1_logit_f3,IC3,1000,49,10,drf,diagnostic_effective_support,NONE_OPERATIONAL,10,223.218872780089,3.112486997077236,0.9842548098421906,222.6671286053613
wcf_sensitivity_v1_logit_f3,IC3,1000,49,10,drf,kernel_law_error,LAW-A-COMMON199,10,0.08882994294410321,0.003965565939044693,0.0012540220578965671,0.08789298593364041
wcf_sensitivity_v1_logit_f3,IC3,1000,49,10,drf,kernel_law_error,LAW-A-INTERIOR,10,0.1042673759293774,0.00529278838381626,0.0016737266466140858,0.10348092860138548
wcf_sensitivity_v1_logit_f3,IC3,1000,49,10,drf,kernel_law_error,LAW-A-K,10,0.0741009792027531,0.004077219978236302,0.0012893301652768861,0.07370975889125947
wcf_sensitivity_v1_logit_f3,IC3,1000,49,10,drf,mean_quantile_rmse,MEANQ-A-COMMON199,10,0.34014262633509007,0.01556746849303353,0.004922865784089504,0.33409970476081474
wcf_sensitivity_v1_logit_f3,IC3,1000,49,10,drf,mean_quantile_rmse,MEANQ-A-INTERIOR,10,0.348323740419085,0.015876836962260013,0.005020696683989043,0.34286882465678814
wcf_sensitivity_v1_logit_f3,IC3,1000,49,10,drf,mean_quantile_rmse,MEANQ-A-K,10,0.33919571643811425,0.0156870759795243,0.004960688992341369,0.3331018528932225
wcf_sensitivity_v1_logit_f3,IC3,1000,49,10,drf,mode_coverage,LAW-A-K,10,1.0,0.0,0.0,1.0
wcf_sensitivity_v1_logit_f3,IC3,1000,49,10,drf,peak_ram,NONE_OPERATIONAL,10,550.8100000000001,24.91779596103067,7.879698950820115,543.4
wcf_sensitivity_v1_logit_f3,IC3,1000,49,10,drf,process_peak_ram,NONE_OPERATIONAL,10,662.259765625,40.37750445282552,12.76848803045194,669.51171875
wcf_sensitivity_v1_logit_f3,IC3,1000,49,10,drf,reference_effect_rmse,REF-ATE-COMMON199,10,0.2698920922514432,0.015188906580065071,0.004803153996052427,0.26517632688490433
wcf_sensitivity_v1_logit_f3,IC3,1000,49,10,drf,reference_effect_rmse,REF-ATE-K,10,0.26125070674741213,0.015098825712020265,0.004774667924389761,0.2567883117437072
wcf_sensitivity_v1_logit_f3,IC3,1000,49,10,drf,reference_tcate_rmse,REF-TCATE-COMMON199,10,0.26997908925820596,0.015127618503666762,0.004783773004569521,0.26525052333674626
wcf_sensitivity_v1_logit_f3,IC3,1000,49,10,drf,reference_tcate_rmse,REF-TCATE-INTERIOR,10,0.3062100136397142,0.015745963234372908,0.004979310777389008,0.30099157087531414
wcf_sensitivity_v1_logit_f3,IC3,1000,49,10,drf,reference_tcate_rmse,REF-TCATE-K,10,0.2613403865212274,0.015036743453137963,0.0047550357903541314,0.25686146737578036
wcf_sensitivity_v1_logit_f3,IC3,1000,49,10,drf,runtime,NONE_OPERATIONAL,10,38.6662,1.2412476518943882,0.3925169720322081,38.24250000000001
wcf_sensitivity_v1_logit_f3,IC3,1000,49,10,drf,tail_calibration,LAW-A-K,10,4.8715881777516843e-08,3.601074192834871e-08,1.138759647261059e-08,4.6435703860980835e-08
wcf_sensitivity_v1_logit_f3,IC3,1000,49,10,drf,tate_functional_rmse,TATE-COMMON199-grid_mean,10,0.32747913187011585,0.01680180784995718,0.005313198161436129,0.3222870954578701
wcf_sensitivity_v1_logit_f3,IC3,1000,49,10,drf,tate_functional_rmse,TATE-COMMON199-grid_sd,10,0.015877763323029297,0.010390409403614988,0.003285735953705513,0.01499156223302155
wcf_sensitivity_v1_logit_f3,IC3,1000,49,10,drf,tate_functional_rmse,TATE-COMMON199-grid_skewness,10,0.21663335608972617,0.010435687576277454,0.003300054169095889,0.21792835300204355
wcf_sensitivity_v1_logit_f3,IC3,1000,49,10,drf,tate_functional_rmse,TATE-COMMON199-grid_upper_tail_mean,10,0.33594589043718337,0.019088345698555848,0.006036264917211433,0.3271217276043392
wcf_sensitivity_v1_logit_f3,IC3,1000,49,10,drf,tate_functional_rmse,TATE-K-grid_mean,10,0.3292973911333845,0.016806916288917142,0.005314813591676272,0.3241032593671042
wcf_sensitivity_v1_logit_f3,IC3,1000,49,10,drf,tate_functional_rmse,TATE-K-grid_sd,10,0.009097867080198444,0.005385289109695107,0.0017029779445136895,0.0077089590729051884
wcf_sensitivity_v1_logit_f3,IC3,1000,49,10,drf,tate_functional_rmse,TATE-K-grid_skewness,10,0.10045450465981658,0.01030005716612193,0.0032571640674884605,0.10178729383401039
wcf_sensitivity_v1_logit_f3,IC3,1000,49,10,drf,tate_functional_rmse,TATE-K-grid_upper_tail_mean,10,0.3399302483023061,0.019032562894707332,0.006018624845768261,0.33106544993477705
wcf_sensitivity_v1_logit_f3,IC3,1000,49,10,drf,tcate_functional_rmse,TCATE-COMMON199-grid_mean,10,0.32753750392901787,0.01677059989358302,0.005303329339109979,0.32228462653056783
wcf_sensitivity_v1_logit_f3,IC3,1000,49,10,drf,tcate_functional_rmse,TCATE-COMMON199-grid_sd,10,0.015949719904926545,0.010358144919603568,0.0032755330280048955,0.015041844360483936
wcf_sensitivity_v1_logit_f3,IC3,1000,49,10,drf,tcate_functional_rmse,TCATE-COMMON199-grid_skewness,10,0.21669393899634123,0.010472104016071272,0.003311570058498175,0.21798349663300534
wcf_sensitivity_v1_logit_f3,IC3,1000,49,10,drf,tcate_functional_rmse,TCATE-COMMON199-grid_upper_tail_mean,10,0.336000004346282,0.019099582612243916,0.006039818341323935,0.3271203509229434
wcf_sensitivity_v1_logit_f3,IC3,1000,49,10,drf,tcate_functional_rmse,TCATE-K-grid_mean,10,0.32935584914472865,0.01677541658106278,0.005304852509431303,0.3241013451034477
wcf_sensitivity_v1_logit_f3,IC3,1000,49,10,drf,tcate_functional_rmse,TCATE-K-grid_sd,10,0.009172038387546459,0.0053667787132227526,0.0016971244431891511,0.007781864725904392
wcf_sensitivity_v1_logit_f3,IC3,1000,49,10,drf,tcate_functional_rmse,TCATE-K-grid_skewness,10,0.10052212337636066,0.010319203742760859,0.003263218746645859,0.1018484272894793
wcf_sensitivity_v1_logit_f3,IC3,1000,49,10,drf,tcate_functional_rmse,TCATE-K-grid_upper_tail_mean,10,0.3399847790285744,0.019042108154446888,0.006021643321931751,0.3310641444846726
wcf_sensitivity_v1_logit_f3,IC3,1000,49,25,cwdb_dr,arm_energy_risk,LAW-A-M-K,10,0.04707506890305271,0.0036587851672142727,0.0011570094597637122,0.047259910770309124
wcf_sensitivity_v1_logit_f3,IC3,1000,49,25,cwdb_dr,barycenter_rmse,MEANQ-A-K,10,0.1614030482040225,0.006537184309937909,0.0020672391903719892,0.1631674210761876
wcf_sensitivity_v1_logit_f3,IC3,1000,49,25,cwdb_dr,diagnostic_dense_dr_n_levels,NONE_OPERATIONAL,10,199.0,0.0,0.0,199.0
wcf_sensitivity_v1_logit_f3,IC3,1000,49,25,cwdb_dr,diagnostic_dr_if_se_reference,NONE_OPERATIONAL,10,0.028583736918122587,0.005734370867907806,0.0018133672890705216,0.028176149056131958
wcf_sensitivity_v1_logit_f3,IC3,1000,49,25,cwdb_dr,diagnostic_effective_support,NONE_OPERATIONAL,10,25.0,0.0,0.0,25.0
wcf_sensitivity_v1_logit_f3,IC3,1000,49,25,cwdb_dr,diagnostic_ehat_mean,NONE_OPERATIONAL,10,0.4991447934978178,0.018344420611813295,0.005801015148946953,0.4899904048423479
wcf_sensitivity_v1_logit_f3,IC3,1000,49,25,cwdb_dr,diagnostic_n_boosting_steps,NONE_OPERATIONAL,10,100.0,0.0,0.0,100.0
wcf_sensitivity_v1_logit_f3,IC3,1000,49,25,cwdb_dr,diagnostic_selected_contrast_shrinkage,NONE_OPERATIONAL,10,180.0,221.35943621178654,70.0,50.0
wcf_sensitivity_v1_logit_f3,IC3,1000,49,25,cwdb_dr,diagnostic_train_risk,NONE_OPERATIONAL,10,0.07120779208770195,0.006320896177647404,0.0019988428774818084,0.07229078987046275
wcf_sensitivity_v1_logit_f3,IC3,1000,49,25,cwdb_dr,kernel_law_error,LAW-A-COMMON199,10,0.03572031237555611,0.0023372407670065086,0.000739100426393949,0.03587368074402808
wcf_sensitivity_v1_logit_f3,IC3,1000,49,25,cwdb_dr,kernel_law_error,LAW-A-INTERIOR,10,0.023115246356432105,0.00310454340929838,0.0009817428268247244,0.024065457042910413
wcf_sensitivity_v1_logit_f3,IC3,1000,49,25,cwdb_dr,kernel_law_error,LAW-A-K,10,0.018672090190528425,0.0020614173843225875,0.0006518774142726052,0.019201096566053042
wcf_sensitivity_v1_logit_f3,IC3,1000,49,25,cwdb_dr,mean_quantile_rmse,MEANQ-A-COMMON199,10,0.12913665406128416,0.018700716492077347,0.005913685799203857,0.1247959954728275
wcf_sensitivity_v1_logit_f3,IC3,1000,49,25,cwdb_dr,mean_quantile_rmse,MEANQ-A-INTERIOR,10,0.12621324271476334,0.0187297892104669,0.005922879399992222,0.12292653316330193
wcf_sensitivity_v1_logit_f3,IC3,1000,49,25,cwdb_dr,mean_quantile_rmse,MEANQ-A-K,10,0.12330907950714234,0.019528477019726487,0.006175446661659264,0.11911233372133795
wcf_sensitivity_v1_logit_f3,IC3,1000,49,25,cwdb_dr,mode_coverage,LAW-A-K,10,1.0,0.0,0.0,1.0
wcf_sensitivity_v1_logit_f3,IC3,1000,49,25,cwdb_dr,peak_ram,NONE_OPERATIONAL,10,295.223828125,254.22381410971033,80.39262880419358,479.365234375
wcf_sensitivity_v1_logit_f3,IC3,1000,49,25,cwdb_dr,process_peak_ram,NONE_OPERATIONAL,10,979.525,39.650035511036755,12.538442152143446,995.576171875
wcf_sensitivity_v1_logit_f3,IC3,1000,49,25,cwdb_dr,reference_effect_rmse,REF-ATE-COMMON199,10,0.0215011531663376,0.012600975621954419,0.00398477837056328,0.019413377910697624
wcf_sensitivity_v1_logit_f3,IC3,1000,49,25,cwdb_dr,reference_effect_rmse,REF-ATE-K,10,0.016465610615297978,0.01158136687760264,0.0036623497751256846,0.019455889335918075
wcf_sensitivity_v1_logit_f3,IC3,1000,49,25,cwdb_dr,reference_tcate_rmse,REF-TCATE-COMMON199,10,0.05119012345356053,0.019261434433243366,0.006091000381104348,0.04593791495293883
wcf_sensitivity_v1_logit_f3,IC3,1000,49,25,cwdb_dr,reference_tcate_rmse,REF-TCATE-INTERIOR,10,0.05348412222581674,0.019360157773330215,0.006122219442393733,0.051885457228409565
wcf_sensitivity_v1_logit_f3,IC3,1000,49,25,cwdb_dr,reference_tcate_rmse,REF-TCATE-K,10,0.048960437682796586,0.01897553684961925,0.006000591626925282,0.04504646967451624
wcf_sensitivity_v1_logit_f3,IC3,1000,49,25,cwdb_dr,runtime,NONE_OPERATIONAL,10,3016.014668302398,930.2309596214102,294.1648582407779,2645.6505004889996
wcf_sensitivity_v1_logit_f3,IC3,1000,49,25,cwdb_dr,tail_calibration,LAW-A-K,10,4.871588180327401e-08,3.601074194159635e-08,1.1387596476799863e-08,4.6435703866254396e-08
wcf_sensitivity_v1_logit_f3,IC3,1000,49,25,cwdb_dr,tate_functional_rmse,TATE-COMMON199-grid_mean,10,0.0219945115005623,0.011718255553479624,0.003705637775291266,0.02408330686030183
wcf_sensitivity_v1_logit_f3,IC3,1000,49,25,cwdb_dr,tate_functional_rmse,TATE-COMMON199-grid_sd,10,0.013509241181112384,0.009541491583025585,0.003017284567768643,0.01441716376083662
wcf_sensitivity_v1_logit_f3,IC3,1000,49,25,cwdb_dr,tate_functional_rmse,TATE-COMMON199-grid_skewness,10,0.1301449116979165,0.02014358478042271,0.006369960814683851,0.13362035095057573
wcf_sensitivity_v1_logit_f3,IC3,1000,49,25,cwdb_dr,tate_functional_rmse,TATE-COMMON199-grid_upper_tail_mean,10,0.022460204384869308,0.01533097701708025,0.004848080612966773,0.019577698679079894
wcf_sensitivity_v1_logit_f3,IC3,1000,49,25,cwdb_dr,tate_functional_rmse,TATE-K-grid_mean,10,0.023737343840150978,0.01186831506197333,0.0037530907584318153,0.02529473977183594
wcf_sensitivity_v1_logit_f3,IC3,1000,49,25,cwdb_dr,tate_functional_rmse,TATE-K-grid_sd,10,0.009721964866020012,0.006992848236560296,0.002211332775942247,0.008268720234830551
wcf_sensitivity_v1_logit_f3,IC3,1000,49,25,cwdb_dr,tate_functional_rmse,TATE-K-grid_skewness,10,0.018678414988777307,0.012650517604638947,0.0040004449210716535,0.016168826714287377
wcf_sensitivity_v1_logit_f3,IC3,1000,49,25,cwdb_dr,tate_functional_rmse,TATE-K-grid_upper_tail_mean,10,0.02593252985056904,0.016038411905837126,0.0050717911674407305,0.025088740621252312
wcf_sensitivity_v1_logit_f3,IC3,1000,49,25,cwdb_dr,tcate_functional_rmse,TCATE-COMMON199-grid_mean,10,0.057045025495568044,0.02159201339181743,0.006827994158700073,0.05836469139189819
wcf_sensitivity_v1_logit_f3,IC3,1000,49,25,cwdb_dr,tcate_functional_rmse,TCATE-COMMON199-grid_sd,10,0.03336858571908406,0.011274155772793101,0.0035652010937561995,0.03489098984125704
wcf_sensitivity_v1_logit_f3,IC3,1000,49,25,cwdb_dr,tcate_functional_rmse,TCATE-COMMON199-grid_skewness,10,0.1318382159666049,0.0196020972582643,0.006198727425225704,0.13566659078528376
wcf_sensitivity_v1_logit_f3,IC3,1000,49,25,cwdb_dr,tcate_functional_rmse,TCATE-COMMON199-grid_upper_tail_mean,10,0.05687000516222509,0.022721159539908702,0.007185061522617494,0.05165240557170833
wcf_sensitivity_v1_logit_f3,IC3,1000,49,25,cwdb_dr,tcate_functional_rmse,TCATE-K-grid_mean,10,0.05751964385618631,0.021605431088462274,0.006832237206935163,0.05831069156535584
wcf_sensitivity_v1_logit_f3,IC3,1000,49,25,cwdb_dr,tcate_functional_rmse,TCATE-K-grid_sd,10,0.03212169578072933,0.010006975767047004,0.003164483591397907,0.03499737451651322
wcf_sensitivity_v1_logit_f3,IC3,1000,49,25,cwdb_dr,tcate_functional_rmse,TCATE-K-grid_skewness,10,0.029156796146114848,0.00973005854134089,0.0030769146757412824,0.028051004578428643
wcf_sensitivity_v1_logit_f3,IC3,1000,49,25,cwdb_dr,tcate_functional_rmse,TCATE-K-grid_upper_tail_mean,10,0.05799127784298952,0.02272905250084752,0.007187557496022434,0.05051456698416344
wcf_sensitivity_v1_sym,SYM-LIN,500,25,10,causal_drf,arm_energy_risk,LAW-A-M-K,10,0.07427784154834828,0.005806660807161045,0.0018362273750660663,0.071846675735005
wcf_sensitivity_v1_sym,SYM-LIN,500,25,10,causal_drf,barycenter_rmse,MEANQ-A-K,10,0.2639621285628136,0.011056930809970302,0.0034965085290396547,0.2637579893646572
wcf_sensitivity_v1_sym,SYM-LIN,500,25,10,causal_drf,diagnostic_effective_support,NONE_OPERATIONAL,10,93.65033759498425,2.6166851238572515,0.8274684910868715,94.09419154467719
wcf_sensitivity_v1_sym,SYM-LIN,500,25,10,causal_drf,kernel_law_error,LAW-A-COMMON199,10,0.06864528000685706,0.005798663785948704,0.0018336984949132982,0.06599251800227682
wcf_sensitivity_v1_sym,SYM-LIN,500,25,10,causal_drf,kernel_law_error,LAW-A-INTERIOR,10,0.05858602512209472,0.005853973445676979,0.001851188945048322,0.05592386210131482
wcf_sensitivity_v1_sym,SYM-LIN,500,25,10,causal_drf,kernel_law_error,LAW-A-K,10,0.059154311332291744,0.005819948251031318,0.0018404292337572369,0.0565227070941895
wcf_sensitivity_v1_sym,SYM-LIN,500,25,10,causal_drf,mean_quantile_rmse,MEANQ-A-COMMON199,10,0.12756064358811361,0.01809730279435863,0.005722869633590308,0.1360347859713424
wcf_sensitivity_v1_sym,SYM-LIN,500,25,10,causal_drf,mean_quantile_rmse,MEANQ-A-INTERIOR,10,0.12745052268747864,0.018176040998052312,0.00574776883984454,0.13599109631991918
wcf_sensitivity_v1_sym,SYM-LIN,500,25,10,causal_drf,mean_quantile_rmse,MEANQ-A-K,10,0.1275621042037876,0.018096261205899,0.005722540254398611,0.136035365920253
wcf_sensitivity_v1_sym,SYM-LIN,500,25,10,causal_drf,mode_coverage,LAW-A-K,10,1.0,0.0,0.0,1.0
wcf_sensitivity_v1_sym,SYM-LIN,500,25,10,causal_drf,peak_ram,NONE_OPERATIONAL,10,304.30587,0.26260048256704893,0.08304156395712148,304.31444999999997
wcf_sensitivity_v1_sym,SYM-LIN,500,25,10,causal_drf,process_peak_ram,NONE_OPERATIONAL,10,651.74296875,44.187949365336,13.973456512665354,629.5859375
wcf_sensitivity_v1_sym,SYM-LIN,500,25,10,causal_drf,reference_effect_rmse,REF-ATE-COMMON199,10,0.025982359715494542,0.01738061408877943,0.005496232765295498,0.025025405929536317
wcf_sensitivity_v1_sym,SYM-LIN,500,25,10,causal_drf,reference_effect_rmse,REF-ATE-K,10,0.025934060333536412,0.017286273369473176,0.00546639961038486,0.025007273318794026
wcf_sensitivity_v1_sym,SYM-LIN,500,25,10,causal_drf,reference_tcate_rmse,REF-TCATE-COMMON199,10,0.0546702700210849,0.017141022814758513,0.005420467351954735,0.05132344511113329
wcf_sensitivity_v1_sym,SYM-LIN,500,25,10,causal_drf,reference_tcate_rmse,REF-TCATE-INTERIOR,10,0.05727592646269601,0.018043547601905106,0.005705870749168925,0.05477126901491792
wcf_sensitivity_v1_sym,SYM-LIN,500,25,10,causal_drf,reference_tcate_rmse,REF-TCATE-K,10,0.05478106085613391,0.017115398174374654,0.005412364129171163,0.0513775334167068
wcf_sensitivity_v1_sym,SYM-LIN,500,25,10,causal_drf,runtime,NONE_OPERATIONAL,10,16.7071,1.5121771243989763,0.4781923938704543,15.8575
wcf_sensitivity_v1_sym,SYM-LIN,500,25,10,causal_drf,tail_calibration,LAW-A-K,10,0.04821715114374309,0.005416439398879214,0.0017128285308731582,0.04861227881495841
wcf_sensitivity_v1_sym,SYM-LIN,500,25,10,causal_drf,tate_functional_rmse,TATE-COMMON199-grid_mean,10,0.06760618193404298,0.03499378317983028,0.011066005879435329,0.0728657881778543
wcf_sensitivity_v1_sym,SYM-LIN,500,25,10,causal_drf,tate_functional_rmse,TATE-COMMON199-grid_sd,10,0.004223007983376625,0.0034008040141643454,0.0010754286560602858,0.0036554802397241216
wcf_sensitivity_v1_sym,SYM-LIN,500,25,10,causal_drf,tate_functional_rmse,TATE-COMMON199-grid_skewness,10,3.2754271248827374e-17,2.5583282872543844e-17,8.090144390161371e-18,2.9592811613547586e-17
wcf_sensitivity_v1_sym,SYM-LIN,500,25,10,causal_drf,tate_functional_rmse,TATE-COMMON199-grid_upper_tail_mean,10,0.06501815380934121,0.035357114267338015,0.011180901257562367,0.06987336087495359
wcf_sensitivity_v1_sym,SYM-LIN,500,25,10,causal_drf,tate_functional_rmse,TATE-K-grid_mean,10,0.06760618193404298,0.034993783179830276,0.011066005879435327,0.07286578817785432
wcf_sensitivity_v1_sym,SYM-LIN,500,25,10,causal_drf,tate_functional_rmse,TATE-K-grid_sd,10,0.004237957295670914,0.0034128427508798623,0.0010792356388774987,0.0036684205220783982
wcf_sensitivity_v1_sym,SYM-LIN,500,25,10,causal_drf,tate_functional_rmse,TATE-K-grid_skewness,10,1.4054624805554595e-17,1.1728032786831429e-17,3.708729607951933e-18,1.3575559445624034e-17
wcf_sensitivity_v1_sym,SYM-LIN,500,25,10,causal_drf,tate_functional_rmse,TATE-K-grid_upper_tail_mean,10,0.06510512522845029,0.035339001940846326,0.011175173637018533,0.06997392224313576
wcf_sensitivity_v1_sym,SYM-LIN,500,25,10,causal_drf,tcate_functional_rmse,TCATE-COMMON199-grid_mean,10,0.08419525910724335,0.027975123131897962,0.00884651069204606,0.08935962232748809
wcf_sensitivity_v1_sym,SYM-LIN,500,25,10,causal_drf,tcate_functional_rmse,TCATE-COMMON199-grid_sd,10,0.005214375584784698,0.002955319655408832,0.0009345541324955861,0.004635975087173872
wcf_sensitivity_v1_sym,SYM-LIN,500,25,10,causal_drf,tcate_functional_rmse,TCATE-COMMON199-grid_skewness,10,4.915982398033019e-17,2.017822961018962e-17,6.380916471805074e-18,4.825598543084802e-17
wcf_sensitivity_v1_sym,SYM-LIN,500,25,10,causal_drf,tcate_functional_rmse,TCATE-COMMON199-grid_upper_tail_mean,10,0.0822804214415566,0.02766806721536443,0.008749411085518407,0.08955433045534682
wcf_sensitivity_v1_sym,SYM-LIN,500,25,10,causal_drf,tcate_functional_rmse,TCATE-K-grid_mean,10,0.08419525910724336,0.02797512313189796,0.008846510692046058,0.08935962232748809
wcf_sensitivity_v1_sym,SYM-LIN,500,25,10,causal_drf,tcate_functional_rmse,TCATE-K-grid_sd,10,0.0052328343064692185,0.0029657813918374733,0.0009378624240350724,0.004652386289719451
wcf_sensitivity_v1_sym,SYM-LIN,500,25,10,causal_drf,tcate_functional_rmse,TCATE-K-grid_skewness,10,2.5132708804316778e-17,1.3851413930794261e-17,4.380201683509577e-18,2.1037170579204205e-17
wcf_sensitivity_v1_sym,SYM-LIN,500,25,10,causal_drf,tcate_functional_rmse,TCATE-K-grid_upper_tail_mean,10,0.08234119782897778,0.0276777717252657,0.008752479921004773,0.08954667638331609
wcf_sensitivity_v1_sym,SYM-LIN,500,25,10,cwdb_dr,arm_energy_risk,LAW-A-M-K,10,0.05858018920570899,0.003705846445497661,0.001171891542661165,0.05846785438510528
wcf_sensitivity_v1_sym,SYM-LIN,500,25,10,cwdb_dr,barycenter_rmse,MEANQ-A-K,10,0.18079559238951354,0.008204761515331586,0.002594573404694233,0.1809634451158736
wcf_sensitivity_v1_sym,SYM-LIN,500,25,10,cwdb_dr,diagnostic_dense_dr_n_levels,NONE_OPERATIONAL,10,199.0,0.0,0.0,199.0
wcf_sensitivity_v1_sym,SYM-LIN,500,25,10,cwdb_dr,diagnostic_dr_if_se_reference,NONE_OPERATIONAL,10,0.02660026865002512,0.001555870614548242,0.0004920094886498353,0.026789101926809937
wcf_sensitivity_v1_sym,SYM-LIN,500,25,10,cwdb_dr,diagnostic_effective_support,NONE_OPERATIONAL,10,9.999999999999998,0.0,0.0,9.999999999999998
wcf_sensitivity_v1_sym,SYM-LIN,500,25,10,cwdb_dr,diagnostic_ehat_mean,NONE_OPERATIONAL,10,0.5014265985342022,0.017758547299775353,0.005615745740312309,0.5008425139737331
wcf_sensitivity_v1_sym,SYM-LIN,500,25,10,cwdb_dr,diagnostic_n_boosting_steps,NONE_OPERATIONAL,10,100.0,0.0,0.0,100.0
wcf_sensitivity_v1_sym,SYM-LIN,500,25,10,cwdb_dr,diagnostic_selected_contrast_shrinkage,NONE_OPERATIONAL,10,15.0,24.1522945769824,7.637626158259733,0.0
wcf_sensitivity_v1_sym,SYM-LIN,500,25,10,cwdb_dr,diagnostic_train_risk,NONE_OPERATIONAL,10,0.03635700165985212,0.0037020800400460623,0.001170700500679292,0.035307789257115516
wcf_sensitivity_v1_sym,SYM-LIN,500,25,10,cwdb_dr,kernel_law_error,LAW-A-COMMON199,10,0.04065972570215222,0.0031642017455957953,0.0010006084492363372,0.04182737418526507
wcf_sensitivity_v1_sym,SYM-LIN,500,25,10,cwdb_dr,kernel_law_error,LAW-A-INTERIOR,10,0.03008734310073834,0.0032543888285651106,0.001029128109007299,0.030696968911796085
wcf_sensitivity_v1_sym,SYM-LIN,500,25,10,cwdb_dr,kernel_law_error,LAW-A-K,10,0.03048650188702917,0.0032734905713501863,0.0010351686104552518,0.031216637757974158
wcf_sensitivity_v1_sym,SYM-LIN,500,25,10,cwdb_dr,mean_quantile_rmse,MEANQ-A-COMMON199,10,0.13772240428595028,0.021016784469676218,0.0066460908017030845,0.14092896587547715
wcf_sensitivity_v1_sym,SYM-LIN,500,25,10,cwdb_dr,mean_quantile_rmse,MEANQ-A-INTERIOR,10,0.1360468271774618,0.02035029390429726,0.006435327979141997,0.13805390776840137
wcf_sensitivity_v1_sym,SYM-LIN,500,25,10,cwdb_dr,mean_quantile_rmse,MEANQ-A-K,10,0.13788570048610366,0.0211112372919592,0.006675959406687617,0.1411555841269049
wcf_sensitivity_v1_sym,SYM-LIN,500,25,10,cwdb_dr,mode_coverage,LAW-A-K,10,1.0,0.0,0.0,1.0
wcf_sensitivity_v1_sym,SYM-LIN,500,25,10,cwdb_dr,peak_ram,NONE_OPERATIONAL,10,0.0,0.0,0.0,0.0
wcf_sensitivity_v1_sym,SYM-LIN,500,25,10,cwdb_dr,process_peak_ram,NONE_OPERATIONAL,10,815.726171875,11.292195092630879,3.570905627568963,817.396484375
wcf_sensitivity_v1_sym,SYM-LIN,500,25,10,cwdb_dr,reference_effect_rmse,REF-ATE-COMMON199,10,0.012874003432319073,0.01129349800957749,0.0035713176460842955,0.008810870456948998
wcf_sensitivity_v1_sym,SYM-LIN,500,25,10,cwdb_dr,reference_effect_rmse,REF-ATE-K,10,0.011435507020410011,0.008229442951259068,0.0026023783600396685,0.01208090176492508
wcf_sensitivity_v1_sym,SYM-LIN,500,25,10,cwdb_dr,reference_tcate_rmse,REF-TCATE-COMMON199,10,0.045150958539107305,0.012990183837330652,0.004107856815027107,0.045121608325247524
wcf_sensitivity_v1_sym,SYM-LIN,500,25,10,cwdb_dr,reference_tcate_rmse,REF-TCATE-INTERIOR,10,0.046491376478666496,0.013655245721825514,0.0043181678490238655,0.046366006337964775
wcf_sensitivity_v1_sym,SYM-LIN,500,25,10,cwdb_dr,reference_tcate_rmse,REF-TCATE-K,10,0.04517321688013745,0.013000225941477813,0.004111032407187672,0.04522875357535746
wcf_sensitivity_v1_sym,SYM-LIN,500,25,10,cwdb_dr,runtime,NONE_OPERATIONAL,10,206.46812811119963,18.461536031546284,5.838050296495241,215.73991917950116
wcf_sensitivity_v1_sym,SYM-LIN,500,25,10,cwdb_dr,tail_calibration,LAW-A-K,10,0.03838782305626709,0.006204513291861185,0.0019620393775070396,0.03728929512329909
wcf_sensitivity_v1_sym,SYM-LIN,500,25,10,cwdb_dr,tate_functional_rmse,TATE-COMMON199-grid_mean,10,0.029436840852880796,0.019043092348266538,0.006021954551344667,0.02681388417217624
wcf_sensitivity_v1_sym,SYM-LIN,500,25,10,cwdb_dr,tate_functional_rmse,TATE-COMMON199-grid_sd,10,0.002811682415860724,0.002182043396715759,0.0006900227086952173,0.002696585326970839
wcf_sensitivity_v1_sym,SYM-LIN,500,25,10,cwdb_dr,tate_functional_rmse,TATE-COMMON199-grid_skewness,10,0.0007538105955811226,0.0008185090399902808,0.00025883528518071315,0.0004423071670748274
wcf_sensitivity_v1_sym,SYM-LIN,500,25,10,cwdb_dr,tate_functional_rmse,TATE-COMMON199-grid_upper_tail_mean,10,0.030141179146829712,0.020214042083844558,0.006392241370344512,0.027533420198368533
wcf_sensitivity_v1_sym,SYM-LIN,500,25,10,cwdb_dr,tate_functional_rmse,TATE-K-grid_mean,10,0.031459256553986556,0.01979315942159112,0.006259146586304888,0.030802856909858303
wcf_sensitivity_v1_sym,SYM-LIN,500,25,10,cwdb_dr,tate_functional_rmse,TATE-K-grid_sd,10,0.0029590593883943054,0.002155249597577945,0.0006815497654507625,0.002813224448187748
wcf_sensitivity_v1_sym,SYM-LIN,500,25,10,cwdb_dr,tate_functional_rmse,TATE-K-grid_skewness,10,0.0007752357053870063,0.0008470146716769108,0.0002678495574078749,0.00047308083599472675
wcf_sensitivity_v1_sym,SYM-LIN,500,25,10,cwdb_dr,tate_functional_rmse,TATE-K-grid_upper_tail_mean,10,0.03209010613780879,0.02094682170301327,0.0066239666322969026,0.03075643988639215
wcf_sensitivity_v1_sym,SYM-LIN,500,25,10,cwdb_dr,tcate_functional_rmse,TCATE-COMMON199-grid_mean,10,0.06647870896553525,0.021426294140621555,0.006775589130108418,0.07162273070210695
wcf_sensitivity_v1_sym,SYM-LIN,500,25,10,cwdb_dr,tcate_functional_rmse,TCATE-COMMON199-grid_sd,10,0.007048413590284632,0.003555599673339461,0.0011243793415503364,0.0062885709541046254
wcf_sensitivity_v1_sym,SYM-LIN,500,25,10,cwdb_dr,tcate_functional_rmse,TCATE-COMMON199-grid_skewness,10,0.0018125672069800077,0.0009421600921932436,0.0002979371811844875,0.001369414392128853
wcf_sensitivity_v1_sym,SYM-LIN,500,25,10,cwdb_dr,tcate_functional_rmse,TCATE-COMMON199-grid_upper_tail_mean,10,0.06619868216548272,0.022703874649294353,0.007179595560272672,0.06887773536662535
wcf_sensitivity_v1_sym,SYM-LIN,500,25,10,cwdb_dr,tcate_functional_rmse,TCATE-K-grid_mean,10,0.06647870697330163,0.021426288958375672,0.00677558749133838,0.07162272910605444
wcf_sensitivity_v1_sym,SYM-LIN,500,25,10,cwdb_dr,tcate_functional_rmse,TCATE-K-grid_sd,10,0.007069288357141991,0.003573375774418735,0.0011300006382831246,0.006285556968480475
wcf_sensitivity_v1_sym,SYM-LIN,500,25,10,cwdb_dr,tcate_functional_rmse,TCATE-K-grid_skewness,10,0.0019440146395596138,0.0010350807720381893,0.00032732128018862045,0.0014260943059079072
wcf_sensitivity_v1_sym,SYM-LIN,500,25,10,cwdb_dr,tcate_functional_rmse,TCATE-K-grid_upper_tail_mean,10,0.06620587862243935,0.02265356454917329,0.007163686109703306,0.06896504624929789
wcf_sensitivity_v1_sym,SYM-LIN,500,25,10,drf,arm_energy_risk,LAW-A-M-K,10,0.0803420051113118,0.005884189085238115,0.0018607439692455102,0.07855519719165421
wcf_sensitivity_v1_sym,SYM-LIN,500,25,10,drf,barycenter_rmse,MEANQ-A-K,10,0.2760597824633484,0.009245302375147072,0.002923621316242924,0.2751525383757604
wcf_sensitivity_v1_sym,SYM-LIN,500,25,10,drf,diagnostic_effective_support,NONE_OPERATIONAL,10,134.19981962681686,1.9853572354449283,0.627825083310115,134.26580748962
wcf_sensitivity_v1_sym,SYM-LIN,500,25,10,drf,kernel_law_error,LAW-A-COMMON199,10,0.0741767954198299,0.006061192316098907,0.0019167173055183809,0.07310036941873573
wcf_sensitivity_v1_sym,SYM-LIN,500,25,10,drf,kernel_law_error,LAW-A-INTERIOR,10,0.06396404590149454,0.006114256099724157,0.0019334975472705947,0.06275376098862598
wcf_sensitivity_v1_sym,SYM-LIN,500,25,10,drf,kernel_law_error,LAW-A-K,10,0.0647198087034983,0.006071098975355224,0.0019198500662436961,0.06354557433525693
wcf_sensitivity_v1_sym,SYM-LIN,500,25,10,drf,mean_quantile_rmse,MEANQ-A-COMMON199,10,0.1257415675563649,0.011478357080032376,0.003629775216962193,0.12177869768543303
wcf_sensitivity_v1_sym,SYM-LIN,500,25,10,drf,mean_quantile_rmse,MEANQ-A-INTERIOR,10,0.12563910917586713,0.011434033493188335,0.0036157588681126488,0.12165541323853801
wcf_sensitivity_v1_sym,SYM-LIN,500,25,10,drf,mean_quantile_rmse,MEANQ-A-K,10,0.1257429270624973,0.011478947232141306,0.00362996183944521,0.12178033362344609
wcf_sensitivity_v1_sym,SYM-LIN,500,25,10,drf,mode_coverage,LAW-A-K,10,1.0,0.0,0.0,1.0
wcf_sensitivity_v1_sym,SYM-LIN,500,25,10,drf,peak_ram,NONE_OPERATIONAL,10,375.82,2.9188277707935355,0.9230143853459467,376.65
wcf_sensitivity_v1_sym,SYM-LIN,500,25,10,drf,process_peak_ram,NONE_OPERATIONAL,10,651.74296875,44.187949365336,13.973456512665354,629.5859375
wcf_sensitivity_v1_sym,SYM-LIN,500,25,10,drf,reference_effect_rmse,REF-ATE-COMMON199,10,0.02071721312669206,0.01299545145978613,0.004109522583508423,0.018017725582260176
wcf_sensitivity_v1_sym,SYM-LIN,500,25,10,drf,reference_effect_rmse,REF-ATE-K,10,0.020622832664146253,0.012886759078136628,0.004075151034476351,0.017995692156221745
wcf_sensitivity_v1_sym,SYM-LIN,500,25,10,drf,reference_tcate_rmse,REF-TCATE-COMMON199,10,0.04267550829994356,0.016855889587514244,0.005330300308486109,0.04016205028793751
wcf_sensitivity_v1_sym,SYM-LIN,500,25,10,drf,reference_tcate_rmse,REF-TCATE-INTERIOR,10,0.04488042442330487,0.0175915143169337,0.005562925273297164,0.04260638295637991
wcf_sensitivity_v1_sym,SYM-LIN,500,25,10,drf,reference_tcate_rmse,REF-TCATE-K,10,0.04275554282721305,0.016838777451408073,0.005324888975913478,0.040320539570201056
wcf_sensitivity_v1_sym,SYM-LIN,500,25,10,drf,runtime,NONE_OPERATIONAL,10,16.5439,1.5538319264178977,0.4913647988567715,17.679499999999997
wcf_sensitivity_v1_sym,SYM-LIN,500,25,10,drf,tail_calibration,LAW-A-K,10,0.05043483319874602,0.0062318391076484,0.001970680559188018,0.05105557577354916
wcf_sensitivity_v1_sym,SYM-LIN,500,25,10,drf,tate_functional_rmse,TATE-COMMON199-grid_mean,10,0.038977781394215164,0.022798465410413058,0.007209507785347073,0.03737952747645401
wcf_sensitivity_v1_sym,SYM-LIN,500,25,10,drf,tate_functional_rmse,TATE-COMMON199-grid_sd,10,0.004698869136600454,0.003646818868919281,0.001153225383986396,0.004697216982528322
wcf_sensitivity_v1_sym,SYM-LIN,500,25,10,drf,tate_functional_rmse,TATE-COMMON199-grid_skewness,10,2.821361044116383e-17,2.026681477161014e-17,6.408929559503326e-18,2.408460213907869e-17
wcf_sensitivity_v1_sym,SYM-LIN,500,25,10,drf,tate_functional_rmse,TATE-COMMON199-grid_upper_tail_mean,10,0.038130419982265726,0.021411491102080397,0.006770907998300287,0.0364639707947845
wcf_sensitivity_v1_sym,SYM-LIN,500,25,10,drf,tate_functional_rmse,TATE-K-grid_mean,10,0.03897778139421517,0.022798465410413055,0.007209507785347072,0.03737952747645401
wcf_sensitivity_v1_sym,SYM-LIN,500,25,10,drf,tate_functional_rmse,TATE-K-grid_sd,10,0.00471550298205599,0.003659728490299774,0.0011573077647156723,0.004713844979411633
wcf_sensitivity_v1_sym,SYM-LIN,500,25,10,drf,tate_functional_rmse,TATE-K-grid_skewness,10,1.6071281746563006e-17,1.2537113504423269e-17,3.9645833958033004e-18,1.4725424388774694e-17
wcf_sensitivity_v1_sym,SYM-LIN,500,25,10,drf,tate_functional_rmse,TATE-K-grid_upper_tail_mean,10,0.03815889580283051,0.021441523961131016,0.006780405222224962,0.036494738336728755
wcf_sensitivity_v1_sym,SYM-LIN,500,25,10,drf,tcate_functional_rmse,TCATE-COMMON199-grid_mean,10,0.057241485651761834,0.021663558808446646,0.006850618805969474,0.05719956839381107
wcf_sensitivity_v1_sym,SYM-LIN,500,25,10,drf,tcate_functional_rmse,TCATE-COMMON199-grid_sd,10,0.005673223860997366,0.0032936174633285084,0.0010415332925424188,0.005819915075975946
wcf_sensitivity_v1_sym,SYM-LIN,500,25,10,drf,tcate_functional_rmse,TCATE-COMMON199-grid_skewness,10,4.1999622043849506e-17,1.8765873921777366e-17,5.9342903876372936e-18,4.1549265874662066e-17
wcf_sensitivity_v1_sym,SYM-LIN,500,25,10,drf,tcate_functional_rmse,TCATE-COMMON199-grid_upper_tail_mean,10,0.0557646232750843,0.021649424097866965,0.006846149018019567,0.05685546450358988
wcf_sensitivity_v1_sym,SYM-LIN,500,25,10,drf,tcate_functional_rmse,TCATE-K-grid_mean,10,0.05724148565176183,0.021663558808446656,0.006850618805969477,0.05719956839381108
wcf_sensitivity_v1_sym,SYM-LIN,500,25,10,drf,tcate_functional_rmse,TCATE-K-grid_sd,10,0.005693306890806274,0.0033052767631051275,0.0010452202868640997,0.005840517387962906
wcf_sensitivity_v1_sym,SYM-LIN,500,25,10,drf,tcate_functional_rmse,TCATE-K-grid_skewness,10,2.7119360345836308e-17,1.337611806479057e-17,4.229899933606191e-18,2.2065767061305913e-17
wcf_sensitivity_v1_sym,SYM-LIN,500,25,10,drf,tcate_functional_rmse,TCATE-K-grid_upper_tail_mean,10,0.05580896812187488,0.021644106820828943,0.00684446754738054,0.056866662070930586
wcf_sensitivity_v1_sym,SYM-LIN,1000,25,10,causal_drf,arm_energy_risk,LAW-A-M-K,10,0.06013546783835315,0.004768336405750733,0.0015078803692073128,0.05936307718577836
wcf_sensitivity_v1_sym,SYM-LIN,1000,25,10,causal_drf,barycenter_rmse,MEANQ-A-K,10,0.226839262155291,0.007572491425785739,0.002394632046757884,0.22478807444011867
wcf_sensitivity_v1_sym,SYM-LIN,1000,25,10,causal_drf,diagnostic_effective_support,NONE_OPERATIONAL,10,120.75452055150701,2.5363830750625365,0.8020747535899436,120.92761656534924
wcf_sensitivity_v1_sym,SYM-LIN,1000,25,10,causal_drf,kernel_law_error,LAW-A-COMMON199,10,0.05552947073843752,0.005159390026193995,0.0016315423819928817,0.05424687066272729
wcf_sensitivity_v1_sym,SYM-LIN,1000,25,10,causal_drf,kernel_law_error,LAW-A-INTERIOR,10,0.045313043940692264,0.00511334309505166,0.0016169810638258103,0.04412579416397561
wcf_sensitivity_v1_sym,SYM-LIN,1000,25,10,causal_drf,kernel_law_error,LAW-A-K,10,0.04584688534991095,0.0050815257861013124,0.001606919547295774,0.044674183780836915
wcf_sensitivity_v1_sym,SYM-LIN,1000,25,10,causal_drf,mean_quantile_rmse,MEANQ-A-COMMON199,10,0.10052371567088014,0.01926556874031266,0.006092307763792898,0.095352222721969
wcf_sensitivity_v1_sym,SYM-LIN,1000,25,10,causal_drf,mean_quantile_rmse,MEANQ-A-INTERIOR,10,0.1003619279151976,0.019289949341937316,0.00610001758697881,0.09511859577848375
wcf_sensitivity_v1_sym,SYM-LIN,1000,25,10,causal_drf,mean_quantile_rmse,MEANQ-A-K,10,0.1005258614667824,0.019265247431004596,0.006092206156868209,0.09535531976621066
wcf_sensitivity_v1_sym,SYM-LIN,1000,25,10,causal_drf,mode_coverage,LAW-A-K,10,1.0,0.0,0.0,1.0
wcf_sensitivity_v1_sym,SYM-LIN,1000,25,10,causal_drf,peak_ram,NONE_OPERATIONAL,10,377.59725,2.03677977386417,0.6440863177573468,377.6328
wcf_sensitivity_v1_sym,SYM-LIN,1000,25,10,causal_drf,process_peak_ram,NONE_OPERATIONAL,10,650.087890625,36.761189793576236,11.624908924543597,649.548828125
wcf_sensitivity_v1_sym,SYM-LIN,1000,25,10,causal_drf,reference_effect_rmse,REF-ATE-COMMON199,10,0.016220949065607664,0.008219140683635596,0.0025991204969641906,0.014984533749880541
wcf_sensitivity_v1_sym,SYM-LIN,1000,25,10,causal_drf,reference_effect_rmse,REF-ATE-K,10,0.016087130642011335,0.008046983052434542,0.0025446794738467303,0.014656916756174991
wcf_sensitivity_v1_sym,SYM-LIN,1000,25,10,causal_drf,reference_tcate_rmse,REF-TCATE-COMMON199,10,0.039201050539978265,0.009304746820984207,0.00294241930055211,0.03858739388623694
wcf_sensitivity_v1_sym,SYM-LIN,1000,25,10,causal_drf,reference_tcate_rmse,REF-TCATE-INTERIOR,10,0.04068072718117723,0.009443061619606922,0.00298615828032764,0.040506463421766135
wcf_sensitivity_v1_sym,SYM-LIN,1000,25,10,causal_drf,reference_tcate_rmse,REF-TCATE-K,10,0.03923257454504924,0.009381339188273354,0.0029666399337538985,0.038515627959926774
wcf_sensitivity_v1_sym,SYM-LIN,1000,25,10,causal_drf,runtime,NONE_OPERATIONAL,10,34.558499999999995,0.6311906297713161,0.19960000278334433,34.33
wcf_sensitivity_v1_sym,SYM-LIN,1000,25,10,causal_drf,tail_calibration,LAW-A-K,10,0.04453524593168621,0.006181131725274844,0.001954645476939467,0.04179647691335764
wcf_sensitivity_v1_sym,SYM-LIN,1000,25,10,causal_drf,tate_functional_rmse,TATE-COMMON199-grid_mean,10,0.028291761177717322,0.027646067270410458,0.008742454092073118,0.022903489412147635
wcf_sensitivity_v1_sym,SYM-LIN,1000,25,10,causal_drf,tate_functional_rmse,TATE-COMMON199-grid_sd,10,0.005577394707702609,0.0016627302550270737,0.0005258014740358187,0.005468063663316255
wcf_sensitivity_v1_sym,SYM-LIN,1000,25,10,causal_drf,tate_functional_rmse,TATE-COMMON199-grid_skewness,10,1.8604307651863022e-17,1.3157481172427554e-17,4.160760877565371e-18,1.7524743914031683e-17
wcf_sensitivity_v1_sym,SYM-LIN,1000,25,10,causal_drf,tate_functional_rmse,TATE-COMMON199-grid_upper_tail_mean,10,0.025700421905305294,0.026343137832244644,0.00833043162656437,0.016447013018619547
wcf_sensitivity_v1_sym,SYM-LIN,1000,25,10,causal_drf,tate_functional_rmse,TATE-K-grid_mean,10,0.02829176117771731,0.027646067270410444,0.008742454092073115,0.022903489412147635
wcf_sensitivity_v1_sym,SYM-LIN,1000,25,10,causal_drf,tate_functional_rmse,TATE-K-grid_sd,10,0.005597138505394247,0.0016686162665954616,0.0005276627943248392,0.005487420432630886
wcf_sensitivity_v1_sym,SYM-LIN,1000,25,10,causal_drf,tate_functional_rmse,TATE-K-grid_skewness,10,1.1367166780879228e-17,9.359586273592394e-18,2.9597610581399836e-18,1.0168124168559713e-17
wcf_sensitivity_v1_sym,SYM-LIN,1000,25,10,causal_drf,tate_functional_rmse,TATE-K-grid_upper_tail_mean,10,0.025762635905305538,0.026404596195836617,0.00834986646758611,0.016663984738914964
wcf_sensitivity_v1_sym,SYM-LIN,1000,25,10,causal_drf,tcate_functional_rmse,TCATE-COMMON199-grid_mean,10,0.055374673667277385,0.02011306454419829,0.006360309468564296,0.05193082168142249
wcf_sensitivity_v1_sym,SYM-LIN,1000,25,10,causal_drf,tcate_functional_rmse,TCATE-COMMON199-grid_sd,10,0.0065992873536513145,0.0014887164829333905,0.0004707734876304701,0.0061904334542345115
wcf_sensitivity_v1_sym,SYM-LIN,1000,25,10,causal_drf,tcate_functional_rmse,TCATE-COMMON199-grid_skewness,10,3.852219700488009e-17,1.2325574758483162e-17,3.897688970748657e-18,3.5479614910786316e-17
wcf_sensitivity_v1_sym,SYM-LIN,1000,25,10,causal_drf,tcate_functional_rmse,TCATE-COMMON199-grid_upper_tail_mean,10,0.05395612646805885,0.019107080000638488,0.0060421892237069105,0.05223524515870391
wcf_sensitivity_v1_sym,SYM-LIN,1000,25,10,causal_drf,tcate_functional_rmse,TCATE-K-grid_mean,10,0.055374673667277385,0.020113064544198297,0.006360309468564298,0.051930821681422476
wcf_sensitivity_v1_sym,SYM-LIN,1000,25,10,causal_drf,tcate_functional_rmse,TCATE-K-grid_sd,10,0.0066226486184080445,0.001493986491351237,0.00047244001061933557,0.006212347389351069
wcf_sensitivity_v1_sym,SYM-LIN,1000,25,10,causal_drf,tcate_functional_rmse,TCATE-K-grid_skewness,10,1.9643614243320743e-17,9.160565882696892e-18,2.896825284535301e-18,1.6061681059782683e-17
wcf_sensitivity_v1_sym,SYM-LIN,1000,25,10,causal_drf,tcate_functional_rmse,TCATE-K-grid_upper_tail_mean,10,0.053995697605953054,0.019141093766101826,0.006052945320773203,0.052215653534148046
wcf_sensitivity_v1_sym,SYM-LIN,1000,25,10,cwdb_dr,arm_energy_risk,LAW-A-M-K,10,0.04880538836962085,0.0034555707025531275,0.0010927474035816107,0.04867904680506232
wcf_sensitivity_v1_sym,SYM-LIN,1000,25,10,cwdb_dr,barycenter_rmse,MEANQ-A-K,10,0.15933530611827793,0.006047240063024381,0.001912305215697722,0.15890291478718588
wcf_sensitivity_v1_sym,SYM-LIN,1000,25,10,cwdb_dr,diagnostic_dense_dr_n_levels,NONE_OPERATIONAL,10,199.0,0.0,0.0,199.0
wcf_sensitivity_v1_sym,SYM-LIN,1000,25,10,cwdb_dr,diagnostic_dr_if_se_reference,NONE_OPERATIONAL,10,0.018141214040623584,0.0005427180729117988,0.00017162252377386149,0.018211474647166437
wcf_sensitivity_v1_sym,SYM-LIN,1000,25,10,cwdb_dr,diagnostic_effective_support,NONE_OPERATIONAL,10,9.999999999999998,0.0,0.0,9.999999999999998
wcf_sensitivity_v1_sym,SYM-LIN,1000,25,10,cwdb_dr,diagnostic_ehat_mean,NONE_OPERATIONAL,10,0.4995348205010391,0.014698919708145974,0.0046482065421678724,0.5050192811149504
wcf_sensitivity_v1_sym,SYM-LIN,1000,25,10,cwdb_dr,diagnostic_n_boosting_steps,NONE_OPERATIONAL,10,100.0,0.0,0.0,100.0
wcf_sensitivity_v1_sym,SYM-LIN,1000,25,10,cwdb_dr,diagnostic_selected_contrast_shrinkage,NONE_OPERATIONAL,10,70.0,153.1157877047447,48.41946348777983,25.0
wcf_sensitivity_v1_sym,SYM-LIN,1000,25,10,cwdb_dr,diagnostic_train_risk,NONE_OPERATIONAL,10,0.05592154784565342,0.004355836729764663,0.0013774365181875683,0.05583248287651925
wcf_sensitivity_v1_sym,SYM-LIN,1000,25,10,cwdb_dr,kernel_law_error,LAW-A-COMMON199,10,0.033276663231147544,0.003382432053403867,0.0010696189319516507,0.03278556294947033
wcf_sensitivity_v1_sym,SYM-LIN,1000,25,10,cwdb_dr,kernel_law_error,LAW-A-INTERIOR,10,0.0227570385181195,0.003267979220800603,0.0010334257683832213,0.021903514604135775
wcf_sensitivity_v1_sym,SYM-LIN,1000,25,10,cwdb_dr,kernel_law_error,LAW-A-K,10,0.023039429744346,0.0033262982987002595,0.0010518678801035917,0.022265077407102818
wcf_sensitivity_v1_sym,SYM-LIN,1000,25,10,cwdb_dr,mean_quantile_rmse,MEANQ-A-COMMON199,10,0.1177773676219582,0.023933005737176032,0.007568280938335342,0.12679709516582874
wcf_sensitivity_v1_sym,SYM-LIN,1000,25,10,cwdb_dr,mean_quantile_rmse,MEANQ-A-INTERIOR,10,0.11663294018740852,0.023261946418217532,0.007356073349036315,0.12373422824414183
wcf_sensitivity_v1_sym,SYM-LIN,1000,25,10,cwdb_dr,mean_quantile_rmse,MEANQ-A-K,10,0.11807793096946177,0.024165071496828734,0.007641666575079316,0.1276616376668083
wcf_sensitivity_v1_sym,SYM-LIN,1000,25,10,cwdb_dr,mode_coverage,LAW-A-K,10,1.0,0.0,0.0,1.0
wcf_sensitivity_v1_sym,SYM-LIN,1000,25,10,cwdb_dr,peak_ram,NONE_OPERATIONAL,10,0.0,0.0,0.0,0.0
wcf_sensitivity_v1_sym,SYM-LIN,1000,25,10,cwdb_dr,process_peak_ram,NONE_OPERATIONAL,10,862.590625,55.757367092189426,17.632027634543817,830.5703125
wcf_sensitivity_v1_sym,SYM-LIN,1000,25,10,cwdb_dr,reference_effect_rmse,REF-ATE-COMMON199,10,0.018082370830296013,0.012496202945566531,0.003951646341169534,0.014393471081351018
wcf_sensitivity_v1_sym,SYM-LIN,1000,25,10,cwdb_dr,reference_effect_rmse,REF-ATE-K,10,0.015908777510140554,0.011742020671614666,0.0037131529655082362,0.016539225943650912
wcf_sensitivity_v1_sym,SYM-LIN,1000,25,10,cwdb_dr,reference_tcate_rmse,REF-TCATE-COMMON199,10,0.03492420152858438,0.008736313683572236,0.0027626649593783803,0.0348994049120355
wcf_sensitivity_v1_sym,SYM-LIN,1000,25,10,cwdb_dr,reference_tcate_rmse,REF-TCATE-INTERIOR,10,0.0361584071988535,0.009146898685542519,0.002892503337311462,0.03693761263717509
wcf_sensitivity_v1_sym,SYM-LIN,1000,25,10,cwdb_dr,reference_tcate_rmse,REF-TCATE-K,10,0.034988045969588176,0.00872510980920867,0.002759121983217657,0.03512529381674778
wcf_sensitivity_v1_sym,SYM-LIN,1000,25,10,cwdb_dr,runtime,NONE_OPERATIONAL,10,317.2950024171016,87.59468399907651,27.699871235978822,332.1038850094992
wcf_sensitivity_v1_sym,SYM-LIN,1000,25,10,cwdb_dr,tail_calibration,LAW-A-K,10,0.03234071389422672,0.004898734989556841,0.0015491160220560776,0.03185142812899878
wcf_sensitivity_v1_sym,SYM-LIN,1000,25,10,cwdb_dr,tate_functional_rmse,TATE-COMMON199-grid_mean,10,0.016677808134104518,0.009276205131218546,0.0029333936257591696,0.014082284048264088
wcf_sensitivity_v1_sym,SYM-LIN,1000,25,10,cwdb_dr,tate_functional_rmse,TATE-COMMON199-grid_sd,10,0.0015047678394800664,0.0012792437037320128,0.00040453237862228005,0.0011276345683558873
wcf_sensitivity_v1_sym,SYM-LIN,1000,25,10,cwdb_dr,tate_functional_rmse,TATE-COMMON199-grid_skewness,10,0.00026388195862511786,0.00021925072060903966,6.933316557577849e-05,0.00019991655513084533
wcf_sensitivity_v1_sym,SYM-LIN,1000,25,10,cwdb_dr,tate_functional_rmse,TATE-COMMON199-grid_upper_tail_mean,10,0.017116238331956846,0.00995993683739293,0.003149608575757576,0.015209980378676935
wcf_sensitivity_v1_sym,SYM-LIN,1000,25,10,cwdb_dr,tate_functional_rmse,TATE-K-grid_mean,10,0.017472180418568503,0.009093217694466776,0.0028755279174260103,0.015206134822898273
wcf_sensitivity_v1_sym,SYM-LIN,1000,25,10,cwdb_dr,tate_functional_rmse,TATE-K-grid_sd,10,0.0015214764742280565,0.001273786139052482,0.00040280654513577964,0.0012334808746966434
wcf_sensitivity_v1_sym,SYM-LIN,1000,25,10,cwdb_dr,tate_functional_rmse,TATE-K-grid_skewness,10,0.0002607430510230645,0.00022999367299570068,7.273038540943756e-05,0.0001915310172192055
wcf_sensitivity_v1_sym,SYM-LIN,1000,25,10,cwdb_dr,tate_functional_rmse,TATE-K-grid_upper_tail_mean,10,0.017903892165104608,0.009858503808548944,0.003117532635645921,0.014909324079165773
wcf_sensitivity_v1_sym,SYM-LIN,1000,25,10,cwdb_dr,tcate_functional_rmse,TCATE-COMMON199-grid_mean,10,0.03656966244013941,0.013600705827949498,0.004300920820224658,0.037766191127459485
wcf_sensitivity_v1_sym,SYM-LIN,1000,25,10,cwdb_dr,tcate_functional_rmse,TCATE-COMMON199-grid_sd,10,0.0034258754780683584,0.0013735604418098522,0.00043435795000263045,0.003472675000204465
wcf_sensitivity_v1_sym,SYM-LIN,1000,25,10,cwdb_dr,tcate_functional_rmse,TCATE-COMMON199-grid_skewness,10,0.0008619546040891079,0.0004060385866697777,0.000128400675179218,0.0008937175245024211
wcf_sensitivity_v1_sym,SYM-LIN,1000,25,10,cwdb_dr,tcate_functional_rmse,TCATE-COMMON199-grid_upper_tail_mean,10,0.03696061251477688,0.013985757871715378,0.00442268496782496,0.03969561797902922
wcf_sensitivity_v1_sym,SYM-LIN,1000,25,10,cwdb_dr,tcate_functional_rmse,TCATE-K-grid_mean,10,0.03656966150949871,0.013600703829654167,0.004300920188308189,0.037766189864149265
wcf_sensitivity_v1_sym,SYM-LIN,1000,25,10,cwdb_dr,tcate_functional_rmse,TCATE-K-grid_sd,10,0.003441276876586988,0.0013776349067118256,0.0004356464089362955,0.0034843972533883955
wcf_sensitivity_v1_sym,SYM-LIN,1000,25,10,cwdb_dr,tcate_functional_rmse,TCATE-K-grid_skewness,10,0.0009129018710967239,0.00043722738547922937,0.00013826343935147953,0.0009466858783846493
wcf_sensitivity_v1_sym,SYM-LIN,1000,25,10,cwdb_dr,tcate_functional_rmse,TCATE-K-grid_upper_tail_mean,10,0.03694517372422652,0.013974501098033174,0.004419125263430879,0.03962841941484442
wcf_sensitivity_v1_sym,SYM-LIN,1000,25,10,drf,arm_energy_risk,LAW-A-M-K,10,0.06643615506521999,0.004284070281753718,0.0013547419746581036,0.06576054056416326
wcf_sensitivity_v1_sym,SYM-LIN,1000,25,10,drf,barycenter_rmse,MEANQ-A-K,10,0.242447366156158,0.00624073744997834,0.001973494462104268,0.24077561927425575
wcf_sensitivity_v1_sym,SYM-LIN,1000,25,10,drf,diagnostic_effective_support,NONE_OPERATIONAL,10,192.96236193803824,3.760189016827668,1.1890761725924637,193.51300751999867
wcf_sensitivity_v1_sym,SYM-LIN,1000,25,10,drf,kernel_law_error,LAW-A-COMMON199,10,0.06132239576799821,0.004537472168508345,0.0014348746872109711,0.061237568030548147
wcf_sensitivity_v1_sym,SYM-LIN,1000,25,10,drf,kernel_law_error,LAW-A-INTERIOR,10,0.05102160200190612,0.0045128455638642016,0.0014270870710397737,0.05065497485163013
wcf_sensitivity_v1_sym,SYM-LIN,1000,25,10,drf,kernel_law_error,LAW-A-K,10,0.0516950399438986,0.0044729439804391214,0.001414469082452726,0.05139052074977157
wcf_sensitivity_v1_sym,SYM-LIN,1000,25,10,drf,mean_quantile_rmse,MEANQ-A-COMMON199,10,0.12084603596309369,0.00930009422011609,0.0029409480189734175,0.1219695475438502
wcf_sensitivity_v1_sym,SYM-LIN,1000,25,10,drf,mean_quantile_rmse,MEANQ-A-INTERIOR,10,0.12072915716483996,0.00932048364107072,0.002947395720012277,0.12186826023003396
wcf_sensitivity_v1_sym,SYM-LIN,1000,25,10,drf,mean_quantile_rmse,MEANQ-A-K,10,0.12084758685084988,0.009299824761110867,0.0029408628085541627,0.12197089172759026
wcf_sensitivity_v1_sym,SYM-LIN,1000,25,10,drf,mode_coverage,LAW-A-K,10,1.0,0.0,0.0,1.0
wcf_sensitivity_v1_sym,SYM-LIN,1000,25,10,drf,peak_ram,NONE_OPERATIONAL,10,492.32,20.483098723907318,6.477324550563555,488.45000000000005
wcf_sensitivity_v1_sym,SYM-LIN,1000,25,10,drf,process_peak_ram,NONE_OPERATIONAL,10,650.087890625,36.761189793576236,11.624908924543597,649.548828125
wcf_sensitivity_v1_sym,SYM-LIN,1000,25,10,drf,reference_effect_rmse,REF-ATE-COMMON199,10,0.015539562452575175,0.010391677819725975,0.00328613706209867,0.014433048001079108
wcf_sensitivity_v1_sym,SYM-LIN,1000,25,10,drf,reference_effect_rmse,REF-ATE-K,10,0.015408437186886798,0.010493799181943486,0.0033184306723353096,0.014478100118317412
wcf_sensitivity_v1_sym,SYM-LIN,1000,25,10,drf,reference_tcate_rmse,REF-TCATE-COMMON199,10,0.033902268793325745,0.006682944904616115,0.002113332737600364,0.03186040734535685
wcf_sensitivity_v1_sym,SYM-LIN,1000,25,10,drf,reference_tcate_rmse,REF-TCATE-INTERIOR,10,0.035106307050614474,0.006471292333272099,0.0020464023177925264,0.03301895777379188
wcf_sensitivity_v1_sym,SYM-LIN,1000,25,10,drf,reference_tcate_rmse,REF-TCATE-K,10,0.033959169125291545,0.006812557415594065,0.002154319812394754,0.03213191870354423
wcf_sensitivity_v1_sym,SYM-LIN,1000,25,10,drf,runtime,NONE_OPERATIONAL,10,30.2152,5.354925143163898,1.6933760152101154,28.904
wcf_sensitivity_v1_sym,SYM-LIN,1000,25,10,drf,tail_calibration,LAW-A-K,10,0.04764063335515761,0.005668266707239038,0.001792463318017819,0.045820328816858776
wcf_sensitivity_v1_sym,SYM-LIN,1000,25,10,drf,tate_functional_rmse,TATE-COMMON199-grid_mean,10,0.01765743782911312,0.0189192695784931,0.0059827983534771955,0.009889907854734939
wcf_sensitivity_v1_sym,SYM-LIN,1000,25,10,drf,tate_functional_rmse,TATE-COMMON199-grid_sd,10,0.00538733990468199,0.0012658033388834138,0.00040028216207175637,0.005603182669422176
wcf_sensitivity_v1_sym,SYM-LIN,1000,25,10,drf,tate_functional_rmse,TATE-COMMON199-grid_skewness,10,1.8948837271058068e-17,1.333619098131348e-17,4.217273881194663e-18,1.8880186991882428e-17
wcf_sensitivity_v1_sym,SYM-LIN,1000,25,10,drf,tate_functional_rmse,TATE-COMMON199-grid_upper_tail_mean,10,0.019881467641444026,0.01732308330215211,0.005478039933163149,0.012589346828426329
wcf_sensitivity_v1_sym,SYM-LIN,1000,25,10,drf,tate_functional_rmse,TATE-K-grid_mean,10,0.017657437829113113,0.0189192695784931,0.0059827983534771955,0.009889907854734939
wcf_sensitivity_v1_sym,SYM-LIN,1000,25,10,drf,tate_functional_rmse,TATE-K-grid_sd,10,0.0054064109144900795,0.0012702842419483884,0.0004016991480377313,0.005623017755668053
wcf_sensitivity_v1_sym,SYM-LIN,1000,25,10,drf,tate_functional_rmse,TATE-K-grid_skewness,10,1.1650144854603226e-17,9.422512597668107e-18,2.979660109026098e-18,1.1420162911888978e-17
wcf_sensitivity_v1_sym,SYM-LIN,1000,25,10,drf,tate_functional_rmse,TATE-K-grid_upper_tail_mean,10,0.01980672848885405,0.01736365080405251,0.005490868503661997,0.0123961868838902
wcf_sensitivity_v1_sym,SYM-LIN,1000,25,10,drf,tcate_functional_rmse,TCATE-COMMON199-grid_mean,10,0.040798242433656304,0.016739899987711106,0.0052936211764591755,0.03693482260553981
wcf_sensitivity_v1_sym,SYM-LIN,1000,25,10,drf,tcate_functional_rmse,TCATE-COMMON199-grid_sd,10,0.006112023691816019,0.0011984109352892241,0.0003789708128366606,0.006112496288828113
wcf_sensitivity_v1_sym,SYM-LIN,1000,25,10,drf,tcate_functional_rmse,TCATE-COMMON199-grid_skewness,10,3.782927149416464e-17,1.5096843932370423e-17,4.774041230638353e-18,3.3321790739769354e-17
wcf_sensitivity_v1_sym,SYM-LIN,1000,25,10,drf,tcate_functional_rmse,TCATE-COMMON199-grid_upper_tail_mean,10,0.04181980721238386,0.015413056507719958,0.004874036426927568,0.037572806684879764
wcf_sensitivity_v1_sym,SYM-LIN,1000,25,10,drf,tcate_functional_rmse,TCATE-K-grid_mean,10,0.04079824243365631,0.016739899987711106,0.0052936211764591755,0.036934822605539805
wcf_sensitivity_v1_sym,SYM-LIN,1000,25,10,drf,tcate_functional_rmse,TCATE-K-grid_sd,10,0.006133660058898136,0.001202653271415279,0.0003803123573124955,0.006134134328888428
wcf_sensitivity_v1_sym,SYM-LIN,1000,25,10,drf,tcate_functional_rmse,TCATE-K-grid_skewness,10,1.8524831553276345e-17,9.153633494843535e-18,2.894633071011272e-18,1.7204610261677217e-17
wcf_sensitivity_v1_sym,SYM-LIN,1000,25,10,drf,tcate_functional_rmse,TCATE-K-grid_upper_tail_mean,10,0.041777826310434626,0.01545433452274915,0.004887089681405859,0.03754006638584493
wcf_sensitivity_v1_sym,SYM-MU,500,25,10,causal_drf,arm_energy_risk,LAW-A-M-K,10,0.07563128793170562,0.006045111308128247,0.00191163204429252,0.07316951226342233
wcf_sensitivity_v1_sym,SYM-MU,500,25,10,causal_drf,barycenter_rmse,MEANQ-A-K,10,0.26811062043757367,0.009611656454941957,0.0030394726484676148,0.2664610247887882
wcf_sensitivity_v1_sym,SYM-MU,500,25,10,causal_drf,diagnostic_effective_support,NONE_OPERATIONAL,10,90.49178995587309,2.066552582753016,0.6535013066003127,91.43031015230778
wcf_sensitivity_v1_sym,SYM-MU,500,25,10,causal_drf,kernel_law_error,LAW-A-COMMON199,10,0.07009282320397611,0.006281934179770264,0.0019865220119335675,0.06803901390095637
wcf_sensitivity_v1_sym,SYM-MU,500,25,10,causal_drf,kernel_law_error,LAW-A-INTERIOR,10,0.05998306655203408,0.006322992037023876,0.0019995056464103154,0.05762049454923647
wcf_sensitivity_v1_sym,SYM-MU,500,25,10,causal_drf,kernel_law_error,LAW-A-K,10,0.060530710208288444,0.0062825697732450374,0.0019867230042381902,0.05823823788267078
wcf_sensitivity_v1_sym,SYM-MU,500,25,10,causal_drf,mean_quantile_rmse,MEANQ-A-COMMON199,10,0.18330202277108734,0.01909992759234479,0.006039927433610555,0.1752511820324948
wcf_sensitivity_v1_sym,SYM-MU,500,25,10,causal_drf,mean_quantile_rmse,MEANQ-A-INTERIOR,10,0.18325024882870164,0.01910809766080939,0.00604251103610932,0.17519240704783767
wcf_sensitivity_v1_sym,SYM-MU,500,25,10,causal_drf,mean_quantile_rmse,MEANQ-A-K,10,0.18330271003481013,0.019099819319003154,0.00603989319457361,0.17525196222431427
wcf_sensitivity_v1_sym,SYM-MU,500,25,10,causal_drf,mode_coverage,LAW-A-K,10,1.0,0.0,0.0,1.0
wcf_sensitivity_v1_sym,SYM-MU,500,25,10,causal_drf,peak_ram,NONE_OPERATIONAL,10,304.51795000000004,0.34988822103955136,0.11064437049494291,304.51365
wcf_sensitivity_v1_sym,SYM-MU,500,25,10,causal_drf,process_peak_ram,NONE_OPERATIONAL,10,662.3078125,40.333931607940144,12.754709087054838,669.51171875
wcf_sensitivity_v1_sym,SYM-MU,500,25,10,causal_drf,reference_effect_rmse,REF-ATE-COMMON199,10,0.04151805247550016,0.016388726612276375,0.005182570404460858,0.03613424640166842
wcf_sensitivity_v1_sym,SYM-MU,500,25,10,causal_drf,reference_effect_rmse,REF-ATE-K,10,0.04165422242800313,0.016642222944908327,0.005262732983422521,0.03603405829534047
wcf_sensitivity_v1_sym,SYM-MU,500,25,10,causal_drf,reference_tcate_rmse,REF-TCATE-COMMON199,10,0.05687739138975354,0.01375759576946015,0.004350533775939083,0.0583945418946652
wcf_sensitivity_v1_sym,SYM-MU,500,25,10,causal_drf,reference_tcate_rmse,REF-TCATE-INTERIOR,10,0.05842047106263677,0.01380211550782379,0.004364612153345471,0.05928991767949826
wcf_sensitivity_v1_sym,SYM-MU,500,25,10,causal_drf,reference_tcate_rmse,REF-TCATE-K,10,0.05708620541868742,0.014001504317776496,0.004427664431285571,0.05850153516394829
wcf_sensitivity_v1_sym,SYM-MU,500,25,10,causal_drf,runtime,NONE_OPERATIONAL,10,20.7458,4.201348508382623,1.3285830530640113,20.5135
wcf_sensitivity_v1_sym,SYM-MU,500,25,10,causal_drf,tail_calibration,LAW-A-K,10,0.04748608046752835,0.0049660472587672085,0.001570402030573996,0.04573262167591684
wcf_sensitivity_v1_sym,SYM-MU,500,25,10,causal_drf,tate_functional_rmse,TATE-COMMON199-grid_mean,10,0.15158315442316414,0.01917129727413873,0.0060624965086455845,0.14796468399381862
wcf_sensitivity_v1_sym,SYM-MU,500,25,10,causal_drf,tate_functional_rmse,TATE-COMMON199-grid_sd,10,0.002533493124733965,0.001574494661516174,0.000497898929416697,0.002385151763926714
wcf_sensitivity_v1_sym,SYM-MU,500,25,10,causal_drf,tate_functional_rmse,TATE-COMMON199-grid_skewness,10,3.383731448257171e-17,2.549327245825949e-17,8.06168059793398e-18,2.9793049958404503e-17
wcf_sensitivity_v1_sym,SYM-MU,500,25,10,causal_drf,tate_functional_rmse,TATE-COMMON199-grid_upper_tail_mean,10,0.15172592693397197,0.018290304596697775,0.005783902162381239,0.14969827812620912
wcf_sensitivity_v1_sym,SYM-MU,500,25,10,causal_drf,tate_functional_rmse,TATE-K-grid_mean,10,0.15158315442316414,0.019171297274138722,0.006062496508645583,0.14796468399381865
wcf_sensitivity_v1_sym,SYM-MU,500,25,10,causal_drf,tate_functional_rmse,TATE-K-grid_sd,10,0.002542461608825426,0.0015800683219244222,0.000499661475596134,0.0023935951243770435
wcf_sensitivity_v1_sym,SYM-MU,500,25,10,causal_drf,tate_functional_rmse,TATE-K-grid_skewness,10,7.037158691508204e-18,5.803270587864539e-18,1.8351552935916247e-18,6.173203989478615e-18
wcf_sensitivity_v1_sym,SYM-MU,500,25,10,causal_drf,tate_functional_rmse,TATE-K-grid_upper_tail_mean,10,0.15172112902325524,0.01831507456234538,0.005791735113282294,0.14963523755616698
wcf_sensitivity_v1_sym,SYM-MU,500,25,10,causal_drf,tcate_functional_rmse,TCATE-COMMON199-grid_mean,10,0.15750757278076027,0.020605757217421444,0.0065161125719505174,0.1528307243982749
wcf_sensitivity_v1_sym,SYM-MU,500,25,10,causal_drf,tcate_functional_rmse,TCATE-COMMON199-grid_sd,10,0.004362055779639021,0.0013603441192571533,0.0004301785818468325,0.004216459650153786
wcf_sensitivity_v1_sym,SYM-MU,500,25,10,causal_drf,tcate_functional_rmse,TCATE-COMMON199-grid_skewness,10,4.749043134276233e-17,2.5541616729148444e-17,8.076968398716907e-18,3.806660773343875e-17
wcf_sensitivity_v1_sym,SYM-MU,500,25,10,causal_drf,tcate_functional_rmse,TCATE-COMMON199-grid_upper_tail_mean,10,0.1578632049121883,0.0200680197093787,0.006346065041078699,0.1545753235844748
wcf_sensitivity_v1_sym,SYM-MU,500,25,10,causal_drf,tcate_functional_rmse,TCATE-K-grid_mean,10,0.15750757278076027,0.02060575721742143,0.006516112571950513,0.1528307243982749
wcf_sensitivity_v1_sym,SYM-MU,500,25,10,causal_drf,tcate_functional_rmse,TCATE-K-grid_sd,10,0.004377497316655181,0.0013651596936407298,0.0004317014001762388,0.004231385781559254
wcf_sensitivity_v1_sym,SYM-MU,500,25,10,causal_drf,tcate_functional_rmse,TCATE-K-grid_skewness,10,1.3759259827170879e-17,7.466052759718021e-18,2.360973185169477e-18,1.2483267465456291e-17
wcf_sensitivity_v1_sym,SYM-MU,500,25,10,causal_drf,tcate_functional_rmse,TCATE-K-grid_upper_tail_mean,10,0.15785033989424965,0.0200823220125911,0.0063505878264724525,0.15451578677888658
wcf_sensitivity_v1_sym,SYM-MU,500,25,10,cwdb_dr,arm_energy_risk,LAW-A-M-K,10,0.05511799511417468,0.0017885828323189563,0.0005655995534002921,0.05542912772478899
wcf_sensitivity_v1_sym,SYM-MU,500,25,10,cwdb_dr,barycenter_rmse,MEANQ-A-K,10,0.17689973025372258,0.00862528583163545,0.0027275548697947623,0.17740094552937608
wcf_sensitivity_v1_sym,SYM-MU,500,25,10,cwdb_dr,diagnostic_dense_dr_n_levels,NONE_OPERATIONAL,10,199.0,0.0,0.0,199.0
wcf_sensitivity_v1_sym,SYM-MU,500,25,10,cwdb_dr,diagnostic_dr_if_se_reference,NONE_OPERATIONAL,10,0.02441099423502664,0.000907313354409227,0.00028691767514207336,0.024220366988776353
wcf_sensitivity_v1_sym,SYM-MU,500,25,10,cwdb_dr,diagnostic_effective_support,NONE_OPERATIONAL,10,9.999999999999998,0.0,0.0,9.999999999999998
wcf_sensitivity_v1_sym,SYM-MU,500,25,10,cwdb_dr,diagnostic_ehat_mean,NONE_OPERATIONAL,10,0.5116372094735555,0.01662325330680652,0.005256734257143439,0.5124704053585386
wcf_sensitivity_v1_sym,SYM-MU,500,25,10,cwdb_dr,diagnostic_n_boosting_steps,NONE_OPERATIONAL,10,100.0,0.0,0.0,100.0
wcf_sensitivity_v1_sym,SYM-MU,500,25,10,cwdb_dr,diagnostic_selected_contrast_shrinkage,NONE_OPERATIONAL,10,30.0,25.81988897471611,8.164965809277259,50.0
wcf_sensitivity_v1_sym,SYM-MU,500,25,10,cwdb_dr,diagnostic_train_risk,NONE_OPERATIONAL,10,0.0365961978478376,0.0026589919147292753,0.0008408470730516731,0.03557275097335351
wcf_sensitivity_v1_sym,SYM-MU,500,25,10,cwdb_dr,kernel_law_error,LAW-A-COMMON199,10,0.037420330715862746,0.0018450669441523275,0.0005834613979008044,0.037197864408917335
wcf_sensitivity_v1_sym,SYM-MU,500,25,10,cwdb_dr,kernel_law_error,LAW-A-INTERIOR,10,0.026991600360115785,0.0016220055909403927,0.0005129232044899014,0.026764055605561943
wcf_sensitivity_v1_sym,SYM-MU,500,25,10,cwdb_dr,kernel_law_error,LAW-A-K,10,0.02732646504254609,0.0016520423426494165,0.0005224216593812484,0.027262824217048613
wcf_sensitivity_v1_sym,SYM-MU,500,25,10,cwdb_dr,mean_quantile_rmse,MEANQ-A-COMMON199,10,0.12859862593901566,0.022183687113204096,0.007015097817825048,0.12853135885660338
wcf_sensitivity_v1_sym,SYM-MU,500,25,10,cwdb_dr,mean_quantile_rmse,MEANQ-A-INTERIOR,10,0.12754452093404164,0.021201010259940912,0.006704348111801175,0.12839739360270214
wcf_sensitivity_v1_sym,SYM-MU,500,25,10,cwdb_dr,mean_quantile_rmse,MEANQ-A-K,10,0.1286768278304405,0.02226343727457421,0.0070403170331946015,0.1285343077499676
wcf_sensitivity_v1_sym,SYM-MU,500,25,10,cwdb_dr,mode_coverage,LAW-A-K,10,1.0,0.0,0.0,1.0
wcf_sensitivity_v1_sym,SYM-MU,500,25,10,cwdb_dr,peak_ram,NONE_OPERATIONAL,10,0.0,0.0,0.0,0.0
wcf_sensitivity_v1_sym,SYM-MU,500,25,10,cwdb_dr,process_peak_ram,NONE_OPERATIONAL,10,887.858984375,61.38656905511453,19.41213759573722,914.0390625
wcf_sensitivity_v1_sym,SYM-MU,500,25,10,cwdb_dr,reference_effect_rmse,REF-ATE-COMMON199,10,0.02774978217229309,0.013831514088245523,0.0043739088007563025,0.03206680461174557
wcf_sensitivity_v1_sym,SYM-MU,500,25,10,cwdb_dr,reference_effect_rmse,REF-ATE-K,10,0.022295253141973843,0.014655346566717502,0.004634427504995611,0.021242037651013318
wcf_sensitivity_v1_sym,SYM-MU,500,25,10,cwdb_dr,reference_tcate_rmse,REF-TCATE-COMMON199,10,0.04596207147274682,0.01065611451334858,0.0033697592869758254,0.04674815201336297
wcf_sensitivity_v1_sym,SYM-MU,500,25,10,cwdb_dr,reference_tcate_rmse,REF-TCATE-INTERIOR,10,0.04679396282440051,0.01126802640096501,0.0035632628161959153,0.04698850921454858
wcf_sensitivity_v1_sym,SYM-MU,500,25,10,cwdb_dr,reference_tcate_rmse,REF-TCATE-K,10,0.04614668986873148,0.010901489985825429,0.0034473538244725052,0.0472151860469708
wcf_sensitivity_v1_sym,SYM-MU,500,25,10,cwdb_dr,runtime,NONE_OPERATIONAL,10,170.88764380560042,30.401322434955137,9.613742277563437,156.6498622624997
wcf_sensitivity_v1_sym,SYM-MU,500,25,10,cwdb_dr,tail_calibration,LAW-A-K,10,0.03528572858934126,0.004885978709274858,0.0015450821320398215,0.035273541823420324
wcf_sensitivity_v1_sym,SYM-MU,500,25,10,cwdb_dr,tate_functional_rmse,TATE-COMMON199-grid_mean,10,0.03817168145282436,0.02153126437850609,0.006808783633932901,0.031434365898415945
wcf_sensitivity_v1_sym,SYM-MU,500,25,10,cwdb_dr,tate_functional_rmse,TATE-COMMON199-grid_sd,10,0.001964111558817713,0.0011380371813041392,0.00035987895548790706,0.001836140959061934
wcf_sensitivity_v1_sym,SYM-MU,500,25,10,cwdb_dr,tate_functional_rmse,TATE-COMMON199-grid_skewness,10,0.0006396349201214628,0.00028508618851534725,9.015216851646337e-05,0.0006112089760650088
wcf_sensitivity_v1_sym,SYM-MU,500,25,10,cwdb_dr,tate_functional_rmse,TATE-COMMON199-grid_upper_tail_mean,10,0.03750786747448663,0.02301009256718555,0.007276430168361734,0.02983398893243651
wcf_sensitivity_v1_sym,SYM-MU,500,25,10,cwdb_dr,tate_functional_rmse,TATE-K-grid_mean,10,0.038084185816606955,0.021057323759563228,0.006658910450779962,0.0316160921933209
wcf_sensitivity_v1_sym,SYM-MU,500,25,10,cwdb_dr,tate_functional_rmse,TATE-K-grid_sd,10,0.0020034689038200453,0.0010970935784220613,0.000346931451415827,0.0018819241646442077
wcf_sensitivity_v1_sym,SYM-MU,500,25,10,cwdb_dr,tate_functional_rmse,TATE-K-grid_skewness,10,0.0006529163220221039,0.0002919893098102775,9.233512714210243e-05,0.0006314461993035909
wcf_sensitivity_v1_sym,SYM-MU,500,25,10,cwdb_dr,tate_functional_rmse,TATE-K-grid_upper_tail_mean,10,0.03736353599677009,0.02248760259388813,0.007111204331339692,0.02928691129071931
wcf_sensitivity_v1_sym,SYM-MU,500,25,10,cwdb_dr,tcate_functional_rmse,TCATE-COMMON199-grid_mean,10,0.06138624293884422,0.02067212281522735,0.00653709921668505,0.058742097177391484
wcf_sensitivity_v1_sym,SYM-MU,500,25,10,cwdb_dr,tcate_functional_rmse,TCATE-COMMON199-grid_sd,10,0.004954732441599722,0.0019783191568647656,0.0006255994474436592,0.00510556825654653
wcf_sensitivity_v1_sym,SYM-MU,500,25,10,cwdb_dr,tcate_functional_rmse,TCATE-COMMON199-grid_skewness,10,0.0014806907694144983,0.0006048800487259059,0.0001912798665167493,0.0016764527843233623
wcf_sensitivity_v1_sym,SYM-MU,500,25,10,cwdb_dr,tcate_functional_rmse,TCATE-COMMON199-grid_upper_tail_mean,10,0.06160376318564044,0.0220071956498118,0.006959286316635459,0.06022486812516814
wcf_sensitivity_v1_sym,SYM-MU,500,25,10,cwdb_dr,tcate_functional_rmse,TCATE-K-grid_mean,10,0.06138624214638422,0.020672121564096795,0.006537098821042831,0.058742094870999115
wcf_sensitivity_v1_sym,SYM-MU,500,25,10,cwdb_dr,tcate_functional_rmse,TCATE-K-grid_sd,10,0.00497148853159614,0.0019874461029799236,0.0006284856412242117,0.005126388793986155
wcf_sensitivity_v1_sym,SYM-MU,500,25,10,cwdb_dr,tcate_functional_rmse,TCATE-K-grid_skewness,10,0.0015595491191251957,0.0006731891003962914,0.00021288108532520404,0.0017694240189854438
wcf_sensitivity_v1_sym,SYM-MU,500,25,10,cwdb_dr,tcate_functional_rmse,TCATE-K-grid_upper_tail_mean,10,0.06159285698280705,0.021963820925363947,0.006945570024421719,0.06017311964523153
wcf_sensitivity_v1_sym,SYM-MU,500,25,10,drf,arm_energy_risk,LAW-A-M-K,10,0.0843945371856892,0.005681234680009208,0.0017965641510766968,0.08231278344613606
wcf_sensitivity_v1_sym,SYM-MU,500,25,10,drf,barycenter_rmse,MEANQ-A-K,10,0.28834336620275536,0.008327492303854048,0.0026333842877701765,0.2866210196755979
wcf_sensitivity_v1_sym,SYM-MU,500,25,10,drf,diagnostic_effective_support,NONE_OPERATIONAL,10,136.754004163169,1.629590471814493,0.515321754424222,136.83399057019636
wcf_sensitivity_v1_sym,SYM-MU,500,25,10,drf,kernel_law_error,LAW-A-COMMON199,10,0.07827981993338798,0.005724302253127713,0.0018101833135117284,0.07662569031983048
wcf_sensitivity_v1_sym,SYM-MU,500,25,10,drf,kernel_law_error,LAW-A-INTERIOR,10,0.06808107630285787,0.005792666620225858,0.0018318020245943298,0.06617472861275456
wcf_sensitivity_v1_sym,SYM-MU,500,25,10,drf,kernel_law_error,LAW-A-K,10,0.06882646183108912,0.00574868760455325,0.0018178946387165616,0.06700033274586037
wcf_sensitivity_v1_sym,SYM-MU,500,25,10,drf,mean_quantile_rmse,MEANQ-A-COMMON199,10,0.17173576157383738,0.01788540009763786,0.005655860117193354,0.17319290245658853
wcf_sensitivity_v1_sym,SYM-MU,500,25,10,drf,mean_quantile_rmse,MEANQ-A-INTERIOR,10,0.17170072143198592,0.017887971295152502,0.0056566732012393985,0.17314439077253077
wcf_sensitivity_v1_sym,SYM-MU,500,25,10,drf,mean_quantile_rmse,MEANQ-A-K,10,0.171736226727768,0.017885366092035785,0.005655849363677779,0.17319354642751444
wcf_sensitivity_v1_sym,SYM-MU,500,25,10,drf,mode_coverage,LAW-A-K,10,1.0,0.0,0.0,1.0
wcf_sensitivity_v1_sym,SYM-MU,500,25,10,drf,peak_ram,NONE_OPERATIONAL,10,376.02,3.7201553133646907,1.1764164039809857,376.3
wcf_sensitivity_v1_sym,SYM-MU,500,25,10,drf,process_peak_ram,NONE_OPERATIONAL,10,662.3078125,40.333931607940144,12.754709087054838,669.51171875
wcf_sensitivity_v1_sym,SYM-MU,500,25,10,drf,reference_effect_rmse,REF-ATE-COMMON199,10,0.03511086645262598,0.017425859471699886,0.00551054061165901,0.035953608443749216
wcf_sensitivity_v1_sym,SYM-MU,500,25,10,drf,reference_effect_rmse,REF-ATE-K,10,0.03526712162386388,0.017682574927279593,0.005591721166678976,0.03585621575388484
wcf_sensitivity_v1_sym,SYM-MU,500,25,10,drf,reference_tcate_rmse,REF-TCATE-COMMON199,10,0.049930838984983766,0.015855985349788847,0.005014102825159438,0.04926101007405511
wcf_sensitivity_v1_sym,SYM-MU,500,25,10,drf,reference_tcate_rmse,REF-TCATE-INTERIOR,10,0.05132566728845032,0.01639825726896705,0.0051855842627348235,0.05046453402285128
wcf_sensitivity_v1_sym,SYM-MU,500,25,10,drf,reference_tcate_rmse,REF-TCATE-K,10,0.05013507040236973,0.016089965166885767,0.005088093740013025,0.049240833919366914
wcf_sensitivity_v1_sym,SYM-MU,500,25,10,drf,runtime,NONE_OPERATIONAL,10,20.4758,3.9794477227094935,1.2584118633332162,22.201999999999998
wcf_sensitivity_v1_sym,SYM-MU,500,25,10,drf,tail_calibration,LAW-A-K,10,0.05137237675997004,0.005093889530815506,0.001610829306666346,0.050545917764582296
wcf_sensitivity_v1_sym,SYM-MU,500,25,10,drf,tate_functional_rmse,TATE-COMMON199-grid_mean,10,0.1269568421305342,0.02015320186451488,0.006373002003701913,0.1314804032769189
wcf_sensitivity_v1_sym,SYM-MU,500,25,10,drf,tate_functional_rmse,TATE-COMMON199-grid_sd,10,0.002396526980280953,0.0015530853868150497,0.0004911287223059197,0.002194881355860302
wcf_sensitivity_v1_sym,SYM-MU,500,25,10,drf,tate_functional_rmse,TATE-COMMON199-grid_skewness,10,3.0937296929642105e-17,2.6088802838819073e-17,8.250003839773495e-18,2.1100842514186692e-17
wcf_sensitivity_v1_sym,SYM-MU,500,25,10,drf,tate_functional_rmse,TATE-COMMON199-grid_upper_tail_mean,10,0.12710248738215318,0.01993607121092749,0.006304339262184197,0.1303027243796714
wcf_sensitivity_v1_sym,SYM-MU,500,25,10,drf,tate_functional_rmse,TATE-K-grid_mean,10,0.1269568421305342,0.02015320186451488,0.006373002003701913,0.1314804032769189
wcf_sensitivity_v1_sym,SYM-MU,500,25,10,drf,tate_functional_rmse,TATE-K-grid_sd,10,0.0024050106086309165,0.0015585832590801812,0.0004928673021701683,0.0022026511651921437
wcf_sensitivity_v1_sym,SYM-MU,500,25,10,drf,tate_functional_rmse,TATE-K-grid_skewness,10,7.736955300393105e-18,5.7351490229267126e-18,1.813613363293765e-18,5.6860541599542745e-18
wcf_sensitivity_v1_sym,SYM-MU,500,25,10,drf,tate_functional_rmse,TATE-K-grid_upper_tail_mean,10,0.1270975929321668,0.019938765824153985,0.006305191373705091,0.1303423006130094
wcf_sensitivity_v1_sym,SYM-MU,500,25,10,drf,tcate_functional_rmse,TCATE-COMMON199-grid_mean,10,0.1323731101787873,0.021431398414746002,0.0067772032433119295,0.13448048988974487
wcf_sensitivity_v1_sym,SYM-MU,500,25,10,drf,tcate_functional_rmse,TCATE-COMMON199-grid_sd,10,0.0037561617932572134,0.0013475549568543058,0.0004261342935909535,0.003484862330442766
wcf_sensitivity_v1_sym,SYM-MU,500,25,10,drf,tcate_functional_rmse,TCATE-COMMON199-grid_skewness,10,4.394709099355942e-17,2.7594475333507693e-17,8.726139289121875e-18,3.2283272658972156e-17
wcf_sensitivity_v1_sym,SYM-MU,500,25,10,drf,tcate_functional_rmse,TCATE-COMMON199-grid_upper_tail_mean,10,0.13269360246765344,0.021215811561483465,0.006709028694322118,0.13379075654748768
wcf_sensitivity_v1_sym,SYM-MU,500,25,10,drf,tcate_functional_rmse,TCATE-K-grid_mean,10,0.13237311017878728,0.021431398414746006,0.006777203243311931,0.13448048988974484
wcf_sensitivity_v1_sym,SYM-MU,500,25,10,drf,tcate_functional_rmse,TCATE-K-grid_sd,10,0.0037694584850693725,0.0013523252580147597,0.0004276427952701514,0.003497198630891505
wcf_sensitivity_v1_sym,SYM-MU,500,25,10,drf,tcate_functional_rmse,TCATE-K-grid_skewness,10,1.4081392298498656e-17,8.041050845090736e-18,2.5428035451708498e-18,1.0817132261091975e-17
wcf_sensitivity_v1_sym,SYM-MU,500,25,10,drf,tcate_functional_rmse,TCATE-K-grid_upper_tail_mean,10,0.1326822186305568,0.021218731971430965,0.006709952209035669,0.13374482608082977
wcf_sensitivity_v1_sym,SYM-MU,1000,25,10,causal_drf,arm_energy_risk,LAW-A-M-K,10,0.062393027281520075,0.0044322738935681375,0.0014016080717378042,0.06049949092214459
wcf_sensitivity_v1_sym,SYM-MU,1000,25,10,causal_drf,barycenter_rmse,MEANQ-A-K,10,0.235377382728965,0.006736286307823855,0.002130200770372951,0.23576976565397953
wcf_sensitivity_v1_sym,SYM-MU,1000,25,10,causal_drf,diagnostic_effective_support,NONE_OPERATIONAL,10,122.6974291768266,2.3235368932646945,0.7347668810147983,122.09265211629179
wcf_sensitivity_v1_sym,SYM-MU,1000,25,10,causal_drf,kernel_law_error,LAW-A-COMMON199,10,0.057911311330303715,0.004431730306987351,0.0014014361745677253,0.056397451085263804
wcf_sensitivity_v1_sym,SYM-MU,1000,25,10,causal_drf,kernel_law_error,LAW-A-INTERIOR,10,0.04772845341940509,0.00447372181019532,0.0014147150538188701,0.04601104886765019
wcf_sensitivity_v1_sym,SYM-MU,1000,25,10,causal_drf,kernel_law_error,LAW-A-K,10,0.048223522389660156,0.004440599323718504,0.0014042408039153839,0.046543917600048806
wcf_sensitivity_v1_sym,SYM-MU,1000,25,10,causal_drf,mean_quantile_rmse,MEANQ-A-COMMON199,10,0.14995508836211272,0.015661873084155165,0.004952719137041631,0.14909738174105558
wcf_sensitivity_v1_sym,SYM-MU,1000,25,10,causal_drf,mean_quantile_rmse,MEANQ-A-INTERIOR,10,0.14990755364498276,0.015670615733314203,0.004955483805454262,0.14905371315687574
wcf_sensitivity_v1_sym,SYM-MU,1000,25,10,causal_drf,mean_quantile_rmse,MEANQ-A-K,10,0.14995571933136212,0.01566175729385422,0.004952682520933437,0.1490979614223439
wcf_sensitivity_v1_sym,SYM-MU,1000,25,10,causal_drf,mode_coverage,LAW-A-K,10,1.0,0.0,0.0,1.0
wcf_sensitivity_v1_sym,SYM-MU,1000,25,10,causal_drf,peak_ram,NONE_OPERATIONAL,10,379.75119,1.2781834040282847,0.4041970824156618,379.4297
wcf_sensitivity_v1_sym,SYM-MU,1000,25,10,causal_drf,process_peak_ram,NONE_OPERATIONAL,10,651.74296875,44.187949365336,13.973456512665354,629.5859375
wcf_sensitivity_v1_sym,SYM-MU,1000,25,10,causal_drf,reference_effect_rmse,REF-ATE-COMMON199,10,0.021750301752517073,0.009107130634496563,0.0028799275753703555,0.022023712519561707
wcf_sensitivity_v1_sym,SYM-MU,1000,25,10,causal_drf,reference_effect_rmse,REF-ATE-K,10,0.02171812068898818,0.008964666528409602,0.0028348764693648903,0.022040370623430647
wcf_sensitivity_v1_sym,SYM-MU,1000,25,10,causal_drf,reference_tcate_rmse,REF-TCATE-COMMON199,10,0.04602028724372372,0.012531011335045581,0.003962653720413138,0.043595067113981326
wcf_sensitivity_v1_sym,SYM-MU,1000,25,10,causal_drf,reference_tcate_rmse,REF-TCATE-INTERIOR,10,0.04736931679578305,0.012744732422622036,0.004030238262488129,0.04474352175253891
wcf_sensitivity_v1_sym,SYM-MU,1000,25,10,causal_drf,reference_tcate_rmse,REF-TCATE-K,10,0.04606623016364775,0.012570958848792658,0.003975286233443303,0.043700039544119766
wcf_sensitivity_v1_sym,SYM-MU,1000,25,10,causal_drf,runtime,NONE_OPERATIONAL,10,45.0623,8.959744788652062,2.833320078596447,50.724000000000004
wcf_sensitivity_v1_sym,SYM-MU,1000,25,10,causal_drf,tail_calibration,LAW-A-K,10,0.04206122144727344,0.005610655732124914,0.0017742451280594277,0.041354912628170676
wcf_sensitivity_v1_sym,SYM-MU,1000,25,10,causal_drf,tate_functional_rmse,TATE-COMMON199-grid_mean,10,0.12051480673047812,0.014069382042511297,0.004449129252540763,0.11653941313059749
wcf_sensitivity_v1_sym,SYM-MU,1000,25,10,causal_drf,tate_functional_rmse,TATE-COMMON199-grid_sd,10,0.0023547436138197583,0.0013610694217763555,0.0004304079426421662,0.002618073381079853
wcf_sensitivity_v1_sym,SYM-MU,1000,25,10,causal_drf,tate_functional_rmse,TATE-COMMON199-grid_skewness,10,2.3334645035320726e-17,1.5635602751080874e-17,4.944411728301029e-18,2.0414002116739968e-17
wcf_sensitivity_v1_sym,SYM-MU,1000,25,10,causal_drf,tate_functional_rmse,TATE-COMMON199-grid_upper_tail_mean,10,0.11901644041312964,0.013446301992158235,0.004252094040167955,0.1155463860018567
wcf_sensitivity_v1_sym,SYM-MU,1000,25,10,causal_drf,tate_functional_rmse,TATE-K-grid_mean,10,0.12051480673047812,0.014069382042511276,0.004449129252540757,0.11653941313059744
wcf_sensitivity_v1_sym,SYM-MU,1000,25,10,causal_drf,tate_functional_rmse,TATE-K-grid_sd,10,0.0023630793303977336,0.0013658875637075109,0.00043193157290140756,0.002627341276555564
wcf_sensitivity_v1_sym,SYM-MU,1000,25,10,causal_drf,tate_functional_rmse,TATE-K-grid_skewness,10,1.2450468324734222e-17,5.7860431847019846e-18,1.829707510375259e-18,1.2980527703205618e-17
wcf_sensitivity_v1_sym,SYM-MU,1000,25,10,causal_drf,tate_functional_rmse,TATE-K-grid_upper_tail_mean,10,0.11906679343816877,0.013464428822528289,0.004257826247240844,0.11557975696014575
wcf_sensitivity_v1_sym,SYM-MU,1000,25,10,causal_drf,tcate_functional_rmse,TCATE-COMMON199-grid_mean,10,0.12283575181763422,0.015340699383911001,0.004851155095310058,0.11840496534207627
wcf_sensitivity_v1_sym,SYM-MU,1000,25,10,causal_drf,tcate_functional_rmse,TCATE-COMMON199-grid_sd,10,0.003411397864397755,0.001088139937317211,0.00034410006149152364,0.0030341248131407154
wcf_sensitivity_v1_sym,SYM-MU,1000,25,10,causal_drf,tcate_functional_rmse,TCATE-COMMON199-grid_skewness,10,4.243005194407184e-17,1.5879664008004494e-17,5.0215906743492474e-18,4.10201265251553e-17
wcf_sensitivity_v1_sym,SYM-MU,1000,25,10,causal_drf,tcate_functional_rmse,TCATE-COMMON199-grid_upper_tail_mean,10,0.12145205086246491,0.014634233684824886,0.004627751025520532,0.11764717861141932
wcf_sensitivity_v1_sym,SYM-MU,1000,25,10,causal_drf,tcate_functional_rmse,TCATE-K-grid_mean,10,0.1228357518176342,0.015340699383911008,0.0048511550953100595,0.11840496534207624
wcf_sensitivity_v1_sym,SYM-MU,1000,25,10,causal_drf,tcate_functional_rmse,TCATE-K-grid_sd,10,0.0034234741030020055,0.0010919919176608044,0.000345318164630319,0.0030448655172904313
wcf_sensitivity_v1_sym,SYM-MU,1000,25,10,causal_drf,tcate_functional_rmse,TCATE-K-grid_skewness,10,2.0684688568494308e-17,6.046012715043501e-18,1.911917094187603e-18,1.7440382813405525e-17
wcf_sensitivity_v1_sym,SYM-MU,1000,25,10,causal_drf,tcate_functional_rmse,TCATE-K-grid_upper_tail_mean,10,0.12149802889301753,0.014655513032984048,0.0046344801462511985,0.1176721547067596
wcf_sensitivity_v1_sym,SYM-MU,1000,25,10,cwdb_dr,arm_energy_risk,LAW-A-M-K,10,0.049485097789441115,0.0044976656284910895,0.0014222867539884546,0.04871394456178896
wcf_sensitivity_v1_sym,SYM-MU,1000,25,10,cwdb_dr,barycenter_rmse,MEANQ-A-K,10,0.15830964763328467,0.006793063976136847,0.0021481554455832132,0.16080460148820397
wcf_sensitivity_v1_sym,SYM-MU,1000,25,10,cwdb_dr,diagnostic_dense_dr_n_levels,NONE_OPERATIONAL,10,199.0,0.0,0.0,199.0
wcf_sensitivity_v1_sym,SYM-MU,1000,25,10,cwdb_dr,diagnostic_dr_if_se_reference,NONE_OPERATIONAL,10,0.01683993731854708,0.0003649086212483679,0.00011539423809765581,0.01685880697816735
wcf_sensitivity_v1_sym,SYM-MU,1000,25,10,cwdb_dr,diagnostic_effective_support,NONE_OPERATIONAL,10,9.999999999999998,0.0,0.0,9.999999999999998
wcf_sensitivity_v1_sym,SYM-MU,1000,25,10,cwdb_dr,diagnostic_ehat_mean,NONE_OPERATIONAL,10,0.5009778525397004,0.012989390528488742,0.004107605948744268,0.5018194220311907
wcf_sensitivity_v1_sym,SYM-MU,1000,25,10,cwdb_dr,diagnostic_n_boosting_steps,NONE_OPERATIONAL,10,100.0,0.0,0.0,100.0
wcf_sensitivity_v1_sym,SYM-MU,1000,25,10,cwdb_dr,diagnostic_selected_contrast_shrinkage,NONE_OPERATIONAL,10,15.0,24.1522945769824,7.637626158259733,0.0
wcf_sensitivity_v1_sym,SYM-MU,1000,25,10,cwdb_dr,diagnostic_train_risk,NONE_OPERATIONAL,10,0.05393914258995276,0.006766291023033855,0.002139689094433781,0.05338324548617486
wcf_sensitivity_v1_sym,SYM-MU,1000,25,10,cwdb_dr,kernel_law_error,LAW-A-COMMON199,10,0.03373960873172537,0.00287948069258056,0.0009105717467033678,0.03327749677031226
wcf_sensitivity_v1_sym,SYM-MU,1000,25,10,cwdb_dr,kernel_law_error,LAW-A-INTERIOR,10,0.023320008388765214,0.003065686247666027,0.0009694551134079702,0.023079605257850626
wcf_sensitivity_v1_sym,SYM-MU,1000,25,10,cwdb_dr,kernel_law_error,LAW-A-K,10,0.02363687322588149,0.0030506934057211005,0.0009647139604934826,0.0234958784415277
wcf_sensitivity_v1_sym,SYM-MU,1000,25,10,cwdb_dr,mean_quantile_rmse,MEANQ-A-COMMON199,10,0.11189637550551387,0.017684204444631174,0.005592236465310752,0.12197790228441488
wcf_sensitivity_v1_sym,SYM-MU,1000,25,10,cwdb_dr,mean_quantile_rmse,MEANQ-A-INTERIOR,10,0.11046552533834424,0.016855862003851106,0.005330291585765937,0.12009530030504248
wcf_sensitivity_v1_sym,SYM-MU,1000,25,10,cwdb_dr,mean_quantile_rmse,MEANQ-A-K,10,0.11222213791673293,0.017908290532424702,0.005663098708249152,0.12230777827271319
wcf_sensitivity_v1_sym,SYM-MU,1000,25,10,cwdb_dr,mode_coverage,LAW-A-K,10,1.0,0.0,0.0,1.0
wcf_sensitivity_v1_sym,SYM-MU,1000,25,10,cwdb_dr,peak_ram,NONE_OPERATIONAL,10,0.0,0.0,0.0,0.0
wcf_sensitivity_v1_sym,SYM-MU,1000,25,10,cwdb_dr,process_peak_ram,NONE_OPERATIONAL,10,843.915625,53.19069401192736,16.820374340276988,824.75390625
wcf_sensitivity_v1_sym,SYM-MU,1000,25,10,cwdb_dr,reference_effect_rmse,REF-ATE-COMMON199,10,0.017399406964871113,0.010372715289025032,0.0032801405833770853,0.01575638323237841
wcf_sensitivity_v1_sym,SYM-MU,1000,25,10,cwdb_dr,reference_effect_rmse,REF-ATE-K,10,0.011472116925584499,0.00853068982594781,0.0026976409862420436,0.009838929948119683
wcf_sensitivity_v1_sym,SYM-MU,1000,25,10,cwdb_dr,reference_tcate_rmse,REF-TCATE-COMMON199,10,0.028564441264883028,0.006774154577066652,0.002142175768558525,0.02964484427752906
wcf_sensitivity_v1_sym,SYM-MU,1000,25,10,cwdb_dr,reference_tcate_rmse,REF-TCATE-INTERIOR,10,0.029675080240844205,0.006625016045964065,0.0020950140240409212,0.030544859727781315
wcf_sensitivity_v1_sym,SYM-MU,1000,25,10,cwdb_dr,reference_tcate_rmse,REF-TCATE-K,10,0.028698635494495896,0.006801993060097095,0.0021509790698565393,0.029709320404851948
wcf_sensitivity_v1_sym,SYM-MU,1000,25,10,cwdb_dr,runtime,NONE_OPERATIONAL,10,343.14291970040006,46.22593676459175,14.617924715102465,332.4258020045054
wcf_sensitivity_v1_sym,SYM-MU,1000,25,10,cwdb_dr,tail_calibration,LAW-A-K,10,0.03416277531428923,0.0057991273883047445,0.0018338450988506691,0.03439489480573167
wcf_sensitivity_v1_sym,SYM-MU,1000,25,10,cwdb_dr,tate_functional_rmse,TATE-COMMON199-grid_mean,10,0.028947344967215405,0.01517621265967754,0.004799139825966282,0.030381402526415816
wcf_sensitivity_v1_sym,SYM-MU,1000,25,10,cwdb_dr,tate_functional_rmse,TATE-COMMON199-grid_sd,10,0.0014267610961642186,0.0011778408128710282,0.00037246596897766166,0.0012259410274303422
wcf_sensitivity_v1_sym,SYM-MU,1000,25,10,cwdb_dr,tate_functional_rmse,TATE-COMMON199-grid_skewness,10,0.00029946490880981635,0.00022853608075543814,7.226945427153587e-05,0.0002588603765189119
wcf_sensitivity_v1_sym,SYM-MU,1000,25,10,cwdb_dr,tate_functional_rmse,TATE-COMMON199-grid_upper_tail_mean,10,0.029491465940880222,0.014927792308307127,0.004720582413219299,0.031181153918598117
wcf_sensitivity_v1_sym,SYM-MU,1000,25,10,cwdb_dr,tate_functional_rmse,TATE-K-grid_mean,10,0.028311931335983663,0.015109770164449303,0.004778128864131673,0.029724590372516888
wcf_sensitivity_v1_sym,SYM-MU,1000,25,10,cwdb_dr,tate_functional_rmse,TATE-K-grid_sd,10,0.0014257255482711148,0.001140939189416826,0.0003607966510303448,0.0011858930395982688
wcf_sensitivity_v1_sym,SYM-MU,1000,25,10,cwdb_dr,tate_functional_rmse,TATE-K-grid_skewness,10,0.00032809655355445265,0.00020486799113553783,6.478494716514849e-05,0.0002992884693265843
wcf_sensitivity_v1_sym,SYM-MU,1000,25,10,cwdb_dr,tate_functional_rmse,TATE-K-grid_upper_tail_mean,10,0.02883833240938401,0.014838359697255452,0.004692301338417375,0.030732981493918135
wcf_sensitivity_v1_sym,SYM-MU,1000,25,10,cwdb_dr,tcate_functional_rmse,TCATE-COMMON199-grid_mean,10,0.0400510048249186,0.010611959969325934,0.003355796394160052,0.03711395860479186
wcf_sensitivity_v1_sym,SYM-MU,1000,25,10,cwdb_dr,tcate_functional_rmse,TCATE-COMMON199-grid_sd,10,0.0028390725734770803,0.0011395749037155167,0.000360365226010811,0.0025957049351465773
wcf_sensitivity_v1_sym,SYM-MU,1000,25,10,cwdb_dr,tcate_functional_rmse,TCATE-COMMON199-grid_skewness,10,0.0007570206457924555,0.0006149980657504113,0.00019447946443692894,0.0005165810181937893
wcf_sensitivity_v1_sym,SYM-MU,1000,25,10,cwdb_dr,tcate_functional_rmse,TCATE-COMMON199-grid_upper_tail_mean,10,0.04036430054598645,0.01093275772849553,0.003457241552885461,0.03854658686295828
wcf_sensitivity_v1_sym,SYM-MU,1000,25,10,cwdb_dr,tcate_functional_rmse,TCATE-K-grid_mean,10,0.04005100467545367,0.010611959209481554,0.0033557961538761612,0.037113961286722855
wcf_sensitivity_v1_sym,SYM-MU,1000,25,10,cwdb_dr,tcate_functional_rmse,TCATE-K-grid_sd,10,0.0028516282909216116,0.001140286513887272,0.00036059025690570004,0.002604871491593152
wcf_sensitivity_v1_sym,SYM-MU,1000,25,10,cwdb_dr,tcate_functional_rmse,TCATE-K-grid_skewness,10,0.0007188248226468687,0.0004911544189182664,0.00015531666466382156,0.0005811627693943222
wcf_sensitivity_v1_sym,SYM-MU,1000,25,10,cwdb_dr,tcate_functional_rmse,TCATE-K-grid_upper_tail_mean,10,0.04035211004905946,0.010921013336900728,0.0034535276501682097,0.038493653486876694
wcf_sensitivity_v1_sym,SYM-MU,1000,25,10,drf,arm_energy_risk,LAW-A-M-K,10,0.06825527344575286,0.004403950294581596,0.0013926513633047335,0.06762083988978518
wcf_sensitivity_v1_sym,SYM-MU,1000,25,10,drf,barycenter_rmse,MEANQ-A-K,10,0.24891034646106366,0.006876794767411797,0.002174633446654913,0.2492206918410422
wcf_sensitivity_v1_sym,SYM-MU,1000,25,10,drf,diagnostic_effective_support,NONE_OPERATIONAL,10,196.27216406626422,2.3707915343925694,0.7497101106125936,196.62113083736287
wcf_sensitivity_v1_sym,SYM-MU,1000,25,10,drf,kernel_law_error,LAW-A-COMMON199,10,0.06320072066041667,0.004509735742631833,0.0014261036592187499,0.0629073889175258
wcf_sensitivity_v1_sym,SYM-MU,1000,25,10,drf,kernel_law_error,LAW-A-INTERIOR,10,0.05291274540822529,0.0045466296192527254,0.0014377705274022756,0.052389746858428794
wcf_sensitivity_v1_sym,SYM-MU,1000,25,10,drf,kernel_law_error,LAW-A-K,10,0.053574741689196036,0.004513136510311146,0.0014271790763847215,0.0531242200071275
wcf_sensitivity_v1_sym,SYM-MU,1000,25,10,drf,mean_quantile_rmse,MEANQ-A-COMMON199,10,0.14217824377999774,0.014072276669359387,0.004450044613922387,0.14191140319359358
wcf_sensitivity_v1_sym,SYM-MU,1000,25,10,drf,mean_quantile_rmse,MEANQ-A-INTERIOR,10,0.1421357367198837,0.01408007929623444,0.004452512021188148,0.14188293702643726
wcf_sensitivity_v1_sym,SYM-MU,1000,25,10,drf,mean_quantile_rmse,MEANQ-A-K,10,0.14217880802968572,0.014072173213887136,0.004450011898429515,0.1419118218609287
wcf_sensitivity_v1_sym,SYM-MU,1000,25,10,drf,mode_coverage,LAW-A-K,10,1.0,0.0,0.0,1.0
wcf_sensitivity_v1_sym,SYM-MU,1000,25,10,drf,peak_ram,NONE_OPERATIONAL,10,487.78000000000003,19.5482195836063,6.181689808530422,483.75
wcf_sensitivity_v1_sym,SYM-MU,1000,25,10,drf,process_peak_ram,NONE_OPERATIONAL,10,651.74296875,44.187949365336,13.973456512665354,629.5859375
wcf_sensitivity_v1_sym,SYM-MU,1000,25,10,drf,reference_effect_rmse,REF-ATE-COMMON199,10,0.01698077317043014,0.00943080588819374,0.002982282677761947,0.018636260755787202
wcf_sensitivity_v1_sym,SYM-MU,1000,25,10,drf,reference_effect_rmse,REF-ATE-K,10,0.016953376150341024,0.009265400858463994,0.002929977014722561,0.018427478763177567
wcf_sensitivity_v1_sym,SYM-MU,1000,25,10,drf,reference_tcate_rmse,REF-TCATE-COMMON199,10,0.04058990725355302,0.010861113716139287,0.0034345857269095633,0.03774442862914822
wcf_sensitivity_v1_sym,SYM-MU,1000,25,10,drf,reference_tcate_rmse,REF-TCATE-INTERIOR,10,0.041883681162511226,0.011073588581370383,0.0035017761788763216,0.03884723338354959
wcf_sensitivity_v1_sym,SYM-MU,1000,25,10,drf,reference_tcate_rmse,REF-TCATE-K,10,0.040581754228094076,0.010861753948920923,0.0034347881862918307,0.03773866367001739
wcf_sensitivity_v1_sym,SYM-MU,1000,25,10,drf,runtime,NONE_OPERATIONAL,10,36.3375,5.224248255331415,1.6520523549008164,38.1265
wcf_sensitivity_v1_sym,SYM-MU,1000,25,10,drf,tail_calibration,LAW-A-K,10,0.04486599142751823,0.005174987715259664,0.0016364748043611436,0.04519951868266656
wcf_sensitivity_v1_sym,SYM-MU,1000,25,10,drf,tate_functional_rmse,TATE-COMMON199-grid_mean,10,0.09603430456815434,0.014110362405918498,0.004462088381311581,0.09578091537326386
wcf_sensitivity_v1_sym,SYM-MU,1000,25,10,drf,tate_functional_rmse,TATE-COMMON199-grid_sd,10,0.002415111946686897,0.0010108016743184242,0.00031964355535579465,0.002343575333569027
wcf_sensitivity_v1_sym,SYM-MU,1000,25,10,drf,tate_functional_rmse,TATE-COMMON199-grid_skewness,10,2.2452761027552502e-17,1.5973949299390737e-17,5.051406301412566e-18,2.3925343023484826e-17
wcf_sensitivity_v1_sym,SYM-MU,1000,25,10,drf,tate_functional_rmse,TATE-COMMON199-grid_upper_tail_mean,10,0.09454192606477312,0.013738134077487172,0.004344379448563561,0.09532034425107742
wcf_sensitivity_v1_sym,SYM-MU,1000,25,10,drf,tate_functional_rmse,TATE-K-grid_mean,10,0.09603430456815433,0.014110362405918477,0.004462088381311575,0.09578091537326384
wcf_sensitivity_v1_sym,SYM-MU,1000,25,10,drf,tate_functional_rmse,TATE-K-grid_sd,10,0.0024236613652195704,0.0010143798797010385,0.0003207750832502882,0.002351871514794481
wcf_sensitivity_v1_sym,SYM-MU,1000,25,10,drf,tate_functional_rmse,TATE-K-grid_skewness,10,1.1817460744199788e-17,5.253254609426423e-18,1.6612249694565742e-18,1.1446567717647009e-17
wcf_sensitivity_v1_sym,SYM-MU,1000,25,10,drf,tate_functional_rmse,TATE-K-grid_upper_tail_mean,10,0.09459207786762569,0.01374796317407395,0.004347487681819162,0.0953358218742589
wcf_sensitivity_v1_sym,SYM-MU,1000,25,10,drf,tcate_functional_rmse,TCATE-COMMON199-grid_mean,10,0.09900696379135535,0.015542532829277977,0.004914980434845938,0.10112256058688462
wcf_sensitivity_v1_sym,SYM-MU,1000,25,10,drf,tcate_functional_rmse,TCATE-COMMON199-grid_sd,10,0.003266866654673914,0.0006823701459124141,0.00021578438683846643,0.0032856137338686795
wcf_sensitivity_v1_sym,SYM-MU,1000,25,10,drf,tcate_functional_rmse,TCATE-COMMON199-grid_skewness,10,3.943825445532469e-17,1.4228619134992362e-17,4.499484442563067e-18,3.781090074206552e-17
wcf_sensitivity_v1_sym,SYM-MU,1000,25,10,drf,tcate_functional_rmse,TCATE-COMMON199-grid_upper_tail_mean,10,0.09763262929344337,0.015082671683607562,0.004769559572072639,0.10043771629753732
wcf_sensitivity_v1_sym,SYM-MU,1000,25,10,drf,tcate_functional_rmse,TCATE-K-grid_mean,10,0.09900696379135533,0.015542532829277964,0.004914980434845934,0.10112256058688457
wcf_sensitivity_v1_sym,SYM-MU,1000,25,10,drf,tcate_functional_rmse,TCATE-K-grid_sd,10,0.00327843125744917,0.000684785714258885,0.00021654825662033192,0.00329724470070068
wcf_sensitivity_v1_sym,SYM-MU,1000,25,10,drf,tcate_functional_rmse,TCATE-K-grid_skewness,10,1.9672046817958028e-17,5.083418958772826e-18,1.607518221060371e-18,1.9493910710399436e-17
wcf_sensitivity_v1_sym,SYM-MU,1000,25,10,drf,tcate_functional_rmse,TCATE-K-grid_upper_tail_mean,10,0.09767829378907852,0.015095725549368721,0.004773687566880174,0.10046062294592542
wcf_sensitivity_v1_sym,SYM-NL,500,25,10,causal_drf,arm_energy_risk,LAW-A-M-K,10,0.08246766013827696,0.004911370936797124,0.001553111859423379,0.08156984871794984
wcf_sensitivity_v1_sym,SYM-NL,500,25,10,causal_drf,barycenter_rmse,MEANQ-A-K,10,0.2880434238618915,0.01050798714646946,0.0033229173006616847,0.2898842697514176
wcf_sensitivity_v1_sym,SYM-NL,500,25,10,causal_drf,diagnostic_effective_support,NONE_OPERATIONAL,10,89.1284270537627,1.865231517073395,0.5898379957483172,89.28114618825805
wcf_sensitivity_v1_sym,SYM-NL,500,25,10,causal_drf,kernel_law_error,LAW-A-COMMON199,10,0.07668576974695294,0.00453069317452188,0.0014327309810867896,0.07607588379840967
wcf_sensitivity_v1_sym,SYM-NL,500,25,10,causal_drf,kernel_law_error,LAW-A-INTERIOR,10,0.06655822486683745,0.00461146286388766,0.0014582725995168043,0.06615081059677891
wcf_sensitivity_v1_sym,SYM-NL,500,25,10,causal_drf,kernel_law_error,LAW-A-K,10,0.06711154846611832,0.0045913761905701286,0.0014519206356868911,0.0667379004711596
wcf_sensitivity_v1_sym,SYM-NL,500,25,10,causal_drf,mean_quantile_rmse,MEANQ-A-COMMON199,10,0.2588581239866478,0.03093806952929063,0.009783476612121181,0.2593367705354528
wcf_sensitivity_v1_sym,SYM-NL,500,25,10,causal_drf,mean_quantile_rmse,MEANQ-A-INTERIOR,10,0.2588154630229604,0.030937562608953608,0.009783316309835454,0.2592863205103177
wcf_sensitivity_v1_sym,SYM-NL,500,25,10,causal_drf,mean_quantile_rmse,MEANQ-A-K,10,0.25885869031758435,0.030938076399409344,0.009783478784643473,0.2593374402453005
wcf_sensitivity_v1_sym,SYM-NL,500,25,10,causal_drf,mode_coverage,LAW-A-K,10,1.0,0.0,0.0,1.0
wcf_sensitivity_v1_sym,SYM-NL,500,25,10,causal_drf,peak_ram,NONE_OPERATIONAL,10,304.56251,0.27024453309302887,0.08545882497827194,304.5254
wcf_sensitivity_v1_sym,SYM-NL,500,25,10,causal_drf,process_peak_ram,NONE_OPERATIONAL,10,650.087890625,36.761189793576236,11.624908924543597,649.548828125
wcf_sensitivity_v1_sym,SYM-NL,500,25,10,causal_drf,reference_effect_rmse,REF-ATE-COMMON199,10,0.05506939658766097,0.02990796800668025,0.009457729908855557,0.05229721384445064
wcf_sensitivity_v1_sym,SYM-NL,500,25,10,causal_drf,reference_effect_rmse,REF-ATE-K,10,0.05512194841675805,0.030026641752000288,0.009495257842222963,0.052179515561546874
wcf_sensitivity_v1_sym,SYM-NL,500,25,10,causal_drf,reference_tcate_rmse,REF-TCATE-COMMON199,10,0.08871280093600367,0.030117561513117303,0.009524009195167781,0.09689807715003779
wcf_sensitivity_v1_sym,SYM-NL,500,25,10,causal_drf,reference_tcate_rmse,REF-TCATE-INTERIOR,10,0.09153503796033743,0.030991084573422194,0.009800241441092188,0.1000488672984475
wcf_sensitivity_v1_sym,SYM-NL,500,25,10,causal_drf,reference_tcate_rmse,REF-TCATE-K,10,0.08889840829236764,0.030339428435803614,0.009594169676481903,0.09730131550801169
wcf_sensitivity_v1_sym,SYM-NL,500,25,10,causal_drf,runtime,NONE_OPERATIONAL,10,23.6994,2.241791010182112,0.7089165630265196,24.232
wcf_sensitivity_v1_sym,SYM-NL,500,25,10,causal_drf,tail_calibration,LAW-A-K,10,0.04626227321349995,0.0056145450535281,0.0017754750394780787,0.0460055652965701
wcf_sensitivity_v1_sym,SYM-NL,500,25,10,causal_drf,tate_functional_rmse,TATE-COMMON199-grid_mean,10,0.22888721153738228,0.028690110416094552,0.009072609523657993,0.2266517806851862
wcf_sensitivity_v1_sym,SYM-NL,500,25,10,causal_drf,tate_functional_rmse,TATE-COMMON199-grid_sd,10,0.0024045694675437993,0.00231392928825529,0.0007317286895459021,0.0019083471520180936
wcf_sensitivity_v1_sym,SYM-NL,500,25,10,causal_drf,tate_functional_rmse,TATE-COMMON199-grid_skewness,10,3.908111512151627e-17,3.335185626723612e-17,1.0546782999902752e-17,2.3195029903931737e-17
wcf_sensitivity_v1_sym,SYM-NL,500,25,10,causal_drf,tate_functional_rmse,TATE-COMMON199-grid_upper_tail_mean,10,0.2283368506155417,0.02793049521295644,0.008832398104937201,0.22383367894017914
wcf_sensitivity_v1_sym,SYM-NL,500,25,10,causal_drf,tate_functional_rmse,TATE-K-grid_mean,10,0.22888721153738226,0.028690110416094584,0.009072609523658003,0.22665178068518618
wcf_sensitivity_v1_sym,SYM-NL,500,25,10,causal_drf,tate_functional_rmse,TATE-K-grid_sd,10,0.0024130815660397347,0.002322120523434845,0.0007343189855476514,0.0019151026394937849
wcf_sensitivity_v1_sym,SYM-NL,500,25,10,causal_drf,tate_functional_rmse,TATE-K-grid_skewness,10,1.8442996559306648e-17,1.543040276455485e-17,4.8795217949752196e-18,1.4357498861057565e-17
wcf_sensitivity_v1_sym,SYM-NL,500,25,10,causal_drf,tate_functional_rmse,TATE-K-grid_upper_tail_mean,10,0.22835534565040544,0.027952100582273716,0.00883923032261037,0.22392838204854873
wcf_sensitivity_v1_sym,SYM-NL,500,25,10,causal_drf,tcate_functional_rmse,TCATE-COMMON199-grid_mean,10,0.23706820517851987,0.03228011584975216,0.010207868921931847,0.237286983718708
wcf_sensitivity_v1_sym,SYM-NL,500,25,10,causal_drf,tcate_functional_rmse,TCATE-COMMON199-grid_sd,10,0.004289244987631111,0.00238134932621737,0.0007530487775354211,0.003670731673869429
wcf_sensitivity_v1_sym,SYM-NL,500,25,10,causal_drf,tcate_functional_rmse,TCATE-COMMON199-grid_skewness,10,6.733329319256059e-17,3.4747477953841394e-17,1.098811732806259e-17,5.97759147264526e-17
wcf_sensitivity_v1_sym,SYM-NL,500,25,10,causal_drf,tcate_functional_rmse,TCATE-COMMON199-grid_upper_tail_mean,10,0.2367314488003888,0.03155597652094202,0.009978875959697283,0.23435073993022026
wcf_sensitivity_v1_sym,SYM-NL,500,25,10,causal_drf,tcate_functional_rmse,TCATE-K-grid_mean,10,0.23706820517851987,0.032280115849752204,0.01020786892193186,0.23728698371870804
wcf_sensitivity_v1_sym,SYM-NL,500,25,10,causal_drf,tcate_functional_rmse,TCATE-K-grid_sd,10,0.00430442877678784,0.002389779226160615,0.0007557145459622189,0.0036837259458095154
wcf_sensitivity_v1_sym,SYM-NL,500,25,10,causal_drf,tcate_functional_rmse,TCATE-K-grid_skewness,10,2.782009231664148e-17,1.1129250476697061e-17,3.51937801568774e-18,2.6596295620052793e-17
wcf_sensitivity_v1_sym,SYM-NL,500,25,10,causal_drf,tcate_functional_rmse,TCATE-K-grid_upper_tail_mean,10,0.23674214213936962,0.031577101445249486,0.00998555624731831,0.2344492600716752
wcf_sensitivity_v1_sym,SYM-NL,500,25,10,cwdb_dr,arm_energy_risk,LAW-A-M-K,10,0.05639678143710771,0.0022948215429636856,0.0007256862899387193,0.055875863656541055
wcf_sensitivity_v1_sym,SYM-NL,500,25,10,cwdb_dr,barycenter_rmse,MEANQ-A-K,10,0.17682356110333602,0.007943686241659323,0.002512014154138619,0.17704076205107264
wcf_sensitivity_v1_sym,SYM-NL,500,25,10,cwdb_dr,diagnostic_dense_dr_n_levels,NONE_OPERATIONAL,10,199.0,0.0,0.0,199.0
wcf_sensitivity_v1_sym,SYM-NL,500,25,10,cwdb_dr,diagnostic_dr_if_se_reference,NONE_OPERATIONAL,10,0.025836506859541076,0.0011531412480677702,0.0003646552807783393,0.025779407274009816
wcf_sensitivity_v1_sym,SYM-NL,500,25,10,cwdb_dr,diagnostic_effective_support,NONE_OPERATIONAL,10,9.999999999999998,0.0,0.0,9.999999999999998
wcf_sensitivity_v1_sym,SYM-NL,500,25,10,cwdb_dr,diagnostic_ehat_mean,NONE_OPERATIONAL,10,0.4703312110513792,0.024193644972278484,0.007650702301388128,0.47847312211413096
wcf_sensitivity_v1_sym,SYM-NL,500,25,10,cwdb_dr,diagnostic_n_boosting_steps,NONE_OPERATIONAL,10,100.0,0.0,0.0,100.0
wcf_sensitivity_v1_sym,SYM-NL,500,25,10,cwdb_dr,diagnostic_selected_contrast_shrinkage,NONE_OPERATIONAL,10,20.0,25.81988897471611,8.164965809277259,0.0
wcf_sensitivity_v1_sym,SYM-NL,500,25,10,cwdb_dr,diagnostic_train_risk,NONE_OPERATIONAL,10,0.03822341266168625,0.004728475022598956,0.001495275093062885,0.03593124179203033
wcf_sensitivity_v1_sym,SYM-NL,500,25,10,cwdb_dr,kernel_law_error,LAW-A-COMMON199,10,0.03917674409061407,0.0030119236282730726,0.0009524538803821227,0.03893523136822586
wcf_sensitivity_v1_sym,SYM-NL,500,25,10,cwdb_dr,kernel_law_error,LAW-A-INTERIOR,10,0.02862161704574644,0.002630943570285644,0.0008319774077477928,0.028424821981457966
wcf_sensitivity_v1_sym,SYM-NL,500,25,10,cwdb_dr,kernel_law_error,LAW-A-K,10,0.029028240854596498,0.0027137249927621566,0.0008581551920452365,0.028827547922010522
wcf_sensitivity_v1_sym,SYM-NL,500,25,10,cwdb_dr,mean_quantile_rmse,MEANQ-A-COMMON199,10,0.13201032060056048,0.01723037148833599,0.005448721883396709,0.1352717603132968
wcf_sensitivity_v1_sym,SYM-NL,500,25,10,cwdb_dr,mean_quantile_rmse,MEANQ-A-INTERIOR,10,0.1304327241419763,0.016117921734025983,0.005096934382785275,0.1327596745798512
wcf_sensitivity_v1_sym,SYM-NL,500,25,10,cwdb_dr,mean_quantile_rmse,MEANQ-A-K,10,0.1321790104706922,0.017345948067999092,0.005485270406987439,0.13554274016884013
wcf_sensitivity_v1_sym,SYM-NL,500,25,10,cwdb_dr,mode_coverage,LAW-A-K,10,1.0,0.0,0.0,1.0
wcf_sensitivity_v1_sym,SYM-NL,500,25,10,cwdb_dr,peak_ram,NONE_OPERATIONAL,10,0.0,0.0,0.0,0.0
wcf_sensitivity_v1_sym,SYM-NL,500,25,10,cwdb_dr,process_peak_ram,NONE_OPERATIONAL,10,928.205859375,10.534302088295526,3.3312388159282045,927.16015625
wcf_sensitivity_v1_sym,SYM-NL,500,25,10,cwdb_dr,reference_effect_rmse,REF-ATE-COMMON199,10,0.025766864147290992,0.018928314581935266,0.005985658634709326,0.025561103313841465
wcf_sensitivity_v1_sym,SYM-NL,500,25,10,cwdb_dr,reference_effect_rmse,REF-ATE-K,10,0.021182066827837583,0.016646320046339164,0.00526402860065514,0.018237509954935616
wcf_sensitivity_v1_sym,SYM-NL,500,25,10,cwdb_dr,reference_tcate_rmse,REF-TCATE-COMMON199,10,0.059435982448728,0.026761133159641123,0.008462613355152436,0.06134223998242584
wcf_sensitivity_v1_sym,SYM-NL,500,25,10,cwdb_dr,reference_tcate_rmse,REF-TCATE-INTERIOR,10,0.062173518873577895,0.027526461952325564,0.0087046315695314,0.06464649801441145
wcf_sensitivity_v1_sym,SYM-NL,500,25,10,cwdb_dr,reference_tcate_rmse,REF-TCATE-K,10,0.05969963521687353,0.026931337205273204,0.008516436600269696,0.06155112670290963
wcf_sensitivity_v1_sym,SYM-NL,500,25,10,cwdb_dr,runtime,NONE_OPERATIONAL,10,144.41167364879993,27.316317346613076,8.63817801032645,154.12602735999985
wcf_sensitivity_v1_sym,SYM-NL,500,25,10,cwdb_dr,tail_calibration,LAW-A-K,10,0.03539640295179892,0.0038155397090743714,0.001206579598349124,0.036114487534212696
wcf_sensitivity_v1_sym,SYM-NL,500,25,10,cwdb_dr,tate_functional_rmse,TATE-COMMON199-grid_mean,10,0.0641313012344378,0.028376948106578866,0.008973578906119174,0.06326661896037687
wcf_sensitivity_v1_sym,SYM-NL,500,25,10,cwdb_dr,tate_functional_rmse,TATE-COMMON199-grid_sd,10,0.0016347503827577356,0.001021827205576921,0.0003231301344748179,0.0015966133732777106
wcf_sensitivity_v1_sym,SYM-NL,500,25,10,cwdb_dr,tate_functional_rmse,TATE-COMMON199-grid_skewness,10,0.0006498105490828639,0.00034614638560381583,0.00010946109823429762,0.0005065769867374083
wcf_sensitivity_v1_sym,SYM-NL,500,25,10,cwdb_dr,tate_functional_rmse,TATE-COMMON199-grid_upper_tail_mean,10,0.0635115602808204,0.02786982718025108,0.008813213188486149,0.06373829012884875
wcf_sensitivity_v1_sym,SYM-NL,500,25,10,cwdb_dr,tate_functional_rmse,TATE-K-grid_mean,10,0.06513811272857617,0.02660445772013273,0.00841306823092699,0.06562351231709614
wcf_sensitivity_v1_sym,SYM-NL,500,25,10,cwdb_dr,tate_functional_rmse,TATE-K-grid_sd,10,0.0016201692025689849,0.001049426170743868,0.0003318576935739381,0.0017517986634313846
wcf_sensitivity_v1_sym,SYM-NL,500,25,10,cwdb_dr,tate_functional_rmse,TATE-K-grid_skewness,10,0.0006937449009112813,0.0003535929460790555,0.00011181590741789195,0.0005494941453837614
wcf_sensitivity_v1_sym,SYM-NL,500,25,10,cwdb_dr,tate_functional_rmse,TATE-K-grid_upper_tail_mean,10,0.06467023047823595,0.026107768182780388,0.008256001208126123,0.06640531394399894
wcf_sensitivity_v1_sym,SYM-NL,500,25,10,cwdb_dr,tcate_functional_rmse,TCATE-COMMON199-grid_mean,10,0.08685544402674632,0.023269734607791703,0.00735853619082667,0.0827030989954109
wcf_sensitivity_v1_sym,SYM-NL,500,25,10,cwdb_dr,tcate_functional_rmse,TCATE-COMMON199-grid_sd,10,0.0058164945155154465,0.002343005255627379,0.0007409233177527563,0.0063007468044602565
wcf_sensitivity_v1_sym,SYM-NL,500,25,10,cwdb_dr,tcate_functional_rmse,TCATE-COMMON199-grid_skewness,10,0.0020306757496414453,0.001091148499679797,0.0003450514524463666,0.0020743566174223644
wcf_sensitivity_v1_sym,SYM-NL,500,25,10,cwdb_dr,tcate_functional_rmse,TCATE-COMMON199-grid_upper_tail_mean,10,0.0869424768981896,0.023587599927305306,0.007459054030710685,0.08324026898714096
wcf_sensitivity_v1_sym,SYM-NL,500,25,10,cwdb_dr,tcate_functional_rmse,TCATE-K-grid_mean,10,0.08685544353318857,0.023269732711830145,0.007358535591270982,0.08270310216351406
wcf_sensitivity_v1_sym,SYM-NL,500,25,10,cwdb_dr,tcate_functional_rmse,TCATE-K-grid_sd,10,0.005834847535578635,0.0023470933075776875,0.0007422160732883631,0.006320747046519741
wcf_sensitivity_v1_sym,SYM-NL,500,25,10,cwdb_dr,tcate_functional_rmse,TCATE-K-grid_skewness,10,0.0022363210828978616,0.0011788547519783273,0.00037278660467643995,0.00224914535026652
wcf_sensitivity_v1_sym,SYM-NL,500,25,10,cwdb_dr,tcate_functional_rmse,TCATE-K-grid_upper_tail_mean,10,0.08693616252088351,0.023574595812912793,0.0074549417686673135,0.08321296759666329
wcf_sensitivity_v1_sym,SYM-NL,500,25,10,drf,arm_energy_risk,LAW-A-M-K,10,0.09464149660757418,0.007477154506690593,0.002364483865813498,0.09102126386036781
wcf_sensitivity_v1_sym,SYM-NL,500,25,10,drf,barycenter_rmse,MEANQ-A-K,10,0.31572453214661017,0.014666584326974057,0.0046379811968165745,0.3128232555869375
wcf_sensitivity_v1_sym,SYM-NL,500,25,10,drf,diagnostic_effective_support,NONE_OPERATIONAL,10,132.7814647704286,2.1582988887727916,0.6825140359932437,132.831575716592
wcf_sensitivity_v1_sym,SYM-NL,500,25,10,drf,kernel_law_error,LAW-A-COMMON199,10,0.0885216513844736,0.007278417051913577,0.00230163756446549,0.08552944407169907
wcf_sensitivity_v1_sym,SYM-NL,500,25,10,drf,kernel_law_error,LAW-A-INTERIOR,10,0.07841193389057774,0.007470908750077509,0.0023625087841526574,0.07514598333383711
wcf_sensitivity_v1_sym,SYM-NL,500,25,10,drf,kernel_law_error,LAW-A-K,10,0.07912275636571445,0.00742131060860292,0.0023468244746755614,0.07582571101567041
wcf_sensitivity_v1_sym,SYM-NL,500,25,10,drf,mean_quantile_rmse,MEANQ-A-COMMON199,10,0.2548874468809128,0.03241810373612109,0.01025150452297568,0.2461112097954484
wcf_sensitivity_v1_sym,SYM-NL,500,25,10,drf,mean_quantile_rmse,MEANQ-A-INTERIOR,10,0.25485819321886205,0.03241855255170457,0.010251646450924995,0.2460801812684295
wcf_sensitivity_v1_sym,SYM-NL,500,25,10,drf,mean_quantile_rmse,MEANQ-A-K,10,0.2548878352416909,0.03241809783246889,0.010251502656076933,0.24611162171562884
wcf_sensitivity_v1_sym,SYM-NL,500,25,10,drf,mode_coverage,LAW-A-K,10,1.0,0.0,0.0,1.0
wcf_sensitivity_v1_sym,SYM-NL,500,25,10,drf,peak_ram,NONE_OPERATIONAL,10,382.19,14.68729231531652,4.644529637708814,378.1
wcf_sensitivity_v1_sym,SYM-NL,500,25,10,drf,process_peak_ram,NONE_OPERATIONAL,10,650.087890625,36.761189793576236,11.624908924543597,649.548828125
wcf_sensitivity_v1_sym,SYM-NL,500,25,10,drf,reference_effect_rmse,REF-ATE-COMMON199,10,0.05238136885892645,0.02585808488080264,0.00817704441532999,0.05055728295667423
wcf_sensitivity_v1_sym,SYM-NL,500,25,10,drf,reference_effect_rmse,REF-ATE-K,10,0.052465542893471086,0.025959931709822814,0.00820925121054694,0.05022177239730851
wcf_sensitivity_v1_sym,SYM-NL,500,25,10,drf,reference_tcate_rmse,REF-TCATE-COMMON199,10,0.07440903041624954,0.02522809213650719,0.007977823217194625,0.08276719744278116
wcf_sensitivity_v1_sym,SYM-NL,500,25,10,drf,reference_tcate_rmse,REF-TCATE-INTERIOR,10,0.07681050369436164,0.025988323753510414,0.008218229563094922,0.08575067703226655
wcf_sensitivity_v1_sym,SYM-NL,500,25,10,drf,reference_tcate_rmse,REF-TCATE-K,10,0.07457614920114564,0.02545524408094997,0.008049654969132146,0.08307815365056792
wcf_sensitivity_v1_sym,SYM-NL,500,25,10,drf,runtime,NONE_OPERATIONAL,10,22.741300000000003,1.5212008450928203,0.48104594490662844,23.458
wcf_sensitivity_v1_sym,SYM-NL,500,25,10,drf,tail_calibration,LAW-A-K,10,0.0491144367147703,0.005544333765113937,0.001753272280593704,0.049531003435954894
wcf_sensitivity_v1_sym,SYM-NL,500,25,10,drf,tate_functional_rmse,TATE-COMMON199-grid_mean,10,0.22370186393481944,0.03584311162081815,0.011334587114943485,0.21829867782435897
wcf_sensitivity_v1_sym,SYM-NL,500,25,10,drf,tate_functional_rmse,TATE-COMMON199-grid_sd,10,0.0023619427559290187,0.0020200786083689887,0.0006388049455029281,0.001899958344471508
wcf_sensitivity_v1_sym,SYM-NL,500,25,10,drf,tate_functional_rmse,TATE-COMMON199-grid_skewness,10,3.3768817620729425e-17,3.626518590652513e-17,1.1468058723405757e-17,1.9365235513232636e-17
wcf_sensitivity_v1_sym,SYM-NL,500,25,10,drf,tate_functional_rmse,TATE-COMMON199-grid_upper_tail_mean,10,0.2235346353000082,0.034612162158206,0.010945326716302018,0.21891379065603278
wcf_sensitivity_v1_sym,SYM-NL,500,25,10,drf,tate_functional_rmse,TATE-K-grid_mean,10,0.22370186393481944,0.035843111620818165,0.01133458711494349,0.21829867782435897
wcf_sensitivity_v1_sym,SYM-NL,500,25,10,drf,tate_functional_rmse,TATE-K-grid_sd,10,0.0023703039572382767,0.002027229621602772,0.0006410662944426042,0.0019066841358385536
wcf_sensitivity_v1_sym,SYM-NL,500,25,10,drf,tate_functional_rmse,TATE-K-grid_skewness,10,1.8768631228827335e-17,1.3797933178795844e-17,4.363289584780217e-18,1.4838555427218346e-17
wcf_sensitivity_v1_sym,SYM-NL,500,25,10,drf,tate_functional_rmse,TATE-K-grid_upper_tail_mean,10,0.22354025506570802,0.034651118607766845,0.010957645827318592,0.21889095957405175
wcf_sensitivity_v1_sym,SYM-NL,500,25,10,drf,tcate_functional_rmse,TCATE-COMMON199-grid_mean,10,0.22705027370523317,0.0369007246012252,0.011669033705048017,0.21919486760545825
wcf_sensitivity_v1_sym,SYM-NL,500,25,10,drf,tcate_functional_rmse,TCATE-COMMON199-grid_sd,10,0.0034000440898093046,0.0020284502702845354,0.0006414522974483297,0.0027203548071202364
wcf_sensitivity_v1_sym,SYM-NL,500,25,10,drf,tcate_functional_rmse,TCATE-COMMON199-grid_skewness,10,5.2617422155528134e-17,3.687957398512825e-17,1.1662345292969799e-17,3.411298342250476e-17
wcf_sensitivity_v1_sym,SYM-NL,500,25,10,drf,tcate_functional_rmse,TCATE-COMMON199-grid_upper_tail_mean,10,0.22698896385529363,0.03552078112046404,0.011232657260897417,0.22015427268016774
wcf_sensitivity_v1_sym,SYM-NL,500,25,10,drf,tcate_functional_rmse,TCATE-K-grid_mean,10,0.22705027370523317,0.03690072460122522,0.011669033705048022,0.21919486760545825
wcf_sensitivity_v1_sym,SYM-NL,500,25,10,drf,tcate_functional_rmse,TCATE-K-grid_sd,10,0.0034120801364170743,0.0020356309189319415,0.0006437230179286508,0.002729984775551054
wcf_sensitivity_v1_sym,SYM-NL,500,25,10,drf,tcate_functional_rmse,TCATE-K-grid_skewness,10,2.5017087728088627e-17,1.2478657369673642e-17,3.946097942901447e-18,2.4632919075928656e-17
wcf_sensitivity_v1_sym,SYM-NL,500,25,10,drf,tcate_functional_rmse,TCATE-K-grid_upper_tail_mean,10,0.22699076189360703,0.03556484717985578,0.01124659217241603,0.22012131091716472
wcf_sensitivity_v1_sym,SYM-NL,1000,25,10,causal_drf,arm_energy_risk,LAW-A-M-K,10,0.06796282091325859,0.003226748982528657,0.001020387622242142,0.06842467938622163
wcf_sensitivity_v1_sym,SYM-NL,1000,25,10,causal_drf,barycenter_rmse,MEANQ-A-K,10,0.25171619484949415,0.003775233200912121,0.0011938335613170363,0.2522285501576975
wcf_sensitivity_v1_sym,SYM-NL,1000,25,10,causal_drf,diagnostic_effective_support,NONE_OPERATIONAL,10,122.24880572140307,2.5891469853640063,0.8187601670708903,123.29673061874149
wcf_sensitivity_v1_sym,SYM-NL,1000,25,10,causal_drf,kernel_law_error,LAW-A-COMMON199,10,0.06311526806056511,0.0036770956834695032,0.0011627997534137187,0.06291782580241392
wcf_sensitivity_v1_sym,SYM-NL,1000,25,10,causal_drf,kernel_law_error,LAW-A-INTERIOR,10,0.05293151663744131,0.0036009916514326617,0.0011387335453778345,0.05282048417758527
wcf_sensitivity_v1_sym,SYM-NL,1000,25,10,causal_drf,kernel_law_error,LAW-A-K,10,0.05342612125435074,0.003598423352713378,0.0011379213780113714,0.05337705564442829
wcf_sensitivity_v1_sym,SYM-NL,1000,25,10,causal_drf,mean_quantile_rmse,MEANQ-A-COMMON199,10,0.22138906106308304,0.019093144549544798,0.006037782447139117,0.21776888653722543
wcf_sensitivity_v1_sym,SYM-NL,1000,25,10,causal_drf,mean_quantile_rmse,MEANQ-A-INTERIOR,10,0.22134692273920292,0.019099721475883423,0.006039862253862437,0.21773066039055863
wcf_sensitivity_v1_sym,SYM-NL,1000,25,10,causal_drf,mean_quantile_rmse,MEANQ-A-K,10,0.2213896204545313,0.019093057330926328,0.006037754866190243,0.2177693939982205
wcf_sensitivity_v1_sym,SYM-NL,1000,25,10,causal_drf,mode_coverage,LAW-A-K,10,1.0,0.0,0.0,1.0
wcf_sensitivity_v1_sym,SYM-NL,1000,25,10,causal_drf,peak_ram,NONE_OPERATIONAL,10,376.13203,1.9026224446215838,0.6016620452361784,376.35545
wcf_sensitivity_v1_sym,SYM-NL,1000,25,10,causal_drf,process_peak_ram,NONE_OPERATIONAL,10,662.3078125,40.333931607940144,12.754709087054838,669.51171875
wcf_sensitivity_v1_sym,SYM-NL,1000,25,10,causal_drf,reference_effect_rmse,REF-ATE-COMMON199,10,0.03967755451498448,0.023548526752528783,0.007446698007939919,0.04021316930057401
wcf_sensitivity_v1_sym,SYM-NL,1000,25,10,causal_drf,reference_effect_rmse,REF-ATE-K,10,0.03956590141936661,0.023650299951038557,0.007478881519145054,0.03981826363011873
wcf_sensitivity_v1_sym,SYM-NL,1000,25,10,causal_drf,reference_tcate_rmse,REF-TCATE-COMMON199,10,0.08115953370782125,0.022674260030013285,0.007170230595375982,0.07713785922839045
wcf_sensitivity_v1_sym,SYM-NL,1000,25,10,causal_drf,reference_tcate_rmse,REF-TCATE-INTERIOR,10,0.08438372877044327,0.023040158076668274,0.007285937717259613,0.07999409578362034
wcf_sensitivity_v1_sym,SYM-NL,1000,25,10,causal_drf,reference_tcate_rmse,REF-TCATE-K,10,0.08135784159863987,0.022743106411265222,0.007192001732717625,0.07721023427030765
wcf_sensitivity_v1_sym,SYM-NL,1000,25,10,causal_drf,runtime,NONE_OPERATIONAL,10,50.0302,2.9518728819363313,0.9334641670204112,49.617000000000004
wcf_sensitivity_v1_sym,SYM-NL,1000,25,10,causal_drf,tail_calibration,LAW-A-K,10,0.04294668162500036,0.004515725679144536,0.0014279978434607447,0.0422988527044018
wcf_sensitivity_v1_sym,SYM-NL,1000,25,10,causal_drf,tate_functional_rmse,TATE-COMMON199-grid_mean,10,0.1916022241219688,0.018120706638599427,0.005730270578970781,0.18545768066258805
wcf_sensitivity_v1_sym,SYM-NL,1000,25,10,causal_drf,tate_functional_rmse,TATE-COMMON199-grid_sd,10,0.0021314894821984577,0.0012393651028699993,0.00039192165775980836,0.002142154505557173
wcf_sensitivity_v1_sym,SYM-NL,1000,25,10,causal_drf,tate_functional_rmse,TATE-COMMON199-grid_skewness,10,3.468982279435718e-17,1.9453939397260857e-17,6.151875795822751e-18,3.1997715718366034e-17
wcf_sensitivity_v1_sym,SYM-NL,1000,25,10,causal_drf,tate_functional_rmse,TATE-COMMON199-grid_upper_tail_mean,10,0.19010672742909693,0.01817297615350131,0.005746799650898987,0.18401256829299856
wcf_sensitivity_v1_sym,SYM-NL,1000,25,10,causal_drf,tate_functional_rmse,TATE-K-grid_mean,10,0.19160222412196884,0.01812070663859943,0.005730270578970782,0.18545768066258803
wcf_sensitivity_v1_sym,SYM-NL,1000,25,10,causal_drf,tate_functional_rmse,TATE-K-grid_sd,10,0.0021390348863385353,0.0012437524154307214,0.00039330904780970313,0.0021497376635365734
wcf_sensitivity_v1_sym,SYM-NL,1000,25,10,causal_drf,tate_functional_rmse,TATE-K-grid_skewness,10,1.0712632245630873e-17,8.398895611514896e-18,2.655963996237979e-18,9.757279423855413e-18
wcf_sensitivity_v1_sym,SYM-NL,1000,25,10,causal_drf,tate_functional_rmse,TATE-K-grid_upper_tail_mean,10,0.19015698401959172,0.01816961390888212,0.005745736415794259,0.18406113170402022
wcf_sensitivity_v1_sym,SYM-NL,1000,25,10,causal_drf,tcate_functional_rmse,TCATE-COMMON199-grid_mean,10,0.19616479245384835,0.02125463461917007,0.0067213056231242956,0.19202201721577225
wcf_sensitivity_v1_sym,SYM-NL,1000,25,10,causal_drf,tcate_functional_rmse,TCATE-COMMON199-grid_sd,10,0.003426129081988051,0.0011036057299419946,0.00034899077454293866,0.0035604293311633176
wcf_sensitivity_v1_sym,SYM-NL,1000,25,10,causal_drf,tcate_functional_rmse,TCATE-COMMON199-grid_skewness,10,4.638596871976562e-17,1.5028198981247245e-17,4.752333791096336e-18,4.8316978147935136e-17
wcf_sensitivity_v1_sym,SYM-NL,1000,25,10,causal_drf,tcate_functional_rmse,TCATE-COMMON199-grid_upper_tail_mean,10,0.1946900446360518,0.021443157606325005,0.0067809218261951215,0.1907003560280655
wcf_sensitivity_v1_sym,SYM-NL,1000,25,10,causal_drf,tcate_functional_rmse,TCATE-K-grid_mean,10,0.19616479245384835,0.021254634619170074,0.006721305623124297,0.19202201721577222
wcf_sensitivity_v1_sym,SYM-NL,1000,25,10,causal_drf,tcate_functional_rmse,TCATE-K-grid_sd,10,0.0034382574686282834,0.0011075124586935406,0.0003502261906484738,0.0035730331363616223
wcf_sensitivity_v1_sym,SYM-NL,1000,25,10,causal_drf,tcate_functional_rmse,TCATE-K-grid_skewness,10,1.7264176454237662e-17,6.63757747280118e-18,2.098986295987606e-18,1.6649718535060312e-17
wcf_sensitivity_v1_sym,SYM-NL,1000,25,10,causal_drf,tcate_functional_rmse,TCATE-K-grid_upper_tail_mean,10,0.19473920369942632,0.02143569026651439,0.0067785604460087225,0.19074458282084455
wcf_sensitivity_v1_sym,SYM-NL,1000,25,10,cwdb_dr,arm_energy_risk,LAW-A-M-K,10,0.04672448111154857,0.003475127916284456,0.0010989319375893825,0.04646836265528985
wcf_sensitivity_v1_sym,SYM-NL,1000,25,10,cwdb_dr,barycenter_rmse,MEANQ-A-K,10,0.1574109162987815,0.00557467224170761,0.0017628661492712753,0.1560401933312014
wcf_sensitivity_v1_sym,SYM-NL,1000,25,10,cwdb_dr,diagnostic_dense_dr_n_levels,NONE_OPERATIONAL,10,199.0,0.0,0.0,199.0
wcf_sensitivity_v1_sym,SYM-NL,1000,25,10,cwdb_dr,diagnostic_dr_if_se_reference,NONE_OPERATIONAL,10,0.018193395743008815,0.00024218147027878125,7.658450531693223e-05,0.018209001693328394
wcf_sensitivity_v1_sym,SYM-NL,1000,25,10,cwdb_dr,diagnostic_effective_support,NONE_OPERATIONAL,10,9.999999999999998,0.0,0.0,9.999999999999998
wcf_sensitivity_v1_sym,SYM-NL,1000,25,10,cwdb_dr,diagnostic_ehat_mean,NONE_OPERATIONAL,10,0.45938447087273293,0.017551468184581094,0.005550261574325685,0.4624246522962054
wcf_sensitivity_v1_sym,SYM-NL,1000,25,10,cwdb_dr,diagnostic_n_boosting_steps,NONE_OPERATIONAL,10,100.0,0.0,0.0,100.0
wcf_sensitivity_v1_sym,SYM-NL,1000,25,10,cwdb_dr,diagnostic_selected_contrast_shrinkage,NONE_OPERATIONAL,10,35.0,24.1522945769824,7.637626158259733,50.0
wcf_sensitivity_v1_sym,SYM-NL,1000,25,10,cwdb_dr,diagnostic_train_risk,NONE_OPERATIONAL,10,0.05961401624106133,0.005729817490617628,0.0018119273847422167,0.06118156274387482
wcf_sensitivity_v1_sym,SYM-NL,1000,25,10,cwdb_dr,kernel_law_error,LAW-A-COMMON199,10,0.03226326404852172,0.0026755313795438717,0.000846077311061107,0.032352985522597445
wcf_sensitivity_v1_sym,SYM-NL,1000,25,10,cwdb_dr,kernel_law_error,LAW-A-INTERIOR,10,0.021775003815120826,0.0025333440954936485,0.0008011137438699034,0.02188108119900919
wcf_sensitivity_v1_sym,SYM-NL,1000,25,10,cwdb_dr,kernel_law_error,LAW-A-K,10,0.021998632074992107,0.0025806934188170676,0.0008160869146068772,0.02225330443730299
wcf_sensitivity_v1_sym,SYM-NL,1000,25,10,cwdb_dr,mean_quantile_rmse,MEANQ-A-COMMON199,10,0.10706856153609809,0.024741080603112118,0.007823816647964665,0.10025064196757952
wcf_sensitivity_v1_sym,SYM-NL,1000,25,10,cwdb_dr,mean_quantile_rmse,MEANQ-A-INTERIOR,10,0.1064531712082426,0.023996265476079356,0.007588285424247548,0.10011718967943535
wcf_sensitivity_v1_sym,SYM-NL,1000,25,10,cwdb_dr,mean_quantile_rmse,MEANQ-A-K,10,0.10712225604274224,0.024816275148057978,0.007847595250929549,0.10025354953693089
wcf_sensitivity_v1_sym,SYM-NL,1000,25,10,cwdb_dr,mode_coverage,LAW-A-K,10,1.0,0.0,0.0,1.0
wcf_sensitivity_v1_sym,SYM-NL,1000,25,10,cwdb_dr,peak_ram,NONE_OPERATIONAL,10,0.0,0.0,0.0,0.0
wcf_sensitivity_v1_sym,SYM-NL,1000,25,10,cwdb_dr,process_peak_ram,NONE_OPERATIONAL,10,929.693359375,12.298579867841623,3.889152436787214,927.16015625
wcf_sensitivity_v1_sym,SYM-NL,1000,25,10,cwdb_dr,reference_effect_rmse,REF-ATE-COMMON199,10,0.02276781163613714,0.014524439492909857,0.004593031053489618,0.01624033963034902
wcf_sensitivity_v1_sym,SYM-NL,1000,25,10,cwdb_dr,reference_effect_rmse,REF-ATE-K,10,0.017633342444770113,0.014876691418427252,0.0047044228929711135,0.015598538428415482
wcf_sensitivity_v1_sym,SYM-NL,1000,25,10,cwdb_dr,reference_tcate_rmse,REF-TCATE-COMMON199,10,0.04146431093787309,0.01860267842458916,0.00588268344013746,0.03855390214327077
wcf_sensitivity_v1_sym,SYM-NL,1000,25,10,cwdb_dr,reference_tcate_rmse,REF-TCATE-INTERIOR,10,0.043499848918428764,0.019345328319265578,0.006117529957263623,0.03997688552314257
wcf_sensitivity_v1_sym,SYM-NL,1000,25,10,cwdb_dr,reference_tcate_rmse,REF-TCATE-K,10,0.041656364175153476,0.0184972785720909,0.0058493530802434315,0.03872885612546314
wcf_sensitivity_v1_sym,SYM-NL,1000,25,10,cwdb_dr,runtime,NONE_OPERATIONAL,10,273.126304329,14.875471797902092,4.704037215097054,274.07115333
wcf_sensitivity_v1_sym,SYM-NL,1000,25,10,cwdb_dr,tail_calibration,LAW-A-K,10,0.031124350677348783,0.004276178326498875,0.0013522463192783597,0.03073424993693709
wcf_sensitivity_v1_sym,SYM-NL,1000,25,10,cwdb_dr,tate_functional_rmse,TATE-COMMON199-grid_mean,10,0.054809063890221735,0.02159464741026104,0.0068288271084681424,0.05042987707003023
wcf_sensitivity_v1_sym,SYM-NL,1000,25,10,cwdb_dr,tate_functional_rmse,TATE-COMMON199-grid_sd,10,0.0010375892983517272,0.0006637354333719172,0.00020989157332141912,0.0011130172554727799
wcf_sensitivity_v1_sym,SYM-NL,1000,25,10,cwdb_dr,tate_functional_rmse,TATE-COMMON199-grid_skewness,10,0.0001982780648581975,0.00014516361983705055,4.590476720798803e-05,0.00015521034126305148
wcf_sensitivity_v1_sym,SYM-NL,1000,25,10,cwdb_dr,tate_functional_rmse,TATE-COMMON199-grid_upper_tail_mean,10,0.05513549540263345,0.021583076945401142,0.006825168206213721,0.0512457037433347
wcf_sensitivity_v1_sym,SYM-NL,1000,25,10,cwdb_dr,tate_functional_rmse,TATE-K-grid_mean,10,0.055219027479103955,0.022079766859968358,0.006982235348300406,0.0512495584672385
wcf_sensitivity_v1_sym,SYM-NL,1000,25,10,cwdb_dr,tate_functional_rmse,TATE-K-grid_sd,10,0.0010859245286768066,0.0007769173354166634,0.0002456828333585658,0.0012010132926279027
wcf_sensitivity_v1_sym,SYM-NL,1000,25,10,cwdb_dr,tate_functional_rmse,TATE-K-grid_skewness,10,0.00020349559878982977,0.0001561001405204092,4.9363198711683476e-05,0.00013980537327061026
wcf_sensitivity_v1_sym,SYM-NL,1000,25,10,cwdb_dr,tate_functional_rmse,TATE-K-grid_upper_tail_mean,10,0.055582876467648965,0.02215265593323542,0.007005284897106686,0.05206997903274062
wcf_sensitivity_v1_sym,SYM-NL,1000,25,10,cwdb_dr,tcate_functional_rmse,TCATE-COMMON199-grid_mean,10,0.06484569871059874,0.02739927602366168,0.008664411847441243,0.0586140970054062
wcf_sensitivity_v1_sym,SYM-NL,1000,25,10,cwdb_dr,tcate_functional_rmse,TCATE-COMMON199-grid_sd,10,0.003311650496508573,0.0014183269749380085,0.0004485143707660661,0.003521021919847246
wcf_sensitivity_v1_sym,SYM-NL,1000,25,10,cwdb_dr,tcate_functional_rmse,TCATE-COMMON199-grid_skewness,10,0.0008099399111582235,0.00041554578203381056,0.00013140711433027178,0.0006761354243456131
wcf_sensitivity_v1_sym,SYM-NL,1000,25,10,cwdb_dr,tcate_functional_rmse,TCATE-COMMON199-grid_upper_tail_mean,10,0.06480945837575645,0.02741642401579703,0.008669834518685878,0.05881553265054812
wcf_sensitivity_v1_sym,SYM-NL,1000,25,10,cwdb_dr,tcate_functional_rmse,TCATE-K-grid_mean,10,0.06484570092064999,0.027399270751988385,0.008664410180391774,0.05861409892072609
wcf_sensitivity_v1_sym,SYM-NL,1000,25,10,cwdb_dr,tcate_functional_rmse,TCATE-K-grid_sd,10,0.003327724057108894,0.0014219244084299734,0.0004496519791226243,0.0035521724537842785
wcf_sensitivity_v1_sym,SYM-NL,1000,25,10,cwdb_dr,tcate_functional_rmse,TCATE-K-grid_skewness,10,0.0008587727635478685,0.00044134033826020633,0.00013956406922114063,0.0007322149670717355
wcf_sensitivity_v1_sym,SYM-NL,1000,25,10,cwdb_dr,tcate_functional_rmse,TCATE-K-grid_upper_tail_mean,10,0.06480570845829249,0.027422595513354683,0.008671786117571514,0.0588055337527833
wcf_sensitivity_v1_sym,SYM-NL,1000,25,10,drf,arm_energy_risk,LAW-A-M-K,10,0.07797008459605688,0.0038134747236113413,0.0012059265926092928,0.07788055475910138
wcf_sensitivity_v1_sym,SYM-NL,1000,25,10,drf,barycenter_rmse,MEANQ-A-K,10,0.27539915275565646,0.0058972119260349365,0.001864862153097882,0.2753584787846779
wcf_sensitivity_v1_sym,SYM-NL,1000,25,10,drf,diagnostic_effective_support,NONE_OPERATIONAL,10,192.5252230028297,2.219919670998644,0.7020002382967351,192.3445035158836
wcf_sensitivity_v1_sym,SYM-NL,1000,25,10,drf,kernel_law_error,LAW-A-COMMON199,10,0.07263107439827485,0.0035142456395576686,0.0011113020478317353,0.07408320523397559
wcf_sensitivity_v1_sym,SYM-NL,1000,25,10,drf,kernel_law_error,LAW-A-INTERIOR,10,0.06241506656257638,0.0035735286747570778,0.001130048989615542,0.06372331665382923
wcf_sensitivity_v1_sym,SYM-NL,1000,25,10,drf,kernel_law_error,LAW-A-K,10,0.06305818297561007,0.0035641281306713515,0.00112707627655997,0.06438622831974178
wcf_sensitivity_v1_sym,SYM-NL,1000,25,10,drf,mean_quantile_rmse,MEANQ-A-COMMON199,10,0.22281446372883495,0.015423732482464071,0.0048774124665709505,0.2205852109425428
wcf_sensitivity_v1_sym,SYM-NL,1000,25,10,drf,mean_quantile_rmse,MEANQ-A-INTERIOR,10,0.2227697275787044,0.01542487491806149,0.004877773736427741,0.2205401022122463
wcf_sensitivity_v1_sym,SYM-NL,1000,25,10,drf,mean_quantile_rmse,MEANQ-A-K,10,0.22281505760787942,0.015423717398976744,0.0048774076967534495,0.22058580976807873
wcf_sensitivity_v1_sym,SYM-NL,1000,25,10,drf,mode_coverage,LAW-A-K,10,1.0,0.0,0.0,1.0
wcf_sensitivity_v1_sym,SYM-NL,1000,25,10,drf,peak_ram,NONE_OPERATIONAL,10,482.66999999999996,3.189932078691752,1.0087450949901406,482.95
wcf_sensitivity_v1_sym,SYM-NL,1000,25,10,drf,process_peak_ram,NONE_OPERATIONAL,10,662.3078125,40.333931607940144,12.754709087054838,669.51171875
wcf_sensitivity_v1_sym,SYM-NL,1000,25,10,drf,reference_effect_rmse,REF-ATE-COMMON199,10,0.030452342627864438,0.022208413783808986,0.007022917077631466,0.031272928112183546
wcf_sensitivity_v1_sym,SYM-NL,1000,25,10,drf,reference_effect_rmse,REF-ATE-K,10,0.03035778559252437,0.022304704705217487,0.007053366940596179,0.03095233092532455
wcf_sensitivity_v1_sym,SYM-NL,1000,25,10,drf,reference_tcate_rmse,REF-TCATE-COMMON199,10,0.07346394625826633,0.020826431754040035,0.006585895987682215,0.07236663885003447
wcf_sensitivity_v1_sym,SYM-NL,1000,25,10,drf,reference_tcate_rmse,REF-TCATE-INTERIOR,10,0.07641937423395748,0.021249376285752745,0.0067196427920947635,0.07514064719703567
wcf_sensitivity_v1_sym,SYM-NL,1000,25,10,drf,reference_tcate_rmse,REF-TCATE-K,10,0.07364319258183331,0.020910162955314185,0.006612374118407046,0.07258930444899331
wcf_sensitivity_v1_sym,SYM-NL,1000,25,10,drf,runtime,NONE_OPERATIONAL,10,40.0629,1.5039353155416406,0.4755861050675612,39.954499999999996
wcf_sensitivity_v1_sym,SYM-NL,1000,25,10,drf,tail_calibration,LAW-A-K,10,0.044193787403014766,0.003942431517461382,0.0012467063114411851,0.04395969532388232
wcf_sensitivity_v1_sym,SYM-NL,1000,25,10,drf,tate_functional_rmse,TATE-COMMON199-grid_mean,10,0.179312522803192,0.01734318353291006,0.005484396184232159,0.17244945998677275
wcf_sensitivity_v1_sym,SYM-NL,1000,25,10,drf,tate_functional_rmse,TATE-COMMON199-grid_sd,10,0.001997920850015872,0.001524706882197666,0.000482154651187866,0.0017881176873334329
wcf_sensitivity_v1_sym,SYM-NL,1000,25,10,drf,tate_functional_rmse,TATE-COMMON199-grid_skewness,10,3.308095415758189e-17,1.666008726246662e-17,5.268382176655396e-18,2.909674915564941e-17
wcf_sensitivity_v1_sym,SYM-NL,1000,25,10,drf,tate_functional_rmse,TATE-COMMON199-grid_upper_tail_mean,10,0.17810529015303167,0.01772772044059136,0.00560599743149924,0.1717118282566652
wcf_sensitivity_v1_sym,SYM-NL,1000,25,10,drf,tate_functional_rmse,TATE-K-grid_mean,10,0.179312522803192,0.017343183532910058,0.005484396184232158,0.17244945998677275
wcf_sensitivity_v1_sym,SYM-NL,1000,25,10,drf,tate_functional_rmse,TATE-K-grid_sd,10,0.002004993425498492,0.0015301042954701425,0.00048386146312929087,0.001794447566375095
wcf_sensitivity_v1_sym,SYM-NL,1000,25,10,drf,tate_functional_rmse,TATE-K-grid_skewness,10,1.0515040732481835e-17,7.748643243029968e-18,2.450336142404833e-18,9.286933602502059e-18
wcf_sensitivity_v1_sym,SYM-NL,1000,25,10,drf,tate_functional_rmse,TATE-K-grid_upper_tail_mean,10,0.1781458595486179,0.017712385431248447,0.0056011480757528825,0.17173661658015182
wcf_sensitivity_v1_sym,SYM-NL,1000,25,10,drf,tcate_functional_rmse,TCATE-COMMON199-grid_mean,10,0.18227766401103784,0.018022206516066796,0.005699122105269902,0.1744852503562192
wcf_sensitivity_v1_sym,SYM-NL,1000,25,10,drf,tcate_functional_rmse,TCATE-COMMON199-grid_sd,10,0.0030592973873641363,0.0011394625162046415,0.00036032968595931875,0.0031937886280741477
wcf_sensitivity_v1_sym,SYM-NL,1000,25,10,drf,tcate_functional_rmse,TCATE-COMMON199-grid_skewness,10,4.3461302740550623e-17,1.4275071790153327e-17,4.51417406193017e-18,4.874628106862171e-17
wcf_sensitivity_v1_sym,SYM-NL,1000,25,10,drf,tcate_functional_rmse,TCATE-COMMON199-grid_upper_tail_mean,10,0.18114237807660447,0.018337199826471168,0.005798731736129326,0.17358665836671386
wcf_sensitivity_v1_sym,SYM-NL,1000,25,10,drf,tcate_functional_rmse,TCATE-K-grid_mean,10,0.18227766401103782,0.018022206516066796,0.005699122105269902,0.17448525035621917
wcf_sensitivity_v1_sym,SYM-NL,1000,25,10,drf,tcate_functional_rmse,TCATE-K-grid_sd,10,0.0030701272016161697,0.0011434961768250927,0.0003616052414461941,0.0032050945369881
wcf_sensitivity_v1_sym,SYM-NL,1000,25,10,drf,tcate_functional_rmse,TCATE-K-grid_skewness,10,1.549457507498163e-17,6.261122012562845e-18,1.9799406267915965e-18,1.3374586200749388e-17
wcf_sensitivity_v1_sym,SYM-NL,1000,25,10,drf,tcate_functional_rmse,TCATE-K-grid_upper_tail_mean,10,0.18118024492561513,0.018324354383308098,0.005794669650334371,0.173616665443368
wcf_sensitivity_v1_sym,SYM-RANDOM,500,25,10,causal_drf,arm_energy_risk,LAW-A-M-K,10,0.0735187661128062,0.004181162331194251,0.0013221996233473122,0.07167707306373383
wcf_sensitivity_v1_sym,SYM-RANDOM,500,25,10,causal_drf,barycenter_rmse,MEANQ-A-K,10,0.26241634474961834,0.005082693763813844,0.0016072888942785654,0.2627209931883795
wcf_sensitivity_v1_sym,SYM-RANDOM,500,25,10,causal_drf,diagnostic_effective_support,NONE_OPERATIONAL,10,94.24917441863504,2.7142692039477,0.8583272867326821,94.36342653943021
wcf_sensitivity_v1_sym,SYM-RANDOM,500,25,10,causal_drf,kernel_law_error,LAW-A-COMMON199,10,0.06792637663617859,0.004110387368963652,0.0012998186151512037,0.06647156046794232
wcf_sensitivity_v1_sym,SYM-RANDOM,500,25,10,causal_drf,kernel_law_error,LAW-A-INTERIOR,10,0.0578600143966405,0.004092631024210212,0.0012942035659171986,0.05626859440909163
wcf_sensitivity_v1_sym,SYM-RANDOM,500,25,10,causal_drf,kernel_law_error,LAW-A-K,10,0.05840002649276492,0.00408298652871596,0.0012911537086526918,0.056884624107721736
wcf_sensitivity_v1_sym,SYM-RANDOM,500,25,10,causal_drf,mean_quantile_rmse,MEANQ-A-COMMON199,10,0.1016219807492206,0.010463773461319912,0.003308935705779471,0.09778342773021043
wcf_sensitivity_v1_sym,SYM-RANDOM,500,25,10,causal_drf,mean_quantile_rmse,MEANQ-A-INTERIOR,10,0.1015397400109583,0.010472392667296264,0.003311661338030212,0.09766212615257779
wcf_sensitivity_v1_sym,SYM-RANDOM,500,25,10,causal_drf,mean_quantile_rmse,MEANQ-A-K,10,0.10162307209421924,0.01046365990905223,0.003308899797399536,0.09778503705543848
wcf_sensitivity_v1_sym,SYM-RANDOM,500,25,10,causal_drf,mode_coverage,LAW-A-K,10,1.0,0.0,0.0,1.0
wcf_sensitivity_v1_sym,SYM-RANDOM,500,25,10,causal_drf,peak_ram,NONE_OPERATIONAL,10,304.30741,0.35020427197724235,0.11074431457691646,304.1914
wcf_sensitivity_v1_sym,SYM-RANDOM,500,25,10,causal_drf,process_peak_ram,NONE_OPERATIONAL,10,651.74296875,44.187949365336,13.973456512665354,629.5859375
wcf_sensitivity_v1_sym,SYM-RANDOM,500,25,10,causal_drf,reference_effect_rmse,REF-ATE-COMMON199,10,0.016821384869243543,0.011323048699416183,0.0035806623947162415,0.01705681928875566
wcf_sensitivity_v1_sym,SYM-RANDOM,500,25,10,causal_drf,reference_effect_rmse,REF-ATE-K,10,0.01677526183302503,0.011376554920046307,0.0035975825473341097,0.01707998347914222
wcf_sensitivity_v1_sym,SYM-RANDOM,500,25,10,causal_drf,reference_tcate_rmse,REF-TCATE-COMMON199,10,0.04214828941379377,0.01404290217477376,0.0044407555831217005,0.037180932554679316
wcf_sensitivity_v1_sym,SYM-RANDOM,500,25,10,causal_drf,reference_tcate_rmse,REF-TCATE-INTERIOR,10,0.04377265299775225,0.014449951712862978,0.00456947594920984,0.038570513305324156
wcf_sensitivity_v1_sym,SYM-RANDOM,500,25,10,causal_drf,reference_tcate_rmse,REF-TCATE-K,10,0.04223417775682562,0.014090106405683447,0.004455682871608814,0.037252931247262824
wcf_sensitivity_v1_sym,SYM-RANDOM,500,25,10,causal_drf,runtime,NONE_OPERATIONAL,10,23.363599999999998,2.233127711927326,0.7061769875730711,24.032
wcf_sensitivity_v1_sym,SYM-RANDOM,500,25,10,causal_drf,tail_calibration,LAW-A-K,10,0.047465005601855494,0.004870683805065357,0.0015402454586502096,0.047975278599434804
wcf_sensitivity_v1_sym,SYM-RANDOM,500,25,10,causal_drf,tate_functional_rmse,TATE-COMMON199-grid_mean,10,0.03171969485336146,0.0192263254733257,0.00607989795314241,0.03154006298174744
wcf_sensitivity_v1_sym,SYM-RANDOM,500,25,10,causal_drf,tate_functional_rmse,TATE-COMMON199-grid_sd,10,0.003056895126657975,0.0015571441873715923,0.0004924122277386231,0.002903942697303487
wcf_sensitivity_v1_sym,SYM-RANDOM,500,25,10,causal_drf,tate_functional_rmse,TATE-COMMON199-grid_skewness,10,4.127196316900341e-17,3.1714540354735204e-17,1.0029018246628768e-17,2.930861168507835e-17
wcf_sensitivity_v1_sym,SYM-RANDOM,500,25,10,causal_drf,tate_functional_rmse,TATE-COMMON199-grid_upper_tail_mean,10,0.0323196685095776,0.018611686155716532,0.005885531934828749,0.029217676833935308
wcf_sensitivity_v1_sym,SYM-RANDOM,500,25,10,causal_drf,tate_functional_rmse,TATE-K-grid_mean,10,0.03171969485336146,0.01922632547332571,0.006079897953142413,0.03154006298174744
wcf_sensitivity_v1_sym,SYM-RANDOM,500,25,10,causal_drf,tate_functional_rmse,TATE-K-grid_sd,10,0.0030677164369844476,0.0015626564276600033,0.0004941553511707753,0.0029142225609545824
wcf_sensitivity_v1_sym,SYM-RANDOM,500,25,10,causal_drf,tate_functional_rmse,TATE-K-grid_skewness,10,1.75926624098314e-17,8.954285188018906e-18,2.83159360128488e-18,1.5889451297856763e-17
wcf_sensitivity_v1_sym,SYM-RANDOM,500,25,10,causal_drf,tate_functional_rmse,TATE-K-grid_upper_tail_mean,10,0.032299506224704774,0.018625754483845347,0.005889980730804516,0.02929572127907351
wcf_sensitivity_v1_sym,SYM-RANDOM,500,25,10,causal_drf,tcate_functional_rmse,TCATE-COMMON199-grid_mean,10,0.04518951791312722,0.013841275945163552,0.004376995770961667,0.04158044512390358
wcf_sensitivity_v1_sym,SYM-RANDOM,500,25,10,causal_drf,tcate_functional_rmse,TCATE-COMMON199-grid_sd,10,0.004237178371895649,0.0015791101820619754,0.0004993584851679006,0.003957778532562961
wcf_sensitivity_v1_sym,SYM-RANDOM,500,25,10,causal_drf,tcate_functional_rmse,TCATE-COMMON199-grid_skewness,10,5.749359390904801e-17,3.154318875518808e-17,9.974832113100569e-18,5.712530136495742e-17
wcf_sensitivity_v1_sym,SYM-RANDOM,500,25,10,causal_drf,tcate_functional_rmse,TCATE-COMMON199-grid_upper_tail_mean,10,0.044780352954214384,0.014764367053725908,0.004668902810052347,0.04001901091961656
wcf_sensitivity_v1_sym,SYM-RANDOM,500,25,10,causal_drf,tcate_functional_rmse,TCATE-K-grid_mean,10,0.04518951791312723,0.013841275945163545,0.004376995770961664,0.04158044512390362
wcf_sensitivity_v1_sym,SYM-RANDOM,500,25,10,causal_drf,tcate_functional_rmse,TCATE-K-grid_sd,10,0.004252177846909058,0.0015847001812643558,0.0005011261981277054,0.003971788941140884
wcf_sensitivity_v1_sym,SYM-RANDOM,500,25,10,causal_drf,tcate_functional_rmse,TCATE-K-grid_skewness,10,2.4954331138140362e-17,6.929478090101777e-18,2.1912933760955094e-18,2.698472949609293e-17
wcf_sensitivity_v1_sym,SYM-RANDOM,500,25,10,causal_drf,tcate_functional_rmse,TCATE-K-grid_upper_tail_mean,10,0.04478984909499133,0.014732764710581832,0.004658909271678998,0.040033811279214876
wcf_sensitivity_v1_sym,SYM-RANDOM,500,25,10,cwdb_dr,arm_energy_risk,LAW-A-M-K,10,0.05719476957365562,0.00444044706153762,0.0014041926543860738,0.056045643288423
wcf_sensitivity_v1_sym,SYM-RANDOM,500,25,10,cwdb_dr,barycenter_rmse,MEANQ-A-K,10,0.18023827618213073,0.010331995922124288,0.003267263988948443,0.1759616668343055
wcf_sensitivity_v1_sym,SYM-RANDOM,500,25,10,cwdb_dr,diagnostic_dense_dr_n_levels,NONE_OPERATIONAL,10,199.0,0.0,0.0,199.0
wcf_sensitivity_v1_sym,SYM-RANDOM,500,25,10,cwdb_dr,diagnostic_dr_if_se_reference,NONE_OPERATIONAL,10,0.023842973387339185,0.0007533067830436048,0.00023821652112720993,0.024071795338521284
wcf_sensitivity_v1_sym,SYM-RANDOM,500,25,10,cwdb_dr,diagnostic_effective_support,NONE_OPERATIONAL,10,9.999999999999998,0.0,0.0,9.999999999999998
wcf_sensitivity_v1_sym,SYM-RANDOM,500,25,10,cwdb_dr,diagnostic_ehat_mean,NONE_OPERATIONAL,10,0.49811385627168797,0.01359111069491258,0.004297886572739759,0.4992901381164818
wcf_sensitivity_v1_sym,SYM-RANDOM,500,25,10,cwdb_dr,diagnostic_n_boosting_steps,NONE_OPERATIONAL,10,100.0,0.0,0.0,100.0
wcf_sensitivity_v1_sym,SYM-RANDOM,500,25,10,cwdb_dr,diagnostic_selected_contrast_shrinkage,NONE_OPERATIONAL,10,20.0,25.81988897471611,8.164965809277259,0.0
wcf_sensitivity_v1_sym,SYM-RANDOM,500,25,10,cwdb_dr,diagnostic_train_risk,NONE_OPERATIONAL,10,0.03467942970024081,0.0028459879215829475,0.0008999804025530792,0.033993457239032715
wcf_sensitivity_v1_sym,SYM-RANDOM,500,25,10,cwdb_dr,kernel_law_error,LAW-A-COMMON199,10,0.03907366841063324,0.003849765938123632,0.0012174028823005523,0.03955459479114523
wcf_sensitivity_v1_sym,SYM-RANDOM,500,25,10,cwdb_dr,kernel_law_error,LAW-A-INTERIOR,10,0.028504840936950153,0.003952382383465884,0.0012498530515677217,0.02850096943780154
wcf_sensitivity_v1_sym,SYM-RANDOM,500,25,10,cwdb_dr,kernel_law_error,LAW-A-K,10,0.02889968663963196,0.003911971454888141,0.0012370739939009162,0.028979414660136208
wcf_sensitivity_v1_sym,SYM-RANDOM,500,25,10,cwdb_dr,mean_quantile_rmse,MEANQ-A-COMMON199,10,0.1322193571532672,0.020456406857763565,0.006468883841362095,0.13748404280498794
wcf_sensitivity_v1_sym,SYM-RANDOM,500,25,10,cwdb_dr,mean_quantile_rmse,MEANQ-A-INTERIOR,10,0.1307854324581018,0.019513597978445384,0.006170741495674468,0.13486921765572313
wcf_sensitivity_v1_sym,SYM-RANDOM,500,25,10,cwdb_dr,mean_quantile_rmse,MEANQ-A-K,10,0.13235027635732344,0.020548699522277867,0.006498069344481194,0.13771632194386219
wcf_sensitivity_v1_sym,SYM-RANDOM,500,25,10,cwdb_dr,mode_coverage,LAW-A-K,10,1.0,0.0,0.0,1.0
wcf_sensitivity_v1_sym,SYM-RANDOM,500,25,10,cwdb_dr,peak_ram,NONE_OPERATIONAL,10,0.0,0.0,0.0,0.0
wcf_sensitivity_v1_sym,SYM-RANDOM,500,25,10,cwdb_dr,process_peak_ram,NONE_OPERATIONAL,10,857.53515625,53.58289871316415,16.944400356770398,828.6953125
wcf_sensitivity_v1_sym,SYM-RANDOM,500,25,10,cwdb_dr,reference_effect_rmse,REF-ATE-COMMON199,10,0.011932707488409858,0.009610229092344548,0.0030390212767821404,0.010483006321335905
wcf_sensitivity_v1_sym,SYM-RANDOM,500,25,10,cwdb_dr,reference_effect_rmse,REF-ATE-K,10,0.015715847394025078,0.007921550457450853,0.0025050142045493435,0.018484784465256747
wcf_sensitivity_v1_sym,SYM-RANDOM,500,25,10,cwdb_dr,reference_tcate_rmse,REF-TCATE-COMMON199,10,0.044087438402405116,0.012602834962270309,0.00398536634559764,0.044210031131572625
wcf_sensitivity_v1_sym,SYM-RANDOM,500,25,10,cwdb_dr,reference_tcate_rmse,REF-TCATE-INTERIOR,10,0.045492175471923815,0.013037371202977101,0.004122778770249703,0.04502990956626862
wcf_sensitivity_v1_sym,SYM-RANDOM,500,25,10,cwdb_dr,reference_tcate_rmse,REF-TCATE-K,10,0.04442763699415645,0.012551003043683074,0.003968975653774432,0.04435375315205227
wcf_sensitivity_v1_sym,SYM-RANDOM,500,25,10,cwdb_dr,runtime,NONE_OPERATIONAL,10,182.1006796694006,25.808980098498814,8.161516119721309,178.51227927199943
wcf_sensitivity_v1_sym,SYM-RANDOM,500,25,10,cwdb_dr,tail_calibration,LAW-A-K,10,0.036791869531156825,0.005346669137106662,0.0016907652368584143,0.03776344074717285
wcf_sensitivity_v1_sym,SYM-RANDOM,500,25,10,cwdb_dr,tate_functional_rmse,TATE-COMMON199-grid_mean,10,0.017212212619221352,0.013571304802623467,0.004291623399667203,0.015550080282701342
wcf_sensitivity_v1_sym,SYM-RANDOM,500,25,10,cwdb_dr,tate_functional_rmse,TATE-COMMON199-grid_sd,10,0.002619905936872064,0.0014538046083844198,0.00045973338353438897,0.0026112749842511253
wcf_sensitivity_v1_sym,SYM-RANDOM,500,25,10,cwdb_dr,tate_functional_rmse,TATE-COMMON199-grid_skewness,10,0.00039574903034041934,0.0003258716916772437,0.00010304967706722255,0.00029272659113929847
wcf_sensitivity_v1_sym,SYM-RANDOM,500,25,10,cwdb_dr,tate_functional_rmse,TATE-COMMON199-grid_upper_tail_mean,10,0.018550368795619297,0.01222947390404164,0.0038672992122363047,0.016910598681446523
wcf_sensitivity_v1_sym,SYM-RANDOM,500,25,10,cwdb_dr,tate_functional_rmse,TATE-K-grid_mean,10,0.017469593330058587,0.01540465153060949,0.004871378539792502,0.0165718545046208
wcf_sensitivity_v1_sym,SYM-RANDOM,500,25,10,cwdb_dr,tate_functional_rmse,TATE-K-grid_sd,10,0.002699756286453479,0.0015255047786632166,0.0004824069682046798,0.0025363226493391304
wcf_sensitivity_v1_sym,SYM-RANDOM,500,25,10,cwdb_dr,tate_functional_rmse,TATE-K-grid_skewness,10,0.00042709899166888134,0.00035018929584233695,0.00011073957870723176,0.00036208254873982507
wcf_sensitivity_v1_sym,SYM-RANDOM,500,25,10,cwdb_dr,tate_functional_rmse,TATE-K-grid_upper_tail_mean,10,0.01881272623036294,0.013859386819628734,0.004382722932334403,0.018234713855531742
wcf_sensitivity_v1_sym,SYM-RANDOM,500,25,10,cwdb_dr,tcate_functional_rmse,TCATE-COMMON199-grid_mean,10,0.05342255074997665,0.02138724434391653,0.006763240500132977,0.05587154011196098
wcf_sensitivity_v1_sym,SYM-RANDOM,500,25,10,cwdb_dr,tcate_functional_rmse,TCATE-COMMON199-grid_sd,10,0.005434848701034887,0.001708244166446467,0.0005401942365666617,0.005597424876012894
wcf_sensitivity_v1_sym,SYM-RANDOM,500,25,10,cwdb_dr,tcate_functional_rmse,TCATE-COMMON199-grid_skewness,10,0.0016244174505328061,0.0007039959936313796,0.0002226230803508552,0.0017505275698479704
wcf_sensitivity_v1_sym,SYM-RANDOM,500,25,10,cwdb_dr,tcate_functional_rmse,TCATE-COMMON199-grid_upper_tail_mean,10,0.05398588493681535,0.02148497309354625,0.006794145044304002,0.055649831338147555
wcf_sensitivity_v1_sym,SYM-RANDOM,500,25,10,cwdb_dr,tcate_functional_rmse,TCATE-K-grid_mean,10,0.053422550958179084,0.021387247739953402,0.00676324157405413,0.055871558783857064
wcf_sensitivity_v1_sym,SYM-RANDOM,500,25,10,cwdb_dr,tcate_functional_rmse,TCATE-K-grid_sd,10,0.00545641011062077,0.00171214904803518,0.0005414290685480207,0.0056219476118558095
wcf_sensitivity_v1_sym,SYM-RANDOM,500,25,10,cwdb_dr,tcate_functional_rmse,TCATE-K-grid_skewness,10,0.0017682217460513142,0.0007963895608775113,0.00025184049171542595,0.002012418471959571
wcf_sensitivity_v1_sym,SYM-RANDOM,500,25,10,cwdb_dr,tcate_functional_rmse,TCATE-K-grid_upper_tail_mean,10,0.05395794890658453,0.0214833508438743,0.006793632043914319,0.05562847036197574
wcf_sensitivity_v1_sym,SYM-RANDOM,500,25,10,drf,arm_energy_risk,LAW-A-M-K,10,0.0810439481361114,0.005400148908662979,0.0017076770255447591,0.07951307840850991
wcf_sensitivity_v1_sym,SYM-RANDOM,500,25,10,drf,barycenter_rmse,MEANQ-A-K,10,0.2785435674540861,0.00662635903517311,0.002095438714518282,0.27941136664372496
wcf_sensitivity_v1_sym,SYM-RANDOM,500,25,10,drf,diagnostic_effective_support,NONE_OPERATIONAL,10,139.79753052881546,1.790908872664883,0.5663351119425496,139.82815087453275
wcf_sensitivity_v1_sym,SYM-RANDOM,500,25,10,drf,kernel_law_error,LAW-A-COMMON199,10,0.07493882689438917,0.005666712859186035,0.001791971948119288,0.07412927353751853
wcf_sensitivity_v1_sym,SYM-RANDOM,500,25,10,drf,kernel_law_error,LAW-A-INTERIOR,10,0.06470191273846256,0.0056606939523764456,0.001790068602665028,0.06371375060735095
wcf_sensitivity_v1_sym,SYM-RANDOM,500,25,10,drf,kernel_law_error,LAW-A-K,10,0.06545763609948384,0.005635754024814094,0.0017821819050873639,0.0645075929007122
wcf_sensitivity_v1_sym,SYM-RANDOM,500,25,10,drf,mean_quantile_rmse,MEANQ-A-COMMON199,10,0.12076601474105671,0.010829761884018987,0.0034246714070776257,0.12152777010973372
wcf_sensitivity_v1_sym,SYM-RANDOM,500,25,10,drf,mean_quantile_rmse,MEANQ-A-INTERIOR,10,0.12071932434814854,0.010841466861900583,0.0034283728460843994,0.12148259370349612
wcf_sensitivity_v1_sym,SYM-RANDOM,500,25,10,drf,mean_quantile_rmse,MEANQ-A-K,10,0.12076663441466558,0.010829607579037505,0.003424622611558047,0.12152836970316516
wcf_sensitivity_v1_sym,SYM-RANDOM,500,25,10,drf,mode_coverage,LAW-A-K,10,1.0,0.0,0.0,1.0
wcf_sensitivity_v1_sym,SYM-RANDOM,500,25,10,drf,peak_ram,NONE_OPERATIONAL,10,374.41999999999996,3.8507719283858393,1.217721004353805,373.4
wcf_sensitivity_v1_sym,SYM-RANDOM,500,25,10,drf,process_peak_ram,NONE_OPERATIONAL,10,651.74296875,44.187949365336,13.973456512665354,629.5859375
wcf_sensitivity_v1_sym,SYM-RANDOM,500,25,10,drf,reference_effect_rmse,REF-ATE-COMMON199,10,0.01692135883527901,0.009380442076475997,0.0029663562420943527,0.017590090296570868
wcf_sensitivity_v1_sym,SYM-RANDOM,500,25,10,drf,reference_effect_rmse,REF-ATE-K,10,0.016925252023266512,0.009322126500070416,0.0029479152376436315,0.017638253318315564
wcf_sensitivity_v1_sym,SYM-RANDOM,500,25,10,drf,reference_tcate_rmse,REF-TCATE-COMMON199,10,0.04160701729062522,0.013519830040694071,0.004275345650696021,0.03994215701292944
wcf_sensitivity_v1_sym,SYM-RANDOM,500,25,10,drf,reference_tcate_rmse,REF-TCATE-INTERIOR,10,0.04312832363457999,0.014089005638741851,0.004455334778537968,0.041573616441252514
wcf_sensitivity_v1_sym,SYM-RANDOM,500,25,10,drf,reference_tcate_rmse,REF-TCATE-K,10,0.041709883521391725,0.013530652076304722,0.004278767878840932,0.03997437457163534
wcf_sensitivity_v1_sym,SYM-RANDOM,500,25,10,drf,runtime,NONE_OPERATIONAL,10,21.5649,1.694160523025424,0.5357405974702475,22.277
wcf_sensitivity_v1_sym,SYM-RANDOM,500,25,10,drf,tail_calibration,LAW-A-K,10,0.04976001259216996,0.004319928690792444,0.0013660813992413378,0.05082641146644363
wcf_sensitivity_v1_sym,SYM-RANDOM,500,25,10,drf,tate_functional_rmse,TATE-COMMON199-grid_mean,10,0.028506616320537942,0.01853168359997197,0.005860232905350009,0.0312718194088705
wcf_sensitivity_v1_sym,SYM-RANDOM,500,25,10,drf,tate_functional_rmse,TATE-COMMON199-grid_sd,10,0.002879274904806119,0.00173694382452665,0.000549269865326805,0.0029315789863508094
wcf_sensitivity_v1_sym,SYM-RANDOM,500,25,10,drf,tate_functional_rmse,TATE-COMMON199-grid_skewness,10,3.7108624000289137e-17,3.4718505834187544e-17,1.0978955539387681e-17,2.003127244764385e-17
wcf_sensitivity_v1_sym,SYM-RANDOM,500,25,10,drf,tate_functional_rmse,TATE-COMMON199-grid_upper_tail_mean,10,0.029112724325975163,0.017866186404094892,0.00564978421380733,0.02880660707654789
wcf_sensitivity_v1_sym,SYM-RANDOM,500,25,10,drf,tate_functional_rmse,TATE-K-grid_mean,10,0.02850661632053795,0.018531683599971985,0.005860232905350014,0.03127181940887053
wcf_sensitivity_v1_sym,SYM-RANDOM,500,25,10,drf,tate_functional_rmse,TATE-K-grid_sd,10,0.0028894674452660104,0.0017430925497416336,0.0005512142629653907,0.002941956681575375
wcf_sensitivity_v1_sym,SYM-RANDOM,500,25,10,drf,tate_functional_rmse,TATE-K-grid_skewness,10,1.6061180802940248e-17,8.944550757217937e-18,2.828515303979244e-18,1.4240396438799785e-17
wcf_sensitivity_v1_sym,SYM-RANDOM,500,25,10,drf,tate_functional_rmse,TATE-K-grid_upper_tail_mean,10,0.029092355894557016,0.017882098731043412,0.00565481613341039,0.028889451236122868
wcf_sensitivity_v1_sym,SYM-RANDOM,500,25,10,drf,tcate_functional_rmse,TCATE-COMMON199-grid_mean,10,0.04920426820273264,0.01585000395088382,0.005012211340746045,0.04882906727999077
wcf_sensitivity_v1_sym,SYM-RANDOM,500,25,10,drf,tcate_functional_rmse,TCATE-COMMON199-grid_sd,10,0.003957522448076909,0.002020979274794386,0.0006390897612345578,0.003862612032674381
wcf_sensitivity_v1_sym,SYM-RANDOM,500,25,10,drf,tcate_functional_rmse,TCATE-COMMON199-grid_skewness,10,5.818773673398939e-17,3.0044752410702386e-17,9.500984935365421e-18,4.953641634789578e-17
wcf_sensitivity_v1_sym,SYM-RANDOM,500,25,10,drf,tcate_functional_rmse,TCATE-COMMON199-grid_upper_tail_mean,10,0.04890885058045393,0.01639473721939228,0.005184471125321526,0.04932223673970805
wcf_sensitivity_v1_sym,SYM-RANDOM,500,25,10,drf,tcate_functional_rmse,TCATE-K-grid_mean,10,0.049204268202732646,0.01585000395088383,0.0050122113407460485,0.04882906727999077
wcf_sensitivity_v1_sym,SYM-RANDOM,500,25,10,drf,tcate_functional_rmse,TCATE-K-grid_sd,10,0.003971531950123978,0.0020281334763583223,0.0006413521184127556,0.0038762855549066954
wcf_sensitivity_v1_sym,SYM-RANDOM,500,25,10,drf,tcate_functional_rmse,TCATE-K-grid_skewness,10,2.4139386047404088e-17,6.58795397605582e-18,2.083293968469877e-18,2.50492162159918e-17
wcf_sensitivity_v1_sym,SYM-RANDOM,500,25,10,drf,tcate_functional_rmse,TCATE-K-grid_upper_tail_mean,10,0.048915230343499025,0.01637473255140323,0.00517814509385344,0.049303981100477956
wcf_sensitivity_v1_sym,SYM-RANDOM,1000,25,10,causal_drf,arm_energy_risk,LAW-A-M-K,10,0.062494806020204796,0.003799120412580744,0.0012013873608993763,0.06191680881561783
wcf_sensitivity_v1_sym,SYM-RANDOM,1000,25,10,causal_drf,barycenter_rmse,MEANQ-A-K,10,0.2325732835667799,0.005215246310847147,0.0016492056901067488,0.23089011553699307
wcf_sensitivity_v1_sym,SYM-RANDOM,1000,25,10,causal_drf,diagnostic_effective_support,NONE_OPERATIONAL,10,128.91909355389146,1.537285728354292,0.4861324316070453,129.07503928512392
wcf_sensitivity_v1_sym,SYM-RANDOM,1000,25,10,causal_drf,kernel_law_error,LAW-A-COMMON199,10,0.05777120245748989,0.0036569069691360276,0.0011564155213812917,0.05753755034856643
wcf_sensitivity_v1_sym,SYM-RANDOM,1000,25,10,causal_drf,kernel_law_error,LAW-A-INTERIOR,10,0.04767053910693857,0.0036754794804980616,0.00116228866515863,0.047148396589462835
wcf_sensitivity_v1_sym,SYM-RANDOM,1000,25,10,causal_drf,kernel_law_error,LAW-A-K,10,0.048143642433458145,0.0036526800851252018,0.0011550788632933358,0.04768535803567491
wcf_sensitivity_v1_sym,SYM-RANDOM,1000,25,10,causal_drf,mean_quantile_rmse,MEANQ-A-COMMON199,10,0.08250648629654951,0.006128319756211624,0.0019379448659436545,0.08251169189676916
wcf_sensitivity_v1_sym,SYM-RANDOM,1000,25,10,causal_drf,mean_quantile_rmse,MEANQ-A-INTERIOR,10,0.0824270000391973,0.006129503607556031,0.0019383192326095926,0.08242923298434879
wcf_sensitivity_v1_sym,SYM-RANDOM,1000,25,10,causal_drf,mean_quantile_rmse,MEANQ-A-K,10,0.08250754092716847,0.006128306474211923,0.001937940665806561,0.08251278597837453
wcf_sensitivity_v1_sym,SYM-RANDOM,1000,25,10,causal_drf,mode_coverage,LAW-A-K,10,1.0,0.0,0.0,1.0
wcf_sensitivity_v1_sym,SYM-RANDOM,1000,25,10,causal_drf,peak_ram,NONE_OPERATIONAL,10,379.966,0.6054032283436345,0.19144531043848914,380.06444999999997
wcf_sensitivity_v1_sym,SYM-RANDOM,1000,25,10,causal_drf,process_peak_ram,NONE_OPERATIONAL,10,650.087890625,36.761189793576236,11.624908924543597,649.548828125
wcf_sensitivity_v1_sym,SYM-RANDOM,1000,25,10,causal_drf,reference_effect_rmse,REF-ATE-COMMON199,10,0.010743207807735822,0.007257815043236446,0.002295122637286061,0.00914313382319792
wcf_sensitivity_v1_sym,SYM-RANDOM,1000,25,10,causal_drf,reference_effect_rmse,REF-ATE-K,10,0.010913058853361312,0.007314754633284131,0.0023131285166447554,0.009191250388983926
wcf_sensitivity_v1_sym,SYM-RANDOM,1000,25,10,causal_drf,reference_tcate_rmse,REF-TCATE-COMMON199,10,0.03119723445421201,0.009902949284546618,0.0031315875292302203,0.03155708727847687
wcf_sensitivity_v1_sym,SYM-RANDOM,1000,25,10,causal_drf,reference_tcate_rmse,REF-TCATE-INTERIOR,10,0.03272155413554011,0.01024875427529416,0.0032409406689317887,0.03287141911168543
wcf_sensitivity_v1_sym,SYM-RANDOM,1000,25,10,causal_drf,reference_tcate_rmse,REF-TCATE-K,10,0.03127603747203881,0.009964538650383879,0.0031510637967993313,0.03166208452256198
wcf_sensitivity_v1_sym,SYM-RANDOM,1000,25,10,causal_drf,runtime,NONE_OPERATIONAL,10,49.5582,1.528961652015293,0.48350012754221006,49.954
wcf_sensitivity_v1_sym,SYM-RANDOM,1000,25,10,causal_drf,tail_calibration,LAW-A-K,10,0.04408917376892813,0.00480453394198892,0.001519327035227228,0.04481654614625542
wcf_sensitivity_v1_sym,SYM-RANDOM,1000,25,10,causal_drf,tate_functional_rmse,TATE-COMMON199-grid_mean,10,0.015309179869523477,0.015869472914185806,0.005018367967517696,0.008810339771203962
wcf_sensitivity_v1_sym,SYM-RANDOM,1000,25,10,causal_drf,tate_functional_rmse,TATE-COMMON199-grid_sd,10,0.001957379922144827,0.0019911062924678844,0.0006296430947691878,0.0014409125685392148
wcf_sensitivity_v1_sym,SYM-RANDOM,1000,25,10,causal_drf,tate_functional_rmse,TATE-COMMON199-grid_skewness,10,2.2343849908908888e-17,1.9876968500278037e-17,6.2856493440299805e-18,1.5828481975341195e-17
wcf_sensitivity_v1_sym,SYM-RANDOM,1000,25,10,causal_drf,tate_functional_rmse,TATE-COMMON199-grid_upper_tail_mean,10,0.014879129326097354,0.0140569581447717,0.004445200471113349,0.008896230979512379
wcf_sensitivity_v1_sym,SYM-RANDOM,1000,25,10,causal_drf,tate_functional_rmse,TATE-K-grid_mean,10,0.01530917986952347,0.015869472914185785,0.005018367967517689,0.008810339771203948
wcf_sensitivity_v1_sym,SYM-RANDOM,1000,25,10,causal_drf,tate_functional_rmse,TATE-K-grid_sd,10,0.0019643089840480775,0.001998154744636183,0.0006318720110522453,0.0014460133526392502
wcf_sensitivity_v1_sym,SYM-RANDOM,1000,25,10,causal_drf,tate_functional_rmse,TATE-K-grid_skewness,10,9.305920739718832e-18,8.830425649491799e-18,2.7924257761165765e-18,6.094406892132013e-18
wcf_sensitivity_v1_sym,SYM-RANDOM,1000,25,10,causal_drf,tate_functional_rmse,TATE-K-grid_upper_tail_mean,10,0.014893581296573772,0.014115729407227561,0.004463785576145756,0.008893344581098
wcf_sensitivity_v1_sym,SYM-RANDOM,1000,25,10,causal_drf,tcate_functional_rmse,TCATE-COMMON199-grid_mean,10,0.02555529266772525,0.011820850637392424,0.0037380811894813207,0.025419393487267405
wcf_sensitivity_v1_sym,SYM-RANDOM,1000,25,10,causal_drf,tcate_functional_rmse,TCATE-COMMON199-grid_sd,10,0.0029557421418617384,0.0018288632909087663,0.0005783373528342815,0.0028072093309821824
wcf_sensitivity_v1_sym,SYM-RANDOM,1000,25,10,causal_drf,tcate_functional_rmse,TCATE-COMMON199-grid_skewness,10,3.12780992181113e-17,2.0477476418655722e-17,6.4755466215339775e-18,2.399933654265832e-17
wcf_sensitivity_v1_sym,SYM-RANDOM,1000,25,10,causal_drf,tcate_functional_rmse,TCATE-COMMON199-grid_upper_tail_mean,10,0.02512697234801619,0.010325162359317873,0.0032651030266482345,0.025530435691775266
wcf_sensitivity_v1_sym,SYM-RANDOM,1000,25,10,causal_drf,tcate_functional_rmse,TCATE-K-grid_mean,10,0.02555529266772525,0.011820850637392423,0.0037380811894813203,0.025419393487267395
wcf_sensitivity_v1_sym,SYM-RANDOM,1000,25,10,causal_drf,tcate_functional_rmse,TCATE-K-grid_sd,10,0.00296620537387882,0.0018353374080752314,0.0005803846484427641,0.0028171467616310173
wcf_sensitivity_v1_sym,SYM-RANDOM,1000,25,10,causal_drf,tcate_functional_rmse,TCATE-K-grid_skewness,10,1.6058669645042488e-17,6.523251899407663e-18,2.0628333753147798e-18,1.500285362132956e-17
wcf_sensitivity_v1_sym,SYM-RANDOM,1000,25,10,causal_drf,tcate_functional_rmse,TCATE-K-grid_upper_tail_mean,10,0.02513910146032841,0.010372049682090627,0.0032799300999831727,0.025533906850360853
wcf_sensitivity_v1_sym,SYM-RANDOM,1000,25,10,cwdb_dr,arm_energy_risk,LAW-A-M-K,10,0.04915923778647212,0.003777135384822335,0.0011944350846855164,0.04908877199663554
wcf_sensitivity_v1_sym,SYM-RANDOM,1000,25,10,cwdb_dr,barycenter_rmse,MEANQ-A-K,10,0.1593277717779345,0.007530286397489957,0.0023812856449452317,0.15816752028830655
wcf_sensitivity_v1_sym,SYM-RANDOM,1000,25,10,cwdb_dr,diagnostic_dense_dr_n_levels,NONE_OPERATIONAL,10,199.0,0.0,0.0,199.0
wcf_sensitivity_v1_sym,SYM-RANDOM,1000,25,10,cwdb_dr,diagnostic_dr_if_se_reference,NONE_OPERATIONAL,10,0.016507004180934187,0.0004615694639623404,0.00014596108045040028,0.016698567660985944
wcf_sensitivity_v1_sym,SYM-RANDOM,1000,25,10,cwdb_dr,diagnostic_effective_support,NONE_OPERATIONAL,10,9.999999999999998,0.0,0.0,9.999999999999998
wcf_sensitivity_v1_sym,SYM-RANDOM,1000,25,10,cwdb_dr,diagnostic_ehat_mean,NONE_OPERATIONAL,10,0.5023808502127254,0.028068360142024865,0.008875994823468578,0.49725226427895775
wcf_sensitivity_v1_sym,SYM-RANDOM,1000,25,10,cwdb_dr,diagnostic_n_boosting_steps,NONE_OPERATIONAL,10,100.0,0.0,0.0,100.0
wcf_sensitivity_v1_sym,SYM-RANDOM,1000,25,10,cwdb_dr,diagnostic_selected_contrast_shrinkage,NONE_OPERATIONAL,10,10.0,21.081851067789195,6.666666666666666,0.0
wcf_sensitivity_v1_sym,SYM-RANDOM,1000,25,10,cwdb_dr,diagnostic_train_risk,NONE_OPERATIONAL,10,0.051369330001869974,0.005338360694164332,0.001688137876507683,0.050289692634456436
wcf_sensitivity_v1_sym,SYM-RANDOM,1000,25,10,cwdb_dr,kernel_law_error,LAW-A-COMMON199,10,0.033463419490964416,0.0034129867768507446,0.001079281183888519,0.03366328146352955
wcf_sensitivity_v1_sym,SYM-RANDOM,1000,25,10,cwdb_dr,kernel_law_error,LAW-A-INTERIOR,10,0.022980820474601305,0.0033403785925969396,0.0010563204599873994,0.02289448303538741
wcf_sensitivity_v1_sym,SYM-RANDOM,1000,25,10,cwdb_dr,kernel_law_error,LAW-A-K,10,0.023273550072227967,0.0033600312295115346,0.0010625351694552418,0.023258175175399073
wcf_sensitivity_v1_sym,SYM-RANDOM,1000,25,10,cwdb_dr,mean_quantile_rmse,MEANQ-A-COMMON199,10,0.11771435185203691,0.014061128684460565,0.004446519311562243,0.12034412646567556
wcf_sensitivity_v1_sym,SYM-RANDOM,1000,25,10,cwdb_dr,mean_quantile_rmse,MEANQ-A-INTERIOR,10,0.11626446707154951,0.013592194498474628,0.004298229301518987,0.11843903531789976
wcf_sensitivity_v1_sym,SYM-RANDOM,1000,25,10,cwdb_dr,mean_quantile_rmse,MEANQ-A-K,10,0.11786104477186403,0.01419073565792783,0.004487504635242,0.12043859800763393
wcf_sensitivity_v1_sym,SYM-RANDOM,1000,25,10,cwdb_dr,mode_coverage,LAW-A-K,10,1.0,0.0,0.0,1.0
wcf_sensitivity_v1_sym,SYM-RANDOM,1000,25,10,cwdb_dr,peak_ram,NONE_OPERATIONAL,10,0.0,0.0,0.0,0.0
wcf_sensitivity_v1_sym,SYM-RANDOM,1000,25,10,cwdb_dr,process_peak_ram,NONE_OPERATIONAL,10,817.93046875,11.024208602892793,3.486160858596394,820.99609375
wcf_sensitivity_v1_sym,SYM-RANDOM,1000,25,10,cwdb_dr,reference_effect_rmse,REF-ATE-COMMON199,10,0.0087960159424632,0.008179050636476776,0.0025864429109116473,0.005523273005430863
wcf_sensitivity_v1_sym,SYM-RANDOM,1000,25,10,cwdb_dr,reference_effect_rmse,REF-ATE-K,10,0.010182039724058857,0.0038605610832433603,0.0012208166069255916,0.010885053679043395
wcf_sensitivity_v1_sym,SYM-RANDOM,1000,25,10,cwdb_dr,reference_tcate_rmse,REF-TCATE-COMMON199,10,0.02847956705910844,0.008829992372503924,0.0027922887619026343,0.028548180797178413
wcf_sensitivity_v1_sym,SYM-RANDOM,1000,25,10,cwdb_dr,reference_tcate_rmse,REF-TCATE-INTERIOR,10,0.029387108520185508,0.009116759003392627,0.002882972332956744,0.029473278067904448
wcf_sensitivity_v1_sym,SYM-RANDOM,1000,25,10,cwdb_dr,reference_tcate_rmse,REF-TCATE-K,10,0.02859516809102648,0.00891014212706829,0.0028176343397353213,0.028564282703783424
wcf_sensitivity_v1_sym,SYM-RANDOM,1000,25,10,cwdb_dr,runtime,NONE_OPERATIONAL,10,347.6974734787,29.012384973904105,9.17452168711817,336.9228593509979
wcf_sensitivity_v1_sym,SYM-RANDOM,1000,25,10,cwdb_dr,tail_calibration,LAW-A-K,10,0.03406080276084601,0.005425783413989412,0.001715783367897084,0.034007809736678545
wcf_sensitivity_v1_sym,SYM-RANDOM,1000,25,10,cwdb_dr,tate_functional_rmse,TATE-COMMON199-grid_mean,10,0.01451945943676014,0.012912751306503982,0.0040833704987867595,0.007403763824127205
wcf_sensitivity_v1_sym,SYM-RANDOM,1000,25,10,cwdb_dr,tate_functional_rmse,TATE-COMMON199-grid_sd,10,0.000747187102378266,0.00047993444091258525,0.00015176859608432693,0.0005540121208129198
wcf_sensitivity_v1_sym,SYM-RANDOM,1000,25,10,cwdb_dr,tate_functional_rmse,TATE-COMMON199-grid_skewness,10,0.00026281334568572156,0.00028417079601757655,8.986269599186477e-05,0.000175821083770318
wcf_sensitivity_v1_sym,SYM-RANDOM,1000,25,10,cwdb_dr,tate_functional_rmse,TATE-COMMON199-grid_upper_tail_mean,10,0.014471658797757636,0.013061433620173922,0.004130387974684819,0.00817275359665287
wcf_sensitivity_v1_sym,SYM-RANDOM,1000,25,10,cwdb_dr,tate_functional_rmse,TATE-K-grid_mean,10,0.01463524489573565,0.0126102888101812,0.00398772345927073,0.009310704058606706
wcf_sensitivity_v1_sym,SYM-RANDOM,1000,25,10,cwdb_dr,tate_functional_rmse,TATE-K-grid_sd,10,0.0007360025419043852,0.0004815741840865586,0.0001522871284050739,0.0005607038572247635
wcf_sensitivity_v1_sym,SYM-RANDOM,1000,25,10,cwdb_dr,tate_functional_rmse,TATE-K-grid_skewness,10,0.0002800864924023318,0.00030033301275465504,9.497363768451104e-05,0.00020015293852982503
wcf_sensitivity_v1_sym,SYM-RANDOM,1000,25,10,cwdb_dr,tate_functional_rmse,TATE-K-grid_upper_tail_mean,10,0.014635574191736795,0.012695822104966024,0.004014771462000594,0.009617557720276754
wcf_sensitivity_v1_sym,SYM-RANDOM,1000,25,10,cwdb_dr,tcate_functional_rmse,TCATE-COMMON199-grid_mean,10,0.036958872098245124,0.015010759692292827,0.0047468190037093586,0.034168019025963295
wcf_sensitivity_v1_sym,SYM-RANDOM,1000,25,10,cwdb_dr,tcate_functional_rmse,TCATE-COMMON199-grid_sd,10,0.001966450254132005,0.0006681072031751873,0.00021127404831984713,0.0019060969428776131
wcf_sensitivity_v1_sym,SYM-RANDOM,1000,25,10,cwdb_dr,tcate_functional_rmse,TCATE-COMMON199-grid_skewness,10,0.0005216837222743189,0.00025210841339878257,7.972368036314646e-05,0.000493508479939593
wcf_sensitivity_v1_sym,SYM-RANDOM,1000,25,10,cwdb_dr,tcate_functional_rmse,TCATE-COMMON199-grid_upper_tail_mean,10,0.036639413435448256,0.014992238729482736,0.004740962161015442,0.03352452376714909
wcf_sensitivity_v1_sym,SYM-RANDOM,1000,25,10,cwdb_dr,tcate_functional_rmse,TCATE-K-grid_mean,10,0.03695887234656685,0.015010759866388957,0.0047468190587633885,0.03416801956447164
wcf_sensitivity_v1_sym,SYM-RANDOM,1000,25,10,cwdb_dr,tcate_functional_rmse,TCATE-K-grid_sd,10,0.0019746918369537734,0.0006726692240143746,0.00021271668597834558,0.001913423561045724
wcf_sensitivity_v1_sym,SYM-RANDOM,1000,25,10,cwdb_dr,tcate_functional_rmse,TCATE-K-grid_skewness,10,0.0005585114138591909,0.00028197489799146704,8.916829206466738e-05,0.0005080627001457655
wcf_sensitivity_v1_sym,SYM-RANDOM,1000,25,10,cwdb_dr,tcate_functional_rmse,TCATE-K-grid_upper_tail_mean,10,0.036648721033039906,0.014992426037390087,0.004741021392976541,0.033544634012714354
wcf_sensitivity_v1_sym,SYM-RANDOM,1000,25,10,drf,arm_energy_risk,LAW-A-M-K,10,0.06429814888352108,0.003434777071955078,0.00108617188023021,0.06408412369409916
wcf_sensitivity_v1_sym,SYM-RANDOM,1000,25,10,drf,barycenter_rmse,MEANQ-A-K,10,0.2378139871041117,0.0043785279680741895,0.0013846121177863455,0.23750239988313526
wcf_sensitivity_v1_sym,SYM-RANDOM,1000,25,10,drf,diagnostic_effective_support,NONE_OPERATIONAL,10,196.4345203289799,2.082430555772913,0.6585223625372705,195.5016547730567
wcf_sensitivity_v1_sym,SYM-RANDOM,1000,25,10,drf,kernel_law_error,LAW-A-COMMON199,10,0.05929668617574792,0.003468294673947611,0.0010967710766305503,0.059491515352836935
wcf_sensitivity_v1_sym,SYM-RANDOM,1000,25,10,drf,kernel_law_error,LAW-A-INTERIOR,10,0.04898169043925402,0.0034630320226441743,0.001095106880165539,0.04889728969091475
wcf_sensitivity_v1_sym,SYM-RANDOM,1000,25,10,drf,kernel_law_error,LAW-A-K,10,0.04965422904734981,0.0034311903500350125,0.0010850376591701042,0.04962805243783078
wcf_sensitivity_v1_sym,SYM-RANDOM,1000,25,10,drf,mean_quantile_rmse,MEANQ-A-COMMON199,10,0.10584799487567334,0.006092073738636488,0.0019264828687788622,0.10624309722224164
wcf_sensitivity_v1_sym,SYM-RANDOM,1000,25,10,drf,mean_quantile_rmse,MEANQ-A-INTERIOR,10,0.10579887926154281,0.006100783140063765,0.0019292370233355539,0.10619654135900516
wcf_sensitivity_v1_sym,SYM-RANDOM,1000,25,10,drf,mean_quantile_rmse,MEANQ-A-K,10,0.10584864675559527,0.006091959104388185,0.0019264466182466124,0.10624371516977041
wcf_sensitivity_v1_sym,SYM-RANDOM,1000,25,10,drf,mode_coverage,LAW-A-K,10,1.0,0.0,0.0,1.0
wcf_sensitivity_v1_sym,SYM-RANDOM,1000,25,10,drf,peak_ram,NONE_OPERATIONAL,10,509.91999999999996,32.673427871726105,10.332245103988233,490.5
wcf_sensitivity_v1_sym,SYM-RANDOM,1000,25,10,drf,process_peak_ram,NONE_OPERATIONAL,10,650.087890625,36.761189793576236,11.624908924543597,649.548828125
wcf_sensitivity_v1_sym,SYM-RANDOM,1000,25,10,drf,reference_effect_rmse,REF-ATE-COMMON199,10,0.009716923121254833,0.007350609556644891,0.0023244668389598333,0.007198636481099696
wcf_sensitivity_v1_sym,SYM-RANDOM,1000,25,10,drf,reference_effect_rmse,REF-ATE-K,10,0.009886984723869336,0.007415111489642636,0.0023448641411354778,0.007314908827880931
wcf_sensitivity_v1_sym,SYM-RANDOM,1000,25,10,drf,reference_tcate_rmse,REF-TCATE-COMMON199,10,0.027462588888390888,0.0117859285764285,0.003727037864157995,0.03028535187271513
wcf_sensitivity_v1_sym,SYM-RANDOM,1000,25,10,drf,reference_tcate_rmse,REF-TCATE-INTERIOR,10,0.028845867195587193,0.012299805347363527,0.0038895399674387255,0.031629096917517696
wcf_sensitivity_v1_sym,SYM-RANDOM,1000,25,10,drf,reference_tcate_rmse,REF-TCATE-K,10,0.02753961021673827,0.011847328453151201,0.0037464542100077245,0.03042119902613584
wcf_sensitivity_v1_sym,SYM-RANDOM,1000,25,10,drf,runtime,NONE_OPERATIONAL,10,39.4101,0.7805016122127277,0.24681628120257124,39.266999999999996
wcf_sensitivity_v1_sym,SYM-RANDOM,1000,25,10,drf,tail_calibration,LAW-A-K,10,0.04558208828444341,0.005037176172356751,0.0015928949680176219,0.046178996570810524
wcf_sensitivity_v1_sym,SYM-RANDOM,1000,25,10,drf,tate_functional_rmse,TATE-COMMON199-grid_mean,10,0.015065811135925816,0.01462098337564179,0.0046235609098485295,0.01224930403342668
wcf_sensitivity_v1_sym,SYM-RANDOM,1000,25,10,drf,tate_functional_rmse,TATE-COMMON199-grid_sd,10,0.0018600093168164764,0.0018119222229979273,0.0005729801167748973,0.001514036378888404
wcf_sensitivity_v1_sym,SYM-RANDOM,1000,25,10,drf,tate_functional_rmse,TATE-COMMON199-grid_skewness,10,2.424861075769681e-17,2.0835040134369158e-17,6.5886181965627176e-18,1.3512558332027885e-17
wcf_sensitivity_v1_sym,SYM-RANDOM,1000,25,10,drf,tate_functional_rmse,TATE-COMMON199-grid_upper_tail_mean,10,0.014023227802655875,0.013368474930745384,0.004227482962401714,0.011392000620713688
wcf_sensitivity_v1_sym,SYM-RANDOM,1000,25,10,drf,tate_functional_rmse,TATE-K-grid_mean,10,0.01506581113592581,0.014620983375641793,0.0046235609098485295,0.01224930403342668
wcf_sensitivity_v1_sym,SYM-RANDOM,1000,25,10,drf,tate_functional_rmse,TATE-K-grid_sd,10,0.0018665936899118693,0.001818336369329467,0.0005750084479402253,0.001519396018922741
wcf_sensitivity_v1_sym,SYM-RANDOM,1000,25,10,drf,tate_functional_rmse,TATE-K-grid_skewness,10,9.202589297113195e-18,8.105506965729462e-18,2.563186360206546e-18,8.625739939021114e-18
wcf_sensitivity_v1_sym,SYM-RANDOM,1000,25,10,drf,tate_functional_rmse,TATE-K-grid_upper_tail_mean,10,0.014058264111252525,0.01340831181548922,0.004240080491469328,0.011427739422124342
wcf_sensitivity_v1_sym,SYM-RANDOM,1000,25,10,drf,tcate_functional_rmse,TCATE-COMMON199-grid_mean,10,0.03163681189712371,0.014462040115241458,0.0045732986376886995,0.033115991930478345
wcf_sensitivity_v1_sym,SYM-RANDOM,1000,25,10,drf,tcate_functional_rmse,TCATE-COMMON199-grid_sd,10,0.003073076129051576,0.0015284455596262022,0.00048333692479894956,0.0031055512954798314
wcf_sensitivity_v1_sym,SYM-RANDOM,1000,25,10,drf,tcate_functional_rmse,TCATE-COMMON199-grid_skewness,10,3.265804499186728e-17,2.3792791411625434e-17,7.523941275402918e-18,2.2532907035903034e-17
wcf_sensitivity_v1_sym,SYM-RANDOM,1000,25,10,drf,tcate_functional_rmse,TCATE-COMMON199-grid_upper_tail_mean,10,0.03122315188777213,0.013847534523440381,0.00437897490718859,0.032895540458116865
wcf_sensitivity_v1_sym,SYM-RANDOM,1000,25,10,drf,tcate_functional_rmse,TCATE-K-grid_mean,10,0.03163681189712372,0.014462040115241449,0.004573298637688697,0.03311599193047836
wcf_sensitivity_v1_sym,SYM-RANDOM,1000,25,10,drf,tcate_functional_rmse,TCATE-K-grid_sd,10,0.003083954719605547,0.001533856207696398,0.00048504792195089085,0.003116544847077414
wcf_sensitivity_v1_sym,SYM-RANDOM,1000,25,10,drf,tcate_functional_rmse,TCATE-K-grid_skewness,10,1.6504910087959483e-17,5.949204685558172e-18,1.8813037072909653e-18,1.6207662351892374e-17
wcf_sensitivity_v1_sym,SYM-RANDOM,1000,25,10,drf,tcate_functional_rmse,TCATE-K-grid_upper_tail_mean,10,0.031233905674888218,0.013866951227670166,0.004385115008190585,0.032901653860038516
wcf_sensitivity_v1_sym_null,SYM-LIN-NULL,500,25,10,causal_drf,arm_energy_risk,LAW-A-M-K,10,0.08467257821211774,0.0054018810763804504,0.0017082247850724217,0.08218472092965304
wcf_sensitivity_v1_sym_null,SYM-LIN-NULL,500,25,10,causal_drf,barycenter_rmse,MEANQ-A-K,10,0.29294149902858846,0.010911278510077674,0.0034504492276293945,0.29070214940610795
wcf_sensitivity_v1_sym_null,SYM-LIN-NULL,500,25,10,causal_drf,diagnostic_effective_support,NONE_OPERATIONAL,10,102.84462570078465,2.4308096485720556,0.768689504780116,103.86969486075017
wcf_sensitivity_v1_sym_null,SYM-LIN-NULL,500,25,10,causal_drf,kernel_law_error,LAW-A-COMMON199,10,0.07923153777153699,0.004927955725362704,0.001558356430061334,0.07736055499184188
wcf_sensitivity_v1_sym_null,SYM-LIN-NULL,500,25,10,causal_drf,kernel_law_error,LAW-A-INTERIOR,10,0.06931883601599931,0.005024838692705445,0.0015889935143892113,0.06722938067310268
wcf_sensitivity_v1_sym_null,SYM-LIN-NULL,500,25,10,causal_drf,kernel_law_error,LAW-A-K,10,0.06985279465237068,0.004999409210841581,0.0015809520061484358,0.0677323923475498
wcf_sensitivity_v1_sym_null,SYM-LIN-NULL,500,25,10,causal_drf,mean_quantile_rmse,MEANQ-A-COMMON199,10,0.14436129988580002,0.02750656266977751,0.00869833886386589,0.14625604333984682
wcf_sensitivity_v1_sym_null,SYM-LIN-NULL,500,25,10,causal_drf,mean_quantile_rmse,MEANQ-A-INTERIOR,10,0.14427463335467922,0.027546921588282303,0.008711101474503517,0.14617388502177503
wcf_sensitivity_v1_sym_null,SYM-LIN-NULL,500,25,10,causal_drf,mean_quantile_rmse,MEANQ-A-K,10,0.1443624498039041,0.027506028600871705,0.008698169976448908,0.14625713376147492
wcf_sensitivity_v1_sym_null,SYM-LIN-NULL,500,25,10,causal_drf,mode_coverage,LAW-A-K,10,1.0,0.0,0.0,1.0
wcf_sensitivity_v1_sym_null,SYM-LIN-NULL,500,25,10,causal_drf,peak_ram,NONE_OPERATIONAL,10,304.35742,0.16531208734457173,0.0522762720765543,304.3203
wcf_sensitivity_v1_sym_null,SYM-LIN-NULL,500,25,10,causal_drf,process_peak_ram,NONE_OPERATIONAL,10,388.401171875,3.832384097011251,1.2119062615163245,389.05078125
wcf_sensitivity_v1_sym_null,SYM-LIN-NULL,500,25,10,causal_drf,reference_effect_rmse,REF-ATE-COMMON199,10,0.017964417617766647,0.01389816039305136,0.00439498421283833,0.015090866004567735
wcf_sensitivity_v1_sym_null,SYM-LIN-NULL,500,25,10,causal_drf,reference_effect_rmse,REF-ATE-K,10,0.01783063408179837,0.013838288945799436,0.004376051198825659,0.01497210973604568
wcf_sensitivity_v1_sym_null,SYM-LIN-NULL,500,25,10,causal_drf,reference_tcate_rmse,REF-TCATE-COMMON199,10,0.03132920072316993,0.013306904442414334,0.004208012664424221,0.03396631952739386
wcf_sensitivity_v1_sym_null,SYM-LIN-NULL,500,25,10,causal_drf,reference_tcate_rmse,REF-TCATE-INTERIOR,10,0.03303756749677178,0.013907285947040743,0.004397869966390058,0.03489550568185626
wcf_sensitivity_v1_sym_null,SYM-LIN-NULL,500,25,10,causal_drf,reference_tcate_rmse,REF-TCATE-K,10,0.031247447760603425,0.01324986951195667,0.004189976635780668,0.033792036337024316
wcf_sensitivity_v1_sym_null,SYM-LIN-NULL,500,25,10,causal_drf,runtime,NONE_OPERATIONAL,10,22.1089,2.284313047723538,0.7223632119647289,22.165999999999997
wcf_sensitivity_v1_sym_null,SYM-LIN-NULL,500,25,10,causal_drf,tail_calibration,LAW-A-K,10,0.07163192986494209,0.006534610678023361,0.002066425336501102,0.07138471241700627
wcf_sensitivity_v1_sym_null,SYM-LIN-NULL,500,25,10,causal_drf,tate_functional_rmse,TATE-COMMON199-grid_mean,10,0.1294632422195582,0.030118954379264245,0.009524449658117789,0.12993806337034164
wcf_sensitivity_v1_sym_null,SYM-LIN-NULL,500,25,10,causal_drf,tate_functional_rmse,TATE-COMMON199-grid_sd,10,0.004198422618447424,0.0033069894806956523,0.001045761895721569,0.003496997983369177
wcf_sensitivity_v1_sym_null,SYM-LIN-NULL,500,25,10,causal_drf,tate_functional_rmse,TATE-COMMON199-grid_skewness,10,4.681523950236331e-17,2.5620245802860912e-17,8.101833095040975e-18,4.8339817277927424e-17
wcf_sensitivity_v1_sym_null,SYM-LIN-NULL,500,25,10,causal_drf,tate_functional_rmse,TATE-COMMON199-grid_upper_tail_mean,10,0.12694183836696987,0.030311882966311075,0.009585459034200394,0.1254654694441048
wcf_sensitivity_v1_sym_null,SYM-LIN-NULL,500,25,10,causal_drf,tate_functional_rmse,TATE-K-grid_mean,10,0.12946324221955818,0.03011895437926424,0.009524449658117789,0.12993806337034164
wcf_sensitivity_v1_sym_null,SYM-LIN-NULL,500,25,10,causal_drf,tate_functional_rmse,TATE-K-grid_sd,10,0.004213284899341424,0.003318696116983196,0.0010494638591623507,0.0035093772436385366
wcf_sensitivity_v1_sym_null,SYM-LIN-NULL,500,25,10,causal_drf,tate_functional_rmse,TATE-K-grid_skewness,10,2.2152774844487976e-17,8.385117683989459e-18,2.6516070329962685e-18,2.320200195553533e-17
wcf_sensitivity_v1_sym_null,SYM-LIN-NULL,500,25,10,causal_drf,tate_functional_rmse,TATE-K-grid_upper_tail_mean,10,0.12702657085851957,0.03029856151851697,0.009581246422524354,0.1256157722314473
wcf_sensitivity_v1_sym_null,SYM-LIN-NULL,500,25,10,causal_drf,tcate_functional_rmse,TCATE-COMMON199-grid_mean,10,0.13618761082192382,0.02932035486845363,0.009271910318872008,0.13664786283341548
wcf_sensitivity_v1_sym_null,SYM-LIN-NULL,500,25,10,causal_drf,tcate_functional_rmse,TCATE-COMMON199-grid_sd,10,0.004931873795047286,0.0029640668013081197,0.0009373202229023413,0.004354313570788775
wcf_sensitivity_v1_sym_null,SYM-LIN-NULL,500,25,10,causal_drf,tcate_functional_rmse,TCATE-COMMON199-grid_skewness,10,5.5002834434783135e-17,2.509639083111334e-17,7.936175607608425e-18,5.253218155200696e-17
wcf_sensitivity_v1_sym_null,SYM-LIN-NULL,500,25,10,causal_drf,tcate_functional_rmse,TCATE-COMMON199-grid_upper_tail_mean,10,0.13372938306398002,0.029566244420724128,0.009349667422673388,0.1321471909631377
wcf_sensitivity_v1_sym_null,SYM-LIN-NULL,500,25,10,causal_drf,tcate_functional_rmse,TCATE-K-grid_mean,10,0.13618761082192382,0.02932035486845363,0.009271910318872008,0.13664786283341548
wcf_sensitivity_v1_sym_null,SYM-LIN-NULL,500,25,10,causal_drf,tcate_functional_rmse,TCATE-K-grid_sd,10,0.00494933246949175,0.0029745595023516133,0.0009406383063128078,0.0043697277006348526
wcf_sensitivity_v1_sym_null,SYM-LIN-NULL,500,25,10,causal_drf,tcate_functional_rmse,TCATE-K-grid_skewness,10,2.6403731018401712e-17,7.766180152256888e-18,2.4558818000325016e-18,2.7403044272227216e-17
wcf_sensitivity_v1_sym_null,SYM-LIN-NULL,500,25,10,causal_drf,tcate_functional_rmse,TCATE-K-grid_upper_tail_mean,10,0.1338115583974217,0.029551083415002566,0.00934487309170349,0.13229823337382274
wcf_sensitivity_v1_sym_null,SYM-LIN-NULL,500,25,10,cwdb_dr,arm_energy_risk,LAW-A-M-K,10,0.05861786724378491,0.005414217206985891,0.001712125812095072,0.05907174284813187
wcf_sensitivity_v1_sym_null,SYM-LIN-NULL,500,25,10,cwdb_dr,barycenter_rmse,MEANQ-A-K,10,0.1726315778711112,0.010614270773293917,0.00335652713453655,0.17354721681504326
wcf_sensitivity_v1_sym_null,SYM-LIN-NULL,500,25,10,cwdb_dr,diagnostic_dense_dr_n_levels,NONE_OPERATIONAL,10,199.0,0.0,0.0,199.0
wcf_sensitivity_v1_sym_null,SYM-LIN-NULL,500,25,10,cwdb_dr,diagnostic_dr_if_se_reference,NONE_OPERATIONAL,10,0.025252127245470646,0.0016210793441692015,0.0005126302995426673,0.0250030861113237
wcf_sensitivity_v1_sym_null,SYM-LIN-NULL,500,25,10,cwdb_dr,diagnostic_effective_support,NONE_OPERATIONAL,10,9.999999999999998,0.0,0.0,9.999999999999998
wcf_sensitivity_v1_sym_null,SYM-LIN-NULL,500,25,10,cwdb_dr,diagnostic_ehat_mean,NONE_OPERATIONAL,10,0.5014265985342022,0.017758547299775353,0.005615745740312309,0.5008425139737331
wcf_sensitivity_v1_sym_null,SYM-LIN-NULL,500,25,10,cwdb_dr,diagnostic_n_boosting_steps,NONE_OPERATIONAL,10,100.0,0.0,0.0,100.0
wcf_sensitivity_v1_sym_null,SYM-LIN-NULL,500,25,10,cwdb_dr,diagnostic_selected_contrast_shrinkage,NONE_OPERATIONAL,10,215.0,246.1368183213014,77.83529619223745,50.0
wcf_sensitivity_v1_sym_null,SYM-LIN-NULL,500,25,10,cwdb_dr,diagnostic_train_risk,NONE_OPERATIONAL,10,0.03892725484716239,0.005768602925682662,0.0018241924162268235,0.038525764624188136
wcf_sensitivity_v1_sym_null,SYM-LIN-NULL,500,25,10,cwdb_dr,kernel_law_error,LAW-A-COMMON199,10,0.0398855292363405,0.004180778898938266,0.0013220783714215833,0.04029691434264958
wcf_sensitivity_v1_sym_null,SYM-LIN-NULL,500,25,10,cwdb_dr,kernel_law_error,LAW-A-INTERIOR,10,0.02920746779225695,0.004238945887868668,0.0013404723883869705,0.029427864804501394
wcf_sensitivity_v1_sym_null,SYM-LIN-NULL,500,25,10,cwdb_dr,kernel_law_error,LAW-A-K,10,0.029541888037737975,0.0043089418616899765,0.001362607058818656,0.029811339696264743
wcf_sensitivity_v1_sym_null,SYM-LIN-NULL,500,25,10,cwdb_dr,mean_quantile_rmse,MEANQ-A-COMMON199,10,0.05964550112153163,0.05824407926724897,0.018418395070389768,0.03724345885014321
wcf_sensitivity_v1_sym_null,SYM-LIN-NULL,500,25,10,cwdb_dr,mean_quantile_rmse,MEANQ-A-INTERIOR,10,0.058798540220646886,0.05730373039720587,0.01812103064793958,0.03681418086415995
wcf_sensitivity_v1_sym_null,SYM-LIN-NULL,500,25,10,cwdb_dr,mean_quantile_rmse,MEANQ-A-K,10,0.05973725507244839,0.05837570226432483,0.018460017916711507,0.03725199458710142
wcf_sensitivity_v1_sym_null,SYM-LIN-NULL,500,25,10,cwdb_dr,mode_coverage,LAW-A-K,10,1.0,0.0,0.0,1.0
wcf_sensitivity_v1_sym_null,SYM-LIN-NULL,500,25,10,cwdb_dr,peak_ram,NONE_OPERATIONAL,10,0.0,0.0,0.0,0.0
wcf_sensitivity_v1_sym_null,SYM-LIN-NULL,500,25,10,cwdb_dr,process_peak_ram,NONE_OPERATIONAL,10,388.401171875,3.832384097011251,1.2119062615163245,389.05078125
wcf_sensitivity_v1_sym_null,SYM-LIN-NULL,500,25,10,cwdb_dr,reference_effect_rmse,REF-ATE-COMMON199,10,0.015494062005249077,0.008552579035494041,0.0027045629620767227,0.015798745194883407
wcf_sensitivity_v1_sym_null,SYM-LIN-NULL,500,25,10,cwdb_dr,reference_effect_rmse,REF-ATE-K,10,0.015873066465784878,0.0068047583936943976,0.002151853545122306,0.016356844122888115
wcf_sensitivity_v1_sym_null,SYM-LIN-NULL,500,25,10,cwdb_dr,reference_tcate_rmse,REF-TCATE-COMMON199,10,0.05518619727177752,0.014961644015692154,0.004731287263021522,0.05944754241038257
wcf_sensitivity_v1_sym_null,SYM-LIN-NULL,500,25,10,cwdb_dr,reference_tcate_rmse,REF-TCATE-INTERIOR,10,0.05716674088317843,0.015884792524497843,0.00502321245366292,0.06081830957834275
wcf_sensitivity_v1_sym_null,SYM-LIN-NULL,500,25,10,cwdb_dr,reference_tcate_rmse,REF-TCATE-K,10,0.055413105988198305,0.014919340223164976,0.004717909629216612,0.059872615100965774
wcf_sensitivity_v1_sym_null,SYM-LIN-NULL,500,25,10,cwdb_dr,runtime,NONE_OPERATIONAL,10,219.92796898510133,2.831170932312955,0.895294859137134,220.23997565150057
wcf_sensitivity_v1_sym_null,SYM-LIN-NULL,500,25,10,cwdb_dr,tail_calibration,LAW-A-K,10,0.05251885904012506,0.007512640498993725,0.002375705521884408,0.054214179208189946
wcf_sensitivity_v1_sym_null,SYM-LIN-NULL,500,25,10,cwdb_dr,tate_functional_rmse,TATE-COMMON199-grid_mean,10,0.029732976496408707,0.01544500776055454,0.004884140300232887,0.03156901875642714
wcf_sensitivity_v1_sym_null,SYM-LIN-NULL,500,25,10,cwdb_dr,tate_functional_rmse,TATE-COMMON199-grid_sd,10,0.002001290602673539,0.002085265300828817,0.0006594187876335263,0.0012305213793027908
wcf_sensitivity_v1_sym_null,SYM-LIN-NULL,500,25,10,cwdb_dr,tate_functional_rmse,TATE-COMMON199-grid_skewness,10,0.00037369152961999293,0.00031634579372749534,0.00010003732363926927,0.0003382648558871638
wcf_sensitivity_v1_sym_null,SYM-LIN-NULL,500,25,10,cwdb_dr,tate_functional_rmse,TATE-COMMON199-grid_upper_tail_mean,10,0.029558985073975384,0.01548974663504395,0.004898287974566781,0.02915716562865702
wcf_sensitivity_v1_sym_null,SYM-LIN-NULL,500,25,10,cwdb_dr,tate_functional_rmse,TATE-K-grid_mean,10,0.031405377569194155,0.01618844026475859,0.005119234300221637,0.03244532679287209
wcf_sensitivity_v1_sym_null,SYM-LIN-NULL,500,25,10,cwdb_dr,tate_functional_rmse,TATE-K-grid_sd,10,0.0020421508069565506,0.002037179215305657,0.0006442126322320428,0.0011453712808118374
wcf_sensitivity_v1_sym_null,SYM-LIN-NULL,500,25,10,cwdb_dr,tate_functional_rmse,TATE-K-grid_skewness,10,0.0003686887548697187,0.00037082413717106147,0.00011726488848272623,0.00033773998765254334
wcf_sensitivity_v1_sym_null,SYM-LIN-NULL,500,25,10,cwdb_dr,tate_functional_rmse,TATE-K-grid_upper_tail_mean,10,0.031198594495427594,0.015973648540612315,0.005051311193135955,0.031528846552068904
wcf_sensitivity_v1_sym_null,SYM-LIN-NULL,500,25,10,cwdb_dr,tcate_functional_rmse,TCATE-COMMON199-grid_mean,10,0.06674881197689009,0.018916435358884282,0.0059819020945418985,0.06983247480763483
wcf_sensitivity_v1_sym_null,SYM-LIN-NULL,500,25,10,cwdb_dr,tcate_functional_rmse,TCATE-COMMON199-grid_sd,10,0.006109766025685101,0.0016223654394418236,0.0005130369985776134,0.00617064067024189
wcf_sensitivity_v1_sym_null,SYM-LIN-NULL,500,25,10,cwdb_dr,tcate_functional_rmse,TCATE-COMMON199-grid_skewness,10,0.0013086642330616186,0.0008744962122490842,0.0002765399835897144,0.0010130775730179788
wcf_sensitivity_v1_sym_null,SYM-LIN-NULL,500,25,10,cwdb_dr,tcate_functional_rmse,TCATE-COMMON199-grid_upper_tail_mean,10,0.0667552523129106,0.01811510087390124,0.005728497880523458,0.06707726362703142
wcf_sensitivity_v1_sym_null,SYM-LIN-NULL,500,25,10,cwdb_dr,tcate_functional_rmse,TCATE-K-grid_mean,10,0.06674881273192554,0.018916438411083317,0.005981903059731981,0.06983247187817997
wcf_sensitivity_v1_sym_null,SYM-LIN-NULL,500,25,10,cwdb_dr,tcate_functional_rmse,TCATE-K-grid_sd,10,0.006128253495173571,0.001629347458612151,0.0005152449069021328,0.006183011613737693
wcf_sensitivity_v1_sym_null,SYM-LIN-NULL,500,25,10,cwdb_dr,tcate_functional_rmse,TCATE-K-grid_skewness,10,0.0013731709749375686,0.0009101000292952565,0.0002877988991158977,0.0010653470496148703
wcf_sensitivity_v1_sym_null,SYM-LIN-NULL,500,25,10,cwdb_dr,tcate_functional_rmse,TCATE-K-grid_upper_tail_mean,10,0.06674866753387726,0.01813450083199166,0.005734632685931211,0.06717168124201574
wcf_sensitivity_v1_sym_null,SYM-LIN-NULL,500,25,10,drf,arm_energy_risk,LAW-A-M-K,10,0.07728145519180553,0.006089013013123694,0.0019255149823875608,0.0768909189445361
wcf_sensitivity_v1_sym_null,SYM-LIN-NULL,500,25,10,drf,barycenter_rmse,MEANQ-A-K,10,0.26752120949823005,0.009198678771439879,0.002908877638198944,0.2655493306643115
wcf_sensitivity_v1_sym_null,SYM-LIN-NULL,500,25,10,drf,diagnostic_effective_support,NONE_OPERATIONAL,10,133.54840062782984,1.8083861422046654,0.5718619098451891,133.54469699892246
wcf_sensitivity_v1_sym_null,SYM-LIN-NULL,500,25,10,drf,kernel_law_error,LAW-A-COMMON199,10,0.07149139920815949,0.006143744573622332,0.0019428226214946605,0.07118813047592587
wcf_sensitivity_v1_sym_null,SYM-LIN-NULL,500,25,10,drf,kernel_law_error,LAW-A-INTERIOR,10,0.061184809186462207,0.006194118848888715,0.0019587523660268657,0.060835031703664465
wcf_sensitivity_v1_sym_null,SYM-LIN-NULL,500,25,10,drf,kernel_law_error,LAW-A-K,10,0.061950075952179814,0.006159890794287289,0.0019479285047851547,0.061606756092335194
wcf_sensitivity_v1_sym_null,SYM-LIN-NULL,500,25,10,drf,mean_quantile_rmse,MEANQ-A-COMMON199,10,0.08404303190324637,0.020786117984332008,0.0065731476543477284,0.08164653726631797
wcf_sensitivity_v1_sym_null,SYM-LIN-NULL,500,25,10,drf,mean_quantile_rmse,MEANQ-A-INTERIOR,10,0.08388421328788781,0.020772264560010297,0.006568766816922791,0.08148463374618678
wcf_sensitivity_v1_sym_null,SYM-LIN-NULL,500,25,10,drf,mean_quantile_rmse,MEANQ-A-K,10,0.0840451375607457,0.02078630588202182,0.006573207072814418,0.08164875019063392
wcf_sensitivity_v1_sym_null,SYM-LIN-NULL,500,25,10,drf,mode_coverage,LAW-A-K,10,1.0,0.0,0.0,1.0
wcf_sensitivity_v1_sym_null,SYM-LIN-NULL,500,25,10,drf,peak_ram,NONE_OPERATIONAL,10,375.83000000000004,2.882919045381303,0.9116590493283244,376.45000000000005
wcf_sensitivity_v1_sym_null,SYM-LIN-NULL,500,25,10,drf,process_peak_ram,NONE_OPERATIONAL,10,388.401171875,3.832384097011251,1.2119062615163245,389.05078125
wcf_sensitivity_v1_sym_null,SYM-LIN-NULL,500,25,10,drf,reference_effect_rmse,REF-ATE-COMMON199,10,0.016174484729786023,0.016938578502280484,0.005356448839276994,0.008312880005455731
wcf_sensitivity_v1_sym_null,SYM-LIN-NULL,500,25,10,drf,reference_effect_rmse,REF-ATE-K,10,0.0160066514351183,0.016859343926857475,0.005331392666499683,0.00800166720587032
wcf_sensitivity_v1_sym_null,SYM-LIN-NULL,500,25,10,drf,reference_tcate_rmse,REF-TCATE-COMMON199,10,0.03360930372325254,0.01745268592708362,0.005519023881715159,0.03365165295698716
wcf_sensitivity_v1_sym_null,SYM-LIN-NULL,500,25,10,drf,reference_tcate_rmse,REF-TCATE-INTERIOR,10,0.03531042028037244,0.018536751206161464,0.005861835423134365,0.03478417194065501
wcf_sensitivity_v1_sym_null,SYM-LIN-NULL,500,25,10,drf,reference_tcate_rmse,REF-TCATE-K,10,0.03353262218882204,0.017352794805160533,0.0054874355353845055,0.03384965400525694
wcf_sensitivity_v1_sym_null,SYM-LIN-NULL,500,25,10,drf,runtime,NONE_OPERATIONAL,10,20.7805,2.0722994876867262,0.6553186375090111,22.104
wcf_sensitivity_v1_sym_null,SYM-LIN-NULL,500,25,10,drf,tail_calibration,LAW-A-K,10,0.07191359462010682,0.006734602099691159,0.0021296681769976413,0.07228101321503674
wcf_sensitivity_v1_sym_null,SYM-LIN-NULL,500,25,10,drf,tate_functional_rmse,TATE-COMMON199-grid_mean,10,0.047109690940773954,0.03308896314446301,0.010463648894987023,0.047309206618055696
wcf_sensitivity_v1_sym_null,SYM-LIN-NULL,500,25,10,drf,tate_functional_rmse,TATE-COMMON199-grid_sd,10,0.004679760680634656,0.0036727361012133235,0.0011614211324560803,0.004693507772922832
wcf_sensitivity_v1_sym_null,SYM-LIN-NULL,500,25,10,drf,tate_functional_rmse,TATE-COMMON199-grid_skewness,10,4.552435379654521e-17,3.2588085008319126e-17,1.0305257320947564e-17,4.195486711112882e-17
wcf_sensitivity_v1_sym_null,SYM-LIN-NULL,500,25,10,drf,tate_functional_rmse,TATE-COMMON199-grid_upper_tail_mean,10,0.04437727894098116,0.033069996621094166,0.010457651153672986,0.044141894018145056
wcf_sensitivity_v1_sym_null,SYM-LIN-NULL,500,25,10,drf,tate_functional_rmse,TATE-K-grid_mean,10,0.04710969094077394,0.03308896314446301,0.010463648894987023,0.04730920661805571
wcf_sensitivity_v1_sym_null,SYM-LIN-NULL,500,25,10,drf,tate_functional_rmse,TATE-K-grid_sd,10,0.00469632688277131,0.0036857374687616854,0.0011655325258710628,0.00471012263932355
wcf_sensitivity_v1_sym_null,SYM-LIN-NULL,500,25,10,drf,tate_functional_rmse,TATE-K-grid_skewness,10,2.036073596290684e-17,9.715880259006992e-18,3.0724311091928775e-18,1.869918212214068e-17
wcf_sensitivity_v1_sym_null,SYM-LIN-NULL,500,25,10,drf,tate_functional_rmse,TATE-K-grid_upper_tail_mean,10,0.044469102421160686,0.033062621350261154,0.010455318888253694,0.0440878373299727
wcf_sensitivity_v1_sym_null,SYM-LIN-NULL,500,25,10,drf,tcate_functional_rmse,TCATE-COMMON199-grid_mean,10,0.06404724671929546,0.02856462993482305,0.009032929111386787,0.06515080412585503
wcf_sensitivity_v1_sym_null,SYM-LIN-NULL,500,25,10,drf,tcate_functional_rmse,TCATE-COMMON199-grid_sd,10,0.005660733134555707,0.0033046725409628893,0.0010450292150458818,0.005838274229177804
wcf_sensitivity_v1_sym_null,SYM-LIN-NULL,500,25,10,drf,tcate_functional_rmse,TCATE-COMMON199-grid_skewness,10,5.414779434292883e-17,3.315516869579087e-17,1.0484584928581345e-17,4.527664646688803e-17
wcf_sensitivity_v1_sym_null,SYM-LIN-NULL,500,25,10,drf,tcate_functional_rmse,TCATE-COMMON199-grid_upper_tail_mean,10,0.06234053887722241,0.027091524497781082,0.008567092269923748,0.06473761225604854
wcf_sensitivity_v1_sym_null,SYM-LIN-NULL,500,25,10,drf,tcate_functional_rmse,TCATE-K-grid_mean,10,0.06404724671929546,0.028564629934823057,0.009032929111386789,0.06515080412585503
wcf_sensitivity_v1_sym_null,SYM-LIN-NULL,500,25,10,drf,tcate_functional_rmse,TCATE-K-grid_sd,10,0.005680771947595177,0.0033163709753583973,0.0010487285848206679,0.0058589415319760035
wcf_sensitivity_v1_sym_null,SYM-LIN-NULL,500,25,10,drf,tcate_functional_rmse,TCATE-K-grid_skewness,10,2.5797973468811408e-17,1.0035853694487194e-17,3.1736155938795148e-18,2.4660573842381915e-17
wcf_sensitivity_v1_sym_null,SYM-LIN-NULL,500,25,10,drf,tcate_functional_rmse,TCATE-K-grid_upper_tail_mean,10,0.062391901563120376,0.027141454623374982,0.008582881561997248,0.06474927383499648
wcf_sensitivity_v1_sym_null,SYM-LIN-NULL,1000,25,10,causal_drf,arm_energy_risk,LAW-A-M-K,10,0.0652810625298891,0.004980624657400152,0.0015750118087780288,0.06705519376679561
wcf_sensitivity_v1_sym_null,SYM-LIN-NULL,1000,25,10,causal_drf,barycenter_rmse,MEANQ-A-K,10,0.24186047929215357,0.008110000812362093,0.0025646074392880053,0.24136275372688445
wcf_sensitivity_v1_sym_null,SYM-LIN-NULL,1000,25,10,causal_drf,diagnostic_effective_support,NONE_OPERATIONAL,10,133.31739176131907,3.1222041668667413,0.9873276487367322,132.47804574520893
wcf_sensitivity_v1_sym_null,SYM-LIN-NULL,1000,25,10,causal_drf,kernel_law_error,LAW-A-COMMON199,10,0.06088424442942967,0.004889889774457877,0.0015463189194453938,0.0626837924767907
wcf_sensitivity_v1_sym_null,SYM-LIN-NULL,1000,25,10,causal_drf,kernel_law_error,LAW-A-INTERIOR,10,0.050764519421725565,0.004891620152898035,0.0015468661131538886,0.05269964916059184
wcf_sensitivity_v1_sym_null,SYM-LIN-NULL,1000,25,10,causal_drf,kernel_law_error,LAW-A-K,10,0.05125384255617556,0.0048807869364766,0.0015434403493261614,0.053199749152936814
wcf_sensitivity_v1_sym_null,SYM-LIN-NULL,1000,25,10,causal_drf,mean_quantile_rmse,MEANQ-A-COMMON199,10,0.09485592284461698,0.021302965859930783,0.006736589303418878,0.08934484210907555
wcf_sensitivity_v1_sym_null,SYM-LIN-NULL,1000,25,10,causal_drf,mean_quantile_rmse,MEANQ-A-INTERIOR,10,0.09471363724295427,0.021321050882621366,0.0067423082897426845,0.08918660933157015
wcf_sensitivity_v1_sym_null,SYM-LIN-NULL,1000,25,10,causal_drf,mean_quantile_rmse,MEANQ-A-K,10,0.09485781023049453,0.02130272688559446,0.006736513733098367,0.08934694094164844
wcf_sensitivity_v1_sym_null,SYM-LIN-NULL,1000,25,10,causal_drf,mode_coverage,LAW-A-K,10,1.0,0.0,0.0,1.0
wcf_sensitivity_v1_sym_null,SYM-LIN-NULL,1000,25,10,causal_drf,peak_ram,NONE_OPERATIONAL,10,378.35976,0.6573518662025744,0.20787291213623943,378.32615
wcf_sensitivity_v1_sym_null,SYM-LIN-NULL,1000,25,10,causal_drf,process_peak_ram,NONE_OPERATIONAL,10,391.787109375,4.0538081638888075,1.281926699527377,392.283203125
wcf_sensitivity_v1_sym_null,SYM-LIN-NULL,1000,25,10,causal_drf,reference_effect_rmse,REF-ATE-COMMON199,10,0.015006542884983282,0.011796052982414483,0.00373023948244519,0.01203126383119997
wcf_sensitivity_v1_sym_null,SYM-LIN-NULL,1000,25,10,causal_drf,reference_effect_rmse,REF-ATE-K,10,0.014857305521213412,0.011886399122269674,0.003758809440419842,0.01182756403139431
wcf_sensitivity_v1_sym_null,SYM-LIN-NULL,1000,25,10,causal_drf,reference_tcate_rmse,REF-TCATE-COMMON199,10,0.025653900209427004,0.012107482765894097,0.003828722227146056,0.022627789860464542
wcf_sensitivity_v1_sym_null,SYM-LIN-NULL,1000,25,10,causal_drf,reference_tcate_rmse,REF-TCATE-INTERIOR,10,0.026631728663421027,0.012323100112634947,0.003896906419020393,0.023465172970007546
wcf_sensitivity_v1_sym_null,SYM-LIN-NULL,1000,25,10,causal_drf,reference_tcate_rmse,REF-TCATE-K,10,0.025660925648131844,0.01213662577033483,0.003837938054335368,0.022615129988711846
wcf_sensitivity_v1_sym_null,SYM-LIN-NULL,1000,25,10,causal_drf,runtime,NONE_OPERATIONAL,10,43.7452,2.2759363299041957,0.7197142612021649,43.299499999999995
wcf_sensitivity_v1_sym_null,SYM-LIN-NULL,1000,25,10,causal_drf,tail_calibration,LAW-A-K,10,0.06462589102285884,0.007146955702175778,0.0022600658355203473,0.06354206388291553
wcf_sensitivity_v1_sym_null,SYM-LIN-NULL,1000,25,10,causal_drf,tate_functional_rmse,TATE-COMMON199-grid_mean,10,0.06547374343310178,0.024932702445989312,0.00788441279525775,0.06194810887602688
wcf_sensitivity_v1_sym_null,SYM-LIN-NULL,1000,25,10,causal_drf,tate_functional_rmse,TATE-COMMON199-grid_sd,10,0.005219267157024922,0.001429195770013096,0.0004519513855519558,0.005115373042429929
wcf_sensitivity_v1_sym_null,SYM-LIN-NULL,1000,25,10,causal_drf,tate_functional_rmse,TATE-COMMON199-grid_skewness,10,2.003840025681417e-17,1.3328417198849285e-17,4.21481559533251e-18,1.5617480303792254e-17
wcf_sensitivity_v1_sym_null,SYM-LIN-NULL,1000,25,10,causal_drf,tate_functional_rmse,TATE-COMMON199-grid_upper_tail_mean,10,0.06126342933443054,0.024727143622397946,0.007819409387688403,0.05807291890364284
wcf_sensitivity_v1_sym_null,SYM-LIN-NULL,1000,25,10,causal_drf,tate_functional_rmse,TATE-K-grid_mean,10,0.06547374343310178,0.024932702445989312,0.00788441279525775,0.06194810887602688
wcf_sensitivity_v1_sym_null,SYM-LIN-NULL,1000,25,10,causal_drf,tate_functional_rmse,TATE-K-grid_sd,10,0.005237743194717671,0.001434255077023575,0.0004535512789054729,0.005133481298302071
wcf_sensitivity_v1_sym_null,SYM-LIN-NULL,1000,25,10,causal_drf,tate_functional_rmse,TATE-K-grid_skewness,10,1.239067498208501e-17,8.764757880017679e-18,2.7716598040764667e-18,1.0762775051626897e-17
wcf_sensitivity_v1_sym_null,SYM-LIN-NULL,1000,25,10,causal_drf,tate_functional_rmse,TATE-K-grid_upper_tail_mean,10,0.06140491813378375,0.024733206580503268,0.007821326663385503,0.05820314576168918
wcf_sensitivity_v1_sym_null,SYM-LIN-NULL,1000,25,10,causal_drf,tcate_functional_rmse,TCATE-COMMON199-grid_mean,10,0.0801194157792289,0.021117938015343275,0.0066780783614740595,0.0783760984438189
wcf_sensitivity_v1_sym_null,SYM-LIN-NULL,1000,25,10,causal_drf,tcate_functional_rmse,TCATE-COMMON199-grid_sd,10,0.006071314185997989,0.0011947472464296969,0.00037781225269323157,0.005712906742805035
wcf_sensitivity_v1_sym_null,SYM-LIN-NULL,1000,25,10,causal_drf,tcate_functional_rmse,TCATE-COMMON199-grid_skewness,10,3.1478455493932865e-17,1.1397373812991445e-17,3.604166059341095e-18,3.0155737847923204e-17
wcf_sensitivity_v1_sym_null,SYM-LIN-NULL,1000,25,10,causal_drf,tcate_functional_rmse,TCATE-COMMON199-grid_upper_tail_mean,10,0.07681447356894838,0.02066329430733309,0.006534307397356388,0.07446585513017348
wcf_sensitivity_v1_sym_null,SYM-LIN-NULL,1000,25,10,causal_drf,tcate_functional_rmse,TCATE-K-grid_mean,10,0.0801194157792289,0.02111793801534327,0.006678078361474059,0.0783760984438189
wcf_sensitivity_v1_sym_null,SYM-LIN-NULL,1000,25,10,causal_drf,tcate_functional_rmse,TCATE-K-grid_sd,10,0.006092806442740213,0.0011989766132151493,0.000379149695903461,0.005733130248737868
wcf_sensitivity_v1_sym_null,SYM-LIN-NULL,1000,25,10,causal_drf,tcate_functional_rmse,TCATE-K-grid_skewness,10,1.4553605699797312e-17,9.536414738420417e-18,3.015679128540736e-18,1.4322247857612015e-17
wcf_sensitivity_v1_sym_null,SYM-LIN-NULL,1000,25,10,causal_drf,tcate_functional_rmse,TCATE-K-grid_upper_tail_mean,10,0.0769227275596647,0.020678219615247007,0.006539027194135119,0.07461076798703309
wcf_sensitivity_v1_sym_null,SYM-LIN-NULL,1000,25,10,cwdb_dr,arm_energy_risk,LAW-A-M-K,10,0.04524150616631549,0.0022278693889796084,0.0007045141598543193,0.044171943320133855
wcf_sensitivity_v1_sym_null,SYM-LIN-NULL,1000,25,10,cwdb_dr,barycenter_rmse,MEANQ-A-K,10,0.14905882233955414,0.007532283199784377,0.002381917089273973,0.14892513593128637
wcf_sensitivity_v1_sym_null,SYM-LIN-NULL,1000,25,10,cwdb_dr,diagnostic_dense_dr_n_levels,NONE_OPERATIONAL,10,199.0,0.0,0.0,199.0
wcf_sensitivity_v1_sym_null,SYM-LIN-NULL,1000,25,10,cwdb_dr,diagnostic_dr_if_se_reference,NONE_OPERATIONAL,10,0.017559211352285574,0.0007848540949937894,0.0002481926571090531,0.017919643014002
wcf_sensitivity_v1_sym_null,SYM-LIN-NULL,1000,25,10,cwdb_dr,diagnostic_effective_support,NONE_OPERATIONAL,10,9.999999999999998,0.0,0.0,9.999999999999998
wcf_sensitivity_v1_sym_null,SYM-LIN-NULL,1000,25,10,cwdb_dr,diagnostic_ehat_mean,NONE_OPERATIONAL,10,0.4995348205010391,0.014698919708145974,0.0046482065421678724,0.5050192811149504
wcf_sensitivity_v1_sym_null,SYM-LIN-NULL,1000,25,10,cwdb_dr,diagnostic_n_boosting_steps,NONE_OPERATIONAL,10,100.0,0.0,0.0,100.0
wcf_sensitivity_v1_sym_null,SYM-LIN-NULL,1000,25,10,cwdb_dr,diagnostic_selected_contrast_shrinkage,NONE_OPERATIONAL,10,315.0,239.26972228010797,75.66372975210777,500.0
wcf_sensitivity_v1_sym_null,SYM-LIN-NULL,1000,25,10,cwdb_dr,diagnostic_train_risk,NONE_OPERATIONAL,10,0.05817587987146129,0.005100674569344755,0.0016129749242427887,0.0571424966278719
wcf_sensitivity_v1_sym_null,SYM-LIN-NULL,1000,25,10,cwdb_dr,kernel_law_error,LAW-A-COMMON199,10,0.03039257874511141,0.0019854683713314077,0.0006278602275632206,0.03024136678512454
wcf_sensitivity_v1_sym_null,SYM-LIN-NULL,1000,25,10,cwdb_dr,kernel_law_error,LAW-A-INTERIOR,10,0.019925021683780204,0.0018526089764498539,0.0005858463979254779,0.019662710063726507
wcf_sensitivity_v1_sym_null,SYM-LIN-NULL,1000,25,10,cwdb_dr,kernel_law_error,LAW-A-K,10,0.02008484832798351,0.0018546403803924145,0.0005864887842561117,0.019812398099209545
wcf_sensitivity_v1_sym_null,SYM-LIN-NULL,1000,25,10,cwdb_dr,mean_quantile_rmse,MEANQ-A-COMMON199,10,0.033567450037208034,0.033979360382444763,0.010745217224421554,0.02155554976600129
wcf_sensitivity_v1_sym_null,SYM-LIN-NULL,1000,25,10,cwdb_dr,mean_quantile_rmse,MEANQ-A-INTERIOR,10,0.03325614675850304,0.03360224259501641,0.010625962108977873,0.021515826415217498
wcf_sensitivity_v1_sym_null,SYM-LIN-NULL,1000,25,10,cwdb_dr,mean_quantile_rmse,MEANQ-A-K,10,0.0335797844595719,0.03400323058260483,0.010752765644492547,0.021556588652266766
wcf_sensitivity_v1_sym_null,SYM-LIN-NULL,1000,25,10,cwdb_dr,mode_coverage,LAW-A-K,10,1.0,0.0,0.0,1.0
wcf_sensitivity_v1_sym_null,SYM-LIN-NULL,1000,25,10,cwdb_dr,peak_ram,NONE_OPERATIONAL,10,0.0,0.0,0.0,0.0
wcf_sensitivity_v1_sym_null,SYM-LIN-NULL,1000,25,10,cwdb_dr,process_peak_ram,NONE_OPERATIONAL,10,389.772265625,3.4364261313867734,1.086693358610324,391.796875
wcf_sensitivity_v1_sym_null,SYM-LIN-NULL,1000,25,10,cwdb_dr,reference_effect_rmse,REF-ATE-COMMON199,10,0.013287174594666246,0.01293218142601939,0.0040895148420745575,0.005274306445225389
wcf_sensitivity_v1_sym_null,SYM-LIN-NULL,1000,25,10,cwdb_dr,reference_effect_rmse,REF-ATE-K,10,0.013772448926903134,0.012698317827657837,0.004015560678812024,0.006258777113976401
wcf_sensitivity_v1_sym_null,SYM-LIN-NULL,1000,25,10,cwdb_dr,reference_tcate_rmse,REF-TCATE-COMMON199,10,0.032574108151511724,0.008291342183989981,0.0026219526161243216,0.03091140781181046
wcf_sensitivity_v1_sym_null,SYM-LIN-NULL,1000,25,10,cwdb_dr,reference_tcate_rmse,REF-TCATE-INTERIOR,10,0.03380023199126621,0.008319559670026537,0.002630875768696273,0.03189655286494769
wcf_sensitivity_v1_sym_null,SYM-LIN-NULL,1000,25,10,cwdb_dr,reference_tcate_rmse,REF-TCATE-K,10,0.032699620728164215,0.008176624533284074,0.0025856757097188925,0.03115807557668465
wcf_sensitivity_v1_sym_null,SYM-LIN-NULL,1000,25,10,cwdb_dr,runtime,NONE_OPERATIONAL,10,470.8398851416001,7.806801872045692,2.468727515733077,472.33628829800364
wcf_sensitivity_v1_sym_null,SYM-LIN-NULL,1000,25,10,cwdb_dr,tail_calibration,LAW-A-K,10,0.04590981291201214,0.006622402783833157,0.0020941876379952473,0.04613211354873428
wcf_sensitivity_v1_sym_null,SYM-LIN-NULL,1000,25,10,cwdb_dr,tate_functional_rmse,TATE-COMMON199-grid_mean,10,0.012800130980459925,0.01059919093357793,0.0033517584705112713,0.009514509489352844
wcf_sensitivity_v1_sym_null,SYM-LIN-NULL,1000,25,10,cwdb_dr,tate_functional_rmse,TATE-COMMON199-grid_sd,10,0.0015901481562754535,0.0011120482812048973,0.00035166054366828905,0.0012196162503844204
wcf_sensitivity_v1_sym_null,SYM-LIN-NULL,1000,25,10,cwdb_dr,tate_functional_rmse,TATE-COMMON199-grid_skewness,10,0.00018678607796064977,0.00017131610134926226,5.41749080123914e-05,0.00011234707006473594
wcf_sensitivity_v1_sym_null,SYM-LIN-NULL,1000,25,10,cwdb_dr,tate_functional_rmse,TATE-COMMON199-grid_upper_tail_mean,10,0.013098097097867616,0.011090916977828661,0.003507255898976977,0.010773557634589717
wcf_sensitivity_v1_sym_null,SYM-LIN-NULL,1000,25,10,cwdb_dr,tate_functional_rmse,TATE-K-grid_mean,10,0.013080157189119385,0.01104867438799967,0.0034938976191645895,0.009823348115832142
wcf_sensitivity_v1_sym_null,SYM-LIN-NULL,1000,25,10,cwdb_dr,tate_functional_rmse,TATE-K-grid_sd,10,0.0016068658186423296,0.0011449800436349623,0.0003620744813325457,0.0013783830021696973
wcf_sensitivity_v1_sym_null,SYM-LIN-NULL,1000,25,10,cwdb_dr,tate_functional_rmse,TATE-K-grid_skewness,10,0.0002147760624648286,0.00019770167942880694,6.251876042354866e-05,0.00012751604677227493
wcf_sensitivity_v1_sym_null,SYM-LIN-NULL,1000,25,10,cwdb_dr,tate_functional_rmse,TATE-K-grid_upper_tail_mean,10,0.013474681855436326,0.0114317561876351,0.0036150387208650115,0.010445801327142547
wcf_sensitivity_v1_sym_null,SYM-LIN-NULL,1000,25,10,cwdb_dr,tcate_functional_rmse,TCATE-COMMON199-grid_mean,10,0.03393230183448383,0.017381390915688223,0.005496478419533448,0.034904666623126177
wcf_sensitivity_v1_sym_null,SYM-LIN-NULL,1000,25,10,cwdb_dr,tcate_functional_rmse,TCATE-COMMON199-grid_sd,10,0.002858069247690563,0.0011063113388601509,0.0003498463632068425,0.002596372617180105
wcf_sensitivity_v1_sym_null,SYM-LIN-NULL,1000,25,10,cwdb_dr,tcate_functional_rmse,TCATE-COMMON199-grid_skewness,10,0.0006225465881004778,0.00042114171477873385,0.00013317670364097935,0.0005280560377881889
wcf_sensitivity_v1_sym_null,SYM-LIN-NULL,1000,25,10,cwdb_dr,tcate_functional_rmse,TCATE-COMMON199-grid_upper_tail_mean,10,0.03399051351665913,0.016813081467972765,0.005316763192476126,0.03515278962966156
wcf_sensitivity_v1_sym_null,SYM-LIN-NULL,1000,25,10,cwdb_dr,tcate_functional_rmse,TCATE-K-grid_mean,10,0.033932300703676574,0.017381392013674522,0.005496478766747202,0.03490466474745593
wcf_sensitivity_v1_sym_null,SYM-LIN-NULL,1000,25,10,cwdb_dr,tcate_functional_rmse,TCATE-K-grid_sd,10,0.0028671982145365847,0.001109589617890888,0.0003508830460611123,0.002605269903289958
wcf_sensitivity_v1_sym_null,SYM-LIN-NULL,1000,25,10,cwdb_dr,tcate_functional_rmse,TCATE-K-grid_skewness,10,0.000674805331877149,0.0004872362323865963,0.00015407762529007424,0.0005620986575433271
wcf_sensitivity_v1_sym_null,SYM-LIN-NULL,1000,25,10,cwdb_dr,tcate_functional_rmse,TCATE-K-grid_upper_tail_mean,10,0.03398593115396159,0.01683345024317597,0.005323204364755134,0.035145416954294684
wcf_sensitivity_v1_sym_null,SYM-LIN-NULL,1000,25,10,drf,arm_energy_risk,LAW-A-M-K,10,0.06304785859676555,0.004541375364530132,0.0014361089861692666,0.062474555459002504
wcf_sensitivity_v1_sym_null,SYM-LIN-NULL,1000,25,10,drf,barycenter_rmse,MEANQ-A-K,10,0.23368511283712898,0.006440022498605761,0.0020365139278322743,0.23231980709683947
wcf_sensitivity_v1_sym_null,SYM-LIN-NULL,1000,25,10,drf,diagnostic_effective_support,NONE_OPERATIONAL,10,190.34957472749323,3.9165751343050976,1.238529805158398,190.72046420104226
wcf_sensitivity_v1_sym_null,SYM-LIN-NULL,1000,25,10,drf,kernel_law_error,LAW-A-COMMON199,10,0.05846206265150672,0.004643462275408408,0.001468391701935864,0.058974351456018925
wcf_sensitivity_v1_sym_null,SYM-LIN-NULL,1000,25,10,drf,kernel_law_error,LAW-A-INTERIOR,10,0.04806287593396901,0.004631340506970113,0.0014645584621824483,0.048210751947941194
wcf_sensitivity_v1_sym_null,SYM-LIN-NULL,1000,25,10,drf,kernel_law_error,LAW-A-K,10,0.04874318877066687,0.0045990211134939885,0.0014543381725844744,0.04894027840035923
wcf_sensitivity_v1_sym_null,SYM-LIN-NULL,1000,25,10,drf,mean_quantile_rmse,MEANQ-A-COMMON199,10,0.08736999585933122,0.01570133672918933,0.004965198637349667,0.09190685154938841
wcf_sensitivity_v1_sym_null,SYM-LIN-NULL,1000,25,10,drf,mean_quantile_rmse,MEANQ-A-INTERIOR,10,0.08720550515630945,0.01573458372208204,0.004975712259638906,0.091767426482625
wcf_sensitivity_v1_sym_null,SYM-LIN-NULL,1000,25,10,drf,mean_quantile_rmse,MEANQ-A-K,10,0.08737217720518042,0.015700897638019806,0.00496505978453005,0.09190870121668882
wcf_sensitivity_v1_sym_null,SYM-LIN-NULL,1000,25,10,drf,mode_coverage,LAW-A-K,10,1.0,0.0,0.0,1.0
wcf_sensitivity_v1_sym_null,SYM-LIN-NULL,1000,25,10,drf,peak_ram,NONE_OPERATIONAL,10,485.57,4.940321626956869,1.5622668714972407,486.4
wcf_sensitivity_v1_sym_null,SYM-LIN-NULL,1000,25,10,drf,process_peak_ram,NONE_OPERATIONAL,10,391.881640625,4.081771884204333,1.2907696043322754,392.34375
wcf_sensitivity_v1_sym_null,SYM-LIN-NULL,1000,25,10,drf,reference_effect_rmse,REF-ATE-COMMON199,10,0.015802141463877154,0.011768938524865814,0.0037216651381078163,0.013970899489622594
wcf_sensitivity_v1_sym_null,SYM-LIN-NULL,1000,25,10,drf,reference_effect_rmse,REF-ATE-K,10,0.01563394935533417,0.011887666712267304,0.0037592102875730177,0.01396349036713701
wcf_sensitivity_v1_sym_null,SYM-LIN-NULL,1000,25,10,drf,reference_tcate_rmse,REF-TCATE-COMMON199,10,0.03105239865679486,0.011636736118529414,0.003679859066490006,0.027966420061682068
wcf_sensitivity_v1_sym_null,SYM-LIN-NULL,1000,25,10,drf,reference_tcate_rmse,REF-TCATE-INTERIOR,10,0.03234514130264153,0.011847537861644036,0.0037465204307875984,0.02962182957349492
wcf_sensitivity_v1_sym_null,SYM-LIN-NULL,1000,25,10,drf,reference_tcate_rmse,REF-TCATE-K,10,0.03106281537286502,0.011634466854153362,0.0036791414620858656,0.027961880097560156
wcf_sensitivity_v1_sym_null,SYM-LIN-NULL,1000,25,10,drf,runtime,NONE_OPERATIONAL,10,35.758799999999994,1.6680542756956875,0.5274850771980819,36.0035
wcf_sensitivity_v1_sym_null,SYM-LIN-NULL,1000,25,10,drf,tail_calibration,LAW-A-K,10,0.06689653992986157,0.0070336752160454,0.0022242434004580364,0.0651129705265189
wcf_sensitivity_v1_sym_null,SYM-LIN-NULL,1000,25,10,drf,tate_functional_rmse,TATE-COMMON199-grid_mean,10,0.02250392250386755,0.020522528872507027,0.006489793458368953,0.016255681932270435
wcf_sensitivity_v1_sym_null,SYM-LIN-NULL,1000,25,10,drf,tate_functional_rmse,TATE-COMMON199-grid_sd,10,0.005346794368183458,0.0012111432493556763,0.00038299712407011957,0.0055747084489585754
wcf_sensitivity_v1_sym_null,SYM-LIN-NULL,1000,25,10,drf,tate_functional_rmse,TATE-COMMON199-grid_skewness,10,1.676894014689789e-17,1.34797738307922e-17,4.262678764923651e-18,1.2863947188846404e-17
wcf_sensitivity_v1_sym_null,SYM-LIN-NULL,1000,25,10,drf,tate_functional_rmse,TATE-COMMON199-grid_upper_tail_mean,10,0.019761755490241513,0.02049024399506262,0.00647958408369858,0.013677825423649082
wcf_sensitivity_v1_sym_null,SYM-LIN-NULL,1000,25,10,drf,tate_functional_rmse,TATE-K-grid_mean,10,0.022503922503867558,0.02052252887250703,0.006489793458368954,0.016255681932270432
wcf_sensitivity_v1_sym_null,SYM-LIN-NULL,1000,25,10,drf,tate_functional_rmse,TATE-K-grid_sd,10,0.005365721848097799,0.001215430657463607,0.000384352921558093,0.005594442737380797
wcf_sensitivity_v1_sym_null,SYM-LIN-NULL,1000,25,10,drf,tate_functional_rmse,TATE-K-grid_skewness,10,1.2444387909438011e-17,9.256192621199446e-18,2.92706511442344e-18,1.1546480756208901e-17
wcf_sensitivity_v1_sym_null,SYM-LIN-NULL,1000,25,10,drf,tate_functional_rmse,TATE-K-grid_upper_tail_mean,10,0.019853906790427485,0.020480811302087665,0.006476601204271588,0.013691925890548608
wcf_sensitivity_v1_sym_null,SYM-LIN-NULL,1000,25,10,drf,tcate_functional_rmse,TCATE-COMMON199-grid_mean,10,0.04384525591648916,0.01945769232453024,0.006153062575629172,0.03854593321305319
wcf_sensitivity_v1_sym_null,SYM-LIN-NULL,1000,25,10,drf,tcate_functional_rmse,TCATE-COMMON199-grid_sd,10,0.006090459506372488,0.001112062747639278,0.0003516651183565155,0.006074264917902933
wcf_sensitivity_v1_sym_null,SYM-LIN-NULL,1000,25,10,drf,tcate_functional_rmse,TCATE-COMMON199-grid_skewness,10,2.693838005577132e-17,1.213269122087568e-17,3.836693840549618e-18,2.2593293859246348e-17
wcf_sensitivity_v1_sym_null,SYM-LIN-NULL,1000,25,10,drf,tcate_functional_rmse,TCATE-COMMON199-grid_upper_tail_mean,10,0.042773836197098944,0.0192529392103868,0.0060883139557586004,0.039078439310380825
wcf_sensitivity_v1_sym_null,SYM-LIN-NULL,1000,25,10,drf,tcate_functional_rmse,TCATE-K-grid_mean,10,0.04384525591648916,0.01945769232453024,0.006153062575629172,0.03854593321305319
wcf_sensitivity_v1_sym_null,SYM-LIN-NULL,1000,25,10,drf,tcate_functional_rmse,TCATE-K-grid_sd,10,0.006112019536932455,0.0011159994139611834,0.00035291000155304535,0.006095767620141124
wcf_sensitivity_v1_sym_null,SYM-LIN-NULL,1000,25,10,drf,tcate_functional_rmse,TCATE-K-grid_skewness,10,1.4895291039870683e-17,8.812089368608546e-18,2.7866273349758083e-18,1.2467531983113257e-17
wcf_sensitivity_v1_sym_null,SYM-LIN-NULL,1000,25,10,drf,tcate_functional_rmse,TCATE-K-grid_upper_tail_mean,10,0.04280055976032566,0.019260560781547142,0.0060907241081801745,0.03907471689003697
wcf_sensitivity_v1_sym_null,SYM-MU-NULL,500,25,10,causal_drf,arm_energy_risk,LAW-A-M-K,10,0.08545101324240383,0.004689341198353172,0.0014828998912459453,0.08560515241402214
wcf_sensitivity_v1_sym_null,SYM-MU-NULL,500,25,10,causal_drf,barycenter_rmse,MEANQ-A-K,10,0.2963514524069981,0.006767633924125666,0.0021401137570460256,0.2988501222537024
wcf_sensitivity_v1_sym_null,SYM-MU-NULL,500,25,10,causal_drf,diagnostic_effective_support,NONE_OPERATIONAL,10,100.01269551466685,2.928613604014575,0.9261089375240494,100.3220632237879
wcf_sensitivity_v1_sym_null,SYM-MU-NULL,500,25,10,causal_drf,kernel_law_error,LAW-A-COMMON199,10,0.08016608370248568,0.00463993446235803,0.001467276109496018,0.08068560031265701
wcf_sensitivity_v1_sym_null,SYM-MU-NULL,500,25,10,causal_drf,kernel_law_error,LAW-A-INTERIOR,10,0.07019677265099679,0.004619599207410883,0.0014608455372526986,0.07050740738753654
wcf_sensitivity_v1_sym_null,SYM-MU-NULL,500,25,10,causal_drf,kernel_law_error,LAW-A-K,10,0.07072896527181302,0.004603089775297574,0.0014556247964173001,0.07108212745397809
wcf_sensitivity_v1_sym_null,SYM-MU-NULL,500,25,10,causal_drf,mean_quantile_rmse,MEANQ-A-COMMON199,10,0.19933134720513543,0.020316712958438392,0.0064247087516523145,0.19843963644380214
wcf_sensitivity_v1_sym_null,SYM-MU-NULL,500,25,10,causal_drf,mean_quantile_rmse,MEANQ-A-INTERIOR,10,0.19929095531785151,0.020324693903652186,0.006427232548127975,0.198400692341981
wcf_sensitivity_v1_sym_null,SYM-MU-NULL,500,25,10,causal_drf,mean_quantile_rmse,MEANQ-A-K,10,0.19933188340666194,0.020316607097806815,0.006424675275581282,0.1984401534350937
wcf_sensitivity_v1_sym_null,SYM-MU-NULL,500,25,10,causal_drf,mode_coverage,LAW-A-K,10,1.0,0.0,0.0,1.0
wcf_sensitivity_v1_sym_null,SYM-MU-NULL,500,25,10,causal_drf,peak_ram,NONE_OPERATIONAL,10,304.41249,0.2087386907116169,0.0660089698450143,304.44725
wcf_sensitivity_v1_sym_null,SYM-MU-NULL,500,25,10,causal_drf,process_peak_ram,NONE_OPERATIONAL,10,392.0421875,5.395677734645188,1.7062631161736406,391.91015625
wcf_sensitivity_v1_sym_null,SYM-MU-NULL,500,25,10,causal_drf,reference_effect_rmse,REF-ATE-COMMON199,10,0.02075632394643028,0.013145026649340414,0.004156822411552719,0.02213836918377731
wcf_sensitivity_v1_sym_null,SYM-MU-NULL,500,25,10,causal_drf,reference_effect_rmse,REF-ATE-K,10,0.020802249582682956,0.01336822050633018,0.004227402506337274,0.022028852794562757
wcf_sensitivity_v1_sym_null,SYM-MU-NULL,500,25,10,causal_drf,reference_tcate_rmse,REF-TCATE-COMMON199,10,0.056575127665642364,0.008563474246165294,0.002708008330207576,0.05422116713167158
wcf_sensitivity_v1_sym_null,SYM-MU-NULL,500,25,10,causal_drf,reference_tcate_rmse,REF-TCATE-INTERIOR,10,0.058556806035466535,0.009467080751163894,0.002993753796641566,0.05572899677836379
wcf_sensitivity_v1_sym_null,SYM-MU-NULL,500,25,10,causal_drf,reference_tcate_rmse,REF-TCATE-K,10,0.05685324739620186,0.00852126815774451,0.0026946615931539627,0.05452557729180532
wcf_sensitivity_v1_sym_null,SYM-MU-NULL,500,25,10,causal_drf,runtime,NONE_OPERATIONAL,10,22.413400000000003,2.3178002598249154,0.7329527982376794,23.7545
wcf_sensitivity_v1_sym_null,SYM-MU-NULL,500,25,10,causal_drf,tail_calibration,LAW-A-K,10,0.06940690735261207,0.006910768952340723,0.0021853770272572304,0.06778472092536458
wcf_sensitivity_v1_sym_null,SYM-MU-NULL,500,25,10,causal_drf,tate_functional_rmse,TATE-COMMON199-grid_mean,10,0.19171359275355476,0.019395537946525026,0.0061334076355244165,0.1927332245099052
wcf_sensitivity_v1_sym_null,SYM-MU-NULL,500,25,10,causal_drf,tate_functional_rmse,TATE-COMMON199-grid_sd,10,0.0023518959572480006,0.0016199680621712864,0.0005122788813190519,0.0021463702460207527
wcf_sensitivity_v1_sym_null,SYM-MU-NULL,500,25,10,causal_drf,tate_functional_rmse,TATE-COMMON199-grid_skewness,10,3.6199007941750306e-17,2.440892963464771e-17,7.718781289226837e-18,3.0968884707078694e-17
wcf_sensitivity_v1_sym_null,SYM-MU-NULL,500,25,10,causal_drf,tate_functional_rmse,TATE-COMMON199-grid_upper_tail_mean,10,0.19200400339766854,0.01857353382882724,0.005873467109728204,0.19319261460741982
wcf_sensitivity_v1_sym_null,SYM-MU-NULL,500,25,10,causal_drf,tate_functional_rmse,TATE-K-grid_mean,10,0.19171359275355476,0.019395537946525026,0.0061334076355244165,0.1927332245099052
wcf_sensitivity_v1_sym_null,SYM-MU-NULL,500,25,10,causal_drf,tate_functional_rmse,TATE-K-grid_sd,10,0.002360221593213389,0.0016257026969537759,0.000514092332065241,0.002153968327585647
wcf_sensitivity_v1_sym_null,SYM-MU-NULL,500,25,10,causal_drf,tate_functional_rmse,TATE-K-grid_skewness,10,1.5065345281940546e-17,8.032843490626527e-18,2.540208151803725e-18,1.56627526692083e-17
wcf_sensitivity_v1_sym_null,SYM-MU-NULL,500,25,10,causal_drf,tate_functional_rmse,TATE-K-grid_upper_tail_mean,10,0.19199424406561116,0.018596846508643815,0.005880839226386466,0.1931771766729075
wcf_sensitivity_v1_sym_null,SYM-MU-NULL,500,25,10,causal_drf,tcate_functional_rmse,TCATE-COMMON199-grid_mean,10,0.19577988924517145,0.02135867429789375,0.006754205858304194,0.19444693773839106
wcf_sensitivity_v1_sym_null,SYM-MU-NULL,500,25,10,causal_drf,tcate_functional_rmse,TCATE-COMMON199-grid_sd,10,0.003907509761082068,0.001261314121278768,0.0003988625468174758,0.0038312551737161873
wcf_sensitivity_v1_sym_null,SYM-MU-NULL,500,25,10,causal_drf,tcate_functional_rmse,TCATE-COMMON199-grid_skewness,10,5.049369393252955e-17,2.033524765550058e-17,6.4305699374980885e-18,5.011042709709122e-17
wcf_sensitivity_v1_sym_null,SYM-MU-NULL,500,25,10,causal_drf,tcate_functional_rmse,TCATE-COMMON199-grid_upper_tail_mean,10,0.1961734752765488,0.02076804447712569,0.006567432309539785,0.1950919784703794
wcf_sensitivity_v1_sym_null,SYM-MU-NULL,500,25,10,causal_drf,tcate_functional_rmse,TCATE-K-grid_mean,10,0.19577988924517148,0.02135867429789375,0.006754205858304194,0.19444693773839106
wcf_sensitivity_v1_sym_null,SYM-MU-NULL,500,25,10,causal_drf,tcate_functional_rmse,TCATE-K-grid_sd,10,0.003921342219827417,0.0012657791326579622,0.0004002745073911581,0.003844817693677412
wcf_sensitivity_v1_sym_null,SYM-MU-NULL,500,25,10,causal_drf,tcate_functional_rmse,TCATE-K-grid_skewness,10,1.8338075907653867e-17,7.728933064814656e-18,2.444103236780011e-18,1.749665256105013e-17
wcf_sensitivity_v1_sym_null,SYM-MU-NULL,500,25,10,causal_drf,tcate_functional_rmse,TCATE-K-grid_upper_tail_mean,10,0.1961597160619168,0.020784451755918667,0.006572620746658904,0.19506948127331086
wcf_sensitivity_v1_sym_null,SYM-MU-NULL,500,25,10,cwdb_dr,arm_energy_risk,LAW-A-M-K,10,0.052591918901348525,0.0028869618996976228,0.0009129375121171057,0.05292649766924505
wcf_sensitivity_v1_sym_null,SYM-MU-NULL,500,25,10,cwdb_dr,barycenter_rmse,MEANQ-A-K,10,0.16676356233400655,0.00972926611768256,0.00307666408937807,0.1667642931326449
wcf_sensitivity_v1_sym_null,SYM-MU-NULL,500,25,10,cwdb_dr,diagnostic_dense_dr_n_levels,NONE_OPERATIONAL,10,199.0,0.0,0.0,199.0
wcf_sensitivity_v1_sym_null,SYM-MU-NULL,500,25,10,cwdb_dr,diagnostic_dr_if_se_reference,NONE_OPERATIONAL,10,0.02276522218367283,0.0008735918404878299,0.00027625399612800426,0.02256456341992854
wcf_sensitivity_v1_sym_null,SYM-MU-NULL,500,25,10,cwdb_dr,diagnostic_effective_support,NONE_OPERATIONAL,10,9.999999999999998,0.0,0.0,9.999999999999998
wcf_sensitivity_v1_sym_null,SYM-MU-NULL,500,25,10,cwdb_dr,diagnostic_ehat_mean,NONE_OPERATIONAL,10,0.5116372094735555,0.01662325330680652,0.005256734257143439,0.5124704053585386
wcf_sensitivity_v1_sym_null,SYM-MU-NULL,500,25,10,cwdb_dr,diagnostic_n_boosting_steps,NONE_OPERATIONAL,10,100.0,0.0,0.0,100.0
wcf_sensitivity_v1_sym_null,SYM-MU-NULL,500,25,10,cwdb_dr,diagnostic_selected_contrast_shrinkage,NONE_OPERATIONAL,10,265.0,248.3836638034886,78.54581111965452,275.0
wcf_sensitivity_v1_sym_null,SYM-MU-NULL,500,25,10,cwdb_dr,diagnostic_train_risk,NONE_OPERATIONAL,10,0.03658950841350234,0.004017607344901738,0.0012704789954111162,0.0361758180497134
wcf_sensitivity_v1_sym_null,SYM-MU-NULL,500,25,10,cwdb_dr,kernel_law_error,LAW-A-COMMON199,10,0.0353392496084388,0.00310560531412486,0.0009820786306157245,0.034755997444353426
wcf_sensitivity_v1_sym_null,SYM-MU-NULL,500,25,10,cwdb_dr,kernel_law_error,LAW-A-INTERIOR,10,0.02476432886163335,0.0028069617143501617,0.0008876392322237452,0.024616053584947152
wcf_sensitivity_v1_sym_null,SYM-MU-NULL,500,25,10,cwdb_dr,kernel_law_error,LAW-A-K,10,0.025087931717592167,0.0028350891073688138,0.0008965338948819111,0.024837572912967038
wcf_sensitivity_v1_sym_null,SYM-MU-NULL,500,25,10,cwdb_dr,mean_quantile_rmse,MEANQ-A-COMMON199,10,0.04865751724287566,0.048120887759727636,0.015217160835005671,0.03090666085599443
wcf_sensitivity_v1_sym_null,SYM-MU-NULL,500,25,10,cwdb_dr,mean_quantile_rmse,MEANQ-A-INTERIOR,10,0.047929476668479576,0.0472148226566378,0.014930637891589757,0.03045145439010914
wcf_sensitivity_v1_sym_null,SYM-MU-NULL,500,25,10,cwdb_dr,mean_quantile_rmse,MEANQ-A-K,10,0.04870519732679754,0.048203238813973946,0.015243202524919112,0.030915916951598555
wcf_sensitivity_v1_sym_null,SYM-MU-NULL,500,25,10,cwdb_dr,mode_coverage,LAW-A-K,10,1.0,0.0,0.0,1.0
wcf_sensitivity_v1_sym_null,SYM-MU-NULL,500,25,10,cwdb_dr,peak_ram,NONE_OPERATIONAL,10,0.0,0.0,0.0,0.0
wcf_sensitivity_v1_sym_null,SYM-MU-NULL,500,25,10,cwdb_dr,process_peak_ram,NONE_OPERATIONAL,10,392.0421875,5.395677734645188,1.7062631161736406,391.91015625
wcf_sensitivity_v1_sym_null,SYM-MU-NULL,500,25,10,cwdb_dr,reference_effect_rmse,REF-ATE-COMMON199,10,0.017670716999598074,0.013530248851276185,0.004278640367890956,0.015963910132143357
wcf_sensitivity_v1_sym_null,SYM-MU-NULL,500,25,10,cwdb_dr,reference_effect_rmse,REF-ATE-K,10,0.01704656494664222,0.0139752057283218,0.004419348087092919,0.01498380237583831
wcf_sensitivity_v1_sym_null,SYM-MU-NULL,500,25,10,cwdb_dr,reference_tcate_rmse,REF-TCATE-COMMON199,10,0.039456548712056935,0.019626105797298222,0.006206319591889728,0.03174148181339944
wcf_sensitivity_v1_sym_null,SYM-MU-NULL,500,25,10,cwdb_dr,reference_tcate_rmse,REF-TCATE-INTERIOR,10,0.04064794198636977,0.02008295956413279,0.006350789437972201,0.0333048904813497
wcf_sensitivity_v1_sym_null,SYM-MU-NULL,500,25,10,cwdb_dr,reference_tcate_rmse,REF-TCATE-K,10,0.03950816849912403,0.019733860838687535,0.006240394727905323,0.031861040392871035
wcf_sensitivity_v1_sym_null,SYM-MU-NULL,500,25,10,cwdb_dr,runtime,NONE_OPERATIONAL,10,218.9764598517977,3.65281564481093,1.1551217310299156,219.83099238449722
wcf_sensitivity_v1_sym_null,SYM-MU-NULL,500,25,10,cwdb_dr,tail_calibration,LAW-A-K,10,0.0515351555732072,0.006455257583584657,0.0020413316847202275,0.05180130955148699
wcf_sensitivity_v1_sym_null,SYM-MU-NULL,500,25,10,cwdb_dr,tate_functional_rmse,TATE-COMMON199-grid_mean,10,0.03408717499004904,0.020627146820445627,0.006522876558330842,0.03292815978786716
wcf_sensitivity_v1_sym_null,SYM-MU-NULL,500,25,10,cwdb_dr,tate_functional_rmse,TATE-COMMON199-grid_sd,10,0.0017905804076996739,0.0009685335033057368,0.0003062771860628348,0.0020233261524745983
wcf_sensitivity_v1_sym_null,SYM-MU-NULL,500,25,10,cwdb_dr,tate_functional_rmse,TATE-COMMON199-grid_skewness,10,0.0003234244149271725,0.0003856291241549165,0.00012194663644253908,0.00023285752350977047
wcf_sensitivity_v1_sym_null,SYM-MU-NULL,500,25,10,cwdb_dr,tate_functional_rmse,TATE-COMMON199-grid_upper_tail_mean,10,0.034550814942899175,0.020846851806353324,0.006592353375207194,0.030654407046122586
wcf_sensitivity_v1_sym_null,SYM-MU-NULL,500,25,10,cwdb_dr,tate_functional_rmse,TATE-K-grid_mean,10,0.03361579052107753,0.020321232757117,0.006426138037491296,0.033707460552864374
wcf_sensitivity_v1_sym_null,SYM-MU-NULL,500,25,10,cwdb_dr,tate_functional_rmse,TATE-K-grid_sd,10,0.0017841682612684945,0.0011032226004353645,0.0003488696183549619,0.0019129638233600197
wcf_sensitivity_v1_sym_null,SYM-MU-NULL,500,25,10,cwdb_dr,tate_functional_rmse,TATE-K-grid_skewness,10,0.00035914534089802227,0.00045499625806231966,0.00014388245023306802,0.00022079957764886167
wcf_sensitivity_v1_sym_null,SYM-MU-NULL,500,25,10,cwdb_dr,tate_functional_rmse,TATE-K-grid_upper_tail_mean,10,0.03400701339680691,0.02055347907545095,0.006499580771903677,0.03137031949722614
wcf_sensitivity_v1_sym_null,SYM-MU-NULL,500,25,10,cwdb_dr,tcate_functional_rmse,TCATE-COMMON199-grid_mean,10,0.05732207788019402,0.020650510235610205,0.006530264718914861,0.05369434891257476
wcf_sensitivity_v1_sym_null,SYM-MU-NULL,500,25,10,cwdb_dr,tcate_functional_rmse,TCATE-COMMON199-grid_sd,10,0.004465218023786141,0.0015038008768279325,0.00047554359181345917,0.004335995853214358
wcf_sensitivity_v1_sym_null,SYM-MU-NULL,500,25,10,cwdb_dr,tcate_functional_rmse,TCATE-COMMON199-grid_skewness,10,0.0016692543623774263,0.0009069258425088567,0.00028679513311951433,0.001489940840624562
wcf_sensitivity_v1_sym_null,SYM-MU-NULL,500,25,10,cwdb_dr,tcate_functional_rmse,TCATE-COMMON199-grid_upper_tail_mean,10,0.05772516709966695,0.021052206870539655,0.006657292348395081,0.055387389167151066
wcf_sensitivity_v1_sym_null,SYM-MU-NULL,500,25,10,cwdb_dr,tcate_functional_rmse,TCATE-K-grid_mean,10,0.05732207760756321,0.020650514216013202,0.006530265977628808,0.053694347110400636
wcf_sensitivity_v1_sym_null,SYM-MU-NULL,500,25,10,cwdb_dr,tcate_functional_rmse,TCATE-K-grid_sd,10,0.004485979631905381,0.0015104832189976128,0.00047765673394953724,0.004349140115851178
wcf_sensitivity_v1_sym_null,SYM-MU-NULL,500,25,10,cwdb_dr,tcate_functional_rmse,TCATE-K-grid_skewness,10,0.0017443671830024662,0.0010063026504607637,0.0003182208390920302,0.0015157418780116796
wcf_sensitivity_v1_sym_null,SYM-MU-NULL,500,25,10,cwdb_dr,tcate_functional_rmse,TCATE-K-grid_upper_tail_mean,10,0.057708523394458776,0.021033110447618044,0.006651253529235668,0.055331631199230735
wcf_sensitivity_v1_sym_null,SYM-MU-NULL,500,25,10,drf,arm_energy_risk,LAW-A-M-K,10,0.08127274594628218,0.006012337733278282,0.0019012681299333304,0.08026252544277984
wcf_sensitivity_v1_sym_null,SYM-MU-NULL,500,25,10,drf,barycenter_rmse,MEANQ-A-K,10,0.2796791002903911,0.008879980666582566,0.002808096448466116,0.27805387385112124
wcf_sensitivity_v1_sym_null,SYM-MU-NULL,500,25,10,drf,diagnostic_effective_support,NONE_OPERATIONAL,10,136.38123137700617,1.8670590481695055,0.5904159118241665,136.7841266327214
wcf_sensitivity_v1_sym_null,SYM-MU-NULL,500,25,10,drf,kernel_law_error,LAW-A-COMMON199,10,0.07554796017964632,0.005904932550228669,0.0018673036288389215,0.07484987929315065
wcf_sensitivity_v1_sym_null,SYM-MU-NULL,500,25,10,drf,kernel_law_error,LAW-A-INTERIOR,10,0.06525498000794727,0.00598913851393785,0.0018939318926279708,0.06435081021868885
wcf_sensitivity_v1_sym_null,SYM-MU-NULL,500,25,10,drf,kernel_law_error,LAW-A-K,10,0.06601218626947536,0.005950353429363699,0.001881666971978313,0.06515516109415975
wcf_sensitivity_v1_sym_null,SYM-MU-NULL,500,25,10,drf,mean_quantile_rmse,MEANQ-A-COMMON199,10,0.14204746859412382,0.025465131091681425,0.008052781516448337,0.14314255353690697
wcf_sensitivity_v1_sym_null,SYM-MU-NULL,500,25,10,drf,mean_quantile_rmse,MEANQ-A-INTERIOR,10,0.14200395106658883,0.025472797994024625,0.008055206003848597,0.14308342318705247
wcf_sensitivity_v1_sym_null,SYM-MU-NULL,500,25,10,drf,mean_quantile_rmse,MEANQ-A-K,10,0.142048046238678,0.025465029479781555,0.00805274938394424,0.1431433384064773
wcf_sensitivity_v1_sym_null,SYM-MU-NULL,500,25,10,drf,mode_coverage,LAW-A-K,10,1.0,0.0,0.0,1.0
wcf_sensitivity_v1_sym_null,SYM-MU-NULL,500,25,10,drf,peak_ram,NONE_OPERATIONAL,10,376.96,2.999703689070338,0.9485895963071803,378.5
wcf_sensitivity_v1_sym_null,SYM-MU-NULL,500,25,10,drf,process_peak_ram,NONE_OPERATIONAL,10,392.0421875,5.395677734645188,1.7062631161736406,391.91015625
wcf_sensitivity_v1_sym_null,SYM-MU-NULL,500,25,10,drf,reference_effect_rmse,REF-ATE-COMMON199,10,0.021557174162112138,0.013350920604167189,0.0042219317969239625,0.017134276903363874
wcf_sensitivity_v1_sym_null,SYM-MU-NULL,500,25,10,drf,reference_effect_rmse,REF-ATE-K,10,0.021661714967863697,0.013606222489824824,0.004302665341885363,0.016970547658959764
wcf_sensitivity_v1_sym_null,SYM-MU-NULL,500,25,10,drf,reference_tcate_rmse,REF-TCATE-COMMON199,10,0.06525912413960099,0.012269651709715624,0.0038800045499680475,0.058679633535916195
wcf_sensitivity_v1_sym_null,SYM-MU-NULL,500,25,10,drf,reference_tcate_rmse,REF-TCATE-INTERIOR,10,0.0676825383487702,0.01333668711866657,0.004217430773601468,0.060138708736856214
wcf_sensitivity_v1_sym_null,SYM-MU-NULL,500,25,10,drf,reference_tcate_rmse,REF-TCATE-K,10,0.0655946766982384,0.012250355398759918,0.0038739025206621586,0.059198549245887966
wcf_sensitivity_v1_sym_null,SYM-MU-NULL,500,25,10,drf,runtime,NONE_OPERATIONAL,10,20.6298,1.712355869036054,0.5414944710910925,21.576999999999998
wcf_sensitivity_v1_sym_null,SYM-MU-NULL,500,25,10,drf,tail_calibration,LAW-A-K,10,0.07032277739201155,0.007925076766651573,0.002506129321430172,0.06888397002005171
wcf_sensitivity_v1_sym_null,SYM-MU-NULL,500,25,10,drf,tate_functional_rmse,TATE-COMMON199-grid_mean,10,0.12979222576092916,0.024293878434183833,0.00768239890512659,0.13372487269978262
wcf_sensitivity_v1_sym_null,SYM-MU-NULL,500,25,10,drf,tate_functional_rmse,TATE-COMMON199-grid_sd,10,0.0023904475094652647,0.0015511259412429176,0.0004905090912100128,0.0021691679899842786
wcf_sensitivity_v1_sym_null,SYM-MU-NULL,500,25,10,drf,tate_functional_rmse,TATE-COMMON199-grid_skewness,10,3.631177480346546e-17,2.1418076779793434e-17,6.772990572451187e-18,3.203176303693675e-17
wcf_sensitivity_v1_sym_null,SYM-MU-NULL,500,25,10,drf,tate_functional_rmse,TATE-COMMON199-grid_upper_tail_mean,10,0.12991050665881415,0.023896300491662695,0.00755667372054556,0.13312577331619413
wcf_sensitivity_v1_sym_null,SYM-MU-NULL,500,25,10,drf,tate_functional_rmse,TATE-K-grid_mean,10,0.12979222576092916,0.02429387843418383,0.007682398905126588,0.13372487269978262
wcf_sensitivity_v1_sym_null,SYM-MU-NULL,500,25,10,drf,tate_functional_rmse,TATE-K-grid_sd,10,0.0023989096166842777,0.0015566168771338127,0.0004922454776001323,0.002176846774828812
wcf_sensitivity_v1_sym_null,SYM-MU-NULL,500,25,10,drf,tate_functional_rmse,TATE-K-grid_skewness,10,1.2219077045520073e-17,8.779990388080492e-18,2.776476746072004e-18,1.1880901676963184e-17
wcf_sensitivity_v1_sym_null,SYM-MU-NULL,500,25,10,drf,tate_functional_rmse,TATE-K-grid_upper_tail_mean,10,0.1299065317956957,0.023905909527430515,0.007559712364459993,0.13314590622088743
wcf_sensitivity_v1_sym_null,SYM-MU-NULL,500,25,10,drf,tcate_functional_rmse,TCATE-COMMON199-grid_mean,10,0.13523129242281734,0.0253862217702309,0.008027828198008133,0.13641417668706263
wcf_sensitivity_v1_sym_null,SYM-MU-NULL,500,25,10,drf,tcate_functional_rmse,TCATE-COMMON199-grid_sd,10,0.003742461184421927,0.0013252992290886398,0.0004190964145185381,0.003459863142689836
wcf_sensitivity_v1_sym_null,SYM-MU-NULL,500,25,10,drf,tcate_functional_rmse,TCATE-COMMON199-grid_skewness,10,4.961163041376314e-17,2.2913490446948864e-17,7.245881895686797e-18,5.590984029945464e-17
wcf_sensitivity_v1_sym_null,SYM-MU-NULL,500,25,10,drf,tcate_functional_rmse,TCATE-COMMON199-grid_upper_tail_mean,10,0.1355370222340823,0.0249380248824325,0.007886095897443946,0.1362729286666473
wcf_sensitivity_v1_sym_null,SYM-MU-NULL,500,25,10,drf,tcate_functional_rmse,TCATE-K-grid_mean,10,0.13523129242281734,0.02538622177023089,0.008027828198008131,0.13641417668706263
wcf_sensitivity_v1_sym_null,SYM-MU-NULL,500,25,10,drf,tcate_functional_rmse,TCATE-K-grid_sd,10,0.0037557093765199197,0.001329990745689371,0.0004205800023324182,0.0034721109468188226
wcf_sensitivity_v1_sym_null,SYM-MU-NULL,500,25,10,drf,tcate_functional_rmse,TCATE-K-grid_skewness,10,1.5989906268054275e-17,7.477228555255545e-18,2.3645072820257694e-18,1.6286027528816124e-17
wcf_sensitivity_v1_sym_null,SYM-MU-NULL,500,25,10,drf,tcate_functional_rmse,TCATE-K-grid_upper_tail_mean,10,0.13552611794447977,0.02494975369349665,0.007889804873164796,0.13627684759229897
wcf_sensitivity_v1_sym_null,SYM-MU-NULL,1000,25,10,causal_drf,arm_energy_risk,LAW-A-M-K,10,0.06701360187952281,0.004776124688965308,0.0015103432406093642,0.06627164042560169
wcf_sensitivity_v1_sym_null,SYM-MU-NULL,1000,25,10,causal_drf,barycenter_rmse,MEANQ-A-K,10,0.2490786345873363,0.006874038613923378,0.0021737618743944706,0.2469916907526656
wcf_sensitivity_v1_sym_null,SYM-MU-NULL,1000,25,10,causal_drf,diagnostic_effective_support,NONE_OPERATIONAL,10,133.1138379463612,2.0726088252923764,0.6554164586489909,132.4655925458027
wcf_sensitivity_v1_sym_null,SYM-MU-NULL,1000,25,10,causal_drf,kernel_law_error,LAW-A-COMMON199,10,0.06274708459332372,0.004434431651151076,0.0014022904145978626,0.06301592223367494
wcf_sensitivity_v1_sym_null,SYM-MU-NULL,1000,25,10,causal_drf,kernel_law_error,LAW-A-INTERIOR,10,0.052615528987564594,0.004490699379914886,0.0014200838327636837,0.05262788656553787
wcf_sensitivity_v1_sym_null,SYM-MU-NULL,1000,25,10,causal_drf,kernel_law_error,LAW-A-K,10,0.0530948848349256,0.004472207517870937,0.0014142361925400342,0.05314329986169386
wcf_sensitivity_v1_sym_null,SYM-MU-NULL,1000,25,10,causal_drf,mean_quantile_rmse,MEANQ-A-COMMON199,10,0.15173575263941344,0.015245447964680702,0.004821033951796927,0.148223298721309
wcf_sensitivity_v1_sym_null,SYM-MU-NULL,1000,25,10,causal_drf,mean_quantile_rmse,MEANQ-A-INTERIOR,10,0.15169310322825885,0.015251611607417894,0.004822983066770235,0.14817650864660986
wcf_sensitivity_v1_sym_null,SYM-MU-NULL,1000,25,10,causal_drf,mean_quantile_rmse,MEANQ-A-K,10,0.15173631878324462,0.015245366286358303,0.004821008122843503,0.1482239198314405
wcf_sensitivity_v1_sym_null,SYM-MU-NULL,1000,25,10,causal_drf,mode_coverage,LAW-A-K,10,1.0,0.0,0.0,1.0
wcf_sensitivity_v1_sym_null,SYM-MU-NULL,1000,25,10,causal_drf,peak_ram,NONE_OPERATIONAL,10,379.53672,0.9209549884042503,0.29123153858513895,379.27734999999996
wcf_sensitivity_v1_sym_null,SYM-MU-NULL,1000,25,10,causal_drf,process_peak_ram,NONE_OPERATIONAL,10,396.647265625,2.9569518682927085,0.9350702835295184,397.38671875
wcf_sensitivity_v1_sym_null,SYM-MU-NULL,1000,25,10,causal_drf,reference_effect_rmse,REF-ATE-COMMON199,10,0.007641677808931142,0.006562122479492334,0.002075125332018734,0.006888394364092829
wcf_sensitivity_v1_sym_null,SYM-MU-NULL,1000,25,10,causal_drf,reference_effect_rmse,REF-ATE-K,10,0.007622902338910435,0.006666815659370201,0.002108232222408711,0.006783084716993508
wcf_sensitivity_v1_sym_null,SYM-MU-NULL,1000,25,10,causal_drf,reference_tcate_rmse,REF-TCATE-COMMON199,10,0.05738159046832951,0.007724328440709831,0.002442647126785995,0.056180044494746006
wcf_sensitivity_v1_sym_null,SYM-MU-NULL,1000,25,10,causal_drf,reference_tcate_rmse,REF-TCATE-INTERIOR,10,0.059650296667772704,0.007802956919969399,0.0024675116351275494,0.05862282190251802
wcf_sensitivity_v1_sym_null,SYM-MU-NULL,1000,25,10,causal_drf,reference_tcate_rmse,REF-TCATE-K,10,0.05753054650500065,0.007767627445535015,0.002456339474352615,0.05618517041050676
wcf_sensitivity_v1_sym_null,SYM-MU-NULL,1000,25,10,causal_drf,runtime,NONE_OPERATIONAL,10,44.8661,2.254557579166648,0.7129537066161993,43.7435
wcf_sensitivity_v1_sym_null,SYM-MU-NULL,1000,25,10,causal_drf,tail_calibration,LAW-A-K,10,0.06185069851628534,0.006792837344151389,0.002148083778256744,0.060980110248854885
wcf_sensitivity_v1_sym_null,SYM-MU-NULL,1000,25,10,causal_drf,tate_functional_rmse,TATE-COMMON199-grid_mean,10,0.14514295826748191,0.014752857067106776,0.004665263032696895,0.14065990636962536
wcf_sensitivity_v1_sym_null,SYM-MU-NULL,1000,25,10,causal_drf,tate_functional_rmse,TATE-COMMON199-grid_sd,10,0.0022858571453679153,0.0012095082936834879,0.00038248010569036687,0.0021571526698003717
wcf_sensitivity_v1_sym_null,SYM-MU-NULL,1000,25,10,causal_drf,tate_functional_rmse,TATE-COMMON199-grid_skewness,10,3.2224107625712624e-17,2.2313241688973047e-17,7.056066571897722e-18,3.077217386128534e-17
wcf_sensitivity_v1_sym_null,SYM-MU-NULL,1000,25,10,causal_drf,tate_functional_rmse,TATE-COMMON199-grid_upper_tail_mean,10,0.14381622279478762,0.014209816281982654,0.004493538458361064,0.1398929598306275
wcf_sensitivity_v1_sym_null,SYM-MU-NULL,1000,25,10,causal_drf,tate_functional_rmse,TATE-K-grid_mean,10,0.1451429582674819,0.014752857067106774,0.004665263032696895,0.14065990636962533
wcf_sensitivity_v1_sym_null,SYM-MU-NULL,1000,25,10,causal_drf,tate_functional_rmse,TATE-K-grid_sd,10,0.002293949006065489,0.0012137899141009883,0.0003838340729499251,0.002164788920798315
wcf_sensitivity_v1_sym_null,SYM-MU-NULL,1000,25,10,causal_drf,tate_functional_rmse,TATE-K-grid_skewness,10,9.922247437043238e-18,6.1924274065063086e-18,1.9582174849809316e-18,9.608013058685386e-18
wcf_sensitivity_v1_sym_null,SYM-MU-NULL,1000,25,10,causal_drf,tate_functional_rmse,TATE-K-grid_upper_tail_mean,10,0.14386080811661678,0.014225235491698796,0.004498414440603345,0.13987944647630496
wcf_sensitivity_v1_sym_null,SYM-MU-NULL,1000,25,10,causal_drf,tcate_functional_rmse,TCATE-COMMON199-grid_mean,10,0.14717317655695328,0.015121566822460056,0.0047818592949408776,0.14236878618706583
wcf_sensitivity_v1_sym_null,SYM-MU-NULL,1000,25,10,causal_drf,tcate_functional_rmse,TCATE-COMMON199-grid_sd,10,0.003222624019492165,0.0010003185234864292,0.0003163284919873753,0.003026475454217207
wcf_sensitivity_v1_sym_null,SYM-MU-NULL,1000,25,10,causal_drf,tcate_functional_rmse,TCATE-COMMON199-grid_skewness,10,4.814743025449769e-17,1.599460001686718e-17,5.057936631666787e-18,4.31329196371417e-17
wcf_sensitivity_v1_sym_null,SYM-MU-NULL,1000,25,10,causal_drf,tcate_functional_rmse,TCATE-COMMON199-grid_upper_tail_mean,10,0.14589877873368118,0.014511762856216347,0.004589022348987422,0.1414802263515368
wcf_sensitivity_v1_sym_null,SYM-MU-NULL,1000,25,10,causal_drf,tcate_functional_rmse,TCATE-K-grid_mean,10,0.14717317655695328,0.015121566822460054,0.0047818592949408776,0.14236878618706583
wcf_sensitivity_v1_sym_null,SYM-MU-NULL,1000,25,10,causal_drf,tcate_functional_rmse,TCATE-K-grid_sd,10,0.003234032004763352,0.0010038596188526377,0.000317448284664284,0.0030371890798826613
wcf_sensitivity_v1_sym_null,SYM-MU-NULL,1000,25,10,causal_drf,tcate_functional_rmse,TCATE-K-grid_skewness,10,1.8496749880843314e-17,6.976228872013478e-18,2.206077271418987e-18,1.741625717679277e-17
wcf_sensitivity_v1_sym_null,SYM-MU-NULL,1000,25,10,causal_drf,tcate_functional_rmse,TCATE-K-grid_upper_tail_mean,10,0.1459412545365825,0.014529482271388913,0.0045946257200625675,0.14145899277767263
wcf_sensitivity_v1_sym_null,SYM-MU-NULL,1000,25,10,cwdb_dr,arm_energy_risk,LAW-A-M-K,10,0.04712481687882474,0.0034323919735895487,0.0010854176459023483,0.04676126787310047
wcf_sensitivity_v1_sym_null,SYM-MU-NULL,1000,25,10,cwdb_dr,barycenter_rmse,MEANQ-A-K,10,0.15226922851412186,0.00915673527036116,0.002895613938553896,0.15334968115687453
wcf_sensitivity_v1_sym_null,SYM-MU-NULL,1000,25,10,cwdb_dr,diagnostic_dense_dr_n_levels,NONE_OPERATIONAL,10,199.0,0.0,0.0,199.0
wcf_sensitivity_v1_sym_null,SYM-MU-NULL,1000,25,10,cwdb_dr,diagnostic_dr_if_se_reference,NONE_OPERATIONAL,10,0.015611833819358201,0.00038579999501303245,0.00012200067055227846,0.01556970616263054
wcf_sensitivity_v1_sym_null,SYM-MU-NULL,1000,25,10,cwdb_dr,diagnostic_effective_support,NONE_OPERATIONAL,10,9.999999999999998,0.0,0.0,9.999999999999998
wcf_sensitivity_v1_sym_null,SYM-MU-NULL,1000,25,10,cwdb_dr,diagnostic_ehat_mean,NONE_OPERATIONAL,10,0.5009778525397004,0.012989390528488742,0.004107605948744268,0.5018194220311907
wcf_sensitivity_v1_sym_null,SYM-MU-NULL,1000,25,10,cwdb_dr,diagnostic_n_boosting_steps,NONE_OPERATIONAL,10,100.0,0.0,0.0,100.0
wcf_sensitivity_v1_sym_null,SYM-MU-NULL,1000,25,10,cwdb_dr,diagnostic_selected_contrast_shrinkage,NONE_OPERATIONAL,10,270.0,242.8991560298224,76.81145747868608,275.0
wcf_sensitivity_v1_sym_null,SYM-MU-NULL,1000,25,10,cwdb_dr,diagnostic_train_risk,NONE_OPERATIONAL,10,0.058695544487050555,0.005240685441829326,0.0016572502496666529,0.05774165461531948
wcf_sensitivity_v1_sym_null,SYM-MU-NULL,1000,25,10,cwdb_dr,kernel_law_error,LAW-A-COMMON199,10,0.03209546119797316,0.0028651857393296467,0.0009060512855715163,0.03250627139189277
wcf_sensitivity_v1_sym_null,SYM-MU-NULL,1000,25,10,cwdb_dr,kernel_law_error,LAW-A-INTERIOR,10,0.021695082989687593,0.0025670044568087925,0.0008117580847319109,0.02199706118673645
wcf_sensitivity_v1_sym_null,SYM-MU-NULL,1000,25,10,cwdb_dr,kernel_law_error,LAW-A-K,10,0.021907412991829727,0.0025770082113691717,0.0008149215496883204,0.02220310757828666
wcf_sensitivity_v1_sym_null,SYM-MU-NULL,1000,25,10,cwdb_dr,mean_quantile_rmse,MEANQ-A-COMMON199,10,0.04206889908418978,0.032890347795087496,0.01040084120675735,0.036512143958355385
wcf_sensitivity_v1_sym_null,SYM-MU-NULL,1000,25,10,cwdb_dr,mean_quantile_rmse,MEANQ-A-INTERIOR,10,0.0417725764386346,0.03247316599534617,0.010268916738202266,0.036322255671549036
wcf_sensitivity_v1_sym_null,SYM-MU-NULL,1000,25,10,cwdb_dr,mean_quantile_rmse,MEANQ-A-K,10,0.0420901762212348,0.03293610119719012,0.010415309702891933,0.03651693944505525
wcf_sensitivity_v1_sym_null,SYM-MU-NULL,1000,25,10,cwdb_dr,mode_coverage,LAW-A-K,10,1.0,0.0,0.0,1.0
wcf_sensitivity_v1_sym_null,SYM-MU-NULL,1000,25,10,cwdb_dr,peak_ram,NONE_OPERATIONAL,10,0.0,0.0,0.0,0.0
wcf_sensitivity_v1_sym_null,SYM-MU-NULL,1000,25,10,cwdb_dr,process_peak_ram,NONE_OPERATIONAL,10,393.349609375,4.681407082534768,1.4803909035253724,392.65234375
wcf_sensitivity_v1_sym_null,SYM-MU-NULL,1000,25,10,cwdb_dr,reference_effect_rmse,REF-ATE-COMMON199,10,0.009179440558162225,0.006617113697783134,0.002092515082129378,0.008352019490428799
wcf_sensitivity_v1_sym_null,SYM-MU-NULL,1000,25,10,cwdb_dr,reference_effect_rmse,REF-ATE-K,10,0.00859089384890945,0.007133703428397192,0.0022558750985887015,0.008114844855334528
wcf_sensitivity_v1_sym_null,SYM-MU-NULL,1000,25,10,cwdb_dr,reference_tcate_rmse,REF-TCATE-COMMON199,10,0.03168521447680685,0.0075149041171443075,0.002376421340795282,0.03221057051092749
wcf_sensitivity_v1_sym_null,SYM-MU-NULL,1000,25,10,cwdb_dr,reference_tcate_rmse,REF-TCATE-INTERIOR,10,0.03309613560428311,0.008145612570712077,0.002575868866074952,0.033367435612058766
wcf_sensitivity_v1_sym_null,SYM-MU-NULL,1000,25,10,cwdb_dr,reference_tcate_rmse,REF-TCATE-K,10,0.031743646314521305,0.007495372915476462,0.002370245032524235,0.032350726711131025
wcf_sensitivity_v1_sym_null,SYM-MU-NULL,1000,25,10,cwdb_dr,runtime,NONE_OPERATIONAL,10,474.3992129276012,7.064439872216717,2.2339720389513684,475.1658327724981
wcf_sensitivity_v1_sym_null,SYM-MU-NULL,1000,25,10,cwdb_dr,tail_calibration,LAW-A-K,10,0.048608858460573404,0.010069195992197872,0.0031841593541984308,0.04994630420700141
wcf_sensitivity_v1_sym_null,SYM-MU-NULL,1000,25,10,cwdb_dr,tate_functional_rmse,TATE-COMMON199-grid_mean,10,0.03642698493684593,0.011621804414683717,0.0036751372471400564,0.03546208353367121
wcf_sensitivity_v1_sym_null,SYM-MU-NULL,1000,25,10,cwdb_dr,tate_functional_rmse,TATE-COMMON199-grid_sd,10,0.001019264079763315,0.0011066449430524562,0.00034995185811530905,0.0006261986103823977
wcf_sensitivity_v1_sym_null,SYM-MU-NULL,1000,25,10,cwdb_dr,tate_functional_rmse,TATE-COMMON199-grid_skewness,10,0.00022603291886807408,0.00019554292585520817,6.183610260358865e-05,0.0002150669773208396
wcf_sensitivity_v1_sym_null,SYM-MU-NULL,1000,25,10,cwdb_dr,tate_functional_rmse,TATE-COMMON199-grid_upper_tail_mean,10,0.035919319885488805,0.011948258426921588,0.003778371070137272,0.03443573414291473
wcf_sensitivity_v1_sym_null,SYM-MU-NULL,1000,25,10,cwdb_dr,tate_functional_rmse,TATE-K-grid_mean,10,0.03591144071430098,0.011612483303685172,0.0036721896530321914,0.0350351195651087
wcf_sensitivity_v1_sym_null,SYM-MU-NULL,1000,25,10,cwdb_dr,tate_functional_rmse,TATE-K-grid_sd,10,0.001037236738202329,0.0010856872846553422,0.0003433244646194456,0.0006245506239403523
wcf_sensitivity_v1_sym_null,SYM-MU-NULL,1000,25,10,cwdb_dr,tate_functional_rmse,TATE-K-grid_skewness,10,0.00023843515871862755,0.00020378273462372942,6.444175892286409e-05,0.00023072859467033105
wcf_sensitivity_v1_sym_null,SYM-MU-NULL,1000,25,10,cwdb_dr,tate_functional_rmse,TATE-K-grid_upper_tail_mean,10,0.03545887539453691,0.011950778324843188,0.00377916793182761,0.03402306486478164
wcf_sensitivity_v1_sym_null,SYM-MU-NULL,1000,25,10,cwdb_dr,tcate_functional_rmse,TCATE-COMMON199-grid_mean,10,0.04536679796530471,0.009671108363284272,0.003058272992628143,0.04253922365684977
wcf_sensitivity_v1_sym_null,SYM-MU-NULL,1000,25,10,cwdb_dr,tcate_functional_rmse,TCATE-COMMON199-grid_sd,10,0.0026632321197088667,0.001800752753882707,0.0005694480205089971,0.0021085970169060623
wcf_sensitivity_v1_sym_null,SYM-MU-NULL,1000,25,10,cwdb_dr,tcate_functional_rmse,TCATE-COMMON199-grid_skewness,10,0.0007375001650333087,0.0004252145350772339,0.00013446464250536206,0.0005866195991909016
wcf_sensitivity_v1_sym_null,SYM-MU-NULL,1000,25,10,cwdb_dr,tcate_functional_rmse,TCATE-COMMON199-grid_upper_tail_mean,10,0.04480239402456703,0.009717725862569283,0.0030730147402843336,0.04241804809443322
wcf_sensitivity_v1_sym_null,SYM-MU-NULL,1000,25,10,cwdb_dr,tcate_functional_rmse,TCATE-K-grid_mean,10,0.045366798180697165,0.009671109339614835,0.0030582733013709757,0.04253922222911039
wcf_sensitivity_v1_sym_null,SYM-MU-NULL,1000,25,10,cwdb_dr,tcate_functional_rmse,TCATE-K-grid_sd,10,0.002672736798756914,0.0018074358193902664,0.0005715613913845969,0.0021163846096708197
wcf_sensitivity_v1_sym_null,SYM-MU-NULL,1000,25,10,cwdb_dr,tcate_functional_rmse,TCATE-K-grid_skewness,10,0.0007811696218410624,0.0004860968541739018,0.0001537173222632256,0.00061781348526186
wcf_sensitivity_v1_sym_null,SYM-MU-NULL,1000,25,10,cwdb_dr,tcate_functional_rmse,TCATE-K-grid_upper_tail_mean,10,0.04481904565946206,0.009713524675976247,0.003071686208433398,0.04242383755823705
wcf_sensitivity_v1_sym_null,SYM-MU-NULL,1000,25,10,drf,arm_energy_risk,LAW-A-M-K,10,0.06467167417861143,0.004751141634411523,0.001502442905079544,0.06487515202682627
wcf_sensitivity_v1_sym_null,SYM-MU-NULL,1000,25,10,drf,barycenter_rmse,MEANQ-A-K,10,0.2392617200309409,0.006845387027765402,0.002164701447310895,0.2396609687133283
wcf_sensitivity_v1_sym_null,SYM-MU-NULL,1000,25,10,drf,diagnostic_effective_support,NONE_OPERATIONAL,10,193.61194117533313,2.740493220343178,0.8666200488534131,194.0420009112186
wcf_sensitivity_v1_sym_null,SYM-MU-NULL,1000,25,10,drf,kernel_law_error,LAW-A-COMMON199,10,0.06014865838366594,0.004589414362778253,0.0014513002512669567,0.05989175426568354
wcf_sensitivity_v1_sym_null,SYM-MU-NULL,1000,25,10,drf,kernel_law_error,LAW-A-INTERIOR,10,0.04976370335478731,0.004651173006510715,0.001470830049206703,0.049879315651134695
wcf_sensitivity_v1_sym_null,SYM-MU-NULL,1000,25,10,drf,kernel_law_error,LAW-A-K,10,0.05043243638860068,0.004621593764396024,0.001461476271552303,0.05055236728890565
wcf_sensitivity_v1_sym_null,SYM-MU-NULL,1000,25,10,drf,mean_quantile_rmse,MEANQ-A-COMMON199,10,0.11323220944413097,0.01380385478129448,0.0043651621599096,0.11274774210352598
wcf_sensitivity_v1_sym_null,SYM-MU-NULL,1000,25,10,drf,mean_quantile_rmse,MEANQ-A-INTERIOR,10,0.11317827576486547,0.01381438323192462,0.004368491548331988,0.11270062953509488
wcf_sensitivity_v1_sym_null,SYM-MU-NULL,1000,25,10,drf,mean_quantile_rmse,MEANQ-A-K,10,0.11323292529342628,0.013803715261571278,0.004365118039899217,0.11274836744205838
wcf_sensitivity_v1_sym_null,SYM-MU-NULL,1000,25,10,drf,mode_coverage,LAW-A-K,10,1.0,0.0,0.0,1.0
wcf_sensitivity_v1_sym_null,SYM-MU-NULL,1000,25,10,drf,peak_ram,NONE_OPERATIONAL,10,494.14,27.41468381887506,8.669284220100815,483.7
wcf_sensitivity_v1_sym_null,SYM-MU-NULL,1000,25,10,drf,process_peak_ram,NONE_OPERATIONAL,10,396.718359375,2.963172329110708,0.9370373659575897,397.41796875
wcf_sensitivity_v1_sym_null,SYM-MU-NULL,1000,25,10,drf,reference_effect_rmse,REF-ATE-COMMON199,10,0.008183819250448397,0.005444353765721388,0.0017216558287394335,0.008604424577762863
wcf_sensitivity_v1_sym_null,SYM-MU-NULL,1000,25,10,drf,reference_effect_rmse,REF-ATE-K,10,0.008160633579262977,0.005442867857151643,0.0017211859431919177,0.008423629533291902
wcf_sensitivity_v1_sym_null,SYM-MU-NULL,1000,25,10,drf,reference_tcate_rmse,REF-TCATE-COMMON199,10,0.056448215790341406,0.007280210848360497,0.0023022048127085883,0.05720177739719764
wcf_sensitivity_v1_sym_null,SYM-MU-NULL,1000,25,10,drf,reference_tcate_rmse,REF-TCATE-INTERIOR,10,0.058793265027417274,0.007509606659089907,0.002374746137469171,0.059837804794775296
wcf_sensitivity_v1_sym_null,SYM-MU-NULL,1000,25,10,drf,reference_tcate_rmse,REF-TCATE-K,10,0.05653767091189614,0.007259077287691879,0.00229552179403037,0.0572799552144056
wcf_sensitivity_v1_sym_null,SYM-MU-NULL,1000,25,10,drf,runtime,NONE_OPERATIONAL,10,36.3055,0.9372141045555064,0.2963731225630589,36.126999999999995
wcf_sensitivity_v1_sym_null,SYM-MU-NULL,1000,25,10,drf,tail_calibration,LAW-A-K,10,0.06392672617574259,0.006686571927121498,0.002114479702824534,0.06324330927525804
wcf_sensitivity_v1_sym_null,SYM-MU-NULL,1000,25,10,drf,tate_functional_rmse,TATE-COMMON199-grid_mean,10,0.09689265121120517,0.01334568644272527,0.004220276609744213,0.09315097085981085
wcf_sensitivity_v1_sym_null,SYM-MU-NULL,1000,25,10,drf,tate_functional_rmse,TATE-COMMON199-grid_sd,10,0.002409313251200964,0.0009658441545147957,0.00030542673930263547,0.002305739011349885
wcf_sensitivity_v1_sym_null,SYM-MU-NULL,1000,25,10,drf,tate_functional_rmse,TATE-COMMON199-grid_skewness,10,3.352825589936945e-17,2.7108545359775804e-17,8.57247473908802e-18,2.977035577983853e-17
wcf_sensitivity_v1_sym_null,SYM-MU-NULL,1000,25,10,drf,tate_functional_rmse,TATE-COMMON199-grid_upper_tail_mean,10,0.09541438721464332,0.01307638951629531,0.0041351174443040655,0.09163903682525856
wcf_sensitivity_v1_sym_null,SYM-MU-NULL,1000,25,10,drf,tate_functional_rmse,TATE-K-grid_mean,10,0.09689265121120517,0.01334568644272526,0.004220276609744209,0.09315097085981083
wcf_sensitivity_v1_sym_null,SYM-MU-NULL,1000,25,10,drf,tate_functional_rmse,TATE-K-grid_sd,10,0.002417842142538318,0.000969263211724802,0.00030650794012603954,0.002313901253212903
wcf_sensitivity_v1_sym_null,SYM-MU-NULL,1000,25,10,drf,tate_functional_rmse,TATE-K-grid_skewness,10,8.032350353176408e-18,6.712819161203401e-18,2.122779807022375e-18,6.329256937091894e-18
wcf_sensitivity_v1_sym_null,SYM-MU-NULL,1000,25,10,drf,tate_functional_rmse,TATE-K-grid_upper_tail_mean,10,0.09546406469549128,0.013082580417722943,0.0041370751792321565,0.09168984579728222
wcf_sensitivity_v1_sym_null,SYM-MU-NULL,1000,25,10,drf,tcate_functional_rmse,TCATE-COMMON199-grid_mean,10,0.10002298114167534,0.014416281663402034,0.00455882854468713,0.09782301377826555
wcf_sensitivity_v1_sym_null,SYM-MU-NULL,1000,25,10,drf,tcate_functional_rmse,TCATE-COMMON199-grid_sd,10,0.0032773216015276837,0.0006753410433885682,0.00021356158945024734,0.0033203053218596357
wcf_sensitivity_v1_sym_null,SYM-MU-NULL,1000,25,10,drf,tcate_functional_rmse,TCATE-COMMON199-grid_skewness,10,5.038990204320235e-17,2.1585492097365398e-17,6.825931944323969e-18,4.1850127035108017e-17
wcf_sensitivity_v1_sym_null,SYM-MU-NULL,1000,25,10,drf,tcate_functional_rmse,TCATE-COMMON199-grid_upper_tail_mean,10,0.09863645367250257,0.013982468993248844,0.004421644933134786,0.09684777014121465
wcf_sensitivity_v1_sym_null,SYM-MU-NULL,1000,25,10,drf,tcate_functional_rmse,TCATE-K-grid_mean,10,0.10002298114167534,0.014416281663402033,0.004558828544687129,0.09782301377826555
wcf_sensitivity_v1_sym_null,SYM-MU-NULL,1000,25,10,drf,tcate_functional_rmse,TCATE-K-grid_sd,10,0.0032889232144781913,0.0006777317289384209,0.000214317590600926,0.0033320590957961766
wcf_sensitivity_v1_sym_null,SYM-MU-NULL,1000,25,10,drf,tcate_functional_rmse,TCATE-K-grid_skewness,10,1.5752608058278492e-17,6.484686935178493e-18,2.0506380628300702e-18,1.3485975751354364e-17
wcf_sensitivity_v1_sym_null,SYM-MU-NULL,1000,25,10,drf,tcate_functional_rmse,TCATE-K-grid_upper_tail_mean,10,0.0986825454940405,0.013994328635635735,0.004425395281352552,0.09687981370193333
wcf_sensitivity_v1_sym_null,SYM-NL-NULL,500,25,10,causal_drf,arm_energy_risk,LAW-A-M-K,10,0.08897974254408123,0.005679298746561425,0.0017959519551673472,0.08949725302936769
wcf_sensitivity_v1_sym_null,SYM-NL-NULL,500,25,10,causal_drf,barycenter_rmse,MEANQ-A-K,10,0.3053348038494305,0.010825376444171841,0.003423284609231762,0.30447629499597517
wcf_sensitivity_v1_sym_null,SYM-NL-NULL,500,25,10,causal_drf,diagnostic_effective_support,NONE_OPERATIONAL,10,95.16965006493169,2.155726862213091,0.6817006897801335,94.91149647973222
wcf_sensitivity_v1_sym_null,SYM-NL-NULL,500,25,10,causal_drf,kernel_law_error,LAW-A-COMMON199,10,0.08364129558009348,0.005036131560613805,0.001592564632779795,0.08430503666840414
wcf_sensitivity_v1_sym_null,SYM-NL-NULL,500,25,10,causal_drf,kernel_law_error,LAW-A-INTERIOR,10,0.07358234249643533,0.005191621516205379,0.001641734874074576,0.07447335138671576
wcf_sensitivity_v1_sym_null,SYM-NL-NULL,500,25,10,causal_drf,kernel_law_error,LAW-A-K,10,0.07410922102801751,0.00517263051327093,0.001635729391642196,0.07505811815681093
wcf_sensitivity_v1_sym_null,SYM-NL-NULL,500,25,10,causal_drf,mean_quantile_rmse,MEANQ-A-COMMON199,10,0.2803232855680568,0.033497807469354456,0.010592936822496107,0.2779678962359612
wcf_sensitivity_v1_sym_null,SYM-NL-NULL,500,25,10,causal_drf,mean_quantile_rmse,MEANQ-A-INTERIOR,10,0.2802907832773375,0.03349734425255013,0.010592790340480893,0.2779200868277521
wcf_sensitivity_v1_sym_null,SYM-NL-NULL,500,25,10,causal_drf,mean_quantile_rmse,MEANQ-A-K,10,0.28032371705507697,0.03349781369462172,0.010592938791098468,0.2779685309155935
wcf_sensitivity_v1_sym_null,SYM-NL-NULL,500,25,10,causal_drf,mode_coverage,LAW-A-K,10,1.0,0.0,0.0,1.0
wcf_sensitivity_v1_sym_null,SYM-NL-NULL,500,25,10,causal_drf,peak_ram,NONE_OPERATIONAL,10,306.20236,3.6006368329320213,1.1386213419160356,304.6133
wcf_sensitivity_v1_sym_null,SYM-NL-NULL,500,25,10,causal_drf,process_peak_ram,NONE_OPERATIONAL,10,397.158984375,2.744202361281622,0.8677929822062188,397.953125
wcf_sensitivity_v1_sym_null,SYM-NL-NULL,500,25,10,causal_drf,reference_effect_rmse,REF-ATE-COMMON199,10,0.028653915642504014,0.01824864009473809,0.005770726690004323,0.020944594826580655
wcf_sensitivity_v1_sym_null,SYM-NL-NULL,500,25,10,causal_drf,reference_effect_rmse,REF-ATE-K,10,0.028889410537243514,0.01835291897342164,0.005803702566853164,0.021116816403988478
wcf_sensitivity_v1_sym_null,SYM-NL-NULL,500,25,10,causal_drf,reference_tcate_rmse,REF-TCATE-COMMON199,10,0.09543262409399322,0.014760246350037445,0.0046675997291305265,0.09272105760810748
wcf_sensitivity_v1_sym_null,SYM-NL-NULL,500,25,10,causal_drf,reference_tcate_rmse,REF-TCATE-INTERIOR,10,0.09903823747645005,0.015210292037163922,0.004809916671376045,0.09648529582743573
wcf_sensitivity_v1_sym_null,SYM-NL-NULL,500,25,10,causal_drf,reference_tcate_rmse,REF-TCATE-K,10,0.09577152293380946,0.014741377973219194,0.004661633024480928,0.09327628736463613
wcf_sensitivity_v1_sym_null,SYM-NL-NULL,500,25,10,causal_drf,runtime,NONE_OPERATIONAL,10,21.7421,2.059070634479978,0.6511353068124764,21.719
wcf_sensitivity_v1_sym_null,SYM-NL-NULL,500,25,10,causal_drf,tail_calibration,LAW-A-K,10,0.06941354015886822,0.007211329151963686,0.002280422507737575,0.06861456563331095
wcf_sensitivity_v1_sym_null,SYM-NL-NULL,500,25,10,causal_drf,tate_functional_rmse,TATE-COMMON199-grid_mean,10,0.2694130358833513,0.032669009628539164,0.010330847932815508,0.26587555582122274
wcf_sensitivity_v1_sym_null,SYM-NL-NULL,500,25,10,causal_drf,tate_functional_rmse,TATE-COMMON199-grid_sd,10,0.0024389857139404864,0.00215538646862163,0.0006815930478751393,0.0020313977576529732
wcf_sensitivity_v1_sym_null,SYM-NL-NULL,500,25,10,causal_drf,tate_functional_rmse,TATE-COMMON199-grid_skewness,10,4.113803434502604e-17,3.4049958685371364e-17,1.0767542368040613e-17,3.307029141595973e-17
wcf_sensitivity_v1_sym_null,SYM-NL-NULL,500,25,10,causal_drf,tate_functional_rmse,TATE-COMMON199-grid_upper_tail_mean,10,0.26903798368042786,0.03172672995162045,0.010032872935620435,0.2638463958907974
wcf_sensitivity_v1_sym_null,SYM-NL-NULL,500,25,10,causal_drf,tate_functional_rmse,TATE-K-grid_mean,10,0.26941303588335125,0.03266900962853916,0.010330847932815506,0.26587555582122274
wcf_sensitivity_v1_sym_null,SYM-NL-NULL,500,25,10,causal_drf,tate_functional_rmse,TATE-K-grid_sd,10,0.002447619644840575,0.0021630164673242386,0.0006840058653195766,0.0020385888403108
wcf_sensitivity_v1_sym_null,SYM-NL-NULL,500,25,10,causal_drf,tate_functional_rmse,TATE-K-grid_skewness,10,2.2337560874507085e-17,1.7345011719748448e-17,5.484974307671923e-18,2.0473842911325728e-17
wcf_sensitivity_v1_sym_null,SYM-NL-NULL,500,25,10,causal_drf,tate_functional_rmse,TATE-K-grid_upper_tail_mean,10,0.26905058741607396,0.031755184349690914,0.010041871006355611,0.26391458638573995
wcf_sensitivity_v1_sym_null,SYM-NL-NULL,500,25,10,causal_drf,tcate_functional_rmse,TCATE-COMMON199-grid_mean,10,0.27551388636336743,0.034560107250793205,0.010928865509220656,0.2740858058694724
wcf_sensitivity_v1_sym_null,SYM-NL-NULL,500,25,10,causal_drf,tcate_functional_rmse,TCATE-COMMON199-grid_sd,10,0.003978901158615356,0.00217217143879211,0.0006869009214948095,0.0035169487197437227
wcf_sensitivity_v1_sym_null,SYM-NL-NULL,500,25,10,causal_drf,tcate_functional_rmse,TCATE-COMMON199-grid_skewness,10,5.632811069916046e-17,3.43221569392206e-17,1.0853619013769042e-17,4.80263454259078e-17
wcf_sensitivity_v1_sym_null,SYM-NL-NULL,500,25,10,causal_drf,tcate_functional_rmse,TCATE-COMMON199-grid_upper_tail_mean,10,0.2752394964603232,0.03359020027143471,0.01062215399189398,0.27210895699750126
wcf_sensitivity_v1_sym_null,SYM-NL-NULL,500,25,10,causal_drf,tcate_functional_rmse,TCATE-K-grid_mean,10,0.27551388636336743,0.03456010725079321,0.01092886550922066,0.2740858058694724
wcf_sensitivity_v1_sym_null,SYM-NL-NULL,500,25,10,causal_drf,tcate_functional_rmse,TCATE-K-grid_sd,10,0.003992986340609405,0.0021798608557487046,0.0006893325286409654,0.003529398604977481
wcf_sensitivity_v1_sym_null,SYM-NL-NULL,500,25,10,causal_drf,tcate_functional_rmse,TCATE-K-grid_skewness,10,2.831049456846859e-17,1.5746181199386984e-17,4.979379703978479e-18,2.538797780186574e-17
wcf_sensitivity_v1_sym_null,SYM-NL-NULL,500,25,10,causal_drf,tcate_functional_rmse,TCATE-K-grid_upper_tail_mean,10,0.2752483167628603,0.033619921991420755,0.010631552825007346,0.2721752393310855
wcf_sensitivity_v1_sym_null,SYM-NL-NULL,500,25,10,cwdb_dr,arm_energy_risk,LAW-A-M-K,10,0.05302871706790098,0.0028904303042852375,0.0009140343179514897,0.0532198890764842
wcf_sensitivity_v1_sym_null,SYM-NL-NULL,500,25,10,cwdb_dr,barycenter_rmse,MEANQ-A-K,10,0.16958985231238494,0.007002698637813927,0.002214447746325052,0.1692685675032106
wcf_sensitivity_v1_sym_null,SYM-NL-NULL,500,25,10,cwdb_dr,diagnostic_dense_dr_n_levels,NONE_OPERATIONAL,10,199.0,0.0,0.0,199.0
wcf_sensitivity_v1_sym_null,SYM-NL-NULL,500,25,10,cwdb_dr,diagnostic_dr_if_se_reference,NONE_OPERATIONAL,10,0.02372568483012062,0.0009189057532139449,0.0002905835135188656,0.023622147541812147
wcf_sensitivity_v1_sym_null,SYM-NL-NULL,500,25,10,cwdb_dr,diagnostic_effective_support,NONE_OPERATIONAL,10,9.999999999999998,0.0,0.0,9.999999999999998
wcf_sensitivity_v1_sym_null,SYM-NL-NULL,500,25,10,cwdb_dr,diagnostic_ehat_mean,NONE_OPERATIONAL,10,0.4703312110513792,0.024193644972278484,0.007650702301388128,0.47847312211413096
wcf_sensitivity_v1_sym_null,SYM-NL-NULL,500,25,10,cwdb_dr,diagnostic_n_boosting_steps,NONE_OPERATIONAL,10,100.0,0.0,0.0,100.0
wcf_sensitivity_v1_sym_null,SYM-NL-NULL,500,25,10,cwdb_dr,diagnostic_selected_contrast_shrinkage,NONE_OPERATIONAL,10,265.0,248.3836638034886,78.54581111965452,275.0
wcf_sensitivity_v1_sym_null,SYM-NL-NULL,500,25,10,cwdb_dr,diagnostic_train_risk,NONE_OPERATIONAL,10,0.038011000492306615,0.0032080523851201327,0.0010144752390115282,0.03862220218731646
wcf_sensitivity_v1_sym_null,SYM-NL-NULL,500,25,10,cwdb_dr,kernel_law_error,LAW-A-COMMON199,10,0.03596033796730482,0.0020212902811091904,0.0006391881100667056,0.036166641082989136
wcf_sensitivity_v1_sym_null,SYM-NL-NULL,500,25,10,cwdb_dr,kernel_law_error,LAW-A-INTERIOR,10,0.025339708792592085,0.0019783187642904926,0.0006255993233007739,0.025683554249063184
wcf_sensitivity_v1_sym_null,SYM-NL-NULL,500,25,10,cwdb_dr,kernel_law_error,LAW-A-K,10,0.025670141624671954,0.0020246617829715223,0.0006402542725687524,0.026047206571692835
wcf_sensitivity_v1_sym_null,SYM-NL-NULL,500,25,10,cwdb_dr,mean_quantile_rmse,MEANQ-A-COMMON199,10,0.05747528124586933,0.05223011310245676,0.016516611985196678,0.04392280853509501
wcf_sensitivity_v1_sym_null,SYM-NL-NULL,500,25,10,cwdb_dr,mean_quantile_rmse,MEANQ-A-INTERIOR,10,0.05664355582257723,0.05102874171822201,0.016136704996203566,0.04369717012233194
wcf_sensitivity_v1_sym_null,SYM-NL-NULL,500,25,10,cwdb_dr,mean_quantile_rmse,MEANQ-A-K,10,0.05752841137977882,0.05232193167532642,0.016545647567374103,0.04393215386828148
wcf_sensitivity_v1_sym_null,SYM-NL-NULL,500,25,10,cwdb_dr,mode_coverage,LAW-A-K,10,1.0,0.0,0.0,1.0
wcf_sensitivity_v1_sym_null,SYM-NL-NULL,500,25,10,cwdb_dr,peak_ram,NONE_OPERATIONAL,10,0.0,0.0,0.0,0.0
wcf_sensitivity_v1_sym_null,SYM-NL-NULL,500,25,10,cwdb_dr,process_peak_ram,NONE_OPERATIONAL,10,397.158984375,2.744202361281622,0.8677929822062188,397.953125
wcf_sensitivity_v1_sym_null,SYM-NL-NULL,500,25,10,cwdb_dr,reference_effect_rmse,REF-ATE-COMMON199,10,0.022461393325945322,0.016103315187101494,0.005092315387082123,0.02051812060833722
wcf_sensitivity_v1_sym_null,SYM-NL-NULL,500,25,10,cwdb_dr,reference_effect_rmse,REF-ATE-K,10,0.022537806637058153,0.016640390917990324,0.005262153645642959,0.021635413991051722
wcf_sensitivity_v1_sym_null,SYM-NL-NULL,500,25,10,cwdb_dr,reference_tcate_rmse,REF-TCATE-COMMON199,10,0.0569333168444721,0.017308663127462175,0.005473479873535378,0.06015106357125233
wcf_sensitivity_v1_sym_null,SYM-NL-NULL,500,25,10,cwdb_dr,reference_tcate_rmse,REF-TCATE-INTERIOR,10,0.05898535279674685,0.018659177445363762,0.005900549999259151,0.06275672224932563
wcf_sensitivity_v1_sym_null,SYM-NL-NULL,500,25,10,cwdb_dr,reference_tcate_rmse,REF-TCATE-K,10,0.05712670618730038,0.017597474784006802,0.005564810138484109,0.06023248893578578
wcf_sensitivity_v1_sym_null,SYM-NL-NULL,500,25,10,cwdb_dr,runtime,NONE_OPERATIONAL,10,219.13427384190072,2.64422626094651,0.8361777633421711,218.9763444995042
wcf_sensitivity_v1_sym_null,SYM-NL-NULL,500,25,10,cwdb_dr,tail_calibration,LAW-A-K,10,0.049361847598548905,0.00606345514219173,0.0019174328739585992,0.04947689634964435
wcf_sensitivity_v1_sym_null,SYM-NL-NULL,500,25,10,cwdb_dr,tate_functional_rmse,TATE-COMMON199-grid_mean,10,0.056701170749052766,0.02933442593201884,0.009276359979868717,0.06432749889320222
wcf_sensitivity_v1_sym_null,SYM-NL-NULL,500,25,10,cwdb_dr,tate_functional_rmse,TATE-COMMON199-grid_sd,10,0.0024345292907302116,0.0009837410669232723,0.00031108623993216704,0.0022617087005745067
wcf_sensitivity_v1_sym_null,SYM-NL-NULL,500,25,10,cwdb_dr,tate_functional_rmse,TATE-COMMON199-grid_skewness,10,0.0008506460635133541,0.0008799891221967253,0.0002782769942313886,0.0004535270617728292
wcf_sensitivity_v1_sym_null,SYM-NL-NULL,500,25,10,cwdb_dr,tate_functional_rmse,TATE-COMMON199-grid_upper_tail_mean,10,0.05620876799289988,0.02907583630066538,0.009194586758430693,0.061584476671574864
wcf_sensitivity_v1_sym_null,SYM-NL-NULL,500,25,10,cwdb_dr,tate_functional_rmse,TATE-K-grid_mean,10,0.05703902396469569,0.028185914480355224,0.008913168769264375,0.06334392419659128
wcf_sensitivity_v1_sym_null,SYM-NL-NULL,500,25,10,cwdb_dr,tate_functional_rmse,TATE-K-grid_sd,10,0.002508869072933971,0.0012081111929962108,0.00038203830366112865,0.0025489584608793673
wcf_sensitivity_v1_sym_null,SYM-NL-NULL,500,25,10,cwdb_dr,tate_functional_rmse,TATE-K-grid_skewness,10,0.000910115033403305,0.0009137235165937516,0.0002889447464094912,0.0004501272247478176
wcf_sensitivity_v1_sym_null,SYM-NL-NULL,500,25,10,cwdb_dr,tate_functional_rmse,TATE-K-grid_upper_tail_mean,10,0.05658590646957244,0.027622791940043287,0.008735093786347806,0.06040569963344396
wcf_sensitivity_v1_sym_null,SYM-NL-NULL,500,25,10,cwdb_dr,tcate_functional_rmse,TCATE-COMMON199-grid_mean,10,0.08222399563167701,0.022191450057963292,0.00701755267650396,0.07740031493286365
wcf_sensitivity_v1_sym_null,SYM-NL-NULL,500,25,10,cwdb_dr,tcate_functional_rmse,TCATE-COMMON199-grid_sd,10,0.006550178096913992,0.0023436770470176014,0.0007411357568433156,0.005949448363588518
wcf_sensitivity_v1_sym_null,SYM-NL-NULL,500,25,10,cwdb_dr,tcate_functional_rmse,TCATE-COMMON199-grid_skewness,10,0.0026954758830564306,0.0015975907347687472,0.0005052025490651196,0.0020379416914103722
wcf_sensitivity_v1_sym_null,SYM-NL-NULL,500,25,10,cwdb_dr,tcate_functional_rmse,TCATE-COMMON199-grid_upper_tail_mean,10,0.08137894423849204,0.022064363857997576,0.006977364491397233,0.07755497759359509
wcf_sensitivity_v1_sym_null,SYM-NL-NULL,500,25,10,cwdb_dr,tcate_functional_rmse,TCATE-K-grid_mean,10,0.08222399762665174,0.02219144876292363,0.007017552266976461,0.07740032092185914
wcf_sensitivity_v1_sym_null,SYM-NL-NULL,500,25,10,cwdb_dr,tcate_functional_rmse,TCATE-K-grid_sd,10,0.006579129841977724,0.002346494031569072,0.0007420265655749312,0.005982884300352825
wcf_sensitivity_v1_sym_null,SYM-NL-NULL,500,25,10,cwdb_dr,tcate_functional_rmse,TCATE-K-grid_skewness,10,0.0028814326479723673,0.00171125022481608,0.0005411448356894006,0.002307568527843203
wcf_sensitivity_v1_sym_null,SYM-NL-NULL,500,25,10,cwdb_dr,tcate_functional_rmse,TCATE-K-grid_upper_tail_mean,10,0.08139916936125204,0.022068295680940646,0.006978607842982893,0.0775387347816823
wcf_sensitivity_v1_sym_null,SYM-NL-NULL,500,25,10,drf,arm_energy_risk,LAW-A-M-K,10,0.09167569054722302,0.0071215876969280955,0.0022520437678925694,0.08900956248717669
wcf_sensitivity_v1_sym_null,SYM-NL-NULL,500,25,10,drf,barycenter_rmse,MEANQ-A-K,10,0.3070513559469379,0.014175654666554202,0.004482735607030598,0.3046244609299137
wcf_sensitivity_v1_sym_null,SYM-NL-NULL,500,25,10,drf,diagnostic_effective_support,NONE_OPERATIONAL,10,131.83062588004466,1.9192707041338894,0.6069266871498233,131.75790017804457
wcf_sensitivity_v1_sym_null,SYM-NL-NULL,500,25,10,drf,kernel_law_error,LAW-A-COMMON199,10,0.08595799453748924,0.006787911512982216,0.0021465260936703407,0.08297460581259486
wcf_sensitivity_v1_sym_null,SYM-NL-NULL,500,25,10,drf,kernel_law_error,LAW-A-INTERIOR,10,0.07575397214082931,0.006992016006808338,0.0022110696017869727,0.07256483014434517
wcf_sensitivity_v1_sym_null,SYM-NL-NULL,500,25,10,drf,kernel_law_error,LAW-A-K,10,0.07647428075268117,0.006944691053008996,0.0021961041373701564,0.07326600553202932
wcf_sensitivity_v1_sym_null,SYM-NL-NULL,500,25,10,drf,mean_quantile_rmse,MEANQ-A-COMMON199,10,0.23583653226202514,0.03612452193182269,0.011423576868926555,0.22926864489198334
wcf_sensitivity_v1_sym_null,SYM-NL-NULL,500,25,10,drf,mean_quantile_rmse,MEANQ-A-INTERIOR,10,0.23580453872019747,0.03612590612261489,0.011424014588488513,0.22921945411118227
wcf_sensitivity_v1_sym_null,SYM-NL-NULL,500,25,10,drf,mean_quantile_rmse,MEANQ-A-K,10,0.23583695699100735,0.03612450361090959,0.011423571075345133,0.2292692979081428
wcf_sensitivity_v1_sym_null,SYM-NL-NULL,500,25,10,drf,mode_coverage,LAW-A-K,10,1.0,0.0,0.0,1.0
wcf_sensitivity_v1_sym_null,SYM-NL-NULL,500,25,10,drf,peak_ram,NONE_OPERATIONAL,10,377.4,4.536273556321066,1.4344956527566672,376.85
wcf_sensitivity_v1_sym_null,SYM-NL-NULL,500,25,10,drf,process_peak_ram,NONE_OPERATIONAL,10,397.158984375,2.744202361281622,0.8677929822062188,397.953125
wcf_sensitivity_v1_sym_null,SYM-NL-NULL,500,25,10,drf,reference_effect_rmse,REF-ATE-COMMON199,10,0.025789331098271844,0.01800501194499687,0.005693684704472842,0.021274464874171208
wcf_sensitivity_v1_sym_null,SYM-NL-NULL,500,25,10,drf,reference_effect_rmse,REF-ATE-K,10,0.026007924946545087,0.018150454377577365,0.005739677640011827,0.021363219136067195
wcf_sensitivity_v1_sym_null,SYM-NL-NULL,500,25,10,drf,reference_tcate_rmse,REF-TCATE-COMMON199,10,0.10161520487435086,0.011754323458369758,0.0037170434482795807,0.0980001679236094
wcf_sensitivity_v1_sym_null,SYM-NL-NULL,500,25,10,drf,reference_tcate_rmse,REF-TCATE-INTERIOR,10,0.1055181349650596,0.01194422627961916,0.003777095993203574,0.10137803039019086
wcf_sensitivity_v1_sym_null,SYM-NL-NULL,500,25,10,drf,reference_tcate_rmse,REF-TCATE-K,10,0.10197185511991622,0.011786442459959521,0.003727200368399003,0.09839141407382995
wcf_sensitivity_v1_sym_null,SYM-NL-NULL,500,25,10,drf,runtime,NONE_OPERATIONAL,10,19.725900000000003,1.3495262090411175,0.4267576582662448,19.191499999999998
wcf_sensitivity_v1_sym_null,SYM-NL-NULL,500,25,10,drf,tail_calibration,LAW-A-K,10,0.0699283486954706,0.007643544678878466,0.0024171010582516262,0.06966198348878916
wcf_sensitivity_v1_sym_null,SYM-NL-NULL,500,25,10,drf,tate_functional_rmse,TATE-COMMON199-grid_mean,10,0.22459022428539438,0.037590211101950786,0.011887068480871236,0.22321863723435392
wcf_sensitivity_v1_sym_null,SYM-NL-NULL,500,25,10,drf,tate_functional_rmse,TATE-COMMON199-grid_sd,10,0.002332338133898492,0.002028523314049809,0.0006414753959150437,0.0018500100355159231
wcf_sensitivity_v1_sym_null,SYM-NL-NULL,500,25,10,drf,tate_functional_rmse,TATE-COMMON199-grid_skewness,10,4.386270702669237e-17,3.691258380083566e-17,1.167278391324758e-17,2.9649193763361266e-17
wcf_sensitivity_v1_sym_null,SYM-NL-NULL,500,25,10,drf,tate_functional_rmse,TATE-COMMON199-grid_upper_tail_mean,10,0.22437694993750307,0.036221829489817114,0.011454348220607686,0.22208020565758424
wcf_sensitivity_v1_sym_null,SYM-NL-NULL,500,25,10,drf,tate_functional_rmse,TATE-K-grid_mean,10,0.22459022428539438,0.037590211101950786,0.011887068480871236,0.22321863723435392
wcf_sensitivity_v1_sym_null,SYM-NL-NULL,500,25,10,drf,tate_functional_rmse,TATE-K-grid_sd,10,0.0023405945357989396,0.0020357042212698013,0.000643746198163196,0.0018565590114775063
wcf_sensitivity_v1_sym_null,SYM-NL-NULL,500,25,10,drf,tate_functional_rmse,TATE-K-grid_skewness,10,2.0113653956983004e-17,1.5770639585357816e-17,4.987114124734413e-18,1.5830240388589024e-17
wcf_sensitivity_v1_sym_null,SYM-NL-NULL,500,25,10,drf,tate_functional_rmse,TATE-K-grid_upper_tail_mean,10,0.2243841170824498,0.03626571535773596,0.011468226150579373,0.22205813981975492
wcf_sensitivity_v1_sym_null,SYM-NL-NULL,500,25,10,drf,tcate_functional_rmse,TCATE-COMMON199-grid_mean,10,0.22777392214044428,0.038350340111259054,0.012127442379369382,0.22341895781092752
wcf_sensitivity_v1_sym_null,SYM-NL-NULL,500,25,10,drf,tcate_functional_rmse,TCATE-COMMON199-grid_sd,10,0.0033390972676915556,0.0020342890675746094,0.0006432986872715949,0.0026599615442148743
wcf_sensitivity_v1_sym_null,SYM-NL-NULL,500,25,10,drf,tcate_functional_rmse,TCATE-COMMON199-grid_skewness,10,5.403900693231311e-17,3.9285983547207954e-17,1.2423318812907821e-17,3.975963489897133e-17
wcf_sensitivity_v1_sym_null,SYM-NL-NULL,500,25,10,drf,tcate_functional_rmse,TCATE-COMMON199-grid_upper_tail_mean,10,0.22763302890762308,0.03688348468763688,0.01166358196568766,0.2231196590632971
wcf_sensitivity_v1_sym_null,SYM-NL-NULL,500,25,10,drf,tcate_functional_rmse,TCATE-K-grid_mean,10,0.22777392214044428,0.03835034011125907,0.012127442379369387,0.22341895781092752
wcf_sensitivity_v1_sym_null,SYM-NL-NULL,500,25,10,drf,tcate_functional_rmse,TCATE-K-grid_sd,10,0.0033509175645113206,0.0020414903853764317,0.0006455759439124425,0.002669377722439469
wcf_sensitivity_v1_sym_null,SYM-NL-NULL,500,25,10,drf,tcate_functional_rmse,TCATE-K-grid_skewness,10,2.356264423426175e-17,1.5693801976378458e-17,4.962815939300795e-18,2.0968281293824807e-17
wcf_sensitivity_v1_sym_null,SYM-NL-NULL,500,25,10,drf,tcate_functional_rmse,TCATE-K-grid_upper_tail_mean,10,0.22763752507380874,0.036930639956649296,0.011678493771063378,0.22308946945248637
wcf_sensitivity_v1_sym_null,SYM-NL-NULL,1000,25,10,causal_drf,arm_energy_risk,LAW-A-M-K,10,0.07134802305953977,0.004225923386533933,0.0013363543118819357,0.07242940287678402
wcf_sensitivity_v1_sym_null,SYM-NL-NULL,1000,25,10,causal_drf,barycenter_rmse,MEANQ-A-K,10,0.26106509606848877,0.0045191837219085845,0.0014290913725988105,0.26115705847796533
wcf_sensitivity_v1_sym_null,SYM-NL-NULL,1000,25,10,causal_drf,diagnostic_effective_support,NONE_OPERATIONAL,10,130.38122938597488,1.575495695724829,0.4982154842282065,130.22710761361913
wcf_sensitivity_v1_sym_null,SYM-NL-NULL,1000,25,10,causal_drf,kernel_law_error,LAW-A-COMMON199,10,0.06681105128676137,0.004402676292571544,0.0013922484884951935,0.06645278069908044
wcf_sensitivity_v1_sym_null,SYM-NL-NULL,1000,25,10,causal_drf,kernel_law_error,LAW-A-INTERIOR,10,0.05664994582720038,0.004333926891859891,0.0013705080190931512,0.05671838830709457
wcf_sensitivity_v1_sym_null,SYM-NL-NULL,1000,25,10,causal_drf,kernel_law_error,LAW-A-K,10,0.0571273362441149,0.004332017631567819,0.0013699042579762447,0.05721603516245464
wcf_sensitivity_v1_sym_null,SYM-NL-NULL,1000,25,10,causal_drf,mean_quantile_rmse,MEANQ-A-COMMON199,10,0.22867330771548605,0.021040841481917674,0.006653698296941239,0.2262664160394527
wcf_sensitivity_v1_sym_null,SYM-NL-NULL,1000,25,10,causal_drf,mean_quantile_rmse,MEANQ-A-INTERIOR,10,0.22863767454427295,0.021048304238662382,0.006656058227834946,0.22623644750014202
wcf_sensitivity_v1_sym_null,SYM-NL-NULL,1000,25,10,causal_drf,mean_quantile_rmse,MEANQ-A-K,10,0.22867378075808714,0.021040742480858646,0.00665366699005751,0.2262668138907837
wcf_sensitivity_v1_sym_null,SYM-NL-NULL,1000,25,10,causal_drf,mode_coverage,LAW-A-K,10,1.0,0.0,0.0,1.0
wcf_sensitivity_v1_sym_null,SYM-NL-NULL,1000,25,10,causal_drf,peak_ram,NONE_OPERATIONAL,10,375.97265,1.4111899944924393,0.4462574593836579,375.4219
wcf_sensitivity_v1_sym_null,SYM-NL-NULL,1000,25,10,causal_drf,process_peak_ram,NONE_OPERATIONAL,10,397.251953125,3.861832207567182,1.2212185717308435,398.248046875
wcf_sensitivity_v1_sym_null,SYM-NL-NULL,1000,25,10,causal_drf,reference_effect_rmse,REF-ATE-COMMON199,10,0.01722011322766575,0.016835973293934783,0.005324002223460141,0.011928045056658862
wcf_sensitivity_v1_sym_null,SYM-NL-NULL,1000,25,10,causal_drf,reference_effect_rmse,REF-ATE-K,10,0.017203960868071348,0.01688840979662611,0.005340584101563954,0.011817514117594588
wcf_sensitivity_v1_sym_null,SYM-NL-NULL,1000,25,10,causal_drf,reference_tcate_rmse,REF-TCATE-COMMON199,10,0.09761798660770431,0.01602294541437312,0.0050669002333969485,0.09136977178793167
wcf_sensitivity_v1_sym_null,SYM-NL-NULL,1000,25,10,causal_drf,reference_tcate_rmse,REF-TCATE-INTERIOR,10,0.10171330769320734,0.016625266362353817,0.005257370841202029,0.09515067750327333
wcf_sensitivity_v1_sym_null,SYM-NL-NULL,1000,25,10,causal_drf,reference_tcate_rmse,REF-TCATE-K,10,0.09787859606337916,0.016108673322617235,0.005094009778306282,0.09166765455334029
wcf_sensitivity_v1_sym_null,SYM-NL-NULL,1000,25,10,causal_drf,runtime,NONE_OPERATIONAL,10,43.9053,2.122504498097577,0.6711948557940867,43.345
wcf_sensitivity_v1_sym_null,SYM-NL-NULL,1000,25,10,causal_drf,tail_calibration,LAW-A-K,10,0.06247812703222251,0.006156900887764216,0.0019469830133247643,0.06251460204998202
wcf_sensitivity_v1_sym_null,SYM-NL-NULL,1000,25,10,causal_drf,tate_functional_rmse,TATE-COMMON199-grid_mean,10,0.21804756249219218,0.020101389720147456,0.006356617565036061,0.21641997435819288
wcf_sensitivity_v1_sym_null,SYM-NL-NULL,1000,25,10,causal_drf,tate_functional_rmse,TATE-COMMON199-grid_sd,10,0.002326655344926552,0.0012205202996753391,0.00038596240774453405,0.0021919461561808818
wcf_sensitivity_v1_sym_null,SYM-NL-NULL,1000,25,10,causal_drf,tate_functional_rmse,TATE-COMMON199-grid_skewness,10,3.171741783995547e-17,2.1559768171252013e-17,6.817797324635951e-18,3.474088266818798e-17
wcf_sensitivity_v1_sym_null,SYM-NL-NULL,1000,25,10,causal_drf,tate_functional_rmse,TATE-COMMON199-grid_upper_tail_mean,10,0.2165890438787504,0.019765510875414522,0.006250403348313849,0.2145308767723823
wcf_sensitivity_v1_sym_null,SYM-NL-NULL,1000,25,10,causal_drf,tate_functional_rmse,TATE-K-grid_mean,10,0.21804756249219218,0.020101389720147442,0.006356617565036056,0.21641997435819288
wcf_sensitivity_v1_sym_null,SYM-NL-NULL,1000,25,10,causal_drf,tate_functional_rmse,TATE-K-grid_sd,10,0.0023348916299369827,0.0012248409022394733,0.0003873287022412368,0.002199705575000325
wcf_sensitivity_v1_sym_null,SYM-NL-NULL,1000,25,10,causal_drf,tate_functional_rmse,TATE-K-grid_skewness,10,1.2823841929587523e-17,1.1424160051490043e-17,3.6126366117015e-18,1.2502334975502867e-17
wcf_sensitivity_v1_sym_null,SYM-NL-NULL,1000,25,10,causal_drf,tate_functional_rmse,TATE-K-grid_upper_tail_mean,10,0.21663805781039874,0.019774821755074345,0.006253347706988326,0.21459436043251162
wcf_sensitivity_v1_sym_null,SYM-NL-NULL,1000,25,10,causal_drf,tcate_functional_rmse,TCATE-COMMON199-grid_mean,10,0.22192288483204833,0.021756295454292376,0.006879944708313164,0.2211780460245129
wcf_sensitivity_v1_sym_null,SYM-NL-NULL,1000,25,10,causal_drf,tcate_functional_rmse,TCATE-COMMON199-grid_sd,10,0.003456221735958663,0.0011320230350088264,0.00035797711544044187,0.0038004846315427233
wcf_sensitivity_v1_sym_null,SYM-NL-NULL,1000,25,10,causal_drf,tcate_functional_rmse,TCATE-COMMON199-grid_skewness,10,5.607020590294205e-17,1.9211255236595962e-17,6.07513232584802e-18,4.889257320219393e-17
wcf_sensitivity_v1_sym_null,SYM-NL-NULL,1000,25,10,causal_drf,tcate_functional_rmse,TCATE-COMMON199-grid_upper_tail_mean,10,0.22046057736650937,0.02159092162900073,0.006827648912983528,0.2193857555741128
wcf_sensitivity_v1_sym_null,SYM-NL-NULL,1000,25,10,causal_drf,tcate_functional_rmse,TCATE-K-grid_mean,10,0.2219228848320484,0.02175629545429238,0.006879944708313165,0.2211780460245129
wcf_sensitivity_v1_sym_null,SYM-NL-NULL,1000,25,10,causal_drf,tcate_functional_rmse,TCATE-K-grid_sd,10,0.0034684566496250646,0.0011360303601053515,0.0003592443429034192,0.0038139382247753583
wcf_sensitivity_v1_sym_null,SYM-NL-NULL,1000,25,10,causal_drf,tcate_functional_rmse,TCATE-K-grid_skewness,10,1.8498627904686556e-17,9.884143338406047e-18,3.1256405668943548e-18,1.6991264214975704e-17
wcf_sensitivity_v1_sym_null,SYM-NL-NULL,1000,25,10,causal_drf,tcate_functional_rmse,TCATE-K-grid_upper_tail_mean,10,0.22050938215368973,0.021594982109734855,0.006828932949735035,0.21944583152456593
wcf_sensitivity_v1_sym_null,SYM-NL-NULL,1000,25,10,cwdb_dr,arm_energy_risk,LAW-A-M-K,10,0.046952634234402664,0.004523974606756783,0.0014306063834116003,0.04647875376253785
wcf_sensitivity_v1_sym_null,SYM-NL-NULL,1000,25,10,cwdb_dr,barycenter_rmse,MEANQ-A-K,10,0.1537619772000732,0.010867111941691997,0.003436482532376162,0.15291763087991034
wcf_sensitivity_v1_sym_null,SYM-NL-NULL,1000,25,10,cwdb_dr,diagnostic_dense_dr_n_levels,NONE_OPERATIONAL,10,199.0,0.0,0.0,199.0
wcf_sensitivity_v1_sym_null,SYM-NL-NULL,1000,25,10,cwdb_dr,diagnostic_dr_if_se_reference,NONE_OPERATIONAL,10,0.016646545948692984,0.0004951284058551644,0.0001565733496750569,0.016652993349808506
wcf_sensitivity_v1_sym_null,SYM-NL-NULL,1000,25,10,cwdb_dr,diagnostic_effective_support,NONE_OPERATIONAL,10,9.999999999999998,0.0,0.0,9.999999999999998
wcf_sensitivity_v1_sym_null,SYM-NL-NULL,1000,25,10,cwdb_dr,diagnostic_ehat_mean,NONE_OPERATIONAL,10,0.45938447087273293,0.017551468184581094,0.005550261574325685,0.4624246522962054
wcf_sensitivity_v1_sym_null,SYM-NL-NULL,1000,25,10,cwdb_dr,diagnostic_n_boosting_steps,NONE_OPERATIONAL,10,100.0,0.0,0.0,100.0
wcf_sensitivity_v1_sym_null,SYM-NL-NULL,1000,25,10,cwdb_dr,diagnostic_selected_contrast_shrinkage,NONE_OPERATIONAL,10,170.0,228.76479915697988,72.34178138070236,50.0
wcf_sensitivity_v1_sym_null,SYM-NL-NULL,1000,25,10,cwdb_dr,diagnostic_train_risk,NONE_OPERATIONAL,10,0.05835189741318146,0.007459485122202503,0.002358896315829937,0.058799454371607156
wcf_sensitivity_v1_sym_null,SYM-NL-NULL,1000,25,10,cwdb_dr,kernel_law_error,LAW-A-COMMON199,10,0.031890558807828595,0.0038525278424366614,0.0012182762731314139,0.031290724706636984
wcf_sensitivity_v1_sym_null,SYM-NL-NULL,1000,25,10,cwdb_dr,kernel_law_error,LAW-A-INTERIOR,10,0.02142598043797797,0.0035080477790388684,0.0011093421122457911,0.020710584041727764
wcf_sensitivity_v1_sym_null,SYM-NL-NULL,1000,25,10,cwdb_dr,kernel_law_error,LAW-A-K,10,0.021671998169453543,0.0035313853352869073,0.0011167220955224009,0.020828565224680733
wcf_sensitivity_v1_sym_null,SYM-NL-NULL,1000,25,10,cwdb_dr,mean_quantile_rmse,MEANQ-A-COMMON199,10,0.07509656312064954,0.045644615238542734,0.014434094707582485,0.0597536545675328
wcf_sensitivity_v1_sym_null,SYM-NL-NULL,1000,25,10,cwdb_dr,mean_quantile_rmse,MEANQ-A-INTERIOR,10,0.07464478918582261,0.04521664049271201,0.014298757209796812,0.05951635075681831
wcf_sensitivity_v1_sym_null,SYM-NL-NULL,1000,25,10,cwdb_dr,mean_quantile_rmse,MEANQ-A-K,10,0.0751892640350614,0.04578452785475839,0.014478338961645933,0.059767804431863886
wcf_sensitivity_v1_sym_null,SYM-NL-NULL,1000,25,10,cwdb_dr,mode_coverage,LAW-A-K,10,1.0,0.0,0.0,1.0
wcf_sensitivity_v1_sym_null,SYM-NL-NULL,1000,25,10,cwdb_dr,peak_ram,NONE_OPERATIONAL,10,0.0,0.0,0.0,0.0
wcf_sensitivity_v1_sym_null,SYM-NL-NULL,1000,25,10,cwdb_dr,process_peak_ram,NONE_OPERATIONAL,10,396.724609375,3.319050643595309,1.0495759703208927,398.14453125
wcf_sensitivity_v1_sym_null,SYM-NL-NULL,1000,25,10,cwdb_dr,reference_effect_rmse,REF-ATE-COMMON199,10,0.016686004560982053,0.014911462960901083,0.004715418620168573,0.013232078745859254
wcf_sensitivity_v1_sym_null,SYM-NL-NULL,1000,25,10,cwdb_dr,reference_effect_rmse,REF-ATE-K,10,0.01661669444109561,0.014108404706706448,0.004461469302463221,0.014904886060019865
wcf_sensitivity_v1_sym_null,SYM-NL-NULL,1000,25,10,cwdb_dr,reference_tcate_rmse,REF-TCATE-COMMON199,10,0.048619661757408686,0.019727008786699567,0.006238227918812536,0.049332618795453365
wcf_sensitivity_v1_sym_null,SYM-NL-NULL,1000,25,10,cwdb_dr,reference_tcate_rmse,REF-TCATE-INTERIOR,10,0.05065766798525364,0.020723444321831676,0.006553328502067156,0.05129661391144676
wcf_sensitivity_v1_sym_null,SYM-NL-NULL,1000,25,10,cwdb_dr,reference_tcate_rmse,REF-TCATE-K,10,0.04869166570747517,0.01970391265071054,0.006230924279325105,0.04938431153062513
wcf_sensitivity_v1_sym_null,SYM-NL-NULL,1000,25,10,cwdb_dr,runtime,NONE_OPERATIONAL,10,474.71157535640015,4.249265374427001,1.3437356965677527,475.6599805354999
wcf_sensitivity_v1_sym_null,SYM-NL-NULL,1000,25,10,cwdb_dr,tail_calibration,LAW-A-K,10,0.04613723416904217,0.007960636450981324,0.002517374280966033,0.04522102128250851
wcf_sensitivity_v1_sym_null,SYM-NL-NULL,1000,25,10,cwdb_dr,tate_functional_rmse,TATE-COMMON199-grid_mean,10,0.06027145683613098,0.02212299656703719,0.006995905781992345,0.05631313801336478
wcf_sensitivity_v1_sym_null,SYM-NL-NULL,1000,25,10,cwdb_dr,tate_functional_rmse,TATE-COMMON199-grid_sd,10,0.0008009038240610162,0.0007342167177547334,0.00023217971242779455,0.0005370513275193335
wcf_sensitivity_v1_sym_null,SYM-NL-NULL,1000,25,10,cwdb_dr,tate_functional_rmse,TATE-COMMON199-grid_skewness,10,0.00030838730186207107,0.0003638853806810458,0.00011507066101895375,8.641486822163653e-05
wcf_sensitivity_v1_sym_null,SYM-NL-NULL,1000,25,10,cwdb_dr,tate_functional_rmse,TATE-COMMON199-grid_upper_tail_mean,10,0.06071818992852525,0.022397133117860325,0.007082595371042707,0.05629143797482364
wcf_sensitivity_v1_sym_null,SYM-NL-NULL,1000,25,10,cwdb_dr,tate_functional_rmse,TATE-K-grid_mean,10,0.06078009008511992,0.02323131547678324,0.0073463869948555555,0.056767795025371263
wcf_sensitivity_v1_sym_null,SYM-NL-NULL,1000,25,10,cwdb_dr,tate_functional_rmse,TATE-K-grid_sd,10,0.0008545519527428782,0.0007476913498532337,0.00023644076523420207,0.0006909004649038612
wcf_sensitivity_v1_sym_null,SYM-NL-NULL,1000,25,10,cwdb_dr,tate_functional_rmse,TATE-K-grid_skewness,10,0.00036857354573766,0.0003526748576720061,0.00011152558237192476,0.0002853096316150581
wcf_sensitivity_v1_sym_null,SYM-NL-NULL,1000,25,10,cwdb_dr,tate_functional_rmse,TATE-K-grid_upper_tail_mean,10,0.061278497503938226,0.02357843487306567,0.007456155786083062,0.05719839747763729
wcf_sensitivity_v1_sym_null,SYM-NL-NULL,1000,25,10,cwdb_dr,tcate_functional_rmse,TCATE-COMMON199-grid_mean,10,0.07276603850767696,0.025242119268462895,0.0079822589857966,0.06799999292268152
wcf_sensitivity_v1_sym_null,SYM-NL-NULL,1000,25,10,cwdb_dr,tcate_functional_rmse,TCATE-COMMON199-grid_sd,10,0.003293130655455488,0.0013597575652455178,0.0004299930971820848,0.0029720716582105895
wcf_sensitivity_v1_sym_null,SYM-NL-NULL,1000,25,10,cwdb_dr,tcate_functional_rmse,TCATE-COMMON199-grid_skewness,10,0.001450952015972205,0.00142541000042107,0.000450754220091215,0.0011713760146432504
wcf_sensitivity_v1_sym_null,SYM-NL-NULL,1000,25,10,cwdb_dr,tcate_functional_rmse,TCATE-COMMON199-grid_upper_tail_mean,10,0.07303407378719286,0.02545820935258532,0.008050592670357026,0.06825204305597596
wcf_sensitivity_v1_sym_null,SYM-NL-NULL,1000,25,10,cwdb_dr,tcate_functional_rmse,TCATE-K-grid_mean,10,0.07276603963767363,0.025242119741458038,0.007982259135370798,0.06799999517696377
wcf_sensitivity_v1_sym_null,SYM-NL-NULL,1000,25,10,cwdb_dr,tcate_functional_rmse,TCATE-K-grid_sd,10,0.003304563739810658,0.0013630924102457243,0.00043104766776651254,0.002975350588920329
wcf_sensitivity_v1_sym_null,SYM-NL-NULL,1000,25,10,cwdb_dr,tcate_functional_rmse,TCATE-K-grid_skewness,10,0.0015771695869096053,0.0015490507148877694,0.000489852847015745,0.0012329317221561051
wcf_sensitivity_v1_sym_null,SYM-NL-NULL,1000,25,10,cwdb_dr,tcate_functional_rmse,TCATE-K-grid_upper_tail_mean,10,0.07302187730967749,0.02544975181901098,0.0080479181634088,0.06823990138280782
wcf_sensitivity_v1_sym_null,SYM-NL-NULL,1000,25,10,drf,arm_energy_risk,LAW-A-M-K,10,0.07496256923036984,0.004931520201005622,0.0015594836162309152,0.07526380501047114
wcf_sensitivity_v1_sym_null,SYM-NL-NULL,1000,25,10,drf,barycenter_rmse,MEANQ-A-K,10,0.2667485649780183,0.00708548767174654,0.0022406279375762543,0.26652886552051025
wcf_sensitivity_v1_sym_null,SYM-NL-NULL,1000,25,10,drf,diagnostic_effective_support,NONE_OPERATIONAL,10,190.25081870611604,2.4276926977002415,0.767703838369138,190.44477061857876
wcf_sensitivity_v1_sym_null,SYM-NL-NULL,1000,25,10,drf,kernel_law_error,LAW-A-COMMON199,10,0.0700594141173168,0.004293695527722531,0.0013577857446881838,0.07131244121951422
wcf_sensitivity_v1_sym_null,SYM-NL-NULL,1000,25,10,drf,kernel_law_error,LAW-A-INTERIOR,10,0.05975525694256356,0.004391606435500609,0.0013887478923235261,0.06081636344554278
wcf_sensitivity_v1_sym_null,SYM-NL-NULL,1000,25,10,drf,kernel_law_error,LAW-A-K,10,0.060403785319830594,0.004384573960484302,0.0013865240284595501,0.061448418714826564
wcf_sensitivity_v1_sym_null,SYM-NL-NULL,1000,25,10,drf,mean_quantile_rmse,MEANQ-A-COMMON199,10,0.20352980672297166,0.017330645645462137,0.005480431356093931,0.2061521082319449
wcf_sensitivity_v1_sym_null,SYM-NL-NULL,1000,25,10,drf,mean_quantile_rmse,MEANQ-A-INTERIOR,10,0.2034797289416402,0.01733177915719296,0.005480789803976323,0.20611076484079177
wcf_sensitivity_v1_sym_null,SYM-NL-NULL,1000,25,10,drf,mean_quantile_rmse,MEANQ-A-K,10,0.2035304714987393,0.017330630659544464,0.005480426617130664,0.20615265707372257
wcf_sensitivity_v1_sym_null,SYM-NL-NULL,1000,25,10,drf,mode_coverage,LAW-A-K,10,1.0,0.0,0.0,1.0
wcf_sensitivity_v1_sym_null,SYM-NL-NULL,1000,25,10,drf,peak_ram,NONE_OPERATIONAL,10,482.98999999999995,3.202585760843188,1.0127465406287766,483.8
wcf_sensitivity_v1_sym_null,SYM-NL-NULL,1000,25,10,drf,process_peak_ram,NONE_OPERATIONAL,10,397.270703125,3.828245485100829,1.2105975175174812,398.248046875
wcf_sensitivity_v1_sym_null,SYM-NL-NULL,1000,25,10,drf,reference_effect_rmse,REF-ATE-COMMON199,10,0.017718494262127498,0.014133101554648291,0.004469279131515528,0.01576731083333375
wcf_sensitivity_v1_sym_null,SYM-NL-NULL,1000,25,10,drf,reference_effect_rmse,REF-ATE-K,10,0.01778510601963324,0.014181635512698416,0.004484626916645674,0.015783193863387553
wcf_sensitivity_v1_sym_null,SYM-NL-NULL,1000,25,10,drf,reference_tcate_rmse,REF-TCATE-COMMON199,10,0.1053801161393521,0.015561220933528842,0.0049208901323042785,0.10329668581915122
wcf_sensitivity_v1_sym_null,SYM-NL-NULL,1000,25,10,drf,reference_tcate_rmse,REF-TCATE-INTERIOR,10,0.1098437550871932,0.01624873290071768,0.005138300505798246,0.10774321776384363
wcf_sensitivity_v1_sym_null,SYM-NL-NULL,1000,25,10,drf,reference_tcate_rmse,REF-TCATE-K,10,0.10570586717903296,0.015656469276716416,0.00495101030308729,0.10356200401682206
wcf_sensitivity_v1_sym_null,SYM-NL-NULL,1000,25,10,drf,runtime,NONE_OPERATIONAL,10,36.335,0.4166455994674077,0.13175490714032456,36.2315
wcf_sensitivity_v1_sym_null,SYM-NL-NULL,1000,25,10,drf,tail_calibration,LAW-A-K,10,0.06475483099576711,0.005538851307510491,0.0017515385752734844,0.06425239029329027
wcf_sensitivity_v1_sym_null,SYM-NL-NULL,1000,25,10,drf,tate_functional_rmse,TATE-COMMON199-grid_mean,10,0.178667893346442,0.0175992226949717,0.005565362876463734,0.17830314532247743
wcf_sensitivity_v1_sym_null,SYM-NL-NULL,1000,25,10,drf,tate_functional_rmse,TATE-COMMON199-grid_sd,10,0.0019641185508663056,0.0015072000101528612,0.00047661849215119474,0.0017558045824627617
wcf_sensitivity_v1_sym_null,SYM-NL-NULL,1000,25,10,drf,tate_functional_rmse,TATE-COMMON199-grid_skewness,10,2.917571403623967e-17,1.7001413233554065e-17,5.376318925975906e-18,2.8733268741795074e-17
wcf_sensitivity_v1_sym_null,SYM-NL-NULL,1000,25,10,drf,tate_functional_rmse,TATE-COMMON199-grid_upper_tail_mean,10,0.1774752760712426,0.017770909752292507,0.005619655091054298,0.1773643080903623
wcf_sensitivity_v1_sym_null,SYM-NL-NULL,1000,25,10,drf,tate_functional_rmse,TATE-K-grid_mean,10,0.178667893346442,0.0175992226949717,0.005565362876463734,0.17830314532247737
wcf_sensitivity_v1_sym_null,SYM-NL-NULL,1000,25,10,drf,tate_functional_rmse,TATE-K-grid_sd,10,0.0019710714672982596,0.0015125354496619706,0.0004783057062678784,0.0017620200741535518
wcf_sensitivity_v1_sym_null,SYM-NL-NULL,1000,25,10,drf,tate_functional_rmse,TATE-K-grid_skewness,10,1.1018881571474383e-17,8.998071912611965e-18,2.845440179384138e-18,1.0998629054560202e-17
wcf_sensitivity_v1_sym_null,SYM-NL-NULL,1000,25,10,drf,tate_functional_rmse,TATE-K-grid_upper_tail_mean,10,0.1775153543130083,0.01776271070271619,0.005617062323923318,0.17739585798180676
wcf_sensitivity_v1_sym_null,SYM-NL-NULL,1000,25,10,drf,tcate_functional_rmse,TCATE-COMMON199-grid_mean,10,0.18165167676106575,0.018680097703707876,0.005907165565819806,0.1806843566555973
wcf_sensitivity_v1_sym_null,SYM-NL-NULL,1000,25,10,drf,tcate_functional_rmse,TCATE-COMMON199-grid_sd,10,0.003056995194317902,0.0011152827855739234,0.00035268338375907786,0.0031163648151722703
wcf_sensitivity_v1_sym_null,SYM-NL-NULL,1000,25,10,drf,tcate_functional_rmse,TCATE-COMMON199-grid_skewness,10,4.9743202814236805e-17,1.5714550423021534e-17,4.969377174231055e-18,4.7209422149835226e-17
wcf_sensitivity_v1_sym_null,SYM-NL-NULL,1000,25,10,drf,tcate_functional_rmse,TCATE-COMMON199-grid_upper_tail_mean,10,0.18051490229510328,0.01876896386038963,0.005935267512021779,0.1795059249063342
wcf_sensitivity_v1_sym_null,SYM-NL-NULL,1000,25,10,drf,tcate_functional_rmse,TCATE-K-grid_mean,10,0.18165167676106575,0.018680097703707866,0.005907165565819802,0.1806843566555973
wcf_sensitivity_v1_sym_null,SYM-NL-NULL,1000,25,10,drf,tcate_functional_rmse,TCATE-K-grid_sd,10,0.003067816858880673,0.0011192308507264506,0.00035393187158235044,0.003127396646281348
wcf_sensitivity_v1_sym_null,SYM-NL-NULL,1000,25,10,drf,tcate_functional_rmse,TCATE-K-grid_skewness,10,1.6591632947812665e-17,8.011171053275367e-18,2.5333547253560274e-18,1.5479404713169734e-17
wcf_sensitivity_v1_sym_null,SYM-NL-NULL,1000,25,10,drf,tcate_functional_rmse,TCATE-K-grid_upper_tail_mean,10,0.18055280574794053,0.01876386702499562,0.005933655751151376,0.17953515357050553
wcf_sensitivity_v1_sym_null,SYM-RANDOM-NULL,500,25,10,causal_drf,arm_energy_risk,LAW-A-M-K,10,0.08814196708312602,0.005844060574763265,0.001848054220024465,0.08668677988413681
wcf_sensitivity_v1_sym_null,SYM-RANDOM-NULL,500,25,10,causal_drf,barycenter_rmse,MEANQ-A-K,10,0.303398898837939,0.00978198031608419,0.003093333782575985,0.30337195124668137
wcf_sensitivity_v1_sym_null,SYM-RANDOM-NULL,500,25,10,causal_drf,diagnostic_effective_support,NONE_OPERATIONAL,10,105.86755288694773,1.818068189314822,0.5749236419733037,106.00454141552484
wcf_sensitivity_v1_sym_null,SYM-RANDOM-NULL,500,25,10,causal_drf,kernel_law_error,LAW-A-COMMON199,10,0.0828378779863227,0.005521038503303317,0.0017459056719925543,0.08195766313509395
wcf_sensitivity_v1_sym_null,SYM-RANDOM-NULL,500,25,10,causal_drf,kernel_law_error,LAW-A-INTERIOR,10,0.0730359572601739,0.00559319860564744,0.0017687246999523827,0.07183644854572556
wcf_sensitivity_v1_sym_null,SYM-RANDOM-NULL,500,25,10,causal_drf,kernel_law_error,LAW-A-K,10,0.07353789987222559,0.005584745938093131,0.0017660517317748007,0.07238637559489913
wcf_sensitivity_v1_sym_null,SYM-RANDOM-NULL,500,25,10,causal_drf,mean_quantile_rmse,MEANQ-A-COMMON199,10,0.056575893612964626,0.015719239774222925,0.004970860077285539,0.052917529564998914
wcf_sensitivity_v1_sym_null,SYM-RANDOM-NULL,500,25,10,causal_drf,mean_quantile_rmse,MEANQ-A-INTERIOR,10,0.0564358863030036,0.015752581776784635,0.0049814037442701565,0.05277983161021772
wcf_sensitivity_v1_sym_null,SYM-RANDOM-NULL,500,25,10,causal_drf,mean_quantile_rmse,MEANQ-A-K,10,0.056577749037848124,0.015718800901245444,0.004970721293464305,0.05291935507290277
wcf_sensitivity_v1_sym_null,SYM-RANDOM-NULL,500,25,10,causal_drf,mode_coverage,LAW-A-K,10,1.0,0.0,0.0,1.0
wcf_sensitivity_v1_sym_null,SYM-RANDOM-NULL,500,25,10,causal_drf,peak_ram,NONE_OPERATIONAL,10,303.92148000000003,0.20302561305302236,0.06420233605995623,303.95895
wcf_sensitivity_v1_sym_null,SYM-RANDOM-NULL,500,25,10,causal_drf,process_peak_ram,NONE_OPERATIONAL,10,397.732421875,3.400014226547097,1.0751789032864556,397.41796875
wcf_sensitivity_v1_sym_null,SYM-RANDOM-NULL,500,25,10,causal_drf,reference_effect_rmse,REF-ATE-COMMON199,10,0.012551526232325258,0.01196668168761823,0.0037841970167101164,0.0069927888030077625
wcf_sensitivity_v1_sym_null,SYM-RANDOM-NULL,500,25,10,causal_drf,reference_effect_rmse,REF-ATE-K,10,0.012438215547386725,0.011963043477595135,0.003783046513682213,0.006785105002311397
wcf_sensitivity_v1_sym_null,SYM-RANDOM-NULL,500,25,10,causal_drf,reference_tcate_rmse,REF-TCATE-COMMON199,10,0.019926936279624066,0.01072430510505248,0.0033913230454537162,0.017752155526027574
wcf_sensitivity_v1_sym_null,SYM-RANDOM-NULL,500,25,10,causal_drf,reference_tcate_rmse,REF-TCATE-INTERIOR,10,0.02053233663630214,0.011031766797800527,0.0034885509696871864,0.0183394919947426
wcf_sensitivity_v1_sym_null,SYM-RANDOM-NULL,500,25,10,causal_drf,reference_tcate_rmse,REF-TCATE-K,10,0.019860148563952226,0.01072122292522751,0.0033903483746132034,0.017492009597583895
wcf_sensitivity_v1_sym_null,SYM-RANDOM-NULL,500,25,10,causal_drf,runtime,NONE_OPERATIONAL,10,22.7487,2.0254494178933338,0.6405033446005137,23.256999999999998
wcf_sensitivity_v1_sym_null,SYM-RANDOM-NULL,500,25,10,causal_drf,tail_calibration,LAW-A-K,10,0.07103812603945268,0.005896911455139202,0.0018647671358577708,0.07019201054432231
wcf_sensitivity_v1_sym_null,SYM-RANDOM-NULL,500,25,10,causal_drf,tate_functional_rmse,TATE-COMMON199-grid_mean,10,0.03007711878441801,0.026482989483012788,0.008374656601660547,0.023788674822107954
wcf_sensitivity_v1_sym_null,SYM-RANDOM-NULL,500,25,10,causal_drf,tate_functional_rmse,TATE-COMMON199-grid_sd,10,0.003016121075144044,0.00161941395092892,0.0005121036559587535,0.0027746888882772018
wcf_sensitivity_v1_sym_null,SYM-RANDOM-NULL,500,25,10,causal_drf,tate_functional_rmse,TATE-COMMON199-grid_skewness,10,3.702430083039555e-17,3.272882651712402e-17,1.0349763693862774e-17,3.04287316131216e-17
wcf_sensitivity_v1_sym_null,SYM-RANDOM-NULL,500,25,10,causal_drf,tate_functional_rmse,TATE-COMMON199-grid_upper_tail_mean,10,0.0306333549276254,0.02635182635207263,0.008333179177779567,0.02468003234108212
wcf_sensitivity_v1_sym_null,SYM-RANDOM-NULL,500,25,10,causal_drf,tate_functional_rmse,TATE-K-grid_mean,10,0.030077118784418006,0.026482989483012802,0.008374656601660552,0.02378867482210794
wcf_sensitivity_v1_sym_null,SYM-RANDOM-NULL,500,25,10,causal_drf,tate_functional_rmse,TATE-K-grid_sd,10,0.0030267980466409496,0.0016251466241754455,0.0005139164864128068,0.0027845111976059138
wcf_sensitivity_v1_sym_null,SYM-RANDOM-NULL,500,25,10,causal_drf,tate_functional_rmse,TATE-K-grid_skewness,10,1.5397655767338753e-17,9.818595321133285e-18,3.104912463825356e-18,1.5848074993730845e-17
wcf_sensitivity_v1_sym_null,SYM-RANDOM-NULL,500,25,10,causal_drf,tate_functional_rmse,TATE-K-grid_upper_tail_mean,10,0.030614662454281415,0.026351352243745334,0.008333029251562376,0.024615181850185006
wcf_sensitivity_v1_sym_null,SYM-RANDOM-NULL,500,25,10,causal_drf,tcate_functional_rmse,TCATE-COMMON199-grid_mean,10,0.03904655549667864,0.021834559209899376,0.006904693880908853,0.034856403196493614
wcf_sensitivity_v1_sym_null,SYM-RANDOM-NULL,500,25,10,causal_drf,tcate_functional_rmse,TCATE-COMMON199-grid_sd,10,0.0037943699599773317,0.0016235459511103395,0.000513410309145305,0.0034090843705251155
wcf_sensitivity_v1_sym_null,SYM-RANDOM-NULL,500,25,10,causal_drf,tcate_functional_rmse,TCATE-COMMON199-grid_skewness,10,4.999571798365229e-17,2.887897862348823e-17,9.1323348949537e-18,4.5088885272942915e-17
wcf_sensitivity_v1_sym_null,SYM-RANDOM-NULL,500,25,10,causal_drf,tcate_functional_rmse,TCATE-COMMON199-grid_upper_tail_mean,10,0.03897119193011994,0.022194737778302807,0.007018592344962213,0.03489041726193146
wcf_sensitivity_v1_sym_null,SYM-RANDOM-NULL,500,25,10,causal_drf,tcate_functional_rmse,TCATE-K-grid_mean,10,0.039046555496678625,0.021834559209899376,0.006904693880908853,0.0348564031964936
wcf_sensitivity_v1_sym_null,SYM-RANDOM-NULL,500,25,10,causal_drf,tcate_functional_rmse,TCATE-K-grid_sd,10,0.003807801907469517,0.001629293251504471,0.000515227765109569,0.003421152419435541
wcf_sensitivity_v1_sym_null,SYM-RANDOM-NULL,500,25,10,causal_drf,tcate_functional_rmse,TCATE-K-grid_skewness,10,2.2394359548513228e-17,9.156606764623989e-18,2.8955733014717098e-18,2.3379478928159754e-17
wcf_sensitivity_v1_sym_null,SYM-RANDOM-NULL,500,25,10,causal_drf,tcate_functional_rmse,TCATE-K-grid_upper_tail_mean,10,0.03896992392413102,0.02218127667879902,0.007014335571538,0.03495259391297361
wcf_sensitivity_v1_sym_null,SYM-RANDOM-NULL,500,25,10,cwdb_dr,arm_energy_risk,LAW-A-M-K,10,0.05634001504502795,0.00412263080760272,0.0013036903304004005,0.05552193371861098
wcf_sensitivity_v1_sym_null,SYM-RANDOM-NULL,500,25,10,cwdb_dr,barycenter_rmse,MEANQ-A-K,10,0.1732123865184715,0.010325349421506324,0.0032651621809061944,0.1777815796194924
wcf_sensitivity_v1_sym_null,SYM-RANDOM-NULL,500,25,10,cwdb_dr,diagnostic_dense_dr_n_levels,NONE_OPERATIONAL,10,199.0,0.0,0.0,199.0
wcf_sensitivity_v1_sym_null,SYM-RANDOM-NULL,500,25,10,cwdb_dr,diagnostic_dr_if_se_reference,NONE_OPERATIONAL,10,0.022001928460080682,0.0008272223731494609,0.00026159068306020114,0.022138554027739465
wcf_sensitivity_v1_sym_null,SYM-RANDOM-NULL,500,25,10,cwdb_dr,diagnostic_effective_support,NONE_OPERATIONAL,10,9.999999999999998,0.0,0.0,9.999999999999998
wcf_sensitivity_v1_sym_null,SYM-RANDOM-NULL,500,25,10,cwdb_dr,diagnostic_ehat_mean,NONE_OPERATIONAL,10,0.49811385627168797,0.01359111069491258,0.004297886572739759,0.4992901381164818
wcf_sensitivity_v1_sym_null,SYM-RANDOM-NULL,500,25,10,cwdb_dr,diagnostic_n_boosting_steps,NONE_OPERATIONAL,10,100.0,0.0,0.0,100.0
wcf_sensitivity_v1_sym_null,SYM-RANDOM-NULL,500,25,10,cwdb_dr,diagnostic_selected_contrast_shrinkage,NONE_OPERATIONAL,10,120.0,201.6597794967223,63.77042156569663,50.0
wcf_sensitivity_v1_sym_null,SYM-RANDOM-NULL,500,25,10,cwdb_dr,diagnostic_train_risk,NONE_OPERATIONAL,10,0.034074524579567785,0.002058830131096707,0.0006510592529648653,0.03420820167979194
wcf_sensitivity_v1_sym_null,SYM-RANDOM-NULL,500,25,10,cwdb_dr,kernel_law_error,LAW-A-COMMON199,10,0.038015391948658064,0.0033324671443193746,0.0010538186403726273,0.03805883828476943
wcf_sensitivity_v1_sym_null,SYM-RANDOM-NULL,500,25,10,cwdb_dr,kernel_law_error,LAW-A-INTERIOR,10,0.027283640499857133,0.0033722190159480333,0.001066389285932746,0.02748102851444835
wcf_sensitivity_v1_sym_null,SYM-RANDOM-NULL,500,25,10,cwdb_dr,kernel_law_error,LAW-A-K,10,0.027681502287921073,0.0033952001209606687,0.0010736565494314902,0.027860126382614644
wcf_sensitivity_v1_sym_null,SYM-RANDOM-NULL,500,25,10,cwdb_dr,mean_quantile_rmse,MEANQ-A-COMMON199,10,0.07330346265357675,0.05595188814106573,0.017693540591273222,0.04751651006277566
wcf_sensitivity_v1_sym_null,SYM-RANDOM-NULL,500,25,10,cwdb_dr,mean_quantile_rmse,MEANQ-A-INTERIOR,10,0.07213864654349962,0.05490064729024946,0.017361109045473954,0.04711249543687213
wcf_sensitivity_v1_sym_null,SYM-RANDOM-NULL,500,25,10,cwdb_dr,mean_quantile_rmse,MEANQ-A-K,10,0.0733776258668745,0.056035162918884135,0.017719874388228283,0.04752609603121773
wcf_sensitivity_v1_sym_null,SYM-RANDOM-NULL,500,25,10,cwdb_dr,mode_coverage,LAW-A-K,10,1.0,0.0,0.0,1.0
wcf_sensitivity_v1_sym_null,SYM-RANDOM-NULL,500,25,10,cwdb_dr,peak_ram,NONE_OPERATIONAL,10,0.0,0.0,0.0,0.0
wcf_sensitivity_v1_sym_null,SYM-RANDOM-NULL,500,25,10,cwdb_dr,process_peak_ram,NONE_OPERATIONAL,10,397.732421875,3.400014226547097,1.0751789032864556,397.41796875
wcf_sensitivity_v1_sym_null,SYM-RANDOM-NULL,500,25,10,cwdb_dr,reference_effect_rmse,REF-ATE-COMMON199,10,0.015187423294988678,0.008988047532941435,0.002842270192195221,0.013716538735139672
wcf_sensitivity_v1_sym_null,SYM-RANDOM-NULL,500,25,10,cwdb_dr,reference_effect_rmse,REF-ATE-K,10,0.01577589849740897,0.009209046313958007,0.0029121561430085364,0.014616381674560773
wcf_sensitivity_v1_sym_null,SYM-RANDOM-NULL,500,25,10,cwdb_dr,reference_tcate_rmse,REF-TCATE-COMMON199,10,0.03532599803268198,0.012718701708169812,0.00402200662780908,0.037333779783830345
wcf_sensitivity_v1_sym_null,SYM-RANDOM-NULL,500,25,10,cwdb_dr,reference_tcate_rmse,REF-TCATE-INTERIOR,10,0.03648922855363893,0.012931336838428729,0.004089247760027556,0.03817235110320651
wcf_sensitivity_v1_sym_null,SYM-RANDOM-NULL,500,25,10,cwdb_dr,reference_tcate_rmse,REF-TCATE-K,10,0.03532585198057954,0.0127405194525453,0.004028906004372467,0.037424537938235386
wcf_sensitivity_v1_sym_null,SYM-RANDOM-NULL,500,25,10,cwdb_dr,runtime,NONE_OPERATIONAL,10,221.9450575865012,2.4830635868691218,0.7852136509533789,222.72411584250585
wcf_sensitivity_v1_sym_null,SYM-RANDOM-NULL,500,25,10,cwdb_dr,tail_calibration,LAW-A-K,10,0.05402218879546282,0.007254845512765197,0.0022941835892990193,0.053864158946186284
wcf_sensitivity_v1_sym_null,SYM-RANDOM-NULL,500,25,10,cwdb_dr,tate_functional_rmse,TATE-COMMON199-grid_mean,10,0.012565790792939638,0.013177025315159848,0.004166941278160318,0.008786892577247987
wcf_sensitivity_v1_sym_null,SYM-RANDOM-NULL,500,25,10,cwdb_dr,tate_functional_rmse,TATE-COMMON199-grid_sd,10,0.002295780338646593,0.0014548320850232914,0.00046005830017653386,0.0018029010765238914
wcf_sensitivity_v1_sym_null,SYM-RANDOM-NULL,500,25,10,cwdb_dr,tate_functional_rmse,TATE-COMMON199-grid_skewness,10,0.0006122624180696027,0.0005203934092740212,0.00016456284526460976,0.0004551469437041567
wcf_sensitivity_v1_sym_null,SYM-RANDOM-NULL,500,25,10,cwdb_dr,tate_functional_rmse,TATE-COMMON199-grid_upper_tail_mean,10,0.011947452058993745,0.01484399654362716,0.004694083865752881,0.00847366028552951
wcf_sensitivity_v1_sym_null,SYM-RANDOM-NULL,500,25,10,cwdb_dr,tate_functional_rmse,TATE-K-grid_mean,10,0.01381925026881066,0.013699572498072111,0.004332185206451056,0.010367042679413154
wcf_sensitivity_v1_sym_null,SYM-RANDOM-NULL,500,25,10,cwdb_dr,tate_functional_rmse,TATE-K-grid_sd,10,0.0022269560797195612,0.0014916503609390993,0.0004717012613179813,0.0016981245039765721
wcf_sensitivity_v1_sym_null,SYM-RANDOM-NULL,500,25,10,cwdb_dr,tate_functional_rmse,TATE-K-grid_skewness,10,0.000686995424216682,0.0005925438148424108,0.00018737880683471043,0.0004598071448179531
wcf_sensitivity_v1_sym_null,SYM-RANDOM-NULL,500,25,10,cwdb_dr,tate_functional_rmse,TATE-K-grid_upper_tail_mean,10,0.013868257781186482,0.01474253527191159,0.004661998994461038,0.01001901547313064
wcf_sensitivity_v1_sym_null,SYM-RANDOM-NULL,500,25,10,cwdb_dr,tcate_functional_rmse,TCATE-COMMON199-grid_mean,10,0.04858063682324586,0.0184108868569491,0.005822033621161776,0.04619338232134494
wcf_sensitivity_v1_sym_null,SYM-RANDOM-NULL,500,25,10,cwdb_dr,tcate_functional_rmse,TCATE-COMMON199-grid_sd,10,0.003842817173048139,0.0014254508990765827,0.0004507671533816808,0.004143899662876124
wcf_sensitivity_v1_sym_null,SYM-RANDOM-NULL,500,25,10,cwdb_dr,tcate_functional_rmse,TCATE-COMMON199-grid_skewness,10,0.0016466064471362541,0.0011275396480750436,0.00035655934400618264,0.0011653131232756847
wcf_sensitivity_v1_sym_null,SYM-RANDOM-NULL,500,25,10,cwdb_dr,tcate_functional_rmse,TCATE-COMMON199-grid_upper_tail_mean,10,0.04932687255581982,0.019355412888415805,0.006120718978037242,0.046113932394103094
wcf_sensitivity_v1_sym_null,SYM-RANDOM-NULL,500,25,10,cwdb_dr,tcate_functional_rmse,TCATE-K-grid_mean,10,0.048580635599682814,0.018410885024098926,0.00582203304156366,0.04619338078756512
wcf_sensitivity_v1_sym_null,SYM-RANDOM-NULL,500,25,10,cwdb_dr,tcate_functional_rmse,TCATE-K-grid_sd,10,0.0038565496076394907,0.0014282906185814864,0.00045166515153683096,0.004164024245874852
wcf_sensitivity_v1_sym_null,SYM-RANDOM-NULL,500,25,10,cwdb_dr,tcate_functional_rmse,TCATE-K-grid_skewness,10,0.001748666337120471,0.001168065245365398,0.00036937466310380944,0.001289568868317281
wcf_sensitivity_v1_sym_null,SYM-RANDOM-NULL,500,25,10,cwdb_dr,tcate_functional_rmse,TCATE-K-grid_upper_tail_mean,10,0.049301003375380424,0.019325212513804743,0.006111168781041115,0.0461165025710906
wcf_sensitivity_v1_sym_null,SYM-RANDOM-NULL,500,25,10,drf,arm_energy_risk,LAW-A-M-K,10,0.07758296460647811,0.006089692831847574,0.0019257299599439097,0.07663345629590454
wcf_sensitivity_v1_sym_null,SYM-RANDOM-NULL,500,25,10,drf,barycenter_rmse,MEANQ-A-K,10,0.2691912291697899,0.007663553267208909,0.0024234283294405127,0.2694909115053332
wcf_sensitivity_v1_sym_null,SYM-RANDOM-NULL,500,25,10,drf,diagnostic_effective_support,NONE_OPERATIONAL,10,139.41235439348438,1.4845365796093202,0.469451686140133,139.12786510687053
wcf_sensitivity_v1_sym_null,SYM-RANDOM-NULL,500,25,10,drf,kernel_law_error,LAW-A-COMMON199,10,0.07188535261844615,0.006307901631758378,0.001994733641264918,0.06997084323390747
wcf_sensitivity_v1_sym_null,SYM-RANDOM-NULL,500,25,10,drf,kernel_law_error,LAW-A-INTERIOR,10,0.06155518462279406,0.0062984665199760925,0.001991749996943887,0.05980555901657354
wcf_sensitivity_v1_sym_null,SYM-RANDOM-NULL,500,25,10,drf,kernel_law_error,LAW-A-K,10,0.062323433324842456,0.006280963673915582,0.001986215111035235,0.060564123085939024
wcf_sensitivity_v1_sym_null,SYM-RANDOM-NULL,500,25,10,drf,mean_quantile_rmse,MEANQ-A-COMMON199,10,0.06431424946611855,0.016207033213156734,0.005125113906757249,0.06669055953193606
wcf_sensitivity_v1_sym_null,SYM-RANDOM-NULL,500,25,10,drf,mean_quantile_rmse,MEANQ-A-INTERIOR,10,0.06421980400155565,0.01624065499901028,0.005135746048987212,0.06659326839521999
wcf_sensitivity_v1_sym_null,SYM-RANDOM-NULL,500,25,10,drf,mean_quantile_rmse,MEANQ-A-K,10,0.06431550156535377,0.016206590259008242,0.005124973832356423,0.06669185020401219
wcf_sensitivity_v1_sym_null,SYM-RANDOM-NULL,500,25,10,drf,mode_coverage,LAW-A-K,10,1.0,0.0,0.0,1.0
wcf_sensitivity_v1_sym_null,SYM-RANDOM-NULL,500,25,10,drf,peak_ram,NONE_OPERATIONAL,10,375.41999999999996,3.3680855096033406,1.0650821564555475,375.1
wcf_sensitivity_v1_sym_null,SYM-RANDOM-NULL,500,25,10,drf,process_peak_ram,NONE_OPERATIONAL,10,397.732421875,3.400014226547097,1.0751789032864556,397.41796875
wcf_sensitivity_v1_sym_null,SYM-RANDOM-NULL,500,25,10,drf,reference_effect_rmse,REF-ATE-COMMON199,10,0.013671598469917065,0.00954339449531705,0.0030178863214714987,0.013322180888762322
wcf_sensitivity_v1_sym_null,SYM-RANDOM-NULL,500,25,10,drf,reference_effect_rmse,REF-ATE-K,10,0.013619112706273518,0.009451974788639404,0.0029889768718589123,0.013451723574983036
wcf_sensitivity_v1_sym_null,SYM-RANDOM-NULL,500,25,10,drf,reference_tcate_rmse,REF-TCATE-COMMON199,10,0.02168542038019926,0.0135994561176185,0.004300525627118518,0.018502172160429736
wcf_sensitivity_v1_sym_null,SYM-RANDOM-NULL,500,25,10,drf,reference_tcate_rmse,REF-TCATE-INTERIOR,10,0.02257609629822415,0.014247282429378654,0.004505386294453359,0.01864956819868694
wcf_sensitivity_v1_sym_null,SYM-RANDOM-NULL,500,25,10,drf,reference_tcate_rmse,REF-TCATE-K,10,0.021635269192611047,0.013543876232111075,0.004282949724089033,0.018561061518651126
wcf_sensitivity_v1_sym_null,SYM-RANDOM-NULL,500,25,10,drf,runtime,NONE_OPERATIONAL,10,20.3179,1.6560952367944708,0.5237032970426417,20.259
wcf_sensitivity_v1_sym_null,SYM-RANDOM-NULL,500,25,10,drf,tail_calibration,LAW-A-K,10,0.07058822175648652,0.005831572335961775,0.001844105092166785,0.0703340020536785
wcf_sensitivity_v1_sym_null,SYM-RANDOM-NULL,500,25,10,drf,tate_functional_rmse,TATE-COMMON199-grid_mean,10,0.025710826490069956,0.02027064918586678,0.006410142107757685,0.02176409293156371
wcf_sensitivity_v1_sym_null,SYM-RANDOM-NULL,500,25,10,drf,tate_functional_rmse,TATE-COMMON199-grid_sd,10,0.002879410833229378,0.0017582458469377414,0.0005560061562855051,0.0029242023310084644
wcf_sensitivity_v1_sym_null,SYM-RANDOM-NULL,500,25,10,drf,tate_functional_rmse,TATE-COMMON199-grid_skewness,10,3.586423021347283e-17,2.9802079353772117e-17,9.424244976699884e-18,2.580748550540416e-17
wcf_sensitivity_v1_sym_null,SYM-RANDOM-NULL,500,25,10,drf,tate_functional_rmse,TATE-COMMON199-grid_upper_tail_mean,10,0.02629036923011454,0.019665770723367268,0.0062188627428497656,0.02126994048626398
wcf_sensitivity_v1_sym_null,SYM-RANDOM-NULL,500,25,10,drf,tate_functional_rmse,TATE-K-grid_mean,10,0.02571082649006995,0.020270649185866782,0.006410142107757687,0.021764092931563696
wcf_sensitivity_v1_sym_null,SYM-RANDOM-NULL,500,25,10,drf,tate_functional_rmse,TATE-K-grid_sd,10,0.0028896038548715144,0.0017644699806262012,0.0005579744001771969,0.0029345539131106547
wcf_sensitivity_v1_sym_null,SYM-RANDOM-NULL,500,25,10,drf,tate_functional_rmse,TATE-K-grid_skewness,10,1.4388396673915494e-17,1.0267978345274073e-17,3.247019853635288e-18,1.600405264756422e-17
wcf_sensitivity_v1_sym_null,SYM-RANDOM-NULL,500,25,10,drf,tate_functional_rmse,TATE-K-grid_upper_tail_mean,10,0.026270893531973954,0.019680102392174693,0.006223394814460031,0.021240202112232407
wcf_sensitivity_v1_sym_null,SYM-RANDOM-NULL,500,25,10,drf,tcate_functional_rmse,TCATE-COMMON199-grid_mean,10,0.046782837808281325,0.01606747613323204,0.00508098208314083,0.05036015734953768
wcf_sensitivity_v1_sym_null,SYM-RANDOM-NULL,500,25,10,drf,tcate_functional_rmse,TCATE-COMMON199-grid_sd,10,0.003972407321549504,0.002017025468946374,0.0006378394580439767,0.003877023625520843
wcf_sensitivity_v1_sym_null,SYM-RANDOM-NULL,500,25,10,drf,tcate_functional_rmse,TCATE-COMMON199-grid_skewness,10,5.216156904484179e-17,2.717917810933622e-17,8.594810775689137e-18,5.010369224487345e-17
wcf_sensitivity_v1_sym_null,SYM-RANDOM-NULL,500,25,10,drf,tcate_functional_rmse,TCATE-COMMON199-grid_upper_tail_mean,10,0.04654596857627611,0.016186366259066595,0.0051185784420349515,0.048881150526506115
wcf_sensitivity_v1_sym_null,SYM-RANDOM-NULL,500,25,10,drf,tcate_functional_rmse,TCATE-K-grid_mean,10,0.046782837808281325,0.016067476133232048,0.005080982083140831,0.050360157349537665
wcf_sensitivity_v1_sym_null,SYM-RANDOM-NULL,500,25,10,drf,tcate_functional_rmse,TCATE-K-grid_sd,10,0.003986469515569424,0.002024165674164891,0.0006400973891891302,0.0038907481643278407
wcf_sensitivity_v1_sym_null,SYM-RANDOM-NULL,500,25,10,drf,tcate_functional_rmse,TCATE-K-grid_skewness,10,2.3856005871096486e-17,1.2052456445180352e-17,3.811321376674622e-18,2.080746718732488e-17
wcf_sensitivity_v1_sym_null,SYM-RANDOM-NULL,500,25,10,drf,tcate_functional_rmse,TCATE-K-grid_upper_tail_mean,10,0.046550261343165825,0.016180063938968644,0.005116585473429653,0.048922283411421186
wcf_sensitivity_v1_sym_null,SYM-RANDOM-NULL,1000,25,10,causal_drf,arm_energy_risk,LAW-A-M-K,10,0.07272279347898812,0.004145734853974112,0.001310996471370375,0.07234738082924559
wcf_sensitivity_v1_sym_null,SYM-RANDOM-NULL,1000,25,10,causal_drf,barycenter_rmse,MEANQ-A-K,10,0.26353352065112684,0.006709021121151761,0.0021215787613016028,0.2649037236928893
wcf_sensitivity_v1_sym_null,SYM-RANDOM-NULL,1000,25,10,causal_drf,diagnostic_effective_support,NONE_OPERATIONAL,10,143.8828079561851,2.474512826633645,0.7825096631463685,144.4033500699351
wcf_sensitivity_v1_sym_null,SYM-RANDOM-NULL,1000,25,10,causal_drf,kernel_law_error,LAW-A-COMMON199,10,0.06812403575931103,0.004107602549729195,0.0012989379779859305,0.0672450583690816
wcf_sensitivity_v1_sym_null,SYM-RANDOM-NULL,1000,25,10,causal_drf,kernel_law_error,LAW-A-INTERIOR,10,0.05822558844848027,0.004111471285906471,0.001300161379784579,0.05761762283300009
wcf_sensitivity_v1_sym_null,SYM-RANDOM-NULL,1000,25,10,causal_drf,kernel_law_error,LAW-A-K,10,0.058664698944073224,0.004101832843805982,0.001297113436771259,0.058010863061971604
wcf_sensitivity_v1_sym_null,SYM-RANDOM-NULL,1000,25,10,causal_drf,mean_quantile_rmse,MEANQ-A-COMMON199,10,0.0440623740176649,0.009325262771900225,0.0029489070138779935,0.04344468437653442
wcf_sensitivity_v1_sym_null,SYM-RANDOM-NULL,1000,25,10,causal_drf,mean_quantile_rmse,MEANQ-A-INTERIOR,10,0.04393401840031961,0.009296341589901952,0.0029397613331041132,0.04332080931810604
wcf_sensitivity_v1_sym_null,SYM-RANDOM-NULL,1000,25,10,causal_drf,mean_quantile_rmse,MEANQ-A-K,10,0.0440640751921241,0.009325648448752917,0.002949028975607525,0.04344632636769444
wcf_sensitivity_v1_sym_null,SYM-RANDOM-NULL,1000,25,10,causal_drf,mode_coverage,LAW-A-K,10,1.0,0.0,0.0,1.0
wcf_sensitivity_v1_sym_null,SYM-RANDOM-NULL,1000,25,10,causal_drf,peak_ram,NONE_OPERATIONAL,10,381.80703,1.3474022966434442,0.4260860181935131,382.35355000000004
wcf_sensitivity_v1_sym_null,SYM-RANDOM-NULL,1000,25,10,causal_drf,process_peak_ram,NONE_OPERATIONAL,10,397.948828125,2.9833132894116146,0.9434064968389791,397.953125
wcf_sensitivity_v1_sym_null,SYM-RANDOM-NULL,1000,25,10,causal_drf,reference_effect_rmse,REF-ATE-COMMON199,10,0.011122225672980317,0.010025819655761612,0.0031704425522291976,0.007592095914031176
wcf_sensitivity_v1_sym_null,SYM-RANDOM-NULL,1000,25,10,causal_drf,reference_effect_rmse,REF-ATE-K,10,0.011208446478603157,0.010240742344943952,0.00323840707409566,0.007466847807550914
wcf_sensitivity_v1_sym_null,SYM-RANDOM-NULL,1000,25,10,causal_drf,reference_tcate_rmse,REF-TCATE-COMMON199,10,0.018634566841508955,0.009660452870041601,0.0030549034298042056,0.01643469153213693
wcf_sensitivity_v1_sym_null,SYM-RANDOM-NULL,1000,25,10,causal_drf,reference_tcate_rmse,REF-TCATE-INTERIOR,10,0.019338563949631217,0.010060968011905305,0.0031815574383716816,0.01650782557806735
wcf_sensitivity_v1_sym_null,SYM-RANDOM-NULL,1000,25,10,causal_drf,reference_tcate_rmse,REF-TCATE-K,10,0.01872444641094568,0.009813153375979065,0.003103191569666451,0.016381687784237757
wcf_sensitivity_v1_sym_null,SYM-RANDOM-NULL,1000,25,10,causal_drf,runtime,NONE_OPERATIONAL,10,40.5816,3.52062387779338,1.1133190238601374,42.563500000000005
wcf_sensitivity_v1_sym_null,SYM-RANDOM-NULL,1000,25,10,causal_drf,tail_calibration,LAW-A-K,10,0.06634924893695968,0.0063125406416125575,0.001996200624987636,0.06658229552042802
wcf_sensitivity_v1_sym_null,SYM-RANDOM-NULL,1000,25,10,causal_drf,tate_functional_rmse,TATE-COMMON199-grid_mean,10,0.019254278326158426,0.017029627313573572,0.005385241001470696,0.015055945616586096
wcf_sensitivity_v1_sym_null,SYM-RANDOM-NULL,1000,25,10,causal_drf,tate_functional_rmse,TATE-COMMON199-grid_sd,10,0.0019419867853470059,0.002077111969945003,0.0006568404780225417,0.0014043938650247574
wcf_sensitivity_v1_sym_null,SYM-RANDOM-NULL,1000,25,10,causal_drf,tate_functional_rmse,TATE-COMMON199-grid_skewness,10,2.5880275591036035e-17,2.897455866092872e-17,9.162559956669311e-18,1.8031435953908403e-17
wcf_sensitivity_v1_sym_null,SYM-RANDOM-NULL,1000,25,10,causal_drf,tate_functional_rmse,TATE-COMMON199-grid_upper_tail_mean,10,0.0184249171885163,0.01573044944799366,0.004974404887379836,0.015134759963753611
wcf_sensitivity_v1_sym_null,SYM-RANDOM-NULL,1000,25,10,causal_drf,tate_functional_rmse,TATE-K-grid_mean,10,0.019254278326158416,0.01702962731357357,0.005385241001470694,0.015055945616586092
wcf_sensitivity_v1_sym_null,SYM-RANDOM-NULL,1000,25,10,causal_drf,tate_functional_rmse,TATE-K-grid_sd,10,0.0019488613560415824,0.002084464879442492,0.0006591656721666567,0.0014093653740900945
wcf_sensitivity_v1_sym_null,SYM-RANDOM-NULL,1000,25,10,causal_drf,tate_functional_rmse,TATE-K-grid_skewness,10,8.203538792276384e-18,5.0855528004252175e-18,1.6081930010391405e-18,6.825865255189106e-18
wcf_sensitivity_v1_sym_null,SYM-RANDOM-NULL,1000,25,10,causal_drf,tate_functional_rmse,TATE-K-grid_upper_tail_mean,10,0.018452788104757978,0.01577093545082049,0.004987207685608715,0.015090847766583955
wcf_sensitivity_v1_sym_null,SYM-RANDOM-NULL,1000,25,10,causal_drf,tcate_functional_rmse,TCATE-COMMON199-grid_mean,10,0.025853333716110743,0.01381348701398719,0.00436820813933577,0.024456547943487818
wcf_sensitivity_v1_sym_null,SYM-RANDOM-NULL,1000,25,10,causal_drf,tcate_functional_rmse,TCATE-COMMON199-grid_sd,10,0.002749989050376085,0.0019297795669341183,0.0006102498813565172,0.002691310390877699
wcf_sensitivity_v1_sym_null,SYM-RANDOM-NULL,1000,25,10,causal_drf,tcate_functional_rmse,TCATE-COMMON199-grid_skewness,10,3.723039236186714e-17,2.4534591500256225e-17,7.758519060261726e-18,3.068377144973754e-17
wcf_sensitivity_v1_sym_null,SYM-RANDOM-NULL,1000,25,10,causal_drf,tcate_functional_rmse,TCATE-COMMON199-grid_upper_tail_mean,10,0.025273617187524695,0.012537036812462128,0.003964559143675757,0.02508972339227264
wcf_sensitivity_v1_sym_null,SYM-RANDOM-NULL,1000,25,10,causal_drf,tcate_functional_rmse,TCATE-K-grid_mean,10,0.02585333371611074,0.01381348701398719,0.00436820813933577,0.024456547943487818
wcf_sensitivity_v1_sym_null,SYM-RANDOM-NULL,1000,25,10,causal_drf,tcate_functional_rmse,TCATE-K-grid_sd,10,0.002759723923073878,0.0019366109244685562,0.0006124101462884947,0.0027008375430101345
wcf_sensitivity_v1_sym_null,SYM-RANDOM-NULL,1000,25,10,causal_drf,tcate_functional_rmse,TCATE-K-grid_skewness,10,1.3316221340388286e-17,5.226016115816269e-18,1.6526114014725713e-18,1.274207731860647e-17
wcf_sensitivity_v1_sym_null,SYM-RANDOM-NULL,1000,25,10,causal_drf,tcate_functional_rmse,TCATE-K-grid_upper_tail_mean,10,0.025291399034198643,0.012576127663867698,0.003976920756287436,0.025064552941320144
wcf_sensitivity_v1_sym_null,SYM-RANDOM-NULL,1000,25,10,cwdb_dr,arm_energy_risk,LAW-A-M-K,10,0.046904601190420156,0.003771731904139308,0.0011927263540604076,0.04663400473477221
wcf_sensitivity_v1_sym_null,SYM-RANDOM-NULL,1000,25,10,cwdb_dr,barycenter_rmse,MEANQ-A-K,10,0.15233866517738448,0.0072204516558859975,0.002283307296773407,0.15412145979291292
wcf_sensitivity_v1_sym_null,SYM-RANDOM-NULL,1000,25,10,cwdb_dr,diagnostic_dense_dr_n_levels,NONE_OPERATIONAL,10,199.0,0.0,0.0,199.0
wcf_sensitivity_v1_sym_null,SYM-RANDOM-NULL,1000,25,10,cwdb_dr,diagnostic_dr_if_se_reference,NONE_OPERATIONAL,10,0.015186414362417047,0.00039609015006818334,0.0001252547032973357,0.015397769176247498
wcf_sensitivity_v1_sym_null,SYM-RANDOM-NULL,1000,25,10,cwdb_dr,diagnostic_effective_support,NONE_OPERATIONAL,10,9.999999999999998,0.0,0.0,9.999999999999998
wcf_sensitivity_v1_sym_null,SYM-RANDOM-NULL,1000,25,10,cwdb_dr,diagnostic_ehat_mean,NONE_OPERATIONAL,10,0.5023808502127254,0.028068360142024865,0.008875994823468578,0.49725226427895775
wcf_sensitivity_v1_sym_null,SYM-RANDOM-NULL,1000,25,10,cwdb_dr,diagnostic_n_boosting_steps,NONE_OPERATIONAL,10,100.0,0.0,0.0,100.0
wcf_sensitivity_v1_sym_null,SYM-RANDOM-NULL,1000,25,10,cwdb_dr,diagnostic_selected_contrast_shrinkage,NONE_OPERATIONAL,10,80.0,149.44341180973262,47.25815626252608,50.0
wcf_sensitivity_v1_sym_null,SYM-RANDOM-NULL,1000,25,10,cwdb_dr,diagnostic_train_risk,NONE_OPERATIONAL,10,0.0550495307521411,0.0050264762541274485,0.0015895113567794066,0.05433708998503953
wcf_sensitivity_v1_sym_null,SYM-RANDOM-NULL,1000,25,10,cwdb_dr,kernel_law_error,LAW-A-COMMON199,10,0.03190969125249658,0.0028484034261175256,0.0009007442521558524,0.03147053155400021
wcf_sensitivity_v1_sym_null,SYM-RANDOM-NULL,1000,25,10,cwdb_dr,kernel_law_error,LAW-A-INTERIOR,10,0.021382806898027913,0.00280572705556322,0.0008872487988337575,0.020829054928635588
wcf_sensitivity_v1_sym_null,SYM-RANDOM-NULL,1000,25,10,cwdb_dr,kernel_law_error,LAW-A-K,10,0.02159123362100148,0.002857397574927053,0.0009035884517411122,0.021015420114384085
wcf_sensitivity_v1_sym_null,SYM-RANDOM-NULL,1000,25,10,cwdb_dr,mean_quantile_rmse,MEANQ-A-COMMON199,10,0.060291285505183236,0.03939708123995348,0.012458450988094364,0.044889349445404625
wcf_sensitivity_v1_sym_null,SYM-RANDOM-NULL,1000,25,10,cwdb_dr,mean_quantile_rmse,MEANQ-A-INTERIOR,10,0.059600125909176405,0.03874116485230013,0.01225103201413291,0.04459485957454999
wcf_sensitivity_v1_sym_null,SYM-RANDOM-NULL,1000,25,10,cwdb_dr,mean_quantile_rmse,MEANQ-A-K,10,0.060325280249488675,0.03943670665091616,0.012470981643280593,0.044898098545250155
wcf_sensitivity_v1_sym_null,SYM-RANDOM-NULL,1000,25,10,cwdb_dr,mode_coverage,LAW-A-K,10,1.0,0.0,0.0,1.0
wcf_sensitivity_v1_sym_null,SYM-RANDOM-NULL,1000,25,10,cwdb_dr,peak_ram,NONE_OPERATIONAL,10,0.0,0.0,0.0,0.0
wcf_sensitivity_v1_sym_null,SYM-RANDOM-NULL,1000,25,10,cwdb_dr,process_peak_ram,NONE_OPERATIONAL,10,397.450390625,3.430677044390823,1.0848753376729583,397.953125
wcf_sensitivity_v1_sym_null,SYM-RANDOM-NULL,1000,25,10,cwdb_dr,reference_effect_rmse,REF-ATE-COMMON199,10,0.012221398969823792,0.00911202836168621,0.0028814763726980976,0.010255013038216885
wcf_sensitivity_v1_sym_null,SYM-RANDOM-NULL,1000,25,10,cwdb_dr,reference_effect_rmse,REF-ATE-K,10,0.012337402291109825,0.009429318786437404,0.0029818124148957015,0.008506799477544782
wcf_sensitivity_v1_sym_null,SYM-RANDOM-NULL,1000,25,10,cwdb_dr,reference_tcate_rmse,REF-TCATE-COMMON199,10,0.03154214294979013,0.008861474689731181,0.0028022443447484435,0.030795724719675205
wcf_sensitivity_v1_sym_null,SYM-RANDOM-NULL,1000,25,10,cwdb_dr,reference_tcate_rmse,REF-TCATE-INTERIOR,10,0.032619389496154255,0.009017424143104405,0.0028515598920002046,0.03174595854237674
wcf_sensitivity_v1_sym_null,SYM-RANDOM-NULL,1000,25,10,cwdb_dr,reference_tcate_rmse,REF-TCATE-K,10,0.031720387889645596,0.008979143971178731,0.0028394546387494088,0.030986844433292512
wcf_sensitivity_v1_sym_null,SYM-RANDOM-NULL,1000,25,10,cwdb_dr,runtime,NONE_OPERATIONAL,10,458.34574411830033,32.86977133979321,10.394334360267091,476.71801112999674
wcf_sensitivity_v1_sym_null,SYM-RANDOM-NULL,1000,25,10,cwdb_dr,tail_calibration,LAW-A-K,10,0.04764000849810254,0.008344736608895748,0.002638837415830026,0.04655949245652384
wcf_sensitivity_v1_sym_null,SYM-RANDOM-NULL,1000,25,10,cwdb_dr,tate_functional_rmse,TATE-COMMON199-grid_mean,10,0.012558214067787118,0.013740592152303355,0.0043451567600713845,0.00600037141230508
wcf_sensitivity_v1_sym_null,SYM-RANDOM-NULL,1000,25,10,cwdb_dr,tate_functional_rmse,TATE-COMMON199-grid_sd,10,0.0013224995213403097,0.0007524417087266628,0.00023794296060852485,0.0011980394873567124
wcf_sensitivity_v1_sym_null,SYM-RANDOM-NULL,1000,25,10,cwdb_dr,tate_functional_rmse,TATE-COMMON199-grid_skewness,10,0.00015192700155063375,0.00014790491445778288,4.677164068189619e-05,0.0001249124960226021
wcf_sensitivity_v1_sym_null,SYM-RANDOM-NULL,1000,25,10,cwdb_dr,tate_functional_rmse,TATE-COMMON199-grid_upper_tail_mean,10,0.012060458796001292,0.013981532186216299,0.004421348688739696,0.0051681279318855555
wcf_sensitivity_v1_sym_null,SYM-RANDOM-NULL,1000,25,10,cwdb_dr,tate_functional_rmse,TATE-K-grid_mean,10,0.012985117157623446,0.013680931444932678,0.004326290387860571,0.00790071074010142
wcf_sensitivity_v1_sym_null,SYM-RANDOM-NULL,1000,25,10,cwdb_dr,tate_functional_rmse,TATE-K-grid_sd,10,0.0013611773804707255,0.0007850716542607549,0.00024826145539002186,0.0011814953515627148
wcf_sensitivity_v1_sym_null,SYM-RANDOM-NULL,1000,25,10,cwdb_dr,tate_functional_rmse,TATE-K-grid_skewness,10,0.00016039776681067464,0.0001727188588917728,5.461849889632277e-05,0.000115793496798388
wcf_sensitivity_v1_sym_null,SYM-RANDOM-NULL,1000,25,10,cwdb_dr,tate_functional_rmse,TATE-K-grid_upper_tail_mean,10,0.012461054184525883,0.01387583473226322,0.004387924219002447,0.006274755238218735
wcf_sensitivity_v1_sym_null,SYM-RANDOM-NULL,1000,25,10,cwdb_dr,tcate_functional_rmse,TCATE-COMMON199-grid_mean,10,0.03938752540968342,0.012993388333964108,0.004108870165838713,0.03815252173599655
wcf_sensitivity_v1_sym_null,SYM-RANDOM-NULL,1000,25,10,cwdb_dr,tcate_functional_rmse,TCATE-COMMON199-grid_sd,10,0.002584286471858296,0.0010750413815799646,0.0003399579344726872,0.0023636648231138693
wcf_sensitivity_v1_sym_null,SYM-RANDOM-NULL,1000,25,10,cwdb_dr,tcate_functional_rmse,TCATE-COMMON199-grid_skewness,10,0.0005221599113044472,0.00030419194528374504,9.619393929739489e-05,0.00038049657994285364
wcf_sensitivity_v1_sym_null,SYM-RANDOM-NULL,1000,25,10,cwdb_dr,tcate_functional_rmse,TCATE-COMMON199-grid_upper_tail_mean,10,0.03922154622617478,0.012762416113086312,0.00403583033641858,0.03790284582447047
wcf_sensitivity_v1_sym_null,SYM-RANDOM-NULL,1000,25,10,cwdb_dr,tcate_functional_rmse,TCATE-K-grid_mean,10,0.03938752395633393,0.012993387758274114,0.004108869983789553,0.03815252141550997
wcf_sensitivity_v1_sym_null,SYM-RANDOM-NULL,1000,25,10,cwdb_dr,tcate_functional_rmse,TCATE-K-grid_sd,10,0.002593867935918356,0.001081049566041796,0.00034185788922286926,0.0023727421027278225
wcf_sensitivity_v1_sym_null,SYM-RANDOM-NULL,1000,25,10,cwdb_dr,tcate_functional_rmse,TCATE-K-grid_skewness,10,0.0005543545976586571,0.0003207133017914518,0.00010141845095739474,0.00041297197208015567
wcf_sensitivity_v1_sym_null,SYM-RANDOM-NULL,1000,25,10,cwdb_dr,tcate_functional_rmse,TCATE-K-grid_upper_tail_mean,10,0.03922718543593939,0.01277057945320115,0.0040384118112263305,0.03791112093538039
wcf_sensitivity_v1_sym_null,SYM-RANDOM-NULL,1000,25,10,drf,arm_energy_risk,LAW-A-M-K,10,0.060520096664546594,0.0037613577483065572,0.0011894457579371062,0.06062744693049445
wcf_sensitivity_v1_sym_null,SYM-RANDOM-NULL,1000,25,10,drf,barycenter_rmse,MEANQ-A-K,10,0.22729529773620816,0.004284952363853257,0.0013550209135098845,0.22802916610512358
wcf_sensitivity_v1_sym_null,SYM-RANDOM-NULL,1000,25,10,drf,diagnostic_effective_support,NONE_OPERATIONAL,10,193.48984263904953,2.086042396650802,0.6596645269092936,193.59148312666383
wcf_sensitivity_v1_sym_null,SYM-RANDOM-NULL,1000,25,10,drf,kernel_law_error,LAW-A-COMMON199,10,0.05601099862723269,0.003883304534535994,0.001228008717719374,0.05593528621622801
wcf_sensitivity_v1_sym_null,SYM-RANDOM-NULL,1000,25,10,drf,kernel_law_error,LAW-A-INTERIOR,10,0.04559460259385977,0.0038388376942558077,0.0012139470681557431,0.04568825604325087
wcf_sensitivity_v1_sym_null,SYM-RANDOM-NULL,1000,25,10,drf,kernel_law_error,LAW-A-K,10,0.046276006586691884,0.00381790744000769,0.0012073283406126964,0.04634952588699881
wcf_sensitivity_v1_sym_null,SYM-RANDOM-NULL,1000,25,10,drf,mean_quantile_rmse,MEANQ-A-COMMON199,10,0.06061610734890025,0.010230784457085968,0.0032352581134640836,0.05896937894239787
wcf_sensitivity_v1_sym_null,SYM-RANDOM-NULL,1000,25,10,drf,mean_quantile_rmse,MEANQ-A-INTERIOR,10,0.06053104961418356,0.010235420509839978,0.00323672416206962,0.0588858054959369
wcf_sensitivity_v1_sym_null,SYM-RANDOM-NULL,1000,25,10,drf,mean_quantile_rmse,MEANQ-A-K,10,0.060617235561093705,0.010230724629703881,0.0032352391943846997,0.058970487718369866
wcf_sensitivity_v1_sym_null,SYM-RANDOM-NULL,1000,25,10,drf,mode_coverage,LAW-A-K,10,1.0,0.0,0.0,1.0
wcf_sensitivity_v1_sym_null,SYM-RANDOM-NULL,1000,25,10,drf,peak_ram,NONE_OPERATIONAL,10,496.78000000000003,25.033124721722867,7.916169107171299,485.95
wcf_sensitivity_v1_sym_null,SYM-RANDOM-NULL,1000,25,10,drf,process_peak_ram,NONE_OPERATIONAL,10,397.964453125,2.9848245882357793,0.9438844114899286,397.953125
wcf_sensitivity_v1_sym_null,SYM-RANDOM-NULL,1000,25,10,drf,reference_effect_rmse,REF-ATE-COMMON199,10,0.01194040187057201,0.010285948416678166,0.0032527024891705674,0.010304403875468836
wcf_sensitivity_v1_sym_null,SYM-RANDOM-NULL,1000,25,10,drf,reference_effect_rmse,REF-ATE-K,10,0.01201572905526391,0.01051565879251616,0.0033253432881527045,0.010307978184214701
wcf_sensitivity_v1_sym_null,SYM-RANDOM-NULL,1000,25,10,drf,reference_tcate_rmse,REF-TCATE-COMMON199,10,0.022737626373334586,0.009945941519325187,0.0031451828675903184,0.01996557368780631
wcf_sensitivity_v1_sym_null,SYM-RANDOM-NULL,1000,25,10,drf,reference_tcate_rmse,REF-TCATE-INTERIOR,10,0.023779898058134054,0.010273900654953157,0.0032488926523947647,0.020564185564188535
wcf_sensitivity_v1_sym_null,SYM-RANDOM-NULL,1000,25,10,drf,reference_tcate_rmse,REF-TCATE-K,10,0.022823760771805365,0.010114353787008716,0.003198439502769711,0.02006274780321752
wcf_sensitivity_v1_sym_null,SYM-RANDOM-NULL,1000,25,10,drf,runtime,NONE_OPERATIONAL,10,33.3021,3.9695840658128856,1.2552927011480453,35.437
wcf_sensitivity_v1_sym_null,SYM-RANDOM-NULL,1000,25,10,drf,tail_calibration,LAW-A-K,10,0.06388227620883709,0.0070569026310779515,0.002231588554024126,0.06370668721863927
wcf_sensitivity_v1_sym_null,SYM-RANDOM-NULL,1000,25,10,drf,tate_functional_rmse,TATE-COMMON199-grid_mean,10,0.015273884981385216,0.015099634930953553,0.004774923821885253,0.011353756322822232
wcf_sensitivity_v1_sym_null,SYM-RANDOM-NULL,1000,25,10,drf,tate_functional_rmse,TATE-COMMON199-grid_sd,10,0.0018448438924311993,0.001830936766611524,0.0005789930434236548,0.0014316960412746557
wcf_sensitivity_v1_sym_null,SYM-RANDOM-NULL,1000,25,10,drf,tate_functional_rmse,TATE-COMMON199-grid_skewness,10,2.780942513787756e-17,2.983117072681035e-17,9.433444476606128e-18,2.1620195135166524e-17
wcf_sensitivity_v1_sym_null,SYM-RANDOM-NULL,1000,25,10,drf,tate_functional_rmse,TATE-COMMON199-grid_upper_tail_mean,10,0.014223056926390388,0.013889226990561644,0.004392159222926077,0.010286808929407707
wcf_sensitivity_v1_sym_null,SYM-RANDOM-NULL,1000,25,10,drf,tate_functional_rmse,TATE-K-grid_mean,10,0.015273884981385207,0.015099634930953548,0.004774923821885251,0.011353756322822237
wcf_sensitivity_v1_sym_null,SYM-RANDOM-NULL,1000,25,10,drf,tate_functional_rmse,TATE-K-grid_sd,10,0.0018513745804125306,0.0018374182238152569,0.0005810426601557249,0.0014367641991648793
wcf_sensitivity_v1_sym_null,SYM-RANDOM-NULL,1000,25,10,drf,tate_functional_rmse,TATE-K-grid_skewness,10,7.003712592139701e-18,4.750398326163446e-18,1.5022078503727927e-18,5.61517196453671e-18
wcf_sensitivity_v1_sym_null,SYM-RANDOM-NULL,1000,25,10,drf,tate_functional_rmse,TATE-K-grid_upper_tail_mean,10,0.014258370301198867,0.013927629403900077,0.004404303132305745,0.010322663999155329
wcf_sensitivity_v1_sym_null,SYM-RANDOM-NULL,1000,25,10,drf,tcate_functional_rmse,TCATE-COMMON199-grid_mean,10,0.032536326982016084,0.01336667616444749,0.004226914142553745,0.030715006764787986
wcf_sensitivity_v1_sym_null,SYM-RANDOM-NULL,1000,25,10,drf,tcate_functional_rmse,TCATE-COMMON199-grid_sd,10,0.003074999232625559,0.0015498084743301827,0.0004900924715913976,0.0031107974935790103
wcf_sensitivity_v1_sym_null,SYM-RANDOM-NULL,1000,25,10,drf,tcate_functional_rmse,TCATE-COMMON199-grid_skewness,10,4.0658224990557794e-17,2.877875744062798e-17,9.100642174190238e-18,3.705845514449183e-17
wcf_sensitivity_v1_sym_null,SYM-RANDOM-NULL,1000,25,10,drf,tcate_functional_rmse,TCATE-COMMON199-grid_upper_tail_mean,10,0.032325400973467415,0.012518928247412898,0.003958832712604468,0.03089062634503732
wcf_sensitivity_v1_sym_null,SYM-RANDOM-NULL,1000,25,10,drf,tcate_functional_rmse,TCATE-K-grid_mean,10,0.03253632698201608,0.013366676164447488,0.004226914142553745,0.03071500676478798
wcf_sensitivity_v1_sym_null,SYM-RANDOM-NULL,1000,25,10,drf,tcate_functional_rmse,TCATE-K-grid_sd,10,0.003085884630904267,0.0015552947464306083,0.0004918273831614757,0.003121809616548908
wcf_sensitivity_v1_sym_null,SYM-RANDOM-NULL,1000,25,10,drf,tcate_functional_rmse,TCATE-K-grid_skewness,10,1.3619040537955113e-17,4.3730297473534374e-18,1.3828734277307546e-18,1.398608115776686e-17
wcf_sensitivity_v1_sym_null,SYM-RANDOM-NULL,1000,25,10,drf,tcate_functional_rmse,TCATE-K-grid_upper_tail_mean,10,0.032329779000194014,0.012545299711625657,0.0039671721018190624,0.030883322826711534
